thread_id,pre_px,pre_py,post_px,post_py,pre_p_mag,post_p_mag,pre_mass,post_mass,pre_s_sum,post_s_sum,pre_s_mean,post_s_mean,chi,duration,theta,stability_bin,pre_E_total,post_E_total
2,-54.775031,0.000000,0.000000,0.000000,54.775031,0.000000,65.160000,0.000000,21.448692,0.000000,10.724346,0.000000,0.250000,36.000000,0.000000,10.000000,0.525389,0.000000
2,-297.382716,0.000000,-1440.000000,0.000000,297.382716,1440.000000,29.738272,144.000000,37.190790,10.480066,18.595395,5.240033,0.200000,17.000000,0.000000,15.000000,0.780672,0.000000
2,-48.422880,0.000000,-2764.800000,0.000000,52.989257,2764.800000,173.160000,276.480000,23.984234,19.305463,11.992117,9.652731,0.142857,36.000000,0.000000,10.000000,0.577302,0.000000
2,-2257.600000,0.000000,-4204.800000,0.000000,2257.600000,4204.800000,225.760000,420.480000,31.662033,29.785529,15.831016,14.892764,0.200000,17.000000,0.000000,15.000000,0.896197,1.126537
2,63.351953,0.000000,0.000000,0.000000,63.351953,0.000000,1600.000000,0.000000,3.950000,0.000000,1.975000,0.000000,1.000000,96.000000,0.000000,0.000000,2.076093,0.000000
2,-54.976382,0.000000,0.000000,0.000000,54.976382,0.000000,65.160000,0.000000,21.448692,0.000000,10.724346,0.000000,0.250000,36.000000,0.000000,10.000000,0.525389,0.000000
2,-34.299199,0.000000,-2764.800000,0.000000,66.710237,2764.800000,173.160000,276.480000,23.984234,19.305463,11.992117,9.652731,0.142857,36.000000,0.000000,10.000000,0.577302,0.000000
2,-297.382716,0.000000,-1440.000000,0.000000,297.382716,1440.000000,29.738272,144.000000,37.190790,10.480066,18.595395,5.240033,0.200000,17.000000,0.000000,15.000000,0.780672,0.000000
2,-34.500549,0.000000,-2764.800000,0.000000,66.911587,2764.800000,173.160000,276.480000,23.984234,19.305463,11.992117,9.652731,0.142857,36.000000,0.000000,10.000000,0.577302,0.000000
2,-51.703130,0.000000,-2764.800000,0.000000,56.269506,2764.800000,173.160000,276.480000,23.984234,19.305463,11.992117,9.652731,0.142857,36.000000,0.000000,10.000000,0.577302,0.000000
2,15.056597,0.000000,0.000000,0.000000,27.853803,0.000000,580.666667,0.000000,9.918224,0.000000,4.959112,0.000000,1.000000,46.000000,0.000000,0.000000,0.882994,0.000000
2,10.355061,0.000000,-1155.200000,0.000000,59.423109,1155.200000,1044.500000,115.520000,20.722766,15.301556,10.361383,7.650778,0.250000,37.000000,0.000000,10.000000,2.803663,0.000000
2,-60.645820,0.000000,-2764.800000,0.000000,60.645820,2764.800000,173.160000,276.480000,23.984234,19.305463,11.992117,9.652731,0.142857,36.000000,0.000000,10.000000,0.577302,0.000000
2,-297.382716,0.000000,-1440.000000,0.000000,297.382716,1440.000000,29.738272,144.000000,37.190790,10.480066,18.595395,5.240033,0.200000,17.000000,0.000000,15.000000,0.780672,0.000000
2,-2257.600000,0.000000,-4204.800000,0.000000,2257.600000,4204.800000,225.760000,420.480000,31.662033,29.785529,15.831016,14.892764,0.200000,17.000000,0.000000,15.000000,0.896197,1.126537
2,-57.365570,0.000000,-2764.800000,0.000000,57.365570,2764.800000,173.160000,276.480000,23.984234,19.305463,11.992117,9.652731,0.142857,36.000000,0.000000,10.000000,0.577302,0.000000
2,11.935206,0.000000,-2764.800000,0.000000,20.475832,2764.800000,180.000000,276.480000,21.203397,19.305463,10.601699,9.652731,0.250000,36.000000,0.000000,10.000000,0.425270,0.000000
2,18.130448,0.000000,0.000000,0.000000,30.927654,0.000000,580.666667,0.000000,9.918224,0.000000,4.959112,0.000000,1.000000,46.000000,0.000000,0.000000,0.882994,0.000000
2,-1.987125,0.000000,-2764.800000,0.000000,6.553502,2764.800000,180.000000,276.480000,21.203397,19.305463,10.601699,9.652731,0.250000,36.000000,0.000000,10.000000,0.425270,0.000000
2,0.206337,0.000000,-1155.200000,0.000000,49.274384,1155.200000,1044.500000,115.520000,20.722766,15.301556,10.361383,7.650778,0.250000,37.000000,0.000000,10.000000,2.803663,0.000000
2,-48.221529,0.000000,-2764.800000,0.000000,52.787906,2764.800000,173.160000,276.480000,23.984234,19.305463,11.992117,9.652731,0.142857,36.000000,0.000000,10.000000,0.577302,0.000000
2,-288.000000,0.000000,-1440.000000,0.000000,288.000000,1440.000000,28.800000,144.000000,29.569940,10.480066,14.784970,5.240033,0.250000,17.000000,0.000000,10.000000,0.626168,0.000000
2,3.752715,0.000000,-1155.200000,0.000000,52.820762,1155.200000,1044.500000,115.520000,20.722766,15.301556,10.361383,7.650778,0.250000,37.000000,0.000000,10.000000,2.803663,0.000000
2,-58.256632,0.000000,0.000000,0.000000,58.256632,0.000000,65.160000,0.000000,21.448692,0.000000,10.724346,0.000000,0.250000,36.000000,0.000000,10.000000,0.525389,0.000000
2,-37.780799,0.000000,-2764.800000,0.000000,70.191837,2764.800000,173.160000,276.480000,23.984234,19.305463,11.992117,9.652731,0.142857,36.000000,0.000000,10.000000,0.577302,0.000000
2,-10.929815,0.000000,-2764.800000,0.000000,10.929815,2764.800000,180.000000,276.480000,21.203397,19.305463,10.601699,9.652731,0.250000,36.000000,0.000000,10.000000,0.425270,0.000000
2,-57.164219,0.000000,-2764.800000,0.000000,57.164219,2764.800000,173.160000,276.480000,23.984234,19.305463,11.992117,9.652731,0.142857,36.000000,0.000000,10.000000,0.577302,0.000000
2,-2257.600000,0.000000,-4204.800000,0.000000,2257.600000,4204.800000,225.760000,420.480000,31.662033,29.785529,15.831016,14.892764,0.200000,17.000000,0.000000,15.000000,0.896197,1.126537
2,-1157.455556,0.000000,-880.505051,0.000000,1157.455556,880.505051,115.745556,88.050505,38.604807,50.859219,19.302403,25.429609,0.222222,22.000000,0.000000,15.000000,0.871098,1.132637
2,-2093.086420,0.000000,-880.505051,0.000000,2093.086420,880.505051,209.308642,88.050505,43.691530,50.859219,21.845765,25.429609,0.250000,79.000000,0.000000,20.000000,0.927930,1.132637
2,-2093.086420,0.000000,-880.505051,0.000000,2093.086420,880.505051,209.308642,88.050505,43.691530,50.859219,21.845765,25.429609,0.250000,79.000000,0.000000,20.000000,0.927930,1.132637
2,-2093.086420,0.000000,-880.505051,0.000000,2093.086420,880.505051,209.308642,88.050505,43.691530,50.859219,21.845765,25.429609,0.250000,79.000000,0.000000,20.000000,0.927930,1.132637
2,-7.452534,0.000000,0.000000,0.000000,227.037623,0.000000,2400.000000,0.000000,16.893506,0.000000,8.446753,0.000000,1.000000,186.000000,0.000000,5.000000,13.549327,0.000000
2,0.657035,0.000000,0.000000,0.000000,235.147193,0.000000,2400.000000,0.000000,16.893506,0.000000,8.446753,0.000000,1.000000,186.000000,0.000000,5.000000,13.549327,0.000000
2,-2880.000000,0.000000,0.000000,0.000000,2880.000000,0.000000,288.000000,0.000000,56.859292,0.000000,28.429646,0.000000,1.000000,72.000000,0.000000,25.000000,1.706688,0.000000
2,-4008.888889,0.000000,-2250.000000,0.000000,4008.888889,2250.000000,400.888889,225.000000,45.601944,20.649216,22.800972,10.324608,0.250000,72.000000,0.000000,20.000000,1.985964,0.000000
2,-371.522519,0.000000,-2250.000000,0.000000,371.522519,2250.000000,188.000000,225.000000,35.150111,20.649216,17.575055,10.324608,0.250000,88.000000,0.000000,15.000000,0.890138,0.000000
2,-368.486697,0.000000,-2250.000000,0.000000,368.486697,2250.000000,188.000000,225.000000,35.150111,20.649216,17.575055,10.324608,0.250000,88.000000,0.000000,15.000000,0.890138,0.000000
2,-2880.000000,0.000000,0.000000,0.000000,2880.000000,0.000000,288.000000,0.000000,56.859292,0.000000,28.429646,0.000000,1.000000,72.000000,0.000000,25.000000,1.706688,0.000000
2,-508.177778,0.000000,-290.400000,0.000000,508.177778,290.400000,50.817778,29.040000,59.659340,33.688852,29.829670,16.844426,0.250000,66.000000,0.000000,25.000000,1.228227,0.000000
2,-2880.000000,0.000000,0.000000,0.000000,2880.000000,0.000000,288.000000,0.000000,56.859292,0.000000,28.429646,0.000000,1.000000,72.000000,0.000000,25.000000,1.706688,0.000000
2,-4008.888889,0.000000,-2250.000000,0.000000,4008.888889,2250.000000,400.888889,225.000000,45.601944,20.649216,22.800972,10.324608,0.250000,72.000000,0.000000,20.000000,1.985964,0.000000
2,-4008.888889,0.000000,-2250.000000,0.000000,4008.888889,2250.000000,400.888889,225.000000,45.601944,20.649216,22.800972,10.324608,0.250000,72.000000,0.000000,20.000000,1.985964,0.000000
2,-508.177778,0.000000,-290.400000,0.000000,508.177778,290.400000,50.817778,29.040000,59.659340,33.688852,29.829670,16.844426,0.250000,66.000000,0.000000,25.000000,1.228227,0.000000
2,-508.177778,0.000000,-290.400000,0.000000,508.177778,290.400000,50.817778,29.040000,59.659340,33.688852,29.829670,16.844426,0.250000,66.000000,0.000000,25.000000,1.228227,0.000000
2,66.840589,0.000000,0.000000,0.000000,66.840589,0.000000,1600.000000,0.000000,7.704969,0.000000,3.852484,0.000000,1.000000,195.000000,0.000000,0.000000,2.136470,0.000000
2,-508.177778,0.000000,-290.400000,0.000000,508.177778,290.400000,50.817778,29.040000,59.659340,33.688852,29.829670,16.844426,0.250000,66.000000,0.000000,25.000000,1.228227,0.000000
2,-4008.888889,0.000000,-2250.000000,0.000000,4008.888889,2250.000000,400.888889,225.000000,45.601944,20.649216,22.800972,10.324608,0.250000,72.000000,0.000000,20.000000,1.985964,0.000000
2,-4008.888889,0.000000,-2250.000000,0.000000,4008.888889,2250.000000,400.888889,225.000000,45.601944,20.649216,22.800972,10.324608,0.250000,72.000000,0.000000,20.000000,1.985964,0.000000
2,-4008.888889,0.000000,-2250.000000,0.000000,4008.888889,2250.000000,400.888889,225.000000,45.601944,20.649216,22.800972,10.324608,0.250000,72.000000,0.000000,20.000000,1.985964,0.000000
2,-5672.000000,0.000000,-460.663265,0.000000,5672.000000,460.663265,567.200000,46.066327,56.669285,65.579545,28.334643,32.789773,0.200000,58.000000,0.000000,25.000000,1.905012,1.380522
2,-5672.000000,0.000000,-460.663265,0.000000,5672.000000,460.663265,567.200000,46.066327,56.669285,65.579545,28.334643,32.789773,0.200000,58.000000,0.000000,25.000000,1.905012,1.380522
2,-18227.555556,0.000000,-460.663265,0.000000,18227.555556,460.663265,1822.755556,46.066327,59.768436,65.579545,29.884218,32.789773,0.200000,29.000000,0.000000,25.000000,3.442545,1.380522
2,-359.649534,0.000000,-1760.103806,0.000000,377.857391,1760.103806,180.875346,176.010381,40.763053,48.386164,20.381526,24.193082,0.250000,72.000000,0.000000,20.000000,1.038127,1.189506
2,-977.986420,0.000000,-556.875000,0.000000,977.986420,556.875000,97.798642,55.687500,33.130376,31.820753,16.565188,15.910377,0.111111,353.000000,0.000000,15.000000,0.707476,0.000000
2,-331.913265,0.000000,-516.543210,0.000000,331.913265,516.543210,33.191327,51.654321,60.922251,63.273949,30.461126,31.636974,0.166667,131.000000,0.000000,30.000000,1.236812,1.330515
2,-331.913265,0.000000,-516.543210,0.000000,331.913265,516.543210,33.191327,51.654321,60.922251,63.273949,30.461126,31.636974,0.166667,131.000000,0.000000,30.000000,1.236812,1.330515
2,-62.480777,0.000000,-341.718750,0.000000,62.480777,341.718750,216.000000,34.171875,28.703733,35.295992,14.351866,17.647996,0.250000,374.000000,0.000000,10.000000,0.584360,0.000000
2,-5182.366864,0.000000,-341.718750,0.000000,5182.366864,341.718750,518.236686,34.171875,47.763491,35.295992,23.881745,17.647996,0.166667,171.000000,0.000000,20.000000,1.165448,0.000000
2,-1429.675926,0.000000,-910.000000,0.000000,1429.675926,910.000000,142.967593,91.000000,60.498013,57.747921,30.249007,28.873960,0.166667,131.000000,0.000000,30.000000,1.364526,1.269052
2,-331.913265,0.000000,-516.543210,0.000000,331.913265,516.543210,33.191327,51.654321,60.922251,63.273949,30.461126,31.636974,0.166667,131.000000,0.000000,30.000000,1.236812,1.330515
2,-34.988371,0.000000,-341.718750,0.000000,80.349520,341.718750,216.000000,34.171875,28.703733,35.295992,14.351866,17.647996,0.250000,374.000000,0.000000,10.000000,0.584360,0.000000
2,-1667.304688,0.000000,-6354.000000,0.000000,1667.304688,6354.000000,166.730469,635.400000,55.158200,66.843984,27.579100,33.421992,0.250000,162.000000,0.000000,25.000000,1.311132,2.212923
2,-1667.304688,0.000000,-6354.000000,0.000000,1667.304688,6354.000000,166.730469,635.400000,55.158200,66.843984,27.579100,33.421992,0.250000,162.000000,0.000000,25.000000,1.311132,2.212923
2,-1667.304688,0.000000,-6354.000000,0.000000,1667.304688,6354.000000,166.730469,635.400000,55.158200,66.843984,27.579100,33.421992,0.250000,162.000000,0.000000,25.000000,1.311132,2.212923
2,-4758.398438,0.000000,-4908.533058,0.000000,4758.398438,4908.533058,475.839844,490.853306,53.701237,55.051299,26.850618,27.525649,0.125000,71.000000,0.000000,25.000000,1.596071,1.717270
2,-1698.398438,0.000000,-4908.533058,0.000000,1698.398438,4908.533058,169.839844,490.853306,53.420758,55.051299,26.710379,27.525649,0.250000,94.000000,0.000000,25.000000,1.276771,1.717270
2,-4374.099723,0.000000,-9815.510204,0.000000,4374.099723,9815.510204,437.409972,981.551020,67.429895,68.071018,33.714948,34.035509,0.200000,72.000000,0.000000,30.000000,1.892911,2.588004
2,-4374.099723,0.000000,-9815.510204,0.000000,4374.099723,9815.510204,437.409972,981.551020,67.429895,68.071018,33.714948,34.035509,0.200000,72.000000,0.000000,30.000000,1.892911,2.588004
2,-4374.099723,0.000000,-9815.510204,0.000000,4374.099723,9815.510204,437.409972,981.551020,67.429895,68.071018,33.714948,34.035509,0.200000,72.000000,0.000000,30.000000,1.892911,2.588004
2,-405.914745,0.000000,-148.163265,0.000000,405.914745,148.163265,40.591474,14.816327,32.127955,20.270330,16.063978,10.135165,0.166667,126.000000,0.000000,15.000000,0.661026,0.000000
2,-457.751479,0.000000,-490.000000,0.000000,457.751479,490.000000,45.775148,49.000000,40.399043,28.720476,20.199522,14.360238,0.200000,126.000000,0.000000,20.000000,0.832948,0.000000
2,-257.132325,0.000000,-238.677686,0.000000,258.370634,238.677686,54.655148,23.867769,44.729982,31.157282,22.364991,15.578641,0.125000,126.000000,0.000000,20.000000,0.930667,0.000000
2,-814.626479,0.000000,-510.295858,0.000000,814.626479,510.295858,81.462648,51.029586,49.405075,35.618038,24.702538,17.809019,0.111111,126.000000,0.000000,20.000000,1.057610,0.000000
2,-589.310532,0.000000,-1389.338374,0.000000,589.310532,1389.338374,58.931053,138.933837,61.584561,73.132840,30.792280,36.566420,0.166667,265.000000,0.000000,30.000000,1.269504,1.641691
2,-4810.890725,0.000000,-689.338374,0.000000,4810.890725,689.338374,481.089073,68.933837,59.332658,61.987636,29.666329,30.993818,0.125000,71.000000,0.000000,25.000000,1.787033,1.334753
2,-4810.890725,0.000000,-689.338374,0.000000,4810.890725,689.338374,481.089073,68.933837,59.332658,61.987636,29.666329,30.993818,0.125000,71.000000,0.000000,25.000000,1.787033,1.334753
2,-589.310532,0.000000,-1389.338374,0.000000,589.310532,1389.338374,58.931053,138.933837,61.584561,73.132840,30.792280,36.566420,0.166667,265.000000,0.000000,30.000000,1.269504,1.641691
2,-589.310532,0.000000,-1389.338374,0.000000,589.310532,1389.338374,58.931053,138.933837,61.584561,73.132840,30.792280,36.566420,0.166667,265.000000,0.000000,30.000000,1.269504,1.641691
2,-1394.089191,0.000000,-860.125976,0.000000,1394.089191,860.125976,139.408919,86.012598,59.301496,78.753881,29.650748,39.376940,0.166667,455.000000,0.000000,25.000000,1.218401,1.663702
2,-1394.089191,0.000000,-860.125976,0.000000,1394.089191,860.125976,139.408919,86.012598,59.301496,78.753881,29.650748,39.376940,0.166667,455.000000,0.000000,25.000000,1.218401,1.663702
2,-1394.089191,0.000000,-860.125976,0.000000,1394.089191,860.125976,139.408919,86.012598,59.301496,78.753881,29.650748,39.376940,0.166667,455.000000,0.000000,25.000000,1.218401,1.663702
2,-1558.425926,0.000000,-424.320988,0.000000,1558.425926,424.320988,155.842593,42.432099,68.595906,77.394723,34.297953,38.697361,0.200000,455.000000,0.000000,30.000000,1.408479,1.584646
2,-953.127273,0.000000,-440.000000,0.000000,953.127273,440.000000,95.312727,44.000000,54.459352,37.066647,27.229676,18.533324,0.200000,691.000000,0.000000,25.000000,1.169599,0.000000
2,-758.541667,0.000000,-383.288889,0.000000,758.541667,383.288889,75.854167,38.328889,42.275409,37.185436,21.137704,18.592718,0.166667,486.000000,0.000000,20.000000,0.914883,0.000000
2,-516.455464,0.000000,-200.555556,0.000000,516.455464,200.555556,51.645546,20.055556,49.093233,34.002939,24.546616,17.001470,0.125000,20.000000,0.000000,20.000000,1.011674,0.000000
2,-661.066667,0.000000,-383.288889,0.000000,661.066667,383.288889,66.106667,38.328889,53.143533,37.524278,26.571766,18.762139,0.100000,20.000000,0.000000,25.000000,1.110717,0.000000
2,-2031.644444,0.000000,-519.445983,0.000000,2031.644444,519.445983,203.164444,51.944598,60.401327,68.734226,30.200664,34.367113,0.250000,450.000000,0.000000,30.000000,1.457093,1.445365
2,-1450.000000,0.000000,-678.055556,0.000000,1450.000000,678.055556,145.000000,67.805556,68.127327,87.050896,34.063663,43.525448,0.200000,232.000000,0.000000,30.000000,1.390654,1.826239
2,-1450.000000,0.000000,-678.055556,0.000000,1450.000000,678.055556,145.000000,67.805556,68.127327,87.050896,34.063663,43.525448,0.200000,232.000000,0.000000,30.000000,1.390654,1.826239
2,-645.348761,0.000000,-5709.445983,0.000000,645.348761,5709.445983,64.534876,570.944598,75.196803,79.573996,37.598401,39.786998,0.083333,20.000000,0.000000,35.000000,1.590278,2.617471
2,-650.695266,0.000000,-5912.840237,0.000000,650.695266,5912.840237,65.069527,591.284024,58.557777,60.940046,29.278889,30.470023,0.153846,1.000000,0.000000,25.000000,1.205829,2.320906
2,-650.695266,0.000000,-5912.840237,0.000000,650.695266,5912.840237,65.069527,591.284024,58.557777,60.940046,29.278889,30.470023,0.153846,1.000000,0.000000,25.000000,1.205829,2.320906
2,-645.348761,0.000000,-5709.445983,0.000000,645.348761,5709.445983,64.534876,570.944598,75.196803,79.573996,37.598401,39.786998,0.083333,20.000000,0.000000,35.000000,1.590278,2.617471
2,-645.348761,0.000000,-5709.445983,0.000000,645.348761,5709.445983,64.534876,570.944598,75.196803,79.573996,37.598401,39.786998,0.083333,20.000000,0.000000,35.000000,1.590278,2.617471
2,-650.695266,0.000000,-5912.840237,0.000000,650.695266,5912.840237,65.069527,591.284024,58.557777,60.940046,29.278889,30.470023,0.153846,1.000000,0.000000,25.000000,1.205829,2.320906
2,-536.875000,0.000000,-483.950617,0.000000,536.875000,483.950617,53.687500,48.395062,74.131743,79.379057,37.065871,39.689529,0.200000,229.000000,0.000000,35.000000,1.550070,1.647695
2,-544.502054,0.000000,-266.172840,0.000000,544.502054,266.172840,54.450205,26.617284,55.524178,41.777455,27.762089,20.888727,0.142857,123.000000,0.000000,25.000000,1.147767,0.000000
2,-1090.675223,0.000000,-678.670360,0.000000,1090.675223,678.670360,109.067522,67.867036,61.276360,34.782966,30.638180,17.391483,0.200000,297.000000,0.000000,30.000000,1.362196,0.000000
2,-671.527778,0.000000,-3394.214876,0.000000,671.527778,3394.214876,67.152778,339.421488,60.292238,39.195904,30.146119,19.597952,0.250000,945.000000,0.000000,30.000000,1.235822,0.000000
2,-671.527778,0.000000,-3394.214876,0.000000,671.527778,3394.214876,67.152778,339.421488,60.292238,39.195904,30.146119,19.597952,0.250000,945.000000,0.000000,30.000000,1.235822,0.000000
2,-671.527778,0.000000,-3394.214876,0.000000,671.527778,3394.214876,67.152778,339.421488,60.292238,39.195904,30.146119,19.597952,0.250000,945.000000,0.000000,30.000000,1.235822,0.000000
2,-474.734835,0.000000,-532.249135,0.000000,474.734835,532.249135,47.473484,53.224913,80.734777,82.688267,40.367389,41.344133,0.166667,225.000000,0.000000,40.000000,1.694813,1.720557
2,-474.734835,0.000000,-532.249135,0.000000,474.734835,532.249135,47.473484,53.224913,80.734777,82.688267,40.367389,41.344133,0.166667,225.000000,0.000000,40.000000,1.694813,1.720557
2,-623.715956,0.000000,-387.160494,0.000000,623.715956,387.160494,62.371596,38.716049,79.571980,47.530915,39.785990,23.765457,0.083333,113.000000,0.000000,35.000000,1.669180,0.000000
2,-623.715956,0.000000,-387.160494,0.000000,623.715956,387.160494,62.371596,38.716049,79.571980,47.530915,39.785990,23.765457,0.083333,113.000000,0.000000,35.000000,1.669180,0.000000
2,-623.715956,0.000000,-387.160494,0.000000,623.715956,387.160494,62.371596,38.716049,79.571980,47.530915,39.785990,23.765457,0.083333,113.000000,0.000000,35.000000,1.669180,0.000000
2,-692.448942,0.000000,-767.517301,0.000000,692.448942,767.517301,69.244894,76.751730,44.847952,27.836210,22.423976,13.918105,0.083333,378.000000,0.000000,20.000000,0.936835,0.000000
4,-3101.618064,0.000000,-5665.000000,0.000000,3101.618064,5665.000000,12427.500000,566.500000,28.154623,29.750308,14.077311,14.875154,0.100000,1.000000,0.000000,10.000000,37.256456,1.899034
4,205.489392,0.000000,-5665.000000,0.000000,205.489392,5665.000000,4751.111111,566.500000,15.174788,29.750308,7.587394,14.875154,0.100000,85.000000,0.000000,5.000000,7.273896,1.899034
4,187.807098,0.000000,-5665.000000,0.000000,187.807098,5665.000000,4751.111111,566.500000,15.174788,29.750308,7.587394,14.875154,0.100000,85.000000,0.000000,5.000000,7.273896,1.899034
4,-7595.387755,0.000000,-2180.763889,0.000000,10656.612245,2180.763889,1065.661224,218.076389,43.847266,60.370984,21.923633,30.185492,0.083333,37.000000,0.000000,20.000000,2.258284,1.478933
4,-7595.387755,0.000000,-2180.763889,0.000000,10656.612245,2180.763889,1065.661224,218.076389,43.847266,60.370984,21.923633,30.185492,0.083333,37.000000,0.000000,20.000000,2.258284,1.478933
4,-7595.387755,0.000000,-2180.763889,0.000000,10656.612245,2180.763889,1065.661224,218.076389,43.847266,60.370984,21.923633,30.185492,0.083333,37.000000,0.000000,20.000000,2.258284,1.478933
4,-7595.387755,0.000000,-2180.763889,0.000000,10656.612245,2180.763889,1065.661224,218.076389,43.847266,60.370984,21.923633,30.185492,0.083333,37.000000,0.000000,20.000000,2.258284,1.478933
4,-7595.387755,0.000000,-2180.763889,0.000000,10656.612245,2180.763889,1065.661224,218.076389,43.847266,60.370984,21.923633,30.185492,0.083333,37.000000,0.000000,20.000000,2.258284,1.478933
4,-7595.387755,0.000000,-2180.763889,0.000000,10656.612245,2180.763889,1065.661224,218.076389,43.847266,60.370984,21.923633,30.185492,0.083333,37.000000,0.000000,20.000000,2.258284,1.478933
4,14.708056,0.000000,0.000000,0.000000,14.708056,0.000000,91.111111,0.000000,23.844004,0.000000,11.922002,0.000000,1.000000,173.000000,0.000000,10.000000,0.596213,0.000000
4,-3770.025000,0.000000,-3567.777778,0.000000,6113.775000,3567.777778,611.377500,356.777778,51.676575,23.905904,25.838287,11.952952,0.200000,59.000000,0.000000,25.000000,1.789410,0.000000
4,16.712921,0.000000,0.000000,0.000000,16.712921,0.000000,91.111111,0.000000,23.844004,0.000000,11.922002,0.000000,1.000000,173.000000,0.000000,10.000000,0.596213,0.000000
4,-3770.025000,0.000000,-3567.777778,0.000000,6113.775000,3567.777778,611.377500,356.777778,51.676575,23.905904,25.838287,11.952952,0.200000,59.000000,0.000000,25.000000,1.789410,0.000000
4,67.539513,0.000000,0.000000,0.000000,67.539513,0.000000,1600.000000,0.000000,7.704969,0.000000,3.852484,0.000000,1.000000,219.000000,0.000000,0.000000,2.157612,0.000000
4,-594.513889,0.000000,-455.625000,0.000000,594.513889,455.625000,59.451389,45.562500,66.316408,27.767425,33.158204,13.883712,0.200000,38.000000,0.000000,30.000000,1.344587,0.000000
4,5.874187,0.000000,-1440.000000,0.000000,5.874187,1440.000000,145.000000,144.000000,20.968209,17.655731,10.484105,8.827865,0.200000,193.000000,0.000000,10.000000,0.662563,0.000000
4,-594.513889,0.000000,-455.625000,0.000000,594.513889,455.625000,59.451389,45.562500,66.316408,27.767425,33.158204,13.883712,0.200000,38.000000,0.000000,30.000000,1.344587,0.000000
4,169.279888,0.000000,-1440.000000,0.000000,169.279888,1440.000000,1020.000000,144.000000,25.638931,17.655731,12.819465,8.827865,0.200000,141.000000,0.000000,10.000000,2.309244,0.000000
4,-4813.900000,0.000000,-5007.777778,0.000000,5069.900000,5007.777778,506.990000,500.777778,43.308928,41.561635,21.654464,20.780817,0.200000,59.000000,0.000000,20.000000,1.492571,1.302674
4,-594.513889,0.000000,-455.625000,0.000000,594.513889,455.625000,59.451389,45.562500,66.316408,27.767425,33.158204,13.883712,0.200000,38.000000,0.000000,30.000000,1.344587,0.000000
4,9.530901,0.000000,-1440.000000,0.000000,9.530901,1440.000000,145.000000,144.000000,20.968209,17.655731,10.484105,8.827865,0.200000,193.000000,0.000000,10.000000,0.662563,0.000000
4,-3770.025000,0.000000,-3567.777778,0.000000,6113.775000,3567.777778,611.377500,356.777778,51.676575,23.905904,25.838287,11.952952,0.200000,59.000000,0.000000,25.000000,1.789410,0.000000
4,-26815.950000,0.000000,-41380.277778,0.000000,26815.950000,41380.277778,2681.595000,4138.027778,33.868045,46.382352,16.934022,23.191176,0.083333,101.000000,0.000000,15.000000,4.299250,6.326718
4,-8998.245264,0.000000,-41380.277778,0.000000,8998.245264,41380.277778,2151.220000,4138.027778,31.177296,46.382352,15.588648,23.191176,0.100000,135.000000,0.000000,15.000000,1.002914,6.326718
4,-18015.950413,0.000000,-41380.277778,0.000000,18015.950413,41380.277778,1801.595041,4138.027778,41.750841,46.382352,20.875420,23.191176,0.058824,19.000000,0.000000,20.000000,3.160983,6.326718
4,-14225.625000,0.000000,-90250.000000,0.000000,14225.625000,90250.000000,1422.562500,9025.000000,45.526939,27.536878,22.763470,13.768439,0.222222,55.000000,0.000000,20.000000,2.764297,0.000000
4,-2497.500000,0.000000,-90250.000000,0.000000,2497.500000,90250.000000,249.750000,9025.000000,45.776530,27.536878,22.888265,13.768439,0.222222,92.000000,0.000000,20.000000,1.168786,0.000000
4,-2497.500000,0.000000,-90250.000000,0.000000,2497.500000,90250.000000,249.750000,9025.000000,45.776530,27.536878,22.888265,13.768439,0.222222,92.000000,0.000000,20.000000,1.168786,0.000000
4,-648.150000,0.000000,-561.666667,0.000000,648.150000,561.666667,64.815000,56.166667,69.697091,74.716058,34.848545,37.358029,0.166667,79.000000,0.000000,30.000000,1.491079,1.555756
4,-648.150000,0.000000,-561.666667,0.000000,648.150000,561.666667,64.815000,56.166667,69.697091,74.716058,34.848545,37.358029,0.166667,79.000000,0.000000,30.000000,1.491079,1.555756
4,-648.150000,0.000000,-561.666667,0.000000,648.150000,561.666667,64.815000,56.166667,69.697091,74.716058,34.848545,37.358029,0.166667,79.000000,0.000000,30.000000,1.491079,1.555756
4,6.684594,0.000000,-915.555556,0.000000,6.684594,915.555556,91.111111,91.555556,28.969166,54.568499,14.484583,27.284250,0.200000,251.000000,0.000000,10.000000,0.696924,1.196724
4,-659.817751,0.000000,-750.157823,0.000000,659.817751,750.157823,65.981775,75.015782,71.056613,86.373468,35.528306,43.186734,0.200000,90.000000,0.000000,35.000000,1.469228,1.810159
4,-659.817751,0.000000,-750.157823,0.000000,659.817751,750.157823,65.981775,75.015782,71.056613,86.373468,35.528306,43.186734,0.200000,90.000000,0.000000,35.000000,1.469228,1.810159
4,-6574.414658,0.000000,-750.157823,0.000000,6574.414658,750.157823,1872.720000,75.015782,32.073375,86.373468,16.036687,43.186734,0.333333,533.000000,0.000000,15.000000,1.566127,1.810159
4,-6574.414658,0.000000,-750.157823,0.000000,6574.414658,750.157823,1872.720000,75.015782,32.073375,86.373468,16.036687,43.186734,0.333333,533.000000,0.000000,15.000000,1.566127,1.810159
4,-47002.434961,0.000000,-56312.758515,0.000000,47002.434961,56312.758515,4700.243496,5631.275852,77.646782,82.462992,38.823391,41.231496,0.047619,16.000000,0.000000,35.000000,7.354520,8.523420
4,-659.817751,0.000000,-750.157823,0.000000,659.817751,750.157823,65.981775,75.015782,71.056613,86.373468,35.528306,43.186734,0.200000,90.000000,0.000000,35.000000,1.469228,1.810159
4,-47002.434961,0.000000,-56312.758515,0.000000,47002.434961,56312.758515,4700.243496,5631.275852,77.646782,82.462992,38.823391,41.231496,0.047619,16.000000,0.000000,35.000000,7.354520,8.523420
4,-6574.414658,0.000000,-750.157823,0.000000,6574.414658,750.157823,1872.720000,75.015782,32.073375,86.373468,16.036687,43.186734,0.333333,533.000000,0.000000,15.000000,1.566127,1.810159
4,-47002.434961,0.000000,-56312.758515,0.000000,47002.434961,56312.758515,4700.243496,5631.275852,77.646782,82.462992,38.823391,41.231496,0.047619,16.000000,0.000000,35.000000,7.292457,8.523420
4,-47002.434961,0.000000,-56312.758515,0.000000,47002.434961,56312.758515,4700.243496,5631.275852,77.646782,82.462992,38.823391,41.231496,0.047619,16.000000,0.000000,35.000000,7.292457,8.523420
4,-47002.434961,0.000000,-56312.758515,0.000000,47002.434961,56312.758515,4700.243496,5631.275852,77.646782,82.462992,38.823391,41.231496,0.047619,16.000000,0.000000,35.000000,7.292457,8.523420
4,-47002.434961,0.000000,-56312.758515,0.000000,47002.434961,56312.758515,4700.243496,5631.275852,77.646782,82.462992,38.823391,41.231496,0.047619,16.000000,0.000000,35.000000,7.354520,8.523420
4,-1792.130612,0.000000,-883.967347,0.000000,1792.130612,883.967347,179.213061,88.396735,82.654861,87.201428,41.327431,43.600714,0.111111,1.000000,0.000000,40.000000,1.903417,1.815724
4,-51305.542958,0.000000,-56411.206853,0.000000,51305.542958,56411.206853,5130.554296,5641.120685,78.967293,82.746936,39.483646,41.373468,0.043478,1.000000,0.000000,35.000000,7.990526,8.742712
4,-1792.130612,0.000000,-883.967347,0.000000,1792.130612,883.967347,179.213061,88.396735,82.654861,87.201428,41.327431,43.600714,0.111111,1.000000,0.000000,40.000000,1.903417,1.815724
4,-835.600000,0.000000,-883.967347,0.000000,835.600000,883.967347,83.560000,88.396735,78.630919,87.201428,39.315460,43.600714,0.111111,11.000000,0.000000,35.000000,1.626342,1.815724
4,-1792.130612,0.000000,-883.967347,0.000000,1792.130612,883.967347,179.213061,88.396735,82.654861,87.201428,41.327431,43.600714,0.111111,1.000000,0.000000,40.000000,1.903417,1.815724
4,-1792.130612,0.000000,-883.967347,0.000000,1792.130612,883.967347,179.213061,88.396735,82.654861,87.201428,41.327431,43.600714,0.111111,1.000000,0.000000,40.000000,1.903417,1.815724
4,-1792.130612,0.000000,-883.967347,0.000000,1792.130612,883.967347,179.213061,88.396735,82.654861,87.201428,41.327431,43.600714,0.111111,1.000000,0.000000,40.000000,1.903417,1.815724
4,-835.600000,0.000000,-883.967347,0.000000,835.600000,883.967347,83.560000,88.396735,78.630919,87.201428,39.315460,43.600714,0.111111,11.000000,0.000000,35.000000,1.626342,1.815724
4,-51305.542958,0.000000,-56411.206853,0.000000,51305.542958,56411.206853,5130.554296,5641.120685,78.967293,82.746936,39.483646,41.373468,0.043478,1.000000,0.000000,35.000000,7.952172,8.742712
4,-835.600000,0.000000,-883.967347,0.000000,835.600000,883.967347,83.560000,88.396735,78.630919,87.201428,39.315460,43.600714,0.111111,11.000000,0.000000,35.000000,1.626342,1.815724
4,-51305.542958,0.000000,-56411.206853,0.000000,51305.542958,56411.206853,5130.554296,5641.120685,78.967293,82.746936,39.483646,41.373468,0.043478,1.000000,0.000000,35.000000,7.952172,8.742712
4,-51305.542958,0.000000,-56411.206853,0.000000,51305.542958,56411.206853,5130.554296,5641.120685,78.967293,82.746936,39.483646,41.373468,0.043478,1.000000,0.000000,35.000000,7.990526,8.742712
4,-51305.542958,0.000000,-56411.206853,0.000000,51305.542958,56411.206853,5130.554296,5641.120685,78.967293,82.746936,39.483646,41.373468,0.043478,1.000000,0.000000,35.000000,7.952172,8.742712
4,-1792.130612,0.000000,-883.967347,0.000000,1792.130612,883.967347,179.213061,88.396735,82.654861,87.201428,41.327431,43.600714,0.111111,1.000000,0.000000,40.000000,1.903417,1.815724
4,-51305.542958,0.000000,-56411.206853,0.000000,51305.542958,56411.206853,5130.554296,5641.120685,78.967293,82.746936,39.483646,41.373468,0.043478,1.000000,0.000000,35.000000,7.990526,8.742712
4,-51305.542958,0.000000,-56411.206853,0.000000,51305.542958,56411.206853,5130.554296,5641.120685,78.967293,82.746936,39.483646,41.373468,0.043478,1.000000,0.000000,35.000000,7.990526,8.742712
4,-51305.542958,0.000000,-56411.206853,0.000000,51305.542958,56411.206853,5130.554296,5641.120685,78.967293,82.746936,39.483646,41.373468,0.043478,1.000000,0.000000,35.000000,7.990526,8.742712
4,-51305.542958,0.000000,-56411.206853,0.000000,51305.542958,56411.206853,5130.554296,5641.120685,78.967293,82.746936,39.483646,41.373468,0.043478,1.000000,0.000000,35.000000,7.990526,8.742712
4,-1727.575442,0.000000,-900.608622,0.000000,1727.575442,900.608622,172.757544,90.060862,90.167541,97.735323,45.083771,48.867661,0.111111,58.000000,0.000000,45.000000,2.206906,2.059177
4,-1727.575442,0.000000,-900.608622,0.000000,1727.575442,900.608622,172.757544,90.060862,90.167541,97.735323,45.083771,48.867661,0.111111,58.000000,0.000000,45.000000,2.206906,2.059177
4,-1727.575442,0.000000,-900.608622,0.000000,1727.575442,900.608622,172.757544,90.060862,90.167541,97.735323,45.083771,48.867661,0.111111,58.000000,0.000000,45.000000,2.206906,2.059177
4,-780.497959,0.000000,-900.608622,0.000000,780.497959,900.608622,78.049796,90.060862,82.059038,97.735323,41.029519,48.867661,0.111111,81.000000,0.000000,40.000000,1.693889,2.059177
4,-1727.575442,0.000000,-900.608622,0.000000,1727.575442,900.608622,172.757544,90.060862,90.167541,97.735323,45.083771,48.867661,0.111111,58.000000,0.000000,45.000000,2.206906,2.059177
4,-780.497959,0.000000,-900.608622,0.000000,780.497959,900.608622,78.049796,90.060862,82.059038,97.735323,41.029519,48.867661,0.111111,81.000000,0.000000,40.000000,1.693889,2.059177
4,-1727.575442,0.000000,-900.608622,0.000000,1727.575442,900.608622,172.757544,90.060862,90.167541,97.735323,45.083771,48.867661,0.111111,58.000000,0.000000,45.000000,2.206906,2.059177
4,-1727.575442,0.000000,-900.608622,0.000000,1727.575442,900.608622,172.757544,90.060862,90.167541,97.735323,45.083771,48.867661,0.111111,58.000000,0.000000,45.000000,2.206906,2.059177
4,-1727.575442,0.000000,-900.608622,0.000000,1727.575442,900.608622,172.757544,90.060862,90.167541,97.735323,45.083771,48.867661,0.111111,58.000000,0.000000,45.000000,2.206906,2.059177
4,-1727.575442,0.000000,-900.608622,0.000000,1727.575442,900.608622,172.757544,90.060862,90.167541,97.735323,45.083771,48.867661,0.111111,58.000000,0.000000,45.000000,2.206906,2.059177
4,-1727.575442,0.000000,-900.608622,0.000000,1727.575442,900.608622,172.757544,90.060862,90.167541,97.735323,45.083771,48.867661,0.111111,58.000000,0.000000,45.000000,2.206906,2.059177
4,-780.497959,0.000000,-900.608622,0.000000,780.497959,900.608622,78.049796,90.060862,82.059038,97.735323,41.029519,48.867661,0.111111,81.000000,0.000000,40.000000,1.693889,2.059177
4,-3621.377551,0.000000,-21857.751479,0.000000,3621.377551,21857.751479,362.137755,2185.775148,76.814486,89.479687,38.407243,44.739843,0.111111,171.000000,0.000000,35.000000,2.016557,5.401642
4,-2708.163265,0.000000,-21857.751479,0.000000,2708.163265,21857.751479,270.816327,2185.775148,79.731821,89.479687,39.865910,44.739843,0.166667,274.000000,0.000000,35.000000,1.932308,5.401642
4,-2708.163265,0.000000,-21857.751479,0.000000,2708.163265,21857.751479,270.816327,2185.775148,79.731821,89.479687,39.865910,44.739843,0.166667,274.000000,0.000000,35.000000,1.932308,5.401642
4,-3621.377551,0.000000,-21857.751479,0.000000,3621.377551,21857.751479,362.137755,2185.775148,76.814486,89.479687,38.407243,44.739843,0.111111,171.000000,0.000000,35.000000,2.016557,5.401642
4,-3621.377551,0.000000,-21857.751479,0.000000,3621.377551,21857.751479,362.137755,2185.775148,76.814486,89.479687,38.407243,44.739843,0.111111,171.000000,0.000000,35.000000,2.016557,5.401642
4,-2708.163265,0.000000,-21857.751479,0.000000,2708.163265,21857.751479,270.816327,2185.775148,79.731821,89.479687,39.865910,44.739843,0.166667,274.000000,0.000000,35.000000,1.932308,5.401642
4,-557.222222,0.000000,-21857.751479,0.000000,557.222222,21857.751479,55.722222,2185.775148,79.772846,89.479687,39.886423,44.739843,0.200000,399.000000,0.000000,35.000000,1.668283,5.401642
4,-557.222222,0.000000,-21857.751479,0.000000,557.222222,21857.751479,55.722222,2185.775148,79.772846,89.479687,39.886423,44.739843,0.200000,399.000000,0.000000,35.000000,1.668283,5.401642
4,-557.222222,0.000000,-21857.751479,0.000000,557.222222,21857.751479,55.722222,2185.775148,79.772846,89.479687,39.886423,44.739843,0.200000,399.000000,0.000000,35.000000,1.668283,5.401642
4,-457.777778,0.000000,-356.666667,0.000000,457.777778,356.666667,45.777778,35.666667,62.468293,77.130684,31.234146,38.565342,0.250000,247.000000,0.000000,30.000000,1.306483,1.586938
4,-520.277778,0.000000,-400.000000,0.000000,520.277778,400.000000,52.027778,40.000000,62.168551,39.321363,31.084276,19.660681,0.250000,325.000000,0.000000,30.000000,1.307054,0.000000
4,-50077.012346,0.000000,-27602.660124,0.000000,50077.012346,27602.660124,5007.701235,2760.266012,80.347702,84.773176,40.173851,42.386588,0.200000,187.000000,0.000000,40.000000,7.840619,5.088634
4,-50077.012346,0.000000,-27602.660124,0.000000,50077.012346,27602.660124,5007.701235,2760.266012,80.347702,84.773176,40.173851,42.386588,0.200000,187.000000,0.000000,40.000000,7.840619,5.088634
4,-50077.012346,0.000000,-27602.660124,0.000000,50077.012346,27602.660124,5007.701235,2760.266012,80.347702,84.773176,40.173851,42.386588,0.200000,187.000000,0.000000,40.000000,7.840619,5.088634
0,82.529113,0.000000,328.259450,0.000000,98.059008,328.259450,4642.666667,3465.000000,24.095720,28.315393,12.047860,14.157696,0.111111,2.000000,0.000000,10.000000,5.980298,4.127280
0,143.787904,0.000000,324.975999,0.000000,143.787904,324.975999,4642.666667,3465.000000,24.095720,28.315393,12.047860,14.157696,0.111111,2.000000,0.000000,10.000000,5.980298,4.127280
0,83.976257,0.000000,345.119854,0.000000,99.506152,345.119854,4642.666667,3465.000000,24.095720,28.315393,12.047860,14.157696,0.111111,2.000000,0.000000,10.000000,5.980298,4.127280
0,145.235048,0.000000,341.836403,0.000000,145.235048,341.836403,4642.666667,3465.000000,24.095720,28.315393,12.047860,14.157696,0.111111,2.000000,0.000000,10.000000,5.980298,4.127280
0,19.385263,0.000000,136.871739,0.000000,19.385263,136.871739,289.055556,612.666667,12.844347,23.755402,6.422174,11.877701,0.200000,43.000000,0.000000,5.000000,0.633204,1.334465
0,47.322386,0.000000,140.083685,0.000000,47.322386,140.083685,513.777778,612.666667,21.068703,23.755402,10.534352,11.877701,0.166667,7.000000,0.000000,10.000000,1.023997,1.334465
0,43.044739,0.000000,223.750717,0.000000,43.044739,223.750717,125.466667,124.916667,24.861902,26.210501,12.430951,13.105250,0.200000,9.000000,0.000000,10.000000,0.637046,0.675060
0,12.899837,0.000000,159.554858,0.000000,12.899837,159.554858,32.800000,48.250000,22.959983,25.819601,11.479991,12.909800,0.250000,14.000000,0.000000,10.000000,0.491288,0.560227
0,20.318515,0.000000,307.023135,0.000000,20.318515,307.023135,56.000000,56.000000,23.875226,28.417236,11.937613,14.208618,0.250000,24.000000,0.000000,10.000000,0.524786,0.665091
0,39.722671,0.000000,417.959184,0.000000,39.722671,417.959184,57.625000,41.795918,25.220309,23.788169,12.610155,11.894084,0.250000,126.000000,0.000000,10.000000,0.567757,0.000000
0,33.696565,0.000000,417.959184,0.000000,33.696565,417.959184,57.625000,41.795918,25.220309,23.788169,12.610155,11.894084,0.250000,126.000000,0.000000,10.000000,0.567757,0.000000
0,2748.746838,0.000000,3170.816327,0.000000,2748.746838,3170.816327,274.874684,317.081633,50.955087,50.369899,25.477544,25.184949,0.111111,13.000000,0.000000,25.000000,1.360214,1.403802
0,138.391100,0.000000,663.061224,0.000000,138.391100,663.061224,1020.000000,66.306122,33.239068,29.486688,16.619534,14.743344,0.200000,142.000000,0.000000,15.000000,1.939157,0.000000
0,158.008701,0.000000,663.061224,0.000000,158.008701,663.061224,1020.000000,66.306122,33.239068,29.486688,16.619534,14.743344,0.200000,142.000000,0.000000,15.000000,1.939157,0.000000
0,2748.746838,0.000000,3170.816327,0.000000,2748.746838,3170.816327,274.874684,317.081633,50.955087,50.369899,25.477544,25.184949,0.111111,13.000000,0.000000,25.000000,1.360214,1.403802
0,1342.759184,0.000000,1137.959184,0.000000,1342.759184,1137.959184,134.275918,113.795918,41.914529,48.639469,20.957265,24.319735,0.125000,37.000000,0.000000,20.000000,1.008759,1.115461
0,1342.759184,0.000000,1137.959184,0.000000,1342.759184,1137.959184,134.275918,113.795918,41.914529,48.639469,20.957265,24.319735,0.125000,37.000000,0.000000,20.000000,1.008759,1.115461
0,18848.000000,0.000000,18774.375000,0.000000,18848.000000,18774.375000,1884.800000,1877.437500,57.485067,55.374179,28.742534,27.687090,0.200000,43.000000,0.000000,25.000000,3.486049,3.547331
0,18848.000000,0.000000,18774.375000,0.000000,18848.000000,18774.375000,1884.800000,1877.437500,57.485067,55.374179,28.742534,27.687090,0.200000,43.000000,0.000000,25.000000,3.486049,3.547331
0,5594.028258,0.000000,804.011111,0.000000,5594.028258,804.011111,559.402826,80.401111,63.923569,76.367512,31.961784,38.183756,0.076923,46.000000,0.000000,30.000000,2.242063,1.621264
0,5724.322917,0.000000,910.556250,0.000000,5724.322917,910.556250,572.432292,91.055625,65.497545,81.741319,32.748772,40.870659,0.111111,46.000000,0.000000,30.000000,2.289773,1.741433
0,5594.028258,0.000000,804.011111,0.000000,5594.028258,804.011111,559.402826,80.401111,63.923569,76.367512,31.961784,38.183756,0.076923,46.000000,0.000000,30.000000,2.242063,1.621264
0,5594.028258,0.000000,804.011111,0.000000,5594.028258,804.011111,559.402826,80.401111,63.923569,76.367512,31.961784,38.183756,0.076923,46.000000,0.000000,30.000000,2.242063,1.621264
0,5724.322917,0.000000,910.556250,0.000000,5724.322917,910.556250,572.432292,91.055625,65.497545,81.741319,32.748772,40.870659,0.111111,46.000000,0.000000,30.000000,2.289773,1.741433
0,1015.312500,0.000000,804.011111,0.000000,1015.312500,804.011111,101.531250,80.401111,57.460683,76.367512,28.730341,38.183756,0.111111,123.000000,0.000000,25.000000,1.276822,1.621264
0,5724.322917,0.000000,910.556250,0.000000,5724.322917,910.556250,572.432292,91.055625,65.497545,81.741319,32.748772,40.870659,0.111111,46.000000,0.000000,30.000000,2.289773,1.741433
0,2023.217474,0.000000,910.556250,0.000000,2023.217474,910.556250,202.321747,91.055625,57.665526,81.741319,28.832763,40.870659,0.111111,72.000000,0.000000,25.000000,1.411974,1.741433
0,5724.322917,0.000000,910.556250,0.000000,5724.322917,910.556250,572.432292,91.055625,65.497545,81.741319,32.748772,40.870659,0.111111,46.000000,0.000000,30.000000,2.289773,1.741433
0,2023.217474,0.000000,910.556250,0.000000,2023.217474,910.556250,202.321747,91.055625,57.665526,81.741319,28.832763,40.870659,0.111111,72.000000,0.000000,25.000000,1.411974,1.741433
0,5594.028258,0.000000,804.011111,0.000000,5594.028258,804.011111,559.402826,80.401111,63.923569,76.367512,31.961784,38.183756,0.076923,46.000000,0.000000,30.000000,2.242063,1.621264
0,1015.312500,0.000000,804.011111,0.000000,1015.312500,804.011111,101.531250,80.401111,57.460683,76.367512,28.730341,38.183756,0.111111,123.000000,0.000000,25.000000,1.276822,1.621264
0,3032.433425,0.000000,1326.640625,0.000000,3032.433425,1326.640625,303.243343,132.664062,67.326602,78.886798,33.663301,39.443399,0.142857,30.000000,0.000000,30.000000,1.698280,1.746560
0,3032.433425,0.000000,1326.640625,0.000000,3032.433425,1326.640625,303.243343,132.664062,67.326602,78.886798,33.663301,39.443399,0.142857,30.000000,0.000000,30.000000,1.698280,1.746560
0,22.580087,0.000000,1326.640625,0.000000,22.580087,1326.640625,148.222222,132.664062,18.890609,78.886798,9.445305,39.443399,0.200000,383.000000,0.000000,5.000000,0.627295,1.746560
0,52.212680,0.000000,0.000000,0.000000,52.212680,0.000000,802.222222,0.000000,19.747007,0.000000,9.873504,0.000000,1.000000,445.000000,0.000000,5.000000,1.383565,0.000000
0,2082.644628,0.000000,0.000000,0.000000,2082.644628,0.000000,208.264463,0.000000,76.135085,0.000000,38.067542,0.000000,1.000000,111.000000,0.000000,35.000000,1.805296,0.000000
0,368.640625,0.000000,122.500000,0.000000,368.640625,122.500000,36.864063,12.250000,88.019618,41.937715,44.009809,20.968858,0.200000,81.000000,0.000000,40.000000,1.797033,0.000000
0,352.427699,0.000000,225.000000,0.000000,352.427699,225.000000,35.242770,22.500000,66.271114,22.126688,33.135557,11.063344,0.285714,74.000000,0.000000,30.000000,1.348150,0.000000
0,2082.644628,0.000000,0.000000,0.000000,2082.644628,0.000000,208.264463,0.000000,76.135085,0.000000,38.067542,0.000000,1.000000,111.000000,0.000000,35.000000,1.805296,0.000000
0,2728.822314,0.000000,268.554688,0.000000,2728.822314,268.554688,272.882231,26.855469,70.048216,35.585225,35.024108,17.792612,0.111111,111.000000,0.000000,35.000000,1.786257,0.000000
0,368.640625,0.000000,122.500000,0.000000,368.640625,122.500000,36.864063,12.250000,88.019618,41.937715,44.009809,20.968858,0.200000,81.000000,0.000000,40.000000,1.797033,0.000000
0,4842.000000,0.000000,4802.500000,0.000000,4842.000000,4802.500000,484.200000,480.250000,78.226388,86.766170,39.113194,43.383085,0.200000,66.000000,0.000000,35.000000,2.279985,2.332409
0,4842.000000,0.000000,4802.500000,0.000000,4842.000000,4802.500000,484.200000,480.250000,78.226388,86.766170,39.113194,43.383085,0.200000,66.000000,0.000000,35.000000,2.279985,2.332409
0,368.640625,0.000000,122.500000,0.000000,368.640625,122.500000,36.864063,12.250000,88.019618,41.937715,44.009809,20.968858,0.200000,81.000000,0.000000,40.000000,1.797033,0.000000
0,1282.000000,0.000000,4802.500000,0.000000,1282.000000,4802.500000,128.200000,480.250000,73.435050,86.766170,36.717525,43.383085,0.200000,81.000000,0.000000,35.000000,1.600885,2.332409
0,352.427699,0.000000,225.000000,0.000000,352.427699,225.000000,35.242770,22.500000,66.271114,22.126688,33.135557,11.063344,0.285714,74.000000,0.000000,30.000000,1.348150,0.000000
0,2307.656250,0.000000,268.554688,0.000000,2307.656250,268.554688,230.765625,26.855469,71.526894,35.585225,35.763447,17.792612,0.111111,123.000000,0.000000,35.000000,1.507387,0.000000
0,4842.000000,0.000000,4802.500000,0.000000,4842.000000,4802.500000,484.200000,480.250000,78.226388,86.766170,39.113194,43.383085,0.200000,66.000000,0.000000,35.000000,2.279985,2.332409
0,352.427699,0.000000,225.000000,0.000000,352.427699,225.000000,35.242770,22.500000,66.271114,22.126688,33.135557,11.063344,0.285714,74.000000,0.000000,30.000000,1.348150,0.000000
0,2307.656250,0.000000,268.554688,0.000000,2307.656250,268.554688,230.765625,26.855469,71.526894,35.585225,35.763447,17.792612,0.111111,123.000000,0.000000,35.000000,1.507387,0.000000
0,11294.000000,0.000000,17734.897959,0.000000,11294.000000,17734.897959,1129.400000,1773.489796,53.028714,71.727798,26.514357,35.863899,0.200000,223.000000,0.000000,25.000000,2.472717,3.645078
0,11294.000000,0.000000,17734.897959,0.000000,11294.000000,17734.897959,1129.400000,1773.489796,53.028714,71.727798,26.514357,35.863899,0.200000,223.000000,0.000000,25.000000,2.472717,3.645078
0,1083.006859,0.000000,1534.805293,0.000000,1083.006859,1534.805293,108.300686,153.480529,62.720558,64.746734,31.360279,32.373367,0.200000,100.000000,0.000000,30.000000,1.385331,1.489948
0,1083.006859,0.000000,1534.805293,0.000000,1083.006859,1534.805293,108.300686,153.480529,62.720558,64.746734,31.360279,32.373367,0.200000,100.000000,0.000000,30.000000,1.385331,1.489948
0,2201.111111,0.000000,1174.260355,0.000000,2201.111111,1174.260355,220.111111,117.426036,66.153087,38.581814,33.076544,19.290907,0.090909,250.000000,0.000000,30.000000,1.387218,0.000000
0,1977.900000,0.000000,1636.530612,0.000000,1977.900000,1636.530612,197.790000,163.653061,72.390508,43.573353,36.195254,21.786677,0.333333,250.000000,0.000000,35.000000,1.477568,0.000000
0,2369.300000,0.000000,1636.530612,0.000000,2369.300000,1636.530612,236.930000,163.653061,60.081253,43.573353,30.040627,21.786677,0.272727,234.000000,0.000000,30.000000,1.507478,0.000000
0,1977.900000,0.000000,1636.530612,0.000000,1977.900000,1636.530612,197.790000,163.653061,72.390508,43.573353,36.195254,21.786677,0.333333,250.000000,0.000000,35.000000,1.477568,0.000000
0,1977.900000,0.000000,1636.530612,0.000000,1977.900000,1636.530612,197.790000,163.653061,72.390508,43.573353,36.195254,21.786677,0.333333,250.000000,0.000000,35.000000,1.477568,0.000000
0,2201.111111,0.000000,1174.260355,0.000000,2201.111111,1174.260355,220.111111,117.426036,66.153087,38.581814,33.076544,19.290907,0.090909,250.000000,0.000000,30.000000,1.387218,0.000000
0,1578.125000,0.000000,2528.888889,0.000000,1578.125000,2528.888889,157.812500,252.888889,65.601301,71.213605,32.800651,35.606803,0.200000,61.000000,0.000000,30.000000,1.514346,1.669790
0,1578.125000,0.000000,2528.888889,0.000000,1578.125000,2528.888889,157.812500,252.888889,65.601301,71.213605,32.800651,35.606803,0.200000,61.000000,0.000000,30.000000,1.514346,1.669790
0,2754.693878,0.000000,1735.202883,0.000000,2754.693878,1735.202883,275.469388,173.520288,55.956122,80.337137,27.978061,40.168569,0.111111,495.000000,0.000000,25.000000,1.460614,1.811795
0,2148.036388,0.000000,3145.377883,0.000000,2148.036388,3145.377883,214.803639,314.537788,87.206877,86.934608,43.603438,43.467304,0.090909,116.000000,0.000000,40.000000,2.016227,2.116098
0,2148.036388,0.000000,3145.377883,0.000000,2148.036388,3145.377883,214.803639,314.537788,87.206877,86.934608,43.603438,43.467304,0.090909,116.000000,0.000000,40.000000,2.016227,2.116098
0,2148.036388,0.000000,3145.377883,0.000000,2148.036388,3145.377883,214.803639,314.537788,87.206877,86.934608,43.603438,43.467304,0.090909,116.000000,0.000000,40.000000,2.016227,2.116098
0,11019.861592,0.000000,10356.400800,0.000000,11019.861592,10356.400800,1101.986159,1035.640080,64.602522,83.787985,32.301261,41.893992,0.125000,451.000000,0.000000,30.000000,2.665215,2.964294
0,11019.861592,0.000000,10356.400800,0.000000,11019.861592,10356.400800,1101.986159,1035.640080,64.602522,83.787985,32.301261,41.893992,0.125000,451.000000,0.000000,30.000000,2.665215,2.964294
0,11019.861592,0.000000,10356.400800,0.000000,11019.861592,10356.400800,1101.986159,1035.640080,64.602522,83.787985,32.301261,41.893992,0.125000,451.000000,0.000000,30.000000,2.665215,2.964294
0,2754.693878,0.000000,1735.202883,0.000000,2754.693878,1735.202883,275.469388,173.520288,55.956122,80.337137,27.978061,40.168569,0.111111,495.000000,0.000000,25.000000,1.460614,1.811795
0,2148.036388,0.000000,3145.377883,0.000000,2148.036388,3145.377883,214.803639,314.537788,87.206877,86.934608,43.603438,43.467304,0.090909,116.000000,0.000000,40.000000,2.016227,2.116098
0,2148.036388,0.000000,3145.377883,0.000000,2148.036388,3145.377883,214.803639,314.537788,87.206877,86.934608,43.603438,43.467304,0.090909,116.000000,0.000000,40.000000,2.016227,2.116098
0,2148.036388,0.000000,3145.377883,0.000000,2148.036388,3145.377883,214.803639,314.537788,87.206877,86.934608,43.603438,43.467304,0.090909,116.000000,0.000000,40.000000,2.016227,2.116098
0,11019.861592,0.000000,10356.400800,0.000000,11019.861592,10356.400800,1101.986159,1035.640080,64.602522,83.787985,32.301261,41.893992,0.125000,451.000000,0.000000,30.000000,2.665215,2.964294
0,2148.036388,0.000000,3145.377883,0.000000,2148.036388,3145.377883,214.803639,314.537788,87.206877,86.934608,43.603438,43.467304,0.090909,116.000000,0.000000,40.000000,2.016227,2.116098
0,2148.036388,0.000000,3145.377883,0.000000,2148.036388,3145.377883,214.803639,314.537788,87.206877,86.934608,43.603438,43.467304,0.090909,116.000000,0.000000,40.000000,2.016227,2.116098
0,586.755556,0.000000,214.214876,0.000000,586.755556,214.214876,58.675556,21.421488,51.881320,35.584303,25.940660,17.792151,0.200000,130.000000,0.000000,25.000000,1.143519,0.000000
0,1769.770432,0.000000,2834.513889,0.000000,1769.770432,2834.513889,176.977043,283.451389,68.996003,45.747501,34.498001,22.873751,0.125000,91.000000,0.000000,30.000000,1.633135,0.000000
0,1769.770432,0.000000,2834.513889,0.000000,1769.770432,2834.513889,176.977043,283.451389,68.996003,45.747501,34.498001,22.873751,0.125000,91.000000,0.000000,30.000000,1.633135,0.000000
0,1769.770432,0.000000,2834.513889,0.000000,1769.770432,2834.513889,176.977043,283.451389,68.996003,45.747501,34.498001,22.873751,0.125000,91.000000,0.000000,30.000000,1.633135,0.000000
0,1769.770432,0.000000,2834.513889,0.000000,1769.770432,2834.513889,176.977043,283.451389,68.996003,45.747501,34.498001,22.873751,0.125000,91.000000,0.000000,30.000000,1.633135,0.000000
0,863.316327,0.000000,967.413793,0.000000,863.316327,967.413793,86.331633,96.741379,79.889065,80.459193,39.944532,40.229596,0.250000,12.000000,0.000000,35.000000,1.702968,1.733411
0,863.316327,0.000000,967.413793,0.000000,863.316327,967.413793,86.331633,96.741379,79.889065,80.459193,39.944532,40.229596,0.250000,12.000000,0.000000,35.000000,1.702968,1.733411
0,372.654181,0.000000,962.104592,0.000000,372.654181,962.104592,129.250000,96.210459,44.599250,45.020741,22.299625,22.510370,0.200000,846.000000,0.000000,20.000000,0.938826,0.000000
0,372.654181,0.000000,962.104592,0.000000,372.654181,962.104592,129.250000,96.210459,44.599250,45.020741,22.299625,22.510370,0.200000,846.000000,0.000000,20.000000,0.938826,0.000000
0,1275.925926,0.000000,962.104592,0.000000,1275.925926,962.104592,127.592593,96.210459,61.404204,45.020741,30.702102,22.510370,0.083333,249.000000,0.000000,30.000000,1.342214,0.000000
0,1275.925926,0.000000,962.104592,0.000000,1275.925926,962.104592,127.592593,96.210459,61.404204,45.020741,30.702102,22.510370,0.083333,249.000000,0.000000,30.000000,1.342214,0.000000
0,1071.441327,0.000000,1954.654452,0.000000,1071.441327,1954.654452,107.144133,195.465445,80.472980,85.144181,40.236490,42.572091,0.111111,120.000000,0.000000,40.000000,1.740578,1.943785
0,3575.330215,0.000000,5047.377251,0.000000,3575.330215,5047.377251,357.533022,504.737725,89.348725,91.154289,44.674363,45.577144,0.058824,120.000000,0.000000,40.000000,2.230450,2.452111
0,3575.330215,0.000000,5047.377251,0.000000,3575.330215,5047.377251,357.533022,504.737725,89.348725,91.154289,44.674363,45.577144,0.058824,120.000000,0.000000,40.000000,2.230450,2.452111
0,3575.330215,0.000000,5047.377251,0.000000,3575.330215,5047.377251,357.533022,504.737725,89.348725,91.154289,44.674363,45.577144,0.058824,120.000000,0.000000,40.000000,2.230450,2.452111
0,12407.857747,0.000000,25731.610476,0.000000,12407.857747,25731.610476,1240.785775,2573.161048,83.074939,86.551478,41.537470,43.275739,0.103448,120.000000,0.000000,40.000000,3.205108,4.917893
0,12407.857747,0.000000,25731.610476,0.000000,12407.857747,25731.610476,1240.785775,2573.161048,83.074939,86.551478,41.537470,43.275739,0.103448,120.000000,0.000000,40.000000,3.205108,4.917893
0,12407.857747,0.000000,25731.610476,0.000000,12407.857747,25731.610476,1240.785775,2573.161048,83.074939,86.551478,41.537470,43.275739,0.103448,120.000000,0.000000,40.000000,3.205108,4.917893
0,1071.441327,0.000000,1954.654452,0.000000,1071.441327,1954.654452,107.144133,195.465445,80.472980,85.144181,40.236490,42.572091,0.111111,120.000000,0.000000,40.000000,1.740578,1.943785
0,3575.330215,0.000000,5047.377251,0.000000,3575.330215,5047.377251,357.533022,504.737725,89.348725,91.154289,44.674363,45.577144,0.058824,120.000000,0.000000,40.000000,2.230450,2.452111
0,3575.330215,0.000000,5047.377251,0.000000,3575.330215,5047.377251,357.533022,504.737725,89.348725,91.154289,44.674363,45.577144,0.058824,120.000000,0.000000,40.000000,2.230450,2.452111
0,3575.330215,0.000000,5047.377251,0.000000,3575.330215,5047.377251,357.533022,504.737725,89.348725,91.154289,44.674363,45.577144,0.058824,120.000000,0.000000,40.000000,2.230450,2.452111
0,12407.857747,0.000000,25731.610476,0.000000,12407.857747,25731.610476,1240.785775,2573.161048,83.074939,86.551478,41.537470,43.275739,0.103448,120.000000,0.000000,40.000000,3.205108,4.917893
0,3575.330215,0.000000,5047.377251,0.000000,3575.330215,5047.377251,357.533022,504.737725,89.348725,91.154289,44.674363,45.577144,0.058824,120.000000,0.000000,40.000000,2.230450,2.452111
0,3575.330215,0.000000,5047.377251,0.000000,3575.330215,5047.377251,357.533022,504.737725,89.348725,91.154289,44.674363,45.577144,0.058824,120.000000,0.000000,40.000000,2.230450,2.452111
0,452.629849,0.000000,217.777778,0.000000,452.629849,217.777778,45.262985,21.777778,44.452490,41.611284,22.226245,20.805642,0.250000,105.000000,0.000000,20.000000,0.916250,0.000000
0,35985.304076,0.000000,41193.191015,0.000000,35985.304076,41193.191015,3598.530408,4119.319102,88.952165,88.607048,44.476082,44.303524,0.028571,17.000000,0.000000,40.000000,6.208096,6.868349
0,35985.304076,0.000000,41193.191015,0.000000,35985.304076,41193.191015,3598.530408,4119.319102,88.952165,88.607048,44.476082,44.303524,0.028571,17.000000,0.000000,40.000000,6.208096,6.868349
0,35985.304076,0.000000,41193.191015,0.000000,35985.304076,41193.191015,3598.530408,4119.319102,88.952165,88.607048,44.476082,44.303524,0.028571,17.000000,0.000000,40.000000,6.208096,6.868349
0,35985.304076,0.000000,41193.191015,0.000000,35985.304076,41193.191015,3598.530408,4119.319102,88.952165,88.607048,44.476082,44.303524,0.028571,17.000000,0.000000,40.000000,6.208096,6.868349
0,2324.635477,0.000000,4579.246841,0.000000,2324.635477,4579.246841,232.463548,457.924684,82.286182,83.084029,41.143091,41.542014,0.111111,12.000000,0.000000,40.000000,1.923571,2.395502
0,5303.869501,0.000000,7255.308642,0.000000,5303.869501,7255.308642,530.386950,725.530864,90.767000,91.310257,45.383500,45.655129,0.045455,12.000000,0.000000,45.000000,2.461619,2.891103
0,5303.869501,0.000000,7255.308642,0.000000,5303.869501,7255.308642,530.386950,725.530864,90.767000,91.310257,45.383500,45.655129,0.045455,12.000000,0.000000,45.000000,2.461619,2.891103
0,5303.869501,0.000000,7255.308642,0.000000,5303.869501,7255.308642,530.386950,725.530864,90.767000,91.310257,45.383500,45.655129,0.045455,12.000000,0.000000,45.000000,2.461619,2.891103
0,35009.538251,0.000000,37264.149614,0.000000,35009.538251,37264.149614,3500.953825,3726.414961,88.892745,89.575958,44.446373,44.787979,0.045455,12.000000,0.000000,40.000000,6.084548,6.556734
0,35009.538251,0.000000,37264.149614,0.000000,35009.538251,37264.149614,3500.953825,3726.414961,88.892745,89.575958,44.446373,44.787979,0.045455,12.000000,0.000000,40.000000,6.084548,6.556734
0,35009.538251,0.000000,37264.149614,0.000000,35009.538251,37264.149614,3500.953825,3726.414961,88.892745,89.575958,44.446373,44.787979,0.045455,12.000000,0.000000,40.000000,6.084548,6.556734
0,2324.635477,0.000000,4579.246841,0.000000,2324.635477,4579.246841,232.463548,457.924684,82.286182,83.084029,41.143091,41.542014,0.111111,12.000000,0.000000,40.000000,1.923571,2.395502
0,5303.869501,0.000000,7255.308642,0.000000,5303.869501,7255.308642,530.386950,725.530864,90.767000,91.310257,45.383500,45.655129,0.045455,12.000000,0.000000,45.000000,2.461619,2.891103
0,5303.869501,0.000000,7255.308642,0.000000,5303.869501,7255.308642,530.386950,725.530864,90.767000,91.310257,45.383500,45.655129,0.045455,12.000000,0.000000,45.000000,2.461619,2.891103
0,5303.869501,0.000000,7255.308642,0.000000,5303.869501,7255.308642,530.386950,725.530864,90.767000,91.310257,45.383500,45.655129,0.045455,12.000000,0.000000,45.000000,2.461619,2.891103
0,35009.538251,0.000000,37264.149614,0.000000,35009.538251,37264.149614,3500.953825,3726.414961,88.892745,89.575958,44.446373,44.787979,0.045455,12.000000,0.000000,40.000000,6.084548,6.556734
0,5303.869501,0.000000,7255.308642,0.000000,5303.869501,7255.308642,530.386950,725.530864,90.767000,91.310257,45.383500,45.655129,0.045455,12.000000,0.000000,45.000000,2.461619,2.891103
0,5303.869501,0.000000,7255.308642,0.000000,5303.869501,7255.308642,530.386950,725.530864,90.767000,91.310257,45.383500,45.655129,0.045455,12.000000,0.000000,45.000000,2.461619,2.891103
0,2738.360633,0.000000,4342.747107,0.000000,2738.360633,4342.747107,273.836063,434.274711,62.824203,41.214401,31.412102,20.607201,0.222222,126.000000,0.000000,30.000000,1.570970,0.000000
0,2738.360633,0.000000,4342.747107,0.000000,2738.360633,4342.747107,273.836063,434.274711,62.824203,41.214401,31.412102,20.607201,0.222222,126.000000,0.000000,30.000000,1.570970,0.000000
3,347.926902,0.000000,-3505.555556,0.000000,347.926902,3505.555556,7131.000000,350.555556,18.857046,51.676863,9.428523,25.838431,0.111111,81.000000,0.000000,5.000000,20.980066,1.429601
3,387.208015,0.000000,-3505.555556,0.000000,387.208015,3505.555556,7131.000000,350.555556,18.857046,51.676863,9.428523,25.838431,0.111111,81.000000,0.000000,5.000000,20.980066,1.429601
3,206.868494,0.000000,-3505.555556,0.000000,206.868494,3505.555556,4875.555556,350.555556,17.530673,51.676863,8.765337,25.838431,0.200000,82.000000,0.000000,5.000000,6.843837,1.429601
3,-3231.875000,0.000000,-1640.000000,0.000000,3231.875000,1640.000000,323.187500,164.000000,39.296077,45.154551,19.648039,22.577276,0.200000,15.000000,0.000000,15.000000,1.167502,1.067895
3,181.928241,0.000000,-3505.555556,0.000000,181.928241,3505.555556,4875.555556,350.555556,17.530673,51.676863,8.765337,25.838431,0.200000,82.000000,0.000000,5.000000,6.843837,1.429601
3,-3231.875000,0.000000,-1640.000000,0.000000,3231.875000,1640.000000,323.187500,164.000000,39.296077,45.154551,19.648039,22.577276,0.200000,15.000000,0.000000,15.000000,1.167502,1.067895
3,-15.106050,0.000000,18553.750000,0.000000,15.106050,18553.750000,70.111111,1855.375000,8.369799,50.695754,4.184899,25.347877,0.285714,139.000000,0.000000,0.000000,0.201234,3.053811
3,1472.045455,0.000000,1182.550000,0.000000,1472.045455,1182.550000,147.204545,118.255000,56.777019,51.843833,28.388510,25.921917,0.142857,20.000000,0.000000,25.000000,1.328927,1.108316
3,567.542055,0.000000,1123.750000,0.000000,567.542055,1123.750000,409.277778,112.375000,32.617720,47.797135,16.308860,23.898567,0.200000,75.000000,0.000000,15.000000,1.166819,0.992026
3,4813.625000,0.000000,1123.750000,0.000000,4813.625000,1123.750000,481.362500,112.375000,55.535546,47.797135,27.767773,23.898567,0.200000,3.000000,0.000000,25.000000,1.840057,0.992026
3,1472.045455,0.000000,1182.550000,0.000000,1472.045455,1182.550000,147.204545,118.255000,56.777019,51.843833,28.388510,25.921917,0.142857,20.000000,0.000000,25.000000,1.328927,1.108316
3,939.930357,0.000000,1123.750000,0.000000,939.930357,1123.750000,409.277778,112.375000,32.617720,47.797135,16.308860,23.898567,0.200000,75.000000,0.000000,15.000000,1.166819,0.992026
3,1472.045455,0.000000,1182.550000,0.000000,1472.045455,1182.550000,147.204545,118.255000,56.777019,51.843833,28.388510,25.921917,0.142857,20.000000,0.000000,25.000000,1.328927,1.108316
3,32.956788,0.000000,18553.750000,0.000000,47.702196,18553.750000,304.480000,1855.375000,20.625766,50.695754,10.312883,25.347877,0.285714,83.000000,0.000000,10.000000,1.037735,3.053811
3,33.257208,0.000000,18553.750000,0.000000,48.002616,18553.750000,304.480000,1855.375000,20.625766,50.695754,10.312883,25.347877,0.285714,83.000000,0.000000,10.000000,1.037735,3.053811
3,5543.125000,0.000000,1182.550000,0.000000,5543.125000,1182.550000,554.312500,118.255000,52.678570,51.843833,26.339285,25.921917,0.142857,3.000000,0.000000,25.000000,1.872443,1.108316
3,4916.825000,0.000000,18553.750000,0.000000,4916.825000,18553.750000,491.682500,1855.375000,56.093423,50.695754,28.046711,25.347877,0.250000,3.000000,0.000000,25.000000,1.863821,3.053811
3,270.644521,0.000000,18553.750000,0.000000,270.644521,18553.750000,559.597500,1855.375000,30.751710,50.695754,15.375855,25.347877,0.285714,78.000000,0.000000,15.000000,7.017195,3.053811
3,1472.045455,0.000000,1182.550000,0.000000,1472.045455,1182.550000,147.204545,118.255000,56.777019,51.843833,28.388510,25.921917,0.142857,20.000000,0.000000,25.000000,1.328927,1.108316
3,475.461653,0.000000,1123.750000,0.000000,475.461653,1123.750000,409.277778,112.375000,32.617720,47.797135,16.308860,23.898567,0.200000,75.000000,0.000000,15.000000,1.166819,0.992026
3,694.157577,0.000000,1123.750000,0.000000,694.157577,1123.750000,409.277778,112.375000,32.617720,47.797135,16.308860,23.898567,0.200000,75.000000,0.000000,15.000000,1.166819,0.992026
3,-863.061224,0.000000,5016.666667,0.000000,863.061224,5016.666667,86.306122,501.666667,42.833099,52.583325,21.416549,26.291662,0.200000,43.000000,0.000000,20.000000,0.881609,1.659959
3,-2265.555556,0.000000,-4797.200000,0.000000,2265.555556,5197.200000,226.555556,519.720000,43.397065,55.135252,21.698532,27.567626,0.200000,58.000000,0.000000,20.000000,1.142599,2.051983
3,-6570.000000,0.000000,5016.666667,0.000000,6570.000000,5016.666667,657.000000,501.666667,43.262225,52.583325,21.631112,26.291662,0.200000,38.000000,0.000000,20.000000,2.521945,1.659959
3,-2265.555556,0.000000,-4797.200000,0.000000,2265.555556,5197.200000,226.555556,519.720000,43.397065,55.135252,21.698532,27.567626,0.200000,58.000000,0.000000,20.000000,1.142599,2.051983
3,-6570.000000,0.000000,5016.666667,0.000000,6570.000000,5016.666667,657.000000,501.666667,43.262225,52.583325,21.631112,26.291662,0.200000,38.000000,0.000000,20.000000,2.521945,1.659959
3,-8435.555556,0.000000,8180.000000,0.000000,8435.555556,8180.000000,843.555556,818.000000,50.608047,72.453364,25.304024,36.226682,0.090909,63.000000,0.000000,25.000000,2.897399,2.471795
3,-2728.616780,0.000000,8180.000000,0.000000,2728.616780,8180.000000,272.861678,818.000000,49.355410,72.453364,24.677705,36.226682,0.111111,68.000000,0.000000,20.000000,1.243316,2.471795
3,-8435.555556,0.000000,8180.000000,0.000000,8435.555556,8180.000000,843.555556,818.000000,50.608047,72.453364,25.304024,36.226682,0.090909,63.000000,0.000000,25.000000,2.897399,2.471795
3,-8435.555556,0.000000,8180.000000,0.000000,8435.555556,8180.000000,843.555556,818.000000,50.608047,72.453364,25.304024,36.226682,0.090909,63.000000,0.000000,25.000000,2.897399,2.471795
3,-8435.555556,0.000000,8180.000000,0.000000,8435.555556,8180.000000,843.555556,818.000000,50.608047,72.453364,25.304024,36.226682,0.090909,63.000000,0.000000,25.000000,2.897399,2.471795
3,-2728.616780,0.000000,8180.000000,0.000000,2728.616780,8180.000000,272.861678,818.000000,49.355410,72.453364,24.677705,36.226682,0.111111,68.000000,0.000000,20.000000,1.243316,2.471795
3,-3174.400000,0.000000,669.200000,0.000000,3174.400000,669.200000,317.440000,66.920000,34.989593,63.550553,17.494796,31.775277,0.200000,100.000000,0.000000,15.000000,1.096854,1.352683
3,-3174.400000,0.000000,669.200000,0.000000,3174.400000,669.200000,317.440000,66.920000,34.989593,63.550553,17.494796,31.775277,0.200000,100.000000,0.000000,15.000000,1.096854,1.352683
3,7740.867850,0.000000,855.714286,0.000000,7740.867850,855.714286,774.086785,85.571429,72.507930,87.850251,36.253965,43.925125,0.111111,22.000000,0.000000,35.000000,2.871508,1.833472
3,3124.201183,0.000000,565.714286,0.000000,3124.201183,565.714286,312.420118,56.571429,64.530277,70.768011,32.265138,35.384005,0.200000,22.000000,0.000000,30.000000,2.156423,1.457368
3,4804.693878,0.000000,855.714286,0.000000,4804.693878,855.714286,480.469388,85.571429,83.812486,87.850251,41.906243,43.925125,0.111111,3.000000,0.000000,40.000000,2.789667,1.833472
3,3124.201183,0.000000,565.714286,0.000000,3124.201183,565.714286,312.420118,56.571429,64.530277,70.768011,32.265138,35.384005,0.200000,22.000000,0.000000,30.000000,2.156423,1.457368
3,3473.001183,0.000000,914.514286,0.000000,3473.001183,914.514286,347.300118,91.451429,62.705353,68.802082,31.352677,34.401041,0.142857,22.000000,0.000000,30.000000,2.160918,1.458494
3,7740.867850,0.000000,855.714286,0.000000,7740.867850,855.714286,774.086785,85.571429,72.507930,87.850251,36.253965,43.925125,0.111111,22.000000,0.000000,35.000000,2.871508,1.833472
3,7740.867850,0.000000,855.714286,0.000000,7740.867850,855.714286,774.086785,85.571429,72.507930,87.850251,36.253965,43.925125,0.111111,22.000000,0.000000,35.000000,2.871508,1.833472
3,7740.867850,0.000000,855.714286,0.000000,7740.867850,855.714286,774.086785,85.571429,72.507930,87.850251,36.253965,43.925125,0.111111,22.000000,0.000000,35.000000,2.871508,1.833472
3,7404.201183,0.000000,4845.714286,0.000000,7404.201183,4845.714286,740.420118,484.571429,61.441295,67.688326,30.720648,33.844163,0.142857,22.000000,0.000000,30.000000,2.602664,1.898292
3,7404.201183,0.000000,4845.714286,0.000000,7404.201183,4845.714286,740.420118,484.571429,61.441295,67.688326,30.720648,33.844163,0.142857,22.000000,0.000000,30.000000,2.602664,1.898292
3,3473.001183,0.000000,914.514286,0.000000,3473.001183,914.514286,347.300118,91.451429,62.705353,68.802082,31.352677,34.401041,0.142857,22.000000,0.000000,30.000000,2.160918,1.458494
3,8794.693878,0.000000,4845.714286,0.000000,8794.693878,4845.714286,879.469388,484.571429,64.766326,67.688326,32.383163,33.844163,0.142857,3.000000,0.000000,30.000000,2.889625,1.898292
3,7740.867850,0.000000,855.714286,0.000000,7740.867850,855.714286,774.086785,85.571429,72.507930,87.850251,36.253965,43.925125,0.111111,22.000000,0.000000,35.000000,2.871508,1.833472
3,7740.867850,0.000000,855.714286,0.000000,7740.867850,855.714286,774.086785,85.571429,72.507930,87.850251,36.253965,43.925125,0.111111,22.000000,0.000000,35.000000,2.871508,1.833472
3,3473.001183,0.000000,914.514286,0.000000,3473.001183,914.514286,347.300118,91.451429,62.705353,68.802082,31.352677,34.401041,0.142857,22.000000,0.000000,30.000000,2.160918,1.458494
3,7740.867850,0.000000,855.714286,0.000000,7740.867850,855.714286,774.086785,85.571429,72.507930,87.850251,36.253965,43.925125,0.111111,22.000000,0.000000,35.000000,2.871508,1.833472
3,7404.201183,0.000000,4845.714286,0.000000,7404.201183,4845.714286,740.420118,484.571429,61.441295,67.688326,30.720648,33.844163,0.142857,22.000000,0.000000,30.000000,2.602664,1.898292
3,7740.867850,0.000000,855.714286,0.000000,7740.867850,855.714286,774.086785,85.571429,72.507930,87.850251,36.253965,43.925125,0.111111,22.000000,0.000000,35.000000,2.871508,1.833472
3,4804.693878,0.000000,855.714286,0.000000,4804.693878,855.714286,480.469388,85.571429,83.812486,87.850251,41.906243,43.925125,0.111111,3.000000,0.000000,40.000000,2.789667,1.833472
3,-1853.253968,0.000000,855.714286,0.000000,3808.968254,855.714286,380.896825,85.571429,61.077687,87.850251,30.538843,43.925125,0.111111,58.000000,0.000000,30.000000,1.546974,1.833472
3,7740.867850,0.000000,855.714286,0.000000,7740.867850,855.714286,774.086785,85.571429,72.507930,87.850251,36.253965,43.925125,0.111111,22.000000,0.000000,35.000000,2.871508,1.833472
3,1526.657143,0.000000,914.514286,0.000000,1526.657143,914.514286,152.665714,91.451429,55.956673,68.802082,27.978336,34.401041,0.142857,58.000000,0.000000,25.000000,1.181683,1.458494
3,7740.867850,0.000000,855.714286,0.000000,7740.867850,855.714286,774.086785,85.571429,72.507930,87.850251,36.253965,43.925125,0.111111,22.000000,0.000000,35.000000,2.871508,1.833472
3,7740.867850,0.000000,855.714286,0.000000,7740.867850,855.714286,774.086785,85.571429,72.507930,87.850251,36.253965,43.925125,0.111111,22.000000,0.000000,35.000000,2.871508,1.833472
3,7404.201183,0.000000,4845.714286,0.000000,7404.201183,4845.714286,740.420118,484.571429,61.441295,67.688326,30.720648,33.844163,0.142857,22.000000,0.000000,30.000000,2.602664,1.898292
3,18897.857143,0.000000,4845.714286,0.000000,18897.857143,4845.714286,1889.785714,484.571429,54.808593,67.688326,27.404297,33.844163,0.142857,58.000000,0.000000,25.000000,3.127178,1.898292
3,7740.867850,0.000000,855.714286,0.000000,7740.867850,855.714286,774.086785,85.571429,72.507930,87.850251,36.253965,43.925125,0.111111,22.000000,0.000000,35.000000,2.871508,1.833472
3,-1853.253968,0.000000,855.714286,0.000000,3808.968254,855.714286,380.896825,85.571429,61.077687,87.850251,30.538843,43.925125,0.111111,58.000000,0.000000,30.000000,1.546974,1.833472
3,3473.001183,0.000000,914.514286,0.000000,3473.001183,914.514286,347.300118,91.451429,62.705353,68.802082,31.352677,34.401041,0.142857,22.000000,0.000000,30.000000,2.160918,1.458494
3,-1853.253968,0.000000,855.714286,0.000000,3808.968254,855.714286,380.896825,85.571429,61.077687,87.850251,30.538843,43.925125,0.111111,58.000000,0.000000,30.000000,1.546974,1.833472
3,7404.201183,0.000000,4845.714286,0.000000,7404.201183,4845.714286,740.420118,484.571429,61.441295,67.688326,30.720648,33.844163,0.142857,22.000000,0.000000,30.000000,2.602664,1.898292
3,548.671875,0.000000,565.714286,0.000000,948.671875,565.714286,94.867188,56.571429,60.580151,70.768011,30.290076,35.384005,0.200000,40.000000,0.000000,30.000000,1.345976,1.457368
3,3124.201183,0.000000,565.714286,0.000000,3124.201183,565.714286,312.420118,56.571429,64.530277,70.768011,32.265138,35.384005,0.200000,22.000000,0.000000,30.000000,2.156423,1.457368
3,7740.867850,0.000000,855.714286,0.000000,7740.867850,855.714286,774.086785,85.571429,72.507930,87.850251,36.253965,43.925125,0.111111,22.000000,0.000000,35.000000,2.871508,1.833472
3,7740.867850,0.000000,855.714286,0.000000,7740.867850,855.714286,774.086785,85.571429,72.507930,87.850251,36.253965,43.925125,0.111111,22.000000,0.000000,35.000000,2.871508,1.833472
3,3473.001183,0.000000,914.514286,0.000000,3473.001183,914.514286,347.300118,91.451429,62.705353,68.802082,31.352677,34.401041,0.142857,22.000000,0.000000,30.000000,2.160918,1.458494
3,4804.693878,0.000000,855.714286,0.000000,4804.693878,855.714286,480.469388,85.571429,83.812486,87.850251,41.906243,43.925125,0.111111,3.000000,0.000000,40.000000,2.789667,1.833472
3,4514.693878,0.000000,565.714286,0.000000,4514.693878,565.714286,451.469388,56.571429,67.910325,70.768011,33.955162,35.384005,0.200000,3.000000,0.000000,30.000000,2.436466,1.457368
3,4863.493878,0.000000,914.514286,0.000000,4863.493878,914.514286,486.349388,91.451429,65.908639,68.802082,32.954320,34.401041,0.142857,3.000000,0.000000,30.000000,2.438192,1.458494
3,7740.867850,0.000000,855.714286,0.000000,7740.867850,855.714286,774.086785,85.571429,72.507930,87.850251,36.253965,43.925125,0.111111,22.000000,0.000000,35.000000,2.871508,1.833472
3,3124.201183,0.000000,565.714286,0.000000,3124.201183,565.714286,312.420118,56.571429,64.530277,70.768011,32.265138,35.384005,0.200000,22.000000,0.000000,30.000000,2.156423,1.457368
3,3124.201183,0.000000,565.714286,0.000000,3124.201183,565.714286,312.420118,56.571429,64.530277,70.768011,32.265138,35.384005,0.200000,22.000000,0.000000,30.000000,2.156423,1.457368
3,-387.376187,0.000000,742.656250,0.000000,387.376187,742.656250,1754.305556,74.265625,22.799157,71.291858,11.399578,35.645929,0.200000,337.000000,0.000000,10.000000,2.503300,1.516137
3,1820.408163,0.000000,1400.848000,0.000000,1820.408163,1400.848000,182.040816,140.084800,65.939062,69.452110,32.969531,34.726055,0.200000,23.000000,0.000000,30.000000,1.549710,1.561752
3,-421.101429,0.000000,742.656250,0.000000,421.101429,742.656250,1754.305556,74.265625,22.799157,71.291858,11.399578,35.645929,0.200000,337.000000,0.000000,10.000000,2.503300,1.516137
3,1325.000000,0.000000,637.630316,0.000000,1325.000000,637.630316,132.500000,63.763032,68.855576,73.858147,34.427788,36.929074,0.200000,244.000000,0.000000,30.000000,1.401704,1.555010
3,1825.107438,0.000000,14106.666667,0.000000,1825.107438,14106.666667,182.510744,1410.666667,62.256614,34.415075,31.128307,17.207537,0.250000,157.000000,0.000000,30.000000,1.476209,0.000000
3,1825.107438,0.000000,14106.666667,0.000000,1825.107438,14106.666667,182.510744,1410.666667,62.256614,34.415075,31.128307,17.207537,0.250000,157.000000,0.000000,30.000000,1.476209,0.000000
3,1825.107438,0.000000,14106.666667,0.000000,1825.107438,14106.666667,182.510744,1410.666667,62.256614,34.415075,31.128307,17.207537,0.250000,157.000000,0.000000,30.000000,1.476209,0.000000
3,324.166667,0.000000,322.500000,0.000000,324.166667,322.500000,32.416667,32.250000,65.826012,67.386535,32.913006,33.693268,0.250000,91.000000,0.000000,30.000000,1.353639,1.390545
3,1062.000000,0.000000,302.500000,0.000000,1062.000000,302.500000,106.200000,30.250000,55.520777,34.745283,27.760389,17.372641,0.250000,212.000000,0.000000,25.000000,1.239707,0.000000
3,1490.714286,0.000000,476.100000,0.000000,1490.714286,476.100000,149.071429,47.610000,84.819567,45.980556,42.409783,22.990278,0.285714,292.000000,0.000000,40.000000,1.713807,0.000000
3,5605.000000,0.000000,1991.111111,0.000000,5605.000000,1991.111111,560.500000,199.111111,65.775891,32.917123,32.887946,16.458561,0.142857,292.000000,0.000000,30.000000,1.842628,0.000000
3,1490.714286,0.000000,476.100000,0.000000,1490.714286,476.100000,149.071429,47.610000,84.819567,45.980556,42.409783,22.990278,0.285714,292.000000,0.000000,40.000000,1.713807,0.000000
3,1615.000000,0.000000,4322.022161,0.000000,1615.000000,4322.022161,161.500000,432.202216,85.937815,39.284264,42.968908,19.642132,0.111111,292.000000,0.000000,40.000000,1.777807,0.000000
3,1490.714286,0.000000,476.100000,0.000000,1490.714286,476.100000,149.071429,47.610000,84.819567,45.980556,42.409783,22.990278,0.285714,292.000000,0.000000,40.000000,1.713807,0.000000
3,1673.800000,0.000000,548.800000,0.000000,1673.800000,548.800000,167.380000,54.880000,66.889647,32.718396,33.444823,16.359198,0.142857,292.000000,0.000000,30.000000,1.402829,0.000000
3,1490.714286,0.000000,476.100000,0.000000,1490.714286,476.100000,149.071429,47.610000,84.819567,45.980556,42.409783,22.990278,0.285714,292.000000,0.000000,40.000000,1.713807,0.000000
3,1615.000000,0.000000,4322.022161,0.000000,1615.000000,4322.022161,161.500000,432.202216,85.937815,39.284264,42.968908,19.642132,0.111111,292.000000,0.000000,40.000000,1.777807,0.000000
3,1615.000000,0.000000,4322.022161,0.000000,1615.000000,4322.022161,161.500000,432.202216,85.937815,39.284264,42.968908,19.642132,0.111111,292.000000,0.000000,40.000000,1.777807,0.000000
3,639.828559,0.000000,217.777778,0.000000,639.828559,217.777778,63.982856,21.777778,72.099156,30.311660,36.049578,15.155830,0.250000,3.000000,0.000000,35.000000,1.520964,0.000000
3,1490.714286,0.000000,476.100000,0.000000,1490.714286,476.100000,149.071429,47.610000,84.819567,45.980556,42.409783,22.990278,0.285714,292.000000,0.000000,40.000000,1.713807,0.000000
3,1490.714286,0.000000,476.100000,0.000000,1490.714286,476.100000,149.071429,47.610000,84.819567,45.980556,42.409783,22.990278,0.285714,292.000000,0.000000,40.000000,1.713807,0.000000
3,1490.714286,0.000000,476.100000,0.000000,1490.714286,476.100000,149.071429,47.610000,84.819567,45.980556,42.409783,22.990278,0.285714,292.000000,0.000000,40.000000,1.713807,0.000000
3,400.277778,0.000000,277.777778,0.000000,400.277778,277.777778,40.027778,27.777778,79.024142,49.528729,39.512071,24.764364,0.250000,35.000000,0.000000,35.000000,1.630101,0.000000
3,400.277778,0.000000,277.777778,0.000000,400.277778,277.777778,40.027778,27.777778,79.024142,49.528729,39.512071,24.764364,0.250000,35.000000,0.000000,35.000000,1.630101,0.000000
3,400.277778,0.000000,277.777778,0.000000,400.277778,277.777778,40.027778,27.777778,79.024142,49.528729,39.512071,24.764364,0.250000,35.000000,0.000000,35.000000,1.630101,0.000000
3,400.277778,0.000000,277.777778,0.000000,400.277778,277.777778,40.027778,27.777778,79.024142,49.528729,39.512071,24.764364,0.250000,35.000000,0.000000,35.000000,1.630101,0.000000
3,671.579431,0.000000,542.560554,0.000000,671.579431,542.560554,67.157943,54.256055,70.036410,38.222713,35.018205,19.111357,0.250000,70.000000,0.000000,35.000000,1.427741,0.000000
3,400.277778,0.000000,277.777778,0.000000,400.277778,277.777778,40.027778,27.777778,79.024142,49.528729,39.512071,24.764364,0.250000,35.000000,0.000000,35.000000,1.630101,0.000000
3,400.277778,0.000000,277.777778,0.000000,400.277778,277.777778,40.027778,27.777778,79.024142,49.528729,39.512071,24.764364,0.250000,35.000000,0.000000,35.000000,1.630101,0.000000
3,400.277778,0.000000,277.777778,0.000000,400.277778,277.777778,40.027778,27.777778,79.024142,49.528729,39.512071,24.764364,0.250000,35.000000,0.000000,35.000000,1.630101,0.000000
3,1921.600000,0.000000,6325.700000,0.000000,1921.600000,6325.700000,192.160000,632.570000,68.436720,33.313584,34.218360,16.656792,0.142857,414.000000,0.000000,30.000000,1.387229,0.000000
3,739.950617,0.000000,483.950617,0.000000,739.950617,483.950617,73.995062,48.395062,73.882195,38.875519,36.941098,19.437759,0.100000,9.000000,0.000000,35.000000,1.571011,0.000000
3,1921.600000,0.000000,6325.700000,0.000000,1921.600000,6325.700000,192.160000,632.570000,68.436720,33.313584,34.218360,16.656792,0.142857,414.000000,0.000000,30.000000,1.387229,0.000000
3,929.901653,0.000000,361.367188,0.000000,929.901653,361.367188,92.990165,36.136719,86.202473,46.090909,43.101236,23.045455,0.222222,148.000000,0.000000,40.000000,1.783319,0.000000
3,4354.426653,0.000000,6932.291667,0.000000,4354.426653,6932.291667,435.442665,693.229167,79.964763,42.826406,39.982382,21.413203,0.052632,148.000000,0.000000,35.000000,2.082769,0.000000
3,929.901653,0.000000,361.367188,0.000000,929.901653,361.367188,92.990165,36.136719,86.202473,46.090909,43.101236,23.045455,0.222222,148.000000,0.000000,40.000000,1.783319,0.000000
3,1002.601653,0.000000,548.800000,0.000000,1002.601653,548.800000,100.260165,54.880000,72.382979,35.764805,36.191489,17.882402,0.142857,148.000000,0.000000,35.000000,1.515848,0.000000
3,2444.912764,0.000000,206.938776,0.000000,2444.912764,206.938776,244.491276,20.693878,72.719594,38.532909,36.359797,19.266454,0.166667,148.000000,0.000000,35.000000,1.701668,0.000000
3,929.901653,0.000000,361.367188,0.000000,929.901653,361.367188,92.990165,36.136719,86.202473,46.090909,43.101236,23.045455,0.222222,148.000000,0.000000,40.000000,1.783319,0.000000
3,4354.426653,0.000000,6932.291667,0.000000,4354.426653,6932.291667,435.442665,693.229167,79.964763,42.826406,39.982382,21.413203,0.052632,148.000000,0.000000,35.000000,2.082769,0.000000
3,929.901653,0.000000,361.367188,0.000000,929.901653,361.367188,92.990165,36.136719,86.202473,46.090909,43.101236,23.045455,0.222222,148.000000,0.000000,40.000000,1.783319,0.000000
3,929.901653,0.000000,361.367188,0.000000,929.901653,361.367188,92.990165,36.136719,86.202473,46.090909,43.101236,23.045455,0.222222,148.000000,0.000000,40.000000,1.783319,0.000000
3,929.901653,0.000000,361.367188,0.000000,929.901653,361.367188,92.990165,36.136719,86.202473,46.090909,43.101236,23.045455,0.222222,148.000000,0.000000,40.000000,1.783319,0.000000
3,4354.426653,0.000000,6932.291667,0.000000,4354.426653,6932.291667,435.442665,693.229167,79.964763,42.826406,39.982382,21.413203,0.052632,148.000000,0.000000,35.000000,2.082769,0.000000
3,929.901653,0.000000,361.367188,0.000000,929.901653,361.367188,92.990165,36.136719,86.202473,46.090909,43.101236,23.045455,0.222222,148.000000,0.000000,40.000000,1.783319,0.000000
3,27285.764463,0.000000,28092.575000,0.000000,27285.764463,28092.575000,2728.576446,2809.257500,77.985181,78.192782,38.992591,39.096391,0.043478,4.000000,0.000000,35.000000,4.933109,5.084663
3,27285.764463,0.000000,28092.575000,0.000000,27285.764463,28092.575000,2728.576446,2809.257500,77.985181,78.192782,38.992591,39.096391,0.043478,4.000000,0.000000,35.000000,4.933109,5.084663
3,27285.764463,0.000000,28092.575000,0.000000,27285.764463,28092.575000,2728.576446,2809.257500,77.985181,78.192782,38.992591,39.096391,0.043478,4.000000,0.000000,35.000000,4.933109,5.084663
3,27285.764463,0.000000,28092.575000,0.000000,27285.764463,28092.575000,2728.576446,2809.257500,77.985181,78.192782,38.992591,39.096391,0.043478,4.000000,0.000000,35.000000,4.933109,5.084663
3,27285.764463,0.000000,28092.575000,0.000000,27285.764463,28092.575000,2728.576446,2809.257500,77.985181,78.192782,38.992591,39.096391,0.043478,4.000000,0.000000,35.000000,4.933109,5.084663
3,27285.764463,0.000000,28092.575000,0.000000,27285.764463,28092.575000,2728.576446,2809.257500,77.985181,78.192782,38.992591,39.096391,0.043478,4.000000,0.000000,35.000000,4.933109,5.084663
3,3132.431129,0.000000,9048.119835,0.000000,3132.431129,9048.119835,313.243113,904.811983,73.120303,72.529566,36.560152,36.264783,0.166667,92.000000,0.000000,35.000000,1.834626,2.611121
3,3132.431129,0.000000,9048.119835,0.000000,3132.431129,9048.119835,313.243113,904.811983,73.120303,72.529566,36.560152,36.264783,0.166667,92.000000,0.000000,35.000000,1.834626,2.611121
3,2185.511111,0.000000,306.250000,0.000000,2185.511111,306.250000,218.551111,30.625000,59.258494,75.426807,29.629247,37.713403,0.166667,297.000000,0.000000,25.000000,1.458762,1.540828
3,1381.619945,0.000000,0.000000,0.000000,1381.619945,0.000000,138.161994,0.000000,82.065784,0.000000,41.032892,0.000000,1.000000,593.000000,0.000000,40.000000,1.734315,0.000000
3,1381.619945,0.000000,0.000000,0.000000,1381.619945,0.000000,138.161994,0.000000,82.065784,0.000000,41.032892,0.000000,1.000000,593.000000,0.000000,40.000000,1.734315,0.000000
3,1611.607143,0.000000,0.000000,0.000000,1611.607143,0.000000,161.160714,0.000000,66.716749,0.000000,33.358374,0.000000,1.000000,632.000000,0.000000,30.000000,1.343225,0.000000
3,54.833666,0.000000,0.000000,0.000000,54.833666,0.000000,170.562500,0.000000,32.592484,0.000000,16.296242,0.000000,1.000000,712.000000,0.000000,15.000000,0.861001,0.000000
3,1724.197531,0.000000,0.000000,0.000000,1724.197531,0.000000,172.419753,0.000000,51.740475,0.000000,25.870238,0.000000,1.000000,674.000000,0.000000,25.000000,1.132644,0.000000
3,1724.197531,0.000000,0.000000,0.000000,1724.197531,0.000000,172.419753,0.000000,51.740475,0.000000,25.870238,0.000000,1.000000,674.000000,0.000000,25.000000,1.132644,0.000000
3,1611.607143,0.000000,0.000000,0.000000,1611.607143,0.000000,161.160714,0.000000,66.716749,0.000000,33.358374,0.000000,1.000000,632.000000,0.000000,30.000000,1.343225,0.000000
3,7.826242,0.000000,0.000000,0.000000,56.731246,0.000000,977.333333,0.000000,7.284427,0.000000,3.642214,0.000000,1.000000,772.000000,0.000000,0.000000,0.186127,0.000000
3,1724.197531,0.000000,0.000000,0.000000,1724.197531,0.000000,172.419753,0.000000,51.740475,0.000000,25.870238,0.000000,1.000000,674.000000,0.000000,25.000000,1.132644,0.000000
3,1381.619945,0.000000,0.000000,0.000000,1381.619945,0.000000,138.161994,0.000000,82.065784,0.000000,41.032892,0.000000,1.000000,593.000000,0.000000,40.000000,1.734315,0.000000
3,-4.601931,0.000000,0.000000,0.000000,44.303074,0.000000,977.333333,0.000000,7.284427,0.000000,3.642214,0.000000,1.000000,772.000000,0.000000,0.000000,0.186127,0.000000
3,69.289875,0.000000,0.000000,0.000000,69.289875,0.000000,170.562500,0.000000,32.592484,0.000000,16.296242,0.000000,1.000000,712.000000,0.000000,15.000000,0.861001,0.000000
3,1381.619945,0.000000,0.000000,0.000000,1381.619945,0.000000,138.161994,0.000000,82.065784,0.000000,41.032892,0.000000,1.000000,593.000000,0.000000,40.000000,1.734315,0.000000
3,1724.197531,0.000000,0.000000,0.000000,1724.197531,0.000000,172.419753,0.000000,51.740475,0.000000,25.870238,0.000000,1.000000,674.000000,0.000000,25.000000,1.132644,0.000000
3,1611.607143,0.000000,0.000000,0.000000,1611.607143,0.000000,161.160714,0.000000,66.716749,0.000000,33.358374,0.000000,1.000000,632.000000,0.000000,30.000000,1.343225,0.000000
3,1611.607143,0.000000,0.000000,0.000000,1611.607143,0.000000,161.160714,0.000000,66.716749,0.000000,33.358374,0.000000,1.000000,632.000000,0.000000,30.000000,1.343225,0.000000
3,1381.619945,0.000000,0.000000,0.000000,1381.619945,0.000000,138.161994,0.000000,82.065784,0.000000,41.032892,0.000000,1.000000,593.000000,0.000000,40.000000,1.734315,0.000000
3,1611.607143,0.000000,0.000000,0.000000,1611.607143,0.000000,161.160714,0.000000,66.716749,0.000000,33.358374,0.000000,1.000000,632.000000,0.000000,30.000000,1.343225,0.000000
3,251.399321,0.000000,0.000000,0.000000,280.844612,0.000000,2800.000000,0.000000,3.528571,0.000000,1.764286,0.000000,1.000000,790.000000,0.000000,0.000000,33.881125,0.000000
3,61.575763,0.000000,0.000000,0.000000,61.575763,0.000000,170.562500,0.000000,32.592484,0.000000,16.296242,0.000000,1.000000,712.000000,0.000000,15.000000,0.861001,0.000000
3,1381.619945,0.000000,0.000000,0.000000,1381.619945,0.000000,138.161994,0.000000,82.065784,0.000000,41.032892,0.000000,1.000000,593.000000,0.000000,40.000000,1.734315,0.000000
3,1740.000000,0.000000,12388.888889,0.000000,1740.000000,12388.888889,174.000000,1238.888889,83.513128,88.896551,41.756564,44.448276,0.200000,587.000000,0.000000,40.000000,1.734536,3.417183
3,1740.000000,0.000000,12388.888889,0.000000,1740.000000,12388.888889,174.000000,1238.888889,83.513128,88.896551,41.756564,44.448276,0.200000,587.000000,0.000000,40.000000,1.734536,3.417183
3,1740.000000,0.000000,12388.888889,0.000000,1740.000000,12388.888889,174.000000,1238.888889,83.513128,88.896551,41.756564,44.448276,0.200000,587.000000,0.000000,40.000000,1.734536,3.417183
3,338.888889,0.000000,138.888889,0.000000,338.888889,138.888889,33.888889,13.888889,67.639685,44.128293,33.819842,22.064147,0.200000,237.000000,0.000000,30.000000,1.416193,0.000000
3,29630.088889,0.000000,19265.821112,0.000000,29630.088889,19265.821112,2963.008889,1926.582111,87.179038,89.574521,43.589519,44.787260,0.200000,49.000000,0.000000,40.000000,5.415056,4.370372
3,29630.088889,0.000000,19265.821112,0.000000,29630.088889,19265.821112,2963.008889,1926.582111,87.179038,89.574521,43.589519,44.787260,0.200000,49.000000,0.000000,40.000000,5.415056,4.370372
3,29630.088889,0.000000,19265.821112,0.000000,29630.088889,19265.821112,2963.008889,1926.582111,87.179038,89.574521,43.589519,44.787260,0.200000,49.000000,0.000000,40.000000,5.415056,4.370372
3,7655.208304,0.000000,5662.086152,0.000000,7655.208304,5662.086152,765.520830,566.208615,52.017994,43.236054,26.008997,21.618027,0.090909,70.000000,0.000000,25.000000,1.959028,0.000000
3,7655.208304,0.000000,5662.086152,0.000000,7655.208304,5662.086152,765.520830,566.208615,52.017994,43.236054,26.008997,21.618027,0.090909,70.000000,0.000000,25.000000,1.959028,0.000000
3,18700.312891,0.000000,23057.313194,0.000000,18700.312891,23057.313194,1870.031289,2305.731319,81.876139,85.740221,40.938069,42.870110,0.111111,168.000000,0.000000,40.000000,3.964303,4.604127
3,18700.312891,0.000000,23057.313194,0.000000,18700.312891,23057.313194,1870.031289,2305.731319,81.876139,85.740221,40.938069,42.870110,0.111111,168.000000,0.000000,40.000000,3.964303,4.604127
3,18700.312891,0.000000,23057.313194,0.000000,18700.312891,23057.313194,1870.031289,2305.731319,81.876139,85.740221,40.938069,42.870110,0.111111,168.000000,0.000000,40.000000,3.964303,4.604127
3,7298.152755,0.000000,6845.000000,0.000000,7298.152755,6845.000000,729.815275,684.500000,56.749148,46.965964,28.374574,23.482982,0.083333,60.000000,0.000000,25.000000,2.004276,0.000000
3,7298.152755,0.000000,6845.000000,0.000000,7298.152755,6845.000000,729.815275,684.500000,56.749148,46.965964,28.374574,23.482982,0.083333,60.000000,0.000000,25.000000,2.004276,0.000000
3,809.412443,0.000000,618.517667,0.000000,809.412443,618.517667,80.941244,61.851767,13.950590,7.730131,6.975295,3.865065,0.142857,6.000000,0.000000,5.000000,0.299760,0.000000
3,918.785282,0.000000,640.291358,0.000000,918.785282,640.291358,91.878528,64.029136,29.311806,38.289552,14.655903,19.144776,0.125000,57.000000,0.000000,10.000000,0.620329,0.855655
3,1165.802469,0.000000,681.861497,0.000000,1165.802469,681.861497,116.580247,68.186150,41.133918,43.032802,20.566959,21.516401,0.125000,1.000000,0.000000,20.000000,0.922706,1.025774
3,1235.570464,0.000000,1002.862879,0.000000,1235.570464,1002.862879,123.557046,100.286288,42.492885,18.740383,21.246443,9.370191,0.125000,57.000000,0.000000,20.000000,0.971204,0.000000
3,6012.646684,0.000000,6385.562130,0.000000,6012.646684,6385.562130,601.264668,638.556213,53.647626,49.156760,26.823813,24.578380,0.125000,273.000000,0.000000,25.000000,1.779340,0.000000
3,6012.646684,0.000000,6385.562130,0.000000,6012.646684,6385.562130,601.264668,638.556213,53.647626,49.156760,26.823813,24.578380,0.125000,273.000000,0.000000,25.000000,1.779340,0.000000
3,19613.143111,0.000000,21967.376315,0.000000,19613.143111,21967.376315,1961.314311,2196.737632,59.546607,69.485495,29.773303,34.742747,0.052632,93.000000,0.000000,25.000000,3.644810,4.122234
3,19613.143111,0.000000,21967.376315,0.000000,19613.143111,21967.376315,1961.314311,2196.737632,59.546607,69.485495,29.773303,34.742747,0.052632,93.000000,0.000000,25.000000,3.644810,4.122234
3,19613.143111,0.000000,21967.376315,0.000000,19613.143111,21967.376315,1961.314311,2196.737632,59.546607,69.485495,29.773303,34.742747,0.052632,93.000000,0.000000,25.000000,3.644810,4.122234
3,954.996142,0.000000,241.975309,0.000000,954.996142,241.975309,95.499614,24.197531,28.798165,10.321282,14.399082,5.160641,0.100000,19.000000,0.000000,10.000000,0.664902,0.000000
3,29925.502143,0.000000,26372.114497,0.000000,29925.502143,26372.114497,2992.550214,2637.211450,68.693445,46.095065,34.346723,23.047533,0.033333,18.000000,0.000000,30.000000,4.711273,0.000000
3,29925.502143,0.000000,26372.114497,0.000000,29925.502143,26372.114497,2992.550214,2637.211450,68.693445,46.095065,34.346723,23.047533,0.033333,18.000000,0.000000,30.000000,4.711273,0.000000
3,29925.502143,0.000000,26372.114497,0.000000,29925.502143,26372.114497,2992.550214,2637.211450,68.693445,46.095065,34.346723,23.047533,0.033333,18.000000,0.000000,30.000000,4.711273,0.000000
2,-1517.573964,0.000000,-1440.094960,0.000000,1517.573964,1440.094960,151.757396,144.009496,62.658480,66.258659,31.329240,33.129329,0.142857,83.000000,0.000000,30.000000,1.443682,1.505485
2,-4754.298347,0.000000,-8572.683456,0.000000,4754.298347,8572.683456,475.429835,857.268346,79.385933,85.121832,39.692966,42.560916,0.125000,320.000000,0.000000,35.000000,2.184405,2.771489
2,-4754.298347,0.000000,-8572.683456,0.000000,4754.298347,8572.683456,475.429835,857.268346,79.385933,85.121832,39.692966,42.560916,0.125000,320.000000,0.000000,35.000000,2.184405,2.771489
2,-852.222222,0.000000,-776.938776,0.000000,852.222222,776.938776,85.222222,77.693878,72.295754,78.156461,36.147877,39.078231,0.142857,320.000000,0.000000,35.000000,1.550951,1.661555
2,-4754.298347,0.000000,-8572.683456,0.000000,4754.298347,8572.683456,475.429835,857.268346,79.385933,85.121832,39.692966,42.560916,0.125000,320.000000,0.000000,35.000000,2.184405,2.771489
2,-499.140625,0.000000,-214.375000,0.000000,499.140625,214.375000,49.914062,21.437500,82.636092,49.574276,41.318046,24.787138,0.142857,289.000000,0.000000,40.000000,1.716140,0.000000
2,-499.140625,0.000000,-214.375000,0.000000,499.140625,214.375000,49.914062,21.437500,82.636092,49.574276,41.318046,24.787138,0.142857,289.000000,0.000000,40.000000,1.716140,0.000000
2,-843.486570,0.000000,-549.099140,0.000000,843.486570,549.099140,84.348657,54.909914,55.830865,38.901167,27.915432,19.450583,0.200000,1209.000000,0.000000,25.000000,1.186176,0.000000
2,-700.768176,0.000000,-295.857988,0.000000,700.768176,295.857988,70.076818,29.585799,36.345457,38.975275,18.172729,19.487637,0.285714,1003.000000,0.000000,15.000000,0.761762,0.000000
2,-823.718540,0.000000,-15462.239583,0.000000,823.718540,15462.239583,82.371854,1546.223958,67.632513,44.629391,33.816257,22.314695,0.111111,1026.000000,0.000000,30.000000,1.455627,0.000000
2,-823.718540,0.000000,-15462.239583,0.000000,823.718540,15462.239583,82.371854,1546.223958,67.632513,44.629391,33.816257,22.314695,0.111111,1026.000000,0.000000,30.000000,1.455627,0.000000
2,-823.718540,0.000000,-15462.239583,0.000000,823.718540,15462.239583,82.371854,1546.223958,67.632513,44.629391,33.816257,22.314695,0.111111,1026.000000,0.000000,30.000000,1.455627,0.000000
2,-17248.248889,0.000000,-17787.600000,0.000000,17248.248889,17787.600000,1724.824889,1778.760000,65.460474,46.971102,32.730237,23.485551,0.200000,14.000000,0.000000,30.000000,3.444441,0.000000
2,-17248.248889,0.000000,-17787.600000,0.000000,17248.248889,17787.600000,1724.824889,1778.760000,65.460474,46.971102,32.730237,23.485551,0.200000,14.000000,0.000000,30.000000,3.444441,0.000000
2,-17248.248889,0.000000,-17787.600000,0.000000,17248.248889,17787.600000,1724.824889,1778.760000,65.460474,46.971102,32.730237,23.485551,0.200000,14.000000,0.000000,30.000000,3.444441,0.000000
2,-15225.083234,0.000000,-1518.106509,0.000000,15225.083234,1518.106509,1522.508323,151.810651,65.249434,63.638527,32.624717,31.819264,0.285714,12.000000,0.000000,30.000000,2.936972,1.484397
2,-8974.380165,0.000000,-1028.106509,0.000000,8974.380165,1028.106509,897.438017,102.810651,67.078626,84.070172,33.539313,42.035086,0.166667,1160.000000,0.000000,30.000000,2.461915,1.831780
2,-15225.083234,0.000000,-1518.106509,0.000000,15225.083234,1518.106509,1522.508323,151.810651,65.249434,63.638527,32.624717,31.819264,0.285714,12.000000,0.000000,30.000000,2.936972,1.484397
2,-15225.083234,0.000000,-1518.106509,0.000000,15225.083234,1518.106509,1522.508323,151.810651,65.249434,63.638527,32.624717,31.819264,0.285714,12.000000,0.000000,30.000000,2.936972,1.484397
2,-8974.380165,0.000000,-1028.106509,0.000000,8974.380165,1028.106509,897.438017,102.810651,67.078626,84.070172,33.539313,42.035086,0.166667,1160.000000,0.000000,30.000000,2.461915,1.831780
2,-8974.380165,0.000000,-1028.106509,0.000000,8974.380165,1028.106509,897.438017,102.810651,67.078626,84.070172,33.539313,42.035086,0.166667,1160.000000,0.000000,30.000000,2.461915,1.831780
2,-6043.002959,0.000000,-756.143667,0.000000,6043.002959,756.143667,604.300296,75.614367,46.965542,37.262270,23.482771,18.631135,0.250000,1039.000000,0.000000,20.000000,1.647560,0.000000
2,-1046.267957,0.000000,-207.654321,0.000000,1046.267957,207.654321,104.626796,20.765432,75.428464,47.680025,37.714232,23.840012,0.125000,141.000000,0.000000,35.000000,1.580196,0.000000
2,-944.019436,0.000000,-255.102041,0.000000,944.019436,255.102041,94.401944,25.510204,70.716368,40.971457,35.358184,20.485729,0.250000,141.000000,0.000000,35.000000,1.451310,0.000000
2,-1046.267957,0.000000,-207.654321,0.000000,1046.267957,207.654321,104.626796,20.765432,75.428464,47.680025,37.714232,23.840012,0.125000,141.000000,0.000000,35.000000,1.580196,0.000000
2,-1046.267957,0.000000,-207.654321,0.000000,1046.267957,207.654321,104.626796,20.765432,75.428464,47.680025,37.714232,23.840012,0.125000,141.000000,0.000000,35.000000,1.580196,0.000000
2,-1203.717003,0.000000,-555.555556,0.000000,1203.717003,555.555556,120.371700,55.555556,71.023489,41.717503,35.511744,20.858751,0.200000,141.000000,0.000000,35.000000,1.489914,0.000000
2,-753.581181,0.000000,-295.856000,0.000000,753.581181,295.856000,75.358118,29.585600,10.765909,9.685769,5.382954,4.842884,0.090909,25.000000,0.000000,5.000000,0.252120,0.000000
2,-9000.000000,0.000000,0.000000,0.000000,9000.000000,0.000000,900.000000,0.000000,55.449983,0.000000,27.724991,0.000000,1.000000,2016.000000,0.000000,25.000000,2.235687,0.000000
2,125.613732,0.000000,0.000000,0.000000,277.129361,0.000000,2200.000000,0.000000,9.015211,0.000000,4.507605,0.000000,1.000000,2520.000000,0.000000,0.000000,27.188260,0.000000
2,-9000.000000,0.000000,0.000000,0.000000,9000.000000,0.000000,900.000000,0.000000,56.394854,0.000000,28.197427,0.000000,1.000000,2289.000000,0.000000,25.000000,2.494969,0.000000
2,-9000.000000,0.000000,0.000000,0.000000,9000.000000,0.000000,900.000000,0.000000,56.394854,0.000000,28.197427,0.000000,1.000000,2289.000000,0.000000,25.000000,2.494969,0.000000
2,-724.250202,0.000000,-122.500000,0.000000,724.250202,122.500000,72.425020,12.250000,59.859420,42.479282,29.929710,21.239641,0.250000,1488.000000,0.000000,25.000000,1.285848,0.000000
2,-886.144972,0.000000,-1400.833333,0.000000,886.144972,1400.833333,88.614497,140.083333,68.612580,48.101721,34.306290,24.050860,0.133333,1406.000000,0.000000,30.000000,1.482667,0.000000
2,-886.144972,0.000000,-1400.833333,0.000000,886.144972,1400.833333,88.614497,140.083333,68.612580,48.101721,34.306290,24.050860,0.133333,1406.000000,0.000000,30.000000,1.482667,0.000000
2,-847.976364,0.000000,-256.260388,0.000000,847.976364,256.260388,84.797636,25.626039,55.395524,24.305001,27.697762,12.152501,0.090909,87.000000,0.000000,25.000000,1.181532,0.000000
2,-1368.868754,0.000000,-683.044434,0.000000,1368.868754,683.044434,136.886875,68.304443,48.593662,14.214372,24.296831,7.107186,0.040000,55.000000,0.000000,20.000000,1.151790,0.000000
2,-911.004020,0.000000,-273.535503,0.000000,911.004020,273.535503,91.100402,27.353550,46.481379,23.646865,23.240690,11.823432,0.090909,225.000000,0.000000,20.000000,1.006471,0.000000
2,-886.144972,0.000000,-1400.833333,0.000000,886.144972,1400.833333,88.614497,140.083333,68.612580,48.101721,34.306290,24.050860,0.133333,1406.000000,0.000000,30.000000,1.482667,0.000000
2,-1024.115207,0.000000,-312.500000,0.000000,1024.115207,312.500000,102.411521,31.250000,56.385708,41.944113,28.192854,20.972057,0.200000,220.000000,0.000000,25.000000,1.166756,0.000000
2,-933.837429,0.000000,0.000000,0.000000,933.837429,0.000000,93.383743,0.000000,56.093336,0.000000,28.046668,0.000000,0.250000,220.000000,0.000000,25.000000,1.149598,0.000000
2,-890.000000,0.000000,-1825.241613,0.000000,890.000000,1825.241613,89.000000,182.524161,70.086516,48.232636,35.043258,24.116318,0.250000,2126.000000,0.000000,35.000000,1.513969,0.000000
2,-890.000000,0.000000,-1825.241613,0.000000,890.000000,1825.241613,89.000000,182.524161,70.086516,48.232636,35.043258,24.116318,0.250000,2126.000000,0.000000,35.000000,1.513969,0.000000
2,-890.000000,0.000000,-1825.241613,0.000000,890.000000,1825.241613,89.000000,182.524161,70.086516,48.232636,35.043258,24.116318,0.250000,2126.000000,0.000000,35.000000,1.513969,0.000000
2,-1964.705075,0.000000,-2344.732461,0.000000,1964.705075,2344.732461,196.470508,234.473246,56.101739,45.506335,28.050869,22.753167,0.090909,143.000000,0.000000,25.000000,1.333182,0.000000
2,-1964.705075,0.000000,-2344.732461,0.000000,1964.705075,2344.732461,196.470508,234.473246,56.101739,45.506335,28.050869,22.753167,0.090909,143.000000,0.000000,25.000000,1.333182,0.000000
2,-1964.705075,0.000000,-2344.732461,0.000000,1964.705075,2344.732461,196.470508,234.473246,56.101739,45.506335,28.050869,22.753167,0.090909,143.000000,0.000000,25.000000,1.333182,0.000000
2,-1165.767243,0.000000,-2191.022222,0.000000,1165.767243,2191.022222,116.576724,219.102222,55.771069,46.160241,27.885535,23.080120,0.090909,544.000000,0.000000,25.000000,1.224093,0.000000
2,-807.551419,0.000000,-689.950694,0.000000,807.551419,689.950694,80.755142,68.995069,17.880573,29.424139,8.940286,14.712070,0.181818,417.000000,0.000000,5.000000,0.394464,0.000000
2,-1165.767243,0.000000,-2191.022222,0.000000,1165.767243,2191.022222,116.576724,219.102222,55.771069,46.160241,27.885535,23.080120,0.090909,544.000000,0.000000,25.000000,1.224093,0.000000
2,-1165.767243,0.000000,-2191.022222,0.000000,1165.767243,2191.022222,116.576724,219.102222,55.771069,46.160241,27.885535,23.080120,0.090909,544.000000,0.000000,25.000000,1.224093,0.000000
2,-886.260388,0.000000,-657.257143,0.000000,886.260388,657.257143,88.626039,65.725714,55.539356,75.996411,27.769678,37.998206,0.142857,558.000000,0.000000,25.000000,1.189338,1.601928
2,-767.955807,0.000000,NaN,0.000000,767.955807,NaN,76.795581,81.540099,20.593893,67.104986,10.296947,33.552493,0.090909,558.000000,0.000000,10.000000,0.474456,1.443720
2,-1117.348485,0.000000,NaN,0.000000,1117.348485,NaN,111.734848,59.033906,41.463304,32.836750,20.731652,16.418375,0.111111,405.000000,0.000000,20.000000,0.936580,0.000000
2,-605.089163,0.000000,0.000000,0.000000,605.089163,0.000000,60.508916,0.000000,40.406400,0.000000,20.203200,0.000000,0.111111,405.000000,0.000000,20.000000,0.852165,0.000000
2,-803.987048,0.000000,NaN,0.000000,803.987048,NaN,80.398705,59.033906,14.571553,32.836750,7.285776,16.418375,0.076923,535.000000,0.000000,5.000000,0.351952,0.000000
2,-2044.201550,0.000000,NaN,0.000000,2044.201550,NaN,204.420155,377.584154,57.033021,78.854358,28.516511,39.427179,0.038462,588.000000,0.000000,25.000000,1.404694,2.048292
2,-2044.201550,0.000000,NaN,0.000000,2044.201550,NaN,204.420155,377.584154,57.033021,78.854358,28.516511,39.427179,0.038462,588.000000,0.000000,25.000000,1.404694,2.048292
2,-1132.725446,0.000000,-446.428571,0.000000,1132.725446,446.428571,113.272545,44.642857,36.676929,26.266713,18.338465,13.133357,0.071429,116.000000,0.000000,15.000000,0.872595,0.000000
2,-2044.201550,0.000000,NaN,0.000000,2044.201550,NaN,204.420155,377.584154,57.033021,78.854358,28.516511,39.427179,0.038462,588.000000,0.000000,25.000000,1.404694,2.048292
2,NaN,0.000000,NaN,0.000000,NaN,NaN,94.985058,82.156065,52.745282,54.630345,26.372641,27.315173,0.066667,26.000000,0.000000,25.000000,1.129385,1.195595
2,NaN,0.000000,NaN,0.000000,NaN,NaN,409.195392,337.743464,79.955426,49.049829,39.977713,24.524915,0.058824,126.000000,0.000000,35.000000,2.115969,0.000000
2,NaN,0.000000,NaN,0.000000,NaN,NaN,409.195392,337.743464,79.955426,49.049829,39.977713,24.524915,0.058824,126.000000,0.000000,35.000000,2.115969,0.000000
2,NaN,0.000000,NaN,0.000000,NaN,NaN,409.195392,337.743464,79.955426,49.049829,39.977713,24.524915,0.058824,126.000000,0.000000,35.000000,2.115969,0.000000
2,NaN,0.000000,NaN,0.000000,NaN,NaN,312.469287,389.215486,59.990658,48.360133,29.995329,24.180066,0.083333,303.000000,0.000000,25.000000,1.544329,0.000000
2,NaN,0.000000,NaN,0.000000,NaN,NaN,312.469287,389.215486,59.990658,48.360133,29.995329,24.180066,0.083333,303.000000,0.000000,25.000000,1.544329,0.000000
2,NaN,0.000000,NaN,0.000000,NaN,NaN,312.469287,389.215486,59.990658,48.360133,29.995329,24.180066,0.083333,303.000000,0.000000,25.000000,1.544329,0.000000
1,217.789685,0.000000,-93.841434,0.000000,217.789685,135.631413,4445.555556,179.555556,15.673751,22.858459,7.836876,11.429230,0.200000,8.000000,0.000000,5.000000,8.028074,0.561087
1,189.688289,0.000000,-63.502152,0.000000,189.688289,165.970694,4445.555556,179.555556,15.673751,22.858459,7.836876,11.429230,0.200000,8.000000,0.000000,5.000000,8.028074,0.561087
1,-5.543784,0.000000,-13.572680,0.000000,7.591401,13.572680,2908.000000,847.000000,10.332240,21.756869,5.166120,10.878435,0.200000,21.000000,0.000000,5.000000,0.222381,1.574281
1,0.615290,0.000000,-11.974954,0.000000,13.750475,13.275552,2908.000000,847.000000,10.332240,21.756869,5.166120,10.878435,0.200000,21.000000,0.000000,5.000000,0.222381,1.574281
1,-153.772730,0.000000,-699.797964,0.000000,153.772730,699.797964,106.666667,93.600000,18.775152,22.853078,9.387576,11.426539,0.200000,39.000000,0.000000,5.000000,0.417438,0.571222
1,-2289.555556,0.000000,-955.555556,0.000000,2289.555556,955.555556,228.955556,95.555556,39.542494,43.054320,19.771247,21.527160,0.200000,2.000000,0.000000,15.000000,0.951496,1.045202
1,13.687224,0.000000,-955.555556,0.000000,14.380892,955.555556,145.000000,95.555556,27.234522,43.054320,13.617261,21.527160,0.200000,75.000000,0.000000,10.000000,0.837988,1.045202
1,15.656541,0.000000,-955.555556,0.000000,15.656541,955.555556,145.000000,95.555556,27.234522,43.054320,13.617261,21.527160,0.200000,75.000000,0.000000,10.000000,0.837988,1.045202
1,-2289.555556,0.000000,-955.555556,0.000000,2289.555556,955.555556,228.955556,95.555556,39.542494,43.054320,19.771247,21.527160,0.200000,2.000000,0.000000,15.000000,0.951496,1.045202
1,15.202733,0.000000,-955.555556,0.000000,15.202733,955.555556,145.000000,95.555556,27.234522,43.054320,13.617261,21.527160,0.200000,75.000000,0.000000,10.000000,0.837988,1.045202
1,14.141032,0.000000,-955.555556,0.000000,14.834700,955.555556,145.000000,95.555556,27.234522,43.054320,13.617261,21.527160,0.200000,75.000000,0.000000,10.000000,0.837988,1.045202
1,-569.822485,0.000000,-769.132653,0.000000,569.822485,769.132653,56.982249,76.913265,40.463969,45.923085,20.231984,22.961543,0.200000,15.000000,0.000000,20.000000,0.906067,0.993886
1,-569.822485,0.000000,-769.132653,0.000000,569.822485,769.132653,56.982249,76.913265,40.463969,45.923085,20.231984,22.961543,0.200000,15.000000,0.000000,20.000000,0.906067,0.993886
1,-569.822485,0.000000,-769.132653,0.000000,569.822485,769.132653,56.982249,76.913265,40.463969,45.923085,20.231984,22.961543,0.200000,15.000000,0.000000,20.000000,0.906067,0.993886
1,-43554.800000,0.000000,-15948.512397,0.000000,43554.800000,15948.512397,4355.480000,1594.851240,47.718549,74.065810,23.859275,37.032905,0.125000,82.000000,0.000000,20.000000,7.834529,2.407381
1,-43554.800000,0.000000,-15948.512397,0.000000,43554.800000,15948.512397,4355.480000,1594.851240,47.718549,74.065810,23.859275,37.032905,0.125000,82.000000,0.000000,20.000000,7.834529,2.407381
1,-808.395062,0.000000,-15948.512397,0.000000,808.395062,15948.512397,80.839506,1594.851240,45.257692,74.065810,22.628846,37.032905,0.200000,125.000000,0.000000,20.000000,0.968465,2.407381
1,-808.395062,0.000000,-15948.512397,0.000000,808.395062,15948.512397,80.839506,1594.851240,45.257692,74.065810,22.628846,37.032905,0.200000,125.000000,0.000000,20.000000,0.968465,2.407381
1,-155.788492,0.000000,-1303.510204,0.000000,168.800642,1303.510204,2636.555556,130.351020,10.428325,69.678110,5.214163,34.839055,0.200000,345.000000,0.000000,5.000000,7.318696,1.559904
1,-161.163716,0.000000,-1303.510204,0.000000,163.425417,1303.510204,2636.555556,130.351020,10.428325,69.678110,5.214163,34.839055,0.200000,345.000000,0.000000,5.000000,7.318696,1.559904
1,-5693.333333,0.000000,-969.639506,0.000000,5693.333333,969.639506,569.333333,96.963951,83.039845,86.312036,41.519922,43.156018,0.111111,8.000000,0.000000,40.000000,2.451041,1.838325
1,-5693.333333,0.000000,-969.639506,0.000000,5693.333333,969.639506,569.333333,96.963951,83.039845,86.312036,41.519922,43.156018,0.111111,8.000000,0.000000,40.000000,2.451041,1.838325
1,-5693.333333,0.000000,-969.639506,0.000000,5693.333333,969.639506,569.333333,96.963951,83.039845,86.312036,41.519922,43.156018,0.111111,8.000000,0.000000,40.000000,2.451041,1.838325
1,-5693.333333,0.000000,-969.639506,0.000000,5693.333333,969.639506,569.333333,96.963951,83.039845,86.312036,41.519922,43.156018,0.111111,8.000000,0.000000,40.000000,2.451041,1.838325
1,-5693.333333,0.000000,-969.639506,0.000000,5693.333333,969.639506,569.333333,96.963951,83.039845,86.312036,41.519922,43.156018,0.111111,8.000000,0.000000,40.000000,2.451041,1.838325
1,-5693.333333,0.000000,-969.639506,0.000000,5693.333333,969.639506,569.333333,96.963951,83.039845,86.312036,41.519922,43.156018,0.111111,8.000000,0.000000,40.000000,2.451041,1.838325
1,-5693.333333,0.000000,-969.639506,0.000000,5693.333333,969.639506,569.333333,96.963951,83.039845,86.312036,41.519922,43.156018,0.111111,8.000000,0.000000,40.000000,2.451041,1.838325
1,-5693.333333,0.000000,-969.639506,0.000000,5693.333333,969.639506,569.333333,96.963951,83.039845,86.312036,41.519922,43.156018,0.111111,8.000000,0.000000,40.000000,2.451041,1.838325
1,-706.589506,0.000000,-925.586735,0.000000,706.589506,925.586735,70.658951,92.558673,77.606880,74.396589,38.803440,37.198294,0.166667,19.000000,0.000000,35.000000,1.582124,1.612404
1,-706.589506,0.000000,-925.586735,0.000000,706.589506,925.586735,70.658951,92.558673,77.606880,74.396589,38.803440,37.198294,0.166667,19.000000,0.000000,35.000000,1.582124,1.612404
1,-706.589506,0.000000,-925.586735,0.000000,706.589506,925.586735,70.658951,92.558673,77.606880,74.396589,38.803440,37.198294,0.166667,19.000000,0.000000,35.000000,1.582124,1.612404
1,-706.589506,0.000000,-925.586735,0.000000,706.589506,925.586735,70.658951,92.558673,77.606880,74.396589,38.803440,37.198294,0.166667,19.000000,0.000000,35.000000,1.582124,1.612404
1,-1330.741966,0.000000,-1025.668000,0.000000,1330.741966,1025.668000,133.074197,102.566800,65.844047,81.727950,32.922024,40.863975,0.250000,64.000000,0.000000,30.000000,1.480527,1.764852
1,-1330.741966,0.000000,-1025.668000,0.000000,1330.741966,1025.668000,133.074197,102.566800,65.844047,81.727950,32.922024,40.863975,0.250000,64.000000,0.000000,30.000000,1.480527,1.764852
1,-1330.741966,0.000000,-1025.668000,0.000000,1330.741966,1025.668000,133.074197,102.566800,65.844047,81.727950,32.922024,40.863975,0.250000,64.000000,0.000000,30.000000,1.480527,1.764852
1,-3230.082645,0.000000,-5880.987654,0.000000,3230.082645,5880.987654,323.008264,588.098765,62.215836,72.738921,31.107918,36.369460,0.250000,116.000000,0.000000,30.000000,1.630884,2.274075
1,-1504.776786,0.000000,-4797.530864,0.000000,1504.776786,4797.530864,150.477679,479.753086,66.072020,70.925201,33.036010,35.462601,0.142857,144.000000,0.000000,30.000000,1.510393,2.104729
1,-1000.295858,0.000000,-4930.987654,0.000000,1000.295858,4930.987654,100.029586,493.098765,68.274398,70.204513,34.137199,35.102257,0.250000,26.000000,0.000000,30.000000,1.494460,2.106205
1,-2360.000000,0.000000,-1620.000000,0.000000,2360.000000,1620.000000,236.000000,162.000000,37.336797,29.388732,18.668399,14.694366,0.200000,205.000000,0.000000,15.000000,1.054951,0.000000
1,-1167.397959,0.000000,-1044.897959,0.000000,1167.397959,1044.897959,116.739796,104.489796,81.380842,46.636696,40.690421,23.318348,0.250000,1.000000,0.000000,40.000000,1.771960,0.000000
1,-1167.397959,0.000000,-1044.897959,0.000000,1167.397959,1044.897959,116.739796,104.489796,81.380842,46.636696,40.690421,23.318348,0.250000,1.000000,0.000000,40.000000,1.771960,0.000000
1,-1167.397959,0.000000,-1044.897959,0.000000,1167.397959,1044.897959,116.739796,104.489796,81.380842,46.636696,40.690421,23.318348,0.250000,1.000000,0.000000,40.000000,1.771960,0.000000
1,-1208.424691,0.000000,-1092.622222,0.000000,1208.424691,1092.622222,120.842469,109.262222,79.844737,88.304566,39.922368,44.152283,0.166667,94.000000,0.000000,35.000000,1.760377,1.899508
1,-1208.424691,0.000000,-1092.622222,0.000000,1208.424691,1092.622222,120.842469,109.262222,79.844737,88.304566,39.922368,44.152283,0.166667,94.000000,0.000000,35.000000,1.760377,1.899508
1,-1124.449587,0.000000,-910.556250,0.000000,1124.449587,910.556250,112.444959,91.055625,84.984232,84.532576,42.492116,42.266288,0.166667,7.000000,0.000000,40.000000,1.869059,1.804047
1,-1124.449587,0.000000,-910.556250,0.000000,1124.449587,910.556250,112.444959,91.055625,84.984232,84.532576,42.492116,42.266288,0.166667,7.000000,0.000000,40.000000,1.869059,1.804047
1,-1078.092308,0.000000,-1735.868750,0.000000,1078.092308,1735.868750,107.809231,173.586875,82.875127,78.370289,41.437563,39.185144,0.166667,23.000000,0.000000,40.000000,1.803437,1.789836
1,-1078.092308,0.000000,-1735.868750,0.000000,1078.092308,1735.868750,107.809231,173.586875,82.875127,78.370289,41.437563,39.185144,0.166667,23.000000,0.000000,40.000000,1.803437,1.789836
1,-1710.518343,0.000000,-3223.525000,0.000000,1710.518343,3223.525000,171.051834,322.352500,78.818685,73.898410,39.409342,36.949205,0.166667,16.000000,0.000000,35.000000,1.790090,1.898958
1,-1710.518343,0.000000,-3223.525000,0.000000,1710.518343,3223.525000,171.051834,322.352500,78.818685,73.898410,39.409342,36.949205,0.166667,16.000000,0.000000,35.000000,1.790090,1.898958
1,-2518.512397,0.000000,-1287.430556,0.000000,2518.512397,1287.430556,251.851240,128.743056,68.760453,84.868308,34.380226,42.434154,0.125000,342.000000,0.000000,30.000000,1.408032,1.872636
1,-5250.987654,0.000000,-1287.430556,0.000000,5250.987654,1287.430556,525.098765,128.743056,71.600860,84.868308,35.800430,42.434154,0.111111,132.000000,0.000000,35.000000,2.134868,1.872636
1,-5250.987654,0.000000,-1287.430556,0.000000,5250.987654,1287.430556,525.098765,128.743056,71.600860,84.868308,35.800430,42.434154,0.111111,132.000000,0.000000,35.000000,2.134868,1.872636
1,-3086.275888,0.000000,-911.458333,0.000000,3086.275888,911.458333,308.627589,91.145833,79.956892,80.427537,39.978446,40.213769,0.111111,22.000000,0.000000,35.000000,1.984384,1.737176
1,-5250.987654,0.000000,-1287.430556,0.000000,5250.987654,1287.430556,525.098765,128.743056,71.600860,84.868308,35.800430,42.434154,0.111111,132.000000,0.000000,35.000000,2.134868,1.872636
1,-3086.275888,0.000000,-911.458333,0.000000,3086.275888,911.458333,308.627589,91.145833,79.956892,80.427537,39.978446,40.213769,0.111111,22.000000,0.000000,35.000000,1.984384,1.737176
1,-3086.275888,0.000000,-911.458333,0.000000,3086.275888,911.458333,308.627589,91.145833,79.956892,80.427537,39.978446,40.213769,0.111111,22.000000,0.000000,35.000000,1.984384,1.737176
1,-5250.987654,0.000000,-1287.430556,0.000000,5250.987654,1287.430556,525.098765,128.743056,71.600860,84.868308,35.800430,42.434154,0.111111,132.000000,0.000000,35.000000,2.134868,1.872636
1,-3086.275888,0.000000,-911.458333,0.000000,3086.275888,911.458333,308.627589,91.145833,79.956892,80.427537,39.978446,40.213769,0.111111,22.000000,0.000000,35.000000,1.984384,1.737176
1,-3086.275888,0.000000,-911.458333,0.000000,3086.275888,911.458333,308.627589,91.145833,79.956892,80.427537,39.978446,40.213769,0.111111,22.000000,0.000000,35.000000,1.984384,1.737176
1,-3509.574653,0.000000,-3272.920605,0.000000,3509.574653,3272.920605,350.957465,327.292060,73.567084,47.002374,36.783542,23.501187,0.250000,176.000000,0.000000,35.000000,1.889259,0.000000
1,-3509.574653,0.000000,-3272.920605,0.000000,3509.574653,3272.920605,350.957465,327.292060,73.567084,47.002374,36.783542,23.501187,0.250000,176.000000,0.000000,35.000000,1.889259,0.000000
1,-3509.574653,0.000000,-3272.920605,0.000000,3509.574653,3272.920605,350.957465,327.292060,73.567084,47.002374,36.783542,23.501187,0.250000,176.000000,0.000000,35.000000,1.889259,0.000000
1,-1594.448485,0.000000,-1930.130719,0.000000,1594.448485,1930.130719,159.444849,193.013072,68.000380,78.186212,34.000190,39.093106,0.100000,78.000000,0.000000,30.000000,1.564903,1.810274
1,-1594.448485,0.000000,-1930.130719,0.000000,1594.448485,1930.130719,159.444849,193.013072,68.000380,78.186212,34.000190,39.093106,0.100000,78.000000,0.000000,30.000000,1.564903,1.810274
1,-3482.917873,0.000000,-4218.000000,0.000000,3482.917873,4218.000000,348.291787,421.800000,79.357869,83.725822,39.678935,41.862911,0.062500,84.000000,0.000000,35.000000,2.026092,2.219311
1,-3482.917873,0.000000,-4218.000000,0.000000,3482.917873,4218.000000,348.291787,421.800000,79.357869,83.725822,39.678935,41.862911,0.062500,84.000000,0.000000,35.000000,2.026092,2.219311
1,-3482.917873,0.000000,-4218.000000,0.000000,3482.917873,4218.000000,348.291787,421.800000,79.357869,83.725822,39.678935,41.862911,0.062500,84.000000,0.000000,35.000000,2.026092,2.219311
1,-3482.917873,0.000000,-4218.000000,0.000000,3482.917873,4218.000000,348.291787,421.800000,79.357869,83.725822,39.678935,41.862911,0.062500,84.000000,0.000000,35.000000,2.026092,2.219311
1,-26.424565,0.000000,-2925.725000,0.000000,34.239730,2925.725000,165.750000,292.572500,29.207974,76.650692,14.603987,38.325346,0.200000,505.000000,0.000000,10.000000,0.817369,1.917951
1,-23.322967,0.000000,-2925.725000,0.000000,31.138133,2925.725000,165.750000,292.572500,29.207974,76.650692,14.603987,38.325346,0.200000,505.000000,0.000000,10.000000,0.817369,1.917951
1,-4337.297959,0.000000,-400.440500,0.000000,4337.297959,400.440500,433.729796,40.044050,73.154010,89.141865,36.577005,44.570933,0.250000,202.000000,0.000000,35.000000,2.001167,1.834482
1,-4430.720739,0.000000,-1404.884944,0.000000,4430.720739,1404.884944,443.072074,140.488494,75.033002,84.298320,37.516501,42.149160,0.100000,107.000000,0.000000,35.000000,2.057678,1.862808
1,-4311.244856,0.000000,-2416.568972,0.000000,4311.244856,2416.568972,431.124486,241.656897,90.734642,91.453481,45.367321,45.726740,0.066667,36.000000,0.000000,45.000000,2.346420,2.131959
1,-4430.720739,0.000000,-1404.884944,0.000000,4430.720739,1404.884944,443.072074,140.488494,75.033002,84.298320,37.516501,42.149160,0.100000,107.000000,0.000000,35.000000,2.057678,1.862808
1,-4430.720739,0.000000,-1404.884944,0.000000,4430.720739,1404.884944,443.072074,140.488494,75.033002,84.298320,37.516501,42.149160,0.100000,107.000000,0.000000,35.000000,2.057678,1.862808
1,-4337.297959,0.000000,-400.440500,0.000000,4337.297959,400.440500,433.729796,40.044050,73.154010,89.141865,36.577005,44.570933,0.250000,202.000000,0.000000,35.000000,2.001167,1.834482
1,-4311.244856,0.000000,-2416.568972,0.000000,4311.244856,2416.568972,431.124486,241.656897,90.734642,91.453481,45.367321,45.726740,0.066667,36.000000,0.000000,45.000000,2.346420,2.131959
1,-4311.244856,0.000000,-2416.568972,0.000000,4311.244856,2416.568972,431.124486,241.656897,90.734642,91.453481,45.367321,45.726740,0.066667,36.000000,0.000000,45.000000,2.346420,2.131959
1,-70.928791,0.000000,-426.803347,0.000000,95.393361,426.803347,793.111111,42.680335,18.633456,87.964772,9.316728,43.982386,0.142857,708.000000,0.000000,5.000000,1.230640,1.814216
1,-4337.297959,0.000000,-400.440500,0.000000,4337.297959,400.440500,433.729796,40.044050,73.154010,89.141865,36.577005,44.570933,0.250000,202.000000,0.000000,35.000000,2.001167,1.834482
1,-4311.244856,0.000000,-2416.568972,0.000000,4311.244856,2416.568972,431.124486,241.656897,90.734642,91.453481,45.367321,45.726740,0.066667,36.000000,0.000000,45.000000,2.346420,2.131959
1,-4311.244856,0.000000,-2416.568972,0.000000,4311.244856,2416.568972,431.124486,241.656897,90.734642,91.453481,45.367321,45.726740,0.066667,36.000000,0.000000,45.000000,2.346420,2.131959
1,-652.839506,0.000000,-460.440500,0.000000,652.839506,460.440500,65.283951,46.044050,39.550554,85.270264,19.775277,42.635132,0.250000,626.000000,0.000000,15.000000,0.911815,1.764523
1,-4655.206977,0.000000,-426.803347,0.000000,4655.206977,426.803347,895.400000,42.680335,31.604723,87.964772,15.802362,43.982386,0.142857,628.000000,0.000000,15.000000,2.524206,1.814216
1,-652.839506,0.000000,-460.440500,0.000000,652.839506,460.440500,65.283951,46.044050,39.550554,85.270264,19.775277,42.635132,0.250000,626.000000,0.000000,15.000000,0.911815,1.764523
1,-652.839506,0.000000,-460.440500,0.000000,652.839506,460.440500,65.283951,46.044050,39.550554,85.270264,19.775277,42.635132,0.250000,626.000000,0.000000,15.000000,0.911815,1.764523
1,-4655.206977,0.000000,-426.803347,0.000000,4655.206977,426.803347,895.400000,42.680335,31.604723,87.964772,15.802362,43.982386,0.142857,628.000000,0.000000,15.000000,2.524206,1.814216
1,-4311.244856,0.000000,-2416.568972,0.000000,4311.244856,2416.568972,431.124486,241.656897,90.734642,91.453481,45.367321,45.726740,0.066667,36.000000,0.000000,45.000000,2.346420,2.131959
1,-636.900000,0.000000,-128.000000,0.000000,636.900000,128.000000,63.690000,12.800000,77.276871,39.950667,38.638436,19.975334,0.200000,95.000000,0.000000,35.000000,1.629021,0.000000
1,-3481.484375,0.000000,-963.718821,0.000000,3481.484375,963.718821,348.148438,96.371882,80.955152,44.470588,40.477576,22.235294,0.111111,119.000000,0.000000,40.000000,2.064732,0.000000
1,-1312.809917,0.000000,-963.718821,0.000000,1312.809917,963.718821,131.280992,96.371882,80.905327,44.470588,40.452663,22.235294,0.111111,215.000000,0.000000,40.000000,1.716141,0.000000
1,-1552.799194,0.000000,-1094.411765,0.000000,1552.799194,1094.411765,155.279919,109.441176,84.808788,47.230357,42.404394,23.615179,0.100000,56.000000,0.000000,40.000000,1.730828,0.000000
1,-3481.484375,0.000000,-963.718821,0.000000,3481.484375,963.718821,348.148438,96.371882,80.955152,44.470588,40.477576,22.235294,0.111111,119.000000,0.000000,40.000000,2.064732,0.000000
1,-3481.484375,0.000000,-963.718821,0.000000,3481.484375,963.718821,348.148438,96.371882,80.955152,44.470588,40.477576,22.235294,0.111111,119.000000,0.000000,40.000000,2.064732,0.000000
1,-3481.484375,0.000000,-963.718821,0.000000,3481.484375,963.718821,348.148438,96.371882,80.955152,44.470588,40.477576,22.235294,0.111111,119.000000,0.000000,40.000000,2.064732,0.000000
1,-3481.484375,0.000000,-963.718821,0.000000,3481.484375,963.718821,348.148438,96.371882,80.955152,44.470588,40.477576,22.235294,0.111111,119.000000,0.000000,40.000000,2.064732,0.000000
1,-1519.162041,0.000000,-1062.919555,0.000000,1519.162041,1062.919555,151.916204,106.291955,87.503295,47.093716,43.751648,23.546858,0.100000,60.000000,0.000000,40.000000,1.780521,0.000000
1,-3269.262153,0.000000,-963.718821,0.000000,3269.262153,963.718821,326.926215,96.371882,79.105043,45.167647,39.552521,22.583824,0.100000,123.000000,0.000000,35.000000,2.001212,0.000000
1,-3269.262153,0.000000,-963.718821,0.000000,3269.262153,963.718821,326.926215,96.371882,79.105043,45.167647,39.552521,22.583824,0.100000,123.000000,0.000000,35.000000,2.001212,0.000000
1,-3269.262153,0.000000,-963.718821,0.000000,3269.262153,963.718821,326.926215,96.371882,79.105043,45.167647,39.552521,22.583824,0.100000,123.000000,0.000000,35.000000,2.001212,0.000000
1,-2478.046875,0.000000,-2795.916955,0.000000,2478.046875,2795.916955,247.804688,279.591696,80.821206,44.382846,40.410603,22.191423,0.100000,74.000000,0.000000,40.000000,1.954027,0.000000
1,-3269.262153,0.000000,-963.718821,0.000000,3269.262153,963.718821,326.926215,96.371882,79.105043,45.167647,39.552521,22.583824,0.100000,123.000000,0.000000,35.000000,2.006763,0.000000
1,-3269.262153,0.000000,-963.718821,0.000000,3269.262153,963.718821,326.926215,96.371882,79.105043,45.167647,39.552521,22.583824,0.100000,123.000000,0.000000,35.000000,2.001212,0.000000
1,-2478.046875,0.000000,-2795.916955,0.000000,2478.046875,2795.916955,247.804688,279.591696,80.821206,44.382846,40.410603,22.191423,0.100000,74.000000,0.000000,40.000000,1.954027,0.000000
1,-3269.262153,0.000000,-963.718821,0.000000,3269.262153,963.718821,326.926215,96.371882,79.105043,45.167647,39.552521,22.583824,0.100000,123.000000,0.000000,35.000000,2.001212,0.000000
1,-1492.799194,0.000000,-1062.919555,0.000000,1492.799194,1062.919555,149.279919,106.291955,88.680389,46.682437,44.340194,23.341219,0.250000,89.000000,0.000000,40.000000,1.800787,0.000000
1,-2497.243638,0.000000,-3569.330825,0.000000,2497.243638,3569.330825,249.724364,356.933083,83.836844,79.216376,41.918422,39.608188,0.090909,118.000000,0.000000,40.000000,1.829113,2.040176
1,-3693.701333,0.000000,-4123.935354,0.000000,3693.701333,4123.935354,369.370133,412.393535,81.529925,88.591671,40.764963,44.295836,0.090909,153.000000,0.000000,40.000000,2.082882,2.292895
1,-3693.701333,0.000000,-4123.935354,0.000000,3693.701333,4123.935354,369.370133,412.393535,81.529925,88.591671,40.764963,44.295836,0.090909,153.000000,0.000000,40.000000,2.082882,2.292895
1,-3693.701333,0.000000,-4123.935354,0.000000,3693.701333,4123.935354,369.370133,412.393535,81.529925,88.591671,40.764963,44.295836,0.090909,153.000000,0.000000,40.000000,2.082882,2.292895
1,-3693.701333,0.000000,-4123.935354,0.000000,3693.701333,4123.935354,369.370133,412.393535,81.529925,88.591671,40.764963,44.295836,0.090909,153.000000,0.000000,40.000000,2.082882,2.292895
1,-1137.372840,0.000000,-805.473373,0.000000,1137.372840,805.473373,113.737284,80.547337,76.156042,48.197431,38.078021,24.098715,0.090909,19.000000,0.000000,35.000000,1.631563,0.000000
1,-1137.372840,0.000000,-805.473373,0.000000,1137.372840,805.473373,113.737284,80.547337,76.156042,48.197431,38.078021,24.098715,0.090909,19.000000,0.000000,35.000000,1.631563,0.000000
1,-1137.372840,0.000000,-805.473373,0.000000,1137.372840,805.473373,113.737284,80.547337,76.156042,48.197431,38.078021,24.098715,0.090909,19.000000,0.000000,35.000000,1.631563,0.000000
1,-3190.997069,0.000000,-2857.973312,0.000000,3190.997069,2857.973312,319.099707,285.797331,77.251485,49.111598,38.625742,24.555799,0.272727,19.000000,0.000000,35.000000,1.909042,0.000000
1,-1137.372840,0.000000,-805.473373,0.000000,1137.372840,805.473373,113.737284,80.547337,76.156042,48.197431,38.078021,24.098715,0.090909,19.000000,0.000000,35.000000,1.631563,0.000000
1,-1137.372840,0.000000,-805.473373,0.000000,1137.372840,805.473373,113.737284,80.547337,76.156042,48.197431,38.078021,24.098715,0.090909,19.000000,0.000000,35.000000,1.631563,0.000000
1,-3190.997069,0.000000,-2857.973312,0.000000,3190.997069,2857.973312,319.099707,285.797331,77.251485,49.111598,38.625742,24.555799,0.272727,19.000000,0.000000,35.000000,1.909042,0.000000
1,-3190.997069,0.000000,-2857.973312,0.000000,3190.997069,2857.973312,319.099707,285.797331,77.251485,49.111598,38.625742,24.555799,0.272727,19.000000,0.000000,35.000000,1.909042,0.000000
1,-1699.898126,0.000000,-1433.725286,0.000000,1699.898126,1433.725286,169.989813,143.372529,75.444637,47.347064,37.722318,23.673532,0.090909,19.000000,0.000000,35.000000,1.687268,0.000000
1,-1699.898126,0.000000,-1433.725286,0.000000,1699.898126,1433.725286,169.989813,143.372529,75.444637,47.347064,37.722318,23.673532,0.090909,19.000000,0.000000,35.000000,1.687268,0.000000
1,-1137.372840,0.000000,-805.473373,0.000000,1137.372840,805.473373,113.737284,80.547337,76.156042,48.197431,38.078021,24.098715,0.090909,19.000000,0.000000,35.000000,1.631563,0.000000
1,-3190.997069,0.000000,-2857.973312,0.000000,3190.997069,2857.973312,319.099707,285.797331,77.251485,49.111598,38.625742,24.555799,0.272727,19.000000,0.000000,35.000000,1.909042,0.000000
1,-4180.852081,0.000000,-4074.452551,0.000000,4180.852081,4074.452551,418.085208,407.445255,97.534748,84.429005,48.767374,42.214503,0.058824,109.000000,0.000000,45.000000,2.473399,2.201049
1,-4180.852081,0.000000,-4074.452551,0.000000,4180.852081,4074.452551,418.085208,407.445255,97.534748,84.429005,48.767374,42.214503,0.058824,109.000000,0.000000,45.000000,2.473399,2.201049
1,-4180.852081,0.000000,-4074.452551,0.000000,4180.852081,4074.452551,418.085208,407.445255,97.534748,84.429005,48.767374,42.214503,0.058824,109.000000,0.000000,45.000000,2.473399,2.201049
1,-4180.852081,0.000000,-4074.452551,0.000000,4180.852081,4074.452551,418.085208,407.445255,97.534748,84.429005,48.767374,42.214503,0.058824,109.000000,0.000000,45.000000,2.473399,2.201049
1,-4180.852081,0.000000,-4074.452551,0.000000,4180.852081,4074.452551,418.085208,407.445255,97.534748,84.429005,48.767374,42.214503,0.058824,109.000000,0.000000,45.000000,2.473399,2.201049
1,-4180.852081,0.000000,-4074.452551,0.000000,4180.852081,4074.452551,418.085208,407.445255,97.534748,84.429005,48.767374,42.214503,0.058824,109.000000,0.000000,45.000000,2.473399,2.201049
1,-4180.852081,0.000000,-4074.452551,0.000000,4180.852081,4074.452551,418.085208,407.445255,97.534748,84.429005,48.767374,42.214503,0.058824,109.000000,0.000000,45.000000,2.473399,2.201049
1,-4180.852081,0.000000,-4074.452551,0.000000,4180.852081,4074.452551,418.085208,407.445255,97.534748,84.429005,48.767374,42.214503,0.058824,109.000000,0.000000,45.000000,2.473399,2.201049
1,-4180.852081,0.000000,-4074.452551,0.000000,4180.852081,4074.452551,418.085208,407.445255,97.534748,84.429005,48.767374,42.214503,0.058824,109.000000,0.000000,45.000000,2.473399,2.201049
1,-4180.852081,0.000000,-4074.452551,0.000000,4180.852081,4074.452551,418.085208,407.445255,97.534748,84.429005,48.767374,42.214503,0.058824,109.000000,0.000000,45.000000,2.473399,2.201049
1,-4180.852081,0.000000,-4074.452551,0.000000,4180.852081,4074.452551,418.085208,407.445255,97.534748,84.429005,48.767374,42.214503,0.058824,109.000000,0.000000,45.000000,2.473399,2.201049
1,-4180.852081,0.000000,-4074.452551,0.000000,4180.852081,4074.452551,418.085208,407.445255,97.534748,84.429005,48.767374,42.214503,0.058824,109.000000,0.000000,45.000000,2.473399,2.201049
1,-4180.852081,0.000000,-4074.452551,0.000000,4180.852081,4074.452551,418.085208,407.445255,97.534748,84.429005,48.767374,42.214503,0.058824,109.000000,0.000000,45.000000,2.473399,2.201049
1,-4180.852081,0.000000,-4074.452551,0.000000,4180.852081,4074.452551,418.085208,407.445255,97.534748,84.429005,48.767374,42.214503,0.058824,109.000000,0.000000,45.000000,2.473399,2.201049
1,-4180.852081,0.000000,-4074.452551,0.000000,4180.852081,4074.452551,418.085208,407.445255,97.534748,84.429005,48.767374,42.214503,0.058824,109.000000,0.000000,45.000000,2.473399,2.201049
1,-4180.852081,0.000000,-4074.452551,0.000000,4180.852081,4074.452551,418.085208,407.445255,97.534748,84.429005,48.767374,42.214503,0.058824,109.000000,0.000000,45.000000,2.473399,2.201049
1,-4180.852081,0.000000,-4074.452551,0.000000,4180.852081,4074.452551,418.085208,407.445255,97.534748,84.429005,48.767374,42.214503,0.058824,109.000000,0.000000,45.000000,2.473399,2.201049
1,-4180.852081,0.000000,-4074.452551,0.000000,4180.852081,4074.452551,418.085208,407.445255,97.534748,84.429005,48.767374,42.214503,0.058824,109.000000,0.000000,45.000000,2.473399,2.201049
1,-4180.852081,0.000000,-4074.452551,0.000000,4180.852081,4074.452551,418.085208,407.445255,97.534748,84.429005,48.767374,42.214503,0.058824,109.000000,0.000000,45.000000,2.473399,2.201049
1,-4180.852081,0.000000,-4074.452551,0.000000,4180.852081,4074.452551,418.085208,407.445255,97.534748,84.429005,48.767374,42.214503,0.058824,109.000000,0.000000,45.000000,2.473399,2.201049
1,-4180.852081,0.000000,-4074.452551,0.000000,4180.852081,4074.452551,418.085208,407.445255,97.534748,84.429005,48.767374,42.214503,0.058824,109.000000,0.000000,45.000000,2.473399,2.201049
1,-4180.852081,0.000000,-4074.452551,0.000000,4180.852081,4074.452551,418.085208,407.445255,97.534748,84.429005,48.767374,42.214503,0.058824,109.000000,0.000000,45.000000,2.473399,2.201049
1,-4180.852081,0.000000,-4074.452551,0.000000,4180.852081,4074.452551,418.085208,407.445255,97.534748,84.429005,48.767374,42.214503,0.058824,109.000000,0.000000,45.000000,2.473399,2.201049
1,-4180.852081,0.000000,-4074.452551,0.000000,4180.852081,4074.452551,418.085208,407.445255,97.534748,84.429005,48.767374,42.214503,0.058824,109.000000,0.000000,45.000000,2.473399,2.201049
1,-4976.095761,0.000000,-5972.758755,0.000000,4976.095761,5972.758755,497.609576,597.275875,90.868998,97.431933,45.434499,48.715967,0.033333,48.000000,0.000000,45.000000,2.438102,2.718432
1,-4976.095761,0.000000,-5972.758755,0.000000,4976.095761,5972.758755,497.609576,597.275875,90.868998,97.431933,45.434499,48.715967,0.033333,48.000000,0.000000,45.000000,2.438102,2.718432
1,-4976.095761,0.000000,-5972.758755,0.000000,4976.095761,5972.758755,497.609576,597.275875,90.868998,97.431933,45.434499,48.715967,0.033333,48.000000,0.000000,45.000000,2.438102,2.718432
1,-4976.095761,0.000000,-5972.758755,0.000000,4976.095761,5972.758755,497.609576,597.275875,90.868998,97.431933,45.434499,48.715967,0.033333,48.000000,0.000000,45.000000,2.438102,2.718432
1,-4976.095761,0.000000,-5972.758755,0.000000,4976.095761,5972.758755,497.609576,597.275875,90.868998,97.431933,45.434499,48.715967,0.033333,48.000000,0.000000,45.000000,2.438102,2.718432
1,-4976.095761,0.000000,-5972.758755,0.000000,4976.095761,5972.758755,497.609576,597.275875,90.868998,97.431933,45.434499,48.715967,0.033333,48.000000,0.000000,45.000000,2.438102,2.718432
1,-4976.095761,0.000000,-5972.758755,0.000000,4976.095761,5972.758755,497.609576,597.275875,90.868998,97.431933,45.434499,48.715967,0.033333,48.000000,0.000000,45.000000,2.438102,2.718432
1,-4976.095761,0.000000,-5972.758755,0.000000,4976.095761,5972.758755,497.609576,597.275875,90.868998,97.431933,45.434499,48.715967,0.033333,48.000000,0.000000,45.000000,2.438102,2.718432
1,-4976.095761,0.000000,-5972.758755,0.000000,4976.095761,5972.758755,497.609576,597.275875,90.868998,97.431933,45.434499,48.715967,0.033333,48.000000,0.000000,45.000000,2.438102,2.718432
1,-4976.095761,0.000000,-5972.758755,0.000000,4976.095761,5972.758755,497.609576,597.275875,90.868998,97.431933,45.434499,48.715967,0.033333,48.000000,0.000000,45.000000,2.438102,2.718432
1,-4976.095761,0.000000,-5972.758755,0.000000,4976.095761,5972.758755,497.609576,597.275875,90.868998,97.431933,45.434499,48.715967,0.033333,48.000000,0.000000,45.000000,2.438102,2.718432
1,-4976.095761,0.000000,-5972.758755,0.000000,4976.095761,5972.758755,497.609576,597.275875,90.868998,97.431933,45.434499,48.715967,0.033333,48.000000,0.000000,45.000000,2.438102,2.718432
1,-4976.095761,0.000000,-5972.758755,0.000000,4976.095761,5972.758755,497.609576,597.275875,90.868998,97.431933,45.434499,48.715967,0.033333,48.000000,0.000000,45.000000,2.438102,2.718432
1,-4976.095761,0.000000,-5972.758755,0.000000,4976.095761,5972.758755,497.609576,597.275875,90.868998,97.431933,45.434499,48.715967,0.033333,48.000000,0.000000,45.000000,2.438102,2.718432
1,-4976.095761,0.000000,-5972.758755,0.000000,4976.095761,5972.758755,497.609576,597.275875,90.868998,97.431933,45.434499,48.715967,0.033333,48.000000,0.000000,45.000000,2.438102,2.718432
1,-4976.095761,0.000000,-5972.758755,0.000000,4976.095761,5972.758755,497.609576,597.275875,90.868998,97.431933,45.434499,48.715967,0.033333,48.000000,0.000000,45.000000,2.438102,2.718432
1,-4976.095761,0.000000,-5972.758755,0.000000,4976.095761,5972.758755,497.609576,597.275875,90.868998,97.431933,45.434499,48.715967,0.033333,48.000000,0.000000,45.000000,2.438102,2.718432
1,-4976.095761,0.000000,-5972.758755,0.000000,4976.095761,5972.758755,497.609576,597.275875,90.868998,97.431933,45.434499,48.715967,0.033333,48.000000,0.000000,45.000000,2.438102,2.718432
1,-4976.095761,0.000000,-5972.758755,0.000000,4976.095761,5972.758755,497.609576,597.275875,90.868998,97.431933,45.434499,48.715967,0.033333,48.000000,0.000000,45.000000,2.438102,2.718432
1,-4976.095761,0.000000,-5972.758755,0.000000,4976.095761,5972.758755,497.609576,597.275875,90.868998,97.431933,45.434499,48.715967,0.033333,48.000000,0.000000,45.000000,2.438102,2.718432
1,-4976.095761,0.000000,-5972.758755,0.000000,4976.095761,5972.758755,497.609576,597.275875,90.868998,97.431933,45.434499,48.715967,0.033333,48.000000,0.000000,45.000000,2.438102,2.718432
1,-4976.095761,0.000000,-5972.758755,0.000000,4976.095761,5972.758755,497.609576,597.275875,90.868998,97.431933,45.434499,48.715967,0.033333,48.000000,0.000000,45.000000,2.438102,2.718432
1,-4976.095761,0.000000,-5972.758755,0.000000,4976.095761,5972.758755,497.609576,597.275875,90.868998,97.431933,45.434499,48.715967,0.033333,48.000000,0.000000,45.000000,2.438102,2.718432
1,-4976.095761,0.000000,-5972.758755,0.000000,4976.095761,5972.758755,497.609576,597.275875,90.868998,97.431933,45.434499,48.715967,0.033333,48.000000,0.000000,45.000000,2.438102,2.718432
1,-5278.916153,0.000000,-4702.902469,0.000000,5278.916153,4702.902469,527.891615,470.290247,97.296485,97.160904,48.648242,48.580452,0.031250,10.000000,0.000000,45.000000,2.605647,2.537767
1,-5278.916153,0.000000,-4702.902469,0.000000,5278.916153,4702.902469,527.891615,470.290247,97.296485,97.160904,48.648242,48.580452,0.031250,10.000000,0.000000,45.000000,2.605647,2.537767
1,-5278.916153,0.000000,-4702.902469,0.000000,5278.916153,4702.902469,527.891615,470.290247,97.296485,97.160904,48.648242,48.580452,0.031250,10.000000,0.000000,45.000000,2.605647,2.537767
1,-5278.916153,0.000000,-4702.902469,0.000000,5278.916153,4702.902469,527.891615,470.290247,97.296485,97.160904,48.648242,48.580452,0.031250,10.000000,0.000000,45.000000,2.605647,2.537767
1,-5278.916153,0.000000,-4702.902469,0.000000,5278.916153,4702.902469,527.891615,470.290247,97.296485,97.160904,48.648242,48.580452,0.031250,10.000000,0.000000,45.000000,2.605647,2.537767
1,-5278.916153,0.000000,-4702.902469,0.000000,5278.916153,4702.902469,527.891615,470.290247,97.296485,97.160904,48.648242,48.580452,0.031250,10.000000,0.000000,45.000000,2.605647,2.537767
1,-5278.916153,0.000000,-4702.902469,0.000000,5278.916153,4702.902469,527.891615,470.290247,97.296485,97.160904,48.648242,48.580452,0.031250,10.000000,0.000000,45.000000,2.605647,2.537767
1,-5278.916153,0.000000,-4702.902469,0.000000,5278.916153,4702.902469,527.891615,470.290247,97.296485,97.160904,48.648242,48.580452,0.031250,10.000000,0.000000,45.000000,2.605647,2.537767
1,-5278.916153,0.000000,-4702.902469,0.000000,5278.916153,4702.902469,527.891615,470.290247,97.296485,97.160904,48.648242,48.580452,0.031250,10.000000,0.000000,45.000000,2.605647,2.537767
1,-5278.916153,0.000000,-4702.902469,0.000000,5278.916153,4702.902469,527.891615,470.290247,97.296485,97.160904,48.648242,48.580452,0.031250,10.000000,0.000000,45.000000,2.605647,2.537767
1,-5278.916153,0.000000,-4702.902469,0.000000,5278.916153,4702.902469,527.891615,470.290247,97.296485,97.160904,48.648242,48.580452,0.031250,10.000000,0.000000,45.000000,2.605647,2.537767
1,-5278.916153,0.000000,-4702.902469,0.000000,5278.916153,4702.902469,527.891615,470.290247,97.296485,97.160904,48.648242,48.580452,0.031250,10.000000,0.000000,45.000000,2.605647,2.537767
1,-5278.916153,0.000000,-4702.902469,0.000000,5278.916153,4702.902469,527.891615,470.290247,97.296485,97.160904,48.648242,48.580452,0.031250,10.000000,0.000000,45.000000,2.605647,2.537767
1,-5278.916153,0.000000,-4702.902469,0.000000,5278.916153,4702.902469,527.891615,470.290247,97.296485,97.160904,48.648242,48.580452,0.031250,10.000000,0.000000,45.000000,2.605647,2.537767
1,-5278.916153,0.000000,-4702.902469,0.000000,5278.916153,4702.902469,527.891615,470.290247,97.296485,97.160904,48.648242,48.580452,0.031250,10.000000,0.000000,45.000000,2.605647,2.537767
1,-5278.916153,0.000000,-4702.902469,0.000000,5278.916153,4702.902469,527.891615,470.290247,97.296485,97.160904,48.648242,48.580452,0.031250,10.000000,0.000000,45.000000,2.605647,2.537767
1,-5278.916153,0.000000,-4702.902469,0.000000,5278.916153,4702.902469,527.891615,470.290247,97.296485,97.160904,48.648242,48.580452,0.031250,10.000000,0.000000,45.000000,2.605647,2.537767
1,-5278.916153,0.000000,-4702.902469,0.000000,5278.916153,4702.902469,527.891615,470.290247,97.296485,97.160904,48.648242,48.580452,0.031250,10.000000,0.000000,45.000000,2.605647,2.537767
1,-5278.916153,0.000000,-4702.902469,0.000000,5278.916153,4702.902469,527.891615,470.290247,97.296485,97.160904,48.648242,48.580452,0.031250,10.000000,0.000000,45.000000,2.605647,2.537767
1,-5278.916153,0.000000,-4702.902469,0.000000,5278.916153,4702.902469,527.891615,470.290247,97.296485,97.160904,48.648242,48.580452,0.031250,10.000000,0.000000,45.000000,2.605647,2.537767
1,-5278.916153,0.000000,-4702.902469,0.000000,5278.916153,4702.902469,527.891615,470.290247,97.296485,97.160904,48.648242,48.580452,0.031250,10.000000,0.000000,45.000000,2.605647,2.537767
1,-5278.916153,0.000000,-4702.902469,0.000000,5278.916153,4702.902469,527.891615,470.290247,97.296485,97.160904,48.648242,48.580452,0.031250,10.000000,0.000000,45.000000,2.605647,2.537767
1,-5278.916153,0.000000,-4702.902469,0.000000,5278.916153,4702.902469,527.891615,470.290247,97.296485,97.160904,48.648242,48.580452,0.031250,10.000000,0.000000,45.000000,2.605647,2.537767
1,-5278.916153,0.000000,-4702.902469,0.000000,5278.916153,4702.902469,527.891615,470.290247,97.296485,97.160904,48.648242,48.580452,0.031250,10.000000,0.000000,45.000000,2.605647,2.537767
1,-5845.089592,0.000000,NaN,0.000000,5845.089592,NaN,584.508959,501.236284,96.207052,98.951365,48.103526,49.475683,0.028571,47.000000,0.000000,45.000000,2.656496,2.610781
1,-5845.089592,0.000000,NaN,0.000000,5845.089592,NaN,584.508959,501.236284,96.207052,98.951365,48.103526,49.475683,0.028571,47.000000,0.000000,45.000000,2.656496,2.610781
1,-5845.089592,0.000000,NaN,0.000000,5845.089592,NaN,584.508959,501.236284,96.207052,98.951365,48.103526,49.475683,0.028571,47.000000,0.000000,45.000000,2.656496,2.610781
1,-5845.089592,0.000000,NaN,0.000000,5845.089592,NaN,584.508959,501.236284,96.207052,98.951365,48.103526,49.475683,0.028571,47.000000,0.000000,45.000000,2.656496,2.610781
1,-5845.089592,0.000000,NaN,0.000000,5845.089592,NaN,584.508959,501.236284,96.207052,98.951365,48.103526,49.475683,0.028571,47.000000,0.000000,45.000000,2.656496,2.610781
1,-5845.089592,0.000000,NaN,0.000000,5845.089592,NaN,584.508959,501.236284,96.207052,98.951365,48.103526,49.475683,0.028571,47.000000,0.000000,45.000000,2.656496,2.610781
1,-5845.089592,0.000000,NaN,0.000000,5845.089592,NaN,584.508959,501.236284,96.207052,98.951365,48.103526,49.475683,0.028571,47.000000,0.000000,45.000000,2.656496,2.610781
1,-5845.089592,0.000000,NaN,0.000000,5845.089592,NaN,584.508959,501.236284,96.207052,98.951365,48.103526,49.475683,0.028571,47.000000,0.000000,45.000000,2.656496,2.610781
1,-5845.089592,0.000000,NaN,0.000000,5845.089592,NaN,584.508959,501.236284,96.207052,98.951365,48.103526,49.475683,0.028571,47.000000,0.000000,45.000000,2.656496,2.610781
1,-5845.089592,0.000000,NaN,0.000000,5845.089592,NaN,584.508959,501.236284,96.207052,98.951365,48.103526,49.475683,0.028571,47.000000,0.000000,45.000000,2.656496,2.610781
1,-5845.089592,0.000000,NaN,0.000000,5845.089592,NaN,584.508959,501.236284,96.207052,98.951365,48.103526,49.475683,0.028571,47.000000,0.000000,45.000000,2.656496,2.610781
1,-5845.089592,0.000000,NaN,0.000000,5845.089592,NaN,584.508959,501.236284,96.207052,98.951365,48.103526,49.475683,0.028571,47.000000,0.000000,45.000000,2.656496,2.610781
1,-5845.089592,0.000000,NaN,0.000000,5845.089592,NaN,584.508959,501.236284,96.207052,98.951365,48.103526,49.475683,0.028571,47.000000,0.000000,45.000000,2.656496,2.610781
1,-5845.089592,0.000000,NaN,0.000000,5845.089592,NaN,584.508959,501.236284,96.207052,98.951365,48.103526,49.475683,0.028571,47.000000,0.000000,45.000000,2.656496,2.610781
1,-5845.089592,0.000000,NaN,0.000000,5845.089592,NaN,584.508959,501.236284,96.207052,98.951365,48.103526,49.475683,0.028571,47.000000,0.000000,45.000000,2.656496,2.610781
1,-5845.089592,0.000000,NaN,0.000000,5845.089592,NaN,584.508959,501.236284,96.207052,98.951365,48.103526,49.475683,0.028571,47.000000,0.000000,45.000000,2.656496,2.610781
1,-5845.089592,0.000000,NaN,0.000000,5845.089592,NaN,584.508959,501.236284,96.207052,98.951365,48.103526,49.475683,0.028571,47.000000,0.000000,45.000000,2.656496,2.610781
1,-5845.089592,0.000000,NaN,0.000000,5845.089592,NaN,584.508959,501.236284,96.207052,98.951365,48.103526,49.475683,0.028571,47.000000,0.000000,45.000000,2.656496,2.610781
1,-5845.089592,0.000000,NaN,0.000000,5845.089592,NaN,584.508959,501.236284,96.207052,98.951365,48.103526,49.475683,0.028571,47.000000,0.000000,45.000000,2.656496,2.610781
1,-5845.089592,0.000000,NaN,0.000000,5845.089592,NaN,584.508959,501.236284,96.207052,98.951365,48.103526,49.475683,0.028571,47.000000,0.000000,45.000000,2.656496,2.610781
1,-5845.089592,0.000000,NaN,0.000000,5845.089592,NaN,584.508959,501.236284,96.207052,98.951365,48.103526,49.475683,0.028571,47.000000,0.000000,45.000000,2.656496,2.610781
1,-5845.089592,0.000000,NaN,0.000000,5845.089592,NaN,584.508959,501.236284,96.207052,98.951365,48.103526,49.475683,0.028571,47.000000,0.000000,45.000000,2.656496,2.610781
1,-5845.089592,0.000000,NaN,0.000000,5845.089592,NaN,584.508959,501.236284,96.207052,98.951365,48.103526,49.475683,0.028571,47.000000,0.000000,45.000000,2.656496,2.610781
1,-5845.089592,0.000000,NaN,0.000000,5845.089592,NaN,584.508959,501.236284,96.207052,98.951365,48.103526,49.475683,0.028571,47.000000,0.000000,45.000000,2.656496,2.610781
1,NaN,0.000000,NaN,0.000000,NaN,NaN,125.379467,81.814815,58.055454,48.032687,29.027727,24.016343,0.166667,4.000000,0.000000,25.000000,1.298972,0.000000
1,NaN,0.000000,NaN,0.000000,NaN,NaN,125.379467,81.814815,58.055454,48.032687,29.027727,24.016343,0.166667,4.000000,0.000000,25.000000,1.298972,0.000000
1,-46.145855,0.000000,NaN,0.000000,46.145855,NaN,585.750000,504.103741,31.148474,48.011889,15.574237,24.005944,0.200000,1177.000000,0.000000,15.000000,0.743778,0.000000
1,-43.044257,0.000000,NaN,0.000000,43.044257,NaN,585.750000,504.103741,31.148474,48.011889,15.574237,24.005944,0.200000,1177.000000,0.000000,15.000000,0.743778,0.000000
2,NaN,0.000000,-590.694444,0.000000,NaN,590.694444,66.659320,59.069444,33.136371,38.321780,16.568186,19.160890,0.250000,13.000000,0.000000,15.000000,0.751204,0.859510
2,-921.636905,0.000000,-280.000000,0.000000,921.636905,280.000000,92.163690,28.000000,45.823731,41.083825,22.911866,20.541913,0.142857,773.000000,0.000000,20.000000,0.987319,0.000000
2,NaN,0.000000,NaN,0.000000,NaN,NaN,764.539973,823.080000,51.819019,46.184080,25.909510,23.092040,0.054054,85.000000,0.000000,25.000000,1.882364,0.000000
2,NaN,0.000000,NaN,0.000000,NaN,NaN,764.539973,823.080000,51.819019,46.184080,25.909510,23.092040,0.054054,85.000000,0.000000,25.000000,1.882364,0.000000
2,-634.765549,0.000000,-230.400000,0.000000,634.765549,230.400000,63.476555,23.040000,36.679972,36.860236,18.339986,18.430118,0.111111,161.000000,0.000000,15.000000,0.762356,0.000000
2,NaN,0.000000,-230.400000,0.000000,NaN,230.400000,109.794883,23.040000,39.578026,36.860236,19.789013,18.430118,0.111111,85.000000,0.000000,15.000000,0.820302,0.000000
2,NaN,0.000000,NaN,0.000000,NaN,NaN,764.539973,823.080000,51.819019,46.184080,25.909510,23.092040,0.054054,85.000000,0.000000,25.000000,1.882364,0.000000
2,NaN,0.000000,NaN,0.000000,NaN,NaN,858.731042,755.629943,51.017552,46.658513,25.508776,23.329256,0.066667,47.000000,0.000000,25.000000,2.047317,0.000000
2,NaN,0.000000,NaN,0.000000,NaN,NaN,858.731042,755.629943,51.017552,46.658513,25.508776,23.329256,0.066667,47.000000,0.000000,25.000000,2.047317,0.000000
2,NaN,0.000000,NaN,0.000000,NaN,NaN,858.731042,755.629943,51.017552,46.658513,25.508776,23.329256,0.066667,47.000000,0.000000,25.000000,2.047317,0.000000
4,-437.947844,0.000000,0.000000,0.000000,437.947844,0.000000,1925.555556,0.000000,24.553007,0.000000,12.276503,0.000000,1.000000,849.000000,0.000000,10.000000,3.000292,0.000000
4,-1685.166205,0.000000,-1281.386922,0.000000,1685.166205,1281.386922,168.516620,128.138692,84.781452,48.914308,42.390726,24.457154,0.083333,133.000000,0.000000,40.000000,1.914571,0.000000
4,-1685.166205,0.000000,-1281.386922,0.000000,1685.166205,1281.386922,168.516620,128.138692,84.781452,48.914308,42.390726,24.457154,0.083333,133.000000,0.000000,40.000000,1.914571,0.000000
4,-1685.166205,0.000000,-1281.386922,0.000000,1685.166205,1281.386922,168.516620,128.138692,84.781452,48.914308,42.390726,24.457154,0.083333,133.000000,0.000000,40.000000,1.914571,0.000000
4,-484.531380,0.000000,0.000000,0.000000,484.531380,0.000000,1925.555556,0.000000,24.553007,0.000000,12.276503,0.000000,1.000000,849.000000,0.000000,10.000000,3.000292,0.000000
4,-1685.166205,0.000000,-1281.386922,0.000000,1685.166205,1281.386922,168.516620,128.138692,84.781452,48.914308,42.390726,24.457154,0.083333,133.000000,0.000000,40.000000,1.914571,0.000000
4,-1685.166205,0.000000,-1281.386922,0.000000,1685.166205,1281.386922,168.516620,128.138692,84.781452,48.914308,42.390726,24.457154,0.083333,133.000000,0.000000,40.000000,1.914571,0.000000
4,-491.661514,0.000000,-1281.386922,0.000000,491.661514,1281.386922,49.166151,128.138692,97.113693,48.914308,48.556847,24.457154,0.111111,217.000000,0.000000,45.000000,1.974267,0.000000
4,-1685.166205,0.000000,-1281.386922,0.000000,1685.166205,1281.386922,168.516620,128.138692,84.781452,48.914308,42.390726,24.457154,0.083333,133.000000,0.000000,40.000000,1.914571,0.000000
4,-1685.166205,0.000000,-1281.386922,0.000000,1685.166205,1281.386922,168.516620,128.138692,84.781452,48.914308,42.390726,24.457154,0.083333,133.000000,0.000000,40.000000,1.914571,0.000000
4,-1685.166205,0.000000,-1281.386922,0.000000,1685.166205,1281.386922,168.516620,128.138692,84.781452,48.914308,42.390726,24.457154,0.083333,133.000000,0.000000,40.000000,1.914571,0.000000
4,-1685.166205,0.000000,-1281.386922,0.000000,1685.166205,1281.386922,168.516620,128.138692,84.781452,48.914308,42.390726,24.457154,0.083333,133.000000,0.000000,40.000000,1.914571,0.000000
4,-491.661514,0.000000,-1281.386922,0.000000,491.661514,1281.386922,49.166151,128.138692,97.113693,48.914308,48.556847,24.457154,0.111111,217.000000,0.000000,45.000000,1.974267,0.000000
4,65.578546,0.000000,0.000000,0.000000,65.578546,0.000000,1600.000000,0.000000,9.512345,0.000000,4.756172,0.000000,1.000000,937.000000,0.000000,0.000000,2.577856,0.000000
4,-1685.166205,0.000000,-1281.386922,0.000000,1685.166205,1281.386922,168.516620,128.138692,84.781452,48.914308,42.390726,24.457154,0.083333,133.000000,0.000000,40.000000,1.914571,0.000000
4,-1685.166205,0.000000,-1281.386922,0.000000,1685.166205,1281.386922,168.516620,128.138692,84.781452,48.914308,42.390726,24.457154,0.083333,133.000000,0.000000,40.000000,1.914571,0.000000
4,-491.661514,0.000000,-1281.386922,0.000000,491.661514,1281.386922,49.166151,128.138692,97.113693,48.914308,48.556847,24.457154,0.111111,217.000000,0.000000,45.000000,1.974267,0.000000
4,-1685.166205,0.000000,-1281.386922,0.000000,1685.166205,1281.386922,168.516620,128.138692,84.781452,48.914308,42.390726,24.457154,0.083333,133.000000,0.000000,40.000000,1.914571,0.000000
4,-55207.906021,0.000000,-24514.464286,0.000000,55207.906021,24514.464286,5520.790602,2451.446429,84.879426,97.238423,42.439713,48.619211,0.125000,366.000000,0.000000,40.000000,8.240784,4.998072
4,-3221.223657,0.000000,-2765.822310,0.000000,3221.223657,2765.822310,322.122366,276.582231,64.345319,79.758808,32.172659,39.879404,0.034483,58.000000,0.000000,30.000000,1.519117,1.941403
4,-28617.660035,0.000000,-24514.464286,0.000000,28617.660035,24514.464286,2861.766003,2451.446429,91.710864,97.238423,45.855432,48.619211,0.200000,308.000000,0.000000,45.000000,5.385967,4.998072
4,-2018.536465,0.000000,-2765.822310,0.000000,2018.536465,2765.822310,201.853646,276.582231,60.285613,79.758808,30.142807,39.879404,0.052632,100.000000,0.000000,30.000000,1.450281,1.941403
4,-3221.223657,0.000000,-2765.822310,0.000000,3221.223657,2765.822310,322.122366,276.582231,64.345319,79.758808,32.172659,39.879404,0.034483,58.000000,0.000000,30.000000,1.519117,1.941403
4,-43419.741965,0.000000,-24514.464286,0.000000,43419.741965,24514.464286,4341.974197,2451.446429,78.898247,97.238423,39.449123,48.619211,0.125000,370.000000,0.000000,35.000000,7.013143,4.998072
4,-55207.906021,0.000000,-24514.464286,0.000000,55207.906021,24514.464286,5520.790602,2451.446429,84.879426,97.238423,42.439713,48.619211,0.125000,366.000000,0.000000,40.000000,8.240784,4.998072
4,-2018.536465,0.000000,-2765.822310,0.000000,2018.536465,2765.822310,201.853646,276.582231,60.285613,79.758808,30.142807,39.879404,0.052632,100.000000,0.000000,30.000000,1.450281,1.941403
4,-3221.223657,0.000000,-2765.822310,0.000000,3221.223657,2765.822310,322.122366,276.582231,64.345319,79.758808,32.172659,39.879404,0.034483,58.000000,0.000000,30.000000,1.519117,1.941403
4,-55207.906021,0.000000,-24514.464286,0.000000,55207.906021,24514.464286,5520.790602,2451.446429,84.879426,97.238423,42.439713,48.619211,0.125000,366.000000,0.000000,40.000000,8.240784,4.998072
4,-2018.536465,0.000000,-2765.822310,0.000000,2018.536465,2765.822310,201.853646,276.582231,60.285613,79.758808,30.142807,39.879404,0.052632,100.000000,0.000000,30.000000,1.450281,1.941403
4,-55207.906021,0.000000,-24514.464286,0.000000,55207.906021,24514.464286,5520.790602,2451.446429,84.879426,97.238423,42.439713,48.619211,0.125000,366.000000,0.000000,40.000000,8.240784,4.998072
4,-2018.536465,0.000000,-2765.822310,0.000000,2018.536465,2765.822310,201.853646,276.582231,60.285613,79.758808,30.142807,39.879404,0.052632,100.000000,0.000000,30.000000,1.450281,1.941403
4,-43419.741965,0.000000,-24514.464286,0.000000,43419.741965,24514.464286,4341.974197,2451.446429,78.898247,97.238423,39.449123,48.619211,0.125000,370.000000,0.000000,35.000000,7.013143,4.998072
4,-28617.660035,0.000000,-24514.464286,0.000000,28617.660035,24514.464286,2861.766003,2451.446429,91.710864,97.238423,45.855432,48.619211,0.200000,308.000000,0.000000,45.000000,5.385967,4.998072
4,-2018.536465,0.000000,-2765.822310,0.000000,2018.536465,2765.822310,201.853646,276.582231,60.285613,79.758808,30.142807,39.879404,0.052632,100.000000,0.000000,30.000000,1.450281,1.941403
4,-43419.741965,0.000000,-24514.464286,0.000000,43419.741965,24514.464286,4341.974197,2451.446429,78.898247,97.238423,39.449123,48.619211,0.125000,370.000000,0.000000,35.000000,7.013143,4.998072
4,-3221.223657,0.000000,-2765.822310,0.000000,3221.223657,2765.822310,322.122366,276.582231,64.345319,79.758808,32.172659,39.879404,0.034483,58.000000,0.000000,30.000000,1.519117,1.941403
4,-55207.906021,0.000000,-24514.464286,0.000000,55207.906021,24514.464286,5520.790602,2451.446429,84.879426,97.238423,42.439713,48.619211,0.125000,366.000000,0.000000,40.000000,8.240784,4.998072
4,-55207.906021,0.000000,-24514.464286,0.000000,55207.906021,24514.464286,5520.790602,2451.446429,84.879426,97.238423,42.439713,48.619211,0.125000,366.000000,0.000000,40.000000,8.240784,4.998072
4,-55207.906021,0.000000,-24514.464286,0.000000,55207.906021,24514.464286,5520.790602,2451.446429,84.879426,97.238423,42.439713,48.619211,0.125000,366.000000,0.000000,40.000000,8.240784,4.998072
4,-55207.906021,0.000000,-24514.464286,0.000000,55207.906021,24514.464286,5520.790602,2451.446429,84.879426,97.238423,42.439713,48.619211,0.125000,366.000000,0.000000,40.000000,8.240784,4.998072
4,-28617.660035,0.000000,-24514.464286,0.000000,28617.660035,24514.464286,2861.766003,2451.446429,91.710864,97.238423,45.855432,48.619211,0.200000,308.000000,0.000000,45.000000,5.385967,4.998072
4,-3221.223657,0.000000,-2765.822310,0.000000,3221.223657,2765.822310,322.122366,276.582231,64.345319,79.758808,32.172659,39.879404,0.034483,58.000000,0.000000,30.000000,1.519117,1.941403
4,-55207.906021,0.000000,-24514.464286,0.000000,55207.906021,24514.464286,5520.790602,2451.446429,84.879426,97.238423,42.439713,48.619211,0.125000,366.000000,0.000000,40.000000,8.240784,4.998072
4,-18910.000000,0.000000,-23613.525000,0.000000,18910.000000,23613.525000,1891.000000,2361.352500,68.473600,48.181148,34.236800,24.090574,0.285714,814.000000,0.000000,30.000000,3.859924,0.000000
4,-18910.000000,0.000000,-23613.525000,0.000000,18910.000000,23613.525000,1891.000000,2361.352500,68.473600,48.181148,34.236800,24.090574,0.285714,814.000000,0.000000,30.000000,3.859924,0.000000
4,-588.248878,0.000000,-2711.000541,0.000000,588.248878,2711.000541,58.824888,271.100054,48.126623,38.555836,24.063311,19.277918,0.100000,213.000000,0.000000,20.000000,0.991716,0.000000
4,-18910.000000,0.000000,-23613.525000,0.000000,18910.000000,23613.525000,1891.000000,2361.352500,68.473600,48.181148,34.236800,24.090574,0.285714,814.000000,0.000000,30.000000,3.859924,0.000000
4,-2173.746769,0.000000,-2711.000541,0.000000,2173.746769,2711.000541,217.374677,271.100054,56.263209,38.555836,28.131605,19.277918,0.100000,123.000000,0.000000,25.000000,1.227560,0.000000
4,-482.338843,0.000000,-4141.389463,0.000000,482.338843,4141.389463,48.233884,414.138946,47.101625,73.590466,23.550812,36.795233,0.200000,245.000000,0.000000,20.000000,0.958031,2.012483
4,-2067.836735,0.000000,-4141.389463,0.000000,2067.836735,4141.389463,206.783673,414.138946,56.054313,73.590466,28.027157,36.795233,0.200000,155.000000,0.000000,25.000000,1.210385,2.012483
4,-4135.679012,0.000000,-5511.511833,0.000000,4135.679012,5511.511833,413.567901,551.151183,78.934348,96.526401,39.467174,48.263201,0.032258,163.000000,0.000000,35.000000,2.067485,2.650282
4,-4135.679012,0.000000,-5511.511833,0.000000,4135.679012,5511.511833,413.567901,551.151183,78.934348,96.526401,39.467174,48.263201,0.032258,163.000000,0.000000,35.000000,2.067485,2.650282
4,-4135.679012,0.000000,-5511.511833,0.000000,4135.679012,5511.511833,413.567901,551.151183,78.934348,96.526401,39.467174,48.263201,0.032258,163.000000,0.000000,35.000000,2.067485,2.650282
4,-4135.679012,0.000000,-5511.511833,0.000000,4135.679012,5511.511833,413.567901,551.151183,78.934348,96.526401,39.467174,48.263201,0.032258,163.000000,0.000000,35.000000,2.067485,2.650282
4,-2805.406468,0.000000,-5511.511833,0.000000,2805.406468,5511.511833,280.540647,551.151183,79.180864,96.526401,39.590432,48.263201,0.062500,177.000000,0.000000,35.000000,1.878354,2.650282
4,-4135.679012,0.000000,-5511.511833,0.000000,4135.679012,5511.511833,413.567901,551.151183,78.934348,96.526401,39.467174,48.263201,0.032258,163.000000,0.000000,35.000000,2.067485,2.650282
4,-4135.679012,0.000000,-5511.511833,0.000000,4135.679012,5511.511833,413.567901,551.151183,78.934348,96.526401,39.467174,48.263201,0.032258,163.000000,0.000000,35.000000,2.067485,2.650282
4,-4135.679012,0.000000,-5511.511833,0.000000,4135.679012,5511.511833,413.567901,551.151183,78.934348,96.526401,39.467174,48.263201,0.032258,163.000000,0.000000,35.000000,2.067485,2.650282
4,-2805.406468,0.000000,-5511.511833,0.000000,2805.406468,5511.511833,280.540647,551.151183,79.180864,96.526401,39.590432,48.263201,0.062500,177.000000,0.000000,35.000000,1.878354,2.650282
4,-4135.679012,0.000000,-5511.511833,0.000000,4135.679012,5511.511833,413.567901,551.151183,78.934348,96.526401,39.467174,48.263201,0.032258,163.000000,0.000000,35.000000,2.067485,2.650282
4,-2295.392290,0.000000,-4048.134068,0.000000,2295.392290,4048.134068,229.539229,404.813407,50.296780,86.662990,25.148390,43.331495,0.200000,235.000000,0.000000,25.000000,1.123324,2.270825
4,-4135.679012,0.000000,-5511.511833,0.000000,4135.679012,5511.511833,413.567901,551.151183,78.934348,96.526401,39.467174,48.263201,0.032258,163.000000,0.000000,35.000000,2.067485,2.650282
4,-4135.679012,0.000000,-5511.511833,0.000000,4135.679012,5511.511833,413.567901,551.151183,78.934348,96.526401,39.467174,48.263201,0.032258,163.000000,0.000000,35.000000,2.067485,2.650282
4,-623.999148,0.000000,-4048.134068,0.000000,627.550920,4048.134068,98.133059,404.813407,45.768805,86.662990,22.884402,43.331495,0.200000,277.000000,0.000000,20.000000,1.030611,2.270825
4,-25501.604938,0.000000,-22961.433213,0.000000,25501.604938,22961.433213,2550.160494,2296.143321,95.616424,97.855306,47.808212,48.927653,0.064516,166.000000,0.000000,45.000000,5.043272,4.822777
4,-25501.604938,0.000000,-22961.433213,0.000000,25501.604938,22961.433213,2550.160494,2296.143321,95.616424,97.855306,47.808212,48.927653,0.064516,166.000000,0.000000,45.000000,5.122170,4.822777
4,-25501.604938,0.000000,-22961.433213,0.000000,25501.604938,22961.433213,2550.160494,2296.143321,95.616424,97.855306,47.808212,48.927653,0.064516,166.000000,0.000000,45.000000,5.122170,4.822777
4,-25501.604938,0.000000,-22961.433213,0.000000,25501.604938,22961.433213,2550.160494,2296.143321,95.616424,97.855306,47.808212,48.927653,0.064516,166.000000,0.000000,45.000000,5.043272,4.822777
4,-25501.604938,0.000000,-22961.433213,0.000000,25501.604938,22961.433213,2550.160494,2296.143321,95.616424,97.855306,47.808212,48.927653,0.064516,166.000000,0.000000,45.000000,5.043272,4.822777
4,-25501.604938,0.000000,-22961.433213,0.000000,25501.604938,22961.433213,2550.160494,2296.143321,95.616424,97.855306,47.808212,48.927653,0.064516,166.000000,0.000000,45.000000,5.043272,4.822777
4,-25501.604938,0.000000,-22961.433213,0.000000,25501.604938,22961.433213,2550.160494,2296.143321,95.616424,97.855306,47.808212,48.927653,0.064516,166.000000,0.000000,45.000000,5.043272,4.822777
4,-25501.604938,0.000000,-22961.433213,0.000000,25501.604938,22961.433213,2550.160494,2296.143321,95.616424,97.855306,47.808212,48.927653,0.064516,166.000000,0.000000,45.000000,5.043272,4.822777
4,-25501.604938,0.000000,-22961.433213,0.000000,25501.604938,22961.433213,2550.160494,2296.143321,95.616424,97.855306,47.808212,48.927653,0.064516,166.000000,0.000000,45.000000,5.043272,4.822777
4,-25501.604938,0.000000,-22961.433213,0.000000,25501.604938,22961.433213,2550.160494,2296.143321,95.616424,97.855306,47.808212,48.927653,0.064516,166.000000,0.000000,45.000000,5.043272,4.822777
4,-25501.604938,0.000000,-22961.433213,0.000000,25501.604938,22961.433213,2550.160494,2296.143321,95.616424,97.855306,47.808212,48.927653,0.064516,166.000000,0.000000,45.000000,5.043272,4.822777
4,-25501.604938,0.000000,-22961.433213,0.000000,25501.604938,22961.433213,2550.160494,2296.143321,95.616424,97.855306,47.808212,48.927653,0.064516,166.000000,0.000000,45.000000,5.043272,4.822777
4,-25501.604938,0.000000,-22961.433213,0.000000,25501.604938,22961.433213,2550.160494,2296.143321,95.616424,97.855306,47.808212,48.927653,0.064516,166.000000,0.000000,45.000000,5.043272,4.822777
4,-25501.604938,0.000000,-22961.433213,0.000000,25501.604938,22961.433213,2550.160494,2296.143321,95.616424,97.855306,47.808212,48.927653,0.064516,166.000000,0.000000,45.000000,5.043272,4.822777
4,-25501.604938,0.000000,-22961.433213,0.000000,25501.604938,22961.433213,2550.160494,2296.143321,95.616424,97.855306,47.808212,48.927653,0.064516,166.000000,0.000000,45.000000,5.122170,4.822777
4,-25501.604938,0.000000,-22961.433213,0.000000,25501.604938,22961.433213,2550.160494,2296.143321,95.616424,97.855306,47.808212,48.927653,0.064516,166.000000,0.000000,45.000000,5.043272,4.822777
4,-25501.604938,0.000000,-22961.433213,0.000000,25501.604938,22961.433213,2550.160494,2296.143321,95.616424,97.855306,47.808212,48.927653,0.064516,166.000000,0.000000,45.000000,5.043272,4.822777
4,-25501.604938,0.000000,-22961.433213,0.000000,25501.604938,22961.433213,2550.160494,2296.143321,95.616424,97.855306,47.808212,48.927653,0.064516,166.000000,0.000000,45.000000,5.043272,4.822777
4,-23435.298564,0.000000,-21299.198658,0.000000,23435.298564,21299.198658,2343.529856,2129.919866,76.824894,79.801240,38.412447,39.900620,0.166667,58.000000,0.000000,35.000000,4.454124,4.256789
4,-23435.298564,0.000000,-21299.198658,0.000000,23435.298564,21299.198658,2343.529856,2129.919866,76.824894,79.801240,38.412447,39.900620,0.166667,58.000000,0.000000,35.000000,4.454124,4.256789
4,-23435.298564,0.000000,-21299.198658,0.000000,23435.298564,21299.198658,2343.529856,2129.919866,76.824894,79.801240,38.412447,39.900620,0.166667,58.000000,0.000000,35.000000,4.454124,4.256789
4,-13156.739972,0.000000,-12470.085363,0.000000,13156.739972,12470.085363,1315.673997,1247.008536,95.183566,47.926780,47.591783,23.963390,0.058824,18.000000,0.000000,45.000000,3.544479,0.000000
4,-1192.918210,0.000000,-1005.100000,0.000000,1192.918210,1005.100000,119.291821,100.510000,100.000000,48.870370,50.000000,24.435185,0.058824,141.000000,0.000000,50.000000,2.113075,0.000000
4,-13156.739972,0.000000,-12470.085363,0.000000,13156.739972,12470.085363,1315.673997,1247.008536,95.183566,47.926780,47.591783,23.963390,0.058824,18.000000,0.000000,45.000000,3.544479,0.000000
4,-1192.918210,0.000000,-1005.100000,0.000000,1192.918210,1005.100000,119.291821,100.510000,100.000000,48.870370,50.000000,24.435185,0.058824,141.000000,0.000000,50.000000,2.113075,0.000000
4,-13156.739972,0.000000,-12470.085363,0.000000,13156.739972,12470.085363,1315.673997,1247.008536,95.183566,47.926780,47.591783,23.963390,0.058824,18.000000,0.000000,45.000000,3.544479,0.000000
4,-1192.918210,0.000000,-1005.100000,0.000000,1192.918210,1005.100000,119.291821,100.510000,100.000000,48.870370,50.000000,24.435185,0.058824,141.000000,0.000000,50.000000,2.113075,0.000000
4,-1192.918210,0.000000,-1005.100000,0.000000,1192.918210,1005.100000,119.291821,100.510000,100.000000,48.870370,50.000000,24.435185,0.058824,141.000000,0.000000,50.000000,2.113075,0.000000
4,-1192.918210,0.000000,-1005.100000,0.000000,1192.918210,1005.100000,119.291821,100.510000,100.000000,48.870370,50.000000,24.435185,0.058824,141.000000,0.000000,50.000000,2.113075,0.000000
4,-1192.918210,0.000000,-1005.100000,0.000000,1192.918210,1005.100000,119.291821,100.510000,100.000000,48.870370,50.000000,24.435185,0.058824,141.000000,0.000000,50.000000,2.113075,0.000000
4,-7041.875000,0.000000,0.000000,0.000000,7041.875000,0.000000,704.187500,0.000000,32.241570,0.000000,16.120785,0.000000,1.000000,1360.000000,0.000000,15.000000,0.908454,0.000000
4,-23807.839397,0.000000,NaN,0.000000,23807.839397,NaN,2380.783940,338.000000,95.835920,40.483511,47.917960,20.241755,0.100000,203.000000,0.000000,45.000000,4.939644,0.000000
4,-52013.556000,0.000000,NaN,0.000000,52013.556000,NaN,5201.355600,448.000000,87.357034,29.112838,43.678517,14.556419,0.200000,838.000000,0.000000,40.000000,8.384314,0.000000
4,-23807.839397,0.000000,NaN,0.000000,23807.839397,NaN,2380.783940,338.000000,95.835920,40.483511,47.917960,20.241755,0.100000,203.000000,0.000000,45.000000,4.939644,0.000000
4,-13319.788258,0.000000,NaN,0.000000,13319.788258,NaN,1331.978826,324.010381,62.829344,45.821011,31.414672,22.910505,0.083333,543.000000,0.000000,30.000000,3.030472,0.000000
4,-27239.421433,0.000000,NaN,0.000000,27239.421433,NaN,2723.942143,125.000000,80.538824,40.183265,40.269412,20.091632,0.200000,760.000000,0.000000,40.000000,4.844014,0.000000
4,-23807.839397,0.000000,NaN,0.000000,23807.839397,NaN,2380.783940,338.000000,95.835920,40.483511,47.917960,20.241755,0.100000,203.000000,0.000000,45.000000,4.939644,0.000000
4,-23807.839397,0.000000,NaN,0.000000,23807.839397,NaN,2380.783940,338.000000,95.835920,40.483511,47.917960,20.241755,0.100000,203.000000,0.000000,45.000000,4.939644,0.000000
4,-52013.556000,0.000000,NaN,0.000000,52013.556000,NaN,5201.355600,448.000000,87.357034,29.112838,43.678517,14.556419,0.200000,838.000000,0.000000,40.000000,8.384314,0.000000
4,-27239.421433,0.000000,NaN,0.000000,27239.421433,NaN,2723.942143,125.000000,80.538824,40.183265,40.269412,20.091632,0.200000,760.000000,0.000000,40.000000,4.844014,0.000000
4,-52013.556000,0.000000,NaN,0.000000,52013.556000,NaN,5201.355600,448.000000,87.357034,29.112838,43.678517,14.556419,0.200000,838.000000,0.000000,40.000000,8.384314,0.000000
4,-52013.556000,0.000000,NaN,0.000000,52013.556000,NaN,5201.355600,448.000000,87.357034,29.112838,43.678517,14.556419,0.200000,838.000000,0.000000,40.000000,8.384314,0.000000
4,-13319.788258,0.000000,NaN,0.000000,13319.788258,NaN,1331.978826,324.010381,62.829344,45.821011,31.414672,22.910505,0.083333,543.000000,0.000000,30.000000,3.030472,0.000000
4,-23807.839397,0.000000,NaN,0.000000,23807.839397,NaN,2380.783940,338.000000,95.835920,40.483511,47.917960,20.241755,0.100000,203.000000,0.000000,45.000000,4.939644,0.000000
4,-23807.839397,0.000000,NaN,0.000000,23807.839397,NaN,2380.783940,338.000000,95.835920,40.483511,47.917960,20.241755,0.100000,203.000000,0.000000,45.000000,4.939644,0.000000
4,-23807.839397,0.000000,NaN,0.000000,23807.839397,NaN,2380.783940,338.000000,95.835920,40.483511,47.917960,20.241755,0.100000,203.000000,0.000000,45.000000,4.939644,0.000000
4,-23807.839397,0.000000,NaN,0.000000,23807.839397,NaN,2380.783940,338.000000,95.835920,40.483511,47.917960,20.241755,0.100000,203.000000,0.000000,45.000000,4.939644,0.000000
4,-52013.556000,0.000000,NaN,0.000000,52013.556000,NaN,5201.355600,448.000000,87.357034,29.112838,43.678517,14.556419,0.200000,838.000000,0.000000,40.000000,8.384314,0.000000
4,-23807.839397,0.000000,NaN,0.000000,23807.839397,NaN,2380.783940,338.000000,95.835920,40.483511,47.917960,20.241755,0.100000,203.000000,0.000000,45.000000,4.939644,0.000000
4,-13319.788258,0.000000,NaN,0.000000,13319.788258,NaN,1331.978826,324.010381,62.829344,45.821011,31.414672,22.910505,0.083333,543.000000,0.000000,30.000000,3.030472,0.000000
4,-19057.500000,0.000000,0.000000,0.000000,19057.500000,0.000000,1905.750000,0.000000,31.062029,0.000000,15.531014,0.000000,1.000000,1384.000000,0.000000,15.000000,3.169240,0.000000
4,-52013.556000,0.000000,NaN,0.000000,52013.556000,NaN,5201.355600,448.000000,87.357034,29.112838,43.678517,14.556419,0.200000,838.000000,0.000000,40.000000,8.384314,0.000000
4,-12836.369841,0.000000,NaN,0.000000,12836.369841,NaN,1283.636984,324.010381,58.750132,45.821011,29.375066,22.910505,0.125000,584.000000,0.000000,25.000000,2.716341,0.000000
4,-52013.556000,0.000000,NaN,0.000000,52013.556000,NaN,5201.355600,448.000000,87.357034,29.112838,43.678517,14.556419,0.200000,838.000000,0.000000,40.000000,8.384314,0.000000
4,-7041.875000,0.000000,0.000000,0.000000,7041.875000,0.000000,704.187500,0.000000,32.241570,0.000000,16.120785,0.000000,1.000000,1360.000000,0.000000,15.000000,0.908454,0.000000
4,-23807.839397,0.000000,NaN,0.000000,23807.839397,NaN,2380.783940,338.000000,95.835920,40.483511,47.917960,20.241755,0.100000,203.000000,0.000000,45.000000,4.939644,0.000000
4,-23807.839397,0.000000,NaN,0.000000,23807.839397,NaN,2380.783940,338.000000,95.835920,40.483511,47.917960,20.241755,0.100000,203.000000,0.000000,45.000000,4.939644,0.000000
4,-12836.369841,0.000000,NaN,0.000000,12836.369841,NaN,1283.636984,324.010381,58.750132,45.821011,29.375066,22.910505,0.125000,584.000000,0.000000,25.000000,2.716341,0.000000
4,-52013.556000,0.000000,NaN,0.000000,52013.556000,NaN,5201.355600,448.000000,87.357034,29.112838,43.678517,14.556419,0.200000,838.000000,0.000000,40.000000,8.384314,0.000000
4,-23807.839397,0.000000,NaN,0.000000,23807.839397,NaN,2380.783940,338.000000,95.835920,40.483511,47.917960,20.241755,0.100000,203.000000,0.000000,45.000000,4.939644,0.000000
4,-23807.839397,0.000000,NaN,0.000000,23807.839397,NaN,2380.783940,338.000000,95.835920,40.483511,47.917960,20.241755,0.100000,203.000000,0.000000,45.000000,4.939644,0.000000
4,-23807.839397,0.000000,NaN,0.000000,23807.839397,NaN,2380.783940,338.000000,95.835920,40.483511,47.917960,20.241755,0.100000,203.000000,0.000000,45.000000,4.939644,0.000000
4,-27239.421433,0.000000,NaN,0.000000,27239.421433,NaN,2723.942143,125.000000,80.538824,40.183265,40.269412,20.091632,0.200000,760.000000,0.000000,40.000000,4.844014,0.000000
4,-52013.556000,0.000000,NaN,0.000000,52013.556000,NaN,5201.355600,448.000000,87.357034,29.112838,43.678517,14.556419,0.200000,838.000000,0.000000,40.000000,8.384314,0.000000
4,-23807.839397,0.000000,NaN,0.000000,23807.839397,NaN,2380.783940,338.000000,95.835920,40.483511,47.917960,20.241755,0.100000,203.000000,0.000000,45.000000,4.939644,0.000000
4,-12836.369841,0.000000,NaN,0.000000,12836.369841,NaN,1283.636984,324.010381,58.750132,45.821011,29.375066,22.910505,0.125000,584.000000,0.000000,25.000000,2.716341,0.000000
4,-23807.839397,0.000000,NaN,0.000000,23807.839397,NaN,2380.783940,338.000000,95.835920,40.483511,47.917960,20.241755,0.100000,203.000000,0.000000,45.000000,4.939644,0.000000
4,-23807.839397,0.000000,NaN,0.000000,23807.839397,NaN,2380.783940,338.000000,95.835920,40.483511,47.917960,20.241755,0.100000,203.000000,0.000000,45.000000,4.939644,0.000000
4,-23807.839397,0.000000,NaN,0.000000,23807.839397,NaN,2380.783940,338.000000,95.835920,40.483511,47.917960,20.241755,0.100000,203.000000,0.000000,45.000000,4.939644,0.000000
4,NaN,0.000000,NaN,0.000000,NaN,NaN,25.050000,57.625000,84.353342,76.312256,42.176671,38.156128,0.250000,481.000000,0.000000,40.000000,1.719594,1.758663
4,NaN,0.000000,NaN,0.000000,NaN,NaN,266.194419,533.980442,90.303402,77.230017,45.151701,38.615008,0.200000,481.000000,0.000000,45.000000,2.136674,2.364412
4,NaN,0.000000,NaN,0.000000,NaN,NaN,266.194419,533.980442,90.303402,77.230017,45.151701,38.615008,0.200000,481.000000,0.000000,45.000000,2.136674,2.364412
4,NaN,0.000000,NaN,0.000000,NaN,NaN,408.972678,398.671875,64.808254,48.207868,32.404127,24.103934,0.200000,207.000000,0.000000,30.000000,1.790303,0.000000
4,NaN,0.000000,NaN,0.000000,NaN,NaN,408.972678,398.671875,64.808254,48.207868,32.404127,24.103934,0.200000,207.000000,0.000000,30.000000,1.790303,0.000000
4,NaN,0.000000,NaN,0.000000,NaN,NaN,408.972678,398.671875,64.808254,48.207868,32.404127,24.103934,0.200000,207.000000,0.000000,30.000000,1.790303,0.000000
4,-4135.429363,0.000000,NaN,0.000000,4135.429363,NaN,413.542936,408.960459,73.009057,45.210500,36.504529,22.605250,0.166667,1019.000000,0.000000,35.000000,1.945313,0.000000
4,-4135.429363,0.000000,NaN,0.000000,4135.429363,NaN,413.542936,408.960459,73.009057,45.210500,36.504529,22.605250,0.166667,1019.000000,0.000000,35.000000,1.945313,0.000000
4,NaN,0.000000,NaN,0.000000,NaN,NaN,57.849349,16.719008,50.240319,39.332961,25.120159,19.666480,0.285714,90.000000,0.000000,25.000000,1.081628,0.000000
4,NaN,0.000000,NaN,0.000000,NaN,NaN,786.000000,526.045283,69.596349,92.907798,34.798174,46.453899,0.035714,710.000000,0.000000,30.000000,2.436330,2.539261
4,NaN,0.000000,NaN,0.000000,NaN,NaN,786.000000,526.045283,69.596349,92.907798,34.798174,46.453899,0.035714,710.000000,0.000000,30.000000,2.436330,2.539261
4,NaN,0.000000,NaN,0.000000,NaN,NaN,786.000000,526.045283,69.596349,92.907798,34.798174,46.453899,0.035714,710.000000,0.000000,30.000000,2.436330,2.539261
4,NaN,0.000000,NaN,0.000000,NaN,NaN,786.000000,526.045283,69.596349,92.907798,34.798174,46.453899,0.035714,710.000000,0.000000,30.000000,2.436330,2.539261
4,NaN,0.000000,NaN,0.000000,NaN,NaN,786.000000,526.045283,69.596349,92.907798,34.798174,46.453899,0.035714,710.000000,0.000000,30.000000,2.436330,2.539261
4,NaN,0.000000,NaN,0.000000,NaN,NaN,786.000000,526.045283,69.596349,92.907798,34.798174,46.453899,0.035714,710.000000,0.000000,30.000000,2.436330,2.539261
4,NaN,0.000000,NaN,0.000000,NaN,NaN,786.000000,526.045283,69.596349,92.907798,34.798174,46.453899,0.035714,710.000000,0.000000,30.000000,2.436330,2.539261
4,NaN,0.000000,NaN,0.000000,NaN,NaN,786.000000,526.045283,69.596349,92.907798,34.798174,46.453899,0.035714,710.000000,0.000000,30.000000,2.436330,2.539261
4,NaN,0.000000,NaN,0.000000,NaN,NaN,786.000000,526.045283,69.596349,92.907798,34.798174,46.453899,0.035714,710.000000,0.000000,30.000000,2.436330,2.539261
4,NaN,0.000000,NaN,0.000000,NaN,NaN,390.876033,155.598616,61.458344,71.633697,30.729172,35.816848,0.250000,170.000000,0.000000,30.000000,1.694385,1.655430
4,NaN,0.000000,NaN,0.000000,NaN,NaN,786.000000,526.045283,69.596349,92.907798,34.798174,46.453899,0.035714,710.000000,0.000000,30.000000,2.436330,2.539261
4,NaN,0.000000,NaN,0.000000,NaN,NaN,786.000000,526.045283,69.596349,92.907798,34.798174,46.453899,0.035714,710.000000,0.000000,30.000000,2.436330,2.539261
4,NaN,0.000000,NaN,0.000000,NaN,NaN,786.000000,526.045283,69.596349,92.907798,34.798174,46.453899,0.035714,710.000000,0.000000,30.000000,2.436330,2.539261
4,NaN,0.000000,NaN,0.000000,NaN,NaN,786.000000,526.045283,69.596349,92.907798,34.798174,46.453899,0.035714,710.000000,0.000000,30.000000,2.436330,2.539261
4,NaN,0.000000,NaN,0.000000,NaN,NaN,786.000000,526.045283,69.596349,92.907798,34.798174,46.453899,0.035714,710.000000,0.000000,30.000000,2.436330,2.539261
4,NaN,0.000000,NaN,0.000000,NaN,NaN,786.000000,526.045283,69.596349,92.907798,34.798174,46.453899,0.035714,710.000000,0.000000,30.000000,2.436330,2.539261
4,NaN,0.000000,NaN,0.000000,NaN,NaN,390.876033,155.598616,61.458344,71.633697,30.729172,35.816848,0.250000,170.000000,0.000000,30.000000,1.694385,1.655430
4,NaN,0.000000,NaN,0.000000,NaN,NaN,786.000000,526.045283,69.596349,92.907798,34.798174,46.453899,0.035714,710.000000,0.000000,30.000000,2.436330,2.539261
4,NaN,0.000000,NaN,0.000000,NaN,NaN,390.876033,155.598616,61.458344,71.633697,30.729172,35.816848,0.250000,170.000000,0.000000,30.000000,1.694385,1.655430
4,NaN,0.000000,NaN,0.000000,NaN,NaN,786.000000,526.045283,69.596349,92.907798,34.798174,46.453899,0.035714,710.000000,0.000000,30.000000,2.436330,2.539261
4,NaN,0.000000,NaN,0.000000,NaN,NaN,786.000000,526.045283,69.596349,92.907798,34.798174,46.453899,0.035714,710.000000,0.000000,30.000000,2.436330,2.539261
4,NaN,0.000000,NaN,0.000000,NaN,NaN,436.112391,491.994062,83.893907,47.536470,41.946953,23.768235,0.142857,164.000000,0.000000,40.000000,2.197566,0.000000
4,NaN,0.000000,NaN,0.000000,NaN,NaN,436.112391,491.994062,83.893907,47.536470,41.946953,23.768235,0.142857,164.000000,0.000000,40.000000,2.197566,0.000000
4,-2157.614512,0.000000,NaN,0.000000,2157.614512,NaN,215.761451,432.804765,54.654042,47.784658,27.327021,23.892329,0.250000,1560.000000,0.000000,25.000000,1.193475,0.000000
4,-2157.614512,0.000000,NaN,0.000000,2157.614512,NaN,215.761451,432.804765,54.654042,47.784658,27.327021,23.892329,0.250000,1560.000000,0.000000,25.000000,1.486725,0.000000
4,NaN,0.000000,NaN,0.000000,NaN,NaN,139.878519,140.546250,60.766376,50.000000,30.383188,25.000000,0.166667,263.000000,0.000000,30.000000,1.370079,0.000000
4,NaN,0.000000,NaN,0.000000,NaN,NaN,139.878519,140.546250,60.766376,50.000000,30.383188,25.000000,0.166667,263.000000,0.000000,30.000000,1.370079,0.000000
4,NaN,0.000000,NaN,0.000000,NaN,NaN,139.878519,140.546250,60.766376,50.000000,30.383188,25.000000,0.166667,263.000000,0.000000,30.000000,1.370079,0.000000
4,NaN,0.000000,NaN,0.000000,NaN,NaN,498.541667,659.328094,56.691227,81.286989,28.345613,40.643495,0.166667,413.000000,0.000000,25.000000,1.717108,2.448488
4,NaN,0.000000,NaN,0.000000,NaN,NaN,498.541667,659.328094,56.691227,81.286989,28.345613,40.643495,0.166667,413.000000,0.000000,25.000000,1.717108,2.448488
0,2881.419297,0.000000,5192.203491,0.000000,2881.419297,5192.203491,288.141930,519.220349,81.994441,84.654673,40.997221,42.327337,0.111111,23.000000,0.000000,40.000000,1.943003,2.369161
0,5557.481098,0.000000,9474.537102,0.000000,5557.481098,9474.537102,555.748110,947.453710,90.634840,88.563509,45.317420,44.281754,0.045455,23.000000,0.000000,45.000000,2.448117,2.980407
0,5557.481098,0.000000,9474.537102,0.000000,5557.481098,9474.537102,555.748110,947.453710,90.634840,88.563509,45.317420,44.281754,0.045455,23.000000,0.000000,45.000000,2.448117,2.980407
0,5557.481098,0.000000,9474.537102,0.000000,5557.481098,9474.537102,555.748110,947.453710,90.634840,88.563509,45.317420,44.281754,0.045455,23.000000,0.000000,45.000000,2.448117,2.980407
0,35566.322070,0.000000,38770.332845,0.000000,35566.322070,38770.332845,3556.632207,3877.033285,88.996397,91.453714,44.498199,45.726857,0.061224,23.000000,0.000000,40.000000,6.133936,6.685338
0,35566.322070,0.000000,38770.332845,0.000000,35566.322070,38770.332845,3556.632207,3877.033285,88.996397,91.453714,44.498199,45.726857,0.061224,23.000000,0.000000,40.000000,6.133936,6.685338
0,35566.322070,0.000000,38770.332845,0.000000,35566.322070,38770.332845,3556.632207,3877.033285,88.996397,91.453714,44.498199,45.726857,0.061224,23.000000,0.000000,40.000000,6.133936,6.685338
0,2881.419297,0.000000,5192.203491,0.000000,2881.419297,5192.203491,288.141930,519.220349,81.994441,84.654673,40.997221,42.327337,0.111111,23.000000,0.000000,40.000000,1.943003,2.369161
0,5557.481098,0.000000,9474.537102,0.000000,5557.481098,9474.537102,555.748110,947.453710,90.634840,88.563509,45.317420,44.281754,0.045455,23.000000,0.000000,45.000000,2.448117,2.980407
0,5557.481098,0.000000,9474.537102,0.000000,5557.481098,9474.537102,555.748110,947.453710,90.634840,88.563509,45.317420,44.281754,0.045455,23.000000,0.000000,45.000000,2.448117,2.980407
0,5557.481098,0.000000,9474.537102,0.000000,5557.481098,9474.537102,555.748110,947.453710,90.634840,88.563509,45.317420,44.281754,0.045455,23.000000,0.000000,45.000000,2.448117,2.980407
0,35566.322070,0.000000,38770.332845,0.000000,35566.322070,38770.332845,3556.632207,3877.033285,88.996397,91.453714,44.498199,45.726857,0.061224,23.000000,0.000000,40.000000,6.133936,6.685338
0,5557.481098,0.000000,9474.537102,0.000000,5557.481098,9474.537102,555.748110,947.453710,90.634840,88.563509,45.317420,44.281754,0.045455,23.000000,0.000000,45.000000,2.448117,2.980407
0,5557.481098,0.000000,9474.537102,0.000000,5557.481098,9474.537102,555.748110,947.453710,90.634840,88.563509,45.317420,44.281754,0.045455,23.000000,0.000000,45.000000,2.448117,2.980407
0,5436.283811,0.000000,5687.055151,0.000000,5436.283811,5687.055151,543.628381,568.705515,50.336313,44.695140,25.168156,22.347570,0.083333,64.000000,0.000000,25.000000,1.632496,0.000000
0,5436.283811,0.000000,5687.055151,0.000000,5436.283811,5687.055151,543.628381,568.705515,50.336313,44.695140,25.168156,22.347570,0.083333,64.000000,0.000000,25.000000,1.632496,0.000000
0,425.578231,0.000000,146.938776,0.000000,425.578231,146.938776,42.557823,14.693878,29.869843,27.905067,14.934921,13.952534,0.200000,64.000000,0.000000,10.000000,0.615006,0.000000
0,61.612643,0.000000,0.000000,0.000000,61.612643,0.000000,1600.000000,0.000000,3.950000,0.000000,1.975000,0.000000,1.000000,1446.000000,0.000000,0.000000,2.037469,0.000000
0,81.751052,0.000000,812.500000,0.000000,81.751052,812.500000,1094.400000,81.250000,24.099072,32.768573,12.049536,16.384286,0.166667,1400.000000,0.000000,10.000000,0.990366,0.000000
0,60.740838,0.000000,812.500000,0.000000,60.740838,812.500000,1094.400000,81.250000,24.099072,32.768573,12.049536,16.384286,0.166667,1400.000000,0.000000,10.000000,0.990366,0.000000
0,495.037949,0.000000,466.843100,0.000000,495.037949,466.843100,49.503795,46.684310,42.690448,25.907823,21.345224,12.953912,0.200000,175.000000,0.000000,20.000000,0.871913,0.000000
0,5502.333360,0.000000,NaN,0.000000,5502.333360,NaN,550.233336,615.552469,78.622802,47.204102,39.311401,23.602051,0.111111,638.000000,0.000000,35.000000,2.203670,0.000000
0,5502.333360,0.000000,NaN,0.000000,5502.333360,NaN,550.233336,615.552469,78.622802,47.204102,39.311401,23.602051,0.111111,638.000000,0.000000,35.000000,2.203670,0.000000
0,5856.045760,0.000000,NaN,0.000000,5856.045760,NaN,585.604576,632.243751,59.534616,47.307391,29.767308,23.653696,0.076923,749.000000,0.000000,25.000000,1.871029,0.000000
0,5856.045760,0.000000,NaN,0.000000,5856.045760,NaN,585.604576,632.243751,59.534616,47.307391,29.767308,23.653696,0.076923,749.000000,0.000000,25.000000,1.871029,0.000000
0,6191.844512,0.000000,NaN,0.000000,6191.844512,NaN,619.184451,855.772627,53.846433,62.957380,26.923217,31.478690,0.080000,792.000000,0.000000,25.000000,1.772578,2.335936
0,6191.844512,0.000000,NaN,0.000000,6191.844512,NaN,619.184451,855.772627,53.846433,62.957380,26.923217,31.478690,0.080000,792.000000,0.000000,25.000000,1.772578,2.335936
0,NaN,0.000000,NaN,0.000000,NaN,NaN,890.182163,1631.773905,66.157188,79.502883,33.078594,39.751442,0.033333,172.000000,0.000000,30.000000,2.316855,3.670360
0,NaN,0.000000,NaN,0.000000,NaN,NaN,890.182163,1631.773905,66.157188,79.502883,33.078594,39.751442,0.033333,172.000000,0.000000,30.000000,2.316855,3.670360
0,NaN,0.000000,NaN,0.000000,NaN,NaN,890.182163,1631.773905,66.157188,79.502883,33.078594,39.751442,0.033333,172.000000,0.000000,30.000000,2.316855,3.670360
0,NaN,0.000000,NaN,0.000000,NaN,NaN,890.182163,1631.773905,66.157188,79.502883,33.078594,39.751442,0.033333,172.000000,0.000000,30.000000,2.316855,3.670360
0,NaN,0.000000,NaN,0.000000,NaN,NaN,317.631386,345.306826,52.799636,47.330966,26.399818,23.665483,0.090909,305.000000,0.000000,25.000000,1.414688,0.000000
0,NaN,0.000000,NaN,0.000000,NaN,NaN,317.631386,345.306826,52.799636,47.330966,26.399818,23.665483,0.090909,305.000000,0.000000,25.000000,1.414688,0.000000
4,NaN,0.000000,NaN,0.000000,NaN,NaN,209.658022,196.992622,64.892115,50.000000,32.446057,25.000000,0.142857,175.000000,0.000000,30.000000,1.532649,0.000000
4,NaN,0.000000,NaN,0.000000,NaN,NaN,209.658022,196.992622,64.892115,50.000000,32.446057,25.000000,0.142857,175.000000,0.000000,30.000000,1.532649,0.000000
4,NaN,0.000000,NaN,0.000000,NaN,NaN,209.658022,196.992622,64.892115,50.000000,32.446057,25.000000,0.142857,175.000000,0.000000,30.000000,1.532649,0.000000
4,NaN,0.000000,NaN,0.000000,NaN,NaN,234.315146,350.844443,57.743641,70.128228,28.871820,35.064114,0.166667,141.000000,0.000000,25.000000,1.412232,1.873833
4,NaN,0.000000,NaN,0.000000,NaN,NaN,234.315146,350.844443,57.743641,70.128228,28.871820,35.064114,0.166667,141.000000,0.000000,25.000000,1.412232,1.873833
4,NaN,0.000000,NaN,0.000000,NaN,NaN,234.315146,350.844443,57.743641,70.128228,28.871820,35.064114,0.166667,141.000000,0.000000,25.000000,1.412232,1.873833
4,NaN,0.000000,NaN,0.000000,NaN,NaN,51.968549,53.667438,52.177757,53.139001,26.088878,26.569500,0.142857,5.000000,0.000000,25.000000,1.084617,1.122141
4,NaN,0.000000,NaN,0.000000,NaN,NaN,859.607438,823.259432,59.268174,48.517617,29.634087,24.258808,0.125000,67.000000,0.000000,25.000000,2.235345,0.000000
4,NaN,0.000000,NaN,0.000000,NaN,NaN,859.607438,823.259432,59.268174,48.517617,29.634087,24.258808,0.125000,67.000000,0.000000,25.000000,2.235345,0.000000
4,NaN,0.000000,NaN,0.000000,NaN,NaN,625.095753,854.289877,84.368718,49.358549,42.184359,24.679275,0.125000,218.000000,0.000000,40.000000,2.478599,0.000000
4,NaN,0.000000,NaN,0.000000,NaN,NaN,625.095753,854.289877,84.368718,49.358549,42.184359,24.679275,0.125000,218.000000,0.000000,40.000000,2.478599,0.000000
4,NaN,0.000000,NaN,0.000000,NaN,NaN,424.534883,714.452015,67.754526,49.849500,33.877263,24.924750,0.125000,1010.000000,0.000000,30.000000,1.850321,0.000000
4,NaN,0.000000,NaN,0.000000,NaN,NaN,424.534883,714.452015,67.754526,49.849500,33.877263,24.924750,0.125000,1010.000000,0.000000,30.000000,1.850321,0.000000
4,NaN,0.000000,NaN,0.000000,NaN,NaN,1059.609095,795.621096,80.858435,98.802873,40.429217,49.401436,0.017241,19.000000,0.000000,40.000000,2.905147,3.003485
4,NaN,0.000000,NaN,0.000000,NaN,NaN,1059.609095,795.621096,80.858435,98.802873,40.429217,49.401436,0.017241,19.000000,0.000000,40.000000,2.905147,3.003485
4,NaN,0.000000,NaN,0.000000,NaN,NaN,1059.609095,795.621096,80.858435,98.802873,40.429217,49.401436,0.017241,19.000000,0.000000,40.000000,2.905147,3.003485
4,NaN,0.000000,NaN,0.000000,NaN,NaN,1059.609095,795.621096,80.858435,98.802873,40.429217,49.401436,0.017241,19.000000,0.000000,40.000000,2.905147,3.003485
4,NaN,0.000000,NaN,0.000000,NaN,NaN,1059.609095,795.621096,80.858435,98.802873,40.429217,49.401436,0.017241,19.000000,0.000000,40.000000,2.905147,3.003485
4,NaN,0.000000,NaN,0.000000,NaN,NaN,1059.609095,795.621096,80.858435,98.802873,40.429217,49.401436,0.017241,19.000000,0.000000,40.000000,2.905147,3.003485
4,NaN,0.000000,NaN,0.000000,NaN,NaN,1059.609095,795.621096,80.858435,98.802873,40.429217,49.401436,0.017241,19.000000,0.000000,40.000000,2.905147,3.003485
4,NaN,0.000000,NaN,0.000000,NaN,NaN,1059.609095,795.621096,80.858435,98.802873,40.429217,49.401436,0.017241,19.000000,0.000000,40.000000,2.905147,3.003485
4,NaN,0.000000,NaN,0.000000,NaN,NaN,662.394858,398.406859,72.031648,91.605298,36.015824,45.802649,0.250000,19.000000,0.000000,35.000000,2.232429,2.364323
4,NaN,0.000000,NaN,0.000000,NaN,NaN,1059.609095,795.621096,80.858435,98.802873,40.429217,49.401436,0.017241,19.000000,0.000000,40.000000,2.905147,3.003485
4,NaN,0.000000,NaN,0.000000,NaN,NaN,1059.609095,795.621096,80.858435,98.802873,40.429217,49.401436,0.017241,19.000000,0.000000,40.000000,2.905147,3.003485
4,NaN,0.000000,NaN,0.000000,NaN,NaN,1059.609095,795.621096,80.858435,98.802873,40.429217,49.401436,0.017241,19.000000,0.000000,40.000000,2.905147,3.003485
4,NaN,0.000000,NaN,0.000000,NaN,NaN,1059.609095,795.621096,80.858435,98.802873,40.429217,49.401436,0.017241,19.000000,0.000000,40.000000,2.905147,3.003485
4,NaN,0.000000,NaN,0.000000,NaN,NaN,1059.609095,795.621096,80.858435,98.802873,40.429217,49.401436,0.017241,19.000000,0.000000,40.000000,2.905147,3.003485
4,NaN,0.000000,NaN,0.000000,NaN,NaN,1059.609095,795.621096,80.858435,98.802873,40.429217,49.401436,0.017241,19.000000,0.000000,40.000000,2.905147,3.003485
4,NaN,0.000000,NaN,0.000000,NaN,NaN,662.394858,398.406859,72.031648,91.605298,36.015824,45.802649,0.250000,19.000000,0.000000,35.000000,2.232429,2.364323
4,NaN,0.000000,NaN,0.000000,NaN,NaN,1059.609095,795.621096,80.858435,98.802873,40.429217,49.401436,0.017241,19.000000,0.000000,40.000000,2.905147,3.003485
4,NaN,0.000000,NaN,0.000000,NaN,NaN,662.394858,398.406859,72.031648,91.605298,36.015824,45.802649,0.250000,19.000000,0.000000,35.000000,2.232429,2.364323
4,NaN,0.000000,NaN,0.000000,NaN,NaN,1059.609095,795.621096,80.858435,98.802873,40.429217,49.401436,0.017241,19.000000,0.000000,40.000000,2.905147,3.003485
4,NaN,0.000000,NaN,0.000000,NaN,NaN,1059.609095,795.621096,80.858435,98.802873,40.429217,49.401436,0.017241,19.000000,0.000000,40.000000,2.905147,3.003485
4,NaN,0.000000,NaN,0.000000,NaN,NaN,1059.609095,795.621096,80.858435,98.802873,40.429217,49.401436,0.017241,19.000000,0.000000,40.000000,2.905147,3.003485
4,NaN,0.000000,NaN,0.000000,NaN,NaN,83.502708,21.622500,28.535129,22.474289,14.267564,11.237144,0.111111,14.000000,0.000000,10.000000,0.647263,0.000000
4,NaN,0.000000,NaN,0.000000,NaN,NaN,805.242662,542.468912,56.421106,45.105533,28.210553,22.552766,0.074074,16.000000,0.000000,25.000000,2.055019,0.000000
4,NaN,0.000000,NaN,0.000000,NaN,NaN,805.242662,542.468912,56.421106,45.105533,28.210553,22.552766,0.074074,16.000000,0.000000,25.000000,2.055019,0.000000
4,NaN,0.000000,NaN,0.000000,NaN,NaN,552.708912,736.422894,87.101497,91.415240,43.550749,45.707620,0.250000,1.000000,0.000000,40.000000,2.440765,2.701893
4,NaN,0.000000,NaN,0.000000,NaN,NaN,949.923148,1133.637131,94.983240,98.950269,47.491620,49.475134,0.017241,1.000000,0.000000,45.000000,3.094122,3.347214
4,NaN,0.000000,NaN,0.000000,NaN,NaN,949.923148,1133.637131,94.983240,98.950269,47.491620,49.475134,0.017241,1.000000,0.000000,45.000000,3.094122,3.347214
4,NaN,0.000000,NaN,0.000000,NaN,NaN,949.923148,1133.637131,94.983240,98.950269,47.491620,49.475134,0.017241,1.000000,0.000000,45.000000,3.094122,3.347214
4,NaN,0.000000,NaN,0.000000,NaN,NaN,949.923148,1133.637131,94.983240,98.950269,47.491620,49.475134,0.017241,1.000000,0.000000,45.000000,3.094122,3.347214
4,NaN,0.000000,NaN,0.000000,NaN,NaN,949.923148,1133.637131,94.983240,98.950269,47.491620,49.475134,0.017241,1.000000,0.000000,45.000000,3.094122,3.347214
4,NaN,0.000000,NaN,0.000000,NaN,NaN,949.923148,1133.637131,94.983240,98.950269,47.491620,49.475134,0.017241,1.000000,0.000000,45.000000,3.094122,3.347214
4,NaN,0.000000,NaN,0.000000,NaN,NaN,949.923148,1133.637131,94.983240,98.950269,47.491620,49.475134,0.017241,1.000000,0.000000,45.000000,3.094122,3.347214
4,NaN,0.000000,NaN,0.000000,NaN,NaN,949.923148,1133.637131,94.983240,98.950269,47.491620,49.475134,0.017241,1.000000,0.000000,45.000000,3.094122,3.347214
4,NaN,0.000000,NaN,0.000000,NaN,NaN,949.923148,1133.637131,94.983240,98.950269,47.491620,49.475134,0.017241,1.000000,0.000000,45.000000,3.094122,3.347214
4,NaN,0.000000,NaN,0.000000,NaN,NaN,552.708912,736.422894,87.101497,91.415240,43.550749,45.707620,0.250000,1.000000,0.000000,40.000000,2.440765,2.701893
4,NaN,0.000000,NaN,0.000000,NaN,NaN,949.923148,1133.637131,94.983240,98.950269,47.491620,49.475134,0.017241,1.000000,0.000000,45.000000,3.094122,3.347214
4,NaN,0.000000,NaN,0.000000,NaN,NaN,949.923148,1133.637131,94.983240,98.950269,47.491620,49.475134,0.017241,1.000000,0.000000,45.000000,3.094122,3.347214
4,NaN,0.000000,NaN,0.000000,NaN,NaN,949.923148,1133.637131,94.983240,98.950269,47.491620,49.475134,0.017241,1.000000,0.000000,45.000000,3.094122,3.347214
4,NaN,0.000000,NaN,0.000000,NaN,NaN,654.299384,644.059384,76.301128,41.132053,38.150564,20.566027,0.250000,24.000000,0.000000,35.000000,2.319218,0.000000
4,NaN,0.000000,NaN,0.000000,NaN,NaN,654.299384,644.059384,76.301128,41.132053,38.150564,20.566027,0.250000,24.000000,0.000000,35.000000,2.319218,0.000000
4,NaN,0.000000,NaN,0.000000,NaN,NaN,654.299384,644.059384,76.301128,41.132053,38.150564,20.566027,0.250000,24.000000,0.000000,35.000000,2.319218,0.000000
4,NaN,0.000000,NaN,0.000000,NaN,NaN,665.681884,644.059384,60.747755,42.776853,30.373877,21.388426,0.111111,40.000000,0.000000,30.000000,2.022356,0.000000
4,NaN,0.000000,NaN,0.000000,NaN,NaN,665.681884,644.059384,60.747755,42.776853,30.373877,21.388426,0.111111,40.000000,0.000000,30.000000,2.022356,0.000000
4,NaN,0.000000,NaN,0.000000,NaN,NaN,665.681884,644.059384,60.747755,42.776853,30.373877,21.388426,0.111111,40.000000,0.000000,30.000000,2.022356,0.000000
4,NaN,0.000000,NaN,0.000000,NaN,NaN,1028.776543,742.130917,84.353484,99.544320,42.176742,49.772160,0.017241,77.000000,0.000000,40.000000,2.948129,2.924471
4,NaN,0.000000,NaN,0.000000,NaN,NaN,1028.776543,742.130917,84.353484,99.544320,42.176742,49.772160,0.017241,77.000000,0.000000,40.000000,2.948129,2.924471
4,NaN,0.000000,NaN,0.000000,NaN,NaN,1028.776543,742.130917,84.353484,99.544320,42.176742,49.772160,0.017241,77.000000,0.000000,40.000000,2.948129,2.924471
4,NaN,0.000000,NaN,0.000000,NaN,NaN,1028.776543,742.130917,84.353484,99.544320,42.176742,49.772160,0.017241,77.000000,0.000000,40.000000,2.948129,2.924471
4,NaN,0.000000,NaN,0.000000,NaN,NaN,1028.776543,742.130917,84.353484,99.544320,42.176742,49.772160,0.017241,77.000000,0.000000,40.000000,2.948129,2.924471
4,NaN,0.000000,NaN,0.000000,NaN,NaN,1028.776543,742.130917,84.353484,99.544320,42.176742,49.772160,0.017241,77.000000,0.000000,40.000000,2.948129,2.924471
4,NaN,0.000000,NaN,0.000000,NaN,NaN,1028.776543,742.130917,84.353484,99.544320,42.176742,49.772160,0.017241,77.000000,0.000000,40.000000,2.948129,2.924471
4,NaN,0.000000,NaN,0.000000,NaN,NaN,1028.776543,742.130917,84.353484,99.544320,42.176742,49.772160,0.017241,77.000000,0.000000,40.000000,2.948129,2.924471
4,NaN,0.000000,NaN,0.000000,NaN,NaN,1028.776543,742.130917,84.353484,99.544320,42.176742,49.772160,0.017241,77.000000,0.000000,40.000000,2.948129,2.924471
4,NaN,0.000000,NaN,0.000000,NaN,NaN,1028.776543,742.130917,84.353484,99.544320,42.176742,49.772160,0.017241,77.000000,0.000000,40.000000,2.948129,2.924471
4,NaN,0.000000,NaN,0.000000,NaN,NaN,1028.776543,742.130917,84.353484,99.544320,42.176742,49.772160,0.017241,77.000000,0.000000,40.000000,2.948129,2.924471
4,NaN,0.000000,NaN,0.000000,NaN,NaN,1028.776543,742.130917,84.353484,99.544320,42.176742,49.772160,0.017241,77.000000,0.000000,40.000000,2.948129,2.924471
4,NaN,0.000000,NaN,0.000000,NaN,NaN,1028.776543,742.130917,84.353484,99.544320,42.176742,49.772160,0.017241,77.000000,0.000000,40.000000,2.948129,2.924471
4,NaN,0.000000,NaN,0.000000,NaN,NaN,1028.776543,742.130917,84.353484,99.544320,42.176742,49.772160,0.017241,77.000000,0.000000,40.000000,2.948129,2.924471
4,NaN,0.000000,NaN,0.000000,NaN,NaN,1028.776543,742.130917,84.353484,99.544320,42.176742,49.772160,0.017241,77.000000,0.000000,40.000000,2.948129,2.924471
4,NaN,0.000000,NaN,0.000000,NaN,NaN,1028.776543,742.130917,84.353484,99.544320,42.176742,49.772160,0.017241,77.000000,0.000000,40.000000,2.948129,2.924471
4,NaN,0.000000,NaN,0.000000,NaN,NaN,1028.776543,742.130917,84.353484,99.544320,42.176742,49.772160,0.017241,77.000000,0.000000,40.000000,2.948129,2.924471
4,NaN,0.000000,NaN,0.000000,NaN,NaN,1028.776543,742.130917,84.353484,99.544320,42.176742,49.772160,0.017241,77.000000,0.000000,40.000000,2.948129,2.924471
4,NaN,0.000000,NaN,0.000000,NaN,NaN,904.807470,1099.160311,93.426018,97.843765,46.713009,48.921883,0.016667,34.000000,0.000000,45.000000,3.046039,3.325031
4,NaN,0.000000,NaN,0.000000,NaN,NaN,904.807470,1099.160311,93.426018,97.843765,46.713009,48.921883,0.016667,34.000000,0.000000,45.000000,3.046039,3.325031
4,NaN,0.000000,NaN,0.000000,NaN,NaN,904.807470,1099.160311,93.426018,97.843765,46.713009,48.921883,0.016667,34.000000,0.000000,45.000000,3.046039,3.325031
4,NaN,0.000000,NaN,0.000000,NaN,NaN,904.807470,1099.160311,93.426018,97.843765,46.713009,48.921883,0.016667,34.000000,0.000000,45.000000,3.046039,3.325031
4,NaN,0.000000,NaN,0.000000,NaN,NaN,904.807470,1099.160311,93.426018,97.843765,46.713009,48.921883,0.016667,34.000000,0.000000,45.000000,3.046039,3.325031
4,NaN,0.000000,NaN,0.000000,NaN,NaN,904.807470,1099.160311,93.426018,97.843765,46.713009,48.921883,0.016667,34.000000,0.000000,45.000000,3.046039,3.325031
4,NaN,0.000000,NaN,0.000000,NaN,NaN,904.807470,1099.160311,93.426018,97.843765,46.713009,48.921883,0.016667,34.000000,0.000000,45.000000,3.046039,3.325031
4,NaN,0.000000,NaN,0.000000,NaN,NaN,904.807470,1099.160311,93.426018,97.843765,46.713009,48.921883,0.016667,34.000000,0.000000,45.000000,3.046039,3.325031
4,NaN,0.000000,NaN,0.000000,NaN,NaN,904.807470,1099.160311,93.426018,97.843765,46.713009,48.921883,0.016667,34.000000,0.000000,45.000000,3.046039,3.325031
4,NaN,0.000000,NaN,0.000000,NaN,NaN,904.807470,1099.160311,93.426018,97.843765,46.713009,48.921883,0.016667,34.000000,0.000000,45.000000,3.046039,3.325031
4,NaN,0.000000,NaN,0.000000,NaN,NaN,904.807470,1099.160311,93.426018,97.843765,46.713009,48.921883,0.016667,34.000000,0.000000,45.000000,3.046039,3.325031
4,NaN,0.000000,NaN,0.000000,NaN,NaN,904.807470,1099.160311,93.426018,97.843765,46.713009,48.921883,0.016667,34.000000,0.000000,45.000000,3.046039,3.325031
4,NaN,0.000000,NaN,0.000000,NaN,NaN,284.073225,355.981561,70.023890,85.665050,35.011945,42.832525,0.166667,606.000000,0.000000,35.000000,1.752025,2.230740
4,NaN,0.000000,NaN,0.000000,NaN,NaN,284.073225,355.981561,70.023890,85.665050,35.011945,42.832525,0.166667,606.000000,0.000000,35.000000,1.752025,2.230740
4,NaN,0.000000,NaN,0.000000,NaN,NaN,284.073225,355.981561,70.023890,85.665050,35.011945,42.832525,0.166667,606.000000,0.000000,35.000000,1.752025,2.230740
0,NaN,0.000000,NaN,0.000000,NaN,NaN,1293.483892,1250.000000,59.038137,50.000000,29.519069,25.000000,0.052632,1.000000,0.000000,25.000000,2.736581,0.000000
0,NaN,0.000000,143.305785,0.000000,NaN,143.305785,60.823892,14.330579,40.360487,31.705957,20.180243,15.852979,0.166667,1.000000,0.000000,20.000000,0.828669,0.000000
0,NaN,0.000000,NaN,0.000000,NaN,NaN,1293.483892,1250.000000,59.038137,50.000000,29.519069,25.000000,0.052632,1.000000,0.000000,25.000000,2.736581,0.000000
0,NaN,0.000000,NaN,0.000000,NaN,NaN,1293.483892,1250.000000,59.038137,50.000000,29.519069,25.000000,0.052632,1.000000,0.000000,25.000000,2.736581,0.000000
0,NaN,0.000000,102.400000,0.000000,NaN,102.400000,53.723892,10.240000,48.990771,40.203818,24.495385,20.101909,0.250000,1.000000,0.000000,20.000000,0.992570,0.000000
0,NaN,0.000000,NaN,0.000000,NaN,NaN,430.404942,386.921049,56.410404,47.486740,28.205202,23.743370,0.052632,1.000000,0.000000,25.000000,1.609349,0.000000
0,NaN,0.000000,NaN,0.000000,NaN,NaN,1293.483892,1250.000000,59.038137,50.000000,29.519069,25.000000,0.052632,1.000000,0.000000,25.000000,2.736581,0.000000
0,NaN,0.000000,NaN,0.000000,NaN,NaN,430.404942,386.921049,56.410404,47.486740,28.205202,23.743370,0.052632,1.000000,0.000000,25.000000,1.609349,0.000000
0,NaN,0.000000,NaN,0.000000,NaN,NaN,863.495979,427.300107,64.363424,48.320557,32.181712,24.160279,0.100000,1417.000000,0.000000,30.000000,2.327050,0.000000
0,NaN,0.000000,NaN,0.000000,NaN,NaN,863.495979,427.300107,64.363424,48.320557,32.181712,24.160279,0.100000,1417.000000,0.000000,30.000000,2.327050,0.000000
0,NaN,0.000000,NaN,0.000000,NaN,NaN,1536.742114,1737.194034,54.735413,49.413728,27.367706,24.706864,0.111111,466.000000,0.000000,25.000000,2.982191,0.000000
0,NaN,0.000000,NaN,0.000000,NaN,NaN,1536.742114,1737.194034,54.735413,49.413728,27.367706,24.706864,0.111111,466.000000,0.000000,25.000000,2.982191,0.000000
0,NaN,0.000000,NaN,0.000000,NaN,NaN,1536.742114,1737.194034,54.735413,49.413728,27.367706,24.706864,0.111111,466.000000,0.000000,25.000000,2.982191,0.000000
0,NaN,0.000000,NaN,0.000000,NaN,NaN,1536.742114,1737.194034,54.735413,49.413728,27.367706,24.706864,0.111111,466.000000,0.000000,25.000000,2.982191,0.000000
0,NaN,0.000000,NaN,0.000000,NaN,NaN,459.304775,435.138003,56.451971,48.745940,28.225985,24.372970,0.047619,336.000000,0.000000,25.000000,1.637344,0.000000
0,NaN,0.000000,NaN,0.000000,NaN,NaN,1473.806308,1737.194034,58.711036,49.474995,29.355518,24.737497,0.047619,336.000000,0.000000,25.000000,2.946538,0.000000
0,NaN,0.000000,NaN,0.000000,NaN,NaN,1473.806308,1737.194034,58.711036,49.474995,29.355518,24.737497,0.047619,336.000000,0.000000,25.000000,2.946538,0.000000
0,NaN,0.000000,143.305785,0.000000,NaN,143.305785,65.314354,14.330579,45.988527,41.076240,22.994263,20.538120,0.166667,336.000000,0.000000,20.000000,0.937576,0.000000
0,NaN,0.000000,0.000000,0.000000,NaN,0.000000,61.223775,0.000000,48.777939,0.000000,24.388969,0.000000,0.250000,336.000000,0.000000,20.000000,0.988325,0.000000
0,NaN,0.000000,NaN,0.000000,NaN,NaN,1473.806308,1737.194034,58.711036,49.474995,29.355518,24.737497,0.047619,336.000000,0.000000,25.000000,2.946538,0.000000
0,NaN,0.000000,NaN,0.000000,NaN,NaN,459.304775,435.138003,56.451971,48.745940,28.225985,24.372970,0.047619,336.000000,0.000000,25.000000,1.637344,0.000000
0,NaN,0.000000,NaN,0.000000,NaN,NaN,1473.806308,1737.194034,58.711036,49.474995,29.355518,24.737497,0.047619,336.000000,0.000000,25.000000,2.946538,0.000000
0,NaN,0.000000,611.925078,0.000000,NaN,611.925078,135.327849,61.192508,41.036514,26.007406,20.518257,13.003703,0.043478,114.000000,0.000000,20.000000,0.981292,0.000000
0,NaN,0.000000,NaN,0.000000,NaN,NaN,767.673611,1555.041322,59.653305,49.599756,29.826653,24.799878,0.250000,1447.000000,0.000000,25.000000,2.125254,0.000000
0,NaN,0.000000,NaN,0.000000,NaN,NaN,767.673611,1555.041322,59.653305,49.599756,29.826653,24.799878,0.250000,1447.000000,0.000000,25.000000,2.125254,0.000000
0,NaN,0.000000,NaN,0.000000,NaN,NaN,767.673611,1555.041322,59.653305,49.599756,29.826653,24.799878,0.250000,1447.000000,0.000000,25.000000,2.125254,0.000000
0,NaN,0.000000,NaN,0.000000,NaN,NaN,767.673611,1555.041322,59.653305,49.599756,29.826653,24.799878,0.250000,1447.000000,0.000000,25.000000,2.125254,0.000000
0,NaN,0.000000,NaN,0.000000,NaN,NaN,1449.916283,1542.993945,58.336669,49.309836,29.168335,24.654918,0.166667,663.000000,0.000000,25.000000,2.944491,0.000000
0,NaN,0.000000,NaN,0.000000,NaN,NaN,1449.916283,1542.993945,58.336669,49.309836,29.168335,24.654918,0.166667,663.000000,0.000000,25.000000,2.944491,0.000000
0,NaN,0.000000,NaN,0.000000,NaN,NaN,1449.916283,1542.993945,58.336669,49.309836,29.168335,24.654918,0.166667,663.000000,0.000000,25.000000,2.944491,0.000000
0,NaN,0.000000,NaN,0.000000,NaN,NaN,1449.916283,1542.993945,58.336669,49.309836,29.168335,24.654918,0.166667,663.000000,0.000000,25.000000,2.944491,0.000000
0,NaN,0.000000,NaN,0.000000,NaN,NaN,1608.114206,1376.312500,63.887597,49.661241,31.943799,24.830621,0.045455,114.000000,0.000000,30.000000,3.221047,0.000000
0,NaN,0.000000,NaN,0.000000,NaN,NaN,1608.114206,1376.312500,63.887597,49.661241,31.943799,24.830621,0.045455,114.000000,0.000000,30.000000,3.221047,0.000000
0,NaN,0.000000,NaN,0.000000,NaN,NaN,499.776799,539.577716,62.994218,45.668556,31.497109,22.834278,0.045455,114.000000,0.000000,30.000000,1.818100,0.000000
0,NaN,0.000000,NaN,0.000000,NaN,NaN,1608.114206,1376.312500,63.887597,49.661241,31.943799,24.830621,0.045455,114.000000,0.000000,30.000000,3.221047,0.000000
0,NaN,0.000000,NaN,0.000000,NaN,NaN,1608.114206,1376.312500,63.887597,49.661241,31.943799,24.830621,0.045455,114.000000,0.000000,30.000000,3.221047,0.000000
0,NaN,0.000000,NaN,0.000000,NaN,NaN,67.403462,14.330579,54.341510,41.549862,27.170755,20.774931,0.166667,114.000000,0.000000,25.000000,1.104737,0.000000
0,NaN,0.000000,685.366451,0.000000,NaN,685.366451,171.916374,68.536645,19.670674,12.970423,9.835337,6.485212,0.090909,97.000000,0.000000,5.000000,0.629655,0.000000
0,NaN,0.000000,NaN,0.000000,NaN,NaN,499.776799,539.577716,62.994218,45.668556,31.497109,22.834278,0.045455,114.000000,0.000000,30.000000,1.818100,0.000000
1,NaN,0.000000,NaN,0.000000,NaN,NaN,129.724352,142.390359,87.299236,89.153190,43.649618,44.576595,0.055556,90.000000,0.000000,40.000000,1.912143,1.972101
1,NaN,0.000000,NaN,0.000000,NaN,NaN,129.724352,142.390359,87.299236,89.153190,43.649618,44.576595,0.055556,90.000000,0.000000,40.000000,1.912143,1.972101
1,NaN,0.000000,NaN,0.000000,NaN,NaN,644.003665,221.892988,95.300450,94.290035,47.650225,47.145018,0.066667,567.000000,0.000000,45.000000,2.744528,2.163311
1,NaN,0.000000,NaN,0.000000,NaN,NaN,644.003665,221.892988,95.300450,94.290035,47.650225,47.145018,0.066667,567.000000,0.000000,45.000000,2.744528,2.163311
1,NaN,0.000000,NaN,0.000000,NaN,NaN,644.003665,221.892988,95.300450,94.290035,47.650225,47.145018,0.066667,567.000000,0.000000,45.000000,2.744528,2.163311
1,NaN,0.000000,NaN,0.000000,NaN,NaN,644.003665,221.892988,95.300450,94.290035,47.650225,47.145018,0.066667,567.000000,0.000000,45.000000,2.744528,2.163311
1,NaN,0.000000,NaN,0.000000,NaN,NaN,154.742965,93.240851,52.514484,48.571429,26.257242,24.285714,0.066667,140.000000,0.000000,25.000000,1.193982,0.000000
1,NaN,0.000000,NaN,0.000000,NaN,NaN,154.742965,93.240851,52.514484,48.571429,26.257242,24.285714,0.066667,140.000000,0.000000,25.000000,1.193982,0.000000
1,-3790.660208,0.000000,NaN,0.000000,3790.660208,NaN,379.066021,468.982632,72.123670,49.021131,36.061835,24.510566,0.250000,908.000000,0.000000,35.000000,1.869590,0.000000
1,-2249.091731,0.000000,NaN,0.000000,2249.091731,NaN,224.909173,279.695600,73.764409,48.963029,36.882205,24.481515,0.083333,908.000000,0.000000,35.000000,1.713668,0.000000
1,-2249.091731,0.000000,NaN,0.000000,2249.091731,NaN,224.909173,279.695600,73.764409,48.963029,36.882205,24.481515,0.083333,908.000000,0.000000,35.000000,1.713668,0.000000
1,-2249.091731,0.000000,NaN,0.000000,2249.091731,NaN,224.909173,279.695600,73.764409,48.963029,36.882205,24.481515,0.083333,908.000000,0.000000,35.000000,1.713668,0.000000
1,-2249.091731,0.000000,NaN,0.000000,2249.091731,NaN,224.909173,279.695600,73.764409,48.963029,36.882205,24.481515,0.083333,908.000000,0.000000,35.000000,1.713668,0.000000
1,-3790.660208,0.000000,NaN,0.000000,3790.660208,NaN,379.066021,468.982632,72.123670,49.021131,36.061835,24.510566,0.250000,908.000000,0.000000,35.000000,1.869590,0.000000
1,-3790.660208,0.000000,NaN,0.000000,3790.660208,NaN,379.066021,468.982632,72.123670,49.021131,36.061835,24.510566,0.250000,908.000000,0.000000,35.000000,1.869590,0.000000
1,-3790.660208,0.000000,NaN,0.000000,3790.660208,NaN,379.066021,468.982632,72.123670,49.021131,36.061835,24.510566,0.250000,908.000000,0.000000,35.000000,1.869590,0.000000
1,-2249.091731,0.000000,NaN,0.000000,2249.091731,NaN,224.909173,279.695600,73.764409,48.963029,36.882205,24.481515,0.083333,908.000000,0.000000,35.000000,1.713668,0.000000
1,-2249.091731,0.000000,NaN,0.000000,2249.091731,NaN,224.909173,279.695600,73.764409,48.963029,36.882205,24.481515,0.083333,908.000000,0.000000,35.000000,1.713668,0.000000
1,NaN,0.000000,NaN,0.000000,NaN,NaN,614.391608,695.825611,93.433106,97.697041,46.716553,48.848520,0.027027,695.000000,0.000000,45.000000,2.683198,2.823907
1,NaN,0.000000,NaN,0.000000,NaN,NaN,614.391608,695.825611,93.433106,97.697041,46.716553,48.848520,0.027027,695.000000,0.000000,45.000000,2.683198,2.823907
1,NaN,0.000000,NaN,0.000000,NaN,NaN,614.391608,695.825611,93.433106,97.697041,46.716553,48.848520,0.027027,695.000000,0.000000,45.000000,2.683198,2.823907
1,NaN,0.000000,NaN,0.000000,NaN,NaN,614.391608,695.825611,93.433106,97.697041,46.716553,48.848520,0.027027,695.000000,0.000000,45.000000,2.683198,2.823907
1,NaN,0.000000,NaN,0.000000,NaN,NaN,614.391608,695.825611,93.433106,97.697041,46.716553,48.848520,0.027027,695.000000,0.000000,45.000000,2.683198,2.823907
1,NaN,0.000000,NaN,0.000000,NaN,NaN,614.391608,695.825611,93.433106,97.697041,46.716553,48.848520,0.027027,695.000000,0.000000,45.000000,2.683198,2.823907
1,NaN,0.000000,NaN,0.000000,NaN,NaN,614.391608,695.825611,93.433106,97.697041,46.716553,48.848520,0.027027,695.000000,0.000000,45.000000,2.683198,2.823907
1,NaN,0.000000,NaN,0.000000,NaN,NaN,614.391608,695.825611,93.433106,97.697041,46.716553,48.848520,0.027027,695.000000,0.000000,45.000000,2.683198,2.823907
1,NaN,0.000000,NaN,0.000000,NaN,NaN,614.391608,695.825611,93.433106,97.697041,46.716553,48.848520,0.027027,695.000000,0.000000,45.000000,2.683198,2.823907
1,NaN,0.000000,NaN,0.000000,NaN,NaN,614.391608,695.825611,93.433106,97.697041,46.716553,48.848520,0.027027,695.000000,0.000000,45.000000,2.683198,2.823907
1,NaN,0.000000,NaN,0.000000,NaN,NaN,614.391608,695.825611,93.433106,97.697041,46.716553,48.848520,0.027027,695.000000,0.000000,45.000000,2.683198,2.823907
1,NaN,0.000000,NaN,0.000000,NaN,NaN,614.391608,695.825611,93.433106,97.697041,46.716553,48.848520,0.027027,695.000000,0.000000,45.000000,2.683198,2.823907
1,NaN,0.000000,NaN,0.000000,NaN,NaN,614.391608,695.825611,93.433106,97.697041,46.716553,48.848520,0.027027,695.000000,0.000000,45.000000,2.683198,2.823907
1,NaN,0.000000,NaN,0.000000,NaN,NaN,614.391608,695.825611,93.433106,97.697041,46.716553,48.848520,0.027027,695.000000,0.000000,45.000000,2.683198,2.823907
1,NaN,0.000000,NaN,0.000000,NaN,NaN,614.391608,695.825611,93.433106,97.697041,46.716553,48.848520,0.027027,695.000000,0.000000,45.000000,2.683198,2.823907
1,NaN,0.000000,NaN,0.000000,NaN,NaN,614.391608,695.825611,93.433106,97.697041,46.716553,48.848520,0.027027,695.000000,0.000000,45.000000,2.683198,2.823907
1,NaN,0.000000,NaN,0.000000,NaN,NaN,614.391608,695.825611,93.433106,97.697041,46.716553,48.848520,0.027027,695.000000,0.000000,45.000000,2.683198,2.823907
1,NaN,0.000000,NaN,0.000000,NaN,NaN,614.391608,695.825611,93.433106,97.697041,46.716553,48.848520,0.027027,695.000000,0.000000,45.000000,2.683198,2.823907
1,NaN,0.000000,NaN,0.000000,NaN,NaN,614.391608,695.825611,93.433106,97.697041,46.716553,48.848520,0.027027,695.000000,0.000000,45.000000,2.683198,2.823907
1,NaN,0.000000,NaN,0.000000,NaN,NaN,614.391608,695.825611,93.433106,97.697041,46.716553,48.848520,0.027027,695.000000,0.000000,45.000000,2.683198,2.823907
1,NaN,0.000000,NaN,0.000000,NaN,NaN,614.391608,695.825611,93.433106,97.697041,46.716553,48.848520,0.027027,695.000000,0.000000,45.000000,2.683198,2.823907
1,NaN,0.000000,NaN,0.000000,NaN,NaN,614.391608,695.825611,93.433106,97.697041,46.716553,48.848520,0.027027,695.000000,0.000000,45.000000,2.683198,2.823907
1,NaN,0.000000,NaN,0.000000,NaN,NaN,614.391608,695.825611,93.433106,97.697041,46.716553,48.848520,0.027027,695.000000,0.000000,45.000000,2.683198,2.823907
1,NaN,0.000000,NaN,0.000000,NaN,NaN,614.391608,695.825611,93.433106,97.697041,46.716553,48.848520,0.027027,695.000000,0.000000,45.000000,2.683198,2.823907
1,-6295.045111,0.000000,NaN,0.000000,6295.045111,NaN,629.504511,251.729815,82.288665,97.042703,41.144332,48.521351,0.035714,1354.000000,0.000000,40.000000,2.363879,2.265030
1,-6295.045111,0.000000,NaN,0.000000,6295.045111,NaN,629.504511,251.729815,82.288665,97.042703,41.144332,48.521351,0.035714,1354.000000,0.000000,40.000000,2.363879,2.265030
1,-3508.927666,0.000000,NaN,0.000000,3508.927666,NaN,350.892767,217.367737,90.992004,98.257149,45.496002,49.128575,0.058824,1472.000000,0.000000,45.000000,2.098264,2.246366
1,-3632.413329,0.000000,NaN,0.000000,3632.413329,NaN,363.241333,251.729815,89.393460,97.042703,44.696730,48.521351,0.041667,1429.000000,0.000000,40.000000,2.219919,2.265030
1,-5375.247780,0.000000,NaN,0.000000,5375.247780,NaN,537.524778,217.367737,88.026163,98.257149,44.013081,49.128575,0.055556,1354.000000,0.000000,40.000000,2.364823,2.246366
1,-3508.927666,0.000000,NaN,0.000000,3508.927666,NaN,350.892767,217.367737,90.992004,98.257149,45.496002,49.128575,0.058824,1472.000000,0.000000,45.000000,2.098264,2.246366
1,-6295.045111,0.000000,NaN,0.000000,6295.045111,NaN,629.504511,251.729815,82.288665,97.042703,41.144332,48.521351,0.035714,1354.000000,0.000000,40.000000,2.363879,2.265030
1,NaN,0.000000,NaN,0.000000,NaN,NaN,455.152778,157.501939,56.257119,82.332791,28.128559,41.166395,0.125000,257.000000,0.000000,25.000000,1.667493,1.853047
1,-5375.247780,0.000000,NaN,0.000000,5375.247780,NaN,537.524778,217.367737,88.026163,98.257149,44.013081,49.128575,0.055556,1354.000000,0.000000,40.000000,2.364823,2.246366
1,-5375.247780,0.000000,NaN,0.000000,5375.247780,NaN,537.524778,217.367737,88.026163,98.257149,44.013081,49.128575,0.055556,1354.000000,0.000000,40.000000,2.364823,2.246366
1,NaN,0.000000,NaN,0.000000,NaN,NaN,455.152778,157.501939,56.257119,82.332791,28.128559,41.166395,0.125000,257.000000,0.000000,25.000000,1.667493,1.853047
1,NaN,0.000000,NaN,0.000000,NaN,NaN,455.152778,157.501939,56.257119,82.332791,28.128559,41.166395,0.125000,257.000000,0.000000,25.000000,1.667493,1.853047
1,-5375.247780,0.000000,NaN,0.000000,5375.247780,NaN,537.524778,217.367737,88.026163,98.257149,44.013081,49.128575,0.055556,1354.000000,0.000000,40.000000,2.364823,2.246366
1,-6295.045111,0.000000,NaN,0.000000,6295.045111,NaN,629.504511,251.729815,82.288665,97.042703,41.144332,48.521351,0.035714,1354.000000,0.000000,40.000000,2.363879,2.265030
1,-6295.045111,0.000000,NaN,0.000000,6295.045111,NaN,629.504511,251.729815,82.288665,97.042703,41.144332,48.521351,0.035714,1354.000000,0.000000,40.000000,2.363879,2.265030
1,-5375.247780,0.000000,NaN,0.000000,5375.247780,NaN,537.524778,217.367737,88.026163,98.257149,44.013081,49.128575,0.055556,1354.000000,0.000000,40.000000,2.364823,2.246366
1,-3632.413329,0.000000,NaN,0.000000,3632.413329,NaN,363.241333,251.729815,89.393460,97.042703,44.696730,48.521351,0.041667,1429.000000,0.000000,40.000000,2.219919,2.265030
1,NaN,0.000000,NaN,0.000000,NaN,NaN,455.152778,157.501939,56.257119,82.332791,28.128559,41.166395,0.125000,257.000000,0.000000,25.000000,1.667493,1.853047
1,-6295.045111,0.000000,NaN,0.000000,6295.045111,NaN,629.504511,251.729815,82.288665,97.042703,41.144332,48.521351,0.035714,1354.000000,0.000000,40.000000,2.363879,2.265030
1,-5375.247780,0.000000,NaN,0.000000,5375.247780,NaN,537.524778,217.367737,88.026163,98.257149,44.013081,49.128575,0.055556,1354.000000,0.000000,40.000000,2.364823,2.246366
1,NaN,0.000000,NaN,0.000000,NaN,NaN,504.581213,138.789136,79.070808,48.684211,39.535404,24.342105,0.157895,32.000000,0.000000,35.000000,2.152281,0.000000
1,NaN,0.000000,NaN,0.000000,NaN,NaN,504.581213,138.789136,79.070808,48.684211,39.535404,24.342105,0.157895,32.000000,0.000000,35.000000,2.152281,0.000000
1,NaN,0.000000,NaN,0.000000,NaN,NaN,252.157772,216.557980,78.464340,48.649461,39.232170,24.324731,0.052632,32.000000,0.000000,35.000000,1.825423,0.000000
1,NaN,0.000000,NaN,0.000000,NaN,NaN,252.157772,216.557980,78.464340,48.649461,39.232170,24.324731,0.052632,32.000000,0.000000,35.000000,1.825423,0.000000
1,NaN,0.000000,NaN,0.000000,NaN,NaN,252.157772,216.557980,78.464340,48.649461,39.232170,24.324731,0.052632,32.000000,0.000000,35.000000,1.825423,0.000000
1,NaN,0.000000,NaN,0.000000,NaN,NaN,252.157772,216.557980,78.464340,48.649461,39.232170,24.324731,0.052632,32.000000,0.000000,35.000000,1.825423,0.000000
1,NaN,0.000000,NaN,0.000000,NaN,NaN,252.157772,216.557980,78.464340,48.649461,39.232170,24.324731,0.052632,32.000000,0.000000,35.000000,1.825423,0.000000
1,NaN,0.000000,NaN,0.000000,NaN,NaN,504.581213,138.789136,79.070808,48.684211,39.535404,24.342105,0.157895,32.000000,0.000000,35.000000,2.152281,0.000000
1,NaN,0.000000,NaN,0.000000,NaN,NaN,252.157772,216.557980,78.464340,48.649461,39.232170,24.324731,0.052632,32.000000,0.000000,35.000000,1.825423,0.000000
1,NaN,0.000000,NaN,0.000000,NaN,NaN,504.581213,138.789136,79.070808,48.684211,39.535404,24.342105,0.157895,32.000000,0.000000,35.000000,2.152281,0.000000
1,NaN,0.000000,NaN,0.000000,NaN,NaN,149.525796,121.075408,54.468144,47.324640,27.234072,23.662320,0.153846,134.000000,0.000000,25.000000,1.238825,0.000000
1,NaN,0.000000,NaN,0.000000,NaN,NaN,149.525796,121.075408,54.468144,47.324640,27.234072,23.662320,0.153846,134.000000,0.000000,25.000000,1.238825,0.000000
1,NaN,0.000000,NaN,0.000000,NaN,NaN,230.413189,225.688731,89.994926,95.687764,44.997463,47.843882,0.025000,47.000000,0.000000,40.000000,2.106340,2.200324
1,NaN,0.000000,NaN,0.000000,NaN,NaN,230.413189,225.688731,89.994926,95.687764,44.997463,47.843882,0.025000,47.000000,0.000000,40.000000,2.106340,2.200324
1,NaN,0.000000,NaN,0.000000,NaN,NaN,230.413189,225.688731,89.994926,95.687764,44.997463,47.843882,0.025000,47.000000,0.000000,40.000000,2.106340,2.200324
1,NaN,0.000000,NaN,0.000000,NaN,NaN,230.413189,225.688731,89.994926,95.687764,44.997463,47.843882,0.025000,47.000000,0.000000,40.000000,2.106340,2.200324
1,NaN,0.000000,NaN,0.000000,NaN,NaN,501.685765,442.495536,91.822044,97.442604,45.911022,48.721302,0.023256,68.000000,0.000000,45.000000,2.461958,2.508334
1,NaN,0.000000,NaN,0.000000,NaN,NaN,501.685765,442.495536,91.822044,97.442604,45.911022,48.721302,0.023256,68.000000,0.000000,45.000000,2.461958,2.508334
1,NaN,0.000000,NaN,0.000000,NaN,NaN,501.685765,442.495536,91.822044,97.442604,45.911022,48.721302,0.023256,68.000000,0.000000,45.000000,2.461958,2.508334
1,NaN,0.000000,NaN,0.000000,NaN,NaN,501.685765,442.495536,91.822044,97.442604,45.911022,48.721302,0.023256,68.000000,0.000000,45.000000,2.461958,2.508334
1,NaN,0.000000,NaN,0.000000,NaN,NaN,501.685765,442.495536,91.822044,97.442604,45.911022,48.721302,0.023256,68.000000,0.000000,45.000000,2.461958,2.508334
1,NaN,0.000000,NaN,0.000000,NaN,NaN,501.685765,442.495536,91.822044,97.442604,45.911022,48.721302,0.023256,68.000000,0.000000,45.000000,2.461958,2.508334
1,NaN,0.000000,NaN,0.000000,NaN,NaN,501.685765,442.495536,91.822044,97.442604,45.911022,48.721302,0.023256,68.000000,0.000000,45.000000,2.461958,2.508334
1,NaN,0.000000,NaN,0.000000,NaN,NaN,501.685765,442.495536,91.822044,97.442604,45.911022,48.721302,0.023256,68.000000,0.000000,45.000000,2.461958,2.508334
1,NaN,0.000000,NaN,0.000000,NaN,NaN,501.685765,442.495536,91.822044,97.442604,45.911022,48.721302,0.023256,68.000000,0.000000,45.000000,2.461958,2.508334
1,NaN,0.000000,NaN,0.000000,NaN,NaN,501.685765,442.495536,91.822044,97.442604,45.911022,48.721302,0.023256,68.000000,0.000000,45.000000,2.461958,2.508334
1,NaN,0.000000,NaN,0.000000,NaN,NaN,501.685765,442.495536,91.822044,97.442604,45.911022,48.721302,0.023256,68.000000,0.000000,45.000000,2.461958,2.508334
1,NaN,0.000000,NaN,0.000000,NaN,NaN,501.685765,442.495536,91.822044,97.442604,45.911022,48.721302,0.023256,68.000000,0.000000,45.000000,2.461958,2.508334
1,NaN,0.000000,NaN,0.000000,NaN,NaN,501.685765,442.495536,91.822044,97.442604,45.911022,48.721302,0.023256,68.000000,0.000000,45.000000,2.461958,2.508334
1,NaN,0.000000,NaN,0.000000,NaN,NaN,501.685765,442.495536,91.822044,97.442604,45.911022,48.721302,0.023256,68.000000,0.000000,45.000000,2.461958,2.508334
1,NaN,0.000000,NaN,0.000000,NaN,NaN,501.685765,442.495536,91.822044,97.442604,45.911022,48.721302,0.023256,68.000000,0.000000,45.000000,2.461958,2.508334
1,NaN,0.000000,NaN,0.000000,NaN,NaN,501.685765,442.495536,91.822044,97.442604,45.911022,48.721302,0.023256,68.000000,0.000000,45.000000,2.461958,2.508334
1,NaN,0.000000,NaN,0.000000,NaN,NaN,501.685765,442.495536,91.822044,97.442604,45.911022,48.721302,0.023256,68.000000,0.000000,45.000000,2.461958,2.508334
1,NaN,0.000000,NaN,0.000000,NaN,NaN,501.685765,442.495536,91.822044,97.442604,45.911022,48.721302,0.023256,68.000000,0.000000,45.000000,2.461958,2.508334
1,NaN,0.000000,NaN,0.000000,NaN,NaN,501.685765,442.495536,91.822044,97.442604,45.911022,48.721302,0.023256,68.000000,0.000000,45.000000,2.461958,2.508334
1,NaN,0.000000,NaN,0.000000,NaN,NaN,501.685765,442.495536,91.822044,97.442604,45.911022,48.721302,0.023256,68.000000,0.000000,45.000000,2.461958,2.508334
1,NaN,0.000000,NaN,0.000000,NaN,NaN,501.685765,442.495536,91.822044,97.442604,45.911022,48.721302,0.023256,68.000000,0.000000,45.000000,2.461958,2.508334
1,NaN,0.000000,NaN,0.000000,NaN,NaN,501.685765,442.495536,91.822044,97.442604,45.911022,48.721302,0.023256,68.000000,0.000000,45.000000,2.461958,2.508334
1,NaN,0.000000,NaN,0.000000,NaN,NaN,501.685765,442.495536,91.822044,97.442604,45.911022,48.721302,0.023256,68.000000,0.000000,45.000000,2.461958,2.508334
1,NaN,0.000000,NaN,0.000000,NaN,NaN,501.685765,442.495536,91.822044,97.442604,45.911022,48.721302,0.023256,68.000000,0.000000,45.000000,2.461958,2.508334
1,NaN,0.000000,NaN,0.000000,NaN,NaN,511.534659,455.676897,94.612089,96.429872,47.306045,48.214936,0.022222,108.000000,0.000000,45.000000,2.542085,2.541418
1,NaN,0.000000,NaN,0.000000,NaN,NaN,511.534659,455.676897,94.612089,96.429872,47.306045,48.214936,0.022222,108.000000,0.000000,45.000000,2.542085,2.541418
1,NaN,0.000000,NaN,0.000000,NaN,NaN,511.534659,455.676897,94.612089,96.429872,47.306045,48.214936,0.022222,108.000000,0.000000,45.000000,2.542085,2.541418
1,NaN,0.000000,NaN,0.000000,NaN,NaN,511.534659,455.676897,94.612089,96.429872,47.306045,48.214936,0.022222,108.000000,0.000000,45.000000,2.542085,2.541418
1,NaN,0.000000,NaN,0.000000,NaN,NaN,511.534659,455.676897,94.612089,96.429872,47.306045,48.214936,0.022222,108.000000,0.000000,45.000000,2.542085,2.541418
1,NaN,0.000000,NaN,0.000000,NaN,NaN,511.534659,455.676897,94.612089,96.429872,47.306045,48.214936,0.022222,108.000000,0.000000,45.000000,2.542085,2.541418
1,NaN,0.000000,NaN,0.000000,NaN,NaN,511.534659,455.676897,94.612089,96.429872,47.306045,48.214936,0.022222,108.000000,0.000000,45.000000,2.542085,2.541418
1,NaN,0.000000,NaN,0.000000,NaN,NaN,511.534659,455.676897,94.612089,96.429872,47.306045,48.214936,0.022222,108.000000,0.000000,45.000000,2.542085,2.541418
1,NaN,0.000000,NaN,0.000000,NaN,NaN,511.534659,455.676897,94.612089,96.429872,47.306045,48.214936,0.022222,108.000000,0.000000,45.000000,2.542085,2.541418
1,NaN,0.000000,NaN,0.000000,NaN,NaN,511.534659,455.676897,94.612089,96.429872,47.306045,48.214936,0.022222,108.000000,0.000000,45.000000,2.542085,2.541418
1,NaN,0.000000,NaN,0.000000,NaN,NaN,511.534659,455.676897,94.612089,96.429872,47.306045,48.214936,0.022222,108.000000,0.000000,45.000000,2.542085,2.541418
1,NaN,0.000000,NaN,0.000000,NaN,NaN,511.534659,455.676897,94.612089,96.429872,47.306045,48.214936,0.022222,108.000000,0.000000,45.000000,2.542085,2.541418
1,NaN,0.000000,NaN,0.000000,NaN,NaN,511.534659,455.676897,94.612089,96.429872,47.306045,48.214936,0.022222,108.000000,0.000000,45.000000,2.542085,2.541418
1,NaN,0.000000,NaN,0.000000,NaN,NaN,511.534659,455.676897,94.612089,96.429872,47.306045,48.214936,0.022222,108.000000,0.000000,45.000000,2.542085,2.541418
1,NaN,0.000000,NaN,0.000000,NaN,NaN,511.534659,455.676897,94.612089,96.429872,47.306045,48.214936,0.022222,108.000000,0.000000,45.000000,2.542085,2.541418
1,NaN,0.000000,NaN,0.000000,NaN,NaN,511.534659,455.676897,94.612089,96.429872,47.306045,48.214936,0.022222,108.000000,0.000000,45.000000,2.542085,2.541418
1,NaN,0.000000,NaN,0.000000,NaN,NaN,511.534659,455.676897,94.612089,96.429872,47.306045,48.214936,0.022222,108.000000,0.000000,45.000000,2.542085,2.541418
1,NaN,0.000000,NaN,0.000000,NaN,NaN,511.534659,455.676897,94.612089,96.429872,47.306045,48.214936,0.022222,108.000000,0.000000,45.000000,2.542085,2.541418
1,NaN,0.000000,NaN,0.000000,NaN,NaN,511.534659,455.676897,94.612089,96.429872,47.306045,48.214936,0.022222,108.000000,0.000000,45.000000,2.542085,2.541418
1,NaN,0.000000,NaN,0.000000,NaN,NaN,511.534659,455.676897,94.612089,96.429872,47.306045,48.214936,0.022222,108.000000,0.000000,45.000000,2.542085,2.541418
1,NaN,0.000000,NaN,0.000000,NaN,NaN,511.534659,455.676897,94.612089,96.429872,47.306045,48.214936,0.022222,108.000000,0.000000,45.000000,2.542085,2.541418
1,NaN,0.000000,NaN,0.000000,NaN,NaN,511.534659,455.676897,94.612089,96.429872,47.306045,48.214936,0.022222,108.000000,0.000000,45.000000,2.542085,2.541418
1,NaN,0.000000,NaN,0.000000,NaN,NaN,511.534659,455.676897,94.612089,96.429872,47.306045,48.214936,0.022222,108.000000,0.000000,45.000000,2.542085,2.541418
1,NaN,0.000000,NaN,0.000000,NaN,NaN,511.534659,455.676897,94.612089,96.429872,47.306045,48.214936,0.022222,108.000000,0.000000,45.000000,2.542085,2.541418
1,NaN,0.000000,NaN,0.000000,NaN,NaN,129.680055,100.732242,62.778795,49.637792,31.389397,24.818896,0.181818,27.000000,0.000000,30.000000,1.386025,0.000000
1,NaN,0.000000,NaN,0.000000,NaN,NaN,347.390224,276.863894,62.867133,48.116516,31.433566,24.058258,0.181818,27.000000,0.000000,30.000000,1.659831,0.000000
1,NaN,0.000000,NaN,0.000000,NaN,NaN,347.390224,276.863894,62.867133,48.116516,31.433566,24.058258,0.181818,27.000000,0.000000,30.000000,1.659831,0.000000
1,NaN,0.000000,NaN,0.000000,NaN,NaN,347.390224,276.863894,62.867133,48.116516,31.433566,24.058258,0.181818,27.000000,0.000000,30.000000,1.659831,0.000000
1,NaN,0.000000,NaN,0.000000,NaN,NaN,347.390224,276.863894,62.867133,48.116516,31.433566,24.058258,0.181818,27.000000,0.000000,30.000000,1.659831,0.000000
1,NaN,0.000000,NaN,0.000000,NaN,NaN,129.680055,100.732242,62.778795,49.637792,31.389397,24.818896,0.181818,27.000000,0.000000,30.000000,1.386025,0.000000
1,NaN,0.000000,NaN,0.000000,NaN,NaN,347.390224,276.863894,62.867133,48.116516,31.433566,24.058258,0.181818,27.000000,0.000000,30.000000,1.659831,0.000000
1,NaN,0.000000,NaN,0.000000,NaN,NaN,347.390224,276.863894,62.867133,48.116516,31.433566,24.058258,0.181818,27.000000,0.000000,30.000000,1.659831,0.000000
1,NaN,0.000000,NaN,0.000000,NaN,NaN,198.205953,147.012636,50.630158,48.128758,25.315079,24.064379,0.050000,8.000000,0.000000,25.000000,1.199314,0.000000
1,NaN,0.000000,NaN,0.000000,NaN,NaN,198.205953,147.012636,50.630158,48.128758,25.315079,24.064379,0.050000,8.000000,0.000000,25.000000,1.199314,0.000000
1,NaN,0.000000,NaN,0.000000,NaN,NaN,174.826939,144.612470,64.182317,48.281184,32.091158,24.140592,0.166667,493.000000,0.000000,30.000000,1.428593,0.000000
1,NaN,0.000000,NaN,0.000000,NaN,NaN,174.826939,144.612470,64.182317,48.281184,32.091158,24.140592,0.166667,493.000000,0.000000,30.000000,1.428593,0.000000
1,-2650.204525,0.000000,NaN,0.000000,2650.204525,NaN,265.020452,361.810521,82.715486,98.711777,41.357743,49.355889,0.047619,1953.000000,0.000000,40.000000,1.989195,2.423174
1,-2650.204525,0.000000,NaN,0.000000,2650.204525,NaN,265.020452,361.810521,82.715486,98.711777,41.357743,49.355889,0.047619,1953.000000,0.000000,40.000000,1.989195,2.423174
1,-2650.204525,0.000000,NaN,0.000000,2650.204525,NaN,265.020452,361.810521,82.715486,98.711777,41.357743,49.355889,0.047619,1953.000000,0.000000,40.000000,1.989195,2.423174
1,-2650.204525,0.000000,NaN,0.000000,2650.204525,NaN,265.020452,361.810521,82.715486,98.711777,41.357743,49.355889,0.047619,1953.000000,0.000000,40.000000,1.989195,2.423174
1,-2650.204525,0.000000,NaN,0.000000,2650.204525,NaN,265.020452,361.810521,82.715486,98.711777,41.357743,49.355889,0.047619,1953.000000,0.000000,40.000000,1.989195,2.423174
1,-2650.204525,0.000000,NaN,0.000000,2650.204525,NaN,265.020452,361.810521,82.715486,98.711777,41.357743,49.355889,0.047619,1953.000000,0.000000,40.000000,1.989195,2.423174
1,-2650.204525,0.000000,NaN,0.000000,2650.204525,NaN,265.020452,361.810521,82.715486,98.711777,41.357743,49.355889,0.047619,1953.000000,0.000000,40.000000,1.989195,2.423174
1,-2650.204525,0.000000,NaN,0.000000,2650.204525,NaN,265.020452,361.810521,82.715486,98.711777,41.357743,49.355889,0.047619,1953.000000,0.000000,40.000000,1.989195,2.423174
1,-2650.204525,0.000000,NaN,0.000000,2650.204525,NaN,265.020452,361.810521,82.715486,98.711777,41.357743,49.355889,0.047619,1953.000000,0.000000,40.000000,1.989195,2.423174
1,-2650.204525,0.000000,NaN,0.000000,2650.204525,NaN,265.020452,361.810521,82.715486,98.711777,41.357743,49.355889,0.047619,1953.000000,0.000000,40.000000,1.989195,2.423174
1,-2650.204525,0.000000,NaN,0.000000,2650.204525,NaN,265.020452,361.810521,82.715486,98.711777,41.357743,49.355889,0.047619,1953.000000,0.000000,40.000000,1.989195,2.423174
1,-2650.204525,0.000000,NaN,0.000000,2650.204525,NaN,265.020452,361.810521,82.715486,98.711777,41.357743,49.355889,0.047619,1953.000000,0.000000,40.000000,1.989195,2.423174
1,NaN,0.000000,NaN,0.000000,NaN,NaN,385.780295,345.749087,88.946483,97.391321,44.473241,48.695660,0.022727,26.000000,0.000000,40.000000,2.267881,2.379475
1,NaN,0.000000,NaN,0.000000,NaN,NaN,385.780295,345.749087,88.946483,97.391321,44.473241,48.695660,0.022727,26.000000,0.000000,40.000000,2.267881,2.379475
1,NaN,0.000000,NaN,0.000000,NaN,NaN,385.780295,345.749087,88.946483,97.391321,44.473241,48.695660,0.022727,26.000000,0.000000,40.000000,2.267881,2.379475
1,NaN,0.000000,NaN,0.000000,NaN,NaN,385.780295,345.749087,88.946483,97.391321,44.473241,48.695660,0.022727,26.000000,0.000000,40.000000,2.267881,2.379475
1,NaN,0.000000,NaN,0.000000,NaN,NaN,385.780295,345.749087,88.946483,97.391321,44.473241,48.695660,0.022727,26.000000,0.000000,40.000000,2.267881,2.379475
1,NaN,0.000000,NaN,0.000000,NaN,NaN,385.780295,345.749087,88.946483,97.391321,44.473241,48.695660,0.022727,26.000000,0.000000,40.000000,2.267881,2.379475
1,NaN,0.000000,NaN,0.000000,NaN,NaN,385.780295,345.749087,88.946483,97.391321,44.473241,48.695660,0.022727,26.000000,0.000000,40.000000,2.267881,2.379475
1,NaN,0.000000,NaN,0.000000,NaN,NaN,385.780295,345.749087,88.946483,97.391321,44.473241,48.695660,0.022727,26.000000,0.000000,40.000000,2.267881,2.379475
1,NaN,0.000000,NaN,0.000000,NaN,NaN,385.780295,345.749087,88.946483,97.391321,44.473241,48.695660,0.022727,26.000000,0.000000,40.000000,2.267881,2.379475
1,NaN,0.000000,NaN,0.000000,NaN,NaN,385.780295,345.749087,88.946483,97.391321,44.473241,48.695660,0.022727,26.000000,0.000000,40.000000,2.267881,2.379475
1,NaN,0.000000,NaN,0.000000,NaN,NaN,385.780295,345.749087,88.946483,97.391321,44.473241,48.695660,0.022727,26.000000,0.000000,40.000000,2.267881,2.379475
1,NaN,0.000000,NaN,0.000000,NaN,NaN,385.780295,345.749087,88.946483,97.391321,44.473241,48.695660,0.022727,26.000000,0.000000,40.000000,2.267881,2.379475
1,NaN,0.000000,NaN,0.000000,NaN,NaN,88.597018,87.211570,8.940378,45.770371,4.470189,22.885186,0.076923,104.000000,0.000000,0.000000,0.221857,1.011755
1,NaN,0.000000,NaN,0.000000,NaN,NaN,38.195679,10.240000,21.654336,26.335785,10.827168,13.167893,0.250000,62.000000,0.000000,10.000000,0.445870,0.000000
1,NaN,0.000000,NaN,0.000000,NaN,NaN,273.781814,294.277798,74.432499,49.264706,37.216249,24.632353,0.050000,1032.000000,0.000000,35.000000,1.766789,0.000000
1,NaN,0.000000,NaN,0.000000,NaN,NaN,186.955585,175.675556,74.545968,48.936170,37.272984,24.468085,0.050000,1032.000000,0.000000,35.000000,1.660560,0.000000
1,NaN,0.000000,NaN,0.000000,NaN,NaN,186.955585,175.675556,74.545968,48.936170,37.272984,24.468085,0.050000,1032.000000,0.000000,35.000000,1.660560,0.000000
1,NaN,0.000000,NaN,0.000000,NaN,NaN,273.781814,294.277798,74.432499,49.264706,37.216249,24.632353,0.050000,1032.000000,0.000000,35.000000,1.766789,0.000000
1,NaN,0.000000,NaN,0.000000,NaN,NaN,273.781814,294.277798,74.432499,49.264706,37.216249,24.632353,0.050000,1032.000000,0.000000,35.000000,1.766789,0.000000
1,NaN,0.000000,NaN,0.000000,NaN,NaN,297.334399,325.679183,54.324183,87.849876,27.162092,43.924938,0.035714,1103.000000,0.000000,25.000000,1.343321,2.168921
1,NaN,0.000000,NaN,0.000000,NaN,NaN,186.955585,175.675556,74.545968,48.936170,37.272984,24.468085,0.050000,1032.000000,0.000000,35.000000,1.660560,0.000000
1,NaN,0.000000,NaN,0.000000,NaN,NaN,273.781814,294.277798,74.432499,49.264706,37.216249,24.632353,0.050000,1032.000000,0.000000,35.000000,1.766789,0.000000
1,NaN,0.000000,NaN,0.000000,NaN,NaN,297.334399,325.679183,54.324183,87.849876,27.162092,43.924938,0.035714,1103.000000,0.000000,25.000000,1.343321,2.168921
1,NaN,0.000000,NaN,0.000000,NaN,NaN,297.334399,325.679183,54.324183,87.849876,27.162092,43.924938,0.035714,1103.000000,0.000000,25.000000,1.343321,2.168921
1,NaN,0.000000,NaN,0.000000,NaN,NaN,297.334399,325.679183,54.324183,87.849876,27.162092,43.924938,0.035714,1103.000000,0.000000,25.000000,1.343321,2.168921
1,NaN,0.000000,NaN,0.000000,NaN,NaN,273.781814,294.277798,74.432499,49.264706,37.216249,24.632353,0.050000,1032.000000,0.000000,35.000000,1.766789,0.000000
1,NaN,0.000000,NaN,0.000000,NaN,NaN,297.334399,325.679183,54.324183,87.849876,27.162092,43.924938,0.035714,1103.000000,0.000000,25.000000,1.343321,2.168921
1,NaN,0.000000,NaN,0.000000,NaN,NaN,273.781814,294.277798,74.432499,49.264706,37.216249,24.632353,0.050000,1032.000000,0.000000,35.000000,1.766789,0.000000
1,NaN,0.000000,NaN,0.000000,NaN,NaN,297.334399,325.679183,54.324183,87.849876,27.162092,43.924938,0.035714,1103.000000,0.000000,25.000000,1.343321,2.168921
1,NaN,0.000000,NaN,0.000000,NaN,NaN,186.955585,175.675556,74.545968,48.936170,37.272984,24.468085,0.050000,1032.000000,0.000000,35.000000,1.660560,0.000000
1,NaN,0.000000,NaN,0.000000,NaN,NaN,401.656483,342.919992,86.765617,98.768185,43.382808,49.384092,0.021739,147.000000,0.000000,40.000000,2.304491,2.399168
1,NaN,0.000000,NaN,0.000000,NaN,NaN,401.656483,342.919992,86.765617,98.768185,43.382808,49.384092,0.021739,147.000000,0.000000,40.000000,2.304491,2.399168
1,NaN,0.000000,NaN,0.000000,NaN,NaN,401.656483,342.919992,86.765617,98.768185,43.382808,49.384092,0.021739,147.000000,0.000000,40.000000,2.304491,2.399168
1,NaN,0.000000,NaN,0.000000,NaN,NaN,401.656483,342.919992,86.765617,98.768185,43.382808,49.384092,0.021739,147.000000,0.000000,40.000000,2.304491,2.399168
1,NaN,0.000000,NaN,0.000000,NaN,NaN,401.656483,342.919992,86.765617,98.768185,43.382808,49.384092,0.021739,147.000000,0.000000,40.000000,2.304491,2.399168
1,NaN,0.000000,NaN,0.000000,NaN,NaN,401.656483,342.919992,86.765617,98.768185,43.382808,49.384092,0.021739,147.000000,0.000000,40.000000,2.304491,2.399168
1,NaN,0.000000,NaN,0.000000,NaN,NaN,401.656483,342.919992,86.765617,98.768185,43.382808,49.384092,0.021739,147.000000,0.000000,40.000000,2.304491,2.399168
1,NaN,0.000000,NaN,0.000000,NaN,NaN,401.656483,342.919992,86.765617,98.768185,43.382808,49.384092,0.021739,147.000000,0.000000,40.000000,2.304491,2.399168
1,NaN,0.000000,NaN,0.000000,NaN,NaN,401.656483,342.919992,86.765617,98.768185,43.382808,49.384092,0.021739,147.000000,0.000000,40.000000,2.304491,2.399168
1,NaN,0.000000,NaN,0.000000,NaN,NaN,401.656483,342.919992,86.765617,98.768185,43.382808,49.384092,0.021739,147.000000,0.000000,40.000000,2.304491,2.399168
1,NaN,0.000000,NaN,0.000000,NaN,NaN,401.656483,342.919992,86.765617,98.768185,43.382808,49.384092,0.021739,147.000000,0.000000,40.000000,2.304491,2.399168
1,NaN,0.000000,NaN,0.000000,NaN,NaN,401.656483,342.919992,86.765617,98.768185,43.382808,49.384092,0.021739,147.000000,0.000000,40.000000,2.304491,2.399168
1,NaN,0.000000,NaN,0.000000,NaN,NaN,139.675580,104.793830,57.032111,80.165018,28.516055,40.082509,0.153846,196.000000,0.000000,25.000000,1.382652,1.735045
1,NaN,0.000000,NaN,0.000000,NaN,NaN,139.675580,104.793830,57.032111,80.165018,28.516055,40.082509,0.153846,196.000000,0.000000,25.000000,1.382652,1.735045
1,NaN,0.000000,NaN,0.000000,NaN,NaN,141.146272,126.324936,62.699781,47.845253,31.349891,23.922627,0.285714,81.000000,0.000000,30.000000,1.407262,0.000000
1,NaN,0.000000,NaN,0.000000,NaN,NaN,141.146272,126.324936,62.699781,47.845253,31.349891,23.922627,0.285714,81.000000,0.000000,30.000000,1.407262,0.000000
1,NaN,0.000000,NaN,0.000000,NaN,NaN,94.344684,65.233017,53.479696,48.527827,26.739848,24.263914,0.071429,55.000000,0.000000,25.000000,1.145972,0.000000
1,NaN,0.000000,NaN,0.000000,NaN,NaN,40.425941,10.240000,39.108344,39.162675,19.554172,19.581337,0.250000,59.000000,0.000000,15.000000,0.794957,0.000000
1,NaN,0.000000,NaN,0.000000,NaN,NaN,94.344684,65.233017,53.479696,48.527827,26.739848,24.263914,0.071429,55.000000,0.000000,25.000000,1.145972,0.000000
3,17308.947216,0.000000,NaN,0.000000,17308.947216,NaN,1730.894722,1603.933889,51.316218,58.490869,25.658109,29.245435,0.111111,13.000000,0.000000,25.000000,3.126517,3.274234
3,17308.947216,0.000000,NaN,0.000000,17308.947216,NaN,1730.894722,1603.933889,51.316218,58.490869,25.658109,29.245435,0.111111,13.000000,0.000000,25.000000,3.126517,3.274234
3,17308.947216,0.000000,NaN,0.000000,17308.947216,NaN,1730.894722,1603.933889,51.316218,58.490869,25.658109,29.245435,0.111111,13.000000,0.000000,25.000000,3.126517,3.274234
3,NaN,0.000000,NaN,0.000000,NaN,NaN,1775.246315,1762.089247,62.764540,64.280020,31.382270,32.140010,0.044444,1.000000,0.000000,30.000000,3.486183,3.462117
3,NaN,0.000000,NaN,0.000000,NaN,NaN,1775.246315,1762.089247,62.764540,64.280020,31.382270,32.140010,0.044444,1.000000,0.000000,30.000000,3.486183,3.462117
3,NaN,0.000000,NaN,0.000000,NaN,NaN,1775.246315,1762.089247,62.764540,64.280020,31.382270,32.140010,0.044444,1.000000,0.000000,30.000000,3.486183,3.462117
3,NaN,0.000000,NaN,0.000000,NaN,NaN,113.113007,106.370876,36.207224,22.705989,18.103612,11.352994,0.200000,31.000000,0.000000,15.000000,0.832432,0.000000
3,NaN,0.000000,NaN,0.000000,NaN,NaN,1716.842081,1738.734711,69.816898,74.484514,34.908449,37.242257,0.043478,22.000000,0.000000,30.000000,3.545120,3.710818
3,NaN,0.000000,NaN,0.000000,NaN,NaN,1716.842081,1738.734711,69.816898,74.484514,34.908449,37.242257,0.043478,22.000000,0.000000,30.000000,3.545120,3.710818
3,NaN,0.000000,NaN,0.000000,NaN,NaN,1716.842081,1738.734711,69.816898,74.484514,34.908449,37.242257,0.043478,22.000000,0.000000,30.000000,3.545120,3.710818
3,NaN,0.000000,NaN,0.000000,NaN,NaN,1753.350978,1775.737293,59.504279,49.033835,29.752140,24.516917,0.200000,83.000000,0.000000,25.000000,3.361274,0.000000
3,NaN,0.000000,NaN,0.000000,NaN,NaN,1753.350978,1775.737293,59.504279,49.033835,29.752140,24.516917,0.200000,83.000000,0.000000,25.000000,3.361274,0.000000
3,NaN,0.000000,NaN,0.000000,NaN,NaN,1753.350978,1775.737293,59.504279,49.033835,29.752140,24.516917,0.200000,83.000000,0.000000,25.000000,3.361274,0.000000
3,25608.175274,0.000000,NaN,0.000000,25608.175274,NaN,2560.817527,2407.171549,90.979835,98.971589,45.489918,49.485795,0.057692,1536.000000,0.000000,45.000000,5.049485,4.989824
3,25608.175274,0.000000,NaN,0.000000,25608.175274,NaN,2560.817527,2407.171549,90.979835,98.971589,45.489918,49.485795,0.057692,1536.000000,0.000000,45.000000,5.049485,4.989824
3,25608.175274,0.000000,NaN,0.000000,25608.175274,NaN,2560.817527,2407.171549,90.979835,98.971589,45.489918,49.485795,0.057692,1536.000000,0.000000,45.000000,5.049485,4.989824
3,25608.175274,0.000000,NaN,0.000000,25608.175274,NaN,2560.817527,2407.171549,90.979835,98.971589,45.489918,49.485795,0.057692,1536.000000,0.000000,45.000000,5.049485,4.989824
3,25608.175274,0.000000,NaN,0.000000,25608.175274,NaN,2560.817527,2407.171549,90.979835,98.971589,45.489918,49.485795,0.057692,1536.000000,0.000000,45.000000,5.049485,4.989824
3,25608.175274,0.000000,NaN,0.000000,25608.175274,NaN,2560.817527,2407.171549,90.979835,98.971589,45.489918,49.485795,0.057692,1536.000000,0.000000,45.000000,5.049485,4.989824
3,NaN,0.000000,NaN,0.000000,NaN,NaN,116.879790,91.950030,52.262772,48.321357,26.131386,24.160678,0.043478,205.000000,0.000000,25.000000,1.125228,0.000000
3,NaN,0.000000,NaN,0.000000,NaN,NaN,116.879790,91.950030,52.262772,48.321357,26.131386,24.160678,0.043478,205.000000,0.000000,25.000000,1.125228,0.000000
1,NaN,0.000000,NaN,0.000000,NaN,NaN,433.509408,342.878939,61.495051,49.333333,30.747526,24.666667,0.030303,45.000000,0.000000,30.000000,1.675899,0.000000
1,NaN,0.000000,NaN,0.000000,NaN,NaN,433.509408,342.878939,61.495051,49.333333,30.747526,24.666667,0.030303,45.000000,0.000000,30.000000,1.675899,0.000000
1,NaN,0.000000,NaN,0.000000,NaN,NaN,433.509408,342.878939,61.495051,49.333333,30.747526,24.666667,0.030303,45.000000,0.000000,30.000000,1.675899,0.000000
1,NaN,0.000000,NaN,0.000000,NaN,NaN,433.509408,342.878939,61.495051,49.333333,30.747526,24.666667,0.030303,45.000000,0.000000,30.000000,1.675899,0.000000
1,NaN,0.000000,NaN,0.000000,NaN,NaN,433.509408,342.878939,61.495051,49.333333,30.747526,24.666667,0.030303,45.000000,0.000000,30.000000,1.675899,0.000000
1,NaN,0.000000,NaN,0.000000,NaN,NaN,433.509408,342.878939,61.495051,49.333333,30.747526,24.666667,0.030303,45.000000,0.000000,30.000000,1.675899,0.000000
1,NaN,0.000000,NaN,0.000000,NaN,NaN,144.326225,120.573469,69.250918,88.493002,34.625459,44.246501,0.125000,87.000000,0.000000,30.000000,1.566363,1.927884
1,NaN,0.000000,NaN,0.000000,NaN,NaN,456.298447,424.961779,78.672810,96.975951,39.336405,48.487975,0.019608,87.000000,0.000000,35.000000,2.144460,2.477805
1,NaN,0.000000,NaN,0.000000,NaN,NaN,456.298447,424.961779,78.672810,96.975951,39.336405,48.487975,0.019608,87.000000,0.000000,35.000000,2.144460,2.477805
1,NaN,0.000000,NaN,0.000000,NaN,NaN,456.298447,424.961779,78.672810,96.975951,39.336405,48.487975,0.019608,87.000000,0.000000,35.000000,2.144460,2.477805
1,NaN,0.000000,NaN,0.000000,NaN,NaN,144.326225,120.573469,69.250918,88.493002,34.625459,44.246501,0.125000,87.000000,0.000000,30.000000,1.566363,1.927884
1,NaN,0.000000,NaN,0.000000,NaN,NaN,456.298447,424.961779,78.672810,96.975951,39.336405,48.487975,0.019608,87.000000,0.000000,35.000000,2.144460,2.477805
1,NaN,0.000000,NaN,0.000000,NaN,NaN,456.298447,424.961779,78.672810,96.975951,39.336405,48.487975,0.019608,87.000000,0.000000,35.000000,2.144460,2.477805
1,NaN,0.000000,NaN,0.000000,NaN,NaN,456.298447,424.961779,78.672810,96.975951,39.336405,48.487975,0.019608,87.000000,0.000000,35.000000,2.144460,2.477805
1,NaN,0.000000,NaN,0.000000,NaN,NaN,456.298447,424.961779,78.672810,96.975951,39.336405,48.487975,0.019608,87.000000,0.000000,35.000000,2.144460,2.477805
1,NaN,0.000000,NaN,0.000000,NaN,NaN,456.298447,424.961779,78.672810,96.975951,39.336405,48.487975,0.019608,87.000000,0.000000,35.000000,2.144460,2.477805
1,NaN,0.000000,NaN,0.000000,NaN,NaN,456.298447,424.961779,78.672810,96.975951,39.336405,48.487975,0.019608,87.000000,0.000000,35.000000,2.144460,2.477805
1,NaN,0.000000,NaN,0.000000,NaN,NaN,456.298447,424.961779,78.672810,96.975951,39.336405,48.487975,0.019608,87.000000,0.000000,35.000000,2.144460,2.477805
1,NaN,0.000000,NaN,0.000000,NaN,NaN,456.298447,424.961779,78.672810,96.975951,39.336405,48.487975,0.019608,87.000000,0.000000,35.000000,2.144460,2.477805
1,NaN,0.000000,NaN,0.000000,NaN,NaN,456.298447,424.961779,78.672810,96.975951,39.336405,48.487975,0.019608,87.000000,0.000000,35.000000,2.144460,2.477805
1,NaN,0.000000,NaN,0.000000,NaN,NaN,194.058184,139.816017,53.859911,47.778013,26.929955,23.889006,0.047619,907.000000,0.000000,25.000000,1.252115,0.000000
1,NaN,0.000000,NaN,0.000000,NaN,NaN,194.058184,139.816017,53.859911,47.778013,26.929955,23.889006,0.047619,907.000000,0.000000,25.000000,1.252115,0.000000
1,NaN,0.000000,NaN,0.000000,NaN,NaN,108.655845,38.490629,63.351903,41.454159,31.675952,20.727079,0.062500,601.000000,0.000000,30.000000,1.403590,0.000000
1,NaN,0.000000,NaN,0.000000,NaN,NaN,310.439797,112.332700,64.354479,91.420946,32.177240,45.710473,0.125000,84.000000,0.000000,30.000000,1.708740,1.944052
1,NaN,0.000000,NaN,0.000000,NaN,NaN,310.439797,112.332700,64.354479,91.420946,32.177240,45.710473,0.125000,84.000000,0.000000,30.000000,1.708740,1.944052
1,NaN,0.000000,NaN,0.000000,NaN,NaN,171.879419,140.598141,81.783045,44.011837,40.891522,22.005918,0.125000,55.000000,0.000000,40.000000,1.896519,0.000000
1,NaN,0.000000,NaN,0.000000,NaN,NaN,171.879419,140.598141,81.783045,44.011837,40.891522,22.005918,0.125000,55.000000,0.000000,40.000000,1.896519,0.000000
1,NaN,0.000000,NaN,0.000000,NaN,NaN,323.703136,369.362288,60.477803,49.358974,30.238902,24.679487,0.153846,957.000000,0.000000,30.000000,1.573013,0.000000
1,NaN,0.000000,NaN,0.000000,NaN,NaN,323.703136,369.362288,60.477803,49.358974,30.238902,24.679487,0.153846,957.000000,0.000000,30.000000,1.573013,0.000000
1,NaN,0.000000,NaN,0.000000,NaN,NaN,323.703136,369.362288,60.477803,49.358974,30.238902,24.679487,0.153846,957.000000,0.000000,30.000000,1.573013,0.000000
1,NaN,0.000000,NaN,0.000000,NaN,NaN,323.703136,369.362288,60.477803,49.358974,30.238902,24.679487,0.153846,957.000000,0.000000,30.000000,1.573013,0.000000
1,NaN,0.000000,NaN,0.000000,NaN,NaN,323.703136,369.362288,60.477803,49.358974,30.238902,24.679487,0.153846,957.000000,0.000000,30.000000,1.573013,0.000000
1,NaN,0.000000,NaN,0.000000,NaN,NaN,323.703136,369.362288,60.477803,49.358974,30.238902,24.679487,0.153846,957.000000,0.000000,30.000000,1.573013,0.000000
1,NaN,0.000000,NaN,0.000000,NaN,NaN,513.745750,703.501994,89.637794,86.161393,44.818897,43.080697,0.017857,84.000000,0.000000,40.000000,2.480433,2.725436
1,NaN,0.000000,NaN,0.000000,NaN,NaN,513.745750,703.501994,89.637794,86.161393,44.818897,43.080697,0.017857,84.000000,0.000000,40.000000,2.480433,2.725436
1,NaN,0.000000,NaN,0.000000,NaN,NaN,513.745750,703.501994,89.637794,86.161393,44.818897,43.080697,0.017857,84.000000,0.000000,40.000000,2.480433,2.725436
1,NaN,0.000000,NaN,0.000000,NaN,NaN,513.745750,703.501994,89.637794,86.161393,44.818897,43.080697,0.017857,84.000000,0.000000,40.000000,2.480433,2.725436
1,NaN,0.000000,NaN,0.000000,NaN,NaN,513.745750,703.501994,89.637794,86.161393,44.818897,43.080697,0.017857,84.000000,0.000000,40.000000,2.480433,2.725436
1,NaN,0.000000,NaN,0.000000,NaN,NaN,513.745750,703.501994,89.637794,86.161393,44.818897,43.080697,0.017857,84.000000,0.000000,40.000000,2.480433,2.725436
1,NaN,0.000000,NaN,0.000000,NaN,NaN,513.745750,703.501994,89.637794,86.161393,44.818897,43.080697,0.017857,84.000000,0.000000,40.000000,2.480433,2.725436
1,NaN,0.000000,NaN,0.000000,NaN,NaN,513.745750,703.501994,89.637794,86.161393,44.818897,43.080697,0.017857,84.000000,0.000000,40.000000,2.480433,2.725436
1,NaN,0.000000,NaN,0.000000,NaN,NaN,513.745750,703.501994,89.637794,86.161393,44.818897,43.080697,0.017857,84.000000,0.000000,40.000000,2.480433,2.725436
1,NaN,0.000000,NaN,0.000000,NaN,NaN,513.745750,703.501994,89.637794,86.161393,44.818897,43.080697,0.017857,84.000000,0.000000,40.000000,2.480433,2.725436
1,NaN,0.000000,NaN,0.000000,NaN,NaN,513.745750,703.501994,89.637794,86.161393,44.818897,43.080697,0.017857,84.000000,0.000000,40.000000,2.480433,2.725436
1,NaN,0.000000,NaN,0.000000,NaN,NaN,513.745750,703.501994,89.637794,86.161393,44.818897,43.080697,0.017857,84.000000,0.000000,40.000000,2.480433,2.725436
1,NaN,0.000000,NaN,0.000000,NaN,NaN,381.245618,358.794078,67.511554,49.382716,33.755777,24.691358,0.043478,790.000000,0.000000,30.000000,1.758453,0.000000
1,NaN,0.000000,NaN,0.000000,NaN,NaN,381.245618,358.794078,67.511554,49.382716,33.755777,24.691358,0.043478,790.000000,0.000000,30.000000,1.758453,0.000000
1,NaN,0.000000,NaN,0.000000,NaN,NaN,381.245618,358.794078,67.511554,49.382716,33.755777,24.691358,0.043478,790.000000,0.000000,30.000000,1.758453,0.000000
1,NaN,0.000000,NaN,0.000000,NaN,NaN,381.245618,358.794078,67.511554,49.382716,33.755777,24.691358,0.043478,790.000000,0.000000,30.000000,1.758453,0.000000
1,NaN,0.000000,NaN,0.000000,NaN,NaN,260.895613,319.313030,67.166117,48.438983,33.583059,24.219492,0.043478,790.000000,0.000000,30.000000,1.601170,0.000000
1,NaN,0.000000,NaN,0.000000,NaN,NaN,79.546800,17.920000,44.619382,41.050603,22.309691,20.525302,0.142857,790.000000,0.000000,20.000000,0.923611,0.000000
1,NaN,0.000000,NaN,0.000000,NaN,NaN,260.895613,319.313030,67.166117,48.438983,33.583059,24.219492,0.043478,790.000000,0.000000,30.000000,1.601170,0.000000
1,NaN,0.000000,NaN,0.000000,NaN,NaN,260.895613,319.313030,67.166117,48.438983,33.583059,24.219492,0.043478,790.000000,0.000000,30.000000,1.601170,0.000000
1,NaN,0.000000,NaN,0.000000,NaN,NaN,381.245618,358.794078,67.511554,49.382716,33.755777,24.691358,0.043478,790.000000,0.000000,30.000000,1.758453,0.000000
1,NaN,0.000000,NaN,0.000000,NaN,NaN,260.895613,319.313030,67.166117,48.438983,33.583059,24.219492,0.043478,790.000000,0.000000,30.000000,1.601170,0.000000
1,NaN,0.000000,NaN,0.000000,NaN,NaN,381.245618,358.794078,67.511554,49.382716,33.755777,24.691358,0.043478,790.000000,0.000000,30.000000,1.758453,0.000000
1,NaN,0.000000,NaN,0.000000,NaN,NaN,309.559731,388.246079,61.234621,48.265060,30.617311,24.132530,0.250000,1139.000000,0.000000,30.000000,1.598760,0.000000
1,NaN,0.000000,NaN,0.000000,NaN,NaN,309.559731,388.246079,61.234621,48.265060,30.617311,24.132530,0.250000,1139.000000,0.000000,30.000000,1.598760,0.000000
1,NaN,0.000000,NaN,0.000000,NaN,NaN,309.559731,388.246079,61.234621,48.265060,30.617311,24.132530,0.250000,1139.000000,0.000000,30.000000,1.598760,0.000000
1,NaN,0.000000,NaN,0.000000,NaN,NaN,309.559731,388.246079,61.234621,48.265060,30.617311,24.132530,0.250000,1139.000000,0.000000,30.000000,1.598760,0.000000
1,NaN,0.000000,NaN,0.000000,NaN,NaN,309.559731,388.246079,61.234621,48.265060,30.617311,24.132530,0.250000,1139.000000,0.000000,30.000000,1.598760,0.000000
1,NaN,0.000000,NaN,0.000000,NaN,NaN,309.559731,388.246079,61.234621,48.265060,30.617311,24.132530,0.250000,1139.000000,0.000000,30.000000,1.598760,0.000000
1,NaN,0.000000,NaN,0.000000,NaN,NaN,438.689517,383.770657,53.000895,48.407831,26.500447,24.203916,0.028571,34.000000,0.000000,25.000000,1.508233,0.000000
1,NaN,0.000000,NaN,0.000000,NaN,NaN,438.689517,383.770657,53.000895,48.407831,26.500447,24.203916,0.028571,34.000000,0.000000,25.000000,1.508233,0.000000
1,NaN,0.000000,NaN,0.000000,NaN,NaN,438.689517,383.770657,53.000895,48.407831,26.500447,24.203916,0.028571,34.000000,0.000000,25.000000,1.508233,0.000000
1,NaN,0.000000,NaN,0.000000,NaN,NaN,438.689517,383.770657,53.000895,48.407831,26.500447,24.203916,0.028571,34.000000,0.000000,25.000000,1.508233,0.000000
1,NaN,0.000000,NaN,0.000000,NaN,NaN,438.689517,383.770657,53.000895,48.407831,26.500447,24.203916,0.028571,34.000000,0.000000,25.000000,1.508233,0.000000
1,NaN,0.000000,NaN,0.000000,NaN,NaN,438.689517,383.770657,53.000895,48.407831,26.500447,24.203916,0.028571,34.000000,0.000000,25.000000,1.508233,0.000000
1,NaN,0.000000,NaN,0.000000,NaN,NaN,258.936173,270.205481,90.468546,98.050471,45.234273,49.025236,0.090909,1771.000000,0.000000,45.000000,2.139884,2.299742
1,NaN,0.000000,NaN,0.000000,NaN,NaN,258.936173,270.205481,90.468546,98.050471,45.234273,49.025236,0.090909,1771.000000,0.000000,45.000000,2.139884,2.299742
1,NaN,0.000000,NaN,0.000000,NaN,NaN,258.936173,270.205481,90.468546,98.050471,45.234273,49.025236,0.090909,1771.000000,0.000000,45.000000,2.139884,2.299742
1,NaN,0.000000,NaN,0.000000,NaN,NaN,107.780471,183.212556,56.251035,89.475959,28.125518,44.737979,0.066667,821.000000,0.000000,25.000000,1.208185,2.019543
1,NaN,0.000000,NaN,0.000000,NaN,NaN,107.780471,183.212556,56.251035,89.475959,28.125518,44.737979,0.066667,821.000000,0.000000,25.000000,1.208185,2.019543
1,NaN,0.000000,NaN,0.000000,NaN,NaN,258.936173,270.205481,90.468546,98.050471,45.234273,49.025236,0.090909,1771.000000,0.000000,45.000000,2.139884,2.299742
3,NaN,0.000000,NaN,0.000000,NaN,NaN,3880.242459,4604.952741,83.167228,49.320143,41.583614,24.660072,0.090909,298.000000,0.000000,40.000000,6.260344,0.000000
3,NaN,0.000000,NaN,0.000000,NaN,NaN,3880.242459,4604.952741,83.167228,49.320143,41.583614,24.660072,0.090909,298.000000,0.000000,40.000000,6.260344,0.000000
3,NaN,0.000000,NaN,0.000000,NaN,NaN,3880.242459,4604.952741,83.167228,49.320143,41.583614,24.660072,0.090909,298.000000,0.000000,40.000000,6.260344,0.000000
3,NaN,0.000000,NaN,0.000000,NaN,NaN,4585.066747,4553.224490,74.290947,49.720360,37.145474,24.860180,0.083333,376.000000,0.000000,35.000000,7.150976,0.000000
3,NaN,0.000000,622.226738,0.000000,NaN,622.226738,89.947474,62.222674,41.526622,16.260298,20.763311,8.130149,0.083333,80.000000,0.000000,20.000000,0.865155,0.000000
3,NaN,0.000000,NaN,0.000000,NaN,NaN,4585.066747,4553.224490,74.290947,49.720360,37.145474,24.860180,0.083333,376.000000,0.000000,35.000000,7.150976,0.000000
3,NaN,0.000000,NaN,0.000000,NaN,NaN,4585.066747,4553.224490,74.290947,49.720360,37.145474,24.860180,0.083333,376.000000,0.000000,35.000000,7.150976,0.000000
3,NaN,0.000000,NaN,0.000000,NaN,NaN,68.376233,38.292899,35.038669,29.011059,17.519334,14.505529,0.166667,281.000000,0.000000,15.000000,0.738366,0.000000
3,NaN,0.000000,NaN,0.000000,NaN,NaN,1827.090202,502.677072,57.104791,89.161912,28.552395,44.580956,0.166667,1930.000000,0.000000,25.000000,3.395398,2.384705
3,NaN,0.000000,NaN,0.000000,NaN,NaN,2409.714938,386.808449,60.372613,91.157962,30.186306,45.578981,0.142857,1550.000000,0.000000,30.000000,4.184596,2.279790
3,NaN,0.000000,NaN,0.000000,NaN,NaN,2408.808688,473.745949,65.638256,91.401329,32.819128,45.700665,0.166667,1550.000000,0.000000,30.000000,4.289909,2.393329
3,NaN,0.000000,NaN,0.000000,NaN,NaN,1827.090202,502.677072,57.104791,89.161912,28.552395,44.580956,0.166667,1930.000000,0.000000,25.000000,3.395398,2.384705
3,NaN,0.000000,NaN,0.000000,NaN,NaN,2409.714938,386.808449,60.372613,91.157962,30.186306,45.578981,0.142857,1550.000000,0.000000,30.000000,4.184596,2.279790
3,NaN,0.000000,NaN,0.000000,NaN,NaN,1827.090202,502.677072,57.104791,89.161912,28.552395,44.580956,0.166667,1930.000000,0.000000,25.000000,3.395398,2.384705
3,NaN,0.000000,NaN,0.000000,NaN,NaN,4663.114372,403.663849,55.218017,79.101840,27.609009,39.550920,0.071429,283.000000,0.000000,25.000000,6.884355,2.059737
3,NaN,0.000000,NaN,0.000000,NaN,NaN,4663.114372,403.663849,55.218017,79.101840,27.609009,39.550920,0.071429,283.000000,0.000000,25.000000,6.884355,2.059737
3,NaN,0.000000,NaN,0.000000,NaN,NaN,2409.714938,386.808449,60.372613,91.157962,30.186306,45.578981,0.142857,1550.000000,0.000000,30.000000,4.184596,2.279790
3,NaN,0.000000,NaN,0.000000,NaN,NaN,2408.808688,473.745949,65.638256,91.401329,32.819128,45.700665,0.166667,1550.000000,0.000000,30.000000,4.289909,2.393329
3,NaN,0.000000,NaN,0.000000,NaN,NaN,4663.114372,403.663849,55.218017,79.101840,27.609009,39.550920,0.071429,283.000000,0.000000,25.000000,6.884355,2.059737
3,NaN,0.000000,NaN,0.000000,NaN,NaN,2408.808688,473.745949,65.638256,91.401329,32.819128,45.700665,0.166667,1550.000000,0.000000,30.000000,4.289909,2.393329
3,NaN,0.000000,NaN,0.000000,NaN,NaN,171.888416,109.665742,52.631375,49.286738,26.315688,24.643369,0.037037,101.000000,0.000000,25.000000,1.189603,0.000000
3,NaN,0.000000,NaN,0.000000,NaN,NaN,171.888416,109.665742,52.631375,49.286738,26.315688,24.643369,0.037037,101.000000,0.000000,25.000000,1.189603,0.000000
3,NaN,0.000000,NaN,0.000000,NaN,NaN,389.370949,369.296329,66.464867,48.954494,33.232433,24.477247,0.166667,78.000000,0.000000,30.000000,1.759131,0.000000
3,NaN,0.000000,NaN,0.000000,NaN,NaN,389.370949,369.296329,66.464867,48.954494,33.232433,24.477247,0.166667,78.000000,0.000000,30.000000,1.759131,0.000000
3,NaN,0.000000,NaN,0.000000,NaN,NaN,389.370949,369.296329,66.464867,48.954494,33.232433,24.477247,0.166667,78.000000,0.000000,30.000000,1.759131,0.000000
3,NaN,0.000000,679.783667,0.000000,NaN,679.783667,123.386574,67.978367,28.968663,32.252554,14.484331,16.126277,0.043478,141.000000,0.000000,10.000000,0.666306,0.000000
