thread_id,pre_px,pre_py,post_px,post_py,pre_p_mag,post_p_mag,pre_mass,post_mass,pre_s_sum,post_s_sum,pre_s_mean,post_s_mean,chi,duration,theta,stability_bin,pre_E_total,post_E_total
2,0.000000,0.000000,4.654242,0.000000,0.000000,4.654242,2681.000000,116.000000,0.000000,2.200000,0.000000,1.100000,0.200000,70.000000,0.000000,0.000000,0.000000,0.183272
2,51.321944,0.000000,8.007527,0.000000,52.723284,9.021389,1269.657778,256.593750,1.846154,8.232041,0.923077,4.116020,0.142857,210.000000,0.000000,0.000000,1.578693,0.478224
2,2.646301,0.000000,-0.506931,0.000000,4.047641,0.506931,134.880000,18.375000,2.200000,4.019151,1.100000,2.009576,0.200000,210.000000,0.000000,0.000000,0.140905,0.000000
2,14.364700,0.000000,5.920998,0.000000,17.708539,5.920998,423.375000,162.515625,1.666667,6.563666,0.833333,3.281833,0.166667,210.000000,0.000000,0.000000,0.527707,0.337079
2,77.060069,0.000000,10.197011,0.000000,77.060069,10.197011,1790.777778,278.778750,1.846154,8.731629,0.923077,4.365815,0.111111,210.000000,0.000000,0.000000,2.368405,0.516052
2,-0.817595,0.000000,3.188040,0.000000,2.526244,3.188040,83.375000,129.390625,1.666667,7.205746,0.833333,3.602873,0.200000,210.000000,0.000000,0.000000,0.058588,0.307711
2,71.118310,0.000000,9.323348,0.000000,71.118310,9.323348,1790.777778,278.778750,1.846154,8.731629,0.923077,4.365815,0.111111,210.000000,0.000000,0.000000,2.239468,0.516052
2,101.415717,0.000000,18.901736,0.000000,104.759556,18.901736,2376.125000,426.035503,1.303030,3.937700,0.651515,1.968850,0.166667,290.000000,0.000000,0.000000,3.205984,0.000000
2,1.402029,0.000000,-0.498110,0.000000,1.481280,0.498110,135.515625,14.518519,7.372413,6.124872,3.686206,3.062436,0.166667,80.000000,0.000000,0.000000,0.318298,0.000000
2,16.843992,0.000000,24.268953,0.000000,16.843992,24.268953,443.181406,649.502222,8.868780,10.174120,4.434390,5.087060,0.076923,70.000000,0.000000,0.000000,0.729085,0.994209
2,4.225852,0.000000,3.159121,0.000000,4.225852,3.159121,138.918403,31.250000,7.205746,4.904814,3.602873,2.452407,0.250000,80.000000,0.000000,0.000000,0.319431,0.000000
1,9.939612,0.000000,21.507084,0.000000,9.939612,21.507084,236.480000,478.543210,1.750000,3.956250,0.875000,1.978125,0.125000,40.000000,0.000000,0.000000,0.331129,0.674498
1,4.602871,0.000000,4.551358,0.000000,4.602871,4.551358,109.146667,83.423210,1.583333,3.534821,0.791667,1.767411,0.166667,40.000000,0.000000,0.000000,0.173008,0.177983
1,1.449918,0.000000,17.256895,0.000000,1.449918,17.256895,38.444444,387.555556,1.833333,4.856979,0.916667,2.428490,0.250000,60.000000,0.000000,0.000000,0.079623,0.691020
1,28.505120,0.000000,232.684876,0.000000,28.505120,232.684876,817.125000,8243.277778,7.199491,9.300260,3.599746,4.650130,0.100000,50.000000,0.000000,0.000000,1.129234,9.631754
1,32.699324,0.000000,234.077875,0.000000,32.699324,234.077875,817.125000,8243.277778,7.199491,9.300260,3.599746,4.650130,0.100000,50.000000,0.000000,0.000000,1.129234,9.631754
1,13.409067,0.000000,6.559964,0.000000,13.409067,6.559964,285.432099,158.503210,5.263281,7.381403,2.631641,3.690702,0.125000,50.000000,0.000000,0.000000,0.537676,0.332617
1,36.458715,0.000000,234.243439,0.000000,36.458715,234.243439,887.315556,8259.111111,3.265714,7.504320,1.632857,3.752160,0.200000,70.000000,0.000000,0.000000,1.106896,9.610470
1,1.246102,0.000000,82.507392,0.000000,1.246102,82.507392,28.497245,46.126033,9.932786,11.917021,4.966393,5.958511,0.166667,20.000000,0.000000,0.000000,0.233392,0.296496
1,10.067390,0.000000,10.595537,0.000000,10.067390,10.595537,180.000000,60.868056,7.704969,9.961110,3.852484,4.980555,0.250000,20.000000,0.000000,0.000000,0.353741,0.288147
1,2.415600,0.000000,84.019767,0.000000,2.415600,84.019767,28.497245,46.126033,9.932786,11.917021,4.966393,5.958511,0.166667,20.000000,0.000000,0.000000,0.233392,0.296496
1,-0.033705,0.000000,85.213932,0.000000,3.250343,85.213932,195.166667,129.687500,10.357523,12.906868,5.178761,6.453434,0.166667,20.000000,0.000000,5.000000,0.232415,0.409065
1,-1.203203,0.000000,83.701558,0.000000,2.080845,83.701558,195.166667,129.687500,10.357523,12.906868,5.178761,6.453434,0.166667,20.000000,0.000000,5.000000,0.232415,0.409065
1,8.571464,0.000000,9.572905,0.000000,8.571464,9.572905,180.000000,60.868056,7.704969,9.961110,3.852484,4.980555,0.250000,20.000000,0.000000,0.000000,0.376466,0.288147
1,-0.834744,0.000000,240.988639,0.000000,2.449305,240.988639,183.330579,84.437500,8.993460,14.832568,4.496730,7.416284,0.142857,100.000000,0.000000,0.000000,0.189340,0.400391
1,51.210400,0.000000,507.451466,0.000000,51.210400,507.451466,542.440000,371.869318,12.126299,14.732964,6.063150,7.366482,0.090909,70.000000,0.000000,5.000000,0.923961,0.753108
1,5.808855,0.000000,50.021492,0.000000,5.808855,50.021492,547.000000,452.130522,9.734429,13.683797,4.867215,6.841899,0.100000,80.000000,0.000000,0.000000,0.798774,0.848334
1,6.748113,0.000000,183.824816,0.000000,6.748113,183.824816,63.555556,117.740000,10.010581,6.381417,5.005291,3.190709,0.200000,80.000000,0.000000,5.000000,0.247277,0.000000
1,15.337294,0.000000,0.000000,0.000000,15.337294,0.000000,288.000000,0.000000,7.704969,0.000000,3.852484,0.000000,1.000000,100.000000,0.000000,0.000000,0.496308,0.000000
1,71.825384,0.000000,0.000000,0.000000,71.825384,0.000000,1800.000000,0.000000,1.777778,0.000000,0.888889,0.000000,1.000000,210.000000,0.000000,0.000000,2.358458,0.000000
1,-20.451278,0.000000,485.019511,0.000000,27.381915,485.019511,335.911157,255.681818,12.947271,10.028679,6.473636,5.014340,0.200000,80.000000,0.000000,5.000000,0.675523,0.000000
1,5.356403,0.000000,561.931371,0.000000,5.356403,561.931371,335.911157,255.681818,12.947271,10.028679,6.473636,5.014340,0.200000,80.000000,0.000000,5.000000,0.675523,0.000000
1,53.374346,0.000000,442.354316,0.000000,53.374346,442.354316,542.440000,371.869318,12.126299,14.732964,6.063150,7.366482,0.090909,70.000000,0.000000,5.000000,0.923961,0.753108
1,6.539037,0.000000,561.931371,0.000000,6.539037,561.931371,335.911157,255.681818,12.947271,10.028679,6.473636,5.014340,0.200000,80.000000,0.000000,5.000000,0.675523,0.000000
1,65.363798,0.000000,584.363326,0.000000,65.363798,584.363326,542.440000,371.869318,12.126299,14.732964,6.063150,7.366482,0.090909,70.000000,0.000000,5.000000,0.923961,0.753108
1,11.237849,0.000000,212.875169,0.000000,11.237849,212.875169,271.710000,135.231821,6.223683,11.844056,3.111841,5.922028,0.142857,100.000000,0.000000,0.000000,0.458324,0.404629
1,5.757641,0.000000,183.824816,0.000000,5.757641,183.824816,63.555556,117.740000,10.010581,6.381417,5.005291,3.190709,0.200000,80.000000,0.000000,5.000000,0.247277,0.000000
1,-58.011979,0.000000,419.922360,0.000000,64.942616,419.922360,335.911157,255.681818,12.947271,10.028679,6.473636,5.014340,0.200000,80.000000,0.000000,5.000000,0.675523,0.000000
1,-56.829345,0.000000,419.922360,0.000000,66.125250,419.922360,335.911157,255.681818,12.947271,10.028679,6.473636,5.014340,0.200000,80.000000,0.000000,5.000000,0.675523,0.000000
1,16.646684,0.000000,51.005146,0.000000,16.646684,51.005146,547.000000,452.130522,9.734429,13.683797,4.867215,6.841899,0.100000,80.000000,0.000000,0.000000,0.798774,0.848334
1,-19.268644,0.000000,485.019511,0.000000,28.564549,485.019511,335.911157,255.681818,12.947271,10.028679,6.473636,5.014340,0.200000,80.000000,0.000000,5.000000,0.675523,0.000000
1,43.677941,0.000000,1729.655082,0.000000,43.677941,1729.655082,277.801653,495.044444,13.586759,18.884058,6.793380,9.442029,0.181818,130.000000,0.000000,5.000000,0.605868,0.996821
1,55.667394,0.000000,1895.470387,0.000000,55.667394,1895.470387,277.801653,495.044444,13.586759,18.884058,6.793380,9.442029,0.181818,130.000000,0.000000,5.000000,0.605868,0.996821
1,41.513996,0.000000,1903.565802,0.000000,41.513996,1903.565802,277.801653,495.044444,13.586759,18.884058,6.793380,9.442029,0.181818,130.000000,0.000000,5.000000,0.605868,0.996821
1,32.031238,0.000000,547.352071,0.000000,32.031238,547.352071,567.740000,54.735207,12.877754,18.749932,6.438877,9.374966,0.125000,70.000000,0.000000,5.000000,0.900455,0.435785
1,171.139237,0.000000,4621.849112,0.000000,171.139237,4621.849112,373.421818,462.184911,16.410096,23.228568,8.205048,11.614284,0.071429,70.000000,0.000000,5.000000,0.789540,1.010315
1,186.413609,0.000000,4621.849112,0.000000,186.413609,4621.849112,373.421818,462.184911,16.410096,23.228568,8.205048,11.614284,0.071429,70.000000,0.000000,5.000000,0.789540,1.010315
1,35.318995,0.000000,547.352071,0.000000,35.318995,547.352071,567.740000,54.735207,12.877754,18.749932,6.438877,9.374966,0.125000,70.000000,0.000000,5.000000,1.030555,0.435785
1,133.608764,0.000000,4568.096322,0.000000,133.608764,4568.096322,373.421818,462.184911,16.410096,23.228568,8.205048,11.614284,0.071429,70.000000,0.000000,5.000000,0.789540,1.010315
1,134.783284,0.000000,4568.096322,0.000000,134.783284,4568.096322,373.421818,462.184911,16.410096,23.228568,8.205048,11.614284,0.071429,70.000000,0.000000,5.000000,0.802373,1.010315
1,172.313756,0.000000,4621.849112,0.000000,172.313756,4621.849112,373.421818,462.184911,16.410096,23.228568,8.205048,11.614284,0.071429,70.000000,0.000000,5.000000,0.802373,1.010315
1,187.588128,0.000000,4621.849112,0.000000,187.588128,4621.849112,373.421818,462.184911,16.410096,23.228568,8.205048,11.614284,0.071429,70.000000,0.000000,5.000000,0.802373,1.010315
1,33.205757,0.000000,547.352071,0.000000,33.205757,547.352071,567.740000,54.735207,12.877754,18.749932,6.438877,9.374966,0.125000,70.000000,0.000000,5.000000,0.913288,0.435785
1,34.144476,0.000000,547.352071,0.000000,34.144476,547.352071,567.740000,54.735207,12.877754,18.749932,6.438877,9.374966,0.125000,70.000000,0.000000,5.000000,1.017722,0.435785
1,6.003149,0.000000,412.929688,0.000000,6.003149,412.929688,95.801653,41.292969,12.617986,8.697236,6.308993,4.348618,0.142857,180.000000,0.000000,5.000000,0.370895,0.000000
1,11.898849,0.000000,0.000000,0.000000,11.898849,0.000000,36.993827,0.000000,12.769224,0.000000,6.384612,0.000000,0.142857,40.000000,0.000000,5.000000,0.277910,0.000000
1,5418.827432,0.000000,2837.710007,0.000000,5418.827432,2837.710007,659.211797,283.771001,22.700367,27.719926,11.350183,13.859963,0.045455,40.000000,0.000000,10.000000,1.327513,0.899662
1,1944.082303,0.000000,644.218750,0.000000,1944.082303,644.218750,311.737284,64.421875,17.095954,21.430992,8.547977,10.715496,0.090909,40.000000,0.000000,5.000000,0.792030,0.508330
1,5418.827432,0.000000,2837.710007,0.000000,5418.827432,2837.710007,659.211797,283.771001,22.700367,27.719926,11.350183,13.859963,0.045455,40.000000,0.000000,10.000000,1.327513,0.899662
1,702.340983,0.000000,644.218750,0.000000,702.340983,644.218750,83.179085,64.421875,16.581829,21.430992,8.290915,10.715496,0.111111,80.000000,0.000000,5.000000,0.366999,0.508330
1,2045.215827,0.000000,2837.710007,0.000000,2045.215827,2837.710007,490.628789,283.771001,21.060466,27.719926,10.530233,13.859963,0.076923,80.000000,0.000000,10.000000,0.941529,0.899662
1,2065.103393,0.000000,644.218750,0.000000,2065.103393,644.218750,311.737284,64.421875,17.095954,21.430992,8.547977,10.715496,0.090909,40.000000,0.000000,5.000000,0.792030,0.508330
1,5418.827432,0.000000,2837.710007,0.000000,5418.827432,2837.710007,659.211797,283.771001,22.700367,27.719926,11.350183,13.859963,0.045455,40.000000,0.000000,10.000000,1.327513,0.899662
1,5539.848522,0.000000,2837.710007,0.000000,5539.848522,2837.710007,659.211797,283.771001,22.700367,27.719926,11.350183,13.859963,0.045455,40.000000,0.000000,10.000000,1.327513,0.899662
1,738.714339,0.000000,644.218750,0.000000,738.714339,644.218750,83.179085,64.421875,16.581829,21.430992,8.290915,10.715496,0.111111,80.000000,0.000000,5.000000,0.366999,0.508330
1,5539.848522,0.000000,2837.710007,0.000000,5539.848522,2837.710007,659.211797,283.771001,22.700367,27.719926,11.350183,13.859963,0.045455,40.000000,0.000000,10.000000,1.327513,0.899662
1,5539.848522,0.000000,2837.710007,0.000000,5539.848522,2837.710007,659.211797,283.771001,22.700367,27.719926,11.350183,13.859963,0.045455,40.000000,0.000000,10.000000,1.327513,0.899662
1,2065.103393,0.000000,644.218750,0.000000,2065.103393,644.218750,311.737284,64.421875,17.095954,21.430992,8.547977,10.715496,0.090909,40.000000,0.000000,5.000000,0.792030,0.508330
1,1776.645513,0.000000,2837.710007,0.000000,1776.645513,2837.710007,490.628789,283.771001,21.060466,27.719926,10.530233,13.859963,0.076923,80.000000,0.000000,10.000000,0.941529,0.899662
1,1944.082303,0.000000,644.218750,0.000000,1944.082303,644.218750,311.737284,64.421875,17.095954,21.430992,8.547977,10.715496,0.090909,40.000000,0.000000,5.000000,0.792030,0.508330
1,2243.425530,0.000000,2837.710007,0.000000,2243.425530,2837.710007,490.628789,283.771001,21.060466,27.719926,10.530233,13.859963,0.076923,80.000000,0.000000,10.000000,0.941529,0.899662
1,1368.307870,0.000000,2482.507922,0.000000,1368.307870,2482.507922,452.372411,248.250792,20.006935,18.644875,10.003467,9.322438,0.142857,90.000000,0.000000,10.000000,0.920459,0.000000
1,330.376696,0.000000,398.125000,0.000000,330.376696,398.125000,44.922707,39.812500,15.528298,11.827644,7.764149,5.913822,0.285714,90.000000,0.000000,5.000000,0.345928,0.000000
1,1636.878184,0.000000,2482.507922,0.000000,1636.878184,2482.507922,452.372411,248.250792,20.006935,18.644875,10.003467,9.322438,0.142857,90.000000,0.000000,10.000000,0.920459,0.000000
1,1835.087887,0.000000,2482.507922,0.000000,1835.087887,2482.507922,452.372411,248.250792,20.006935,18.644875,10.003467,9.322438,0.142857,90.000000,0.000000,10.000000,0.920459,0.000000
1,294.003340,0.000000,398.125000,0.000000,294.003340,398.125000,44.922707,39.812500,15.528298,11.827644,7.764149,5.913822,0.285714,90.000000,0.000000,5.000000,0.345928,0.000000
1,1107.266274,0.000000,749.556276,0.000000,1107.266274,749.556276,110.726627,74.955628,20.570725,26.888039,10.285363,13.444020,0.076923,80.000000,0.000000,10.000000,0.462039,0.628005
1,3300.757531,0.000000,5181.622699,0.000000,3300.757531,5181.622699,330.075753,518.162270,26.859659,32.088889,13.429830,16.044444,0.062500,80.000000,0.000000,10.000000,0.853371,1.297213
1,955.235024,0.000000,722.193750,0.000000,955.235024,722.193750,95.523502,72.219375,22.789193,32.439287,11.394596,16.219644,0.142857,80.000000,0.000000,10.000000,0.484869,0.735812
1,955.235024,0.000000,722.193750,0.000000,955.235024,722.193750,95.523502,72.219375,22.789193,32.439287,11.394596,16.219644,0.142857,80.000000,0.000000,10.000000,0.484869,0.735812
1,3300.757531,0.000000,5181.622699,0.000000,3300.757531,5181.622699,330.075753,518.162270,26.859659,32.088889,13.429830,16.044444,0.062500,80.000000,0.000000,10.000000,0.853371,1.297213
1,3300.757531,0.000000,5181.622699,0.000000,3300.757531,5181.622699,330.075753,518.162270,26.859659,32.088889,13.429830,16.044444,0.062500,80.000000,0.000000,10.000000,0.853371,1.297213
1,955.235024,0.000000,722.193750,0.000000,955.235024,722.193750,95.523502,72.219375,22.789193,32.439287,11.394596,16.219644,0.142857,80.000000,0.000000,10.000000,0.484869,0.735812
1,1107.266274,0.000000,749.556276,0.000000,1107.266274,749.556276,110.726627,74.955628,20.570725,26.888039,10.285363,13.444020,0.076923,80.000000,0.000000,10.000000,0.462039,0.628005
1,2869.090306,0.000000,4937.142857,0.000000,2869.090306,4937.142857,286.909031,493.714286,22.265695,21.897054,11.132848,10.948527,0.090909,90.000000,0.000000,10.000000,0.761492,0.000000
1,2869.090306,0.000000,4937.142857,0.000000,2869.090306,4937.142857,286.909031,493.714286,22.265695,21.897054,11.132848,10.948527,0.090909,90.000000,0.000000,10.000000,0.761492,0.000000
1,816.362268,0.000000,0.000000,0.000000,816.362268,0.000000,90.943878,0.000000,19.311707,0.000000,9.655854,0.000000,1.000000,170.000000,0.000000,5.000000,0.411658,0.000000
1,3.924945,0.000000,0.000000,0.000000,3.924945,0.000000,53.312500,0.000000,8.459347,0.000000,4.229673,0.000000,1.000000,320.000000,0.000000,0.000000,0.211046,0.000000
1,2869.090306,0.000000,4937.142857,0.000000,2869.090306,4937.142857,286.909031,493.714286,22.265695,21.897054,11.132848,10.948527,0.090909,90.000000,0.000000,10.000000,0.761492,0.000000
1,816.362268,0.000000,0.000000,0.000000,816.362268,0.000000,90.943878,0.000000,19.311707,0.000000,9.655854,0.000000,1.000000,170.000000,0.000000,5.000000,0.411658,0.000000
1,4978.978975,0.000000,10802.248215,0.000000,4978.978975,10802.248215,497.897897,1080.224821,34.407720,33.377240,17.203860,16.688620,0.058824,310.000000,0.000000,15.000000,1.320675,2.021566
1,4978.978975,0.000000,10802.248215,0.000000,4978.978975,10802.248215,497.897897,1080.224821,34.407720,33.377240,17.203860,16.688620,0.058824,310.000000,0.000000,15.000000,1.320675,2.021566
1,4978.978975,0.000000,10802.248215,0.000000,4978.978975,10802.248215,497.897897,1080.224821,34.407720,33.377240,17.203860,16.688620,0.058824,310.000000,0.000000,15.000000,1.320675,2.021566
1,814.843750,0.000000,3624.566327,0.000000,814.843750,3624.566327,81.484375,362.456633,24.741618,26.260289,12.370809,13.130144,0.083333,370.000000,0.000000,10.000000,0.600200,0.980445
1,3.339397,0.000000,530.816327,0.000000,3.339397,530.816327,57.583210,53.081633,3.627083,13.133357,1.813542,6.566679,0.166667,710.000000,0.000000,0.000000,0.139861,0.000000
1,75.525255,0.000000,3504.905556,0.000000,75.525255,3504.905556,777.937500,350.490556,13.262318,30.514840,6.631159,15.257420,0.181818,480.000000,0.000000,5.000000,1.271099,1.050222
1,41.994505,0.000000,7708.498215,0.000000,41.994505,7708.498215,257.500000,770.849821,14.135418,20.250308,7.067709,10.125154,0.142857,610.000000,0.000000,5.000000,0.586293,0.000000
1,814.843750,0.000000,3624.566327,0.000000,814.843750,3624.566327,81.484375,362.456633,24.741618,26.260289,12.370809,13.130144,0.083333,370.000000,0.000000,10.000000,0.600200,0.980445
1,4978.978975,0.000000,10802.248215,0.000000,4978.978975,10802.248215,497.897897,1080.224821,34.407720,33.377240,17.203860,16.688620,0.058824,310.000000,0.000000,15.000000,1.320675,2.021566
1,16.599947,0.000000,1307.838076,0.000000,16.599947,1307.838076,546.506173,130.783808,9.343047,28.326329,4.671523,14.163164,0.125000,620.000000,0.000000,0.000000,0.783993,0.729721
1,53.983957,0.000000,7708.498215,0.000000,53.983957,7708.498215,257.500000,770.849821,14.135418,20.250308,7.067709,10.125154,0.142857,610.000000,0.000000,5.000000,0.586293,0.000000
1,65.385911,0.000000,3504.905556,0.000000,65.385911,3504.905556,777.937500,350.490556,13.262318,30.514840,6.631159,15.257420,0.181818,480.000000,0.000000,5.000000,1.271099,1.050222
1,4978.978975,0.000000,10802.248215,0.000000,4978.978975,10802.248215,497.897897,1080.224821,34.407720,33.377240,17.203860,16.688620,0.058824,310.000000,0.000000,15.000000,1.320675,2.021566
1,39.830559,0.000000,7708.498215,0.000000,39.830559,7708.498215,257.500000,770.849821,14.135418,20.250308,7.067709,10.125154,0.142857,610.000000,0.000000,5.000000,0.586293,0.000000
1,5.762118,0.000000,1307.838076,0.000000,5.762118,1307.838076,546.506173,130.783808,9.343047,28.326329,4.671523,14.163164,0.125000,620.000000,0.000000,0.000000,0.783993,0.729721
1,72.204142,0.000000,3504.905556,0.000000,72.204142,3504.905556,777.937500,350.490556,13.262318,30.514840,6.631159,15.257420,0.181818,480.000000,0.000000,5.000000,1.271099,1.050222
1,68.707024,0.000000,3504.905556,0.000000,68.707024,3504.905556,777.937500,350.490556,13.262318,30.514840,6.631159,15.257420,0.181818,480.000000,0.000000,5.000000,1.271099,1.050222
1,4978.978975,0.000000,10802.248215,0.000000,4978.978975,10802.248215,497.897897,1080.224821,34.407720,33.377240,17.203860,16.688620,0.058824,310.000000,0.000000,15.000000,1.320675,2.021566
1,8018.994082,0.000000,409.129332,0.000000,8018.994082,409.129332,801.899408,40.912933,29.280799,25.014582,14.640400,12.507291,0.076923,120.000000,0.000000,10.000000,1.550599,0.000000
1,8018.994082,0.000000,409.129332,0.000000,8018.994082,409.129332,801.899408,40.912933,29.280799,25.014582,14.640400,12.507291,0.076923,120.000000,0.000000,10.000000,1.550599,0.000000
1,841.312194,0.000000,494.839477,0.000000,841.312194,494.839477,84.131219,49.483948,22.163848,15.646955,11.081924,7.823478,0.076923,120.000000,0.000000,10.000000,0.509479,0.000000
1,8018.994082,0.000000,409.129332,0.000000,8018.994082,409.129332,801.899408,40.912933,29.280799,25.014582,14.640400,12.507291,0.076923,120.000000,0.000000,10.000000,1.550599,0.000000
1,1796.745679,0.000000,2482.011621,0.000000,1796.745679,2482.011621,179.674568,248.201162,31.217829,46.614295,15.608915,23.307148,0.100000,250.000000,0.000000,15.000000,0.821194,1.243439
1,1796.745679,0.000000,2482.011621,0.000000,1796.745679,2482.011621,179.674568,248.201162,31.217829,46.614295,15.608915,23.307148,0.100000,250.000000,0.000000,15.000000,0.821194,1.243439
1,772.064947,0.000000,371.938776,0.000000,772.064947,371.938776,77.206495,37.193878,30.504270,22.443164,15.252135,11.221582,0.100000,120.000000,0.000000,15.000000,0.663870,0.000000
1,949.932601,0.000000,514.193932,0.000000,949.932601,514.193932,94.993260,51.419393,43.192162,35.837558,21.596081,17.918779,0.071429,120.000000,0.000000,20.000000,0.939844,0.000000
1,949.932601,0.000000,514.193932,0.000000,949.932601,514.193932,94.993260,51.419393,43.192162,35.837558,21.596081,17.918779,0.071429,120.000000,0.000000,20.000000,0.939844,0.000000
1,949.932601,0.000000,514.193932,0.000000,949.932601,514.193932,94.993260,51.419393,43.192162,35.837558,21.596081,17.918779,0.071429,120.000000,0.000000,20.000000,0.939844,0.000000
4,0.000000,0.000000,8.951145,0.000000,0.000000,8.951145,17420.000000,224.000000,0.000000,2.200000,0.000000,1.100000,0.200000,80.000000,0.000000,0.000000,0.000000,0.307407
4,5.869212,0.000000,-0.687067,0.000000,5.869212,5.249126,176.000000,109.333333,2.000000,8.058142,1.000000,4.029071,0.250000,110.000000,0.000000,0.000000,0.205550,0.291963
4,10.824246,0.000000,-7.800472,0.000000,17.129838,8.646723,797.965278,364.212648,8.608659,12.057089,4.304330,6.028544,0.111111,20.000000,0.000000,0.000000,1.251441,0.659416
4,17.464904,0.000000,25.374118,0.000000,17.464904,26.369638,404.244898,663.050000,8.347049,10.935115,4.173525,5.467558,0.166667,20.000000,0.000000,0.000000,0.646894,1.077221
4,21.779560,0.000000,8.200607,0.000000,21.779560,8.200607,888.187500,482.437500,8.270114,11.671452,4.135057,5.835726,0.250000,20.000000,0.000000,0.000000,1.352311,0.795455
4,-153.916918,0.000000,-47.716036,0.000000,153.916918,80.730640,965.675000,631.617778,10.363190,14.569878,5.181595,7.284939,0.200000,20.000000,0.000000,5.000000,0.222438,1.052640
4,-90.350413,0.000000,-63.800213,0.000000,118.304498,64.646463,1697.062500,948.277500,8.533335,11.785235,4.266667,5.892617,0.071429,20.000000,0.000000,0.000000,1.185215,1.358226
4,2.653607,0.000000,-6.350154,0.000000,8.959199,10.097041,797.965278,364.212648,8.608659,12.057089,4.304330,6.028544,0.111111,20.000000,0.000000,0.000000,1.251441,0.659416
4,-34.838197,0.000000,-35.156143,0.000000,46.451003,38.903030,777.798611,363.131378,8.874805,12.461025,4.437402,6.230512,0.100000,20.000000,0.000000,0.000000,1.231684,0.666204
4,17.024392,0.000000,23.472542,0.000000,17.024392,24.468061,404.244898,663.050000,8.347049,10.935115,4.173525,5.467558,0.166667,20.000000,0.000000,0.000000,0.636264,1.077221
4,-15.911095,0.000000,17.303292,0.000000,15.911095,17.303292,65.610000,32.801653,9.708686,6.844660,4.854343,3.422330,0.250000,20.000000,0.000000,0.000000,0.242312,0.000000
4,-97.037372,0.000000,-35.751420,0.000000,111.617539,92.695256,965.675000,631.617778,10.363190,14.569878,5.181595,7.284939,0.200000,20.000000,0.000000,5.000000,0.222438,1.052640
4,-1.402115,0.000000,17.331160,0.000000,29.389567,17.331160,65.610000,32.801653,9.708686,6.844660,4.854343,3.422330,0.250000,20.000000,0.000000,0.000000,0.242312,0.000000
4,-124.169703,0.000000,-40.078212,0.000000,124.169703,88.368464,965.675000,631.617778,10.363190,14.569878,5.181595,7.284939,0.200000,20.000000,0.000000,5.000000,0.222438,1.052640
4,13.608921,0.000000,9.650925,0.000000,13.608921,9.650925,888.187500,482.437500,8.270114,11.671452,4.135057,5.835726,0.250000,20.000000,0.000000,0.000000,1.352311,0.795455
4,-26.667558,0.000000,-36.606461,0.000000,54.621642,37.452712,777.798611,363.131378,8.874805,12.461025,4.437402,6.230512,0.100000,20.000000,0.000000,0.000000,1.231684,0.666204
4,-98.521052,0.000000,-62.349895,0.000000,110.133859,66.096781,1697.062500,948.277500,8.533335,11.785235,4.266667,5.892617,0.071429,20.000000,0.000000,0.000000,1.185215,1.358226
4,0.000000,0.000000,-22.573238,0.000000,0.000000,22.573238,124.480000,20.598338,1.875000,9.083630,0.937500,4.541815,0.250000,230.000000,0.000000,0.000000,0.037500,0.000000
4,3.363372,0.000000,0.592723,0.000000,3.363372,0.592723,112.000000,31.250000,2.200000,5.867142,1.100000,2.933571,0.200000,230.000000,0.000000,0.000000,0.141857,0.000000
4,340.429872,0.000000,47.135073,0.000000,344.970375,47.135073,8184.753086,20.693878,6.348962,15.377122,3.174481,7.688561,0.250000,270.000000,0.000000,0.000000,13.645125,0.000000
4,355.575608,0.000000,46.835551,0.000000,360.116112,46.835551,8184.753086,20.693878,6.348962,15.377122,3.174481,7.688561,0.250000,270.000000,0.000000,0.000000,11.385804,0.000000
4,258.322681,0.000000,45.619719,0.000000,262.863185,45.619719,8184.753086,20.693878,6.348962,15.377122,3.174481,7.688561,0.250000,270.000000,0.000000,0.000000,11.385804,0.000000
4,3.599354,0.000000,79.619059,0.000000,7.880503,79.619059,200.055556,100.224490,14.406420,22.793814,7.203210,11.396907,0.285714,260.000000,0.000000,5.000000,0.357359,0.579773
4,0.503618,0.000000,76.522469,0.000000,4.784767,76.522469,200.055556,100.224490,14.406420,22.793814,7.203210,11.396907,0.285714,260.000000,0.000000,5.000000,0.357359,0.579773
4,12.976170,0.000000,44.301530,0.000000,22.225890,44.301530,108.755483,193.306122,16.733601,8.463511,8.366800,4.231756,0.125000,80.000000,0.000000,5.000000,0.441808,0.000000
4,13.120862,0.000000,44.918777,0.000000,22.370583,44.918777,108.755483,193.306122,16.733601,8.463511,8.366800,4.231756,0.125000,80.000000,0.000000,5.000000,0.441808,0.000000
4,180.649534,0.000000,388.088889,0.000000,180.649534,388.088889,38.530108,38.808889,14.953284,19.926312,7.476642,9.963156,0.142857,10.000000,0.000000,5.000000,0.351502,0.436106
4,280.476856,0.000000,466.349584,0.000000,280.476856,466.349584,48.072458,46.634958,18.005121,25.020122,9.002561,12.510061,0.142857,20.000000,0.000000,5.000000,0.420857,0.547844
4,14.607433,0.000000,2953.187556,0.000000,20.594627,2953.187556,107.970761,295.318756,14.867407,11.095086,7.433704,5.547543,0.142857,200.000000,0.000000,5.000000,0.404484,0.000000
4,14.752125,0.000000,2953.187556,0.000000,20.739320,2953.187556,107.970761,295.318756,14.867407,11.095086,7.433704,5.547543,0.142857,200.000000,0.000000,5.000000,0.404484,0.000000
4,24.292526,0.000000,924.768000,0.000000,60.477809,924.768000,45.183673,92.476800,27.295726,35.978760,13.647863,17.989380,0.166667,290.000000,0.000000,10.000000,0.571326,0.835368
4,22.602479,0.000000,924.768000,0.000000,58.787762,924.768000,45.183673,92.476800,27.295726,35.978760,13.647863,17.989380,0.166667,290.000000,0.000000,10.000000,0.571326,0.835368
4,25.818777,0.000000,924.768000,0.000000,62.004060,924.768000,45.183673,92.476800,27.295726,35.978760,13.647863,17.989380,0.166667,290.000000,0.000000,10.000000,0.571326,0.835368
4,507.442380,0.000000,281.666667,0.000000,507.442380,281.666667,50.744238,28.166667,20.679085,12.245891,10.339542,6.122946,0.125000,10.000000,0.000000,10.000000,0.478149,0.000000
4,40.887986,0.000000,7862.996878,0.000000,40.887986,7862.996878,214.743622,786.299688,15.800375,14.038922,7.900188,7.019461,0.200000,370.000000,0.000000,5.000000,0.585642,0.000000
4,40.971326,0.000000,7862.996878,0.000000,40.971326,7862.996878,214.743622,786.299688,15.800375,14.038922,7.900188,7.019461,0.200000,370.000000,0.000000,5.000000,0.585642,0.000000
4,36.054136,0.000000,10083.333333,0.000000,36.054136,10083.333333,224.915497,1008.333333,18.729212,18.210060,9.364606,9.105030,0.166667,500.000000,0.000000,5.000000,0.654652,0.000000
4,35.970797,0.000000,10083.333333,0.000000,35.970797,10083.333333,224.915497,1008.333333,18.729212,18.210060,9.364606,9.105030,0.166667,500.000000,0.000000,5.000000,0.654652,0.000000
4,11120.293106,0.000000,9009.524321,0.000000,11120.293106,9009.524321,1112.029311,900.952432,23.681627,20.248359,11.840814,10.124180,0.095238,50.000000,0.000000,10.000000,1.800142,0.000000
4,11120.293106,0.000000,9009.524321,0.000000,11120.293106,9009.524321,1112.029311,900.952432,23.681627,20.248359,11.840814,10.124180,0.095238,50.000000,0.000000,10.000000,1.800142,0.000000
0,5.151943,0.000000,10.757107,0.000000,5.151943,10.757107,183.875000,36.571429,3.808929,8.158214,1.904464,4.079107,0.250000,20.000000,0.000000,0.000000,0.305398,0.205719
0,2.734288,0.000000,11.213174,0.000000,8.392646,11.213174,235.355000,81.321429,3.069345,7.103787,1.534673,3.551894,0.083333,20.000000,0.000000,0.000000,0.234809,0.235246
0,5.156452,0.000000,13.540572,0.000000,10.814809,13.540572,235.355000,81.321429,3.069345,7.103787,1.534673,3.551894,0.083333,20.000000,0.000000,0.000000,0.250150,0.235246
0,-0.286779,0.000000,11.813248,0.000000,5.371579,11.813248,235.355000,81.321429,3.069345,7.103787,1.534673,3.551894,0.083333,20.000000,0.000000,0.000000,0.246647,0.235246
0,8.173010,0.000000,10.157034,0.000000,8.173010,10.157034,183.875000,36.571429,3.808929,8.158214,1.904464,4.079107,0.250000,20.000000,0.000000,0.000000,0.293560,0.205719
0,10.595173,0.000000,12.484431,0.000000,10.595173,12.484431,183.875000,36.571429,3.808929,8.158214,1.904464,4.079107,0.250000,20.000000,0.000000,0.000000,0.308901,0.205719
0,10.893278,0.000000,27.157504,0.000000,19.181214,27.157504,787.234375,658.571429,2.105385,8.169856,1.052692,4.084928,0.076923,30.000000,0.000000,0.000000,0.567347,0.936057
0,13.702938,0.000000,27.712188,0.000000,21.990874,27.712188,787.234375,658.571429,2.105385,8.169856,1.052692,4.084928,0.076923,30.000000,0.000000,0.000000,0.567347,0.936057
0,3.775744,0.000000,19.217098,0.000000,9.434102,19.217098,280.622857,63.319728,3.069345,14.496893,1.534673,7.248446,0.083333,90.000000,0.000000,0.000000,0.297101,0.365572
0,26.536817,0.000000,36.735893,0.000000,26.536817,36.735893,587.127232,578.040000,3.023929,15.165148,1.511964,7.582574,0.071429,90.000000,0.000000,0.000000,0.822514,1.019218
0,22.016013,0.000000,37.304376,0.000000,22.016013,37.304376,587.127232,578.040000,3.023929,15.165148,1.511964,7.582574,0.071429,90.000000,0.000000,0.000000,0.820351,1.019218
0,5.860732,0.000000,20.153005,0.000000,11.519089,20.153005,280.622857,63.319728,3.069345,14.496893,1.534673,7.248446,0.083333,90.000000,0.000000,0.000000,0.298183,0.365572
0,1.339927,0.000000,20.721487,0.000000,6.998285,20.721487,280.622857,63.319728,3.069345,14.496893,1.534673,7.248446,0.083333,90.000000,0.000000,0.000000,0.296020,0.365572
0,19.206352,0.000000,36.456647,0.000000,19.206352,36.456647,587.127232,578.040000,3.023929,15.165148,1.511964,7.582574,0.071429,90.000000,0.000000,0.000000,0.820351,1.019218
0,24.451829,0.000000,35.799987,0.000000,24.451829,35.799987,587.127232,578.040000,3.023929,15.165148,1.511964,7.582574,0.071429,90.000000,0.000000,0.000000,0.821431,1.019218
0,21.642169,0.000000,34.952258,0.000000,21.642169,34.952258,587.127232,578.040000,3.023929,15.165148,1.511964,7.582574,0.071429,90.000000,0.000000,0.000000,0.821431,1.019218
0,23.727157,0.000000,35.888164,0.000000,23.727157,35.888164,587.127232,578.040000,3.023929,15.165148,1.511964,7.582574,0.071429,90.000000,0.000000,0.000000,0.822514,1.019218
0,3.306069,0.000000,53.334088,0.000000,3.306069,53.334088,75.566327,97.096327,7.309219,13.565812,3.654609,6.782906,0.166667,140.000000,0.000000,0.000000,0.214969,0.391478
0,28.702394,0.000000,59.209812,0.000000,28.702394,59.209812,608.920000,1404.354167,14.476746,14.232750,7.238373,7.116375,0.142857,70.000000,0.000000,5.000000,0.975956,2.038953
0,14.300774,0.000000,33.107876,0.000000,14.300774,33.107876,39.070153,25.920000,14.499244,9.579601,7.249622,4.789801,0.166667,70.000000,0.000000,5.000000,0.337381,0.000000
0,14.224610,0.000000,34.689690,0.000000,14.224610,34.689690,39.070153,25.920000,14.499244,9.579601,7.249622,4.789801,0.166667,70.000000,0.000000,5.000000,0.337381,0.000000
0,29.585212,0.000000,63.646786,0.000000,29.585212,63.646786,608.920000,1404.354167,14.476746,14.232750,7.238373,7.116375,0.142857,70.000000,0.000000,5.000000,0.975956,2.038953
0,25.832537,0.000000,86.085238,0.000000,25.832537,86.085238,541.859375,1317.607500,3.023929,15.417527,1.511964,7.708764,0.166667,160.000000,0.000000,0.000000,0.774481,1.961328
0,23.410374,0.000000,82.954939,0.000000,23.410374,82.954939,541.859375,1317.607500,3.023929,15.417527,1.511964,7.708764,0.166667,160.000000,0.000000,0.000000,0.759140,1.961328
0,5.503419,0.000000,49.466217,0.000000,5.503419,49.466217,96.305556,127.655000,5.411698,10.082614,2.705849,5.041307,0.200000,140.000000,0.000000,0.000000,0.223360,0.360095
0,13.578759,0.000000,29.977577,0.000000,13.578759,29.977577,39.070153,25.920000,14.499244,9.579601,7.249622,4.789801,0.166667,70.000000,0.000000,5.000000,0.337381,0.000000
0,23.022877,0.000000,81.648265,0.000000,23.022877,81.648265,541.859375,1317.607500,3.023929,15.417527,1.511964,7.708764,0.166667,160.000000,0.000000,0.000000,0.774481,1.961328
0,7.999362,0.000000,44.888597,0.000000,13.657720,44.888597,212.480000,82.280000,3.210417,5.384891,1.605208,2.692445,0.200000,160.000000,0.000000,0.000000,0.217769,0.000000
0,20.600713,0.000000,78.517966,0.000000,20.600713,78.517966,541.859375,1317.607500,3.023929,15.417527,1.511964,7.708764,0.166667,160.000000,0.000000,0.000000,0.759140,1.961328
0,20.389307,0.000000,87.667052,0.000000,20.389307,87.667052,541.859375,1317.607500,3.023929,15.417527,1.511964,7.708764,0.166667,160.000000,0.000000,0.000000,0.770978,1.961328
0,-0.219636,0.000000,49.488827,0.000000,5.438721,49.488827,123.480000,94.530000,3.210417,13.411831,1.605208,6.705915,0.250000,160.000000,0.000000,0.000000,0.108167,0.385236
0,17.579646,0.000000,83.230079,0.000000,17.579646,83.230079,541.859375,1317.607500,3.023929,15.417527,1.511964,7.708764,0.166667,160.000000,0.000000,0.000000,0.770978,1.961328
0,6.529015,0.000000,57.691374,0.000000,6.529015,57.691374,52.927438,189.816327,12.736100,16.820415,6.368050,8.410208,0.166667,150.000000,0.000000,5.000000,0.317612,0.572857
0,4.725550,0.000000,56.613810,0.000000,4.725550,56.613810,60.734694,430.285714,17.160788,16.234055,8.580394,8.117028,0.166667,150.000000,0.000000,5.000000,0.372710,0.860167
0,3.862571,0.000000,57.576432,0.000000,3.862571,57.576432,60.734694,430.285714,17.160788,16.234055,8.580394,8.117028,0.166667,150.000000,0.000000,5.000000,0.372710,0.860167
0,5.419326,0.000000,57.225931,0.000000,5.419326,57.225931,60.734694,430.285714,17.160788,16.234055,8.580394,8.117028,0.166667,150.000000,0.000000,5.000000,0.372710,0.860167
0,10.747722,0.000000,18.012338,0.000000,10.747722,18.012338,62.629438,136.500000,15.629211,14.015961,7.814606,7.007981,0.166667,90.000000,0.000000,5.000000,0.391149,0.455140
0,3.428117,0.000000,21.740100,0.000000,3.428117,21.740100,30.816327,13.888889,8.363646,8.674488,4.181823,4.337244,0.250000,310.000000,0.000000,0.000000,0.185442,0.000000
0,3.571712,0.000000,43.997721,0.000000,3.571712,43.997721,181.421111,139.274819,10.657863,14.838935,5.328932,7.419468,0.142857,170.000000,0.000000,5.000000,0.435766,0.469066
0,1.357077,0.000000,37.607742,0.000000,9.374283,37.607742,289.055556,145.777778,6.542708,17.109931,3.271354,8.554965,0.200000,310.000000,0.000000,0.000000,0.178561,0.528419
0,6.646204,0.000000,28.759000,0.000000,6.646204,28.759000,57.625000,54.388889,12.724663,13.542985,6.362332,6.771493,0.250000,170.000000,0.000000,5.000000,0.325410,0.339282
0,-2.961034,0.000000,38.042951,0.000000,5.056172,38.042951,289.055556,145.777778,6.542708,17.109931,3.271354,8.554965,0.200000,310.000000,0.000000,0.000000,0.178561,0.528419
0,10.830496,0.000000,18.447548,0.000000,10.830496,18.447548,62.629438,136.500000,15.629211,14.015961,7.814606,7.007981,0.166667,90.000000,0.000000,5.000000,0.391149,0.455140
0,8.326272,0.000000,133.127090,0.000000,8.326272,133.127090,259.555556,36.968750,4.440679,7.522407,2.220339,3.761203,0.200000,350.000000,0.000000,0.000000,0.405414,0.000000
0,31.524643,0.000000,756.159170,0.000000,31.524643,756.159170,78.079104,75.615917,14.046122,13.369061,7.023061,6.684531,0.142857,130.000000,0.000000,5.000000,0.379891,0.000000
0,36.546127,0.000000,756.159170,0.000000,36.546127,756.159170,78.079104,75.615917,14.046122,13.369061,7.023061,6.684531,0.142857,130.000000,0.000000,5.000000,0.379891,0.000000
0,33.624880,0.000000,756.159170,0.000000,33.624880,756.159170,78.079104,75.615917,14.046122,13.369061,7.023061,6.684531,0.142857,130.000000,0.000000,5.000000,0.379891,0.000000
0,36.214101,0.000000,345.556812,0.000000,36.214101,345.556812,54.000000,46.031746,16.626637,19.761755,8.313319,9.880877,0.200000,40.000000,0.000000,5.000000,0.399112,0.451756
0,19.613161,0.000000,0.000000,0.000000,19.613161,0.000000,35.326389,0.000000,18.361251,0.000000,9.180626,0.000000,0.200000,40.000000,0.000000,5.000000,0.384416,0.000000
0,3.366043,0.000000,101.108552,0.000000,3.366043,101.108552,78.880000,160.315193,16.990635,14.512967,8.495317,7.256483,0.166667,400.000000,0.000000,5.000000,0.369307,0.000000
0,4.922798,0.000000,108.018163,0.000000,4.922798,108.018163,78.880000,160.315193,16.990635,14.512967,8.495317,7.256483,0.166667,400.000000,0.000000,5.000000,0.369307,0.000000
0,9.931004,0.000000,261.858333,0.000000,9.931004,261.858333,56.952381,26.185833,14.826059,14.711575,7.413030,7.355787,0.166667,400.000000,0.000000,5.000000,0.363837,0.000000
0,10.576855,0.000000,261.858333,0.000000,10.576855,261.858333,56.952381,26.185833,14.826059,14.711575,7.413030,7.355787,0.166667,400.000000,0.000000,5.000000,0.363837,0.000000
0,2.048493,0.000000,37.279501,0.000000,5.079956,37.279501,131.621168,29.752066,11.278213,7.047769,5.639106,3.523885,0.125000,250.000000,0.000000,5.000000,0.387602,0.000000
0,10.653020,0.000000,261.858333,0.000000,10.653020,261.858333,56.952381,26.185833,14.826059,14.711575,7.413030,7.355787,0.166667,400.000000,0.000000,5.000000,0.363837,0.000000
0,57.430597,0.000000,12540.766514,0.000000,57.430597,12540.766514,1429.358611,2873.971549,10.240576,8.438769,5.120288,4.219385,0.150000,330.000000,0.000000,5.000000,1.993495,0.000000
0,6.183099,0.000000,280.000000,0.000000,6.183099,280.000000,168.666667,28.000000,7.713062,10.723658,3.856531,5.361829,0.166667,460.000000,0.000000,0.000000,0.353074,0.000000
0,4.229022,0.000000,112.784144,0.000000,4.229022,112.784144,78.880000,160.315193,16.990635,14.512967,8.495317,7.256483,0.166667,400.000000,0.000000,5.000000,0.369307,0.000000
0,4.636071,0.000000,0.000000,0.000000,4.636071,0.000000,76.054422,0.000000,13.978644,0.000000,6.989322,0.000000,0.125000,400.000000,0.000000,5.000000,0.325713,0.000000
0,61.816394,0.000000,12267.954239,0.000000,61.816394,12267.954239,1429.358611,2873.971549,10.240576,8.438769,5.120288,4.219385,0.150000,330.000000,0.000000,5.000000,1.993495,0.000000
0,2675.059002,0.000000,41449.344043,0.000000,2675.059002,41449.344043,2901.971549,4144.934404,19.162427,24.893626,9.581214,12.446813,0.142857,100.000000,0.000000,5.000000,3.973265,5.681895
0,3269.212971,0.000000,41449.344043,0.000000,3269.212971,41449.344043,2901.971549,4144.934404,19.162427,24.893626,9.581214,12.446813,0.142857,100.000000,0.000000,5.000000,3.973265,5.681895
0,35071.986586,0.000000,41270.144043,0.000000,35071.986586,41270.144043,3507.198659,4127.014404,18.887809,11.192784,9.443904,5.596392,0.125000,50.000000,0.000000,5.000000,4.653206,0.000000
0,28975.013756,0.000000,41270.144043,0.000000,28975.013756,41270.144043,3507.198659,4127.014404,18.887809,11.192784,9.443904,5.596392,0.125000,50.000000,0.000000,5.000000,4.653206,0.000000
0,612.386963,0.000000,0.000000,0.000000,612.386963,0.000000,80.567081,0.000000,16.910349,0.000000,8.455174,0.000000,0.111111,50.000000,0.000000,5.000000,0.364183,0.000000
0,10.565782,0.000000,0.000000,0.000000,10.565782,0.000000,118.111111,0.000000,10.083811,0.000000,5.041905,0.000000,0.200000,580.000000,0.000000,5.000000,0.351364,0.000000
0,154.740696,0.000000,634.170524,0.000000,154.740696,634.170524,245.899306,189.028096,29.991355,20.718084,14.995677,10.359042,0.142857,130.000000,0.000000,10.000000,0.879830,0.000000
0,157.206621,0.000000,514.827626,0.000000,157.206621,514.827626,245.899306,189.028096,29.991355,20.718084,14.995677,10.359042,0.142857,130.000000,0.000000,10.000000,0.879830,0.000000
0,4.470899,0.000000,634.087791,0.000000,4.470899,634.087791,145.571429,63.408779,8.173089,20.006419,4.086545,10.003210,0.200000,650.000000,0.000000,0.000000,0.187848,0.000000
0,153.442100,0.000000,568.684255,0.000000,153.442100,568.684255,245.899306,189.028096,29.991355,20.718084,14.995677,10.359042,0.142857,130.000000,0.000000,10.000000,0.879830,0.000000
0,3.600782,0.000000,634.087791,0.000000,3.600782,634.087791,145.571429,63.408779,8.173089,20.006419,4.086545,10.003210,0.200000,650.000000,0.000000,0.000000,0.187848,0.000000
0,5.588700,0.000000,634.087791,0.000000,5.588700,634.087791,145.571429,63.408779,8.173089,20.006419,4.086545,10.003210,0.200000,650.000000,0.000000,0.000000,0.187848,0.000000
0,50.055469,0.000000,59243.565731,0.000000,50.055469,59243.565731,499.984393,5924.356573,15.227984,34.691263,7.613992,17.345632,0.125000,440.000000,0.000000,5.000000,0.926800,8.088492
0,52.155707,0.000000,59243.565731,0.000000,52.155707,59243.565731,499.984393,5924.356573,15.227984,34.691263,7.613992,17.345632,0.125000,440.000000,0.000000,5.000000,0.926800,8.088492
0,54.288439,0.000000,59243.565731,0.000000,54.288439,59243.565731,499.984393,5924.356573,15.227984,34.691263,7.613992,17.345632,0.125000,440.000000,0.000000,5.000000,0.926800,8.088492
0,55.076953,0.000000,59243.565731,0.000000,55.076953,59243.565731,499.984393,5924.356573,15.227984,34.691263,7.613992,17.345632,0.125000,440.000000,0.000000,5.000000,0.926800,8.088492
0,56.388676,0.000000,59243.565731,0.000000,56.388676,59243.565731,499.984393,5924.356573,15.227984,34.691263,7.613992,17.345632,0.125000,440.000000,0.000000,5.000000,0.926800,8.088492
0,59.309923,0.000000,59243.565731,0.000000,59.309923,59243.565731,499.984393,5924.356573,15.227984,34.691263,7.613992,17.345632,0.125000,440.000000,0.000000,5.000000,0.926800,8.088492
0,1153.223594,0.000000,800.000000,0.000000,1153.223594,800.000000,115.322359,80.000000,30.540880,28.811191,15.270440,14.405596,0.100000,90.000000,0.000000,15.000000,0.691063,0.000000
0,1153.223594,0.000000,800.000000,0.000000,1153.223594,800.000000,115.322359,80.000000,30.540880,28.811191,15.270440,14.405596,0.100000,90.000000,0.000000,15.000000,0.691063,0.000000
0,1153.223594,0.000000,800.000000,0.000000,1153.223594,800.000000,115.322359,80.000000,30.540880,28.811191,15.270440,14.405596,0.100000,90.000000,0.000000,15.000000,0.691063,0.000000
0,1671.941682,0.000000,2876.890465,0.000000,1671.941682,2876.890465,265.478273,317.440000,45.947678,32.826929,22.973839,16.413464,0.111111,30.000000,0.000000,20.000000,1.219412,0.000000
0,877.586190,0.000000,583.910035,0.000000,877.586190,583.910035,87.758619,58.391003,46.359700,35.581338,23.179850,17.790669,0.111111,30.000000,0.000000,20.000000,1.004336,0.000000
0,877.586190,0.000000,583.910035,0.000000,877.586190,583.910035,87.758619,58.391003,46.359700,35.581338,23.179850,17.790669,0.111111,30.000000,0.000000,20.000000,1.004336,0.000000
0,1640.150434,0.000000,2651.906025,0.000000,1640.150434,2651.906025,265.478273,317.440000,45.947678,32.826929,22.973839,16.413464,0.111111,30.000000,0.000000,20.000000,1.219412,0.000000
0,1615.278056,0.000000,3004.509540,0.000000,1615.278056,3004.509540,265.478273,317.440000,45.947678,32.826929,22.973839,16.413464,0.111111,30.000000,0.000000,20.000000,1.219412,0.000000
0,877.586190,0.000000,583.910035,0.000000,877.586190,583.910035,87.758619,58.391003,46.359700,35.581338,23.179850,17.790669,0.111111,30.000000,0.000000,20.000000,1.004336,0.000000
0,1124.359711,0.000000,1007.074094,0.000000,1124.359711,1007.074094,112.435971,100.707409,45.639910,39.090461,22.819955,19.545230,0.095238,80.000000,0.000000,20.000000,0.989941,0.000000
0,63564.495733,0.000000,11235.022110,0.000000,63564.495733,11235.022110,6356.449573,1123.502211,23.640581,40.201845,11.820291,20.100923,0.125000,190.000000,0.000000,10.000000,8.347043,2.183261
0,1124.359711,0.000000,1007.074094,0.000000,1124.359711,1007.074094,112.435971,100.707409,45.639910,39.090461,22.819955,19.545230,0.095238,80.000000,0.000000,20.000000,0.989941,0.000000
0,63564.495733,0.000000,11235.022110,0.000000,63564.495733,11235.022110,6356.449573,1123.502211,23.640581,40.201845,11.820291,20.100923,0.125000,190.000000,0.000000,10.000000,8.347043,2.183261
0,1124.359711,0.000000,1007.074094,0.000000,1124.359711,1007.074094,112.435971,100.707409,45.639910,39.090461,22.819955,19.545230,0.095238,80.000000,0.000000,20.000000,0.989941,0.000000
0,11488.334056,0.000000,11805.105423,0.000000,11488.334056,11805.105423,1148.833406,1180.510542,37.124046,39.396992,18.562023,19.698496,0.045455,40.000000,0.000000,15.000000,2.108641,2.262608
0,11488.334056,0.000000,11805.105423,0.000000,11488.334056,11805.105423,1148.833406,1180.510542,37.124046,39.396992,18.562023,19.698496,0.045455,40.000000,0.000000,15.000000,2.108641,2.262608
0,1262.959433,0.000000,733.925049,0.000000,1262.959433,733.925049,126.295943,73.392505,48.905710,40.779083,24.452855,20.389541,0.136364,140.000000,0.000000,20.000000,1.069116,0.000000
0,203.100231,0.000000,183.750000,0.000000,203.100231,183.750000,37.309911,18.375000,41.004499,9.385287,20.502249,4.692644,0.166667,60.000000,0.000000,20.000000,0.843713,0.000000
0,1262.959433,0.000000,733.925049,0.000000,1262.959433,733.925049,126.295943,73.392505,48.905710,40.779083,24.452855,20.389541,0.136364,140.000000,0.000000,20.000000,1.069116,0.000000
0,1262.959433,0.000000,733.925049,0.000000,1262.959433,733.925049,126.295943,73.392505,48.905710,40.779083,24.452855,20.389541,0.136364,140.000000,0.000000,20.000000,1.069116,0.000000
0,203.120134,0.000000,183.750000,0.000000,203.120134,183.750000,37.309911,18.375000,41.004499,9.385287,20.502249,4.692644,0.166667,60.000000,0.000000,20.000000,0.843713,0.000000
0,62.989609,0.000000,0.000000,0.000000,62.989609,0.000000,1600.000000,0.000000,3.950000,0.000000,1.975000,0.000000,1.000000,1120.000000,0.000000,0.000000,2.045698,0.000000
0,1088.800000,0.000000,982.533087,0.000000,1088.800000,982.533087,108.880000,98.253309,38.002372,46.038025,19.001186,23.019013,0.125000,640.000000,0.000000,15.000000,0.859465,0.000000
0,1088.800000,0.000000,982.533087,0.000000,1088.800000,982.533087,108.880000,98.253309,38.002372,46.038025,19.001186,23.019013,0.125000,640.000000,0.000000,15.000000,0.859465,0.000000
0,1088.800000,0.000000,982.533087,0.000000,1088.800000,982.533087,108.880000,98.253309,38.002372,46.038025,19.001186,23.019013,0.125000,640.000000,0.000000,15.000000,0.859465,0.000000
2,20.511024,0.000000,7.998745,0.000000,20.511024,7.998745,450.035503,187.791495,8.817741,3.951406,4.408870,1.975703,0.166667,220.000000,0.000000,0.000000,0.742614,0.000000
2,3.481131,0.000000,0.579333,0.000000,3.481131,0.579333,40.625000,9.375000,11.663944,7.923485,5.831972,3.961743,0.200000,220.000000,0.000000,5.000000,0.286841,0.000000
2,8.578590,0.000000,7.322032,0.000000,8.578590,7.322032,147.456790,163.728622,8.335371,10.162154,4.167686,5.081077,0.166667,80.000000,0.000000,0.000000,0.354315,0.407629
2,8.304805,0.000000,7.346409,0.000000,8.304805,7.346409,147.456790,163.728622,8.335371,10.162154,4.167686,5.081077,0.166667,80.000000,0.000000,0.000000,0.354315,0.407629
2,2.290845,0.000000,1.920159,0.000000,2.290845,1.920159,56.000000,43.555556,2.000000,16.291940,1.000000,8.145970,0.250000,590.000000,0.000000,0.000000,0.108075,0.379625
2,5.197876,0.000000,1.309293,0.000000,5.197876,1.309293,167.315078,328.408686,8.337764,4.368969,4.168882,2.184485,0.066667,220.000000,0.000000,0.000000,0.377036,0.000000
2,5.248209,0.000000,-0.454464,0.000000,5.248209,0.454464,167.315078,328.408686,8.337764,4.368969,4.168882,2.184485,0.066667,220.000000,0.000000,0.000000,0.377036,0.000000
2,9.676695,0.000000,-166.926866,0.000000,9.676695,166.926866,246.794269,135.200000,11.056764,9.692594,5.528382,4.846297,0.125000,300.000000,0.000000,5.000000,0.499754,0.000000
2,5.610162,0.000000,-121.655345,0.000000,5.610162,121.655345,149.594554,899.944411,8.927453,8.626981,4.463726,4.313490,0.125000,300.000000,0.000000,0.000000,0.340888,0.000000
2,11.768940,0.000000,-15.514698,0.000000,11.768940,15.514698,285.140869,196.757882,9.236567,7.831195,4.618284,3.915597,0.125000,300.000000,0.000000,0.000000,0.515834,0.000000
2,9.467937,0.000000,-121.655345,0.000000,9.467937,121.655345,892.992778,899.944411,16.498264,8.626981,8.249132,4.313490,0.250000,10.000000,0.000000,5.000000,1.441608,0.000000
2,5.559829,0.000000,-129.954321,0.000000,5.559829,129.954321,149.594554,899.944411,8.927453,8.626981,4.463726,4.313490,0.125000,300.000000,0.000000,0.000000,0.340888,0.000000
2,14.600542,0.000000,-129.954321,0.000000,14.600542,129.954321,892.992778,899.944411,16.498264,8.626981,8.249132,4.313490,0.250000,10.000000,0.000000,5.000000,1.441608,0.000000
2,24.266224,0.000000,-750.393975,0.000000,24.266224,750.393975,613.972991,584.428619,9.213602,17.888135,4.606801,8.944067,0.076923,530.000000,0.000000,0.000000,0.943173,1.089042
2,4.203779,0.000000,-50.719597,0.000000,4.203779,50.719597,198.944900,189.701323,11.293171,9.077684,5.646586,4.538842,0.111111,160.000000,0.000000,5.000000,0.445150,0.000000
2,5.953973,0.000000,-201.760698,0.000000,8.606568,201.760698,237.117758,189.701323,9.199344,9.944492,4.599672,4.972246,0.071429,240.000000,0.000000,0.000000,0.417293,0.000000
2,-2052.412156,0.000000,-6141.740720,0.000000,2052.412156,6141.740720,547.421235,614.174072,21.681584,23.696775,10.840792,11.848388,0.037037,40.000000,0.000000,10.000000,1.114157,1.237210
2,-876.853289,0.000000,-18023.143467,0.000000,876.853289,18023.143467,1109.859303,1802.314347,18.350836,18.105808,9.175418,9.052904,0.066667,280.000000,0.000000,5.000000,1.648069,0.000000
2,-1019.448250,0.000000,-18023.143467,0.000000,1019.448250,18023.143467,1109.859303,1802.314347,18.350836,18.105808,9.175418,9.052904,0.066667,280.000000,0.000000,5.000000,1.648069,0.000000
2,-1266.756591,0.000000,-1184.666039,0.000000,1266.756591,1184.666039,126.675659,118.466604,20.809491,22.597514,10.404746,11.298757,0.066667,60.000000,0.000000,10.000000,0.469702,0.599324
2,-2523.332027,0.000000,-2244.126630,0.000000,2523.332027,2244.126630,252.333203,224.412663,21.660895,26.029030,10.830448,13.014515,0.029412,230.000000,0.000000,10.000000,0.643069,0.800061
2,-34.098181,0.000000,-1425.532880,0.000000,34.098181,1425.532880,241.701323,142.553288,15.834574,17.275120,7.917287,8.637560,0.076923,600.000000,0.000000,5.000000,0.554408,0.000000
2,-171.094464,0.000000,-1297.067901,0.000000,171.094464,1297.067901,323.537190,129.706790,16.451908,18.932409,8.225954,9.466204,0.076923,600.000000,0.000000,5.000000,0.673766,0.000000
2,-1097.219931,0.000000,-818.593750,0.000000,1097.219931,818.593750,109.721993,81.859375,23.936686,8.753910,11.968343,4.376955,0.066667,160.000000,0.000000,10.000000,0.614863,0.000000
2,-181.326533,0.000000,-31520.766602,0.000000,181.326533,31520.766602,990.450922,3152.076660,17.471432,20.833589,8.735716,10.416794,0.076923,600.000000,0.000000,5.000000,1.513222,0.000000
2,-207.245277,0.000000,-31520.766602,0.000000,207.245277,31520.766602,990.450922,3152.076660,17.471432,20.833589,8.735716,10.416794,0.076923,600.000000,0.000000,5.000000,1.513222,0.000000
2,-15044.184211,0.000000,-34664.375510,0.000000,15044.184211,34664.375510,1504.418421,3466.437551,24.250250,20.784223,12.125125,10.392111,0.222222,550.000000,0.000000,10.000000,2.325875,0.000000
2,-15044.184211,0.000000,-34664.375510,0.000000,15044.184211,34664.375510,1504.418421,3466.437551,24.250250,20.784223,12.125125,10.392111,0.222222,550.000000,0.000000,10.000000,2.325875,0.000000
2,-1948.414824,0.000000,-1154.681633,0.000000,1948.414824,1154.681633,194.841482,115.468163,22.854446,19.109328,11.427223,9.554664,0.045455,210.000000,0.000000,10.000000,0.634633,0.000000
2,-1341.475694,0.000000,-896.472425,0.000000,1341.475694,896.472425,134.147569,89.647242,14.333236,10.097443,7.166618,5.048722,0.045455,210.000000,0.000000,5.000000,0.388602,0.000000
2,41.069292,0.000000,-3751.965257,0.000000,45.204723,3751.965257,1509.787500,375.196526,5.237801,35.953681,2.618901,17.976841,0.090909,1660.000000,0.000000,0.000000,1.365995,1.183477
2,-916.259715,0.000000,-1317.706038,0.000000,916.259715,1317.706038,91.625971,131.770604,13.191815,18.982395,6.595908,9.491198,0.181818,160.000000,0.000000,5.000000,0.340297,0.546125
2,-1637.307351,0.000000,-1061.802000,0.000000,1637.307351,1061.802000,163.730735,106.180200,20.991891,14.977375,10.495946,7.488687,0.080000,30.000000,0.000000,10.000000,0.551704,0.000000
2,-1322.660477,0.000000,-1040.880306,0.000000,1322.660477,1040.880306,132.266048,104.088031,21.668154,15.680321,10.834077,7.840161,0.181818,140.000000,0.000000,10.000000,0.591405,0.000000
3,6.712518,0.000000,-22.649609,0.000000,6.712518,22.649609,170.111111,2127.562500,4.570085,12.929934,2.285043,6.464967,0.200000,20.000000,0.000000,0.000000,0.326089,3.103708
3,43.999967,0.000000,-55.453335,0.000000,43.999967,55.453335,871.111111,2127.562500,4.463203,12.929934,2.231602,6.464967,0.200000,20.000000,0.000000,0.000000,1.170936,3.103708
3,8.972812,0.000000,-24.664507,0.000000,8.972812,24.664507,170.111111,2127.562500,4.570085,12.929934,2.285043,6.464967,0.200000,20.000000,0.000000,0.000000,0.323519,3.103708
3,0.993512,0.000000,-14.125122,0.000000,13.855289,22.998544,263.111111,275.625000,4.142292,9.215200,2.071146,4.607600,0.100000,20.000000,0.000000,0.000000,0.181837,0.462862
3,38.678419,0.000000,-50.001316,0.000000,38.678419,50.001316,871.111111,2127.562500,4.463203,12.929934,2.231602,6.464967,0.200000,20.000000,0.000000,0.000000,1.170936,3.103708
3,27.825102,0.000000,13.624973,0.000000,27.825102,13.624973,545.111111,207.375000,5.558688,9.542566,2.779344,4.771283,0.250000,20.000000,0.000000,0.000000,0.808372,0.427868
3,56.356244,0.000000,19.157146,0.000000,69.218021,19.157146,1760.000000,373.062500,4.805104,9.305181,2.402552,4.652591,0.200000,20.000000,0.000000,0.000000,1.842776,0.681173
3,56.396566,0.000000,17.405850,0.000000,69.258343,17.405850,1760.000000,373.062500,4.805104,9.305181,2.402552,4.652591,0.200000,20.000000,0.000000,0.000000,2.220001,0.681173
3,14.294361,0.000000,-30.116526,0.000000,14.294361,30.116526,170.111111,2127.562500,4.570085,12.929934,2.285043,6.464967,0.200000,20.000000,0.000000,0.000000,0.323519,3.103708
3,12.034066,0.000000,-28.101627,0.000000,12.034066,28.101627,170.111111,2127.562500,4.570085,12.929934,2.285043,6.464967,0.200000,20.000000,0.000000,0.000000,0.326089,3.103708
3,98.510787,0.000000,-70.043251,0.000000,98.510787,70.043251,2961.600000,2127.562500,8.372611,12.929934,4.186306,6.464967,0.200000,10.000000,0.000000,0.000000,4.324757,3.103708
3,-4.328036,0.000000,-8.673103,0.000000,8.533741,17.546525,263.111111,275.625000,4.142292,9.215200,2.071146,4.607600,0.100000,20.000000,0.000000,0.000000,0.181837,0.462862
3,96.525244,0.000000,-64.591232,0.000000,96.525244,64.591232,2961.600000,2127.562500,8.372611,12.929934,4.186306,6.464967,0.200000,10.000000,0.000000,0.000000,4.324757,3.103708
3,-90.501867,0.000000,-582.959833,0.000000,90.501867,582.959833,805.786848,204.546667,19.894665,21.400042,9.947333,10.700021,0.125000,20.000000,0.000000,5.000000,1.034131,0.701601
3,13.102682,0.000000,-550.936136,0.000000,43.304787,550.936136,2145.375000,141.106667,14.710759,21.565835,7.355379,10.782918,0.166667,30.000000,0.000000,5.000000,3.109973,0.629759
3,7.780455,0.000000,-637.095992,0.000000,37.982560,637.095992,2145.375000,141.106667,14.710759,21.565835,7.355379,10.782918,0.166667,30.000000,0.000000,5.000000,3.109973,0.629759
3,-89.423683,0.000000,-573.739838,0.000000,89.423683,573.739838,805.786848,204.546667,19.894665,21.400042,9.947333,10.700021,0.125000,20.000000,0.000000,5.000000,1.034131,0.701601
3,16.001377,0.000000,-585.669796,0.000000,46.203482,585.669796,2145.375000,141.106667,14.710759,21.565835,7.355379,10.782918,0.166667,30.000000,0.000000,5.000000,3.109973,0.629759
3,-88.337453,0.000000,-659.899695,0.000000,88.337453,659.899695,805.786848,204.546667,19.894665,21.400042,9.947333,10.700021,0.125000,20.000000,0.000000,5.000000,1.034131,0.701601
3,14.027683,0.000000,-560.156130,0.000000,44.229788,560.156130,2145.375000,141.106667,14.710759,21.565835,7.355379,10.782918,0.166667,30.000000,0.000000,5.000000,3.109973,0.629759
3,-89.657039,0.000000,-608.473499,0.000000,89.657039,608.473499,805.786848,204.546667,19.894665,21.400042,9.947333,10.700021,0.125000,20.000000,0.000000,5.000000,1.034131,0.701601
3,-28.864333,0.000000,-247.224913,0.000000,28.864333,247.224913,1043.040000,35.310376,17.609173,20.632065,8.804587,10.316033,0.166667,110.000000,0.000000,5.000000,0.397242,0.456646
3,-27.883066,0.000000,-254.381047,0.000000,27.883066,254.381047,1043.040000,35.310376,17.609173,20.632065,8.804587,10.316033,0.166667,110.000000,0.000000,5.000000,0.397242,0.456646
3,103.401552,0.000000,-68.454347,0.000000,103.401552,82.231295,2621.000000,46.267574,8.921359,17.679594,4.460680,8.839797,0.200000,160.000000,0.000000,0.000000,3.160752,0.410319
3,95.531139,0.000000,-71.536441,0.000000,100.824374,85.313390,2621.000000,46.267574,8.921359,17.679594,4.460680,8.839797,0.200000,160.000000,0.000000,0.000000,3.160752,0.410319
3,-71.994690,0.000000,-178.913023,0.000000,76.539585,178.913023,112.480000,49.040000,16.000350,18.788344,8.000175,9.394172,0.200000,120.000000,0.000000,5.000000,0.460794,0.436484
3,-84.888541,0.000000,-128.949577,0.000000,91.086700,129.139772,68.685000,154.204082,16.171347,13.938479,8.085674,6.969239,0.166667,110.000000,0.000000,5.000000,0.408285,0.477041
3,-85.041616,0.000000,-458.144631,0.000000,85.041616,458.144631,44.489796,45.814463,21.769404,8.487858,10.884702,4.243929,0.200000,100.000000,0.000000,10.000000,0.489838,0.000000
3,3.508408,0.000000,0.000000,0.000000,3.508408,0.000000,41.944444,0.000000,14.942729,0.000000,7.471365,0.000000,0.250000,100.000000,0.000000,5.000000,0.351811,0.000000
3,207.482819,0.000000,0.000000,0.000000,207.482819,0.000000,5202.000000,0.000000,9.544445,0.000000,4.772223,0.000000,1.000000,250.000000,0.000000,0.000000,7.671386,0.000000
3,-1.266746,0.000000,0.000000,0.000000,7.527035,0.000000,123.846667,0.000000,13.628814,0.000000,6.814407,0.000000,0.166667,100.000000,0.000000,5.000000,0.299129,0.000000
3,-621.555380,0.000000,-969.791667,0.000000,621.555380,969.791667,70.421488,96.979167,15.924411,16.412607,7.962205,8.206303,0.125000,100.000000,0.000000,5.000000,0.406172,0.447112
3,-4.018627,0.000000,0.000000,0.000000,4.775153,0.000000,125.457778,0.000000,14.987244,0.000000,7.493622,0.000000,0.250000,100.000000,0.000000,5.000000,0.326149,0.000000
3,-621.555380,0.000000,-969.791667,0.000000,621.555380,969.791667,70.421488,96.979167,15.924411,16.412607,7.962205,8.206303,0.125000,100.000000,0.000000,5.000000,0.406172,0.447112
3,154.208825,0.000000,-194.444444,0.000000,154.208825,194.444444,2681.000000,19.444444,9.557285,8.471332,4.778643,4.235666,0.200000,250.000000,0.000000,0.000000,6.326244,0.000000
3,-88.694382,0.000000,-458.144631,0.000000,88.694382,458.144631,44.489796,45.814463,21.769404,8.487858,10.884702,4.243929,0.200000,100.000000,0.000000,10.000000,0.489838,0.000000
3,23.628203,0.000000,-194.444444,0.000000,23.628203,194.444444,485.000000,19.444444,5.081000,8.471332,2.540500,4.235666,0.200000,270.000000,0.000000,0.000000,0.701262,0.000000
3,-6713.269438,0.000000,-2629.835479,0.000000,6713.269438,2629.835479,671.326944,262.983548,27.106638,32.536694,13.553319,16.268347,0.125000,70.000000,0.000000,10.000000,1.363273,0.986647
3,-4483.371471,0.000000,-3446.593221,0.000000,4483.371471,3446.593221,470.524463,344.659322,21.068669,35.667025,10.534335,17.833513,0.050000,130.000000,0.000000,10.000000,1.003708,1.148651
3,-4483.371471,0.000000,-3446.593221,0.000000,4483.371471,3446.593221,470.524463,344.659322,21.068669,35.667025,10.534335,17.833513,0.050000,130.000000,0.000000,10.000000,1.003708,1.148651
3,-4483.371471,0.000000,-3446.593221,0.000000,4483.371471,3446.593221,470.524463,344.659322,21.068669,35.667025,10.534335,17.833513,0.050000,130.000000,0.000000,10.000000,1.003708,1.148651
3,-4501.536384,0.000000,-3446.593221,0.000000,4501.536384,3446.593221,470.524463,344.659322,21.068669,35.667025,10.534335,17.833513,0.050000,130.000000,0.000000,10.000000,1.003708,1.148651
3,-4501.536384,0.000000,-3446.593221,0.000000,4501.536384,3446.593221,470.524463,344.659322,21.068669,35.667025,10.534335,17.833513,0.050000,130.000000,0.000000,10.000000,1.003708,1.148651
3,-4501.536384,0.000000,-3446.593221,0.000000,4501.536384,3446.593221,470.524463,344.659322,21.068669,35.667025,10.534335,17.833513,0.050000,130.000000,0.000000,10.000000,1.003708,1.148651
3,-6713.269438,0.000000,-2629.835479,0.000000,6713.269438,2629.835479,671.326944,262.983548,27.106638,32.536694,13.553319,16.268347,0.125000,70.000000,0.000000,10.000000,1.363273,0.986647
3,-6713.269438,0.000000,-2629.835479,0.000000,6713.269438,2629.835479,671.326944,262.983548,27.106638,32.536694,13.553319,16.268347,0.125000,70.000000,0.000000,10.000000,1.363273,0.986647
3,-6713.269438,0.000000,-2629.835479,0.000000,6713.269438,2629.835479,671.326944,262.983548,27.106638,32.536694,13.553319,16.268347,0.125000,70.000000,0.000000,10.000000,1.363273,0.986647
3,-4483.371471,0.000000,-3446.593221,0.000000,4483.371471,3446.593221,470.524463,344.659322,21.068669,35.667025,10.534335,17.833513,0.050000,130.000000,0.000000,10.000000,1.003708,1.148651
3,-4501.536384,0.000000,-3446.593221,0.000000,4501.536384,3446.593221,470.524463,344.659322,21.068669,35.667025,10.534335,17.833513,0.050000,130.000000,0.000000,10.000000,1.003708,1.148651
3,-10.923239,0.000000,-440.816327,0.000000,12.264226,440.816327,163.514739,44.081633,12.757000,12.228429,6.378500,6.114214,0.200000,430.000000,0.000000,5.000000,0.443092,0.000000
3,-4398.005212,0.000000,-3043.786008,0.000000,4398.005212,3043.786008,444.154444,304.378601,21.052143,22.439023,10.526071,11.219511,0.142857,210.000000,0.000000,10.000000,0.969349,0.000000
3,-4398.005212,0.000000,-3043.786008,0.000000,4398.005212,3043.786008,444.154444,304.378601,21.052143,22.439023,10.526071,11.219511,0.142857,210.000000,0.000000,10.000000,0.969349,0.000000
3,-4398.005212,0.000000,-3043.786008,0.000000,4398.005212,3043.786008,444.154444,304.378601,21.052143,22.439023,10.526071,11.219511,0.142857,210.000000,0.000000,10.000000,0.969349,0.000000
3,-4398.005212,0.000000,-3043.786008,0.000000,4398.005212,3043.786008,444.154444,304.378601,21.052143,22.439023,10.526071,11.219511,0.142857,210.000000,0.000000,10.000000,0.969349,0.000000
3,-10274.680650,0.000000,-14027.201000,0.000000,10274.680650,14027.201000,1027.468065,1402.720100,21.229822,17.711605,10.614911,8.855802,0.083333,330.000000,0.000000,10.000000,1.713196,0.000000
3,-183.451792,0.000000,-816.666667,0.000000,183.451792,816.666667,129.134986,81.666667,13.765258,20.893796,6.882629,10.446898,0.111111,590.000000,0.000000,5.000000,0.433946,0.000000
3,-10274.680650,0.000000,-14027.201000,0.000000,10274.680650,14027.201000,1027.468065,1402.720100,21.229822,17.711605,10.614911,8.855802,0.083333,330.000000,0.000000,10.000000,1.713196,0.000000
3,-4318.267389,0.000000,-5566.944114,0.000000,4318.267389,5566.944114,431.826739,556.694411,22.348261,20.190189,11.174130,10.095095,0.250000,170.000000,0.000000,10.000000,0.966180,0.000000
3,-4318.267389,0.000000,-5566.944114,0.000000,4318.267389,5566.944114,431.826739,556.694411,22.348261,20.190189,11.174130,10.095095,0.250000,170.000000,0.000000,10.000000,0.966180,0.000000
3,-1873.929486,0.000000,-1498.871879,0.000000,1873.929486,1498.871879,187.392949,149.887188,35.718301,51.697534,17.859151,25.848767,0.133333,560.000000,0.000000,15.000000,0.780277,1.220546
3,-2306.669775,0.000000,-1592.062854,0.000000,2306.669775,1592.062854,230.666978,159.206285,37.319748,55.477759,18.659874,27.738880,0.076923,560.000000,0.000000,15.000000,0.865652,1.307878
3,-17048.669304,0.000000,-32198.377501,0.000000,17048.669304,32198.377501,1704.866930,3219.837750,25.009918,22.726583,12.504959,11.363291,0.111111,250.000000,0.000000,10.000000,2.602937,0.000000
3,-17048.669304,0.000000,-32198.377501,0.000000,17048.669304,32198.377501,1704.866930,3219.837750,25.009918,22.726583,12.504959,11.363291,0.111111,250.000000,0.000000,10.000000,2.602937,0.000000
3,-3707.509331,0.000000,-4602.375146,0.000000,3707.509331,4602.375146,370.750933,460.237515,46.764205,76.977052,23.382102,38.488526,0.111111,840.000000,0.000000,20.000000,1.237681,2.113686
3,-3707.509331,0.000000,-4602.375146,0.000000,3707.509331,4602.375146,370.750933,460.237515,46.764205,76.977052,23.382102,38.488526,0.111111,840.000000,0.000000,20.000000,1.237681,2.113686
3,-3707.509331,0.000000,-4602.375146,0.000000,3707.509331,4602.375146,370.750933,460.237515,46.764205,76.977052,23.382102,38.488526,0.111111,840.000000,0.000000,20.000000,1.237681,2.113686
3,-3707.509331,0.000000,-4602.375146,0.000000,3707.509331,4602.375146,370.750933,460.237515,46.764205,76.977052,23.382102,38.488526,0.111111,840.000000,0.000000,20.000000,1.237681,2.113686
3,-1014.033447,0.000000,-796.754933,0.000000,1014.033447,796.754933,101.403345,79.675493,36.701643,45.868515,18.350821,22.934258,0.071429,300.000000,0.000000,15.000000,0.816643,1.016707
3,-5015.161433,0.000000,-79585.637950,0.000000,5015.161433,79585.637950,501.516143,7958.563795,21.637135,57.912312,10.818567,28.956156,0.041667,1160.000000,0.000000,10.000000,1.057716,11.113817
3,-5015.161433,0.000000,-79585.637950,0.000000,5015.161433,79585.637950,501.516143,7958.563795,21.637135,57.912312,10.818567,28.956156,0.041667,1160.000000,0.000000,10.000000,1.057716,11.113817
3,-5015.161433,0.000000,-79585.637950,0.000000,5015.161433,79585.637950,501.516143,7958.563795,21.637135,57.912312,10.818567,28.956156,0.041667,1160.000000,0.000000,10.000000,1.057716,11.113817
3,-5015.161433,0.000000,-79585.637950,0.000000,5015.161433,79585.637950,501.516143,7958.563795,21.637135,57.912312,10.818567,28.956156,0.041667,1160.000000,0.000000,10.000000,1.057716,11.113817
3,-26573.399652,0.000000,-72966.331361,0.000000,26573.399652,72966.331361,2657.339965,7296.633136,35.369885,26.964414,17.684942,13.482207,0.071429,540.000000,0.000000,15.000000,3.990323,0.000000
3,-26573.399652,0.000000,-72966.331361,0.000000,26573.399652,72966.331361,2657.339965,7296.633136,35.369885,26.964414,17.684942,13.482207,0.071429,540.000000,0.000000,15.000000,3.990323,0.000000
3,-11286.038074,0.000000,-78980.889439,0.000000,11286.038074,78980.889439,1128.603807,7898.088944,29.113155,53.120325,14.556577,26.560162,0.066667,1160.000000,0.000000,10.000000,1.978412,10.922756
3,-97.578141,0.000000,-13457.135939,0.000000,97.578141,13457.135939,113.387755,1345.713594,17.543722,57.467511,8.771861,28.733755,0.111111,1550.000000,0.000000,5.000000,0.494302,2.828964
3,-11286.038074,0.000000,-78980.889439,0.000000,11286.038074,78980.889439,1128.603807,7898.088944,29.113155,53.120325,14.556577,26.560162,0.066667,1160.000000,0.000000,10.000000,1.978412,10.922756
3,-5491.935383,0.000000,-13115.834000,0.000000,5491.935383,13115.834000,549.193538,1311.583400,32.246849,31.807590,16.123425,15.903795,0.166667,700.000000,0.000000,15.000000,1.307388,0.000000
3,-5491.935383,0.000000,-13115.834000,0.000000,5491.935383,13115.834000,549.193538,1311.583400,32.246849,31.807590,16.123425,15.903795,0.166667,700.000000,0.000000,15.000000,1.307388,0.000000
3,-101.230907,0.000000,-13457.135939,0.000000,101.230907,13457.135939,113.387755,1345.713594,17.543722,57.467511,8.771861,28.733755,0.111111,1550.000000,0.000000,5.000000,0.494302,2.828964
3,-11234.038272,0.000000,-17638.972398,0.000000,11234.038272,17638.972398,1123.403827,1763.897240,55.694057,79.856193,27.847029,39.928096,0.020408,900.000000,0.000000,25.000000,2.527923,3.795707
3,-11234.038272,0.000000,-17638.972398,0.000000,11234.038272,17638.972398,1123.403827,1763.897240,55.694057,79.856193,27.847029,39.928096,0.020408,900.000000,0.000000,25.000000,2.527923,3.795707
3,-11234.038272,0.000000,-17638.972398,0.000000,11234.038272,17638.972398,1123.403827,1763.897240,55.694057,79.856193,27.847029,39.928096,0.020408,900.000000,0.000000,25.000000,2.527923,3.795707
3,-11234.038272,0.000000,-17638.972398,0.000000,11234.038272,17638.972398,1123.403827,1763.897240,55.694057,79.856193,27.847029,39.928096,0.020408,900.000000,0.000000,25.000000,2.527923,3.795707
3,-11234.038272,0.000000,-17638.972398,0.000000,11234.038272,17638.972398,1123.403827,1763.897240,55.694057,79.856193,27.847029,39.928096,0.020408,900.000000,0.000000,25.000000,2.527923,3.795707
3,-11234.038272,0.000000,-17638.972398,0.000000,11234.038272,17638.972398,1123.403827,1763.897240,55.694057,79.856193,27.847029,39.928096,0.020408,900.000000,0.000000,25.000000,2.527923,3.795707
3,-11234.038272,0.000000,-17638.972398,0.000000,11234.038272,17638.972398,1123.403827,1763.897240,55.694057,79.856193,27.847029,39.928096,0.020408,900.000000,0.000000,25.000000,2.527923,3.795707
3,-11234.038272,0.000000,-17638.972398,0.000000,11234.038272,17638.972398,1123.403827,1763.897240,55.694057,79.856193,27.847029,39.928096,0.020408,900.000000,0.000000,25.000000,2.527923,3.795707
1,3529.470928,0.000000,801.086508,0.000000,3529.470928,801.086508,352.947093,80.108651,23.557900,39.061009,11.778950,19.530504,0.071429,1260.000000,0.000000,10.000000,0.913045,0.000000
1,845.811699,0.000000,390.266299,0.000000,845.811699,390.266299,84.581170,39.026630,29.126137,20.699159,14.563068,10.349580,0.071429,680.000000,0.000000,10.000000,0.644266,0.000000
1,639.168975,0.000000,160.000000,0.000000,639.168975,160.000000,63.916898,16.000000,31.435163,12.397262,15.717581,6.198631,0.250000,230.000000,0.000000,15.000000,0.688456,0.000000
1,3529.470928,0.000000,801.086508,0.000000,3529.470928,801.086508,352.947093,80.108651,23.557900,39.061009,11.778950,19.530504,0.071429,1260.000000,0.000000,10.000000,0.913045,0.000000
1,3529.470928,0.000000,801.086508,0.000000,3529.470928,801.086508,352.947093,80.108651,23.557900,39.061009,11.778950,19.530504,0.071429,1260.000000,0.000000,10.000000,0.913045,0.000000
1,4.638766,0.000000,0.000000,0.000000,4.638766,0.000000,114.257778,0.000000,1.750000,0.000000,0.875000,0.000000,0.250000,1620.000000,0.000000,0.000000,0.177787,0.000000
1,268.802543,0.000000,7757.256516,0.000000,268.802543,7757.256516,89.992284,775.725652,17.409075,24.952009,8.704538,12.476005,0.166667,1300.000000,0.000000,5.000000,0.457418,0.000000
1,-7.107035,0.000000,0.000000,0.000000,11.643878,0.000000,158.048889,0.000000,13.824572,0.000000,6.912286,0.000000,0.200000,1410.000000,0.000000,5.000000,0.468394,0.000000
1,268.802543,0.000000,7757.256516,0.000000,268.802543,7757.256516,89.992284,775.725652,17.409075,24.952009,8.704538,12.476005,0.166667,1300.000000,0.000000,5.000000,0.457418,0.000000
1,848.063666,0.000000,729.461318,0.000000,848.063666,729.461318,84.806367,72.946132,39.845448,40.107283,19.922724,20.053642,0.071429,750.000000,0.000000,15.000000,0.858912,0.000000
1,848.063666,0.000000,729.461318,0.000000,848.063666,729.461318,84.806367,72.946132,39.845448,40.107283,19.922724,20.053642,0.071429,750.000000,0.000000,15.000000,0.858912,0.000000
1,2705.213379,0.000000,1190.178475,0.000000,2705.213379,1190.178475,270.521338,119.017847,36.501245,27.297738,18.250622,13.648869,0.066667,670.000000,0.000000,15.000000,1.104139,0.000000
1,848.063666,0.000000,729.461318,0.000000,848.063666,729.461318,84.806367,72.946132,39.845448,40.107283,19.922724,20.053642,0.071429,750.000000,0.000000,15.000000,0.858912,0.000000
1,2705.213379,0.000000,1190.178475,0.000000,2705.213379,1190.178475,270.521338,119.017847,36.501245,27.297738,18.250622,13.648869,0.066667,670.000000,0.000000,15.000000,1.104139,0.000000
1,1232.893148,0.000000,782.055250,0.000000,1232.893148,782.055250,123.289315,78.205525,46.557841,41.507348,23.278921,20.753674,0.058824,310.000000,0.000000,20.000000,1.031216,0.000000
1,1232.893148,0.000000,782.055250,0.000000,1232.893148,782.055250,123.289315,78.205525,46.557841,41.507348,23.278921,20.753674,0.058824,310.000000,0.000000,20.000000,1.031216,0.000000
1,1232.893148,0.000000,782.055250,0.000000,1232.893148,782.055250,123.289315,78.205525,46.557841,41.507348,23.278921,20.753674,0.058824,310.000000,0.000000,20.000000,1.031216,0.000000
1,1084.743017,0.000000,1471.955438,0.000000,1084.743017,1471.955438,108.474302,147.195544,44.024333,55.299566,22.012166,27.649783,0.120000,500.000000,0.000000,20.000000,0.980546,1.289788
1,1084.743017,0.000000,1471.955438,0.000000,1084.743017,1471.955438,108.474302,147.195544,44.024333,55.299566,22.012166,27.649783,0.120000,500.000000,0.000000,20.000000,0.980546,1.289788
1,1084.743017,0.000000,1471.955438,0.000000,1084.743017,1471.955438,108.474302,147.195544,44.024333,55.299566,22.012166,27.649783,0.120000,500.000000,0.000000,20.000000,0.980546,1.289788
1,2357.537562,0.000000,2756.101146,0.000000,2357.537562,2756.101146,235.753756,275.610115,40.442778,38.515571,20.221389,19.257785,0.058824,80.000000,0.000000,20.000000,1.104614,1.114648
1,2357.537562,0.000000,2756.101146,0.000000,2357.537562,2756.101146,235.753756,275.610115,40.442778,38.515571,20.221389,19.257785,0.058824,80.000000,0.000000,20.000000,1.104614,1.114648
1,1266.605294,0.000000,919.155188,0.000000,1266.605294,919.155188,126.660529,91.915519,21.467933,31.137310,10.733966,15.568655,0.133333,170.000000,0.000000,10.000000,0.585627,0.740244
1,1643.165388,0.000000,1327.524296,0.000000,1643.165388,1327.524296,164.316539,132.752430,55.805108,61.599183,27.902554,30.799592,0.038462,170.000000,0.000000,25.000000,1.319644,1.401363
1,1643.165388,0.000000,1327.524296,0.000000,1643.165388,1327.524296,164.316539,132.752430,55.805108,61.599183,27.902554,30.799592,0.038462,170.000000,0.000000,25.000000,1.319644,1.401363
1,1643.165388,0.000000,1327.524296,0.000000,1643.165388,1327.524296,164.316539,132.752430,55.805108,61.599183,27.902554,30.799592,0.038462,170.000000,0.000000,25.000000,1.319644,1.401363
1,17301.515386,0.000000,21581.730769,0.000000,17301.515386,21581.730769,1730.151539,2158.173077,39.188718,32.461901,19.594359,16.230951,0.100000,230.000000,0.000000,15.000000,2.906359,0.000000
1,17301.515386,0.000000,21581.730769,0.000000,17301.515386,21581.730769,1730.151539,2158.173077,39.188718,32.461901,19.594359,16.230951,0.100000,230.000000,0.000000,15.000000,2.906359,0.000000
1,11364.879623,0.000000,24811.801174,0.000000,11364.879623,24811.801174,1136.487962,2481.180117,33.374895,47.497111,16.687448,23.748555,0.052632,560.000000,0.000000,15.000000,2.018882,4.048867
1,11364.879623,0.000000,24811.801174,0.000000,11364.879623,24811.801174,1136.487962,2481.180117,33.374895,47.497111,16.687448,23.748555,0.052632,560.000000,0.000000,15.000000,2.018882,4.048867
1,1095.125926,0.000000,864.280085,0.000000,1095.125926,864.280085,109.512593,86.428008,50.089311,44.546967,25.044655,22.273484,0.142857,910.000000,0.000000,25.000000,1.094088,0.000000
1,1095.125926,0.000000,864.280085,0.000000,1095.125926,864.280085,109.512593,86.428008,50.089311,44.546967,25.044655,22.273484,0.142857,910.000000,0.000000,25.000000,1.094088,0.000000
1,1023.596413,0.000000,652.500000,0.000000,1023.596413,652.500000,102.359641,65.250000,38.186112,21.393792,19.093056,10.696896,0.133333,130.000000,0.000000,15.000000,0.891100,0.000000
1,943.518113,0.000000,613.611111,0.000000,943.518113,613.611111,94.351811,61.361111,25.237316,9.052786,12.618658,4.526393,0.066667,130.000000,0.000000,10.000000,0.548453,0.000000
1,1095.125926,0.000000,864.280085,0.000000,1095.125926,864.280085,109.512593,86.428008,50.089311,44.546967,25.044655,22.273484,0.142857,910.000000,0.000000,25.000000,1.094088,0.000000
1,1445.202801,0.000000,905.926531,0.000000,1445.202801,905.926531,144.520280,90.592653,49.663654,43.306164,24.831827,21.653082,0.041667,260.000000,0.000000,20.000000,1.099848,0.000000
1,1445.202801,0.000000,905.926531,0.000000,1445.202801,905.926531,144.520280,90.592653,49.663654,43.306164,24.831827,21.653082,0.041667,260.000000,0.000000,20.000000,1.099848,0.000000
1,1445.202801,0.000000,905.926531,0.000000,1445.202801,905.926531,144.520280,90.592653,49.663654,43.306164,24.831827,21.653082,0.041667,260.000000,0.000000,20.000000,1.099848,0.000000
1,40166.498889,0.000000,40884.795939,0.000000,40166.498889,40884.795939,4016.649889,4088.479594,44.345301,35.701939,22.172651,17.850970,0.090909,80.000000,0.000000,20.000000,5.878778,0.000000
1,40166.498889,0.000000,40884.795939,0.000000,40166.498889,40884.795939,4016.649889,4088.479594,44.345301,35.701939,22.172651,17.850970,0.090909,80.000000,0.000000,20.000000,5.878778,0.000000
0,13912.585181,0.000000,19239.364590,0.000000,13912.585181,19239.364590,1391.258518,1923.936459,43.233606,48.629176,21.616803,24.314588,0.043478,440.000000,0.000000,20.000000,2.537323,3.375265
0,1262.695086,0.000000,1018.206371,0.000000,1262.695086,1018.206371,126.269509,101.820637,57.119145,56.840119,28.559572,28.420059,0.086957,440.000000,0.000000,25.000000,1.227286,1.266282
0,1262.695086,0.000000,1018.206371,0.000000,1262.695086,1018.206371,126.269509,101.820637,57.119145,56.840119,28.559572,28.420059,0.086957,440.000000,0.000000,25.000000,1.227286,1.266282
0,17954.009532,0.000000,18935.002450,0.000000,17954.009532,18935.002450,1795.400953,1893.500245,35.055286,34.029695,17.527643,17.014847,0.076923,210.000000,0.000000,15.000000,2.865415,0.000000
0,17954.009532,0.000000,18935.002450,0.000000,17954.009532,18935.002450,1795.400953,1893.500245,35.055286,34.029695,17.527643,17.014847,0.076923,210.000000,0.000000,15.000000,2.865415,0.000000
0,1262.695086,0.000000,1018.206371,0.000000,1262.695086,1018.206371,126.269509,101.820637,57.119145,56.840119,28.559572,28.420059,0.086957,440.000000,0.000000,25.000000,1.227286,1.266282
0,13912.585181,0.000000,19239.364590,0.000000,13912.585181,19239.364590,1391.258518,1923.936459,43.233606,48.629176,21.616803,24.314588,0.043478,440.000000,0.000000,20.000000,2.537323,3.375265
0,1067.897569,0.000000,964.919531,0.000000,1067.897569,964.919531,106.789757,96.491953,61.384250,64.977380,30.692125,32.488690,0.100000,210.000000,0.000000,30.000000,1.321196,1.420074
0,1067.897569,0.000000,964.919531,0.000000,1067.897569,964.919531,106.789757,96.491953,61.384250,64.977380,30.692125,32.488690,0.100000,210.000000,0.000000,30.000000,1.321196,1.420074
0,1067.897569,0.000000,964.919531,0.000000,1067.897569,964.919531,106.789757,96.491953,61.384250,64.977380,30.692125,32.488690,0.100000,210.000000,0.000000,30.000000,1.321196,1.420074
0,350.290092,0.000000,356.543210,0.000000,350.290092,356.543210,45.419856,35.654321,23.049583,15.489539,11.524792,7.744770,0.142857,210.000000,0.000000,10.000000,0.488432,0.000000
0,22140.972248,0.000000,7858.890273,0.000000,22140.972248,7858.890273,2214.097225,785.889027,43.672807,43.256607,21.836403,21.628304,0.066667,210.000000,0.000000,20.000000,3.540425,1.843056
0,22140.972248,0.000000,7858.890273,0.000000,22140.972248,7858.890273,2214.097225,785.889027,43.672807,43.256607,21.836403,21.628304,0.066667,210.000000,0.000000,20.000000,3.540425,1.843056
0,1206.793134,0.000000,1349.469380,0.000000,1206.793134,1349.469380,120.679313,134.946938,51.013723,58.430603,25.506862,29.215301,0.052632,590.000000,0.000000,25.000000,1.103494,1.337417
0,1206.793134,0.000000,1349.469380,0.000000,1206.793134,1349.469380,120.679313,134.946938,51.013723,58.430603,25.506862,29.215301,0.052632,590.000000,0.000000,25.000000,1.103494,1.337417
0,1206.793134,0.000000,1349.469380,0.000000,1206.793134,1349.469380,120.679313,134.946938,51.013723,58.430603,25.506862,29.215301,0.052632,590.000000,0.000000,25.000000,1.103494,1.337417
0,1448.475368,0.000000,1614.521942,0.000000,1448.475368,1614.521942,144.847537,161.452194,69.528139,70.295767,34.764069,35.147883,0.100000,180.000000,0.000000,30.000000,1.571538,1.607916
0,1448.475368,0.000000,1614.521942,0.000000,1448.475368,1614.521942,144.847537,161.452194,69.528139,70.295767,34.764069,35.147883,0.100000,180.000000,0.000000,30.000000,1.571538,1.607916
0,1448.475368,0.000000,1614.521942,0.000000,1448.475368,1614.521942,144.847537,161.452194,69.528139,70.295767,34.764069,35.147883,0.100000,180.000000,0.000000,30.000000,1.571538,1.607916
0,1797.638262,0.000000,1541.846434,0.000000,1797.638262,1541.846434,179.763826,154.184643,56.439694,58.874464,28.219847,29.437232,0.045455,80.000000,0.000000,25.000000,1.353447,1.371260
0,1797.638262,0.000000,1541.846434,0.000000,1797.638262,1541.846434,179.763826,154.184643,56.439694,58.874464,28.219847,29.437232,0.045455,80.000000,0.000000,25.000000,1.353447,1.371260
0,1797.638262,0.000000,1541.846434,0.000000,1797.638262,1541.846434,179.763826,154.184643,56.439694,58.874464,28.219847,29.437232,0.045455,80.000000,0.000000,25.000000,1.353447,1.371260
0,1672.361783,0.000000,1641.240441,0.000000,1672.361783,1641.240441,167.236178,164.124044,75.378189,75.847355,37.689095,37.923677,0.100000,130.000000,0.000000,35.000000,1.717216,1.722257
0,527.022357,0.000000,454.385633,0.000000,527.022357,454.385633,52.702236,45.438563,34.439254,21.922378,17.219627,10.961189,0.125000,600.000000,0.000000,15.000000,0.718552,0.000000
0,1672.361783,0.000000,1641.240441,0.000000,1672.361783,1641.240441,167.236178,164.124044,75.378189,75.847355,37.689095,37.923677,0.100000,130.000000,0.000000,35.000000,1.717216,1.722257
0,1672.361783,0.000000,1641.240441,0.000000,1672.361783,1641.240441,167.236178,164.124044,75.378189,75.847355,37.689095,37.923677,0.100000,130.000000,0.000000,35.000000,1.717216,1.722257
0,5906.654330,0.000000,6055.409423,0.000000,5906.654330,6055.409423,590.665433,605.540942,51.661000,46.541366,25.830500,23.270683,0.200000,540.000000,0.000000,25.000000,1.739711,0.000000
0,5906.654330,0.000000,6055.409423,0.000000,5906.654330,6055.409423,590.665433,605.540942,51.661000,46.541366,25.830500,23.270683,0.200000,540.000000,0.000000,25.000000,1.739711,0.000000
0,5906.654330,0.000000,6055.409423,0.000000,5906.654330,6055.409423,590.665433,605.540942,51.661000,46.541366,25.830500,23.270683,0.200000,540.000000,0.000000,25.000000,1.739711,0.000000
4,27.000803,0.000000,1139.393424,0.000000,27.000803,1139.393424,382.527778,113.939342,15.817766,46.543573,7.908883,23.271787,0.142857,950.000000,0.000000,5.000000,0.792273,1.072971
4,653.827608,0.000000,872.448980,0.000000,653.827608,872.448980,114.828283,87.244898,35.603246,27.121797,17.801623,13.560899,0.125000,760.000000,0.000000,15.000000,0.859227,0.000000
4,1748.835270,0.000000,2040.388823,0.000000,1748.835270,2040.388823,174.883527,204.038882,41.390600,44.517070,20.695300,22.258535,0.083333,160.000000,0.000000,20.000000,1.044120,1.144579
4,700.545983,0.000000,0.000000,0.000000,700.545983,0.000000,16250.000000,0.000000,6.631923,0.000000,3.315962,0.000000,1.000000,1220.000000,0.000000,0.000000,24.812113,0.000000
4,671.108359,0.000000,872.448980,0.000000,671.108359,872.448980,114.828283,87.244898,35.603246,27.121797,17.801623,13.560899,0.125000,760.000000,0.000000,15.000000,0.859227,0.000000
4,671.108359,0.000000,872.448980,0.000000,671.108359,872.448980,114.828283,87.244898,35.603246,27.121797,17.801623,13.560899,0.125000,760.000000,0.000000,15.000000,0.859227,0.000000
4,1748.835270,0.000000,2040.388823,0.000000,1748.835270,2040.388823,174.883527,204.038882,41.390600,44.517070,20.695300,22.258535,0.083333,160.000000,0.000000,20.000000,1.044120,1.144579
4,2247.587839,0.000000,1773.444378,0.000000,2247.587839,1773.444378,224.758784,177.344438,26.511908,25.095294,13.255954,12.547647,0.043478,100.000000,0.000000,10.000000,0.743594,0.000000
4,26.757464,0.000000,1139.393424,0.000000,26.757464,1139.393424,382.527778,113.939342,15.817766,46.543573,7.908883,23.271787,0.142857,950.000000,0.000000,5.000000,0.792273,1.072971
4,603.293056,0.000000,0.000000,0.000000,603.293056,0.000000,16250.000000,0.000000,6.631923,0.000000,3.315962,0.000000,1.000000,1220.000000,0.000000,0.000000,24.812113,0.000000
4,2247.587839,0.000000,1773.444378,0.000000,2247.587839,1773.444378,224.758784,177.344438,26.511908,25.095294,13.255954,12.547647,0.043478,100.000000,0.000000,10.000000,0.743594,0.000000
4,2247.587839,0.000000,1773.444378,0.000000,2247.587839,1773.444378,224.758784,177.344438,26.511908,25.095294,13.255954,12.547647,0.043478,100.000000,0.000000,10.000000,0.743594,0.000000
4,653.827608,0.000000,872.448980,0.000000,653.827608,872.448980,114.828283,87.244898,35.603246,27.121797,17.801623,13.560899,0.125000,760.000000,0.000000,15.000000,0.859227,0.000000
4,1748.835270,0.000000,2040.388823,0.000000,1748.835270,2040.388823,174.883527,204.038882,41.390600,44.517070,20.695300,22.258535,0.083333,160.000000,0.000000,20.000000,1.044120,1.144579
4,671.108359,0.000000,872.448980,0.000000,671.108359,872.448980,114.828283,87.244898,35.603246,27.121797,17.801623,13.560899,0.125000,760.000000,0.000000,15.000000,0.859227,0.000000
4,9612.572229,0.000000,12231.699710,0.000000,9612.572229,12231.699710,961.257223,1223.169971,26.708883,22.005547,13.354441,11.002773,0.086957,100.000000,0.000000,10.000000,1.664941,0.000000
4,653.827608,0.000000,872.448980,0.000000,653.827608,872.448980,114.828283,87.244898,35.603246,27.121797,17.801623,13.560899,0.125000,760.000000,0.000000,15.000000,0.859227,0.000000
4,9612.572229,0.000000,12231.699710,0.000000,9612.572229,12231.699710,961.257223,1223.169971,26.708883,22.005547,13.354441,11.002773,0.086957,100.000000,0.000000,10.000000,1.664941,0.000000
4,63.417888,0.000000,0.000000,0.000000,63.417888,0.000000,1600.000000,0.000000,3.950000,0.000000,1.975000,0.000000,1.000000,1230.000000,0.000000,0.000000,2.066731,0.000000
4,10868.631020,0.000000,13625.984608,0.000000,10868.631020,13625.984608,1086.863102,1362.598461,32.565265,28.895719,16.282633,14.447860,0.142857,350.000000,0.000000,15.000000,1.977815,0.000000
4,10868.631020,0.000000,13625.984608,0.000000,10868.631020,13625.984608,1086.863102,1362.598461,32.565265,28.895719,16.282633,14.447860,0.142857,350.000000,0.000000,15.000000,1.977815,0.000000
4,1737.266804,0.000000,1802.084488,0.000000,1737.266804,1802.084488,173.726680,180.208449,54.397125,55.122490,27.198562,27.561245,0.076923,190.000000,0.000000,25.000000,1.305939,1.327387
4,2156.754794,0.000000,2214.074283,0.000000,2156.754794,2214.074283,215.675479,221.407428,60.168182,61.969980,30.084091,30.984990,0.076923,190.000000,0.000000,30.000000,1.472486,1.516022
4,2156.754794,0.000000,2214.074283,0.000000,2156.754794,2214.074283,215.675479,221.407428,60.168182,61.969980,30.084091,30.984990,0.076923,190.000000,0.000000,30.000000,1.472486,1.516022
4,1737.266804,0.000000,1802.084488,0.000000,1737.266804,1802.084488,173.726680,180.208449,54.397125,55.122490,27.198562,27.561245,0.076923,190.000000,0.000000,25.000000,1.305939,1.327387
4,2156.754794,0.000000,2214.074283,0.000000,2156.754794,2214.074283,215.675479,221.407428,60.168182,61.969980,30.084091,30.984990,0.076923,190.000000,0.000000,30.000000,1.472486,1.516022
4,14117.634438,0.000000,19551.106757,0.000000,14117.634438,19551.106757,1411.763444,1955.110676,47.331574,37.549059,23.665787,18.774530,0.250000,530.000000,0.000000,20.000000,2.680639,0.000000
4,14117.634438,0.000000,19551.106757,0.000000,14117.634438,19551.106757,1411.763444,1955.110676,47.331574,37.549059,23.665787,18.774530,0.250000,530.000000,0.000000,20.000000,2.680639,0.000000
4,2233.000253,0.000000,2112.473632,0.000000,2233.000253,2112.473632,223.300025,211.247363,55.348987,45.479373,27.674493,22.739687,0.125000,530.000000,0.000000,25.000000,1.351556,0.000000
4,2233.000253,0.000000,2112.473632,0.000000,2233.000253,2112.473632,223.300025,211.247363,55.348987,45.479373,27.674493,22.739687,0.125000,530.000000,0.000000,25.000000,1.351556,0.000000
4,2233.000253,0.000000,2112.473632,0.000000,2233.000253,2112.473632,223.300025,211.247363,55.348987,45.479373,27.674493,22.739687,0.125000,530.000000,0.000000,25.000000,1.351556,0.000000
4,22729.221424,0.000000,22615.729964,0.000000,22729.221424,22615.729964,2272.922142,2261.572996,44.895844,40.771632,22.447922,20.385816,0.111111,360.000000,0.000000,20.000000,3.704257,0.000000
4,22729.221424,0.000000,22615.729964,0.000000,22729.221424,22615.729964,2272.922142,2261.572996,44.895844,40.771632,22.447922,20.385816,0.111111,360.000000,0.000000,20.000000,3.704257,0.000000
3,-13283.652778,0.000000,-14843.285082,0.000000,13283.652778,14843.285082,1328.365278,1484.328508,39.585852,31.102739,19.792926,15.551369,0.090909,310.000000,0.000000,15.000000,2.407755,0.000000
3,-4309.428341,0.000000,-5233.348629,0.000000,4309.428341,5233.348629,466.523333,523.334863,19.175507,41.801531,9.587753,20.900765,0.142857,1850.000000,0.000000,5.000000,0.959595,0.000000
3,-2409.934552,0.000000,-14843.285082,0.000000,2409.934552,14843.285082,240.993455,1484.328508,38.811022,31.102739,19.405511,15.551369,0.076923,1720.000000,0.000000,15.000000,0.909134,0.000000
3,-2409.934552,0.000000,-14843.285082,0.000000,2409.934552,14843.285082,240.993455,1484.328508,38.811022,31.102739,19.405511,15.551369,0.076923,1720.000000,0.000000,15.000000,0.909134,0.000000
3,-4309.428341,0.000000,-5233.348629,0.000000,4309.428341,5233.348629,466.523333,523.334863,19.175507,41.801531,9.587753,20.900765,0.142857,1850.000000,0.000000,5.000000,0.959595,0.000000
3,-18.658090,0.000000,-14843.285082,0.000000,18.658090,14843.285082,118.569796,1484.328508,15.897299,31.102739,7.948650,15.551369,0.083333,1950.000000,0.000000,5.000000,0.463951,0.000000
3,-4309.428341,0.000000,-5233.348629,0.000000,4309.428341,5233.348629,466.523333,523.334863,19.175507,41.801531,9.587753,20.900765,0.142857,1850.000000,0.000000,5.000000,0.959595,0.000000
3,-4309.428341,0.000000,-5233.348629,0.000000,4309.428341,5233.348629,466.523333,523.334863,19.175507,41.801531,9.587753,20.900765,0.142857,1850.000000,0.000000,5.000000,0.959595,0.000000
3,-22.310856,0.000000,-14843.285082,0.000000,22.310856,14843.285082,118.569796,1484.328508,15.897299,31.102739,7.948650,15.551369,0.083333,1950.000000,0.000000,5.000000,0.463951,0.000000
3,-4775.225793,0.000000,-94567.907863,0.000000,4775.225793,94567.907863,477.522579,9456.790786,18.351570,27.674091,9.175785,13.837046,0.066667,1760.000000,0.000000,5.000000,0.961666,0.000000
3,-13283.652778,0.000000,-14843.285082,0.000000,13283.652778,14843.285082,1328.365278,1484.328508,39.585852,31.102739,19.792926,15.551369,0.090909,310.000000,0.000000,15.000000,2.407755,0.000000
3,-4775.225793,0.000000,-94567.907863,0.000000,4775.225793,94567.907863,477.522579,9456.790786,18.351570,27.674091,9.175785,13.837046,0.066667,1760.000000,0.000000,5.000000,0.961666,0.000000
3,-11302.589000,0.000000,-94567.907863,0.000000,11302.589000,94567.907863,1130.258900,9456.790786,42.783914,27.674091,21.391957,13.837046,0.076923,1560.000000,0.000000,20.000000,2.247959,0.000000
3,-11302.589000,0.000000,-94567.907863,0.000000,11302.589000,94567.907863,1130.258900,9456.790786,42.783914,27.674091,21.391957,13.837046,0.076923,1560.000000,0.000000,20.000000,2.247959,0.000000
3,-34674.054886,0.000000,-1530.229393,0.000000,34674.054886,1530.229393,3467.405489,153.022939,35.578865,48.848298,17.789432,24.424149,0.100000,920.000000,0.000000,15.000000,5.008576,1.165465
3,-148.112603,0.000000,-13925.002687,0.000000,148.112603,13925.002687,149.048915,1392.500269,19.595371,75.293033,9.797685,37.646517,0.117647,2130.000000,0.000000,5.000000,0.601677,3.240843
3,-34674.054886,0.000000,-1530.229393,0.000000,34674.054886,1530.229393,3467.405489,153.022939,35.578865,48.848298,17.789432,24.424149,0.100000,920.000000,0.000000,15.000000,5.008576,1.165465
3,-174.171711,0.000000,-13925.002687,0.000000,174.171711,13925.002687,149.048915,1392.500269,19.595371,75.293033,9.797685,37.646517,0.117647,2130.000000,0.000000,5.000000,0.601677,3.240843
3,-143.270573,0.000000,-13925.002687,0.000000,143.270573,13925.002687,149.048915,1392.500269,19.595371,75.293033,9.797685,37.646517,0.117647,2130.000000,0.000000,5.000000,0.601677,3.240843
3,-198.244293,0.000000,-13925.002687,0.000000,198.244293,13925.002687,149.048915,1392.500269,19.595371,75.293033,9.797685,37.646517,0.117647,2130.000000,0.000000,5.000000,0.601677,3.240843
3,-94733.588337,0.000000,-1374.889458,0.000000,94733.588337,1374.889458,9473.358834,137.488946,37.463271,43.545896,18.731636,21.772948,0.142857,60.000000,0.000000,15.000000,12.568719,1.040061
3,-94733.588337,0.000000,-1374.889458,0.000000,94733.588337,1374.889458,9473.358834,137.488946,37.463271,43.545896,18.731636,21.772948,0.142857,60.000000,0.000000,15.000000,12.568719,1.040061
3,-193.402262,0.000000,-13925.002687,0.000000,193.402262,13925.002687,149.048915,1392.500269,19.595371,75.293033,9.797685,37.646517,0.117647,2130.000000,0.000000,5.000000,0.601677,3.240843
3,-169.329680,0.000000,-13925.002687,0.000000,169.329680,13925.002687,149.048915,1392.500269,19.595371,75.293033,9.797685,37.646517,0.117647,2130.000000,0.000000,5.000000,0.601677,3.240843
3,-214.629194,0.000000,-13925.002687,0.000000,214.629194,13925.002687,149.048915,1392.500269,19.595371,75.293033,9.797685,37.646517,0.117647,2130.000000,0.000000,5.000000,0.601677,3.240843
3,-219.471224,0.000000,-13925.002687,0.000000,219.471224,13925.002687,149.048915,1392.500269,19.595371,75.293033,9.797685,37.646517,0.117647,2130.000000,0.000000,5.000000,0.601677,3.240843
3,-704.587669,0.000000,-797.515114,0.000000,704.587669,797.515114,70.458767,79.751511,47.869255,48.270033,23.934628,24.135016,0.083333,90.000000,0.000000,20.000000,0.993052,1.064431
3,-841.444675,0.000000,-448.940443,0.000000,841.444675,448.940443,84.144467,44.894044,21.526746,10.451058,10.763373,5.225529,0.100000,90.000000,0.000000,10.000000,0.534916,0.000000
3,-486.700882,0.000000,0.000000,0.000000,486.700882,0.000000,48.670088,0.000000,25.327395,0.000000,12.663697,0.000000,0.285714,150.000000,0.000000,10.000000,0.546688,0.000000
3,-15048.999367,0.000000,-20843.926531,0.000000,15048.999367,20843.926531,1504.899937,2084.392653,47.817643,33.505773,23.908821,16.752886,0.142857,430.000000,0.000000,20.000000,2.812310,0.000000
3,-12918.093703,0.000000,-12800.000000,0.000000,12918.093703,12800.000000,1291.809370,1280.000000,63.592262,44.504192,31.796131,22.252096,0.142857,370.000000,0.000000,30.000000,2.858289,0.000000
3,-12918.093703,0.000000,-12800.000000,0.000000,12918.093703,12800.000000,1291.809370,1280.000000,63.592262,44.504192,31.796131,22.252096,0.142857,370.000000,0.000000,30.000000,2.858289,0.000000
3,-15048.999367,0.000000,-20843.926531,0.000000,15048.999367,20843.926531,1504.899937,2084.392653,47.817643,33.505773,23.908821,16.752886,0.142857,430.000000,0.000000,20.000000,2.812310,0.000000
3,-12918.093703,0.000000,-12800.000000,0.000000,12918.093703,12800.000000,1291.809370,1280.000000,63.592262,44.504192,31.796131,22.252096,0.142857,370.000000,0.000000,30.000000,2.858289,0.000000
3,-12918.093703,0.000000,-12800.000000,0.000000,12918.093703,12800.000000,1291.809370,1280.000000,63.592262,44.504192,31.796131,22.252096,0.142857,370.000000,0.000000,30.000000,2.858289,0.000000
3,-16894.088317,0.000000,-25730.123166,0.000000,16894.088317,25730.123166,1689.408832,2573.012317,46.133193,44.616051,23.066596,22.308026,0.083333,510.000000,0.000000,20.000000,2.995233,4.110116
3,-16894.088317,0.000000,-25730.123166,0.000000,16894.088317,25730.123166,1689.408832,2573.012317,46.133193,44.616051,23.066596,22.308026,0.083333,510.000000,0.000000,20.000000,2.995233,4.110116
3,-95063.697814,0.000000,-3695.169108,0.000000,95063.697814,3695.169108,9506.369781,369.516911,31.839741,42.408968,15.919871,21.204484,0.050000,740.000000,0.000000,15.000000,12.456249,1.309695
3,-773.133312,0.000000,-1347.737838,0.000000,773.133312,1347.737838,77.313331,134.773784,23.407505,26.556807,11.703752,13.278404,0.100000,550.000000,0.000000,10.000000,0.522618,0.698448
3,-95063.697814,0.000000,-3695.169108,0.000000,95063.697814,3695.169108,9506.369781,369.516911,31.839741,42.408968,15.919871,21.204484,0.050000,740.000000,0.000000,15.000000,12.456249,1.309695
3,-13627.580111,0.000000,-12234.052478,0.000000,13627.580111,12234.052478,1362.758011,1223.405248,50.702227,45.450946,25.351114,22.725473,0.071429,100.000000,0.000000,25.000000,2.677251,0.000000
3,-13627.580111,0.000000,-12234.052478,0.000000,13627.580111,12234.052478,1362.758011,1223.405248,50.702227,45.450946,25.351114,22.725473,0.071429,100.000000,0.000000,25.000000,2.677251,0.000000
3,-13627.580111,0.000000,-12234.052478,0.000000,13627.580111,12234.052478,1362.758011,1223.405248,50.702227,45.450946,25.351114,22.725473,0.071429,100.000000,0.000000,25.000000,2.677251,0.000000
3,-13627.580111,0.000000,-12234.052478,0.000000,13627.580111,12234.052478,1362.758011,1223.405248,50.702227,45.450946,25.351114,22.725473,0.071429,100.000000,0.000000,25.000000,2.677251,0.000000
3,-1410.147814,0.000000,-486.257894,0.000000,1410.147814,486.257894,141.014781,48.625789,19.316563,14.299287,9.658281,7.149643,0.071429,100.000000,0.000000,5.000000,0.520240,0.000000
3,-4395.048944,0.000000,-11907.825774,0.000000,4395.048944,11907.825774,521.043333,1190.782577,20.103801,47.422105,10.051901,23.711052,0.166667,2790.000000,0.000000,10.000000,1.044779,0.000000
3,-4395.048944,0.000000,-11907.825774,0.000000,4395.048944,11907.825774,521.043333,1190.782577,20.103801,47.422105,10.051901,23.711052,0.166667,2790.000000,0.000000,10.000000,1.044779,0.000000
3,-4395.048944,0.000000,-11907.825774,0.000000,4395.048944,11907.825774,521.043333,1190.782577,20.103801,47.422105,10.051901,23.711052,0.166667,2790.000000,0.000000,10.000000,1.044779,0.000000
3,-4395.048944,0.000000,-11907.825774,0.000000,4395.048944,11907.825774,521.043333,1190.782577,20.103801,47.422105,10.051901,23.711052,0.166667,2790.000000,0.000000,10.000000,1.044779,0.000000
3,-12477.915006,0.000000,-11290.768103,0.000000,12477.915006,11290.768103,1247.791501,1129.076810,54.356869,46.840563,27.178434,23.420281,0.090909,110.000000,0.000000,25.000000,2.574848,0.000000
3,-12477.915006,0.000000,-11290.768103,0.000000,12477.915006,11290.768103,1247.791501,1129.076810,54.356869,46.840563,27.178434,23.420281,0.090909,110.000000,0.000000,25.000000,2.574848,0.000000
3,-12477.915006,0.000000,-11290.768103,0.000000,12477.915006,11290.768103,1247.791501,1129.076810,54.356869,46.840563,27.178434,23.420281,0.090909,110.000000,0.000000,25.000000,2.574848,0.000000
3,-12477.915006,0.000000,-11290.768103,0.000000,12477.915006,11290.768103,1247.791501,1129.076810,54.356869,46.840563,27.178434,23.420281,0.090909,110.000000,0.000000,25.000000,2.574848,0.000000
3,-32167.005538,0.000000,-31541.130358,0.000000,32167.005538,31541.130358,3216.700554,3154.113036,41.572373,35.786746,20.786186,17.893373,0.045455,110.000000,0.000000,20.000000,4.785122,0.000000
3,-32167.005538,0.000000,-31541.130358,0.000000,32167.005538,31541.130358,3216.700554,3154.113036,41.572373,35.786746,20.786186,17.893373,0.045455,110.000000,0.000000,20.000000,4.785122,0.000000
3,-12803.756743,0.000000,-13239.250390,0.000000,12803.756743,13239.250390,1280.375674,1323.925039,55.858262,61.073298,27.929131,30.536649,0.043478,110.000000,0.000000,25.000000,2.718003,2.876811
3,-3330.702339,0.000000,-4464.977048,0.000000,3330.702339,4464.977048,333.070234,446.497705,44.658846,55.121017,22.329423,27.560509,0.032258,400.000000,0.000000,20.000000,1.313293,1.660380
3,-754.026489,0.000000,-1435.286005,0.000000,754.026489,1435.286005,75.402649,143.528601,29.588409,40.478604,14.794204,20.239302,0.100000,400.000000,0.000000,10.000000,0.687802,0.988485
3,-12803.756743,0.000000,-13239.250390,0.000000,12803.756743,13239.250390,1280.375674,1323.925039,55.858262,61.073298,27.929131,30.536649,0.043478,110.000000,0.000000,25.000000,2.718003,2.876811
3,-12803.756743,0.000000,-13239.250390,0.000000,12803.756743,13239.250390,1280.375674,1323.925039,55.858262,61.073298,27.929131,30.536649,0.043478,110.000000,0.000000,25.000000,2.718003,2.876811
3,-12803.756743,0.000000,-13239.250390,0.000000,12803.756743,13239.250390,1280.375674,1323.925039,55.858262,61.073298,27.929131,30.536649,0.043478,110.000000,0.000000,25.000000,2.718003,2.876811
3,-3330.702339,0.000000,-4464.977048,0.000000,3330.702339,4464.977048,333.070234,446.497705,44.658846,55.121017,22.329423,27.560509,0.032258,400.000000,0.000000,20.000000,1.313293,1.660380
3,-33418.688025,0.000000,-39844.095903,0.000000,33418.688025,39844.095903,3341.868803,3984.409590,54.943319,60.611508,27.471660,30.305754,0.076923,180.000000,0.000000,25.000000,5.279314,6.195254
3,-33418.688025,0.000000,-39844.095903,0.000000,33418.688025,39844.095903,3341.868803,3984.409590,54.943319,60.611508,27.471660,30.305754,0.076923,180.000000,0.000000,25.000000,5.279314,6.195254
3,-12370.225774,0.000000,-15796.273313,0.000000,12370.225774,15796.273313,1237.022577,1579.627331,55.930922,45.074997,27.965461,22.537498,0.062500,620.000000,0.000000,25.000000,2.606329,0.000000
3,-12370.225774,0.000000,-15796.273313,0.000000,12370.225774,15796.273313,1237.022577,1579.627331,55.930922,45.074997,27.965461,22.537498,0.062500,620.000000,0.000000,25.000000,2.606329,0.000000
3,-948.657894,0.000000,-1076.811327,0.000000,948.657894,1076.811327,94.865789,107.681133,24.805839,21.238329,12.402920,10.619165,0.062500,620.000000,0.000000,10.000000,0.556808,0.000000
3,-12370.225774,0.000000,-15796.273313,0.000000,12370.225774,15796.273313,1237.022577,1579.627331,55.930922,45.074997,27.965461,22.537498,0.062500,620.000000,0.000000,25.000000,2.606329,0.000000
3,-12370.225774,0.000000,-15796.273313,0.000000,12370.225774,15796.273313,1237.022577,1579.627331,55.930922,45.074997,27.965461,22.537498,0.062500,620.000000,0.000000,25.000000,2.606329,0.000000
3,-25692.754571,0.000000,-49464.197070,0.000000,25692.754571,49464.197070,2569.275457,4946.419707,37.410142,38.137463,18.705071,19.068731,0.111111,970.000000,0.000000,15.000000,3.932755,0.000000
3,-25692.754571,0.000000,-49464.197070,0.000000,25692.754571,49464.197070,2569.275457,4946.419707,37.410142,38.137463,18.705071,19.068731,0.111111,970.000000,0.000000,15.000000,3.932755,0.000000
2,-82712.129344,0.000000,-85186.144875,0.000000,82712.129344,85186.144875,8271.212934,8518.614488,40.201602,30.709254,20.100801,15.354627,0.200000,60.000000,0.000000,20.000000,11.136151,0.000000
2,-82712.129344,0.000000,-85186.144875,0.000000,82712.129344,85186.144875,8271.212934,8518.614488,40.201602,30.709254,20.100801,15.354627,0.200000,60.000000,0.000000,20.000000,11.136151,0.000000
2,-3902.106964,0.000000,-3324.792368,0.000000,3902.106964,3324.792368,390.210696,332.479237,41.016736,47.610048,20.508368,23.805024,0.026316,90.000000,0.000000,20.000000,1.309660,1.363791
2,-1263.689906,0.000000,-961.995763,0.000000,1263.689906,961.995763,126.368991,96.199576,30.611968,21.434576,15.305984,10.717288,0.166667,200.000000,0.000000,15.000000,0.733675,0.000000
2,-1155.613629,0.000000,-928.818367,0.000000,1155.613629,928.818367,115.561363,92.881837,32.138285,32.529335,16.069143,16.264668,0.111111,120.000000,0.000000,15.000000,0.758206,0.766912
2,-21652.938915,0.000000,-126003.483363,0.000000,21652.938915,126003.483363,2165.293892,12600.348336,26.574630,62.895684,13.287315,31.447842,0.033333,1670.000000,0.000000,10.000000,3.133997,17.006636
2,-21652.938915,0.000000,-126003.483363,0.000000,21652.938915,126003.483363,2165.293892,12600.348336,26.574630,62.895684,13.287315,31.447842,0.033333,1670.000000,0.000000,10.000000,3.133997,17.006636
2,-117314.056953,0.000000,-140792.858635,0.000000,117314.056953,140792.858635,11731.405695,14079.285864,43.199404,40.452916,21.599702,20.226458,0.166667,610.000000,0.000000,20.000000,15.486615,0.000000
2,-117314.056953,0.000000,-140792.858635,0.000000,117314.056953,140792.858635,11731.405695,14079.285864,43.199404,40.452916,21.599702,20.226458,0.166667,610.000000,0.000000,20.000000,15.486615,0.000000
2,16.812727,0.000000,-145871.633937,0.000000,16.812727,145871.633937,515.536714,14587.163394,10.880813,40.971906,5.440406,20.485953,0.050000,2610.000000,0.000000,5.000000,0.861678,0.000000
2,10.971364,0.000000,-386.106836,0.000000,10.971364,386.106836,278.612781,38.610684,10.742379,33.582142,5.371190,16.791071,0.090909,2830.000000,0.000000,5.000000,0.558588,0.000000
2,18.460930,0.000000,-145871.633937,0.000000,18.460930,145871.633937,515.536714,14587.163394,10.880813,40.971906,5.440406,20.485953,0.050000,2610.000000,0.000000,5.000000,0.861678,0.000000
2,-1879.591278,0.000000,-1563.385917,0.000000,1879.591278,1563.385917,187.959128,156.338592,32.698877,38.185143,16.349439,19.092571,0.033333,80.000000,0.000000,15.000000,0.890222,0.958489
2,-1462.920827,0.000000,-765.660321,0.000000,1462.920827,765.660321,146.292083,76.566032,31.678019,30.920530,15.839010,15.460265,0.090909,720.000000,0.000000,15.000000,0.781522,0.000000
2,-117112.671786,0.000000,-161757.800940,0.000000,117112.671786,161757.800940,11711.267179,16175.780094,45.133882,39.469490,22.566941,19.734745,0.090909,720.000000,0.000000,20.000000,15.499512,0.000000
2,-117112.671786,0.000000,-161757.800940,0.000000,117112.671786,161757.800940,11711.267179,16175.780094,45.133882,39.469490,22.566941,19.734745,0.090909,720.000000,0.000000,20.000000,15.499512,0.000000
2,-1176.830652,0.000000,-599.625390,0.000000,1176.830652,599.625390,117.683065,59.962539,32.989020,4.362571,16.494510,2.181285,0.041667,40.000000,0.000000,15.000000,0.731765,0.000000
2,-2051.154057,0.000000,-729.634354,0.000000,2051.154057,729.634354,205.115406,72.963435,29.206771,31.506245,14.603386,15.753122,0.083333,1900.000000,0.000000,10.000000,0.842386,0.000000
2,-1368.962043,0.000000,-757.515481,0.000000,1368.962043,757.515481,136.896204,75.751548,32.530979,10.172705,16.265490,5.086353,0.080000,410.000000,0.000000,15.000000,0.733026,0.000000
2,-167998.161883,0.000000,-186865.358784,0.000000,167998.161883,186865.358784,16799.816188,18686.535878,43.180903,40.104358,21.590451,20.052179,0.041667,390.000000,0.000000,20.000000,21.762416,0.000000
2,-167998.161883,0.000000,-186865.358784,0.000000,167998.161883,186865.358784,16799.816188,18686.535878,43.180903,40.104358,21.590451,20.052179,0.041667,390.000000,0.000000,20.000000,21.762416,0.000000
2,-940.789390,0.000000,-444.489796,0.000000,940.789390,444.489796,94.078939,44.448980,37.723694,34.536285,18.861847,17.268143,0.055556,390.000000,0.000000,15.000000,0.797065,0.000000
2,-184578.151274,0.000000,-185537.998215,0.000000,184578.151274,185537.998215,18457.815127,18553.799822,50.219206,40.355533,25.109603,20.177766,0.166667,120.000000,0.000000,25.000000,24.033582,0.000000
2,-774.023669,0.000000,-490.000000,0.000000,774.023669,490.000000,77.402367,49.000000,26.329740,17.662134,13.164870,8.831067,0.083333,120.000000,0.000000,10.000000,0.588207,0.000000
2,-184578.151274,0.000000,-185537.998215,0.000000,184578.151274,185537.998215,18457.815127,18553.799822,50.219206,40.355533,25.109603,20.177766,0.166667,120.000000,0.000000,25.000000,24.033582,0.000000
0,5262.354610,0.000000,8505.424000,0.000000,5262.354610,8505.424000,526.235461,850.542400,49.933069,72.656771,24.966535,36.328385,0.125000,2020.000000,0.000000,20.000000,1.659117,2.516196
0,5262.354610,0.000000,8505.424000,0.000000,5262.354610,8505.424000,526.235461,850.542400,49.933069,72.656771,24.966535,36.328385,0.125000,2020.000000,0.000000,20.000000,1.659117,2.516196
0,5262.354610,0.000000,8505.424000,0.000000,5262.354610,8505.424000,526.235461,850.542400,49.933069,72.656771,24.966535,36.328385,0.125000,2020.000000,0.000000,20.000000,1.659117,2.516196
0,2945.861211,0.000000,9369.576276,0.000000,2945.861211,9369.576276,294.586121,936.957628,51.418085,39.167039,25.709042,19.583519,0.181818,1920.000000,0.000000,25.000000,1.360113,0.000000
0,841.327868,0.000000,222.244898,0.000000,841.327868,222.244898,84.132787,22.224490,46.076426,31.506038,23.038213,15.753019,0.111111,1230.000000,0.000000,20.000000,0.994356,0.000000
0,2945.861211,0.000000,9369.576276,0.000000,2945.861211,9369.576276,294.586121,936.957628,51.418085,39.167039,25.709042,19.583519,0.181818,1920.000000,0.000000,25.000000,1.360113,0.000000
0,22218.246204,0.000000,710.642000,0.000000,22218.246204,710.642000,2221.824620,71.064200,42.794952,75.877170,21.397476,37.938585,0.125000,3220.000000,0.000000,20.000000,3.564222,1.604968
0,11134.725647,0.000000,2624.028356,0.000000,11134.725647,2624.028356,1113.472565,262.402836,60.897668,65.787441,30.448834,32.893721,0.117647,90.000000,0.000000,30.000000,2.547120,1.659950
0,2901.745108,0.000000,519.774470,0.000000,2901.745108,519.774470,290.174511,51.977447,49.585014,74.184339,24.792507,37.092170,0.111111,2840.000000,0.000000,20.000000,1.324528,1.548204
0,22218.246204,0.000000,710.642000,0.000000,22218.246204,710.642000,2221.824620,71.064200,42.794952,75.877170,21.397476,37.938585,0.125000,3220.000000,0.000000,20.000000,3.564222,1.604968
0,11134.725647,0.000000,2624.028356,0.000000,11134.725647,2624.028356,1113.472565,262.402836,60.897668,65.787441,30.448834,32.893721,0.117647,90.000000,0.000000,30.000000,2.547120,1.659950
0,2901.745108,0.000000,519.774470,0.000000,2901.745108,519.774470,290.174511,51.977447,49.585014,74.184339,24.792507,37.092170,0.111111,2840.000000,0.000000,20.000000,1.324528,1.548204
0,5130.447566,0.000000,485.371972,0.000000,5130.447566,485.371972,513.044757,48.537197,54.149744,61.632169,27.074872,30.816084,0.111111,2950.000000,0.000000,25.000000,1.694342,1.293163
0,1859.226383,0.000000,702.337278,0.000000,1859.226383,702.337278,185.922638,70.233728,53.935983,56.944088,26.967991,28.472044,0.058824,1310.000000,0.000000,25.000000,1.254959,1.226292
0,11882.096205,0.000000,471.562500,0.000000,11882.096205,471.562500,1188.209620,47.156250,62.537173,77.134546,31.268587,38.567273,0.125000,4220.000000,0.000000,30.000000,2.710848,1.602119
0,5076.690155,0.000000,3130.608758,0.000000,5076.690155,3130.608758,507.669016,313.060876,69.637126,64.471282,34.818563,32.235641,0.018519,1310.000000,0.000000,30.000000,2.027193,1.680415
0,9272.246358,0.000000,471.562500,0.000000,9272.246358,471.562500,927.224636,47.156250,92.328276,77.134546,46.164138,38.567273,0.125000,110.000000,0.000000,45.000000,3.002892,1.602109
0,10269.967209,0.000000,1604.499635,0.000000,10269.967209,1604.499635,1026.996721,160.449963,70.376892,60.521562,35.188446,30.260781,0.043478,110.000000,0.000000,35.000000,2.538738,1.410625
0,5130.447566,0.000000,485.371972,0.000000,5130.447566,485.371972,513.044757,48.537197,54.149744,61.632169,27.074872,30.816084,0.111111,2950.000000,0.000000,25.000000,1.694342,1.293163
0,9272.246358,0.000000,471.562500,0.000000,9272.246358,471.562500,927.224636,47.156250,92.328276,77.134546,46.164138,38.567273,0.125000,110.000000,0.000000,45.000000,3.002892,1.602109
0,11882.096205,0.000000,471.562500,0.000000,11882.096205,471.562500,1188.209620,47.156250,62.537173,77.134546,31.268587,38.567273,0.125000,4220.000000,0.000000,30.000000,2.710848,1.602119
0,1859.226383,0.000000,702.337278,0.000000,1859.226383,702.337278,185.922638,70.233728,53.935983,56.944088,26.967991,28.472044,0.058824,1310.000000,0.000000,25.000000,1.254959,1.226292
0,9272.246358,0.000000,471.562500,0.000000,9272.246358,471.562500,927.224636,47.156250,92.328276,77.134546,46.164138,38.567273,0.125000,110.000000,0.000000,45.000000,3.002892,1.602109
0,5076.690155,0.000000,3130.608758,0.000000,5076.690155,3130.608758,507.669016,313.060876,69.637126,64.471282,34.818563,32.235641,0.018519,1310.000000,0.000000,30.000000,2.027193,1.680415
0,5130.447566,0.000000,485.371972,0.000000,5130.447566,485.371972,513.044757,48.537197,54.149744,61.632169,27.074872,30.816084,0.111111,2950.000000,0.000000,25.000000,1.694342,1.293163
0,7670.606722,0.000000,702.337278,0.000000,7670.606722,702.337278,767.060672,70.233728,54.885512,56.944088,27.442756,28.472044,0.117647,1310.000000,0.000000,25.000000,2.000325,1.226283
0,1859.226383,0.000000,702.337278,0.000000,1859.226383,702.337278,185.922638,70.233728,53.935983,56.944088,26.967991,28.472044,0.058824,1310.000000,0.000000,25.000000,1.254959,1.226292
0,5076.690155,0.000000,3130.608758,0.000000,5076.690155,3130.608758,507.669016,313.060876,69.637126,64.471282,34.818563,32.235641,0.018519,1310.000000,0.000000,30.000000,2.027193,1.680415
0,11882.096205,0.000000,471.562500,0.000000,11882.096205,471.562500,1188.209620,47.156250,62.537173,77.134546,31.268587,38.567273,0.125000,4220.000000,0.000000,30.000000,2.710848,1.602119
0,7670.606722,0.000000,702.337278,0.000000,7670.606722,702.337278,767.060672,70.233728,54.885512,56.944088,27.442756,28.472044,0.117647,1310.000000,0.000000,25.000000,2.000325,1.226283
0,9272.246358,0.000000,471.562500,0.000000,9272.246358,471.562500,927.224636,47.156250,92.328276,77.134546,46.164138,38.567273,0.125000,110.000000,0.000000,45.000000,3.002892,1.602109
0,9272.246358,0.000000,471.562500,0.000000,9272.246358,471.562500,927.224636,47.156250,92.328276,77.134546,46.164138,38.567273,0.125000,110.000000,0.000000,45.000000,3.002892,1.602109
0,9272.246358,0.000000,471.562500,0.000000,9272.246358,471.562500,927.224636,47.156250,92.328276,77.134546,46.164138,38.567273,0.125000,110.000000,0.000000,45.000000,3.002892,1.602109
0,11882.096205,0.000000,471.562500,0.000000,11882.096205,471.562500,1188.209620,47.156250,62.537173,77.134546,31.268587,38.567273,0.125000,4220.000000,0.000000,30.000000,2.710848,1.602119
0,11882.096205,0.000000,471.562500,0.000000,11882.096205,471.562500,1188.209620,47.156250,62.537173,77.134546,31.268587,38.567273,0.125000,4220.000000,0.000000,30.000000,2.710848,1.602119
0,10269.967209,0.000000,1604.499635,0.000000,10269.967209,1604.499635,1026.996721,160.449963,70.376892,60.521562,35.188446,30.260781,0.043478,110.000000,0.000000,35.000000,2.538738,1.410625
0,7670.606722,0.000000,702.337278,0.000000,7670.606722,702.337278,767.060672,70.233728,54.885512,56.944088,27.442756,28.472044,0.117647,1310.000000,0.000000,25.000000,2.000325,1.226283
0,11882.096205,0.000000,471.562500,0.000000,11882.096205,471.562500,1188.209620,47.156250,62.537173,77.134546,31.268587,38.567273,0.125000,4220.000000,0.000000,30.000000,2.710848,1.602119
0,10269.967209,0.000000,1604.499635,0.000000,10269.967209,1604.499635,1026.996721,160.449963,70.376892,60.521562,35.188446,30.260781,0.043478,110.000000,0.000000,35.000000,2.538738,1.410625
0,1467.457596,0.000000,1426.329252,0.000000,1467.457596,1426.329252,146.745760,142.632925,12.453286,7.038112,6.226643,3.519056,0.200000,90.000000,0.000000,5.000000,0.267375,0.000000
1,2943.309780,0.000000,4533.815237,0.000000,2943.309780,4533.815237,294.330978,453.381524,53.986090,88.545710,26.993045,44.272855,0.066667,2650.000000,0.000000,25.000000,1.484358,2.337713
1,2943.309780,0.000000,4533.815237,0.000000,2943.309780,4533.815237,294.330978,453.381524,53.986090,88.545710,26.993045,44.272855,0.066667,2650.000000,0.000000,25.000000,1.484358,2.337713
1,2943.309780,0.000000,4533.815237,0.000000,2943.309780,4533.815237,294.330978,453.381524,53.986090,88.545710,26.993045,44.272855,0.066667,2650.000000,0.000000,25.000000,1.484358,2.337713
1,2943.309780,0.000000,4533.815237,0.000000,2943.309780,4533.815237,294.330978,453.381524,53.986090,88.545710,26.993045,44.272855,0.066667,2650.000000,0.000000,25.000000,1.484358,2.337713
1,2943.309780,0.000000,4533.815237,0.000000,2943.309780,4533.815237,294.330978,453.381524,53.986090,88.545710,26.993045,44.272855,0.066667,2650.000000,0.000000,25.000000,1.484358,2.337713
1,2943.309780,0.000000,4533.815237,0.000000,2943.309780,4533.815237,294.330978,453.381524,53.986090,88.545710,26.993045,44.272855,0.066667,2650.000000,0.000000,25.000000,1.484358,2.337713
1,868.018778,0.000000,722.833593,0.000000,868.018778,722.833593,86.801878,72.283359,31.620076,27.833094,15.810038,13.916547,0.166667,70.000000,0.000000,15.000000,0.740562,0.000000
1,37973.306365,0.000000,45578.367126,0.000000,37973.306365,45578.367126,3797.330637,4557.836713,44.943439,38.904856,22.471720,19.452428,0.200000,640.000000,0.000000,20.000000,5.618709,0.000000
1,37973.306365,0.000000,45578.367126,0.000000,37973.306365,45578.367126,3797.330637,4557.836713,44.943439,38.904856,22.471720,19.452428,0.200000,640.000000,0.000000,20.000000,5.618709,0.000000
1,3912.857401,0.000000,4938.726712,0.000000,3912.857401,4938.726712,391.285740,493.872671,86.964510,87.222319,43.482255,43.611159,0.020833,50.000000,0.000000,40.000000,2.228335,2.363328
1,3912.857401,0.000000,4938.726712,0.000000,3912.857401,4938.726712,391.285740,493.872671,86.964510,87.222319,43.482255,43.611159,0.020833,50.000000,0.000000,40.000000,2.228335,2.363328
1,3912.857401,0.000000,4938.726712,0.000000,3912.857401,4938.726712,391.285740,493.872671,86.964510,87.222319,43.482255,43.611159,0.020833,50.000000,0.000000,40.000000,2.228335,2.363328
1,3912.857401,0.000000,4938.726712,0.000000,3912.857401,4938.726712,391.285740,493.872671,86.964510,87.222319,43.482255,43.611159,0.020833,50.000000,0.000000,40.000000,2.228335,2.363328
1,3912.857401,0.000000,4938.726712,0.000000,3912.857401,4938.726712,391.285740,493.872671,86.964510,87.222319,43.482255,43.611159,0.020833,50.000000,0.000000,40.000000,2.228335,2.363328
1,3912.857401,0.000000,4938.726712,0.000000,3912.857401,4938.726712,391.285740,493.872671,86.964510,87.222319,43.482255,43.611159,0.020833,50.000000,0.000000,40.000000,2.228335,2.363328
1,3920.840740,0.000000,5406.732851,0.000000,3920.840740,5406.732851,392.084074,540.673285,87.832227,87.302256,43.916114,43.651128,0.020408,80.000000,0.000000,40.000000,2.246362,2.423144
1,3920.840740,0.000000,5406.732851,0.000000,3920.840740,5406.732851,392.084074,540.673285,87.832227,87.302256,43.916114,43.651128,0.020408,80.000000,0.000000,40.000000,2.246362,2.423144
1,3920.840740,0.000000,5406.732851,0.000000,3920.840740,5406.732851,392.084074,540.673285,87.832227,87.302256,43.916114,43.651128,0.020408,80.000000,0.000000,40.000000,2.246362,2.423144
1,3920.840740,0.000000,5406.732851,0.000000,3920.840740,5406.732851,392.084074,540.673285,87.832227,87.302256,43.916114,43.651128,0.020408,80.000000,0.000000,40.000000,2.246362,2.423144
1,3920.840740,0.000000,5406.732851,0.000000,3920.840740,5406.732851,392.084074,540.673285,87.832227,87.302256,43.916114,43.651128,0.020408,80.000000,0.000000,40.000000,2.246362,2.423144
1,3920.840740,0.000000,5406.732851,0.000000,3920.840740,5406.732851,392.084074,540.673285,87.832227,87.302256,43.916114,43.651128,0.020408,80.000000,0.000000,40.000000,2.246362,2.423144
1,48249.652071,0.000000,50627.098612,0.000000,48249.652071,50627.098612,4824.965207,5062.709861,46.082553,40.840434,23.041276,20.420217,0.027027,80.000000,0.000000,20.000000,6.845370,0.000000
1,4374.242448,0.000000,3528.785444,0.000000,4374.242448,3528.785444,437.424245,352.878544,46.132558,42.031545,23.066279,21.015772,0.027027,80.000000,0.000000,20.000000,1.364356,0.000000
1,4374.242448,0.000000,3528.785444,0.000000,4374.242448,3528.785444,437.424245,352.878544,46.132558,42.031545,23.066279,21.015772,0.027027,80.000000,0.000000,20.000000,1.364356,0.000000
1,48249.652071,0.000000,50627.098612,0.000000,48249.652071,50627.098612,4824.965207,5062.709861,46.082553,40.840434,23.041276,20.420217,0.027027,80.000000,0.000000,20.000000,6.845370,0.000000
1,1205.637418,0.000000,1053.975790,0.000000,1205.637418,1053.975790,120.563742,105.397579,51.066663,44.323837,25.533331,22.161918,0.100000,390.000000,0.000000,25.000000,1.138836,0.000000
1,1205.637418,0.000000,1053.975790,0.000000,1205.637418,1053.975790,120.563742,105.397579,51.066663,44.323837,25.533331,22.161918,0.100000,390.000000,0.000000,25.000000,1.138836,0.000000
1,1205.637418,0.000000,1053.975790,0.000000,1205.637418,1053.975790,120.563742,105.397579,51.066663,44.323837,25.533331,22.161918,0.100000,390.000000,0.000000,25.000000,1.138836,0.000000
1,1970.763900,0.000000,2488.695919,0.000000,1970.763900,2488.695919,197.076390,248.869592,40.267327,85.925217,20.133664,42.962609,0.071429,3400.000000,0.000000,20.000000,1.052560,2.029868
1,1970.763900,0.000000,2488.695919,0.000000,1970.763900,2488.695919,197.076390,248.869592,40.267327,85.925217,20.133664,42.962609,0.071429,3400.000000,0.000000,20.000000,1.052560,2.029868
1,1970.763900,0.000000,2488.695919,0.000000,1970.763900,2488.695919,197.076390,248.869592,40.267327,85.925217,20.133664,42.962609,0.071429,3400.000000,0.000000,20.000000,1.052560,2.029868
1,44204.182889,0.000000,1721.322366,0.000000,44204.182889,1721.322366,4420.418289,172.132237,45.358499,49.270709,22.679250,24.635355,0.025641,140.000000,0.000000,20.000000,6.299524,1.201811
1,43425.974051,0.000000,1556.042899,0.000000,43425.974051,1556.042899,4342.597405,155.604290,48.627919,54.679337,24.313959,27.339669,0.083333,990.000000,0.000000,20.000000,6.354010,1.288174
1,44204.182889,0.000000,1721.322366,0.000000,44204.182889,1721.322366,4420.418289,172.132237,45.358499,49.270709,22.679250,24.635355,0.025641,140.000000,0.000000,20.000000,6.299524,1.201811
1,17222.188435,0.000000,1368.076172,0.000000,17222.188435,1368.076172,1722.218844,136.807617,43.359108,70.994522,21.679554,35.497261,0.125000,2010.000000,0.000000,20.000000,3.021201,1.591364
1,39985.209718,0.000000,4522.781246,0.000000,39985.209718,4522.781246,3998.520972,452.278125,72.815002,83.605351,36.407501,41.802675,0.045455,1170.000000,0.000000,35.000000,6.452447,2.238737
1,1970.763900,0.000000,2488.695919,0.000000,1970.763900,2488.695919,197.076390,248.869592,40.267327,85.925217,20.133664,42.962609,0.071429,3400.000000,0.000000,20.000000,1.052560,2.029868
1,43425.974051,0.000000,1556.042899,0.000000,43425.974051,1556.042899,4342.597405,155.604290,48.627919,54.679337,24.313959,27.339669,0.083333,990.000000,0.000000,20.000000,6.354010,1.288174
1,17222.188435,0.000000,1368.076172,0.000000,17222.188435,1368.076172,1722.218844,136.807617,43.359108,70.994522,21.679554,35.497261,0.125000,2010.000000,0.000000,20.000000,3.021201,1.591364
1,39985.209718,0.000000,4522.781246,0.000000,39985.209718,4522.781246,3998.520972,452.278125,72.815002,83.605351,36.407501,41.802675,0.045455,1170.000000,0.000000,35.000000,6.452447,2.238737
1,1970.763900,0.000000,2488.695919,0.000000,1970.763900,2488.695919,197.076390,248.869592,40.267327,85.925217,20.133664,42.962609,0.071429,3400.000000,0.000000,20.000000,1.052560,2.029868
1,39985.209718,0.000000,4522.781246,0.000000,39985.209718,4522.781246,3998.520972,452.278125,72.815002,83.605351,36.407501,41.802675,0.045455,1170.000000,0.000000,35.000000,6.452447,2.238737
1,39985.209718,0.000000,4522.781246,0.000000,39985.209718,4522.781246,3998.520972,452.278125,72.815002,83.605351,36.407501,41.802675,0.045455,1170.000000,0.000000,35.000000,6.452447,2.238737
1,1970.763900,0.000000,2488.695919,0.000000,1970.763900,2488.695919,197.076390,248.869592,40.267327,85.925217,20.133664,42.962609,0.071429,3400.000000,0.000000,20.000000,1.052560,2.029868
1,1269.995537,0.000000,1703.711911,0.000000,1269.995537,1703.711911,126.999554,170.371191,62.385837,45.983127,31.192918,22.991563,0.062500,1260.000000,0.000000,30.000000,1.361039,0.000000
1,1269.995537,0.000000,1703.711911,0.000000,1269.995537,1703.711911,126.999554,170.371191,62.385837,45.983127,31.192918,22.991563,0.062500,1260.000000,0.000000,30.000000,1.361039,0.000000
1,1016.569007,0.000000,613.746746,0.000000,1016.569007,613.746746,101.656901,61.374675,40.955861,31.050989,20.477931,15.525494,0.125000,1260.000000,0.000000,20.000000,0.900546,0.000000
1,1269.995537,0.000000,1703.711911,0.000000,1269.995537,1703.711911,126.999554,170.371191,62.385837,45.983127,31.192918,22.991563,0.062500,1260.000000,0.000000,30.000000,1.361039,0.000000
1,1395.298394,0.000000,1115.567730,0.000000,1395.298394,1115.567730,139.529839,111.556773,39.911429,44.967145,19.955715,22.483573,0.071429,260.000000,0.000000,15.000000,0.877195,1.038647
1,1525.281101,0.000000,2098.383970,0.000000,1525.281101,2098.383970,152.528110,209.838397,62.612450,79.013243,31.306225,39.506621,0.037037,1690.000000,0.000000,30.000000,1.442494,1.842671
1,1525.281101,0.000000,2098.383970,0.000000,1525.281101,2098.383970,152.528110,209.838397,62.612450,79.013243,31.306225,39.506621,0.037037,1690.000000,0.000000,30.000000,1.442494,1.842671
1,1525.281101,0.000000,2098.383970,0.000000,1525.281101,2098.383970,152.528110,209.838397,62.612450,79.013243,31.306225,39.506621,0.037037,1690.000000,0.000000,30.000000,1.442494,1.842671
1,4507.281375,0.000000,11068.652922,0.000000,4507.281375,11068.652922,450.728137,1106.865292,86.750671,80.730160,43.375336,40.365080,0.019608,670.000000,0.000000,40.000000,2.297715,3.003357
1,4507.281375,0.000000,11068.652922,0.000000,4507.281375,11068.652922,450.728137,1106.865292,86.750671,80.730160,43.375336,40.365080,0.019608,670.000000,0.000000,40.000000,2.297715,3.003357
1,4446.104473,0.000000,9141.970012,0.000000,4446.104473,9141.970012,444.610447,914.197001,47.492682,35.840287,23.746341,17.920143,0.025641,670.000000,0.000000,20.000000,1.381094,0.000000
1,4507.281375,0.000000,11068.652922,0.000000,4507.281375,11068.652922,450.728137,1106.865292,86.750671,80.730160,43.375336,40.365080,0.019608,670.000000,0.000000,40.000000,2.297715,3.003357
1,1163.713007,0.000000,173.400000,0.000000,1163.713007,173.400000,116.371301,17.340000,7.773881,11.852314,3.886940,5.926157,0.166667,620.000000,0.000000,0.000000,0.273761,0.000000
1,4507.281375,0.000000,11068.652922,0.000000,4507.281375,11068.652922,450.728137,1106.865292,86.750671,80.730160,43.375336,40.365080,0.019608,670.000000,0.000000,40.000000,2.297715,3.003357
1,4507.281375,0.000000,11068.652922,0.000000,4507.281375,11068.652922,450.728137,1106.865292,86.750671,80.730160,43.375336,40.365080,0.019608,670.000000,0.000000,40.000000,2.297715,3.003357
1,4446.104473,0.000000,9141.970012,0.000000,4446.104473,9141.970012,444.610447,914.197001,47.492682,35.840287,23.746341,17.920143,0.025641,670.000000,0.000000,20.000000,1.381094,0.000000
1,4507.281375,0.000000,11068.652922,0.000000,4507.281375,11068.652922,450.728137,1106.865292,86.750671,80.730160,43.375336,40.365080,0.019608,670.000000,0.000000,40.000000,2.297715,3.003357
1,2.232781,0.000000,0.000000,0.000000,3.765041,0.000000,102.444444,0.000000,5.363646,0.000000,2.681823,0.000000,1.000000,4820.000000,0.000000,0.000000,0.128993,0.000000
1,2890.488419,0.000000,2076.824701,0.000000,2890.488419,2076.824701,289.048842,207.682470,48.690817,44.753909,24.345409,22.376954,0.023810,140.000000,0.000000,20.000000,1.214896,0.000000
1,2890.488419,0.000000,2076.824701,0.000000,2890.488419,2076.824701,289.048842,207.682470,48.690817,44.753909,24.345409,22.376954,0.023810,140.000000,0.000000,20.000000,1.214896,0.000000
1,2890.488419,0.000000,2076.824701,0.000000,2890.488419,2076.824701,289.048842,207.682470,48.690817,44.753909,24.345409,22.376954,0.023810,140.000000,0.000000,20.000000,1.214896,0.000000
1,1205.142520,0.000000,1115.994513,0.000000,1205.142520,1115.994513,120.514252,111.599451,25.657326,14.839707,12.828663,7.419854,0.166667,200.000000,0.000000,10.000000,0.531010,0.000000
1,1179.303068,0.000000,426.666667,0.000000,1179.303068,426.666667,117.930307,42.666667,39.645961,34.044030,19.822980,17.022015,0.166667,160.000000,0.000000,15.000000,0.846236,0.000000
1,2707.065140,0.000000,2455.234667,0.000000,2707.065140,2455.234667,270.706514,245.523467,52.236041,43.525846,26.118021,21.762923,0.030303,160.000000,0.000000,25.000000,1.288962,0.000000
1,1411.731917,0.000000,641.402484,0.000000,1411.731917,641.402484,141.173192,64.140248,29.130294,23.696017,14.565147,11.848008,0.035714,160.000000,0.000000,10.000000,0.664960,0.000000
1,2707.065140,0.000000,2455.234667,0.000000,2707.065140,2455.234667,270.706514,245.523467,52.236041,43.525846,26.118021,21.762923,0.030303,160.000000,0.000000,25.000000,1.288962,0.000000
1,2707.065140,0.000000,2455.234667,0.000000,2707.065140,2455.234667,270.706514,245.523467,52.236041,43.525846,26.118021,21.762923,0.030303,160.000000,0.000000,25.000000,1.288962,0.000000
0,712.517361,0.000000,494.191724,0.000000,712.517361,494.191724,71.251736,49.419172,22.975227,13.602622,11.487614,6.801311,0.125000,600.000000,0.000000,10.000000,0.548532,0.000000
0,240.000000,0.000000,0.000000,0.000000,240.000000,0.000000,24.000000,0.000000,66.666667,0.000000,33.333333,0.000000,1.000000,1090.000000,0.000000,30.000000,1.363139,0.000000
0,240.000000,0.000000,0.000000,0.000000,240.000000,0.000000,24.000000,0.000000,66.666667,0.000000,33.333333,0.000000,1.000000,1090.000000,0.000000,30.000000,1.363139,0.000000
0,240.000000,0.000000,0.000000,0.000000,240.000000,0.000000,24.000000,0.000000,66.666667,0.000000,33.333333,0.000000,1.000000,1090.000000,0.000000,30.000000,1.363139,0.000000
0,240.000000,0.000000,0.000000,0.000000,240.000000,0.000000,24.000000,0.000000,66.666667,0.000000,33.333333,0.000000,1.000000,1090.000000,0.000000,30.000000,1.363139,0.000000
0,240.000000,0.000000,0.000000,0.000000,240.000000,0.000000,24.000000,0.000000,66.666667,0.000000,33.333333,0.000000,1.000000,1090.000000,0.000000,30.000000,1.363139,0.000000
0,240.000000,0.000000,0.000000,0.000000,240.000000,0.000000,24.000000,0.000000,66.666667,0.000000,33.333333,0.000000,1.000000,1090.000000,0.000000,30.000000,1.363139,0.000000
0,13.549098,0.000000,0.000000,0.000000,13.549098,0.000000,295.750000,0.000000,3.667857,0.000000,1.833929,0.000000,1.000000,6260.000000,0.000000,0.000000,0.435543,0.000000
0,10.528031,0.000000,0.000000,0.000000,10.528031,0.000000,295.750000,0.000000,3.667857,0.000000,1.833929,0.000000,1.000000,6260.000000,0.000000,0.000000,0.447381,0.000000
0,15.294833,0.000000,0.000000,0.000000,15.294833,0.000000,386.285714,0.000000,3.667857,0.000000,1.833929,0.000000,1.000000,6260.000000,0.000000,0.000000,0.545867,0.000000
0,240.000000,0.000000,0.000000,0.000000,240.000000,0.000000,24.000000,0.000000,66.666667,0.000000,33.333333,0.000000,1.000000,1090.000000,0.000000,30.000000,1.363139,0.000000
0,240.000000,0.000000,0.000000,0.000000,240.000000,0.000000,24.000000,0.000000,66.666667,0.000000,33.333333,0.000000,1.000000,1090.000000,0.000000,30.000000,1.363139,0.000000
0,12.859017,0.000000,0.000000,0.000000,12.859017,0.000000,386.285714,0.000000,3.667857,0.000000,1.833929,0.000000,1.000000,6260.000000,0.000000,0.000000,0.544787,0.000000
0,240.000000,0.000000,0.000000,0.000000,240.000000,0.000000,24.000000,0.000000,66.666667,0.000000,33.333333,0.000000,1.000000,1090.000000,0.000000,30.000000,1.363139,0.000000
0,8.105867,0.000000,0.000000,0.000000,8.105867,0.000000,295.750000,0.000000,3.667857,0.000000,1.833929,0.000000,1.000000,6260.000000,0.000000,0.000000,0.432039,0.000000
0,10.774029,0.000000,0.000000,0.000000,10.774029,0.000000,386.285714,0.000000,3.667857,0.000000,1.833929,0.000000,1.000000,6260.000000,0.000000,0.000000,0.543704,0.000000
0,1140.929658,0.000000,1567.082068,0.000000,1140.929658,1567.082068,114.092966,156.708207,38.305643,40.015408,19.152822,20.007704,0.083333,20.000000,0.000000,15.000000,0.908394,1.013379
0,1517.495321,0.000000,1424.660183,0.000000,1517.495321,1424.660183,151.749532,142.466018,52.232955,63.631668,26.116478,31.815834,0.076923,1330.000000,0.000000,25.000000,1.084050,1.450404
0,817.003688,0.000000,354.858223,0.000000,817.003688,354.858223,81.700369,35.485822,20.409288,16.082482,10.204644,8.041241,0.083333,990.000000,0.000000,10.000000,0.446528,0.000000
0,1003.995412,0.000000,621.096408,0.000000,1003.995412,621.096408,100.399541,62.109641,22.406475,18.109034,11.203237,9.054517,0.055556,990.000000,0.000000,10.000000,0.509852,0.000000
0,4898.340530,0.000000,2240.099087,0.000000,4898.340530,2240.099087,489.834053,224.009909,53.485385,61.842531,26.742692,30.921265,0.035714,1400.000000,0.000000,25.000000,1.681840,1.516882
4,2145.498064,0.000000,2257.879253,0.000000,2145.498064,2257.879253,214.549806,225.787925,52.529699,43.858127,26.264849,21.929064,0.125000,720.000000,0.000000,25.000000,1.289793,0.000000
4,2145.498064,0.000000,2257.879253,0.000000,2145.498064,2257.879253,214.549806,225.787925,52.529699,43.858127,26.264849,21.929064,0.125000,720.000000,0.000000,25.000000,1.289793,0.000000
4,2145.498064,0.000000,2257.879253,0.000000,2145.498064,2257.879253,214.549806,225.787925,52.529699,43.858127,26.264849,21.929064,0.125000,720.000000,0.000000,25.000000,1.289793,0.000000
4,23607.828730,0.000000,21895.420163,0.000000,23607.828730,21895.420163,2360.782873,2189.542016,44.116992,42.973660,22.058496,21.486830,0.232558,110.000000,0.000000,20.000000,3.707746,0.000000
4,3209.061728,0.000000,2246.172389,0.000000,3209.061728,2246.172389,320.906173,224.617239,46.752474,45.934095,23.376237,22.967048,0.032787,110.000000,0.000000,20.000000,1.212105,0.000000
4,3209.061728,0.000000,2246.172389,0.000000,3209.061728,2246.172389,320.906173,224.617239,46.752474,45.934095,23.376237,22.967048,0.032787,110.000000,0.000000,20.000000,1.212105,0.000000
4,23607.828730,0.000000,21895.420163,0.000000,23607.828730,21895.420163,2360.782873,2189.542016,44.116992,42.973660,22.058496,21.486830,0.232558,110.000000,0.000000,20.000000,3.707746,0.000000
4,3209.061728,0.000000,2246.172389,0.000000,3209.061728,2246.172389,320.906173,224.617239,46.752474,45.934095,23.376237,22.967048,0.032787,110.000000,0.000000,20.000000,1.212105,0.000000
4,1890.922503,0.000000,2014.268728,0.000000,1890.922503,2014.268728,189.092250,201.426873,53.006086,42.722308,26.503043,21.361154,0.111111,400.000000,0.000000,25.000000,1.268644,0.000000
4,1890.922503,0.000000,2014.268728,0.000000,1890.922503,2014.268728,189.092250,201.426873,53.006086,42.722308,26.503043,21.361154,0.111111,400.000000,0.000000,25.000000,1.268644,0.000000
4,32864.192303,0.000000,34492.998819,0.000000,32864.192303,34492.998819,3286.419230,3449.299882,51.092841,42.306185,25.546420,21.153092,0.111111,400.000000,0.000000,25.000000,5.100212,0.000000
4,32864.192303,0.000000,34492.998819,0.000000,32864.192303,34492.998819,3286.419230,3449.299882,51.092841,42.306185,25.546420,21.153092,0.111111,400.000000,0.000000,25.000000,5.100212,0.000000
1,1906.347222,0.000000,1473.319049,0.000000,1906.347222,1473.319049,190.634722,147.331905,52.716241,36.247904,26.358120,18.123952,0.100000,1360.000000,0.000000,25.000000,1.088710,0.000000
1,1583.265122,0.000000,704.166667,0.000000,1583.265122,704.166667,158.326512,70.416667,23.596244,19.301183,11.798122,9.650592,0.071429,1360.000000,0.000000,10.000000,0.574004,0.000000
1,657.055773,0.000000,335.325987,0.000000,657.055773,335.325987,65.705577,33.532599,42.133915,25.128714,21.066958,12.564357,0.100000,690.000000,0.000000,20.000000,0.880194,0.000000
1,2238.978950,0.000000,1473.319049,0.000000,2238.978950,1473.319049,223.897895,147.331905,68.712173,36.470195,34.356087,18.235098,0.090909,1460.000000,0.000000,30.000000,1.453210,0.000000
1,1647.090424,0.000000,620.991736,0.000000,1647.090424,620.991736,164.709042,62.099174,19.262577,6.421988,9.631289,3.210994,0.040000,210.000000,0.000000,5.000000,0.516204,0.000000
1,856.471154,0.000000,839.313878,0.000000,856.471154,839.313878,85.647115,83.931388,12.220276,6.751692,6.110138,3.375846,0.111111,300.000000,0.000000,5.000000,0.323981,0.000000
1,1467.776461,0.000000,1646.397077,0.000000,1467.776461,1646.397077,146.777646,164.639708,16.236408,11.017171,8.118204,5.508585,0.071429,700.000000,0.000000,5.000000,0.464220,0.000000
1,811.587465,0.000000,421.421458,0.000000,811.587465,421.421458,81.158746,42.142146,44.949461,36.774215,22.474730,18.387107,0.071429,700.000000,0.000000,20.000000,0.956434,0.000000
1,1286.296875,0.000000,600.000000,0.000000,1286.296875,600.000000,128.629687,60.000000,41.761056,23.227941,20.880528,11.613970,0.066667,290.000000,0.000000,20.000000,0.910186,0.000000
1,1644.173867,0.000000,1406.451574,0.000000,1644.173867,1406.451574,164.417387,140.645157,12.616195,13.615826,6.308097,6.807913,0.034483,50.000000,0.000000,5.000000,0.368596,0.451613
1,653.200485,0.000000,548.825485,0.000000,653.200485,548.825485,65.320048,54.882548,30.095050,33.066705,15.047525,16.533352,0.090909,480.000000,0.000000,15.000000,0.638439,0.729867
1,2433.436029,0.000000,5178.800000,0.000000,2433.436029,5178.800000,243.343603,517.880000,66.811993,38.602802,33.405996,19.301401,0.076923,1900.000000,0.000000,30.000000,1.596068,0.000000
1,2433.436029,0.000000,5178.800000,0.000000,2433.436029,5178.800000,243.343603,517.880000,66.811993,38.602802,33.405996,19.301401,0.076923,1900.000000,0.000000,30.000000,1.596068,0.000000
1,1352.675632,0.000000,1687.820069,0.000000,1352.675632,1687.820069,135.267563,168.782007,29.843611,14.130184,14.921805,7.065092,0.076923,1670.000000,0.000000,10.000000,0.641427,0.000000
1,2433.436029,0.000000,5178.800000,0.000000,2433.436029,5178.800000,243.343603,517.880000,66.811993,38.602802,33.405996,19.301401,0.076923,1900.000000,0.000000,30.000000,1.596068,0.000000
1,1705.371055,0.000000,1818.365510,0.000000,1705.371055,1818.365510,170.537106,181.836551,43.828232,37.735108,21.914116,18.867554,0.125000,2010.000000,0.000000,20.000000,1.090057,0.000000
1,1204.907280,0.000000,1548.200754,0.000000,1204.907280,1548.200754,120.490728,154.820075,12.426493,16.304380,6.213246,8.152190,0.142857,2170.000000,0.000000,5.000000,0.248530,0.000000
3,-13914.756185,0.000000,-14899.908257,0.000000,13914.756185,14899.908257,1391.475619,1489.990826,66.059840,46.825150,33.029920,23.412575,0.222222,840.000000,0.000000,30.000000,3.024669,0.000000
3,-13914.756185,0.000000,-14899.908257,0.000000,13914.756185,14899.908257,1391.475619,1489.990826,66.059840,46.825150,33.029920,23.412575,0.222222,840.000000,0.000000,30.000000,3.024669,0.000000
3,-13914.756185,0.000000,-14899.908257,0.000000,13914.756185,14899.908257,1391.475619,1489.990826,66.059840,46.825150,33.029920,23.412575,0.222222,840.000000,0.000000,30.000000,3.024669,0.000000
3,-13914.756185,0.000000,-14899.908257,0.000000,13914.756185,14899.908257,1391.475619,1489.990826,66.059840,46.825150,33.029920,23.412575,0.222222,840.000000,0.000000,30.000000,3.024669,0.000000
3,-48542.616190,0.000000,-46301.747671,0.000000,48542.616190,46301.747671,4854.261619,4630.174767,51.249807,42.332398,25.624904,21.166199,0.083333,450.000000,0.000000,25.000000,7.020505,0.000000
3,-17109.959678,0.000000,-16303.426670,0.000000,17109.959678,16303.426670,1710.995968,1630.342667,58.535668,46.009757,29.267834,23.004879,0.041667,450.000000,0.000000,25.000000,3.236865,0.000000
3,-2302.279153,0.000000,-2290.905890,0.000000,2302.279153,2290.905890,230.227915,229.090589,44.113960,35.836905,22.056980,17.918452,0.041667,450.000000,0.000000,20.000000,1.094231,0.000000
3,-17109.959678,0.000000,-16303.426670,0.000000,17109.959678,16303.426670,1710.995968,1630.342667,58.535668,46.009757,29.267834,23.004879,0.041667,450.000000,0.000000,25.000000,3.236865,0.000000
3,-2302.279153,0.000000,-2290.905890,0.000000,2302.279153,2290.905890,230.227915,229.090589,44.113960,35.836905,22.056980,17.918452,0.041667,450.000000,0.000000,20.000000,1.094231,0.000000
3,-48542.616190,0.000000,-46301.747671,0.000000,48542.616190,46301.747671,4854.261619,4630.174767,51.249807,42.332398,25.624904,21.166199,0.083333,450.000000,0.000000,25.000000,7.020505,0.000000
3,-17109.959678,0.000000,-16303.426670,0.000000,17109.959678,16303.426670,1710.995968,1630.342667,58.535668,46.009757,29.267834,23.004879,0.041667,450.000000,0.000000,25.000000,3.236865,0.000000
3,-17109.959678,0.000000,-16303.426670,0.000000,17109.959678,16303.426670,1710.995968,1630.342667,58.535668,46.009757,29.267834,23.004879,0.041667,450.000000,0.000000,25.000000,3.236865,0.000000
3,-2872.816569,0.000000,-2376.562500,0.000000,2872.816569,2376.562500,287.281657,237.656250,54.372926,39.130259,27.186463,19.565129,0.038462,140.000000,0.000000,25.000000,1.371456,0.000000
3,-16469.639235,0.000000,-17646.536304,0.000000,16469.639235,17646.536304,1646.963923,1764.653630,64.195479,46.079822,32.097740,23.039911,0.038462,140.000000,0.000000,30.000000,3.266243,0.000000
3,-49222.025862,0.000000,-46468.220688,0.000000,49222.025862,46468.220688,4922.202586,4646.822069,59.966795,43.976732,29.983398,21.988366,0.076923,140.000000,0.000000,25.000000,7.276602,0.000000
3,-2872.816569,0.000000,-2376.562500,0.000000,2872.816569,2376.562500,287.281657,237.656250,54.372926,39.130259,27.186463,19.565129,0.038462,140.000000,0.000000,25.000000,1.371456,0.000000
3,-16469.639235,0.000000,-17646.536304,0.000000,16469.639235,17646.536304,1646.963923,1764.653630,64.195479,46.079822,32.097740,23.039911,0.038462,140.000000,0.000000,30.000000,3.266243,0.000000
3,-49222.025862,0.000000,-46468.220688,0.000000,49222.025862,46468.220688,4922.202586,4646.822069,59.966795,43.976732,29.983398,21.988366,0.076923,140.000000,0.000000,25.000000,7.276602,0.000000
3,-16469.639235,0.000000,-17646.536304,0.000000,16469.639235,17646.536304,1646.963923,1764.653630,64.195479,46.079822,32.097740,23.039911,0.038462,140.000000,0.000000,30.000000,3.266243,0.000000
3,-16469.639235,0.000000,-17646.536304,0.000000,16469.639235,17646.536304,1646.963923,1764.653630,64.195479,46.079822,32.097740,23.039911,0.038462,140.000000,0.000000,30.000000,3.266243,0.000000
3,-13144.543703,0.000000,-18524.755481,0.000000,13144.543703,18524.755481,1314.454370,1852.475548,63.556382,45.066024,31.778191,22.533012,0.071429,2490.000000,0.000000,30.000000,2.857571,0.000000
3,-13144.543703,0.000000,-18524.755481,0.000000,13144.543703,18524.755481,1314.454370,1852.475548,63.556382,45.066024,31.778191,22.533012,0.071429,2490.000000,0.000000,30.000000,2.857571,0.000000
3,-13144.543703,0.000000,-18524.755481,0.000000,13144.543703,18524.755481,1314.454370,1852.475548,63.556382,45.066024,31.778191,22.533012,0.071429,2490.000000,0.000000,30.000000,2.857571,0.000000
3,-890.740741,0.000000,-499.634770,0.000000,890.740741,499.634770,89.074074,49.963477,45.963614,19.590010,22.981807,9.795005,0.066667,520.000000,0.000000,20.000000,1.030510,0.000000
3,-1139.464463,0.000000,-788.359667,0.000000,1139.464463,788.359667,113.946446,78.835967,47.426199,26.106412,23.713100,13.053206,0.066667,700.000000,0.000000,20.000000,1.090224,0.000000
3,-13144.543703,0.000000,-18524.755481,0.000000,13144.543703,18524.755481,1314.454370,1852.475548,63.556382,45.066024,31.778191,22.533012,0.071429,2490.000000,0.000000,30.000000,2.857571,0.000000
3,-725.519218,0.000000,-527.777778,0.000000,725.519218,527.777778,72.551922,52.777778,51.001039,33.356815,25.500519,16.678408,0.090909,500.000000,0.000000,25.000000,1.076070,0.000000
3,-15176.674012,0.000000,-20998.164914,0.000000,15176.674012,20998.164914,1517.667401,2099.816491,65.574849,44.147647,32.787424,22.073824,0.090909,500.000000,0.000000,30.000000,3.174161,0.000000
3,-15176.674012,0.000000,-20998.164914,0.000000,15176.674012,20998.164914,1517.667401,2099.816491,65.574849,44.147647,32.787424,22.073824,0.090909,500.000000,0.000000,30.000000,3.174161,0.000000
3,-15176.674012,0.000000,-20998.164914,0.000000,15176.674012,20998.164914,1517.667401,2099.816491,65.574849,44.147647,32.787424,22.073824,0.090909,500.000000,0.000000,30.000000,3.174161,0.000000
3,-15176.674012,0.000000,-20998.164914,0.000000,15176.674012,20998.164914,1517.667401,2099.816491,65.574849,44.147647,32.787424,22.073824,0.090909,500.000000,0.000000,30.000000,3.174161,0.000000
3,-2271.453696,0.000000,-2927.913478,0.000000,2271.453696,2927.913478,227.145370,292.791348,40.784429,38.929330,20.392215,19.464665,0.200000,710.000000,0.000000,20.000000,1.078338,0.000000
3,-2271.453696,0.000000,-2927.913478,0.000000,2271.453696,2927.913478,227.145370,292.791348,40.784429,38.929330,20.392215,19.464665,0.200000,710.000000,0.000000,20.000000,1.078338,0.000000
3,-1204.217925,0.000000,-1284.755485,0.000000,1204.217925,1284.755485,120.421793,128.475548,47.463097,61.976260,23.731549,30.988130,0.111111,970.000000,0.000000,20.000000,1.099058,1.400379
3,-16287.473791,0.000000,-26522.398890,0.000000,16287.473791,26522.398890,1628.747379,2652.239889,63.508222,71.709785,31.754111,35.854893,0.037037,970.000000,0.000000,30.000000,3.304096,4.751469
3,-16287.473791,0.000000,-26522.398890,0.000000,16287.473791,26522.398890,1628.747379,2652.239889,63.508222,71.709785,31.754111,35.854893,0.037037,970.000000,0.000000,30.000000,3.304096,4.751469
3,-1695.684834,0.000000,-1589.785714,0.000000,1695.684834,1589.785714,169.568483,158.978571,41.044243,57.527431,20.522121,28.763716,0.038462,970.000000,0.000000,20.000000,1.032027,1.349496
3,-16287.473791,0.000000,-26522.398890,0.000000,16287.473791,26522.398890,1628.747379,2652.239889,63.508222,71.709785,31.754111,35.854893,0.037037,970.000000,0.000000,30.000000,3.304096,4.751469
3,-16287.473791,0.000000,-26522.398890,0.000000,16287.473791,26522.398890,1628.747379,2652.239889,63.508222,71.709785,31.754111,35.854893,0.037037,970.000000,0.000000,30.000000,3.304096,4.751469
3,-43227.394666,0.000000,-76002.364727,0.000000,43227.394666,76002.364727,4322.739467,7600.236473,81.222636,87.505535,40.611318,43.752768,0.022989,1960.000000,0.000000,40.000000,7.029068,11.252694
3,-43227.394666,0.000000,-76002.364727,0.000000,43227.394666,76002.364727,4322.739467,7600.236473,81.222636,87.505535,40.611318,43.752768,0.022989,1960.000000,0.000000,40.000000,7.029068,11.252694
3,-43227.394666,0.000000,-76002.364727,0.000000,43227.394666,76002.364727,4322.739467,7600.236473,81.222636,87.505535,40.611318,43.752768,0.022989,1960.000000,0.000000,40.000000,7.029068,11.252694
3,-43227.394666,0.000000,-76002.364727,0.000000,43227.394666,76002.364727,4322.739467,7600.236473,81.222636,87.505535,40.611318,43.752768,0.022989,1960.000000,0.000000,40.000000,7.029068,11.252694
3,-43227.394666,0.000000,-76002.364727,0.000000,43227.394666,76002.364727,4322.739467,7600.236473,81.222636,87.505535,40.611318,43.752768,0.022989,1960.000000,0.000000,40.000000,7.029068,11.252694
3,-43227.394666,0.000000,-76002.364727,0.000000,43227.394666,76002.364727,4322.739467,7600.236473,81.222636,87.505535,40.611318,43.752768,0.022989,1960.000000,0.000000,40.000000,7.029068,11.252694
3,-43227.394666,0.000000,-76002.364727,0.000000,43227.394666,76002.364727,4322.739467,7600.236473,81.222636,87.505535,40.611318,43.752768,0.022989,1960.000000,0.000000,40.000000,7.029068,11.252694
3,-43227.394666,0.000000,-76002.364727,0.000000,43227.394666,76002.364727,4322.739467,7600.236473,81.222636,87.505535,40.611318,43.752768,0.022989,1960.000000,0.000000,40.000000,7.029068,11.252694
3,-13817.281306,0.000000,-35118.451188,0.000000,13817.281306,35118.451188,1381.728131,3511.845119,63.829361,79.308223,31.914681,39.654112,0.058824,3340.000000,0.000000,30.000000,2.863031,5.975876
3,-13817.281306,0.000000,-35118.451188,0.000000,13817.281306,35118.451188,1381.728131,3511.845119,63.829361,79.308223,31.914681,39.654112,0.058824,3340.000000,0.000000,30.000000,2.863031,5.975876
3,-13817.281306,0.000000,-35118.451188,0.000000,13817.281306,35118.451188,1381.728131,3511.845119,63.829361,79.308223,31.914681,39.654112,0.058824,3340.000000,0.000000,30.000000,2.863031,5.975876
3,-13817.281306,0.000000,-35118.451188,0.000000,13817.281306,35118.451188,1381.728131,3511.845119,63.829361,79.308223,31.914681,39.654112,0.058824,3340.000000,0.000000,30.000000,2.863031,5.975876
3,-1264.407590,0.000000,-479.024943,0.000000,1264.407590,479.024943,126.440759,47.902494,32.227634,24.733674,16.113817,12.366837,0.050000,50.000000,0.000000,15.000000,0.707327,0.000000
3,-48186.938148,0.000000,-47055.421753,0.000000,48186.938148,47055.421753,4818.693815,4705.542175,53.580692,45.820097,26.790346,22.910049,0.031250,50.000000,0.000000,25.000000,6.997077,0.000000
3,-4265.862844,0.000000,-3870.447363,0.000000,4265.862844,3870.447363,426.586284,387.044736,49.684148,41.189214,24.842074,20.594607,0.031250,50.000000,0.000000,20.000000,1.431804,0.000000
3,-35419.973467,0.000000,-34322.148228,0.000000,35419.973467,34322.148228,3541.997347,3432.214823,53.052856,45.896366,26.526428,22.948183,0.062500,50.000000,0.000000,25.000000,5.392942,0.000000
3,-48186.938148,0.000000,-47055.421753,0.000000,48186.938148,47055.421753,4818.693815,4705.542175,53.580692,45.820097,26.790346,22.910049,0.031250,50.000000,0.000000,25.000000,6.997077,0.000000
3,-4265.862844,0.000000,-3870.447363,0.000000,4265.862844,3870.447363,426.586284,387.044736,49.684148,41.189214,24.842074,20.594607,0.031250,50.000000,0.000000,20.000000,1.431804,0.000000
3,-1058.335551,0.000000,-296.604938,0.000000,1058.335551,296.604938,105.833555,29.660494,20.332763,13.376737,10.166381,6.688369,0.100000,50.000000,0.000000,10.000000,0.443673,0.000000
3,-35419.973467,0.000000,-34322.148228,0.000000,35419.973467,34322.148228,3541.997347,3432.214823,53.052856,45.896366,26.526428,22.948183,0.062500,50.000000,0.000000,25.000000,5.392942,0.000000
3,-1035.251322,0.000000,-253.635117,0.000000,1035.251322,253.635117,103.525132,25.363512,31.038099,23.948497,15.519049,11.974249,0.200000,50.000000,0.000000,15.000000,0.654919,0.000000
3,-35419.973467,0.000000,-34322.148228,0.000000,35419.973467,34322.148228,3541.997347,3432.214823,53.052856,45.896366,26.526428,22.948183,0.062500,50.000000,0.000000,25.000000,5.392942,0.000000
3,-35419.973467,0.000000,-34322.148228,0.000000,35419.973467,34322.148228,3541.997347,3432.214823,53.052856,45.896366,26.526428,22.948183,0.062500,50.000000,0.000000,25.000000,5.392942,0.000000
3,-49145.931027,0.000000,-48680.878653,0.000000,49145.931027,48680.878653,4914.593103,4868.087865,52.845219,45.076343,26.422609,22.538172,0.111111,1690.000000,0.000000,25.000000,7.159830,0.000000
3,-1052.153635,0.000000,-882.530864,0.000000,1052.153635,882.530864,105.215364,88.253086,34.384125,10.611780,17.192062,5.305890,0.200000,240.000000,0.000000,15.000000,0.719344,0.000000
3,-49145.931027,0.000000,-48680.878653,0.000000,49145.931027,48680.878653,4914.593103,4868.087865,52.845219,45.076343,26.422609,22.538172,0.111111,1690.000000,0.000000,25.000000,7.159830,0.000000
3,-49352.428748,0.000000,-48957.471605,0.000000,49352.428748,48957.471605,4935.242875,4895.747160,58.299128,45.129795,29.149564,22.564898,0.068966,50.000000,0.000000,25.000000,7.251591,0.000000
3,-31881.042534,0.000000,-32888.426899,0.000000,31881.042534,32888.426899,3188.104253,3288.842690,59.794428,46.542065,29.897214,23.271033,0.034483,50.000000,0.000000,25.000000,5.096132,0.000000
3,-5643.476848,0.000000,-5244.936845,0.000000,5643.476848,5244.936845,564.347685,524.493684,51.588305,36.709250,25.794152,18.354625,0.034483,50.000000,0.000000,25.000000,1.653822,0.000000
3,-5643.476848,0.000000,-5244.936845,0.000000,5643.476848,5244.936845,564.347685,524.493684,51.588305,36.709250,25.794152,18.354625,0.034483,50.000000,0.000000,25.000000,1.653822,0.000000
3,-31881.042534,0.000000,-32888.426899,0.000000,31881.042534,32888.426899,3188.104253,3288.842690,59.794428,46.542065,29.897214,23.271033,0.034483,50.000000,0.000000,25.000000,5.096132,0.000000
3,-49352.428748,0.000000,-48957.471605,0.000000,49352.428748,48957.471605,4935.242875,4895.747160,58.299128,45.129795,29.149564,22.564898,0.068966,50.000000,0.000000,25.000000,7.251591,0.000000
3,-31881.042534,0.000000,-32888.426899,0.000000,31881.042534,32888.426899,3188.104253,3288.842690,59.794428,46.542065,29.897214,23.271033,0.034483,50.000000,0.000000,25.000000,5.096132,0.000000
3,-31881.042534,0.000000,-32888.426899,0.000000,31881.042534,32888.426899,3188.104253,3288.842690,59.794428,46.542065,29.897214,23.271033,0.034483,50.000000,0.000000,25.000000,5.096132,0.000000
0,3701.808758,0.000000,895.709343,0.000000,3701.808758,895.709343,370.180876,89.570934,41.317628,23.103671,20.658814,11.551836,0.166667,2890.000000,0.000000,20.000000,1.202435,0.000000
0,2137.549383,0.000000,271.280277,0.000000,2137.549383,271.280277,213.754938,27.128028,44.180205,26.686734,22.090103,13.343367,0.100000,1800.000000,0.000000,20.000000,1.107109,0.000000
0,1644.643388,0.000000,390.625000,0.000000,1644.643388,390.625000,164.464339,39.062500,34.074466,7.286055,17.037233,3.643028,0.062500,500.000000,0.000000,15.000000,0.838193,0.000000
0,1361.839052,0.000000,498.385683,0.000000,1361.839052,498.385683,136.183905,49.838568,39.263679,7.971719,19.631840,3.985860,0.050000,680.000000,0.000000,15.000000,0.894730,0.000000
0,659.046840,0.000000,160.661157,0.000000,659.046840,160.661157,65.904684,16.066116,14.887078,8.075808,7.443539,4.037904,0.166667,150.000000,0.000000,5.000000,0.359965,0.000000
0,1971.434240,0.000000,1887.224989,0.000000,1971.434240,1887.224989,197.143424,188.722499,25.495214,19.571763,12.747607,9.785882,0.166667,280.000000,0.000000,10.000000,0.736182,0.000000
0,450.244079,0.000000,123.469388,0.000000,450.244079,123.469388,45.024408,12.346939,14.959510,12.768867,7.479755,6.384433,0.200000,440.000000,0.000000,5.000000,0.340008,0.000000
0,1016.596861,0.000000,673.445813,0.000000,1016.596861,673.445813,101.659686,67.344581,39.056988,63.350353,19.528494,31.675177,0.083333,4050.000000,0.000000,15.000000,0.908167,1.351011
2,-189637.224080,0.000000,-221900.018448,0.000000,189637.224080,221900.018448,18963.722408,22190.001845,47.630140,57.017434,23.815070,28.508717,0.023810,790.000000,0.000000,20.000000,24.533774,28.879454
2,-202219.602780,0.000000,-221368.333517,0.000000,202219.602780,221368.333517,20221.960278,22136.833352,49.459405,57.469101,24.729703,28.734551,0.062500,720.000000,0.000000,20.000000,26.178634,28.821676
2,-189637.224080,0.000000,-221900.018448,0.000000,189637.224080,221900.018448,18963.722408,22190.001845,47.630140,57.017434,23.815070,28.508717,0.023810,790.000000,0.000000,20.000000,24.533774,28.879454
2,-1213.931210,0.000000,-1314.664119,0.000000,1213.931210,1314.664119,121.393121,131.466412,41.016273,51.957540,20.508137,25.978770,0.058824,790.000000,0.000000,20.000000,0.878697,1.203721
2,-117234.718110,0.000000,-220950.270500,0.000000,117234.718110,220950.270500,11723.471811,22095.027050,41.820794,42.220627,20.910397,21.110313,0.222222,2650.000000,0.000000,20.000000,15.459043,0.000000
2,-969.955814,0.000000,-697.857143,0.000000,969.955814,697.857143,96.995581,69.785714,57.954278,61.524261,28.977139,30.762131,0.125000,470.000000,0.000000,25.000000,1.240282,1.317726
2,-1099.321854,0.000000,-890.435268,0.000000,1099.321854,890.435268,109.932185,89.043527,45.527382,61.793408,22.763691,30.896704,0.071429,1630.000000,0.000000,20.000000,1.001665,1.347143
2,-202219.602780,0.000000,-221368.333517,0.000000,202219.602780,221368.333517,20221.960278,22136.833352,49.459405,57.469101,24.729703,28.734551,0.062500,720.000000,0.000000,20.000000,26.178634,28.821676
2,-117234.718110,0.000000,-220950.270500,0.000000,117234.718110,220950.270500,11723.471811,22095.027050,41.820794,42.220627,20.910397,21.110313,0.222222,2650.000000,0.000000,20.000000,15.459043,0.000000
2,-1375.562130,0.000000,-943.712431,0.000000,1375.562130,943.712431,137.556213,94.371243,12.091894,22.690218,6.045947,11.345109,0.045455,470.000000,0.000000,5.000000,0.349144,0.571617
2,-862.366584,0.000000,-782.979187,0.000000,862.366584,782.979187,86.236658,78.297919,43.086175,52.409207,21.543088,26.204604,0.062500,720.000000,0.000000,20.000000,0.920068,1.145942
2,27.874205,0.000000,-237084.753086,0.000000,27.874205,237084.753086,713.266817,23708.475309,8.229548,41.755185,4.114774,20.877592,0.058824,4930.000000,0.000000,0.000000,1.044914,0.000000
2,-192182.258586,0.000000,-237084.753086,0.000000,192182.258586,237084.753086,19218.225859,23708.475309,54.523212,41.755185,27.261606,20.877592,0.142857,1150.000000,0.000000,25.000000,25.081313,0.000000
2,-192182.258586,0.000000,-237084.753086,0.000000,192182.258586,237084.753086,19218.225859,23708.475309,54.523212,41.755185,27.261606,20.877592,0.142857,1150.000000,0.000000,25.000000,25.081313,0.000000
2,-3938.693878,0.000000,-360.486750,0.000000,3938.693878,360.486750,393.869388,36.048675,45.573130,35.762077,22.786565,17.881038,0.071429,2890.000000,0.000000,20.000000,1.405405,0.000000
2,-1673.675509,0.000000,-910.179501,0.000000,1673.675509,910.179501,167.367551,91.017950,41.373603,16.147972,20.686802,8.073986,0.028571,930.000000,0.000000,20.000000,0.943281,0.000000
2,-1770.483762,0.000000,-804.166205,0.000000,1770.483762,804.166205,177.048376,80.416620,40.841189,11.977352,20.420594,5.988676,0.030303,610.000000,0.000000,20.000000,0.934907,0.000000
2,27.823872,0.000000,-237084.753086,0.000000,27.823872,237084.753086,713.266817,23708.475309,8.229548,41.755185,4.114774,20.877592,0.058824,4930.000000,0.000000,0.000000,1.044914,0.000000
2,-224258.000601,0.000000,-238848.677686,0.000000,224258.000601,238848.677686,22425.800060,23884.867769,47.724937,41.870818,23.862469,20.935409,0.030303,660.000000,0.000000,20.000000,28.856664,0.000000
2,-2010.134563,0.000000,-1302.338776,0.000000,2010.134563,1302.338776,201.013456,130.233878,27.639544,24.912319,13.819772,12.456160,0.031250,660.000000,0.000000,10.000000,0.700687,0.000000
2,-224258.000601,0.000000,-238848.677686,0.000000,224258.000601,238848.677686,22425.800060,23884.867769,47.724937,41.870818,23.862469,20.935409,0.030303,660.000000,0.000000,20.000000,28.856664,0.000000
2,-1990.631049,0.000000,-1302.338776,0.000000,1990.631049,1302.338776,199.063105,130.233878,30.884944,24.912319,15.442472,12.456160,0.038462,190.000000,0.000000,15.000000,0.866810,0.000000
2,-1475.223526,0.000000,-360.486750,0.000000,1475.223526,360.486750,147.522353,36.048675,41.313271,35.939453,20.656635,17.969727,0.071429,660.000000,0.000000,20.000000,0.907462,0.000000
2,-817.900647,0.000000,-349.781478,0.000000,817.900647,349.781478,81.790065,34.978148,29.225903,24.855179,14.612951,12.427589,0.076923,1400.000000,0.000000,10.000000,0.641470,0.000000
2,-894.108987,0.000000,-424.056247,0.000000,894.108987,424.056247,89.410899,42.405625,54.516127,36.157959,27.258064,18.078980,0.062500,1230.000000,0.000000,25.000000,1.202297,0.000000
2,-170104.632652,0.000000,-252405.155344,0.000000,170104.632652,252405.155344,17010.463265,25240.515534,53.948947,41.564067,26.974473,20.782033,0.071429,2020.000000,0.000000,25.000000,22.295532,0.000000
2,-170104.632652,0.000000,-252405.155344,0.000000,170104.632652,252405.155344,17010.463265,25240.515534,53.948947,41.564067,26.974473,20.782033,0.071429,2020.000000,0.000000,25.000000,22.295532,0.000000
2,-1756.496693,0.000000,-855.307164,0.000000,1756.496693,855.307164,175.649669,85.530716,51.101804,19.715216,25.550902,9.857608,0.027027,180.000000,0.000000,25.000000,1.135556,0.000000
2,-253251.472536,0.000000,-257638.891391,0.000000,253251.472536,257638.891391,25325.147254,25763.889139,74.116538,41.523689,37.058269,20.761845,0.027027,180.000000,0.000000,35.000000,33.027882,0.000000
2,-1206.803941,0.000000,-360.486750,0.000000,1206.803941,360.486750,120.680394,36.048675,68.788916,36.522935,34.394458,18.261468,0.071429,180.000000,0.000000,30.000000,1.420815,0.000000
2,-253251.472536,0.000000,-257638.891391,0.000000,253251.472536,257638.891391,25325.147254,25763.889139,74.116538,41.523689,37.058269,20.761845,0.027027,180.000000,0.000000,35.000000,33.027882,0.000000
2,-192311.964738,0.000000,-262745.605469,0.000000,192311.964738,262745.605469,19231.196474,26274.560547,51.258963,41.681668,25.629481,20.840834,0.153846,1600.000000,0.000000,25.000000,25.016028,0.000000
2,-192311.964738,0.000000,-262745.605469,0.000000,192311.964738,262745.605469,19231.196474,26274.560547,51.258963,41.681668,25.629481,20.840834,0.153846,1600.000000,0.000000,25.000000,25.016028,0.000000
2,-1823.944823,0.000000,-456.109954,0.000000,1823.944823,456.109954,182.394482,45.610995,22.326694,21.869506,11.163347,10.934753,0.058824,1270.000000,0.000000,10.000000,0.672998,0.000000
2,-842.094563,0.000000,-456.109954,0.000000,842.094563,456.109954,84.209456,45.610995,22.226439,23.358117,11.113219,11.679058,0.062500,460.000000,0.000000,10.000000,0.501491,0.000000
2,-384.580731,0.000000,-255.102041,0.000000,387.388486,255.102041,68.184260,25.510204,17.351691,19.641540,8.675846,9.820770,0.125000,460.000000,0.000000,5.000000,0.383975,0.000000
1,2699.361491,0.000000,1733.802076,0.000000,2699.361491,1733.802076,269.936149,173.380208,46.673606,37.860281,23.336803,18.930141,0.027778,290.000000,0.000000,20.000000,1.160684,0.000000
1,1843.703247,0.000000,1027.777778,0.000000,1843.703247,1027.777778,184.370325,102.777778,19.458213,11.771749,9.729107,5.885874,0.027778,290.000000,0.000000,5.000000,0.509880,0.000000
1,7189.409586,0.000000,6767.221591,0.000000,7189.409586,6767.221591,718.940959,676.722159,47.781899,39.649247,23.890950,19.824624,0.027778,290.000000,0.000000,20.000000,1.744420,0.000000
1,2429.196735,0.000000,1576.204994,0.000000,2429.196735,1576.204994,242.919673,157.620499,25.242878,17.353917,12.621439,8.676959,0.027778,290.000000,0.000000,10.000000,0.698204,0.000000
1,7189.409586,0.000000,6767.221591,0.000000,7189.409586,6767.221591,718.940959,676.722159,47.781899,39.649247,23.890950,19.824624,0.027778,290.000000,0.000000,20.000000,1.744420,0.000000
1,7189.409586,0.000000,6767.221591,0.000000,7189.409586,6767.221591,718.940959,676.722159,47.781899,39.649247,23.890950,19.824624,0.027778,290.000000,0.000000,20.000000,1.744420,0.000000
1,1569.281303,0.000000,640.000000,0.000000,1569.281303,640.000000,156.928130,64.000000,33.330871,25.286437,16.665435,12.643218,0.062500,290.000000,0.000000,15.000000,0.752614,0.000000
1,2537.717281,0.000000,2611.417180,0.000000,2537.717281,2611.417180,253.771728,261.141718,28.762722,29.520081,14.381361,14.760040,0.022727,60.000000,0.000000,10.000000,0.892583,0.916582
1,5754.716412,0.000000,7555.517650,0.000000,5754.716412,7555.517650,575.471641,755.551765,51.268667,57.390806,25.634334,28.695403,0.047619,790.000000,0.000000,25.000000,1.745897,2.091886
1,5754.716412,0.000000,7555.517650,0.000000,5754.716412,7555.517650,575.471641,755.551765,51.268667,57.390806,25.634334,28.695403,0.047619,790.000000,0.000000,25.000000,1.745897,2.091886
1,5754.716412,0.000000,7555.517650,0.000000,5754.716412,7555.517650,575.471641,755.551765,51.268667,57.390806,25.634334,28.695403,0.047619,790.000000,0.000000,25.000000,1.745897,2.091886
1,1211.246636,0.000000,1216.512000,0.000000,1211.246636,1216.512000,121.124664,121.651200,15.584019,16.905849,7.792010,8.452925,0.100000,1590.000000,0.000000,5.000000,0.428422,0.000000
1,2950.493043,0.000000,13069.633827,0.000000,2950.493043,13069.633827,295.049304,1306.963383,51.997525,35.746901,25.998763,17.873451,0.036364,3000.000000,0.000000,25.000000,1.284192,0.000000
1,1956.575754,0.000000,444.444444,0.000000,1956.575754,444.444444,195.657575,44.444444,20.870900,13.148847,10.435450,6.574423,0.066667,1020.000000,0.000000,10.000000,0.610741,0.000000
1,2539.996636,0.000000,1334.025000,0.000000,2539.996636,1334.025000,253.999664,133.402500,35.697678,14.910858,17.848839,7.455429,0.021277,210.000000,0.000000,15.000000,1.032572,0.000000
1,2950.493043,0.000000,13069.633827,0.000000,2950.493043,13069.633827,295.049304,1306.963383,51.997525,35.746901,25.998763,17.873451,0.036364,3000.000000,0.000000,25.000000,1.284192,0.000000
1,2289.681294,0.000000,819.131250,0.000000,2289.681294,819.131250,228.968129,81.913125,17.478396,14.258522,8.739198,7.129261,0.055556,1330.000000,0.000000,5.000000,0.560596,0.000000
1,2950.493043,0.000000,13069.633827,0.000000,2950.493043,13069.633827,295.049304,1306.963383,51.997525,35.746901,25.998763,17.873451,0.036364,3000.000000,0.000000,25.000000,1.284192,0.000000
1,12457.005858,0.000000,13069.633827,0.000000,12457.005858,13069.633827,1245.700586,1306.963383,56.422792,35.746901,28.211396,17.873451,0.033898,250.000000,0.000000,25.000000,2.682054,0.000000
1,4430.130508,0.000000,1252.071006,0.000000,4430.130508,1252.071006,443.013051,125.207101,33.020049,15.594789,16.510025,7.797395,0.019608,210.000000,0.000000,15.000000,1.215560,0.000000
1,1641.508886,0.000000,244.152249,0.000000,1641.508886,244.152249,164.150889,24.415225,37.533817,18.759300,18.766908,9.379650,0.111111,250.000000,0.000000,15.000000,0.925249,0.000000
1,2481.218478,0.000000,1576.819285,0.000000,2481.218478,1576.819285,248.121848,157.681929,45.418789,36.834405,22.709394,18.417203,0.026316,40.000000,0.000000,20.000000,1.109812,0.000000
1,14527.804580,0.000000,13582.930202,0.000000,14527.804580,13582.930202,1452.780458,1358.293020,49.495394,42.084213,24.747697,21.042107,0.026316,40.000000,0.000000,20.000000,2.698015,0.000000
1,14527.804580,0.000000,13582.930202,0.000000,14527.804580,13582.930202,1452.780458,1358.293020,49.495394,42.084213,24.747697,21.042107,0.026316,40.000000,0.000000,20.000000,2.698015,0.000000
1,14527.804580,0.000000,13582.930202,0.000000,14527.804580,13582.930202,1452.780458,1358.293020,49.495394,42.084213,24.747697,21.042107,0.026316,40.000000,0.000000,20.000000,2.698015,0.000000
1,3941.069965,0.000000,3071.135749,0.000000,3941.069965,3071.135749,394.106996,307.113575,23.429915,15.380831,11.714958,7.690415,0.026316,40.000000,0.000000,10.000000,0.852202,0.000000
1,14527.804580,0.000000,13582.930202,0.000000,14527.804580,13582.930202,1452.780458,1358.293020,49.495394,42.084213,24.747697,21.042107,0.026316,40.000000,0.000000,20.000000,2.698015,0.000000
1,1466.557283,0.000000,596.623068,0.000000,1466.557283,596.623068,146.655728,59.662307,37.587713,29.203915,18.793857,14.601957,0.062500,40.000000,0.000000,15.000000,0.826313,0.000000
1,2435.758258,0.000000,1543.448393,0.000000,2435.758258,1543.448393,243.575826,154.344839,46.141122,37.288409,23.070561,18.644204,0.025641,260.000000,0.000000,20.000000,1.115620,0.000000
1,733.301109,0.000000,581.042677,0.000000,733.301109,581.042677,73.330111,58.104268,35.943076,55.711169,17.971538,27.855585,0.090909,1790.000000,0.000000,15.000000,0.811568,1.186866
1,15535.345417,0.000000,13853.827160,0.000000,15535.345417,13853.827160,1553.534542,1385.382716,51.833464,45.161526,25.916732,22.580763,0.025641,260.000000,0.000000,25.000000,2.863955,0.000000
1,15535.345417,0.000000,13853.827160,0.000000,15535.345417,13853.827160,1553.534542,1385.382716,51.833464,45.161526,25.916732,22.580763,0.025641,260.000000,0.000000,25.000000,2.863955,0.000000
1,15535.345417,0.000000,13853.827160,0.000000,15535.345417,13853.827160,1553.534542,1385.382716,51.833464,45.161526,25.916732,22.580763,0.025641,260.000000,0.000000,25.000000,2.863955,0.000000
1,4376.804514,0.000000,3484.004545,0.000000,4376.804514,3484.004545,437.680451,348.400454,25.630850,16.960780,12.815425,8.480390,0.025641,260.000000,0.000000,10.000000,0.949543,0.000000
1,1488.932933,0.000000,596.623068,0.000000,1488.932933,596.623068,148.893293,59.662307,38.974960,30.306208,19.487480,15.153104,0.062500,260.000000,0.000000,15.000000,0.854028,0.000000
1,15535.345417,0.000000,13853.827160,0.000000,15535.345417,13853.827160,1553.534542,1385.382716,51.833464,45.161526,25.916732,22.580763,0.025641,260.000000,0.000000,25.000000,2.863955,0.000000
1,1317.486502,0.000000,1287.452677,0.000000,1317.486502,1287.452677,131.748650,128.745268,27.044439,23.638748,13.522219,11.819374,0.142857,2300.000000,0.000000,10.000000,0.703905,0.000000
1,2483.222647,0.000000,3013.683057,0.000000,2483.222647,3013.683057,248.322265,301.368306,46.783833,50.692425,23.391917,25.346213,0.025641,500.000000,0.000000,20.000000,1.128568,1.390588
4,746.821302,0.000000,0.000000,0.000000,746.821302,0.000000,74.682130,0.000000,5.318846,0.000000,2.659423,0.000000,0.166667,590.000000,0.000000,0.000000,0.175540,0.000000
4,34611.156588,0.000000,33767.120785,0.000000,34611.156588,33767.120785,3461.115659,3376.712078,40.734185,43.723333,20.367093,21.861666,0.083333,820.000000,0.000000,20.000000,5.074581,0.000000
4,34611.156588,0.000000,33767.120785,0.000000,34611.156588,33767.120785,3461.115659,3376.712078,40.734185,43.723333,20.367093,21.861666,0.083333,820.000000,0.000000,20.000000,5.074581,0.000000
4,32331.403374,0.000000,31912.921255,0.000000,32331.403374,31912.921255,3233.140337,3191.292126,56.703930,45.455222,28.351965,22.727611,0.096774,430.000000,0.000000,25.000000,5.128023,0.000000
4,18993.028927,0.000000,31912.921255,0.000000,18993.028927,31912.921255,1899.302893,3191.292126,47.155804,45.455222,23.577902,22.727611,0.214286,4060.000000,0.000000,20.000000,3.296551,0.000000
4,1023.354593,0.000000,295.857988,0.000000,1023.354593,295.857988,102.335459,29.585799,28.084265,17.509788,14.042132,8.754894,0.125000,310.000000,0.000000,10.000000,0.691036,0.000000
4,32331.403374,0.000000,31912.921255,0.000000,32331.403374,31912.921255,3233.140337,3191.292126,56.703930,45.455222,28.351965,22.727611,0.096774,430.000000,0.000000,25.000000,5.128023,0.000000
4,18993.028927,0.000000,31912.921255,0.000000,18993.028927,31912.921255,1899.302893,3191.292126,47.155804,45.455222,23.577902,22.727611,0.214286,4060.000000,0.000000,20.000000,3.296551,0.000000
4,32570.629974,0.000000,32009.448747,0.000000,32570.629974,32009.448747,3257.062997,3200.944875,47.249516,45.531328,23.624758,22.765664,0.034483,30.000000,0.000000,20.000000,4.931713,0.000000
4,32570.629974,0.000000,32009.448747,0.000000,32570.629974,32009.448747,3257.062997,3200.944875,47.249516,45.531328,23.624758,22.765664,0.034483,30.000000,0.000000,20.000000,4.931713,0.000000
4,32814.070366,0.000000,33370.708852,0.000000,32814.070366,33370.708852,3281.407037,3337.070885,57.966399,45.359349,28.983200,22.679675,0.250000,1300.000000,0.000000,25.000000,5.245695,0.000000
4,32814.070366,0.000000,33370.708852,0.000000,32814.070366,33370.708852,3281.407037,3337.070885,57.966399,45.359349,28.983200,22.679675,0.250000,1300.000000,0.000000,25.000000,5.245695,0.000000
4,4307.562384,0.000000,4534.402671,0.000000,4307.562384,4534.402671,430.756238,453.440267,54.021239,44.425053,27.010620,22.212526,0.037037,450.000000,0.000000,25.000000,1.539995,0.000000
4,4307.562384,0.000000,4534.402671,0.000000,4307.562384,4534.402671,430.756238,453.440267,54.021239,44.425053,27.010620,22.212526,0.037037,450.000000,0.000000,25.000000,1.539995,0.000000
4,2554.750527,0.000000,1828.884688,0.000000,2554.750527,1828.884688,255.475053,182.888469,53.602781,46.232924,26.801391,23.116462,0.037037,450.000000,0.000000,25.000000,1.311981,0.000000
4,2554.750527,0.000000,1828.884688,0.000000,2554.750527,1828.884688,255.475053,182.888469,53.602781,46.232924,26.801391,23.116462,0.037037,450.000000,0.000000,25.000000,1.311981,0.000000
4,4307.562384,0.000000,4534.402671,0.000000,4307.562384,4534.402671,430.756238,453.440267,54.021239,44.425053,27.010620,22.212526,0.037037,450.000000,0.000000,25.000000,1.539995,0.000000
4,1105.004082,0.000000,470.204082,0.000000,1105.004082,470.204082,110.500408,47.020408,36.095706,29.894400,18.047853,14.947200,0.062500,450.000000,0.000000,15.000000,0.780658,0.000000
3,-5945.608868,0.000000,-6512.378425,0.000000,5945.608868,6512.378425,594.560887,651.237843,68.188082,68.207611,34.094041,34.103806,0.055556,110.000000,0.000000,30.000000,2.106355,2.179111
3,-1096.776415,0.000000,-1071.014215,0.000000,1096.776415,1071.014215,109.677642,107.101421,38.730341,40.005367,19.365170,20.002684,0.050000,160.000000,0.000000,15.000000,0.849932,0.934529
3,-5945.608868,0.000000,-6512.378425,0.000000,5945.608868,6512.378425,594.560887,651.237843,68.188082,68.207611,34.094041,34.103806,0.055556,110.000000,0.000000,30.000000,2.106355,2.179111
3,-50953.774671,0.000000,-51307.072481,0.000000,50953.774671,51307.072481,5095.377467,5130.707248,65.009785,68.250268,32.504893,34.125134,0.062500,190.000000,0.000000,30.000000,7.668592,7.788405
3,-50953.774671,0.000000,-51307.072481,0.000000,50953.774671,51307.072481,5095.377467,5130.707248,65.009785,68.250268,32.504893,34.125134,0.062500,190.000000,0.000000,30.000000,7.668592,7.788405
3,-34352.357940,0.000000,-34440.788000,0.000000,34352.357940,34440.788000,3435.235794,3444.078800,53.084463,64.513183,26.542232,32.256591,0.100000,940.000000,0.000000,25.000000,5.319018,5.593219
3,-26116.770003,0.000000,-34229.538000,0.000000,26116.770003,34229.538000,2611.677000,3422.953800,59.305773,48.045670,29.652886,24.022835,0.133333,1340.000000,0.000000,25.000000,4.405212,0.000000
3,-26116.770003,0.000000,-34229.538000,0.000000,26116.770003,34229.538000,2611.677000,3422.953800,59.305773,48.045670,29.652886,24.022835,0.133333,1340.000000,0.000000,25.000000,4.405212,0.000000
3,-34352.357940,0.000000,-34440.788000,0.000000,34352.357940,34440.788000,3435.235794,3444.078800,53.084463,64.513183,26.542232,32.256591,0.100000,940.000000,0.000000,25.000000,5.319018,5.593219
3,-34352.357940,0.000000,-34440.788000,0.000000,34352.357940,34440.788000,3435.235794,3444.078800,53.084463,64.513183,26.542232,32.256591,0.100000,940.000000,0.000000,25.000000,5.319018,5.593219
3,-26116.770003,0.000000,-34229.538000,0.000000,26116.770003,34229.538000,2611.677000,3422.953800,59.305773,48.045670,29.652886,24.022835,0.133333,1340.000000,0.000000,25.000000,4.405212,0.000000
3,-26116.770003,0.000000,-34229.538000,0.000000,26116.770003,34229.538000,2611.677000,3422.953800,59.305773,48.045670,29.652886,24.022835,0.133333,1340.000000,0.000000,25.000000,4.405212,0.000000
3,-34352.357940,0.000000,-34440.788000,0.000000,34352.357940,34440.788000,3435.235794,3444.078800,53.084463,64.513183,26.542232,32.256591,0.100000,940.000000,0.000000,25.000000,5.319018,5.593219
3,-1095.123457,0.000000,-1211.250000,0.000000,1095.123457,1211.250000,109.512346,121.125000,24.076659,32.453094,12.038329,16.226547,0.100000,680.000000,0.000000,10.000000,0.518530,0.800400
3,-16197.367211,0.000000,-62088.931053,0.000000,16197.367211,62088.931053,1619.736721,6208.893105,64.405600,82.619035,32.202800,41.309518,0.035714,4350.000000,0.000000,30.000000,3.311182,9.421071
3,-31703.369991,0.000000,-33673.951964,0.000000,31703.369991,33673.951964,3170.336999,3367.395196,53.951206,48.229149,26.975603,24.114575,0.050000,690.000000,0.000000,25.000000,4.979268,0.000000
3,-31703.369991,0.000000,-33673.951964,0.000000,31703.369991,33673.951964,3170.336999,3367.395196,53.951206,48.229149,26.975603,24.114575,0.050000,690.000000,0.000000,25.000000,4.979268,0.000000
3,-31703.369991,0.000000,-33673.951964,0.000000,31703.369991,33673.951964,3170.336999,3367.395196,53.951206,48.229149,26.975603,24.114575,0.050000,690.000000,0.000000,25.000000,4.979268,0.000000
3,-16197.367211,0.000000,-62088.931053,0.000000,16197.367211,62088.931053,1619.736721,6208.893105,64.405600,82.619035,32.202800,41.309518,0.035714,4350.000000,0.000000,30.000000,3.311182,9.421071
3,-16197.367211,0.000000,-62088.931053,0.000000,16197.367211,62088.931053,1619.736721,6208.893105,64.405600,82.619035,32.202800,41.309518,0.035714,4350.000000,0.000000,30.000000,3.311182,9.421071
3,-16197.367211,0.000000,-62088.931053,0.000000,16197.367211,62088.931053,1619.736721,6208.893105,64.405600,82.619035,32.202800,41.309518,0.035714,4350.000000,0.000000,30.000000,3.311182,9.421071
3,-31703.369991,0.000000,-33673.951964,0.000000,31703.369991,33673.951964,3170.336999,3367.395196,53.951206,48.229149,26.975603,24.114575,0.050000,690.000000,0.000000,25.000000,4.979268,0.000000
3,-3977.976471,0.000000,-7556.184372,0.000000,3977.976471,7556.184372,397.797647,755.618437,69.190339,38.942176,34.595170,19.471088,0.050000,1530.000000,0.000000,30.000000,1.881484,0.000000
3,-3977.976471,0.000000,-7556.184372,0.000000,3977.976471,7556.184372,397.797647,755.618437,69.190339,38.942176,34.595170,19.471088,0.050000,1530.000000,0.000000,30.000000,1.881484,0.000000
3,-50702.938558,0.000000,-53568.401915,0.000000,50702.938558,53568.401915,5070.293856,5356.840192,57.636503,43.935330,28.818252,21.967665,0.083333,640.000000,0.000000,25.000000,7.460475,0.000000
3,-50702.938558,0.000000,-53568.401915,0.000000,50702.938558,53568.401915,5070.293856,5356.840192,57.636503,43.935330,28.818252,21.967665,0.083333,640.000000,0.000000,25.000000,7.460475,0.000000
3,-46068.319608,0.000000,-64101.416982,0.000000,46068.319608,64101.416982,4606.831961,6410.141698,56.122372,41.671838,28.061186,20.835919,0.030303,1610.000000,0.000000,25.000000,6.776155,0.000000
3,-34864.053454,0.000000,-32918.877053,0.000000,34864.053454,32918.877053,3486.405345,3291.887705,56.579920,48.774285,28.289960,24.387142,0.060606,1610.000000,0.000000,25.000000,5.385853,0.000000
3,-34864.053454,0.000000,-32918.877053,0.000000,34864.053454,32918.877053,3486.405345,3291.887705,56.579920,48.774285,28.289960,24.387142,0.060606,1610.000000,0.000000,25.000000,5.385853,0.000000
3,-1154.750833,0.000000,-268.554688,0.000000,1154.750833,268.554688,115.475083,26.855469,41.607947,18.664071,20.803973,9.332036,0.181818,140.000000,0.000000,20.000000,0.942744,0.000000
3,-1277.543462,0.000000,-421.038062,0.000000,1277.543462,421.038062,127.754346,42.103806,35.124672,27.891505,17.562336,13.945752,0.055556,1610.000000,0.000000,15.000000,0.762291,0.000000
3,-34864.053454,0.000000,-32918.877053,0.000000,34864.053454,32918.877053,3486.405345,3291.887705,56.579920,48.774285,28.289960,24.387142,0.060606,1610.000000,0.000000,25.000000,5.385853,0.000000
3,-46068.319608,0.000000,-64101.416982,0.000000,46068.319608,64101.416982,4606.831961,6410.141698,56.122372,41.671838,28.061186,20.835919,0.030303,1610.000000,0.000000,25.000000,6.776155,0.000000
3,-33492.302537,0.000000,-32918.877053,0.000000,33492.302537,32918.877053,3349.230254,3291.887705,63.106567,48.774285,31.553284,24.387142,0.047619,500.000000,0.000000,30.000000,5.384763,0.000000
3,-34864.053454,0.000000,-32918.877053,0.000000,34864.053454,32918.877053,3486.405345,3291.887705,56.579920,48.774285,28.289960,24.387142,0.060606,1610.000000,0.000000,25.000000,5.385853,0.000000
3,-33492.302537,0.000000,-32918.877053,0.000000,33492.302537,32918.877053,3349.230254,3291.887705,63.106567,48.774285,31.553284,24.387142,0.047619,500.000000,0.000000,30.000000,5.384763,0.000000
3,-4835.099573,0.000000,-8601.735210,0.000000,4835.099573,8601.735210,483.509957,860.173521,51.329644,41.504820,25.664822,20.752410,0.030303,1610.000000,0.000000,25.000000,1.531365,0.000000
3,-4835.099573,0.000000,-8601.735210,0.000000,4835.099573,8601.735210,483.509957,860.173521,51.329644,41.504820,25.664822,20.752410,0.030303,1610.000000,0.000000,25.000000,1.531365,0.000000
3,-33492.302537,0.000000,-32918.877053,0.000000,33492.302537,32918.877053,3349.230254,3291.887705,63.106567,48.774285,31.553284,24.387142,0.047619,500.000000,0.000000,30.000000,5.384763,0.000000
3,-33492.302537,0.000000,-32918.877053,0.000000,33492.302537,32918.877053,3349.230254,3291.887705,63.106567,48.774285,31.553284,24.387142,0.047619,500.000000,0.000000,30.000000,5.384763,0.000000
3,-33306.821824,0.000000,-33254.194513,0.000000,33306.821824,33254.194513,3330.682182,3325.419451,53.020815,51.495110,26.510408,25.747555,0.058824,20.000000,0.000000,25.000000,5.174870,5.185615
3,-33306.821824,0.000000,-33254.194513,0.000000,33306.821824,33254.194513,3330.682182,3325.419451,53.020815,51.495110,26.510408,25.747555,0.058824,20.000000,0.000000,25.000000,5.174870,5.185615
3,-33306.821824,0.000000,-33254.194513,0.000000,33306.821824,33254.194513,3330.682182,3325.419451,53.020815,51.495110,26.510408,25.747555,0.058824,20.000000,0.000000,25.000000,5.174870,5.185615
3,-33306.821824,0.000000,-33254.194513,0.000000,33306.821824,33254.194513,3330.682182,3325.419451,53.020815,51.495110,26.510408,25.747555,0.058824,20.000000,0.000000,25.000000,5.174870,5.185615
3,-1336.020226,0.000000,-874.321424,0.000000,1336.020226,874.321424,133.602023,87.432142,51.375082,25.136185,25.687541,12.568093,0.055556,240.000000,0.000000,25.000000,1.080108,0.000000
3,-8833.928257,0.000000,-8355.788616,0.000000,8833.928257,8355.788616,883.392826,835.578862,53.018029,41.175273,26.509014,20.587636,0.166667,290.000000,0.000000,25.000000,2.146488,0.000000
3,-63151.426408,0.000000,-61336.916340,0.000000,63151.426408,61336.916340,6315.142641,6133.691634,53.369975,43.241421,26.684987,21.620710,0.166667,290.000000,0.000000,25.000000,8.938756,0.000000
3,-8833.928257,0.000000,-8355.788616,0.000000,8833.928257,8355.788616,883.392826,835.578862,53.018029,41.175273,26.509014,20.587636,0.166667,290.000000,0.000000,25.000000,2.146488,0.000000
3,-63151.426408,0.000000,-61336.916340,0.000000,63151.426408,61336.916340,6315.142641,6133.691634,53.369975,43.241421,26.684987,21.620710,0.166667,290.000000,0.000000,25.000000,8.938756,0.000000
3,-9595.310421,0.000000,-9981.191184,0.000000,9595.310421,9981.191184,959.531042,998.119118,64.929355,43.748178,32.464678,21.874089,0.026316,580.000000,0.000000,30.000000,2.384715,0.000000
3,-33833.859217,0.000000,-36694.415845,0.000000,33833.859217,36694.415845,3383.385922,3669.441585,72.130529,47.678238,36.065265,23.839119,0.052632,580.000000,0.000000,35.000000,5.556119,0.000000
3,-8991.845179,0.000000,-10481.383492,0.000000,8991.845179,10481.383492,899.184518,1048.138349,73.842108,80.581370,36.921054,40.290685,0.076923,380.000000,0.000000,35.000000,2.597790,2.922734
3,-63912.808572,0.000000,-58068.089618,0.000000,63912.808572,58068.089618,6391.280857,5806.808962,65.281301,43.981992,32.640651,21.990996,0.026316,580.000000,0.000000,30.000000,9.176982,0.000000
3,-1183.536852,0.000000,-252.525253,0.000000,1183.536852,252.525253,118.353685,25.252525,42.401062,25.698054,21.200531,12.849027,0.181818,580.000000,0.000000,20.000000,0.881568,0.000000
3,-33833.859217,0.000000,-36694.415845,0.000000,33833.859217,36694.415845,3383.385922,3669.441585,72.130529,47.678238,36.065265,23.839119,0.052632,580.000000,0.000000,35.000000,5.556119,0.000000
3,-33833.859217,0.000000,-36694.415845,0.000000,33833.859217,36694.415845,3383.385922,3669.441585,72.130529,47.678238,36.065265,23.839119,0.052632,580.000000,0.000000,35.000000,5.556119,0.000000
3,-8704.670622,0.000000,-9981.191184,0.000000,8704.670622,9981.191184,870.467062,998.119118,53.133316,43.748178,26.566658,21.874089,0.111111,380.000000,0.000000,25.000000,2.147722,0.000000
3,-33833.859217,0.000000,-36694.415845,0.000000,33833.859217,36694.415845,3383.385922,3669.441585,72.130529,47.678238,36.065265,23.839119,0.052632,580.000000,0.000000,35.000000,5.556119,0.000000
3,-8704.670622,0.000000,-9981.191184,0.000000,8704.670622,9981.191184,870.467062,998.119118,53.133316,43.748178,26.566658,21.874089,0.111111,380.000000,0.000000,25.000000,2.147722,0.000000
3,-63912.808572,0.000000,-58068.089618,0.000000,63912.808572,58068.089618,6391.280857,5806.808962,65.281301,43.981992,32.640651,21.990996,0.026316,580.000000,0.000000,30.000000,9.176982,0.000000
3,-9595.310421,0.000000,-9981.191184,0.000000,9595.310421,9981.191184,959.531042,998.119118,64.929355,43.748178,32.464678,21.874089,0.026316,580.000000,0.000000,30.000000,2.384715,0.000000
3,-8991.845179,0.000000,-10481.383492,0.000000,8991.845179,10481.383492,899.184518,1048.138349,73.842108,80.581370,36.921054,40.290685,0.076923,380.000000,0.000000,35.000000,2.597790,2.922734
3,-8022.163300,0.000000,-10325.321272,0.000000,8022.163300,10325.321272,802.216330,1032.532127,46.870461,43.641270,23.435231,21.820635,0.095238,870.000000,0.000000,20.000000,1.877083,0.000000
3,-8022.163300,0.000000,-10325.321272,0.000000,8022.163300,10325.321272,802.216330,1032.532127,46.870461,43.641270,23.435231,21.820635,0.095238,870.000000,0.000000,20.000000,1.877083,0.000000
3,-54071.378106,0.000000,-57193.802131,0.000000,54071.378106,57193.802131,5407.137811,5719.380213,50.907873,44.344060,25.453936,22.172030,0.047619,870.000000,0.000000,25.000000,7.715915,0.000000
3,-54071.378106,0.000000,-57193.802131,0.000000,54071.378106,57193.802131,5407.137811,5719.380213,50.907873,44.344060,25.453936,22.172030,0.047619,870.000000,0.000000,25.000000,7.715915,0.000000
2,-1719.749483,0.000000,-805.638177,0.000000,1719.749483,805.638177,171.974948,80.563818,38.904319,29.881059,19.452160,14.940529,0.029412,170.000000,0.000000,15.000000,0.883433,0.000000
2,-1223.801168,0.000000,-347.156454,0.000000,1223.801168,347.156454,122.380117,34.715645,45.726410,36.572756,22.863205,18.286378,0.076923,170.000000,0.000000,20.000000,0.957956,0.000000
2,-253430.380873,0.000000,-248398.224683,0.000000,253430.380873,248398.224683,25343.038087,24839.822468,52.375269,43.136439,26.187635,21.568220,0.026316,170.000000,0.000000,25.000000,32.610497,0.000000
2,-253430.380873,0.000000,-248398.224683,0.000000,253430.380873,248398.224683,25343.038087,24839.822468,52.375269,43.136439,26.187635,21.568220,0.026316,170.000000,0.000000,25.000000,32.610497,0.000000
2,-1197.064870,0.000000,-864.285714,0.000000,1197.064870,864.285714,119.706487,86.428571,36.672885,29.962921,18.336443,14.981461,0.062500,370.000000,0.000000,15.000000,0.834128,0.000000
2,-1504.866850,0.000000,-870.117188,0.000000,1504.866850,870.117188,150.486685,87.011719,44.280551,28.579845,22.140275,14.289923,0.125000,2680.000000,0.000000,20.000000,1.033507,0.000000
2,-1917.458810,0.000000,-1020.215271,0.000000,1917.458810,1020.215271,191.745881,102.021527,41.315762,16.342942,20.657881,8.171471,0.029412,790.000000,0.000000,20.000000,0.922596,0.000000
2,-1406.064623,0.000000,-607.174818,0.000000,1406.064623,607.174818,140.606462,60.717482,32.644306,12.052995,16.322153,6.026498,0.047619,930.000000,0.000000,15.000000,0.753556,0.000000
2,-1494.000605,0.000000,-1320.483762,0.000000,1494.000605,1320.483762,149.400060,132.048376,47.546358,19.911842,23.773179,9.955921,0.076923,1370.000000,0.000000,20.000000,0.994311,0.000000
4,3051.488361,0.000000,3159.070462,0.000000,3051.488361,3159.070462,305.148836,315.907046,58.325881,61.709580,29.162941,30.854790,0.017241,40.000000,0.000000,25.000000,1.530162,1.634517
4,3051.488361,0.000000,3159.070462,0.000000,3051.488361,3159.070462,305.148836,315.907046,58.325881,61.709580,29.162941,30.854790,0.017241,40.000000,0.000000,25.000000,1.530162,1.634517
4,36581.706635,0.000000,33307.002159,0.000000,36581.706635,33307.002159,3658.170664,3330.700216,58.737755,46.623246,29.368877,23.311623,0.245902,100.000000,0.000000,25.000000,5.405965,0.000000
4,3098.219409,0.000000,345.714286,0.000000,3098.219409,345.714286,309.821941,34.571429,29.320622,17.858107,14.660311,8.929053,0.142857,100.000000,0.000000,10.000000,0.629611,0.000000
4,3675.485622,0.000000,905.647917,0.000000,3675.485622,905.647917,367.548562,90.564792,29.872970,18.305260,14.936485,9.152630,0.029412,100.000000,0.000000,10.000000,0.712791,0.000000
4,7197.352527,0.000000,4576.792355,0.000000,7197.352527,4576.792355,719.735253,457.679236,60.113224,47.324724,30.056612,23.662362,0.019048,100.000000,0.000000,30.000000,1.758356,0.000000
4,7197.352527,0.000000,4576.792355,0.000000,7197.352527,4576.792355,719.735253,457.679236,60.113224,47.324724,30.056612,23.662362,0.019048,100.000000,0.000000,30.000000,1.758356,0.000000
4,36581.706635,0.000000,33307.002159,0.000000,36581.706635,33307.002159,3658.170664,3330.700216,58.737755,46.623246,29.368877,23.311623,0.245902,100.000000,0.000000,25.000000,5.405965,0.000000
4,7197.352527,0.000000,4576.792355,0.000000,7197.352527,4576.792355,719.735253,457.679236,60.113224,47.324724,30.056612,23.662362,0.019048,100.000000,0.000000,30.000000,1.758356,0.000000
4,10381.252153,0.000000,4964.665897,0.000000,10381.252153,4964.665897,1038.125215,496.466590,40.922079,93.554665,20.461039,46.777333,0.065217,6520.000000,0.000000,20.000000,2.106572,2.497670
4,10381.252153,0.000000,4964.665897,0.000000,10381.252153,4964.665897,1038.125215,496.466590,40.922079,93.554665,20.461039,46.777333,0.065217,6520.000000,0.000000,20.000000,2.106572,2.497670
4,10381.252153,0.000000,4964.665897,0.000000,10381.252153,4964.665897,1038.125215,496.466590,40.922079,93.554665,20.461039,46.777333,0.065217,6520.000000,0.000000,20.000000,2.106572,2.497670
4,32192.921255,0.000000,740.473373,0.000000,32192.921255,740.473373,3219.292126,74.047337,52.836695,68.806296,26.418348,34.403148,0.142857,1180.000000,0.000000,25.000000,5.046691,1.475127
4,32996.909117,0.000000,2382.712671,0.000000,32996.909117,2382.712671,3299.690912,238.271267,50.187814,62.824123,25.093907,31.412061,0.085714,880.000000,0.000000,25.000000,5.021969,1.560181
4,34274.111860,0.000000,1396.481778,0.000000,34274.111860,1396.481778,3427.411186,139.648178,57.536516,65.500212,28.768258,32.750106,0.090909,470.000000,0.000000,25.000000,5.333504,1.490810
4,10381.252153,0.000000,4964.665897,0.000000,10381.252153,4964.665897,1038.125215,496.466590,40.922079,93.554665,20.461039,46.777333,0.065217,6520.000000,0.000000,20.000000,2.106572,2.497670
4,32996.909117,0.000000,2382.712671,0.000000,32996.909117,2382.712671,3299.690912,238.271267,50.187814,62.824123,25.093907,31.412061,0.085714,880.000000,0.000000,25.000000,5.021969,1.560181
4,10381.252153,0.000000,4964.665897,0.000000,10381.252153,4964.665897,1038.125215,496.466590,40.922079,93.554665,20.461039,46.777333,0.065217,6520.000000,0.000000,20.000000,2.106572,2.497670
4,10021.358641,0.000000,2836.732663,0.000000,10021.358641,2836.732663,1002.135864,283.673266,43.051505,91.233548,21.525753,45.616774,0.052632,6520.000000,0.000000,20.000000,2.107461,2.186445
4,10021.358641,0.000000,2836.732663,0.000000,10021.358641,2836.732663,1002.135864,283.673266,43.051505,91.233548,21.525753,45.616774,0.052632,6520.000000,0.000000,20.000000,2.107461,2.186445
4,10381.252153,0.000000,4964.665897,0.000000,10381.252153,4964.665897,1038.125215,496.466590,40.922079,93.554665,20.461039,46.777333,0.065217,6520.000000,0.000000,20.000000,2.106572,2.497670
4,32192.921255,0.000000,740.473373,0.000000,32192.921255,740.473373,3219.292126,74.047337,52.836695,68.806296,26.418348,34.403148,0.142857,1180.000000,0.000000,25.000000,5.046691,1.475127
4,23091.962467,0.000000,988.442907,0.000000,23091.962467,988.442907,2309.196247,98.844291,50.750201,79.310147,25.375100,39.655074,0.142857,4110.000000,0.000000,25.000000,3.879326,1.716179
4,10021.358641,0.000000,2836.732663,0.000000,10021.358641,2836.732663,1002.135864,283.673266,43.051505,91.233548,21.525753,45.616774,0.052632,6520.000000,0.000000,20.000000,2.107461,2.186445
4,34274.111860,0.000000,1396.481778,0.000000,34274.111860,1396.481778,3427.411186,139.648178,57.536516,65.500212,28.768258,32.750106,0.090909,470.000000,0.000000,25.000000,5.333504,1.490810
4,33586.951625,0.000000,663.469388,0.000000,33586.951625,663.469388,3358.695163,66.346939,55.696558,64.432054,27.848279,32.216027,0.200000,470.000000,0.000000,25.000000,5.296705,1.378019
4,10021.358641,0.000000,2836.732663,0.000000,10021.358641,2836.732663,1002.135864,283.673266,43.051505,91.233548,21.525753,45.616774,0.052632,6520.000000,0.000000,20.000000,2.107461,2.186445
4,33091.307514,0.000000,1019.476584,0.000000,33091.307514,1019.476584,3309.130751,101.947658,60.212573,60.397241,30.106287,30.198621,0.066667,50.000000,0.000000,30.000000,5.296998,1.341720
4,33091.307514,0.000000,1019.476584,0.000000,33091.307514,1019.476584,3309.130751,101.947658,60.212573,60.397241,30.106287,30.198621,0.066667,50.000000,0.000000,30.000000,5.296998,1.341720
4,31689.293660,0.000000,1111.388889,0.000000,31689.293660,1111.388889,3168.929366,111.138889,49.952331,77.713672,24.976165,38.856836,0.071429,3370.000000,0.000000,20.000000,4.914486,1.699591
4,33586.951625,0.000000,663.469388,0.000000,33586.951625,663.469388,3358.695163,66.346939,55.696558,64.432054,27.848279,32.216027,0.200000,470.000000,0.000000,25.000000,5.296705,1.378019
4,31689.293660,0.000000,1111.388889,0.000000,31689.293660,1111.388889,3168.929366,111.138889,49.952331,77.713672,24.976165,38.856836,0.071429,3370.000000,0.000000,20.000000,4.914486,1.699591
4,23091.962467,0.000000,988.442907,0.000000,23091.962467,988.442907,2309.196247,98.844291,50.750201,79.310147,25.375100,39.655074,0.142857,4110.000000,0.000000,25.000000,3.879326,1.716179
4,3281.898129,0.000000,3027.549400,0.000000,3281.898129,3027.549400,328.189813,302.754940,32.373437,15.719973,16.186718,7.859987,0.142857,280.000000,0.000000,15.000000,0.688221,0.000000
4,8635.520429,0.000000,8129.030177,0.000000,8635.520429,8129.030177,863.552043,812.903018,65.722120,45.980712,32.861060,22.990356,0.200000,300.000000,0.000000,30.000000,1.329825,0.000000
4,9368.532819,0.000000,8504.031250,0.000000,9368.532819,8504.031250,936.853282,850.403125,66.790279,67.163015,33.395139,33.581507,0.058824,370.000000,0.000000,30.000000,1.442617,2.405869
4,1065.731664,0.000000,759.133291,0.000000,1065.731664,759.133291,106.573166,75.913329,35.242219,52.817847,17.621109,26.408923,0.125000,840.000000,0.000000,15.000000,0.736721,1.150997
4,3811.605215,0.000000,3558.407902,0.000000,3811.605215,3558.407902,381.160522,355.840790,32.938468,38.290393,16.469234,19.145197,0.029412,370.000000,0.000000,15.000000,0.765581,1.210716
4,4956.542018,0.000000,4603.646607,0.000000,4956.542018,4603.646607,495.654202,460.364661,56.528138,47.170241,28.264069,23.585121,0.045455,80.000000,0.000000,25.000000,1.687847,0.000000
4,4956.542018,0.000000,4603.646607,0.000000,4956.542018,4603.646607,495.654202,460.364661,56.528138,47.170241,28.264069,23.585121,0.045455,80.000000,0.000000,25.000000,1.687847,0.000000
4,4956.542018,0.000000,4603.646607,0.000000,4956.542018,4603.646607,495.654202,460.364661,56.528138,47.170241,28.264069,23.585121,0.045455,80.000000,0.000000,25.000000,1.687847,0.000000
4,8394.897134,0.000000,7955.701762,0.000000,8394.897134,7955.701762,839.489713,795.570176,54.954716,45.477253,27.477358,22.738626,0.136364,80.000000,0.000000,25.000000,2.085842,0.000000
4,7379.789334,0.000000,4720.000000,0.000000,7379.789334,4720.000000,737.978933,472.000000,60.992921,47.345092,30.496461,23.672546,0.027778,1280.000000,0.000000,30.000000,1.772440,0.000000
4,3230.961107,0.000000,657.414171,0.000000,3230.961107,657.414171,323.096111,65.741417,17.607465,15.409880,8.803732,7.704940,0.083333,1280.000000,0.000000,5.000000,0.352149,0.000000
4,7379.789334,0.000000,4720.000000,0.000000,7379.789334,4720.000000,737.978933,472.000000,60.992921,47.345092,30.496461,23.672546,0.027778,1280.000000,0.000000,30.000000,1.772440,0.000000
4,11467.174479,0.000000,7731.633005,0.000000,11467.174479,7731.633005,1146.717448,773.163300,59.643526,44.600924,29.821763,22.300462,0.233871,1280.000000,0.000000,25.000000,1.192871,0.000000
4,7379.789334,0.000000,4720.000000,0.000000,7379.789334,4720.000000,737.978933,472.000000,60.992921,47.345092,30.496461,23.672546,0.027778,1280.000000,0.000000,30.000000,1.772440,0.000000
4,1277.681359,0.000000,707.062091,0.000000,1277.681359,707.062091,127.768136,70.706209,41.801309,20.939487,20.900655,10.469744,0.058824,1410.000000,0.000000,20.000000,0.907422,0.000000
4,2965.215991,0.000000,4627.679491,0.000000,2965.215991,4627.679491,296.521599,462.767949,56.719248,48.255782,28.359624,24.127891,0.071429,4790.000000,0.000000,25.000000,1.455055,0.000000
4,9083.439930,0.000000,7556.251950,0.000000,9083.439930,7556.251950,908.343993,755.625195,79.003738,44.162567,39.501869,22.081284,0.058824,1420.000000,0.000000,35.000000,1.651398,0.000000
4,2965.215991,0.000000,4627.679491,0.000000,2965.215991,4627.679491,296.521599,462.767949,56.719248,48.255782,28.359624,24.127891,0.071429,4790.000000,0.000000,25.000000,1.455055,0.000000
4,771.533092,0.000000,261.440972,0.000000,771.533092,261.440972,77.153309,26.144097,36.585472,15.178207,18.292736,7.589104,0.090909,1050.000000,0.000000,15.000000,0.792553,0.000000
4,2965.215991,0.000000,4627.679491,0.000000,2965.215991,4627.679491,296.521599,462.767949,56.719248,48.255782,28.359624,24.127891,0.071429,4790.000000,0.000000,25.000000,1.455055,0.000000
