pre_px,pre_py,post_px,post_py,pre_p_mag,post_p_mag,pre_mass,post_mass,pre_s_sum,post_s_sum,pre_s_mean,post_s_mean,chi,duration,stability_bin,pre_E_total,post_E_total
0.000000,0.000000,3.359581,0.000000,0.000000,3.403572,344.983418,129.421488,0.000000,2.208333,0.000000,1.104167,0.125000,120.000000,0.000000,0.000000,0.207088
0.000000,0.000000,18.744980,0.000000,0.000000,18.744980,2390.222222,377.134444,0.000000,3.327632,0.000000,1.663816,0.250000,350.000000,0.000000,0.000000,0.533437
25.408986,0.000000,26.240859,0.000000,25.408986,26.240859,388.538280,344.244787,6.224722,11.210342,3.112361,5.605171,0.083333,130.000000,0.000000,0.605075,0.647847
4.889198,0.000000,8.558828,0.000000,4.889198,8.558828,56.000000,43.215278,3.950000,17.903190,1.975000,8.951595,0.250000,300.000000,0.000000,0.147829,0.411506
49.845740,0.000000,13.202967,0.000000,49.845740,13.202967,1193.430556,274.625000,1.675325,5.555000,0.837662,2.777500,0.181818,50.000000,0.000000,1.528394,0.462594
46.393736,0.000000,15.647314,0.000000,46.393736,15.647314,1193.430556,274.625000,1.675325,5.555000,0.837662,2.777500,0.181818,50.000000,0.000000,1.531507,0.462594
42.476687,0.000000,14.186158,0.000000,42.476687,14.186158,1193.430556,274.625000,1.675325,5.555000,0.837662,2.777500,0.181818,50.000000,0.000000,1.512565,0.462594
-0.810886,0.000000,-16.300907,0.000000,6.026283,16.300907,105.645625,77.003457,4.330556,13.362995,2.165278,6.681497,0.142857,70.000000,0.000000,0.158335,0.363353
2.302730,0.000000,-22.021115,0.000000,10.036381,22.021115,265.945000,121.610000,6.990714,18.661297,3.495357,9.330649,0.142857,70.000000,0.000000,0.437147,0.532368
3.602883,0.000000,-21.029109,0.000000,11.336535,21.029109,265.945000,121.610000,6.990714,18.661297,3.495357,9.330649,0.142857,70.000000,0.000000,0.437147,0.532368
4.051125,0.000000,-21.406991,0.000000,10.888293,21.406991,276.390625,61.813457,5.785556,18.059329,2.892778,9.029664,0.111111,70.000000,0.000000,0.413044,0.446054
0.511012,0.000000,-7.556780,0.000000,7.348181,12.940920,99.765625,71.123457,4.180556,11.989143,2.090278,5.994571,0.250000,70.000000,0.000000,0.137772,0.328669
5.240550,0.000000,-22.323075,0.000000,12.077719,22.323075,276.390625,61.813457,5.785556,18.059329,2.892778,9.029664,0.111111,70.000000,0.000000,0.413044,0.446054
2.750971,0.000000,-22.398996,0.000000,9.588140,22.398996,276.390625,61.813457,5.785556,18.059329,2.892778,9.029664,0.111111,70.000000,0.000000,0.413044,0.446054
4.792309,0.000000,-21.945193,0.000000,12.525960,21.945193,265.945000,121.610000,6.990714,18.661297,3.495357,9.330649,0.142857,70.000000,0.000000,0.437147,0.532368
11.266834,0.000000,-46.978912,0.000000,11.266834,46.978912,280.505000,67.381146,5.705000,13.268743,2.852500,6.634372,0.142857,230.000000,0.000000,0.483157,0.350277
8.777254,0.000000,-49.037418,0.000000,8.777254,49.037418,280.505000,67.381146,5.705000,13.268743,2.852500,6.634372,0.142857,230.000000,0.000000,0.483157,0.350277
10.077408,0.000000,-48.475145,0.000000,10.077408,48.475145,280.505000,67.381146,5.705000,13.268743,2.852500,6.634372,0.142857,230.000000,0.000000,0.483157,0.350277
5.963265,0.000000,-161.403120,0.000000,5.963265,161.403120,101.861678,503.392500,3.432778,16.577514,1.716389,8.288757,0.200000,270.000000,0.000000,0.195050,0.954098
13.018614,0.000000,-160.021262,0.000000,13.018614,160.021262,321.120000,503.392500,12.830509,16.577514,6.415254,8.288757,0.076923,40.000000,5.000000,0.656998,0.954098
7.833172,0.000000,-157.414231,0.000000,7.833172,157.414231,146.306122,503.392500,3.432778,16.577514,1.716389,8.288757,0.200000,270.000000,0.000000,0.249566,0.954098
12.302413,0.000000,-672.248498,0.000000,22.520247,672.248498,554.844233,128.531250,14.624375,18.955961,7.312187,9.477981,0.076923,60.000000,5.000000,0.980083,0.538095
10.324936,0.000000,-672.248498,0.000000,20.542770,672.248498,554.844233,128.531250,14.624375,18.955961,7.312187,9.477981,0.076923,60.000000,5.000000,0.980083,0.538095
-6.224281,0.000000,-563.684213,0.000000,6.224281,563.684213,119.906733,170.214923,13.870193,14.279188,6.935097,7.139594,0.111111,60.000000,5.000000,0.424902,0.500287
8.733296,0.000000,-672.248498,0.000000,18.951130,672.248498,554.844233,128.531250,14.624375,18.955961,7.312187,9.477981,0.076923,60.000000,5.000000,0.980083,0.538095
-2003.939058,0.000000,-470.937500,0.000000,2003.939058,470.937500,287.250000,47.093750,23.671742,29.529327,11.835871,14.764664,0.200000,30.000000,10.000000,0.854130,0.646951
-21.336490,0.000000,-470.937500,0.000000,21.336490,470.937500,41.410000,47.093750,20.167633,29.529327,10.083816,14.764664,0.250000,90.000000,10.000000,0.418209,0.646951
-25.925553,0.000000,-470.937500,0.000000,25.925553,470.937500,41.410000,47.093750,20.167633,29.529327,10.083816,14.764664,0.250000,90.000000,10.000000,0.418209,0.646951
-2003.939058,0.000000,-470.937500,0.000000,2003.939058,470.937500,287.250000,47.093750,23.671742,29.529327,11.835871,14.764664,0.200000,30.000000,10.000000,0.854130,0.646951
-161.103865,0.000000,-764.354660,0.000000,161.103865,764.354660,100.271111,76.435466,19.225353,27.178386,9.612677,13.589193,0.111111,90.000000,5.000000,0.471631,0.636176
-16.444518,0.000000,-470.937500,0.000000,16.444518,470.937500,41.410000,47.093750,20.167633,29.529327,10.083816,14.764664,0.250000,90.000000,10.000000,0.418209,0.646951
-2003.939058,0.000000,-470.937500,0.000000,2003.939058,470.937500,287.250000,47.093750,23.671742,29.529327,11.835871,14.764664,0.200000,30.000000,10.000000,0.854130,0.646951
-2297.356218,0.000000,-764.354660,0.000000,2297.356218,764.354660,316.591716,76.435466,23.004110,27.178386,11.502055,13.589193,0.100000,30.000000,10.000000,0.873591,0.636176
36.399154,0.000000,18.406435,0.000000,36.399154,18.406435,965.007653,225.255102,6.566094,8.584809,3.283047,4.292405,0.166667,20.000000,0.000000,1.242971,0.467387
32.678082,0.000000,17.572200,0.000000,32.678082,17.572200,756.781888,225.255102,4.432479,8.584809,2.216239,4.292405,0.166667,40.000000,0.000000,1.120195,0.467387
0.000000,0.000000,17.252362,0.000000,0.000000,17.252362,131.250000,225.255102,0.000000,8.584809,0.000000,4.292405,0.200000,120.000000,0.000000,0.000000,0.467387
35.326533,0.000000,7.031925,0.000000,42.568579,18.233169,973.632653,192.255102,5.950391,8.205746,2.975195,4.102873,0.125000,20.000000,0.000000,1.366723,0.411842
27.071187,0.000000,8.185997,0.000000,34.313233,19.387241,973.632653,192.255102,5.950391,8.205746,2.975195,4.102873,0.125000,20.000000,0.000000,1.170124,0.411842
33.099150,0.000000,18.726273,0.000000,33.099150,18.726273,965.007653,225.255102,6.566094,8.584809,3.283047,4.292405,0.166667,20.000000,0.000000,1.242971,0.467387
48.057428,0.000000,-13.735887,0.000000,48.057428,25.437135,1216.000000,463.687075,11.639248,14.232947,5.819624,7.116473,0.125000,20.000000,5.000000,1.725301,0.906941
51.248429,0.000000,-76.878992,0.000000,51.248429,76.878992,1116.000000,31.271605,12.953816,17.234992,6.476908,8.617496,0.142857,20.000000,5.000000,1.611118,0.382034
0.000000,0.000000,92.346509,0.000000,0.000000,92.346509,1837.375000,2792.000000,0.000000,11.616133,0.000000,5.808067,0.166667,180.000000,0.000000,0.000000,3.170257
50.735467,0.000000,-89.438242,0.000000,50.735467,89.438242,1116.000000,31.271605,12.953816,17.234992,6.476908,8.617496,0.142857,20.000000,5.000000,1.761835,0.382034
45.805032,0.000000,-16.931193,0.000000,45.805032,22.794305,1216.000000,463.687075,11.639248,14.232947,5.819624,7.116473,0.125000,20.000000,5.000000,1.725301,0.906941
48.174654,0.000000,-76.111675,0.000000,48.174654,76.111675,1116.000000,31.271605,12.953816,17.234992,6.476908,8.617496,0.142857,20.000000,5.000000,1.611118,0.382034
48.953210,0.000000,-81.991139,0.000000,48.953210,81.991139,1116.000000,31.271605,12.953816,17.234992,6.476908,8.617496,0.142857,20.000000,5.000000,1.761835,0.382034
50.749294,0.000000,-75.835438,0.000000,50.749294,75.835438,1116.000000,31.271605,12.953816,17.234992,6.476908,8.617496,0.142857,20.000000,5.000000,1.611118,0.382034
45.482787,0.000000,-14.012125,0.000000,45.482787,25.713373,1216.000000,463.687075,11.639248,14.232947,5.819624,7.116473,0.125000,20.000000,5.000000,1.725301,0.906941
48.379673,0.000000,-16.654955,0.000000,48.379673,22.518067,1216.000000,463.687075,11.639248,14.232947,5.819624,7.116473,0.125000,20.000000,5.000000,1.725301,0.906941
-3.987709,0.000000,-42.168876,0.000000,19.137746,57.521881,4035.555556,34.604938,11.509472,19.173480,5.754736,9.586740,0.200000,60.000000,5.000000,0.284890,0.421517
47.866711,0.000000,-29.214205,0.000000,47.866711,35.077317,1216.000000,463.687075,11.639248,14.232947,5.819624,7.116473,0.125000,20.000000,5.000000,1.876018,0.906941
48.673788,0.000000,-77.155230,0.000000,48.673788,77.155230,1116.000000,31.271605,12.953816,17.234992,6.476908,8.617496,0.142857,20.000000,5.000000,1.611118,0.382034
50.236332,0.000000,-88.394688,0.000000,50.236332,88.394688,1116.000000,31.271605,12.953816,17.234992,6.476908,8.617496,0.142857,20.000000,5.000000,1.761835,0.382034
47.544466,0.000000,-26.295137,0.000000,47.544466,37.996385,1216.000000,463.687075,11.639248,14.232947,5.819624,7.116473,0.125000,20.000000,5.000000,1.876018,0.906941
49.466172,0.000000,-69.431889,0.000000,49.466172,69.431889,1116.000000,31.271605,12.953816,17.234992,6.476908,8.617496,0.142857,20.000000,5.000000,1.611118,0.382034
46.891531,0.000000,-69.708127,0.000000,46.891531,69.708127,1116.000000,31.271605,12.953816,17.234992,6.476908,8.617496,0.142857,20.000000,5.000000,1.611118,0.382034
-14.984375,0.000000,-48.572425,0.000000,14.984375,63.925429,4035.555556,34.604938,11.509472,19.173480,5.754736,9.586740,0.200000,60.000000,5.000000,0.284890,0.421517
-8.826430,0.000000,-49.615979,0.000000,14.299025,64.968983,4035.555556,34.604938,11.509472,19.173480,5.754736,9.586740,0.200000,60.000000,5.000000,0.284890,0.421517
-18.413222,0.000000,-151.335824,0.000000,18.413222,151.335824,28.493827,27.777778,18.197917,20.863613,9.098958,10.431807,0.200000,20.000000,5.000000,0.381508,0.454605
-37.860256,0.000000,-99.899410,0.000000,37.860256,99.899410,408.354938,407.638889,16.956175,19.024344,8.478088,9.512172,0.142857,20.000000,5.000000,0.356673,0.868879
10.867402,0.000000,26.946879,0.000000,10.867402,26.946879,231.755102,156.888889,7.405560,13.341896,3.702780,6.670948,0.200000,80.000000,0.000000,0.472776,0.448261
13.518666,0.000000,26.536024,0.000000,13.518666,26.536024,231.755102,156.888889,7.405560,13.341896,3.702780,6.670948,0.200000,80.000000,0.000000,0.472776,0.448261
-27.958350,0.000000,-146.975909,0.000000,27.958350,146.975909,28.493827,27.777778,18.197917,20.863613,9.098958,10.431807,0.200000,20.000000,5.000000,0.381508,0.454605
-42.401683,0.000000,-82.525127,0.000000,42.401683,82.525127,408.354938,407.638889,16.956175,19.024344,8.478088,9.512172,0.142857,20.000000,5.000000,0.356673,0.868879
-32.856555,0.000000,-86.885041,0.000000,32.856555,86.885041,408.354938,407.638889,16.956175,19.024344,8.478088,9.512172,0.142857,20.000000,5.000000,0.356673,0.868879
-23.416923,0.000000,-164.350192,0.000000,23.416923,164.350192,28.493827,27.777778,18.197917,20.863613,9.098958,10.431807,0.200000,20.000000,5.000000,0.381508,0.454605
-18.185792,0.000000,-153.571023,0.000000,18.185792,153.571023,30.555556,29.888889,14.016704,24.050183,7.008352,12.025091,0.200000,30.000000,5.000000,0.300118,0.513656
-17.139770,0.000000,-129.717647,0.000000,17.139770,129.717647,30.555556,29.888889,14.016704,24.050183,7.008352,12.025091,0.200000,30.000000,5.000000,0.300118,0.513656
-13.551853,0.000000,-137.389336,0.000000,13.551853,137.389336,30.555556,29.888889,14.016704,24.050183,7.008352,12.025091,0.200000,30.000000,5.000000,0.300118,0.513656
-68.972077,0.000000,-343.715576,0.000000,69.496069,343.715576,44.750000,49.888889,20.593770,23.882188,10.296885,11.941094,0.200000,60.000000,10.000000,0.465671,0.540263
-46.363012,0.000000,-418.161594,0.000000,46.887004,418.161594,44.750000,49.888889,20.593770,23.882188,10.296885,11.941094,0.200000,60.000000,10.000000,0.465671,0.540263
-59.958300,0.000000,-316.158564,0.000000,60.482292,316.158564,44.750000,49.888889,20.593770,23.882188,10.296885,11.941094,0.200000,60.000000,10.000000,0.465671,0.540263
24.248082,0.000000,76.600191,0.000000,24.248082,76.600191,377.777778,180.242767,13.710646,23.547623,6.855323,11.773811,0.125000,180.000000,5.000000,0.740842,0.689532
24.616776,0.000000,79.080125,0.000000,24.616776,79.080125,377.777778,180.242767,13.710646,23.547623,6.855323,11.773811,0.125000,180.000000,5.000000,0.740842,0.689532
-75.414576,0.000000,-678.225624,0.000000,82.293612,678.225624,84.277778,67.822562,21.133629,31.051236,10.566815,15.525618,0.125000,130.000000,10.000000,0.525344,0.703481
-77.995645,0.000000,-678.225624,0.000000,84.874681,678.225624,84.277778,67.822562,21.133629,31.051236,10.566815,15.525618,0.125000,130.000000,10.000000,0.525344,0.703481
-71.510918,0.000000,-678.225624,0.000000,78.389954,678.225624,84.277778,67.822562,21.133629,31.051236,10.566815,15.525618,0.125000,130.000000,10.000000,0.525344,0.703481
0.000000,0.000000,46.732084,0.000000,0.000000,46.732084,207.928889,1361.515740,0.000000,1.559211,0.000000,0.779605,0.200000,160.000000,0.000000,0.000000,1.728032
0.000000,0.000000,2.275282,0.000000,0.000000,2.275282,2303.555556,57.920000,0.000000,1.958333,0.000000,0.979167,0.200000,160.000000,0.000000,0.000000,0.110396
0.000000,0.000000,1.819369,0.000000,0.000000,1.819369,26.133787,45.375740,0.000000,1.375000,0.000000,0.687500,0.200000,160.000000,0.000000,0.000000,0.085487
16.681783,0.000000,6.047003,0.000000,16.681783,6.047003,315.987500,77.000000,3.770455,7.018810,1.885227,3.509405,0.250000,90.000000,0.000000,0.600114,0.234903
1.640174,0.000000,4.256824,0.000000,1.640174,4.256824,40.000000,24.494898,2.000000,8.038096,1.000000,4.019048,0.200000,120.000000,0.000000,0.089754,0.191640
14.552999,0.000000,4.939785,0.000000,21.654934,11.588836,309.230104,82.039499,5.446075,7.253495,2.723038,3.626747,0.090909,80.000000,0.000000,0.614819,0.246769
1.676720,0.000000,0.928364,0.000000,1.676720,0.928364,41.777778,24.500000,2.000000,9.899188,1.000000,4.949594,0.250000,120.000000,0.000000,0.091185,0.228029
0.990936,0.000000,1.630645,0.000000,0.990936,1.630645,27.061224,40.250000,4.287500,7.722295,2.143750,3.861147,0.166667,90.000000,0.000000,0.118020,0.205726
15.902976,0.000000,6.717599,0.000000,23.004911,13.366650,309.230104,82.039499,5.446075,7.253495,2.723038,3.626747,0.090909,80.000000,0.000000,0.614819,0.246769
1.559417,0.000000,3.133008,0.000000,2.740366,3.133008,73.562500,73.188272,6.601592,8.090955,3.300796,4.045478,0.142857,60.000000,0.000000,0.172283,0.254631
-0.625692,0.000000,-1.863275,0.000000,6.476243,4.566127,116.433052,145.409722,5.438548,10.221599,2.719274,5.110799,0.090909,160.000000,0.000000,0.267158,0.385853
-6.068112,0.000000,-5.832621,0.000000,6.068112,5.832621,72.230624,99.184870,6.294282,8.017264,3.147141,4.008632,0.111111,20.000000,0.000000,0.169906,0.285393
0.000000,0.000000,40.469197,0.000000,0.000000,40.469197,2108.666667,1172.823129,0.000000,1.916667,0.000000,0.958333,0.166667,140.000000,0.000000,0.000000,1.560342
0.000000,0.000000,43.941590,0.000000,0.000000,43.941590,1049.555556,1143.111111,0.000000,2.000000,0.000000,1.000000,0.200000,140.000000,0.000000,0.000000,1.361273
331.867629,0.000000,36.601372,0.000000,336.552207,41.153798,8160.555556,37.528849,1.923077,3.456250,0.961538,1.728125,0.200000,250.000000,0.000000,9.596731,0.115693
-0.745260,0.000000,0.306405,0.000000,3.124131,3.456172,38.862182,56.012500,3.145455,7.301661,1.572727,3.650831,0.166667,50.000000,0.000000,0.111903,0.218236
-4.246822,0.000000,3.122824,0.000000,9.222990,8.847690,81.579419,186.351341,2.972917,8.955357,1.486458,4.477678,0.083333,150.000000,0.000000,0.114080,0.407206
-5.541620,0.000000,7.557419,0.000000,7.928192,13.992660,115.201732,228.352617,3.098438,15.559909,1.549219,7.779955,0.214286,200.000000,0.000000,0.160937,0.596128
-0.008582,0.000000,7.540906,0.000000,13.461230,13.976147,115.201732,228.352617,3.098438,15.559909,1.549219,7.779955,0.214286,200.000000,0.000000,0.160937,0.596128
19.779963,0.000000,24.679262,0.000000,34.765614,33.982493,40.316623,85.929587,10.747081,12.028363,5.373540,6.014182,0.125000,90.000000,5.000000,0.235885,0.348819
0.000000,0.000000,10.576054,0.000000,0.000000,10.576054,233.126667,271.664201,0.000000,1.833333,0.000000,0.916667,0.166667,100.000000,0.000000,0.000000,0.374247
0.000000,0.000000,14.443525,0.000000,0.000000,14.443525,416.916667,341.250000,0.000000,1.933333,0.000000,0.966667,0.166667,100.000000,0.000000,0.000000,0.470117
0.000000,0.000000,9.790715,0.000000,0.000000,9.790715,609.710000,222.450000,0.000000,5.022790,0.000000,2.511395,0.133333,260.000000,0.000000,0.000000,0.367894
4.709635,0.000000,19.262276,0.000000,4.709635,19.262276,114.050000,461.194444,2.000000,4.712375,1.000000,2.356187,0.200000,160.000000,0.000000,0.182058,0.654711
7.361223,0.000000,7.674229,0.000000,7.361223,7.674229,113.937778,70.777778,6.345000,9.936375,3.172500,4.968187,0.250000,40.000000,0.000000,0.270393,0.291299
4.622612,0.000000,8.057183,0.000000,4.622612,8.057183,113.937778,70.777778,6.345000,9.936375,3.172500,4.968187,0.250000,40.000000,0.000000,0.263461,0.291299
3.349577,0.000000,6.850619,0.000000,3.349577,6.850619,111.777778,76.472222,8.095381,10.663776,4.047691,5.331888,0.250000,40.000000,0.000000,0.188951,0.304623
-31.706868,0.000000,-26.480686,0.000000,45.957977,35.566156,238.593750,244.051775,8.899057,9.389090,4.449529,4.694545,0.166667,30.000000,0.000000,0.483985,0.481379
-0.266255,0.000000,165.699097,0.000000,5.715171,165.699097,88.285714,83.361111,16.671628,21.821312,8.335814,10.910656,0.166667,80.000000,5.000000,0.350443,0.539744
126.481353,0.000000,447.675273,0.000000,126.481353,447.675273,195.003827,587.000000,20.720959,23.352810,10.360479,11.676405,0.166667,80.000000,10.000000,0.681139,1.230506
120.373734,0.000000,384.854440,0.000000,120.373734,384.854440,195.003827,587.000000,20.720959,23.352810,10.360479,11.676405,0.166667,80.000000,10.000000,0.681139,1.230506
122.297402,0.000000,384.854440,0.000000,122.297402,384.854440,195.003827,587.000000,20.720959,23.352810,10.360479,11.676405,0.166667,80.000000,10.000000,0.681139,1.230506
122.638919,0.000000,447.675273,0.000000,122.638919,447.675273,195.003827,587.000000,20.720959,23.352810,10.360479,11.676405,0.166667,80.000000,10.000000,0.681139,1.230506
124.216169,0.000000,384.854440,0.000000,124.216169,384.854440,195.003827,587.000000,20.720959,23.352810,10.360479,11.676405,0.166667,80.000000,10.000000,0.681139,1.230506
1.657413,0.000000,165.699097,0.000000,7.638840,165.699097,88.285714,83.361111,16.671628,21.821312,8.335814,10.910656,0.166667,80.000000,5.000000,0.350443,0.539744
124.562587,0.000000,447.675273,0.000000,124.562587,447.675273,195.003827,587.000000,20.720959,23.352810,10.360479,11.676405,0.166667,80.000000,10.000000,0.681139,1.230506
125.598495,0.000000,417.600413,0.000000,125.598495,417.600413,195.003827,587.000000,20.720959,23.352810,10.360479,11.676405,0.166667,80.000000,10.000000,0.681139,1.230506
3.576179,0.000000,165.699097,0.000000,9.557606,165.699097,88.285714,83.361111,16.671628,21.821312,8.335814,10.910656,0.166667,80.000000,5.000000,0.350443,0.539744
121.756060,0.000000,417.600413,0.000000,121.756060,417.600413,195.003827,587.000000,20.720959,23.352810,10.360479,11.676405,0.166667,80.000000,10.000000,0.681139,1.230506
123.679729,0.000000,417.600413,0.000000,123.679729,417.600413,195.003827,587.000000,20.720959,23.352810,10.360479,11.676405,0.166667,80.000000,10.000000,0.681139,1.230506
310.393374,0.000000,634.793873,0.000000,310.393374,634.793873,770.641975,1660.697531,14.363748,18.385642,7.181874,9.192821,0.100000,30.000000,5.000000,1.254421,2.447067
309.443198,0.000000,644.475823,0.000000,309.443198,644.475823,770.641975,1660.697531,14.363748,18.385642,7.181874,9.192821,0.100000,30.000000,5.000000,1.254421,2.447067
307.879071,0.000000,650.035829,0.000000,307.879071,650.035829,770.641975,1660.697531,14.363748,18.385642,7.181874,9.192821,0.100000,30.000000,5.000000,1.254421,2.447067
480.721252,0.000000,910.166110,0.000000,480.721252,910.166110,1485.341447,1694.668547,18.188335,19.339706,9.094168,9.669853,0.166667,120.000000,5.000000,2.198907,2.500088
581.372898,0.000000,1037.103114,0.000000,581.372898,1037.103114,1556.450039,1713.461949,17.840515,20.092885,8.920258,10.046443,0.090909,120.000000,5.000000,2.280887,2.537538
22.432845,0.000000,414.574011,0.000000,22.432845,414.574011,144.580499,98.072199,12.925592,16.372634,6.462796,8.186317,0.111111,320.000000,5.000000,0.439015,0.449077
559.298541,0.000000,1101.143241,0.000000,559.298541,1101.143241,1556.450039,1713.461949,17.840515,20.092885,8.920258,10.046443,0.090909,120.000000,5.000000,2.280887,2.537538
573.561391,0.000000,1165.113648,0.000000,573.561391,1165.113648,1556.450039,1713.461949,17.840515,20.092885,8.920258,10.046443,0.090909,120.000000,5.000000,2.280887,2.537538
458.646894,0.000000,974.206236,0.000000,458.646894,974.206236,1485.341447,1694.668547,18.188335,19.339706,9.094168,9.669853,0.166667,120.000000,5.000000,2.198907,2.500088
472.909745,0.000000,1038.176643,0.000000,472.909745,1038.176643,1485.341447,1694.668547,18.188335,19.339706,9.094168,9.669853,0.166667,120.000000,5.000000,2.198907,2.500088
278.610345,0.000000,564.453781,0.000000,278.610345,564.453781,157.443787,61.008781,16.935493,23.878563,8.467747,11.939282,0.071429,110.000000,5.000000,0.539192,0.551578
6.436664,0.000000,789.181191,0.000000,6.436664,789.181191,58.925044,78.918119,4.753250,9.221515,2.376625,4.610757,0.142857,290.000000,0.000000,0.115923,0.282955
54.802782,0.000000,-3.288429,0.000000,54.802782,7.519485,1230.149619,197.659405,5.039608,14.984755,2.519804,7.492378,0.111111,30.000000,0.000000,1.719385,0.518670
52.268145,0.000000,-4.923834,0.000000,52.268145,9.154890,1230.149619,197.659405,5.039608,14.984755,2.519804,7.492378,0.111111,30.000000,0.000000,1.714971,0.518670
40.476115,0.000000,-0.621879,0.000000,40.476115,13.456845,1230.149619,197.659405,5.039608,14.984755,2.519804,7.492378,0.111111,30.000000,0.000000,1.714971,0.518670
43.010752,0.000000,1.013526,0.000000,43.010752,11.821440,1230.149619,197.659405,5.039608,14.984755,2.519804,7.492378,0.111111,30.000000,0.000000,1.719385,0.518670
44.129210,0.000000,-11.828650,0.000000,44.129210,11.828650,1230.149619,197.659405,5.039608,14.984755,2.519804,7.492378,0.111111,30.000000,0.000000,1.615150,0.518670
46.663847,0.000000,-10.193245,0.000000,46.663847,10.193245,1230.149619,197.659405,5.039608,14.984755,2.519804,7.492378,0.111111,30.000000,0.000000,1.619564,0.518670
14.969273,0.000000,24.597378,0.000000,14.969273,24.597378,184.118367,216.796875,9.415904,11.130486,4.707952,5.565243,0.200000,20.000000,0.000000,0.417037,0.480335
14.906742,0.000000,24.788643,0.000000,14.906742,24.788643,184.118367,216.796875,9.415904,11.130486,4.707952,5.565243,0.200000,20.000000,0.000000,0.417037,0.480335
-8.491327,0.000000,-2050.320577,0.000000,8.491327,2050.320577,75.555556,699.701028,15.413207,26.976056,7.706604,13.488028,0.200000,50.000000,5.000000,0.331336,1.677147
7.730354,0.000000,-2015.556901,0.000000,15.401222,2058.084531,37.008889,714.463528,18.031562,25.049794,9.015781,12.524897,0.200000,20.000000,5.000000,0.403283,1.658845
9.016899,0.000000,-2013.059193,0.000000,16.687767,2060.582239,37.008889,714.463528,18.031562,25.049794,9.015781,12.524897,0.200000,20.000000,5.000000,0.403283,1.658845
-8.189776,0.000000,-2050.129927,0.000000,8.189776,2050.129927,75.555556,699.701028,15.413207,26.976056,7.706604,13.488028,0.200000,50.000000,5.000000,0.331336,1.677147
5.827553,0.000000,-115.574446,0.000000,17.304023,180.752084,35.920000,42.378827,20.501326,26.234566,10.250663,13.117283,0.200000,30.000000,10.000000,0.451635,0.587409
6.220037,0.000000,-115.574446,0.000000,16.911539,180.752084,35.920000,42.378827,20.501326,26.234566,10.250663,13.117283,0.200000,30.000000,10.000000,0.451635,0.587409
7.114098,0.000000,-113.379091,0.000000,18.590568,182.947440,35.920000,42.378827,20.501326,26.234566,10.250663,13.117283,0.200000,30.000000,10.000000,0.451635,0.587409
7.506582,0.000000,-113.379091,0.000000,18.198084,182.947440,35.920000,42.378827,20.501326,26.234566,10.250663,13.117283,0.200000,30.000000,10.000000,0.451635,0.587409
-366.578926,0.000000,-5169.968176,0.000000,366.578926,5169.968176,911.678805,516.996818,20.769250,32.151381,10.384625,16.075690,0.142857,50.000000,10.000000,1.838102,1.284651
6.371462,0.000000,-5169.968176,0.000000,6.371462,5169.968176,136.148148,516.996818,4.035417,32.151381,2.017708,16.075690,0.200000,270.000000,0.000000,0.250242,1.284651
6.436881,0.000000,-5169.968176,0.000000,6.436881,5169.968176,136.148148,516.996818,4.035417,32.151381,2.017708,16.075690,0.200000,270.000000,0.000000,0.260340,1.284651
41.748342,0.000000,-5169.968176,0.000000,41.748342,5169.968176,1162.598994,516.996818,4.814499,32.151381,2.407249,16.075690,0.166667,150.000000,0.000000,1.526797,1.284651
4.769313,0.000000,12.200625,0.000000,4.769313,12.200625,41.777778,168.000000,5.851250,17.129912,2.925625,8.564956,0.250000,150.000000,0.000000,0.167766,0.549871
1.426872,0.000000,8.679937,0.000000,5.595543,8.679937,50.995193,55.887755,13.425085,16.885655,6.712542,8.442828,0.125000,50.000000,5.000000,0.331572,0.407217
42.614753,0.000000,-5169.968176,0.000000,42.614753,5169.968176,1528.684911,516.996818,13.349916,32.151381,6.674958,16.075690,0.166667,100.000000,5.000000,2.056211,1.284651
-2273.277522,0.000000,-754.444444,0.000000,2273.277522,754.444444,649.505215,75.444444,31.932826,41.968331,15.966413,20.984165,0.166667,50.000000,15.000000,1.430215,0.929592
-3427.356376,0.000000,-754.444444,0.000000,3427.356376,754.444444,649.505215,75.444444,31.932826,41.968331,15.966413,20.984165,0.166667,50.000000,15.000000,1.430215,0.929592
-3438.883509,0.000000,-754.444444,0.000000,3438.883509,754.444444,649.505215,75.444444,31.932826,41.968331,15.966413,20.984165,0.166667,50.000000,15.000000,1.430215,0.929592
-3099.185114,0.000000,-754.444444,0.000000,3099.185114,754.444444,649.505215,75.444444,31.932826,41.968331,15.966413,20.984165,0.166667,50.000000,15.000000,1.430215,0.929592
-3026.988859,0.000000,-754.444444,0.000000,3026.988859,754.444444,649.505215,75.444444,31.932826,41.968331,15.966413,20.984165,0.166667,50.000000,15.000000,1.430215,0.929592
-1925.067632,0.000000,-754.444444,0.000000,1925.067632,754.444444,649.505215,75.444444,31.932826,41.968331,15.966413,20.984165,0.166667,50.000000,15.000000,1.430215,0.929592
-1936.594766,0.000000,-754.444444,0.000000,1936.594766,754.444444,649.505215,75.444444,31.932826,41.968331,15.966413,20.984165,0.166667,50.000000,15.000000,1.430215,0.929592
-2261.750389,0.000000,-754.444444,0.000000,2261.750389,754.444444,649.505215,75.444444,31.932826,41.968331,15.966413,20.984165,0.166667,50.000000,15.000000,1.430215,0.929592
-3110.712247,0.000000,-754.444444,0.000000,3110.712247,754.444444,649.505215,75.444444,31.932826,41.968331,15.966413,20.984165,0.166667,50.000000,15.000000,1.430215,0.929592
-3038.515992,0.000000,-754.444444,0.000000,3038.515992,754.444444,649.505215,75.444444,31.932826,41.968331,15.966413,20.984165,0.166667,50.000000,15.000000,1.430215,0.929592
-1677.750303,0.000000,-1634.057984,0.000000,1677.750303,1634.057984,167.775030,163.405798,42.303614,43.761448,21.151807,21.880724,0.142857,150.000000,20.000000,0.869435,1.082260
-1677.750303,0.000000,-1634.057984,0.000000,1677.750303,1634.057984,167.775030,163.405798,42.303614,43.761448,21.151807,21.880724,0.142857,150.000000,20.000000,0.869435,1.082260
-28.726267,0.000000,-906.137953,0.000000,34.534764,906.137953,677.901235,90.613795,16.965734,66.553874,8.482867,33.276937,0.200000,650.000000,5.000000,1.149805,1.446882
-25.664158,0.000000,-906.137953,0.000000,31.472655,906.137953,677.901235,90.613795,16.965734,66.553874,8.482867,33.276937,0.200000,650.000000,5.000000,1.149805,1.446882
-44.157237,0.000000,-906.137953,0.000000,49.965734,906.137953,677.901235,90.613795,16.965734,66.553874,8.482867,33.276937,0.200000,650.000000,5.000000,1.149805,1.446882
-29.271365,0.000000,-906.137953,0.000000,35.079861,906.137953,677.901235,90.613795,16.965734,66.553874,8.482867,33.276937,0.200000,650.000000,5.000000,1.149805,1.446882
-388.592529,0.000000,-906.137953,0.000000,388.592529,906.137953,742.456583,90.613795,20.958098,66.553874,10.479049,33.276937,0.200000,630.000000,10.000000,1.607295,1.446882
-1792.768075,0.000000,-1988.633989,0.000000,1792.768075,1988.633989,179.276807,198.863399,59.848237,66.831526,29.924118,33.415763,0.055556,120.000000,25.000000,1.419502,1.588626
-1792.768075,0.000000,-1988.633989,0.000000,1792.768075,1988.633989,179.276807,198.863399,59.848237,66.831526,29.924118,33.415763,0.055556,120.000000,25.000000,1.419502,1.588626
-1792.768075,0.000000,-1988.633989,0.000000,1792.768075,1988.633989,179.276807,198.863399,59.848237,66.831526,29.924118,33.415763,0.055556,120.000000,25.000000,1.419502,1.588626
-1792.768075,0.000000,-1988.633989,0.000000,1792.768075,1988.633989,179.276807,198.863399,59.848237,66.831526,29.924118,33.415763,0.055556,120.000000,25.000000,1.419502,1.588626
-1792.768075,0.000000,-1988.633989,0.000000,1792.768075,1988.633989,179.276807,198.863399,59.848237,66.831526,29.924118,33.415763,0.055556,120.000000,25.000000,1.419502,1.588626
-832.359911,0.000000,-882.885730,0.000000,832.359911,882.885730,83.235991,88.288573,60.397524,69.295175,30.198762,34.647588,0.142857,120.000000,30.000000,1.312164,1.495917
-1792.768075,0.000000,-1988.633989,0.000000,1792.768075,1988.633989,179.276807,198.863399,59.848237,66.831526,29.924118,33.415763,0.055556,120.000000,25.000000,1.419502,1.588626
-1792.768075,0.000000,-1988.633989,0.000000,1792.768075,1988.633989,179.276807,198.863399,59.848237,66.831526,29.924118,33.415763,0.055556,120.000000,25.000000,1.419502,1.588626
-832.359911,0.000000,-882.885730,0.000000,832.359911,882.885730,83.235991,88.288573,60.397524,69.295175,30.198762,34.647588,0.142857,120.000000,30.000000,1.312164,1.495917
-832.359911,0.000000,-882.885730,0.000000,832.359911,882.885730,83.235991,88.288573,60.397524,69.295175,30.198762,34.647588,0.142857,120.000000,30.000000,1.312164,1.495917
-832.359911,0.000000,-882.885730,0.000000,832.359911,882.885730,83.235991,88.288573,60.397524,69.295175,30.198762,34.647588,0.142857,120.000000,30.000000,1.312164,1.495917
-832.359911,0.000000,-882.885730,0.000000,832.359911,882.885730,83.235991,88.288573,60.397524,69.295175,30.198762,34.647588,0.142857,120.000000,30.000000,1.312164,1.495917
-1792.768075,0.000000,-1988.633989,0.000000,1792.768075,1988.633989,179.276807,198.863399,59.848237,66.831526,29.924118,33.415763,0.055556,120.000000,25.000000,1.419502,1.588626
-1792.768075,0.000000,-1988.633989,0.000000,1792.768075,1988.633989,179.276807,198.863399,59.848237,66.831526,29.924118,33.415763,0.055556,120.000000,25.000000,1.419502,1.588626
-1792.768075,0.000000,-1988.633989,0.000000,1792.768075,1988.633989,179.276807,198.863399,59.848237,66.831526,29.924118,33.415763,0.055556,120.000000,25.000000,1.419502,1.588626
-2931.256127,0.000000,-3524.544000,0.000000,2931.256127,3524.544000,293.125613,352.454400,44.573355,47.315229,22.286677,23.657614,0.045455,40.000000,20.000000,1.261441,1.384466
-2931.256127,0.000000,-3524.544000,0.000000,2931.256127,3524.544000,293.125613,352.454400,44.573355,47.315229,22.286677,23.657614,0.045455,40.000000,20.000000,1.261441,1.384466
-2931.256127,0.000000,-3524.544000,0.000000,2931.256127,3524.544000,293.125613,352.454400,44.573355,47.315229,22.286677,23.657614,0.045455,40.000000,20.000000,1.261441,1.384466
-2931.256127,0.000000,-3524.544000,0.000000,2931.256127,3524.544000,293.125613,352.454400,44.573355,47.315229,22.286677,23.657614,0.045455,40.000000,20.000000,1.261441,1.384466
-539.520589,0.000000,-1140.252994,0.000000,539.520589,1140.252994,53.952059,114.025299,21.390634,25.515744,10.695317,12.757872,0.125000,140.000000,10.000000,0.467687,0.654873
-972.399723,0.000000,-2904.397342,0.000000,972.399723,2904.397342,97.239972,290.439734,38.569079,53.788530,19.284539,26.894265,0.083333,850.000000,15.000000,0.893286,1.438668
-972.399723,0.000000,-2904.397342,0.000000,972.399723,2904.397342,97.239972,290.439734,38.569079,53.788530,19.284539,26.894265,0.083333,850.000000,15.000000,0.893286,1.438668
-1262.767604,0.000000,-1403.716741,0.000000,1262.767604,1403.716741,126.276760,140.371674,55.104313,52.192417,27.552157,26.096209,0.100000,110.000000,25.000000,1.256351,1.220925
-1262.767604,0.000000,-1403.716741,0.000000,1262.767604,1403.716741,126.276760,140.371674,55.104313,52.192417,27.552157,26.096209,0.100000,110.000000,25.000000,1.256351,1.220925
-1262.767604,0.000000,-1403.716741,0.000000,1262.767604,1403.716741,126.276760,140.371674,55.104313,52.192417,27.552157,26.096209,0.100000,110.000000,25.000000,1.256351,1.220925
-1262.767604,0.000000,-1403.716741,0.000000,1262.767604,1403.716741,126.276760,140.371674,55.104313,52.192417,27.552157,26.096209,0.100000,110.000000,25.000000,1.256351,1.220925
-1262.767604,0.000000,-1403.716741,0.000000,1262.767604,1403.716741,126.276760,140.371674,55.104313,52.192417,27.552157,26.096209,0.100000,110.000000,25.000000,1.256351,1.220925
823.844378,0.000000,52.082959,0.000000,854.594550,121.855025,22176.000000,344.250000,1.705882,8.342913,0.852941,4.171456,0.111111,60.000000,0.000000,30.361964,0.606774
-118.747751,0.000000,14.479894,0.000000,118.747751,159.458090,3613.040000,327.555556,6.726786,9.081676,3.363393,4.540838,0.166667,50.000000,0.000000,4.532285,0.605189
642.647600,0.000000,38.017466,0.000000,673.397773,107.789532,22176.000000,344.250000,1.705882,8.342913,0.852941,4.171456,0.111111,60.000000,0.000000,27.053676,0.606774
9.750710,0.000000,61.922249,0.000000,9.750710,61.922249,211.911111,193.300000,3.875000,6.685938,1.937500,3.342969,0.200000,50.000000,0.000000,0.327857,0.373816
64.017736,0.000000,43.333850,0.000000,276.268414,188.312046,3613.040000,327.555556,6.726786,9.081676,3.363393,4.540838,0.166667,50.000000,0.000000,4.532285,0.605189
2.018075,0.000000,54.677744,0.000000,2.018075,54.677744,36.800000,36.800000,4.320833,7.702813,2.160417,3.851406,0.200000,50.000000,0.000000,0.128396,0.199067
-23.546340,0.000000,0.414401,0.000000,188.704338,145.392597,3613.040000,327.555556,6.726786,9.081676,3.363393,4.540838,0.166667,50.000000,0.000000,4.532285,0.605189
921.227608,0.000000,80.936915,0.000000,951.977780,150.708981,22176.000000,344.250000,1.705882,8.342913,0.852941,4.171456,0.111111,60.000000,0.000000,27.767222,0.606774
34.081737,0.000000,147.550270,0.000000,34.081737,147.550270,284.800000,392.409722,9.091801,10.987379,4.545901,5.493690,0.200000,10.000000,0.000000,0.548361,0.755518
50.861960,0.000000,143.306569,0.000000,50.861960,143.306569,284.800000,392.409722,9.091801,10.987379,4.545901,5.493690,0.200000,10.000000,0.000000,0.548361,0.755518
70.771322,0.000000,152.087174,0.000000,70.771322,152.087174,284.800000,392.409722,9.091801,10.987379,4.545901,5.493690,0.200000,10.000000,0.000000,0.548361,0.755518
20.512725,0.000000,-20.490951,0.000000,20.512725,27.093133,485.500000,36.237814,1.404762,9.536983,0.702381,4.768491,0.166667,90.000000,0.000000,0.652318,0.231287
99.033783,0.000000,188.245370,0.000000,99.033783,188.245370,383.431944,921.656805,10.816882,12.721752,5.408441,6.360876,0.200000,20.000000,5.000000,0.748739,1.404705
3.097670,0.000000,-22.290917,0.000000,3.097670,25.293167,84.820000,144.776327,1.547619,8.952033,0.773810,4.476016,0.166667,90.000000,0.000000,0.139860,0.366530
19.556900,0.000000,19.228120,0.000000,19.556900,19.228120,78.027778,43.199265,7.512476,10.270725,3.756238,5.135363,0.250000,20.000000,0.000000,0.245680,0.251460
93.796073,0.000000,179.936541,0.000000,93.796073,179.936541,383.431944,921.656805,10.816882,12.721752,5.408441,6.360876,0.200000,20.000000,5.000000,0.748739,1.404705
99.663661,0.000000,186.170540,0.000000,99.663661,186.170540,383.431944,921.656805,10.816882,12.721752,5.408441,6.360876,0.200000,20.000000,5.000000,0.748739,1.404705
-13.476902,0.000000,-37.096240,0.000000,17.273271,40.098490,191.320000,153.960000,1.714286,9.281199,0.857143,4.640600,0.142857,90.000000,0.000000,0.273985,0.391283
-82.184151,0.000000,-104.922370,0.000000,82.184151,104.922370,46.066327,51.250000,10.540468,14.315622,5.270234,7.157811,0.200000,80.000000,5.000000,0.266537,0.347419
108.488068,0.000000,504.969326,0.000000,108.488068,504.969326,63.829586,95.382716,13.489938,15.155270,6.744969,7.577635,0.200000,190.000000,5.000000,0.350593,0.420540
264.027695,0.000000,2381.167863,0.000000,264.027695,2381.167863,474.725436,1411.203933,16.980919,14.256008,8.490459,7.128004,0.100000,190.000000,5.000000,0.918391,2.043397
227.742008,0.000000,2443.556060,0.000000,227.742008,2443.556060,474.725436,1411.203933,16.980919,14.256008,8.490459,7.128004,0.100000,190.000000,5.000000,0.918391,2.043397
246.348885,0.000000,2201.260576,0.000000,246.348885,2201.260576,474.725436,1411.203933,16.980919,14.256008,8.490459,7.128004,0.100000,190.000000,5.000000,0.918391,2.043397
1936.674659,0.000000,7732.388927,0.000000,1936.674659,7732.388927,1467.257102,773.238893,17.757755,25.483910,8.878878,12.741955,0.090909,130.000000,5.000000,2.134294,1.473009
2259.405126,0.000000,7732.388927,0.000000,2259.405126,7732.388927,1467.257102,773.238893,17.757755,25.483910,8.878878,12.741955,0.090909,130.000000,5.000000,2.134294,1.473009
2510.972729,0.000000,7732.388927,0.000000,2510.972729,7732.388927,1467.257102,773.238893,17.757755,25.483910,8.878878,12.741955,0.090909,130.000000,5.000000,2.134294,1.473009
169.734421,0.000000,8313.963535,0.000000,169.734421,8313.963535,547.811639,831.396354,15.548214,27.717595,7.774107,13.858797,0.100000,480.000000,5.000000,1.000903,1.585715
68.749457,0.000000,2868.932272,0.000000,68.749457,2868.932272,83.158861,286.893227,14.691832,19.377857,7.345916,9.688928,0.200000,480.000000,5.000000,0.396882,0.753621
164.058164,0.000000,8313.963535,0.000000,164.058164,8313.963535,547.811639,831.396354,15.548214,27.717595,7.774107,13.858797,0.100000,480.000000,5.000000,1.000903,1.585715
159.212614,0.000000,8313.963535,0.000000,159.212614,8313.963535,547.811639,831.396354,15.548214,27.717595,7.774107,13.858797,0.100000,480.000000,5.000000,1.000903,1.585715
10435.346047,0.000000,10220.360393,0.000000,10435.346047,10220.360393,1043.534605,1022.036039,27.849496,33.070778,13.924748,16.535389,0.066667,100.000000,10.000000,1.837270,1.935073
10435.346047,0.000000,10220.360393,0.000000,10435.346047,10220.360393,1043.534605,1022.036039,27.849496,33.070778,13.924748,16.535389,0.066667,100.000000,10.000000,1.837270,1.935073
10435.346047,0.000000,10220.360393,0.000000,10435.346047,10220.360393,1043.534605,1022.036039,27.849496,33.070778,13.924748,16.535389,0.066667,100.000000,10.000000,1.837270,1.935073
11617.607306,0.000000,12595.831884,0.000000,11617.607306,12595.831884,1161.760731,1259.583188,42.460291,44.541694,21.230145,22.270847,0.052632,110.000000,20.000000,2.239969,2.465491
6714.819198,0.000000,6813.549383,0.000000,6714.819198,6813.549383,671.481920,681.354938,25.683547,26.128518,12.841774,13.064259,0.062500,110.000000,10.000000,1.289196,1.370541
11617.607306,0.000000,12595.831884,0.000000,11617.607306,12595.831884,1161.760731,1259.583188,42.460291,44.541694,21.230145,22.270847,0.052632,110.000000,20.000000,2.239969,2.465491
11617.607306,0.000000,12595.831884,0.000000,11617.607306,12595.831884,1161.760731,1259.583188,42.460291,44.541694,21.230145,22.270847,0.052632,110.000000,20.000000,2.239969,2.465491
24.832140,0.000000,16.195792,0.000000,24.832140,16.195792,598.510204,120.018141,2.020202,7.095845,1.010101,3.547923,0.111111,100.000000,0.000000,0.771231,0.296710
0.000000,0.000000,10.824816,0.000000,0.000000,10.824816,823.993056,120.018141,0.000000,7.095845,0.000000,3.547923,0.200000,180.000000,0.000000,0.000000,0.296710
32.281737,0.000000,31.251858,0.000000,32.281737,31.251858,749.000000,774.000000,2.088889,6.550217,1.044444,3.275109,0.200000,100.000000,0.000000,1.039299,1.063727
0.000000,0.000000,5.410443,0.000000,0.000000,5.410443,932.437500,56.000000,0.000000,7.296008,0.000000,3.648004,0.250000,320.000000,0.000000,0.000000,0.214400
21.975378,0.000000,2.990380,0.000000,21.975378,2.990380,528.222222,56.000000,6.580533,7.296008,3.290266,3.648004,0.125000,140.000000,0.000000,0.814119,0.214400
5.601481,0.000000,3.033141,0.000000,5.601481,3.033141,161.710648,101.754325,4.423611,6.186414,2.211806,3.093207,0.111111,220.000000,0.000000,0.284882,0.247022
-2.607538,0.000000,-1.421899,0.000000,5.765680,2.423807,141.222222,77.000000,6.507508,6.877709,3.253754,3.438854,0.142857,140.000000,0.000000,0.231645,0.230387
-2.137573,0.000000,7.724433,0.000000,2.137573,7.724433,42.654321,59.992769,8.049309,9.745842,4.024655,4.872921,0.142857,70.000000,0.000000,0.211858,0.269784
0.333091,0.000000,7.852408,0.000000,2.123710,7.852408,42.654321,59.992769,8.049309,9.745842,4.024655,4.872921,0.142857,70.000000,0.000000,0.211858,0.269784
1.765064,0.000000,8.416286,0.000000,3.555683,8.416286,55.654321,79.423324,7.039792,9.093797,3.519896,4.546899,0.200000,70.000000,0.000000,0.207380,0.278704
10.697327,0.000000,30.712463,0.000000,10.697327,30.712463,141.223713,62.323513,5.574696,11.429047,2.787348,5.714524,0.133333,200.000000,0.000000,0.289420,0.304986
27.746389,0.000000,174.336032,0.000000,27.746389,174.336032,230.895555,354.064191,11.908941,15.963193,5.954471,7.981596,0.052632,30.000000,5.000000,0.526601,0.785813
12.731776,0.000000,141.638866,0.000000,14.250830,141.638866,206.636898,67.500346,10.086634,16.740771,5.043317,8.370385,0.083333,30.000000,5.000000,0.421699,0.421919
12.805079,0.000000,162.895955,0.000000,14.324133,162.895955,206.636898,67.500346,10.086634,16.740771,5.043317,8.370385,0.083333,30.000000,5.000000,0.425970,0.421919
28.499062,0.000000,186.064064,0.000000,28.499062,186.064064,230.895555,354.064191,11.908941,15.963193,5.954471,7.981596,0.052632,30.000000,5.000000,0.526601,0.785813
732.197026,0.000000,692.832653,0.000000,732.197026,692.832653,73.219703,69.283265,18.300760,20.481242,9.150380,10.240621,0.083333,80.000000,5.000000,0.404551,0.499230
28.610226,0.000000,31.769745,0.000000,28.610226,31.769745,266.842469,52.885017,17.090858,25.799289,8.545429,12.899644,0.142857,70.000000,5.000000,0.680839,0.580355
46.973376,0.000000,49.071258,0.000000,46.973376,49.071258,637.206598,398.346265,17.087459,25.387329,8.543730,12.693664,0.029412,70.000000,5.000000,1.141559,1.003554
5.615503,0.000000,9.630352,0.000000,5.615503,9.630352,86.219056,55.914497,7.038048,7.112164,3.519024,3.556082,0.111111,130.000000,0.000000,0.140761,0.212142
42.124420,0.000000,91.775447,0.000000,42.124420,91.775447,95.960552,59.131617,21.558439,21.784683,10.779219,10.892341,0.166667,130.000000,10.000000,0.472504,0.509385
21.310125,0.000000,22.145295,0.000000,21.310125,22.145295,356.170830,270.734744,17.024053,17.001043,8.512026,8.500522,0.041667,130.000000,5.000000,0.703291,0.676094
23.581681,0.000000,57.298211,0.000000,23.581681,57.298211,90.915200,78.376953,14.857565,15.716089,7.428782,7.858045,0.076923,20.000000,5.000000,0.409745,0.417367
211.294849,0.000000,330.932458,0.000000,211.294849,330.932458,91.428652,65.913705,28.028509,29.275656,14.014254,14.637828,0.166667,20.000000,10.000000,0.674020,0.670188
34.292227,0.000000,68.640194,0.000000,34.292227,68.640194,264.603850,236.240233,21.894730,23.074388,10.947365,11.537194,0.038462,20.000000,10.000000,0.767039,0.757902
294.156147,0.000000,1341.948225,0.000000,294.156147,1341.948225,89.787405,134.194822,25.818101,32.657951,12.909050,16.328975,0.100000,310.000000,10.000000,0.626028,0.820549
0.000000,0.000000,14.305092,0.000000,0.000000,14.305092,44.166667,313.739796,0.000000,3.488846,0.000000,1.744423,0.166667,220.000000,0.000000,0.000000,0.455389
9.839757,0.000000,2.677274,0.000000,9.839757,2.677274,232.750000,42.446281,1.911111,4.200000,0.955556,2.100000,0.111111,100.000000,0.000000,0.336742,0.135345
0.000000,0.000000,11.334662,0.000000,0.000000,11.334662,219.277778,276.446281,0.000000,3.810000,0.000000,1.905000,0.166667,220.000000,0.000000,0.000000,0.414932
8.944817,0.000000,2.686191,0.000000,8.944817,2.686191,178.561224,56.446281,7.676490,9.906457,3.838245,4.953228,0.166667,40.000000,0.000000,0.417997,0.272240
1.591316,0.000000,3.063178,0.000000,3.205474,3.063178,65.500000,56.446281,3.036905,9.906457,1.518452,4.953228,0.166667,70.000000,0.000000,0.112591,0.272240
7.813510,0.000000,7.530262,0.000000,7.813510,7.530262,139.795918,140.351020,13.151713,15.560273,6.575857,7.780136,0.166667,10.000000,5.000000,0.436382,0.478562
6.268287,0.000000,-890.293367,0.000000,6.268287,890.293367,152.093750,89.029337,9.755024,28.756647,4.877512,14.378323,0.142857,100.000000,0.000000,0.396168,0.688935
6.814441,0.000000,-890.293367,0.000000,6.814441,890.293367,152.093750,89.029337,9.755024,28.756647,4.877512,14.378323,0.142857,100.000000,0.000000,0.396168,0.688935
5.463411,0.000000,-890.293367,0.000000,5.463411,890.293367,152.093750,89.029337,9.755024,28.756647,4.877512,14.378323,0.142857,100.000000,0.000000,0.385125,0.688935
8.751857,0.000000,-1792.886558,0.000000,8.751857,1792.886558,215.360417,179.288656,11.691994,34.182493,5.845997,17.091246,0.066667,270.000000,5.000000,0.511818,0.907679
23.245274,0.000000,-5352.030860,0.000000,23.245274,5352.030860,670.057851,535.203086,2.000000,36.643386,1.000000,18.321693,0.111111,470.000000,0.000000,0.865851,1.396345
9.298011,0.000000,-1792.886558,0.000000,9.298011,1792.886558,215.360417,179.288656,11.691994,34.182493,5.845997,17.091246,0.066667,270.000000,5.000000,0.511818,0.907679
-46.849012,0.000000,-2237.557759,0.000000,48.699532,2237.557759,198.034824,223.755776,18.230254,30.592042,9.115127,15.296021,0.142857,210.000000,5.000000,0.614363,0.892831
29.545825,0.000000,-5352.030860,0.000000,29.545825,5352.030860,670.057851,535.203086,2.000000,36.643386,1.000000,18.321693,0.111111,470.000000,0.000000,0.985947,1.396345
0.000000,0.000000,-1792.886558,0.000000,0.000000,1792.886558,223.111111,179.288656,0.000000,34.182493,0.000000,17.091246,0.166667,590.000000,0.000000,0.000000,0.907679
-8.251443,0.000000,-5352.030860,0.000000,8.251443,5352.030860,670.695153,535.203086,19.217807,36.643386,9.608904,18.321693,0.062500,210.000000,5.000000,1.258404,1.396345
-37.887035,0.000000,-2237.557759,0.000000,39.737555,2237.557759,198.034824,223.755776,18.230254,30.592042,9.115127,15.296021,0.142857,210.000000,5.000000,0.614363,0.892831
-29.549034,0.000000,-2237.557759,0.000000,31.399554,2237.557759,198.034824,223.755776,18.230254,30.592042,9.115127,15.296021,0.142857,210.000000,5.000000,0.614363,0.892831
-14494.017647,0.000000,-5352.030860,0.000000,14494.017647,5352.030860,1449.401765,535.203086,28.930299,36.643386,14.465150,18.321693,0.062500,170.000000,10.000000,4.976703,1.396345
-15261.617647,0.000000,-613.877551,0.000000,15261.617647,613.877551,1526.161765,61.387755,25.198332,68.021761,12.599166,34.010881,0.111111,660.000000,10.000000,4.990870,1.436289
8.277241,0.000000,-613.877551,0.000000,8.277241,613.877551,138.979290,61.387755,6.116890,68.021761,3.058445,34.010881,0.200000,850.000000,0.000000,0.317057,1.436289
1.167922,0.000000,-613.877551,0.000000,9.080870,613.877551,710.132653,61.387755,16.494339,68.021761,8.247170,34.010881,0.125000,700.000000,5.000000,1.276729,1.436289
-8014.000000,0.000000,-613.877551,0.000000,8014.000000,613.877551,801.400000,61.387755,46.605091,68.021761,23.302546,34.010881,0.100000,230.000000,20.000000,1.966278,1.436289
-8793.385167,0.000000,-1029.306063,0.000000,8793.385167,1029.306063,879.338517,102.930606,52.059388,66.167734,26.029694,33.083867,0.050000,170.000000,25.000000,2.144917,1.450940
-8793.385167,0.000000,-1029.306063,0.000000,8793.385167,1029.306063,879.338517,102.930606,52.059388,66.167734,26.029694,33.083867,0.050000,170.000000,25.000000,2.144917,1.450940
-8793.385167,0.000000,-1029.306063,0.000000,8793.385167,1029.306063,879.338517,102.930606,52.059388,66.167734,26.029694,33.083867,0.050000,170.000000,25.000000,2.144917,1.450940
-8793.385167,0.000000,-1029.306063,0.000000,8793.385167,1029.306063,879.338517,102.930606,52.059388,66.167734,26.029694,33.083867,0.050000,170.000000,25.000000,2.144917,1.450940
-8793.385167,0.000000,-1029.306063,0.000000,8793.385167,1029.306063,879.338517,102.930606,52.059388,66.167734,26.029694,33.083867,0.050000,170.000000,25.000000,2.144917,1.450940
8.636487,0.000000,-613.877551,0.000000,8.636487,613.877551,138.979290,61.387755,6.116890,68.021761,3.058445,34.010881,0.200000,850.000000,0.000000,0.317057,1.436289
-1974.030612,0.000000,-1981.075000,0.000000,1974.030612,1981.075000,197.403061,198.107500,25.989203,36.724259,12.994601,18.362130,0.111111,280.000000,10.000000,0.722702,0.981661
-492.562358,0.000000,-481.059410,0.000000,492.562358,481.059410,49.256236,48.105941,23.829890,26.090637,11.914945,13.045318,0.100000,150.000000,10.000000,0.500381,0.581883
-6727.187323,0.000000,-7796.638024,0.000000,6727.187323,7796.638024,672.718732,779.663802,54.012416,56.029808,27.006208,28.014904,0.100000,160.000000,25.000000,1.921820,2.094976
-6727.187323,0.000000,-7796.638024,0.000000,6727.187323,7796.638024,672.718732,779.663802,54.012416,56.029808,27.006208,28.014904,0.100000,160.000000,25.000000,1.921820,2.094976
-6727.187323,0.000000,-7796.638024,0.000000,6727.187323,7796.638024,672.718732,779.663802,54.012416,56.029808,27.006208,28.014904,0.100000,160.000000,25.000000,1.921820,2.094976
-2655.328798,0.000000,-1727.457851,0.000000,2655.328798,1727.457851,265.532880,172.745785,21.004646,24.649468,10.502323,12.324734,0.083333,530.000000,10.000000,0.713259,0.709647
-1535.116782,0.000000,-1323.371914,0.000000,1535.116782,1323.371914,153.511678,132.337191,26.722690,28.351108,13.361345,14.175554,0.071429,100.000000,10.000000,0.726103,0.731688
0.244987,0.000000,-1079.336735,0.000000,16.094861,1079.336735,259.604474,107.933673,18.067499,33.238043,9.033749,16.619021,0.040000,830.000000,5.000000,0.691890,0.799667
4.750143,0.000000,-1178.098737,0.000000,6.926853,1178.098737,173.192708,117.809874,9.175983,31.242888,4.587991,15.621444,0.090909,1160.000000,0.000000,0.277572,0.771979
-878.659206,0.000000,-1678.750000,0.000000,878.659206,1678.750000,120.644310,167.875000,28.921004,36.258001,14.460502,18.129001,0.071429,420.000000,10.000000,0.729748,0.934207
-2.415849,0.000000,-1874.825484,0.000000,4.597240,1874.825484,114.144180,187.482548,11.921250,39.370829,5.960625,19.685414,0.062500,1290.000000,5.000000,0.381821,1.020977
-1693.566163,0.000000,-1276.831657,0.000000,1693.566163,1276.831657,182.364948,127.683166,30.011264,36.553257,15.005632,18.276629,0.045455,420.000000,15.000000,0.827605,0.891042
-1110.820666,0.000000,-1739.283366,0.000000,1110.820666,1739.283366,111.082067,173.928337,23.780501,24.252189,11.890251,12.126095,0.050000,30.000000,10.000000,0.551840,0.701466
-12.195872,0.000000,-1902.006173,0.000000,12.195872,1902.006173,83.180680,190.200617,12.639828,34.255728,6.319914,17.127864,0.090909,1080.000000,5.000000,0.306012,0.922895
-2575.249556,0.000000,-1919.800000,0.000000,2575.249556,1919.800000,257.524956,191.980000,23.986357,24.277323,11.993179,12.138662,0.090909,200.000000,10.000000,0.770381,0.725068
-1437.572512,0.000000,-1327.807812,0.000000,1437.572512,1327.807812,143.757251,132.780781,24.209558,24.542562,12.104779,12.271281,0.090909,200.000000,10.000000,0.633165,0.656494
-1353.023431,0.000000,-1694.551488,0.000000,1353.023431,1694.551488,135.302343,169.455149,30.803617,30.732071,15.401808,15.366035,0.035714,150.000000,15.000000,0.690360,0.826319
-1595.076208,0.000000,-1309.303678,0.000000,1595.076208,1309.303678,159.507621,130.930368,37.395531,36.920511,18.697766,18.460256,0.040000,150.000000,15.000000,0.947307,0.902272
-3002.176871,0.000000,-3043.170463,0.000000,3002.176871,3043.170463,300.217687,304.317046,23.971256,23.850354,11.985628,11.925177,0.058824,110.000000,10.000000,0.854989,0.858807
-884.136904,0.000000,-1578.785064,0.000000,884.136904,1578.785064,141.738644,157.878506,20.648657,34.554730,10.324329,17.277365,0.055556,1010.000000,10.000000,0.499699,0.887959
-1878.912982,0.000000,-1579.947951,0.000000,1878.912982,1579.947951,187.891298,157.994795,18.676724,19.023454,9.338362,9.511727,0.040000,110.000000,5.000000,0.609013,0.578330
-1079.468724,0.000000,-1200.813475,0.000000,1079.468724,1200.813475,107.946872,120.081347,36.624509,39.029669,18.312255,19.514835,0.066667,160.000000,15.000000,0.867026,0.930688
-1480.706349,0.000000,-1254.834451,0.000000,1480.706349,1254.834451,148.070635,125.483445,38.886154,43.774306,19.443077,21.887153,0.037037,380.000000,15.000000,0.962359,1.032488
-2460.908495,0.000000,-1919.955556,0.000000,2460.908495,1919.955556,246.090850,191.995556,26.969956,29.101874,13.484978,14.550937,0.100000,310.000000,10.000000,0.811705,0.822285
-1058.219274,0.000000,-1443.598508,0.000000,1058.219274,1443.598508,105.821927,144.359851,32.530024,35.096201,16.265012,17.548101,0.100000,310.000000,15.000000,0.746570,0.883101
-1294.911699,0.000000,-1443.598508,0.000000,1294.911699,1443.598508,129.491170,144.359851,33.167356,35.096201,16.583678,17.548101,0.066667,90.000000,15.000000,0.824465,0.883101
-2257.976657,0.000000,-1919.955556,0.000000,2257.976657,1919.955556,225.797666,191.995556,27.254664,29.101874,13.627332,14.550937,0.050000,90.000000,10.000000,0.826908,0.822285
-1579.088862,0.000000,-2323.538422,0.000000,1579.088862,2323.538422,157.908886,232.353842,35.442788,32.709448,17.721394,16.354724,0.090909,90.000000,15.000000,0.868091,0.946693
-1926.373966,0.000000,-2323.538422,0.000000,1926.373966,2323.538422,192.637397,232.353842,32.284710,32.709448,16.142355,16.354724,0.047619,70.000000,15.000000,0.883177,0.946693
-1926.373966,0.000000,-2323.538422,0.000000,1926.373966,2323.538422,192.637397,232.353842,32.284710,32.709448,16.142355,16.354724,0.047619,70.000000,15.000000,0.883177,0.946693
-519.687500,0.000000,-973.877778,0.000000,519.687500,973.877778,51.968750,97.387778,22.619312,23.508919,11.309656,11.754459,0.166667,140.000000,10.000000,0.470150,0.595036
-519.687500,0.000000,-973.877778,0.000000,519.687500,973.877778,51.968750,97.387778,22.619312,23.508919,11.309656,11.754459,0.166667,140.000000,10.000000,0.470150,0.595036
-1775.851403,0.000000,-2170.017616,0.000000,1775.851403,2170.017616,177.585140,217.001762,18.836018,23.680310,9.418009,11.840155,0.083333,140.000000,5.000000,0.592917,0.744465
-2184.243600,0.000000,-2301.880787,0.000000,2184.243600,2301.880787,218.424360,230.188079,29.407871,33.585637,14.703935,16.792819,0.090909,320.000000,10.000000,0.862260,0.960879
-1644.234711,0.000000,-2269.451188,0.000000,1644.234711,2269.451188,164.423471,226.945119,26.879137,27.172999,13.439569,13.586499,0.071429,100.000000,10.000000,0.741972,0.827609
-9885.625000,0.000000,-9943.024196,0.000000,9885.625000,9943.024196,988.562500,994.302420,48.382072,55.007097,24.191036,27.503549,0.040000,140.000000,20.000000,2.201466,2.343359
7.499843,0.000000,-983.010128,0.000000,7.499843,983.010128,176.771694,98.301013,1.166667,38.284943,0.583333,19.142471,0.166667,1300.000000,0.000000,0.247838,0.889359
-9885.625000,0.000000,-9943.024196,0.000000,9885.625000,9943.024196,988.562500,994.302420,48.382072,55.007097,24.191036,27.503549,0.040000,140.000000,20.000000,2.201466,2.343359
-9885.625000,0.000000,-9943.024196,0.000000,9885.625000,9943.024196,988.562500,994.302420,48.382072,55.007097,24.191036,27.503549,0.040000,140.000000,20.000000,2.201466,2.343359
-1296.831438,0.000000,-1671.849923,0.000000,1296.831438,1671.849923,129.683144,167.184992,45.825289,48.092924,22.912644,24.046462,0.071429,160.000000,20.000000,1.077851,1.172295
-1296.831438,0.000000,-1671.849923,0.000000,1296.831438,1671.849923,129.683144,167.184992,45.825289,48.092924,22.912644,24.046462,0.071429,160.000000,20.000000,1.077851,1.172295
-1493.997235,0.000000,-1922.637873,0.000000,1493.997235,1922.637873,149.399723,192.263787,39.215750,51.720767,19.607875,25.860384,0.076923,1230.000000,15.000000,0.971841,1.275705
1958.330319,0.000000,1440.842019,0.000000,1958.330319,1440.842019,195.833032,144.084202,27.205416,34.637814,13.602708,17.318907,0.043478,150.000000,10.000000,0.718939,0.871987
1034.103824,0.000000,1727.881944,0.000000,1034.103824,1727.881944,103.410382,172.788194,21.570271,21.756845,10.785136,10.878423,0.083333,140.000000,10.000000,0.521365,0.650633
1715.468915,0.000000,1652.158104,0.000000,1715.468915,1652.158104,171.546891,165.215810,34.967428,40.002133,17.483714,20.001066,0.043478,220.000000,15.000000,0.914246,1.006350
4504.903523,0.000000,4273.428202,0.000000,4504.903523,4273.428202,450.490352,427.342820,43.858267,49.807190,21.929133,24.903595,0.038462,200.000000,20.000000,1.445731,1.530668
4504.903523,0.000000,4273.428202,0.000000,4504.903523,4273.428202,450.490352,427.342820,43.858267,49.807190,21.929133,24.903595,0.038462,200.000000,20.000000,1.445731,1.530668
4504.903523,0.000000,4273.428202,0.000000,4504.903523,4273.428202,450.490352,427.342820,43.858267,49.807190,21.929133,24.903595,0.038462,200.000000,20.000000,1.445731,1.530668
135.415751,0.000000,2254.321391,0.000000,135.415751,2254.321391,267.375307,225.432139,20.232944,33.907471,10.116472,16.953736,0.064516,710.000000,10.000000,0.734242,0.962362
7863.115092,0.000000,3453.146542,0.000000,7863.115092,3453.146542,786.311509,345.314654,30.136339,42.680928,15.068169,21.340464,0.018868,390.000000,15.000000,1.586163,1.275477
6316.278480,0.000000,1614.553905,0.000000,6316.278480,1614.553905,663.905733,161.455390,25.461309,43.953372,12.730655,21.976686,0.083333,500.000000,10.000000,1.366402,1.071535
-71.123452,0.000000,-90.741293,0.000000,76.581637,90.741293,172.415816,184.026646,8.534697,11.543638,4.267349,5.771819,0.058824,20.000000,0.000000,0.386888,0.465512
-64.118878,0.000000,-71.657384,0.000000,64.118878,71.657384,196.968783,153.965927,12.784507,15.231415,6.392253,7.615708,0.050000,30.000000,5.000000,0.501720,0.495232
-14238.561150,0.000000,-25187.438017,0.000000,14238.561150,25187.438017,1423.856115,2518.743802,44.025637,45.778613,22.012818,22.889307,0.090909,510.000000,20.000000,2.622993,4.061501
-14238.561150,0.000000,-25187.438017,0.000000,14238.561150,25187.438017,1423.856115,2518.743802,44.025637,45.778613,22.012818,22.889307,0.090909,510.000000,20.000000,2.622993,4.061501
-25736.401463,0.000000,-28589.673378,0.000000,25736.401463,28589.673378,2573.640146,2858.967338,41.276972,46.670478,20.638486,23.335239,0.030303,120.000000,20.000000,4.039665,4.506520
-25736.401463,0.000000,-28589.673378,0.000000,25736.401463,28589.673378,2573.640146,2858.967338,41.276972,46.670478,20.638486,23.335239,0.030303,120.000000,20.000000,4.039665,4.506520
-1235.016422,0.000000,-1935.466270,0.000000,1235.016422,1935.466270,123.501642,193.546627,15.309311,20.873086,7.654655,10.436543,0.050000,120.000000,5.000000,0.397764,0.659818
-1386.729275,0.000000,-3609.675835,0.000000,1386.729275,3609.675835,138.672928,360.967583,38.002126,43.523461,19.001063,21.761731,0.050000,520.000000,15.000000,0.933859,1.322732
-1503.725981,0.000000,-3609.675835,0.000000,1503.725981,3609.675835,150.372598,360.967583,33.387523,43.523461,16.693762,21.761731,0.055556,630.000000,15.000000,0.856071,1.322732
-1331.176565,0.000000,-3609.675835,0.000000,1331.176565,3609.675835,133.117657,360.967583,28.221534,43.523461,14.110767,21.761731,0.062500,790.000000,10.000000,0.672973,1.322732
-0.865085,0.000000,-870.607487,0.000000,5.498285,870.607487,92.480624,87.060749,7.822266,53.673019,3.911133,26.836509,0.111111,2940.000000,0.000000,0.272639,1.182334
-1102.731815,0.000000,-4964.116706,0.000000,1102.731815,4964.116706,110.273182,496.411671,41.437115,56.976095,20.718558,28.488048,0.090909,1150.000000,20.000000,0.928907,1.760489
-1450.016919,0.000000,-4964.116706,0.000000,1450.016919,4964.116706,145.001692,496.411671,38.120148,56.976095,19.060074,28.488048,0.034483,1130.000000,15.000000,0.940812,1.760489
-1450.016919,0.000000,-4964.116706,0.000000,1450.016919,4964.116706,145.001692,496.411671,38.120148,56.976095,19.060074,28.488048,0.034483,1130.000000,15.000000,0.940812,1.760489
8.315625,0.000000,17.283943,0.000000,8.315625,17.283943,83.372500,67.757531,17.362997,25.705026,8.681499,12.852513,0.111111,260.000000,5.000000,0.401199,0.598630
-1910.229250,0.000000,-2328.380651,0.000000,1910.229250,2328.380651,191.022925,232.838065,33.507116,36.043816,16.753558,18.021908,0.034483,110.000000,15.000000,0.890291,1.014406
-3330.733070,0.000000,-7637.669193,0.000000,3330.733070,7637.669193,333.073307,763.766919,31.513686,37.826971,15.756843,18.913486,0.125000,780.000000,15.000000,1.022380,1.721088
-3330.733070,0.000000,-7637.669193,0.000000,3330.733070,7637.669193,333.073307,763.766919,31.513686,37.826971,15.756843,18.913486,0.125000,780.000000,15.000000,1.022380,1.721088
-2173.954639,0.000000,-1619.965357,0.000000,2173.954639,1619.965357,217.395464,161.996536,15.734012,18.893849,7.867006,9.446924,0.031250,240.000000,5.000000,0.483805,0.579467
-1409.591453,0.000000,-1311.570960,0.000000,1409.591453,1311.570960,140.959145,131.157096,41.611578,45.694115,20.805789,22.847057,0.166667,480.000000,20.000000,0.958742,1.077940
-1885.176247,0.000000,-1476.750939,0.000000,1885.176247,1476.750939,188.517625,147.675094,56.547085,57.559008,28.273542,28.779504,0.062500,700.000000,25.000000,1.367452,1.335911
-854.218243,0.000000,-2300.435578,0.000000,854.218243,2300.435578,85.421824,230.043558,62.427573,71.418063,31.213787,35.709031,0.076923,1330.000000,30.000000,1.354911,1.716131
-854.218243,0.000000,-2300.435578,0.000000,854.218243,2300.435578,85.421824,230.043558,62.427573,71.418063,31.213787,35.709031,0.076923,1330.000000,30.000000,1.354911,1.716131
-854.218243,0.000000,-2300.435578,0.000000,854.218243,2300.435578,85.421824,230.043558,62.427573,71.418063,31.213787,35.709031,0.076923,1330.000000,30.000000,1.354911,1.716131
-854.218243,0.000000,-2300.435578,0.000000,854.218243,2300.435578,85.421824,230.043558,62.427573,71.418063,31.213787,35.709031,0.076923,1330.000000,30.000000,1.354911,1.716131
-854.218243,0.000000,-2300.435578,0.000000,854.218243,2300.435578,85.421824,230.043558,62.427573,71.418063,31.213787,35.709031,0.076923,1330.000000,30.000000,1.354911,1.716131
-851.894531,0.000000,-840.000000,0.000000,851.894531,840.000000,85.189453,84.000000,27.620124,30.466084,13.810062,15.233042,0.166667,50.000000,10.000000,0.659335,0.712654
-2609.931715,0.000000,-3191.771735,0.000000,2609.931715,3191.771735,260.993172,319.177173,60.858177,75.191443,30.429089,37.595721,0.045455,1160.000000,30.000000,1.542041,1.901855
-3729.894988,0.000000,-3894.833995,0.000000,3729.894988,3894.833995,372.989499,389.483399,48.955104,70.234584,24.477552,35.117292,0.038462,1060.000000,20.000000,1.447370,1.889267
-2609.931715,0.000000,-3191.771735,0.000000,2609.931715,3191.771735,260.993172,319.177173,60.858177,75.191443,30.429089,37.595721,0.045455,1160.000000,30.000000,1.542041,1.901855
-3729.894988,0.000000,-3894.833995,0.000000,3729.894988,3894.833995,372.989499,389.483399,48.955104,70.234584,24.477552,35.117292,0.038462,1060.000000,20.000000,1.447370,1.889267
-2609.931715,0.000000,-3191.771735,0.000000,2609.931715,3191.771735,260.993172,319.177173,60.858177,75.191443,30.429089,37.595721,0.045455,1160.000000,30.000000,1.542041,1.901855
-2609.931715,0.000000,-3191.771735,0.000000,2609.931715,3191.771735,260.993172,319.177173,60.858177,75.191443,30.429089,37.595721,0.045455,1160.000000,30.000000,1.542041,1.901855
-2609.931715,0.000000,-3191.771735,0.000000,2609.931715,3191.771735,260.993172,319.177173,60.858177,75.191443,30.429089,37.595721,0.045455,1160.000000,30.000000,1.542041,1.901855
-2609.931715,0.000000,-3191.771735,0.000000,2609.931715,3191.771735,260.993172,319.177173,60.858177,75.191443,30.429089,37.595721,0.045455,1160.000000,30.000000,1.542041,1.901855
-2609.931715,0.000000,-3191.771735,0.000000,2609.931715,3191.771735,260.993172,319.177173,60.858177,75.191443,30.429089,37.595721,0.045455,1160.000000,30.000000,1.542041,1.901855
-2609.931715,0.000000,-3191.771735,0.000000,2609.931715,3191.771735,260.993172,319.177173,60.858177,75.191443,30.429089,37.595721,0.045455,1160.000000,30.000000,1.542041,1.901855
-3729.894988,0.000000,-3894.833995,0.000000,3729.894988,3894.833995,372.989499,389.483399,48.955104,70.234584,24.477552,35.117292,0.038462,1060.000000,20.000000,1.447370,1.889267
-3729.894988,0.000000,-3894.833995,0.000000,3729.894988,3894.833995,372.989499,389.483399,48.955104,70.234584,24.477552,35.117292,0.038462,1060.000000,20.000000,1.447370,1.889267
-2609.931715,0.000000,-3191.771735,0.000000,2609.931715,3191.771735,260.993172,319.177173,60.858177,75.191443,30.429089,37.595721,0.045455,1160.000000,30.000000,1.542041,1.901855
-2609.931715,0.000000,-3191.771735,0.000000,2609.931715,3191.771735,260.993172,319.177173,60.858177,75.191443,30.429089,37.595721,0.045455,1160.000000,30.000000,1.542041,1.901855
-3647.235202,0.000000,-5691.418617,0.000000,3647.235202,5691.418617,364.723520,569.141862,79.464118,86.301663,39.732059,43.150831,0.021277,1000.000000,35.000000,2.047975,2.437775
-3647.235202,0.000000,-5691.418617,0.000000,3647.235202,5691.418617,364.723520,569.141862,79.464118,86.301663,39.732059,43.150831,0.021277,1000.000000,35.000000,2.047975,2.437775
-3647.235202,0.000000,-5691.418617,0.000000,3647.235202,5691.418617,364.723520,569.141862,79.464118,86.301663,39.732059,43.150831,0.021277,1000.000000,35.000000,2.047975,2.437775
-3647.235202,0.000000,-5691.418617,0.000000,3647.235202,5691.418617,364.723520,569.141862,79.464118,86.301663,39.732059,43.150831,0.021277,1000.000000,35.000000,2.047975,2.437775
-3647.235202,0.000000,-5691.418617,0.000000,3647.235202,5691.418617,364.723520,569.141862,79.464118,86.301663,39.732059,43.150831,0.021277,1000.000000,35.000000,2.047975,2.437775
-3647.235202,0.000000,-5691.418617,0.000000,3647.235202,5691.418617,364.723520,569.141862,79.464118,86.301663,39.732059,43.150831,0.021277,1000.000000,35.000000,2.047975,2.437775
-3647.235202,0.000000,-5691.418617,0.000000,3647.235202,5691.418617,364.723520,569.141862,79.464118,86.301663,39.732059,43.150831,0.021277,1000.000000,35.000000,2.047975,2.437775
-3647.235202,0.000000,-5691.418617,0.000000,3647.235202,5691.418617,364.723520,569.141862,79.464118,86.301663,39.732059,43.150831,0.021277,1000.000000,35.000000,2.047975,2.437775
-3647.235202,0.000000,-5691.418617,0.000000,3647.235202,5691.418617,364.723520,569.141862,79.464118,86.301663,39.732059,43.150831,0.021277,1000.000000,35.000000,2.047975,2.437775
-3647.235202,0.000000,-5691.418617,0.000000,3647.235202,5691.418617,364.723520,569.141862,79.464118,86.301663,39.732059,43.150831,0.021277,1000.000000,35.000000,2.047975,2.437775
-6681.751695,0.000000,-6628.412065,0.000000,6681.751695,6628.412065,668.175170,662.841207,70.862958,73.680990,35.431479,36.840495,0.090909,70.000000,35.000000,2.260427,2.300928
-6681.751695,0.000000,-6628.412065,0.000000,6681.751695,6628.412065,668.175170,662.841207,70.862958,73.680990,35.431479,36.840495,0.090909,70.000000,35.000000,2.260427,2.300928
-27286.253189,0.000000,-30872.709210,0.000000,27286.253189,30872.709210,2728.625319,3087.270921,53.020377,50.840355,26.510188,25.420177,0.052632,480.000000,25.000000,4.468004,4.875501
-27286.253189,0.000000,-30872.709210,0.000000,27286.253189,30872.709210,2728.625319,3087.270921,53.020377,50.840355,26.510188,25.420177,0.052632,480.000000,25.000000,4.468004,4.875501
-1169.325089,0.000000,-999.266667,0.000000,1169.325089,999.266667,116.932509,99.926667,32.224694,28.700795,16.112347,14.350397,0.052632,240.000000,15.000000,0.705061,0.699611
-27286.253189,0.000000,-30872.709210,0.000000,27286.253189,30872.709210,2728.625319,3087.270921,53.020377,50.840355,26.510188,25.420177,0.052632,480.000000,25.000000,4.468004,4.875501
-35814.962080,0.000000,-34553.132935,0.000000,35814.962080,34553.132935,3581.496208,3455.313294,57.614953,71.258973,28.807477,35.629487,0.086957,650.000000,25.000000,5.631736,5.733590
-35814.962080,0.000000,-34553.132935,0.000000,35814.962080,34553.132935,3581.496208,3455.313294,57.614953,71.258973,28.807477,35.629487,0.086957,650.000000,25.000000,5.631736,5.733590
-35814.962080,0.000000,-34553.132935,0.000000,35814.962080,34553.132935,3581.496208,3455.313294,57.614953,71.258973,28.807477,35.629487,0.086957,650.000000,25.000000,5.631736,5.733590
-842.962507,0.000000,-855.895369,0.000000,842.962507,855.895369,84.296251,85.589537,49.918065,49.949465,24.959033,24.974732,0.058824,210.000000,20.000000,1.055161,1.107328
30768.811540,0.000000,33413.253767,0.000000,30768.811540,33413.253767,3076.881154,3341.325377,68.038229,74.109290,34.019114,37.054645,0.023810,40.000000,30.000000,5.181252,5.659936
30768.811540,0.000000,33413.253767,0.000000,30768.811540,33413.253767,3076.881154,3341.325377,68.038229,74.109290,34.019114,37.054645,0.023810,40.000000,30.000000,5.181252,5.659936
30768.811540,0.000000,33413.253767,0.000000,30768.811540,33413.253767,3076.881154,3341.325377,68.038229,74.109290,34.019114,37.054645,0.023810,40.000000,30.000000,5.181252,5.659936
30768.811540,0.000000,33413.253767,0.000000,30768.811540,33413.253767,3076.881154,3341.325377,68.038229,74.109290,34.019114,37.054645,0.023810,40.000000,30.000000,5.181252,5.659936
30768.811540,0.000000,33413.253767,0.000000,30768.811540,33413.253767,3076.881154,3341.325377,68.038229,74.109290,34.019114,37.054645,0.023810,40.000000,30.000000,5.181252,5.659936
30768.811540,0.000000,33413.253767,0.000000,30768.811540,33413.253767,3076.881154,3341.325377,68.038229,74.109290,34.019114,37.054645,0.023810,40.000000,30.000000,5.181252,5.659936
31055.087049,0.000000,33083.651666,0.000000,31055.087049,33083.651666,3105.508705,3308.365167,49.336984,50.042800,24.668492,25.021400,0.037037,60.000000,20.000000,4.773586,5.130551
31055.087049,0.000000,33083.651666,0.000000,31055.087049,33083.651666,3105.508705,3308.365167,49.336984,50.042800,24.668492,25.021400,0.037037,60.000000,20.000000,4.773586,5.130551
31055.087049,0.000000,33083.651666,0.000000,31055.087049,33083.651666,3105.508705,3308.365167,49.336984,50.042800,24.668492,25.021400,0.037037,60.000000,20.000000,4.773586,5.130551
2224.022096,0.000000,2241.060103,0.000000,2224.022096,2241.060103,222.402210,224.106010,41.369159,39.927020,20.684580,19.963510,0.057143,1370.000000,20.000000,1.100785,1.078343
1914.795831,0.000000,1874.196642,0.000000,1914.795831,1874.196642,191.479583,187.419664,26.347977,37.057153,13.173988,18.528576,0.028571,1220.000000,10.000000,0.646647,0.975348
3571.455909,0.000000,3821.018126,0.000000,3571.455909,3821.018126,357.145591,382.101813,36.823117,40.337483,18.411559,20.168742,0.015152,120.000000,15.000000,0.929700,1.285352
-1044.871318,0.000000,-907.390402,0.000000,1044.871318,907.390402,104.487132,90.739040,45.598749,57.425044,22.799375,28.712522,0.071429,1870.000000,20.000000,1.042495,1.261628
-1360.471524,0.000000,-1968.071111,0.000000,1360.471524,1968.071111,136.047152,196.807111,38.981244,45.877951,19.490622,22.938976,0.080000,730.000000,15.000000,0.878552,1.162646
-4006.955163,0.000000,-2225.908697,0.000000,4006.955163,2225.908697,400.695516,222.590870,37.960629,40.445779,18.980315,20.222889,0.076923,160.000000,15.000000,1.267569,1.086301
-5729.503343,0.000000,-7638.436919,0.000000,5729.503343,7638.436919,572.950334,763.843692,59.164830,75.603365,29.582415,37.801682,0.033333,970.000000,25.000000,1.901105,2.467409
-909.378794,0.000000,-1100.435889,0.000000,909.378794,1100.435889,90.937879,110.043589,32.574684,44.747588,16.287342,22.373794,0.062500,920.000000,15.000000,0.716509,1.032409
-5729.503343,0.000000,-7638.436919,0.000000,5729.503343,7638.436919,572.950334,763.843692,59.164830,75.603365,29.582415,37.801682,0.033333,970.000000,25.000000,1.901105,2.467409
-5729.503343,0.000000,-7638.436919,0.000000,5729.503343,7638.436919,572.950334,763.843692,59.164830,75.603365,29.582415,37.801682,0.033333,970.000000,25.000000,1.901105,2.467409
5.327116,0.000000,-1546.621315,0.000000,5.327116,1546.621315,140.702948,154.662132,5.189961,62.471791,2.594980,31.235895,0.125000,4730.000000,0.000000,0.299673,1.442506
-1503.295238,0.000000,-1604.595506,0.000000,1503.295238,1604.595506,150.329524,160.459551,27.210382,46.870485,13.605191,23.435243,0.071429,3030.000000,10.000000,0.648583,1.140861
-4420.699814,0.000000,-1671.010434,0.000000,4420.699814,1671.010434,442.069981,167.101043,53.466506,50.243558,26.733253,25.121779,0.055556,160.000000,25.000000,1.619141,1.214648
-4420.699814,0.000000,-1671.010434,0.000000,4420.699814,1671.010434,442.069981,167.101043,53.466506,50.243558,26.733253,25.121779,0.055556,160.000000,25.000000,1.619141,1.214648
-4196.005769,0.000000,-2034.582130,0.000000,4196.005769,2034.582130,419.600577,203.458213,25.888338,34.077337,12.944169,17.038668,0.050000,300.000000,10.000000,0.961623,0.933727
-4196.005769,0.000000,-2034.582130,0.000000,4196.005769,2034.582130,419.600577,203.458213,25.888338,34.077337,12.944169,17.038668,0.050000,300.000000,10.000000,0.961623,0.933727
-1395.860510,0.000000,-1803.554772,0.000000,1395.860510,1803.554772,139.586051,180.355477,13.039823,21.853341,6.519911,10.926671,0.100000,530.000000,5.000000,0.289638,0.664397
-440.228894,0.000000,-452.126200,0.000000,440.228894,452.126200,44.022889,45.212620,25.142343,29.444667,12.571172,14.722334,0.250000,90.000000,10.000000,0.557633,0.647559
1989.856193,0.000000,1213.799335,0.000000,1989.856193,1213.799335,198.985619,121.379934,21.609886,28.830489,10.804943,14.415245,0.062500,570.000000,10.000000,0.679459,0.728264
1336.785714,0.000000,1448.796053,0.000000,1336.785714,1448.796053,133.678571,144.879605,38.019437,42.906176,19.009719,21.453088,0.095238,590.000000,15.000000,0.819365,1.039299
32744.197168,0.000000,6407.721154,0.000000,32744.197168,6407.721154,3274.419717,640.772115,49.397609,59.523639,24.698804,29.761820,0.052632,620.000000,20.000000,5.017381,1.974898
32744.197168,0.000000,6407.721154,0.000000,32744.197168,6407.721154,3274.419717,640.772115,49.397609,59.523639,24.698804,29.761820,0.052632,620.000000,20.000000,5.017381,1.974898
32744.197168,0.000000,6407.721154,0.000000,32744.197168,6407.721154,3274.419717,640.772115,49.397609,59.523639,24.698804,29.761820,0.052632,620.000000,20.000000,5.017381,1.974898
32744.197168,0.000000,6407.721154,0.000000,32744.197168,6407.721154,3274.419717,640.772115,49.397609,59.523639,24.698804,29.761820,0.052632,620.000000,20.000000,5.017381,1.974898
1080.934972,0.000000,1231.930859,0.000000,1080.934972,1231.930859,108.093497,123.193086,32.736318,35.354093,16.368159,17.677046,0.058824,310.000000,15.000000,0.789867,0.860943
14644.326002,0.000000,6473.720116,0.000000,14644.326002,6473.720116,1464.432600,647.372012,60.801084,76.259480,30.400542,38.129740,0.105263,3250.000000,30.000000,2.987425,2.334617
14644.326002,0.000000,6473.720116,0.000000,14644.326002,6473.720116,1464.432600,647.372012,60.801084,76.259480,30.400542,38.129740,0.105263,3250.000000,30.000000,2.987425,2.334617
14644.326002,0.000000,6473.720116,0.000000,14644.326002,6473.720116,1464.432600,647.372012,60.801084,76.259480,30.400542,38.129740,0.105263,3250.000000,30.000000,2.987425,2.334617
1901.928971,0.000000,785.794506,0.000000,1901.928971,785.794506,190.192897,78.579451,32.530614,34.930027,16.265307,17.465013,0.066667,130.000000,15.000000,0.887719,0.796726
14644.326002,0.000000,6473.720116,0.000000,14644.326002,6473.720116,1464.432600,647.372012,60.801084,76.259480,30.400542,38.129740,0.105263,3250.000000,30.000000,2.987425,2.334617
-1550.362301,0.000000,-1290.622222,0.000000,1550.362301,1290.622222,155.036230,129.062222,38.427482,45.452681,19.213741,22.726340,0.034483,780.000000,15.000000,0.858445,1.077312
-36942.728846,0.000000,-40209.782853,0.000000,36942.728846,40209.782853,3694.272885,4020.978285,54.178847,58.571161,27.089423,29.285580,0.111111,500.000000,25.000000,5.671410,6.196767
-36942.728846,0.000000,-40209.782853,0.000000,36942.728846,40209.782853,3694.272885,4020.978285,54.178847,58.571161,27.089423,29.285580,0.111111,500.000000,25.000000,5.671410,6.196767
-2191.522817,0.000000,-1385.715126,0.000000,2191.522817,1385.715126,219.152282,138.571513,45.934619,50.800523,22.967309,25.400261,0.033333,280.000000,20.000000,1.191002,1.191211
34798.503354,0.000000,2548.352636,0.000000,34798.503354,2548.352636,3479.850335,254.835264,51.019899,64.057742,25.509949,32.028871,0.071429,680.000000,25.000000,5.284351,1.599182
37029.823625,0.000000,3657.783304,0.000000,37029.823625,3657.783304,3702.982362,365.778330,44.864651,64.749888,22.432326,32.374944,0.100000,950.000000,20.000000,5.470573,1.751232
34798.503354,0.000000,2548.352636,0.000000,34798.503354,2548.352636,3479.850335,254.835264,51.019899,64.057742,25.509949,32.028871,0.071429,680.000000,25.000000,5.284351,1.599182
37029.823625,0.000000,3657.783304,0.000000,37029.823625,3657.783304,3702.982362,365.778330,44.864651,64.749888,22.432326,32.374944,0.100000,950.000000,20.000000,5.470573,1.751232
34798.503354,0.000000,2548.352636,0.000000,34798.503354,2548.352636,3479.850335,254.835264,51.019899,64.057742,25.509949,32.028871,0.071429,680.000000,25.000000,5.284351,1.599182
37029.823625,0.000000,3657.783304,0.000000,37029.823625,3657.783304,3702.982362,365.778330,44.864651,64.749888,22.432326,32.374944,0.100000,950.000000,20.000000,5.470573,1.751232
1430.280012,0.000000,1259.557547,0.000000,1430.280012,1259.557547,143.028001,125.955755,18.435072,42.249861,9.217536,21.124930,0.038462,1020.000000,5.000000,0.469815,1.002717
10877.543415,0.000000,8499.662912,0.000000,10877.543415,8499.662912,1087.754342,849.966291,57.321705,65.942555,28.660853,32.971278,0.057143,1020.000000,25.000000,1.247547,2.381071
1161.969778,0.000000,1113.470853,0.000000,1161.969778,1113.470853,116.196978,111.347085,14.389609,42.061759,7.194805,21.030880,0.055556,1250.000000,5.000000,0.378361,0.980742
-10778.977415,0.000000,-12431.696468,0.000000,10778.977415,12431.696468,1077.897741,1243.169647,63.062865,72.150994,31.531432,36.075497,0.017544,270.000000,30.000000,2.580758,2.997094
-10778.977415,0.000000,-12431.696468,0.000000,10778.977415,12431.696468,1077.897741,1243.169647,63.062865,72.150994,31.531432,36.075497,0.017544,270.000000,30.000000,2.580758,2.997094
-10778.977415,0.000000,-12431.696468,0.000000,10778.977415,12431.696468,1077.897741,1243.169647,63.062865,72.150994,31.531432,36.075497,0.017544,270.000000,30.000000,2.580758,2.997094
-10778.977415,0.000000,-12431.696468,0.000000,10778.977415,12431.696468,1077.897741,1243.169647,63.062865,72.150994,31.531432,36.075497,0.017544,270.000000,30.000000,2.580758,2.997094
-6517.067536,0.000000,-7194.093651,0.000000,6517.067536,7194.093651,651.706754,719.409365,72.040239,72.396465,36.020120,36.198232,0.023256,40.000000,35.000000,2.253997,2.350642
-6517.067536,0.000000,-7194.093651,0.000000,6517.067536,7194.093651,651.706754,719.409365,72.040239,72.396465,36.020120,36.198232,0.023256,40.000000,35.000000,2.253997,2.350642
-6517.067536,0.000000,-7194.093651,0.000000,6517.067536,7194.093651,651.706754,719.409365,72.040239,72.396465,36.020120,36.198232,0.023256,40.000000,35.000000,2.253997,2.350642
-6517.067536,0.000000,-7194.093651,0.000000,6517.067536,7194.093651,651.706754,719.409365,72.040239,72.396465,36.020120,36.198232,0.023256,40.000000,35.000000,2.253997,2.350642
-8038.245313,0.000000,-9309.603555,0.000000,8038.245313,9309.603555,803.824531,930.960356,72.486351,77.947028,36.243176,38.973514,0.090909,970.000000,35.000000,2.454444,2.722185
-8038.245313,0.000000,-9309.603555,0.000000,8038.245313,9309.603555,803.824531,930.960356,72.486351,77.947028,36.243176,38.973514,0.090909,970.000000,35.000000,2.454444,2.722185
-2155.440287,0.000000,-1990.728443,0.000000,2155.440287,1990.728443,215.544029,199.072844,72.814867,72.886317,36.407434,36.443159,0.166667,310.000000,35.000000,1.474428,1.706335
-1124.101789,0.000000,-1330.765432,0.000000,1124.101789,1330.765432,112.410179,133.076543,48.611618,65.064308,24.305809,32.532154,0.166667,1260.000000,20.000000,1.111379,1.467520
-1124.101789,0.000000,-1330.765432,0.000000,1124.101789,1330.765432,112.410179,133.076543,48.611618,65.064308,24.305809,32.532154,0.166667,1260.000000,20.000000,1.111379,1.467520
-7704.063282,0.000000,-10904.920008,0.000000,7704.063282,10904.920008,770.406328,1090.492001,74.791458,77.733960,37.395729,38.866980,0.022222,90.000000,35.000000,2.458503,2.926039
-10311.370105,0.000000,-13360.675456,0.000000,10311.370105,13360.675456,1031.137010,1336.067546,72.016804,79.527059,36.008402,39.763530,0.026316,400.000000,35.000000,2.726375,3.268638
-10311.370105,0.000000,-13360.675456,0.000000,10311.370105,13360.675456,1031.137010,1336.067546,72.016804,79.527059,36.008402,39.763530,0.026316,400.000000,35.000000,2.726375,3.268638
-7704.063282,0.000000,-10904.920008,0.000000,7704.063282,10904.920008,770.406328,1090.492001,74.791458,77.733960,37.395729,38.866980,0.022222,90.000000,35.000000,2.458503,2.926039
-7704.063282,0.000000,-10904.920008,0.000000,7704.063282,10904.920008,770.406328,1090.492001,74.791458,77.733960,37.395729,38.866980,0.022222,90.000000,35.000000,2.458503,2.926039
-10311.370105,0.000000,-13360.675456,0.000000,10311.370105,13360.675456,1031.137010,1336.067546,72.016804,79.527059,36.008402,39.763530,0.026316,400.000000,35.000000,2.726375,3.268638
-10311.370105,0.000000,-13360.675456,0.000000,10311.370105,13360.675456,1031.137010,1336.067546,72.016804,79.527059,36.008402,39.763530,0.026316,400.000000,35.000000,2.726375,3.268638
-7704.063282,0.000000,-10904.920008,0.000000,7704.063282,10904.920008,770.406328,1090.492001,74.791458,77.733960,37.395729,38.866980,0.022222,90.000000,35.000000,2.458503,2.926039
-7369.838968,0.000000,-5584.474761,0.000000,7369.838968,5584.474761,736.983897,558.447476,83.785215,87.965116,41.892608,43.982558,0.038462,90.000000,40.000000,2.594405,2.459218
-6178.316521,0.000000,-5584.474761,0.000000,6178.316521,5584.474761,617.831652,558.447476,71.740083,87.965116,35.870042,43.982558,0.069767,960.000000,35.000000,2.180940,2.459218
-6178.316521,0.000000,-5584.474761,0.000000,6178.316521,5584.474761,617.831652,558.447476,71.740083,87.965116,35.870042,43.982558,0.069767,960.000000,35.000000,2.180940,2.459218
-6178.316521,0.000000,-5584.474761,0.000000,6178.316521,5584.474761,617.831652,558.447476,71.740083,87.965116,35.870042,43.982558,0.069767,960.000000,35.000000,2.180940,2.459218
-7369.838968,0.000000,-5584.474761,0.000000,7369.838968,5584.474761,736.983897,558.447476,83.785215,87.965116,41.892608,43.982558,0.038462,90.000000,40.000000,2.594405,2.459218
-7369.838968,0.000000,-5584.474761,0.000000,7369.838968,5584.474761,736.983897,558.447476,83.785215,87.965116,41.892608,43.982558,0.038462,90.000000,40.000000,2.594405,2.459218
-7369.838968,0.000000,-5584.474761,0.000000,7369.838968,5584.474761,736.983897,558.447476,83.785215,87.965116,41.892608,43.982558,0.038462,90.000000,40.000000,2.594405,2.459218
-6178.316521,0.000000,-5584.474761,0.000000,6178.316521,5584.474761,617.831652,558.447476,71.740083,87.965116,35.870042,43.982558,0.069767,960.000000,35.000000,2.180940,2.459218
-6178.316521,0.000000,-5584.474761,0.000000,6178.316521,5584.474761,617.831652,558.447476,71.740083,87.965116,35.870042,43.982558,0.069767,960.000000,35.000000,2.180940,2.459218
-6178.316521,0.000000,-5584.474761,0.000000,6178.316521,5584.474761,617.831652,558.447476,71.740083,87.965116,35.870042,43.982558,0.069767,960.000000,35.000000,2.180940,2.459218
-6178.316521,0.000000,-5584.474761,0.000000,6178.316521,5584.474761,617.831652,558.447476,71.740083,87.965116,35.870042,43.982558,0.069767,960.000000,35.000000,2.180940,2.459218
-6178.316521,0.000000,-5584.474761,0.000000,6178.316521,5584.474761,617.831652,558.447476,71.740083,87.965116,35.870042,43.982558,0.069767,960.000000,35.000000,2.180940,2.459218
-6178.316521,0.000000,-5584.474761,0.000000,6178.316521,5584.474761,617.831652,558.447476,71.740083,87.965116,35.870042,43.982558,0.069767,960.000000,35.000000,2.180940,2.459218
-6178.316521,0.000000,-5584.474761,0.000000,6178.316521,5584.474761,617.831652,558.447476,71.740083,87.965116,35.870042,43.982558,0.069767,960.000000,35.000000,2.180940,2.459218
-7369.838968,0.000000,-5584.474761,0.000000,7369.838968,5584.474761,736.983897,558.447476,83.785215,87.965116,41.892608,43.982558,0.038462,90.000000,40.000000,2.594405,2.459218
1585.887867,0.000000,1645.103497,0.000000,1585.887867,1645.103497,158.588787,164.510350,13.737445,14.783646,6.868723,7.391823,0.062500,20.000000,5.000000,0.319636,0.503762
1857.967583,0.000000,1845.102394,0.000000,1857.967583,1845.102394,185.796758,184.510239,28.676583,39.591743,14.338292,19.795872,0.062500,720.000000,10.000000,0.749234,1.022994
-4543.176775,0.000000,-2686.289397,0.000000,4543.176775,2686.289397,454.317678,268.628940,35.458988,42.413635,17.729494,21.206818,0.028571,450.000000,15.000000,1.284102,1.183260
-2176.506897,0.000000,-1986.252883,0.000000,2176.506897,1986.252883,217.650690,198.625288,37.307259,44.601647,18.653630,22.300823,0.028571,590.000000,15.000000,0.887384,1.139705
-2545.136834,0.000000,-1730.351975,0.000000,2545.136834,1730.351975,254.513683,173.035198,27.531838,26.597066,13.765919,13.298533,0.027778,150.000000,10.000000,0.763438,0.749361
-15495.648178,0.000000,-18918.838075,0.000000,15495.648178,18918.838075,1549.564818,1891.883807,59.676891,62.475859,29.838445,31.237929,0.100000,620.000000,25.000000,3.131524,3.615327
-15495.648178,0.000000,-18918.838075,0.000000,15495.648178,18918.838075,1549.564818,1891.883807,59.676891,62.475859,29.838445,31.237929,0.100000,620.000000,25.000000,3.131524,3.615327
-3891.742543,0.000000,-779.177778,0.000000,3891.742543,779.177778,389.174254,77.917778,22.929422,44.117990,11.464711,22.058995,0.071429,1020.000000,10.000000,0.952105,0.979925
-3517.432870,0.000000,-3327.020317,0.000000,3517.432870,3327.020317,351.743287,332.702032,26.514285,32.886496,13.257142,16.443248,0.031250,180.000000,10.000000,0.971110,1.073141
70325.039963,0.000000,79354.880664,0.000000,70325.039963,79354.880664,7032.503996,7935.488066,76.855800,88.105112,38.427900,44.052556,0.017094,370.000000,35.000000,10.326175,11.671456
70325.039963,0.000000,79354.880664,0.000000,70325.039963,79354.880664,7032.503996,7935.488066,76.855800,88.105112,38.427900,44.052556,0.017094,370.000000,35.000000,10.326175,11.671456
70325.039963,0.000000,79354.880664,0.000000,70325.039963,79354.880664,7032.503996,7935.488066,76.855800,88.105112,38.427900,44.052556,0.017094,370.000000,35.000000,10.326175,11.671456
70325.039963,0.000000,79354.880664,0.000000,70325.039963,79354.880664,7032.503996,7935.488066,76.855800,88.105112,38.427900,44.052556,0.017094,370.000000,35.000000,10.326175,11.671456
70325.039963,0.000000,79354.880664,0.000000,70325.039963,79354.880664,7032.503996,7935.488066,76.855800,88.105112,38.427900,44.052556,0.017094,370.000000,35.000000,10.326175,11.671456
70325.039963,0.000000,79354.880664,0.000000,70325.039963,79354.880664,7032.503996,7935.488066,76.855800,88.105112,38.427900,44.052556,0.017094,370.000000,35.000000,10.326175,11.671456
70325.039963,0.000000,79354.880664,0.000000,70325.039963,79354.880664,7032.503996,7935.488066,76.855800,88.105112,38.427900,44.052556,0.017094,370.000000,35.000000,10.326175,11.671456
70325.039963,0.000000,79354.880664,0.000000,70325.039963,79354.880664,7032.503996,7935.488066,76.855800,88.105112,38.427900,44.052556,0.017094,370.000000,35.000000,10.326175,11.671456
70325.039963,0.000000,79354.880664,0.000000,70325.039963,79354.880664,7032.503996,7935.488066,76.855800,88.105112,38.427900,44.052556,0.017094,370.000000,35.000000,10.326175,11.671456
2209.729154,0.000000,11831.313951,0.000000,2209.729154,11831.313951,220.972915,1183.131395,40.003572,69.800926,20.001786,34.900463,0.047619,1540.000000,20.000000,0.885517,2.880631
1795.397800,0.000000,11523.736029,0.000000,1795.397800,11523.736029,179.539780,1152.373603,21.770318,58.843660,10.885159,29.421830,0.100000,1540.000000,10.000000,0.469078,2.623070
16283.517265,0.000000,11831.313951,0.000000,16283.517265,11831.313951,1628.351726,1183.131395,62.060669,69.800926,31.030335,34.900463,0.045455,60.000000,30.000000,3.261513,2.880631
16283.517265,0.000000,11831.313951,0.000000,16283.517265,11831.313951,1628.351726,1183.131395,62.060669,69.800926,31.030335,34.900463,0.045455,60.000000,30.000000,3.261513,2.880631
15950.988903,0.000000,11523.736029,0.000000,15950.988903,11523.736029,1595.098890,1152.373603,50.574631,58.843660,25.287316,29.421830,0.076923,60.000000,25.000000,2.990250,2.623070
15898.907653,0.000000,11471.654779,0.000000,15898.907653,11471.654779,1589.890765,1147.165478,48.725323,57.211525,24.362662,28.605763,0.111111,60.000000,20.000000,2.946749,2.583912
15950.988903,0.000000,11523.736029,0.000000,15950.988903,11523.736029,1595.098890,1152.373603,50.574631,58.843660,25.287316,29.421830,0.076923,60.000000,25.000000,2.990250,2.623070
15898.907653,0.000000,11471.654779,0.000000,15898.907653,11471.654779,1589.890765,1147.165478,48.725323,57.211525,24.362662,28.605763,0.111111,60.000000,20.000000,2.946749,2.583912
15898.907653,0.000000,11471.654779,0.000000,15898.907653,11471.654779,1589.890765,1147.165478,48.725323,57.211525,24.362662,28.605763,0.111111,60.000000,20.000000,2.946749,2.583912
15898.907653,0.000000,11471.654779,0.000000,15898.907653,11471.654779,1589.890765,1147.165478,48.725323,57.211525,24.362662,28.605763,0.111111,60.000000,20.000000,2.946749,2.583912
15950.988903,0.000000,11523.736029,0.000000,15950.988903,11523.736029,1595.098890,1152.373603,50.574631,58.843660,25.287316,29.421830,0.076923,60.000000,25.000000,2.990250,2.623070
15950.988903,0.000000,11523.736029,0.000000,15950.988903,11523.736029,1595.098890,1152.373603,50.574631,58.843660,25.287316,29.421830,0.076923,60.000000,25.000000,2.990250,2.623070
16283.517265,0.000000,11831.313951,0.000000,16283.517265,11831.313951,1628.351726,1183.131395,62.060669,69.800926,31.030335,34.900463,0.045455,60.000000,30.000000,3.261513,2.880631
1914.532396,0.000000,11471.654779,0.000000,1914.532396,11471.654779,191.453240,1147.165478,22.618368,57.211525,11.309184,28.605763,0.125000,1080.000000,10.000000,0.665399,2.583912
16283.517265,0.000000,11831.313951,0.000000,16283.517265,11831.313951,1628.351726,1183.131395,62.060669,69.800926,31.030335,34.900463,0.045455,60.000000,30.000000,3.261513,2.880631
17277.466672,0.000000,6132.469503,0.000000,17277.466672,6132.469503,1727.746667,613.246950,48.814873,51.692343,24.407437,25.846172,0.083333,90.000000,20.000000,3.059859,1.795901
17277.466672,0.000000,6132.469503,0.000000,17277.466672,6132.469503,1727.746667,613.246950,48.814873,51.692343,24.407437,25.846172,0.083333,90.000000,20.000000,3.053788,1.795901
17277.466672,0.000000,6132.469503,0.000000,17277.466672,6132.469503,1727.746667,613.246950,48.814873,51.692343,24.407437,25.846172,0.083333,90.000000,20.000000,3.053788,1.795901
17277.466672,0.000000,6132.469503,0.000000,17277.466672,6132.469503,1727.746667,613.246950,48.814873,51.692343,24.407437,25.846172,0.083333,90.000000,20.000000,3.053788,1.795901
17277.466672,0.000000,6132.469503,0.000000,17277.466672,6132.469503,1727.746667,613.246950,48.814873,51.692343,24.407437,25.846172,0.083333,90.000000,20.000000,3.053788,1.795901
17277.466672,0.000000,6132.469503,0.000000,17277.466672,6132.469503,1727.746667,613.246950,48.814873,51.692343,24.407437,25.846172,0.083333,90.000000,20.000000,3.053788,1.795901
2254.205433,0.000000,1414.158557,0.000000,2254.205433,1414.158557,225.420543,141.415856,26.870829,27.177992,13.435415,13.588996,0.023810,220.000000,10.000000,0.683548,0.722076
2957.630123,0.000000,2062.545604,0.000000,2957.630123,2062.545604,295.763012,206.254560,34.434129,33.805584,17.217065,16.902792,0.026316,220.000000,15.000000,1.057837,0.934367
-572.725798,0.000000,-474.493750,0.000000,572.725798,474.493750,57.272580,47.449375,47.519625,50.928703,23.759813,25.464351,0.250000,390.000000,20.000000,1.001960,1.077825
-9524.384978,0.000000,-14377.757864,0.000000,9524.384978,14377.757864,952.438498,1437.775786,54.169590,67.306760,27.084795,33.653380,0.035714,1270.000000,25.000000,2.191067,3.144536
-9524.384978,0.000000,-14377.757864,0.000000,9524.384978,14377.757864,952.438498,1437.775786,54.169590,67.306760,27.084795,33.653380,0.035714,1270.000000,25.000000,2.191067,3.144536
-9524.384978,0.000000,-14377.757864,0.000000,9524.384978,14377.757864,952.438498,1437.775786,54.169590,67.306760,27.084795,33.653380,0.035714,1270.000000,25.000000,2.191067,3.144536
-1110.141284,0.000000,-1131.765044,0.000000,1110.141284,1131.765044,111.014128,113.176504,39.763562,56.181031,19.881781,28.090516,0.035714,1270.000000,15.000000,0.851241,1.265224
-3572.905693,0.000000,-6211.651573,0.000000,3572.905693,6211.651573,357.290569,621.165157,35.881493,87.338649,17.940747,43.669325,0.036364,3170.000000,15.000000,1.166769,2.524801
-3805.683945,0.000000,-6211.651573,0.000000,3805.683945,6211.651573,380.568394,621.165157,22.152469,87.338649,11.076235,43.669325,0.071429,3070.000000,10.000000,0.868025,2.524801
-3572.905693,0.000000,-6211.651573,0.000000,3572.905693,6211.651573,357.290569,621.165157,35.881493,87.338649,17.940747,43.669325,0.036364,3170.000000,15.000000,1.162436,2.524801
-3805.683945,0.000000,-6211.651573,0.000000,3805.683945,6211.651573,380.568394,621.165157,22.152469,87.338649,11.076235,43.669325,0.071429,3070.000000,10.000000,0.868025,2.524801
8599.302386,0.000000,8543.406297,0.000000,8599.302386,8543.406297,859.930239,854.340630,50.813519,57.482596,25.406759,28.741298,0.027027,240.000000,25.000000,2.082807,2.218687
8667.334225,0.000000,7018.413533,0.000000,8667.334225,7018.413533,866.733423,701.841353,56.598304,61.218090,28.299152,30.609045,0.025641,570.000000,25.000000,2.215080,2.100976
7924.811464,0.000000,6501.666803,0.000000,7924.811464,6501.666803,792.481146,650.166680,46.465840,59.638764,23.232920,29.819382,0.142857,1410.000000,20.000000,1.872629,2.005795
-1130.625000,0.000000,-1031.745868,0.000000,1130.625000,1031.745868,113.062500,103.174587,50.914617,60.042859,25.457308,30.021429,0.111111,420.000000,25.000000,1.102598,1.331410
-2170.556457,0.000000,-1256.501491,0.000000,2170.556457,1256.501491,217.055646,125.650149,51.790742,59.143984,25.895371,29.571992,0.058824,300.000000,25.000000,1.306712,1.340142
-938.400000,0.000000,-934.864000,0.000000,938.400000,934.864000,93.840000,93.486400,60.221395,67.376046,30.110698,33.688023,0.111111,320.000000,30.000000,1.322358,1.464485
-939.990023,0.000000,-851.022790,0.000000,939.990023,851.022790,93.999002,85.102279,61.224278,69.219632,30.612139,34.609816,0.111111,190.000000,30.000000,1.341859,1.490764
-2068.110284,0.000000,-919.926105,0.000000,2068.110284,919.926105,206.811028,91.992610,18.209369,33.769245,9.104684,16.884623,0.100000,110.000000,5.000000,0.622311,0.790330
-2254.125082,0.000000,-1087.660980,0.000000,2254.125082,1087.660980,225.412508,108.766098,32.449447,47.653321,16.224723,23.826661,0.050000,110.000000,15.000000,0.930383,1.088986
51925.122061,0.000000,1585.759631,0.000000,51925.122061,1585.759631,5192.512206,158.575963,53.751013,50.222943,26.875507,25.111471,0.017241,740.000000,25.000000,7.396779,1.202646
51371.028316,0.000000,372.700000,0.000000,51371.028316,372.700000,5137.102832,37.270000,47.541842,64.261071,23.770921,32.130536,0.166667,2620.000000,20.000000,7.344047,1.331956
56028.273242,0.000000,680.735533,0.000000,56028.273242,680.735533,5602.827324,68.073553,59.167471,49.257348,29.583735,24.628674,0.052632,240.000000,25.000000,8.131225,1.070690
55416.123975,0.000000,844.182289,0.000000,55416.123975,844.182289,5541.612398,84.418229,62.431664,49.486284,31.215832,24.743142,0.076923,1190.000000,30.000000,8.122955,1.095117
55416.123975,0.000000,844.182289,0.000000,55416.123975,844.182289,5541.612398,84.418229,62.431664,49.486284,31.215832,24.743142,0.076923,1190.000000,30.000000,8.122955,1.095117
51925.122061,0.000000,1585.759631,0.000000,51925.122061,1585.759631,5192.512206,158.575963,53.751013,50.222943,26.875507,25.111471,0.017241,740.000000,25.000000,7.396779,1.202646
56028.273242,0.000000,680.735533,0.000000,56028.273242,680.735533,5602.827324,68.073553,59.167471,49.257348,29.583735,24.628674,0.052632,240.000000,25.000000,8.131225,1.070690
51371.028316,0.000000,372.700000,0.000000,51371.028316,372.700000,5137.102832,37.270000,47.541842,64.261071,23.770921,32.130536,0.166667,2620.000000,20.000000,7.344047,1.331956
1265.842680,0.000000,1314.616778,0.000000,1265.842680,1314.616778,126.584268,131.461678,24.338397,34.898630,12.169198,17.449315,0.100000,360.000000,10.000000,0.645219,0.864087
5363.236064,0.000000,2724.905902,0.000000,5363.236064,2724.905902,536.323606,272.490590,25.012448,29.638432,12.506224,14.819216,0.043478,100.000000,10.000000,0.572261,0.936234
5054.334841,0.000000,2416.004680,0.000000,5054.334841,2416.004680,505.433484,241.600468,27.402615,32.004260,13.701308,16.002130,0.090909,100.000000,10.000000,0.581484,0.944984
-1141.240959,0.000000,-998.809602,0.000000,1141.240959,998.809602,114.124096,99.880960,40.404939,54.077221,20.202470,27.038611,0.055556,1130.000000,20.000000,0.899263,1.206281
-15423.889504,0.000000,-1974.745370,0.000000,15423.889504,1974.745370,1542.388950,197.474537,56.182035,80.501674,28.091017,40.250837,0.083333,5270.000000,25.000000,3.049994,1.857015
-17758.006682,0.000000,-1909.419850,0.000000,17758.006682,1909.419850,1775.800668,190.941985,52.155193,75.719561,26.077596,37.859781,0.045455,3040.000000,25.000000,3.178754,1.753195
-15423.889504,0.000000,-1974.745370,0.000000,15423.889504,1974.745370,1542.388950,197.474537,56.182035,80.501674,28.091017,40.250837,0.083333,5270.000000,25.000000,3.049994,1.857015
-17758.006682,0.000000,-1909.419850,0.000000,17758.006682,1909.419850,1775.800668,190.941985,52.155193,75.719561,26.077596,37.859781,0.045455,3040.000000,25.000000,3.178754,1.753195
-17288.258276,0.000000,-17696.459303,0.000000,17288.258276,17696.459303,1728.825828,1769.645930,91.034889,93.301472,45.517444,46.650736,0.017699,30.000000,45.000000,3.980954,4.078896
-17288.258276,0.000000,-17696.459303,0.000000,17288.258276,17696.459303,1728.825828,1769.645930,91.034889,93.301472,45.517444,46.650736,0.017699,30.000000,45.000000,3.980954,4.078896
-17288.258276,0.000000,-17696.459303,0.000000,17288.258276,17696.459303,1728.825828,1769.645930,91.034889,93.301472,45.517444,46.650736,0.017699,30.000000,45.000000,3.980954,4.078896
-17288.258276,0.000000,-17696.459303,0.000000,17288.258276,17696.459303,1728.825828,1769.645930,91.034889,93.301472,45.517444,46.650736,0.017699,30.000000,45.000000,3.980954,4.078896
-17288.258276,0.000000,-17696.459303,0.000000,17288.258276,17696.459303,1728.825828,1769.645930,91.034889,93.301472,45.517444,46.650736,0.017699,30.000000,45.000000,3.980954,4.078896
-17288.258276,0.000000,-17696.459303,0.000000,17288.258276,17696.459303,1728.825828,1769.645930,91.034889,93.301472,45.517444,46.650736,0.017699,30.000000,45.000000,3.980954,4.078896
-17288.258276,0.000000,-17696.459303,0.000000,17288.258276,17696.459303,1728.825828,1769.645930,91.034889,93.301472,45.517444,46.650736,0.017699,30.000000,45.000000,3.980954,4.078896
-17288.258276,0.000000,-17696.459303,0.000000,17288.258276,17696.459303,1728.825828,1769.645930,91.034889,93.301472,45.517444,46.650736,0.017699,30.000000,45.000000,3.980954,4.078896
-17288.258276,0.000000,-17696.459303,0.000000,17288.258276,17696.459303,1728.825828,1769.645930,91.034889,93.301472,45.517444,46.650736,0.017699,30.000000,45.000000,3.980954,4.078896
-17288.258276,0.000000,-17696.459303,0.000000,17288.258276,17696.459303,1728.825828,1769.645930,91.034889,93.301472,45.517444,46.650736,0.017699,30.000000,45.000000,3.980954,4.078896
-3449.693316,0.000000,-1458.846154,0.000000,3449.693316,1458.846154,344.969332,145.884615,65.156009,40.515688,32.578004,20.257844,0.083333,2130.000000,30.000000,1.693916,0.997860
-5150.179201,0.000000,-539.432892,0.000000,5150.179201,539.432892,515.017920,53.943289,54.767192,39.266631,27.383596,19.633316,0.181818,770.000000,25.000000,1.702042,0.853534
-4614.305548,0.000000,-4000.658767,0.000000,4614.305548,4000.658767,461.430555,400.065877,83.319399,50.729763,41.659700,25.364881,0.061224,1780.000000,40.000000,2.069011,1.510163
-5601.273222,0.000000,-4000.658767,0.000000,5601.273222,4000.658767,560.127322,400.065877,61.569578,50.729763,30.784789,25.364881,0.074074,30.000000,30.000000,1.852193,1.524826
-5601.273222,0.000000,-4000.658767,0.000000,5601.273222,4000.658767,560.127322,400.065877,61.569578,50.729763,30.784789,25.364881,0.074074,30.000000,30.000000,1.852193,1.524826
-5150.179201,0.000000,-539.432892,0.000000,5150.179201,539.432892,515.017920,53.943289,54.767192,39.266631,27.383596,19.633316,0.181818,770.000000,25.000000,1.702042,0.853534
-3449.693316,0.000000,-1458.846154,0.000000,3449.693316,1458.846154,344.969332,145.884615,65.156009,40.515688,32.578004,20.257844,0.083333,2130.000000,30.000000,1.693916,0.997860
-5601.273222,0.000000,-4000.658767,0.000000,5601.273222,4000.658767,560.127322,400.065877,61.569578,50.729763,30.784789,25.364881,0.074074,30.000000,30.000000,1.852193,1.524826
-4614.305548,0.000000,-4000.658767,0.000000,4614.305548,4000.658767,461.430555,400.065877,83.319399,50.729763,41.659700,25.364881,0.061224,1780.000000,40.000000,2.069011,1.510163
-8365.839225,0.000000,-16995.749500,0.000000,8365.839225,16995.749500,836.583922,1699.574950,77.672809,77.740050,38.836404,38.870025,0.020408,1780.000000,35.000000,2.424740,3.672730
-5150.179201,0.000000,-539.432892,0.000000,5150.179201,539.432892,515.017920,53.943289,54.767192,39.266631,27.383596,19.633316,0.181818,770.000000,25.000000,1.702042,0.853534
-3449.693316,0.000000,-1458.846154,0.000000,3449.693316,1458.846154,344.969332,145.884615,65.156009,40.515688,32.578004,20.257844,0.083333,2130.000000,30.000000,1.693916,0.997860
-4614.305548,0.000000,-4000.658767,0.000000,4614.305548,4000.658767,461.430555,400.065877,83.319399,50.729763,41.659700,25.364881,0.061224,1780.000000,40.000000,2.069011,1.510163
-4614.305548,0.000000,-4000.658767,0.000000,4614.305548,4000.658767,461.430555,400.065877,83.319399,50.729763,41.659700,25.364881,0.061224,1780.000000,40.000000,2.069011,1.510163
-5601.273222,0.000000,-4000.658767,0.000000,5601.273222,4000.658767,560.127322,400.065877,61.569578,50.729763,30.784789,25.364881,0.074074,30.000000,30.000000,1.852193,1.524826
-8365.839225,0.000000,-16995.749500,0.000000,8365.839225,16995.749500,836.583922,1699.574950,77.672809,77.740050,38.836404,38.870025,0.020408,1780.000000,35.000000,2.424740,3.672730
-3449.693316,0.000000,-1458.846154,0.000000,3449.693316,1458.846154,344.969332,145.884615,65.156009,40.515688,32.578004,20.257844,0.083333,2130.000000,30.000000,1.693916,0.997860
-5150.179201,0.000000,-539.432892,0.000000,5150.179201,539.432892,515.017920,53.943289,54.767192,39.266631,27.383596,19.633316,0.181818,770.000000,25.000000,1.702042,0.853534
-4614.305548,0.000000,-4000.658767,0.000000,4614.305548,4000.658767,461.430555,400.065877,83.319399,50.729763,41.659700,25.364881,0.061224,1780.000000,40.000000,2.069011,1.510163
-5601.273222,0.000000,-4000.658767,0.000000,5601.273222,4000.658767,560.127322,400.065877,61.569578,50.729763,30.784789,25.364881,0.074074,30.000000,30.000000,1.852193,1.524826
-5150.179201,0.000000,-539.432892,0.000000,5150.179201,539.432892,515.017920,53.943289,54.767192,39.266631,27.383596,19.633316,0.181818,770.000000,25.000000,1.702042,0.853534
-3449.693316,0.000000,-1458.846154,0.000000,3449.693316,1458.846154,344.969332,145.884615,65.156009,40.515688,32.578004,20.257844,0.083333,2130.000000,30.000000,1.693916,0.997860
-4130.658767,0.000000,-4138.198225,0.000000,4130.658767,4138.198225,413.065877,413.819822,52.256130,48.133118,26.128065,24.066559,0.111111,120.000000,25.000000,1.524803,1.480375
-11026.849926,0.000000,-15319.199420,0.000000,11026.849926,15319.199420,1102.684993,1531.919942,79.667886,75.036117,39.833943,37.518058,0.020408,1900.000000,35.000000,2.797353,3.415730
-4130.658767,0.000000,-4138.198225,0.000000,4130.658767,4138.198225,413.065877,413.819822,52.256130,48.133118,26.128065,24.066559,0.111111,120.000000,25.000000,1.539466,1.480375
-12020.335189,0.000000,-15319.199420,0.000000,12020.335189,15319.199420,1202.033519,1531.919942,58.747216,75.036117,29.373608,37.518058,0.037037,150.000000,25.000000,2.596952,3.415730
-11026.849926,0.000000,-15319.199420,0.000000,11026.849926,15319.199420,1102.684993,1531.919942,79.667886,75.036117,39.833943,37.518058,0.020408,1900.000000,35.000000,2.797353,3.415730
-12020.335189,0.000000,-15319.199420,0.000000,12020.335189,15319.199420,1202.033519,1531.919942,58.747216,75.036117,29.373608,37.518058,0.037037,150.000000,25.000000,2.596952,3.415730
-13890.418953,0.000000,-13679.916752,0.000000,13890.418953,13679.916752,1389.041895,1367.991675,50.074897,47.456805,25.037449,23.728402,0.071429,50.000000,25.000000,2.697394,2.659497
-13890.418953,0.000000,-13679.916752,0.000000,13890.418953,13679.916752,1389.041895,1367.991675,50.074897,47.456805,25.037449,23.728402,0.071429,50.000000,25.000000,2.697394,2.659497
-1503.284887,0.000000,-1360.201890,0.000000,1503.284887,1360.201890,150.328489,136.020189,15.927558,13.735974,7.963779,6.867987,0.071429,50.000000,5.000000,0.465935,0.445696
-11401.289205,0.000000,-18810.245603,0.000000,11401.289205,18810.245603,1140.128921,1881.024560,88.122959,86.182718,44.061479,43.091359,0.023256,1770.000000,40.000000,3.189818,4.074877
-11401.289205,0.000000,-18810.245603,0.000000,11401.289205,18810.245603,1140.128921,1881.024560,88.122959,86.182718,44.061479,43.091359,0.023256,1770.000000,40.000000,3.189818,4.074877
-11401.289205,0.000000,-18810.245603,0.000000,11401.289205,18810.245603,1140.128921,1881.024560,88.122959,86.182718,44.061479,43.091359,0.023256,1770.000000,40.000000,3.189818,4.074877
-11401.289205,0.000000,-18810.245603,0.000000,11401.289205,18810.245603,1140.128921,1881.024560,88.122959,86.182718,44.061479,43.091359,0.023256,1770.000000,40.000000,3.189818,4.074877
-11401.289205,0.000000,-18810.245603,0.000000,11401.289205,18810.245603,1140.128921,1881.024560,88.122959,86.182718,44.061479,43.091359,0.023256,1770.000000,40.000000,3.189818,4.074877
-11401.289205,0.000000,-18810.245603,0.000000,11401.289205,18810.245603,1140.128921,1881.024560,88.122959,86.182718,44.061479,43.091359,0.023256,1770.000000,40.000000,3.189818,4.074877
-16911.846395,0.000000,-21803.490241,0.000000,16911.846395,21803.490241,1691.184639,2180.349024,71.926434,82.012345,35.963217,41.006172,0.021053,820.000000,35.000000,3.552139,4.366873
-4563.019947,0.000000,-5422.266686,0.000000,4563.019947,5422.266686,456.301995,542.226669,52.148272,62.746469,26.074136,31.373235,0.100000,680.000000,25.000000,1.615650,1.933285
-15579.948097,0.000000,-17276.200490,0.000000,15579.948097,17276.200490,1557.994810,1727.620049,79.382087,83.367965,39.691043,41.683983,0.016129,680.000000,35.000000,3.535644,3.827411
-16911.846395,0.000000,-21803.490241,0.000000,16911.846395,21803.490241,1691.184639,2180.349024,71.926434,82.012345,35.963217,41.006172,0.021053,820.000000,35.000000,3.552139,4.366873
-4563.019947,0.000000,-5422.266686,0.000000,4563.019947,5422.266686,456.301995,542.226669,52.148272,62.746469,26.074136,31.373235,0.100000,680.000000,25.000000,1.615650,1.933285
-15579.948097,0.000000,-17276.200490,0.000000,15579.948097,17276.200490,1557.994810,1727.620049,79.382087,83.367965,39.691043,41.683983,0.016129,680.000000,35.000000,3.535644,3.827411
-16911.846395,0.000000,-21803.490241,0.000000,16911.846395,21803.490241,1691.184639,2180.349024,71.926434,82.012345,35.963217,41.006172,0.021053,820.000000,35.000000,3.552139,4.366873
-15579.948097,0.000000,-17276.200490,0.000000,15579.948097,17276.200490,1557.994810,1727.620049,79.382087,83.367965,39.691043,41.683983,0.016129,680.000000,35.000000,3.535644,3.827411
-15579.948097,0.000000,-17276.200490,0.000000,15579.948097,17276.200490,1557.994810,1727.620049,79.382087,83.367965,39.691043,41.683983,0.016129,680.000000,35.000000,3.535644,3.827411
-16911.846395,0.000000,-21803.490241,0.000000,16911.846395,21803.490241,1691.184639,2180.349024,71.926434,82.012345,35.963217,41.006172,0.021053,820.000000,35.000000,3.552139,4.366873
10026.539360,0.000000,5617.797398,0.000000,10026.539360,5617.797398,1002.653936,561.779740,49.309949,71.669133,24.654975,35.834567,0.052632,3540.000000,20.000000,2.238843,2.135426
4031.923829,0.000000,4960.809781,0.000000,4031.923829,4960.809781,403.192383,496.080978,63.463746,73.378599,31.731873,36.689300,0.052632,1970.000000,30.000000,1.773161,2.087626
4031.923829,0.000000,4960.809781,0.000000,4031.923829,4960.809781,403.192383,496.080978,63.463746,73.378599,31.731873,36.689300,0.052632,1970.000000,30.000000,1.773161,2.087626
9094.652633,0.000000,5788.976794,0.000000,9094.652633,5788.976794,909.465263,578.897679,48.262157,71.334412,24.131079,35.667206,0.105263,3270.000000,20.000000,2.032502,2.150220
1649.082682,0.000000,1609.121428,0.000000,1649.082682,1609.121428,164.908268,160.912143,26.969671,40.823793,13.484835,20.411897,0.050000,930.000000,10.000000,0.747302,1.017573
-1098.757609,0.000000,-1176.250030,0.000000,1098.757609,1176.250030,109.875761,117.625003,48.466741,48.099065,24.233371,24.049532,0.058824,10.000000,20.000000,1.062036,1.111184
-5341.994149,0.000000,-4872.434643,0.000000,5341.994149,4872.434643,534.199415,487.243464,52.864729,57.431412,26.432365,28.715706,0.022727,200.000000,25.000000,1.725673,1.757216
-1203.094919,0.000000,-744.420868,0.000000,1203.094919,744.420868,120.309492,74.442087,35.671540,41.375838,17.835770,20.687919,0.076923,200.000000,15.000000,0.864991,0.920184
-27570.249767,0.000000,-27122.913955,0.000000,27570.249767,27122.913955,2757.024977,2712.291395,53.090888,58.764680,26.545444,29.382340,0.022727,200.000000,25.000000,4.507587,4.566353
-5341.994149,0.000000,-4872.434643,0.000000,5341.994149,4872.434643,534.199415,487.243464,52.864729,57.431412,26.432365,28.715706,0.022727,200.000000,25.000000,1.725673,1.757216
-27570.249767,0.000000,-27122.913955,0.000000,27570.249767,27122.913955,2757.024977,2712.291395,53.090888,58.764680,26.545444,29.382340,0.022727,200.000000,25.000000,4.507587,4.566353
-984.387226,0.000000,-544.095868,0.000000,984.387226,544.095868,98.438723,54.409587,15.213539,22.620442,7.606770,11.310221,0.166667,200.000000,5.000000,0.428479,0.520028
-27570.249767,0.000000,-27122.913955,0.000000,27570.249767,27122.913955,2757.024977,2712.291395,53.090888,58.764680,26.545444,29.382340,0.022727,200.000000,25.000000,4.507587,4.566353
-773.979557,0.000000,-858.478990,0.000000,773.979557,858.478990,77.397956,85.847899,48.397705,54.329251,24.198852,27.164626,0.052632,530.000000,20.000000,1.020061,1.194084
-1410.443126,0.000000,-1252.042914,0.000000,1410.443126,1252.042914,141.044313,125.204291,19.877309,42.604548,9.938654,21.302274,0.038462,860.000000,5.000000,0.397546,1.010633
-1050.400000,0.000000,-777.177778,0.000000,1050.400000,777.177778,105.040000,77.717778,16.053601,27.128241,8.026800,13.564121,0.125000,390.000000,5.000000,0.423396,0.641716
-1624.517532,0.000000,-2358.195818,0.000000,1624.517532,2358.195818,162.451753,235.819582,45.962895,65.037368,22.981447,32.518684,0.052632,2110.000000,20.000000,0.973346,1.595447
1263.597588,0.000000,995.600433,0.000000,1263.597588,995.600433,168.534999,99.560043,35.938854,40.926111,17.969427,20.463055,0.100000,230.000000,15.000000,0.771736,0.943930
2063.413709,0.000000,1373.664149,0.000000,2063.413709,1373.664149,206.341371,137.366415,11.329018,18.025459,5.664509,9.012729,0.034483,230.000000,5.000000,0.327200,0.533110
-3905.830619,0.000000,-4153.072963,0.000000,3905.830619,4153.072963,390.583062,415.307296,59.406980,70.920446,29.703490,35.460223,0.017241,880.000000,25.000000,1.676216,1.937494
-3905.830619,0.000000,-4153.072963,0.000000,3905.830619,4153.072963,390.583062,415.307296,59.406980,70.920446,29.703490,35.460223,0.017241,880.000000,25.000000,1.676216,1.937494
-2326.540847,0.000000,-1384.524074,0.000000,2326.540847,1384.524074,232.654085,138.452407,36.317854,36.518678,18.158927,18.259339,0.166667,30.000000,15.000000,0.990195,0.903966
-2164.155042,0.000000,-1639.976627,0.000000,2164.155042,1639.976627,216.415504,163.997663,39.215808,65.290813,19.607904,32.645406,0.086957,1520.000000,15.000000,0.852751,1.511366
-676.174129,0.000000,-575.772781,0.000000,676.174129,575.772781,67.617413,57.577278,43.403675,49.727561,21.701837,24.863781,0.250000,290.000000,20.000000,0.880870,1.066676
77661.815549,0.000000,91110.292756,0.000000,77661.815549,91110.292756,7766.181555,9111.029276,89.985795,93.087554,44.992898,46.543777,0.015748,620.000000,40.000000,11.506830,13.248655
77661.815549,0.000000,91110.292756,0.000000,77661.815549,91110.292756,7766.181555,9111.029276,89.985795,93.087554,44.992898,46.543777,0.015748,620.000000,40.000000,11.506830,13.248655
77661.815549,0.000000,91110.292756,0.000000,77661.815549,91110.292756,7766.181555,9111.029276,89.985795,93.087554,44.992898,46.543777,0.015748,620.000000,40.000000,11.506830,13.248655
77661.815549,0.000000,91110.292756,0.000000,77661.815549,91110.292756,7766.181555,9111.029276,89.985795,93.087554,44.992898,46.543777,0.015748,620.000000,40.000000,11.506830,13.248655
77661.815549,0.000000,91110.292756,0.000000,77661.815549,91110.292756,7766.181555,9111.029276,89.985795,93.087554,44.992898,46.543777,0.015748,620.000000,40.000000,11.506830,13.248655
77661.815549,0.000000,91110.292756,0.000000,77661.815549,91110.292756,7766.181555,9111.029276,89.985795,93.087554,44.992898,46.543777,0.015748,620.000000,40.000000,11.506830,13.248655
77661.815549,0.000000,91110.292756,0.000000,77661.815549,91110.292756,7766.181555,9111.029276,89.985795,93.087554,44.992898,46.543777,0.015748,620.000000,40.000000,11.506830,13.248655
77661.815549,0.000000,91110.292756,0.000000,77661.815549,91110.292756,7766.181555,9111.029276,89.985795,93.087554,44.992898,46.543777,0.015748,620.000000,40.000000,11.506830,13.248655
77661.815549,0.000000,91110.292756,0.000000,77661.815549,91110.292756,7766.181555,9111.029276,89.985795,93.087554,44.992898,46.543777,0.015748,620.000000,40.000000,11.506830,13.248655
3631.033711,0.000000,3929.239472,0.000000,3631.033711,3929.239472,363.103371,392.923947,65.939587,68.467850,32.969794,34.233925,0.166667,80.000000,30.000000,1.772767,1.861826
3631.033711,0.000000,3929.239472,0.000000,3631.033711,3929.239472,363.103371,392.923947,65.939587,68.467850,32.969794,34.233925,0.166667,80.000000,30.000000,1.772767,1.861826
75568.783917,0.000000,86461.662258,0.000000,75568.783917,86461.662258,7556.878392,8646.166226,56.490834,72.061420,28.245417,36.030710,0.142857,1010.000000,25.000000,10.542914,12.253985
75568.783917,0.000000,86461.662258,0.000000,75568.783917,86461.662258,7556.878392,8646.166226,56.490834,72.061420,28.245417,36.030710,0.142857,1010.000000,25.000000,10.542914,12.253985
75568.783917,0.000000,86461.662258,0.000000,75568.783917,86461.662258,7556.878392,8646.166226,56.490834,72.061420,28.245417,36.030710,0.142857,1010.000000,25.000000,10.542914,12.253985
5048.079814,0.000000,2540.731602,0.000000,5048.079814,2540.731602,504.807981,254.073160,13.632452,30.735908,6.816226,15.367954,0.090909,940.000000,5.000000,0.305272,0.932004
5413.454374,0.000000,4755.291880,0.000000,5413.454374,4755.291880,541.345437,475.529188,71.225016,75.394187,35.612508,37.697093,0.045455,820.000000,35.000000,2.101265,2.102322
759.933170,0.000000,798.367347,0.000000,759.933170,798.367347,75.993317,79.836735,36.500639,54.415393,18.250319,27.207696,0.166667,820.000000,15.000000,0.825156,1.188243
-5952.082947,0.000000,-5643.418575,0.000000,5952.082947,5643.418575,595.208295,564.341857,58.515562,73.882474,29.257781,36.941237,0.100000,410.000000,25.000000,1.900534,2.183834
-5952.082947,0.000000,-5643.418575,0.000000,5952.082947,5643.418575,595.208295,564.341857,58.515562,73.882474,29.257781,36.941237,0.100000,410.000000,25.000000,1.900534,2.183834
-6055.499140,0.000000,-8255.808492,0.000000,6055.499140,8255.808492,605.549914,825.580849,80.252761,83.187435,40.126381,41.593717,0.254902,1980.000000,40.000000,2.370971,2.697188
-6055.499140,0.000000,-8255.808492,0.000000,6055.499140,8255.808492,605.549914,825.580849,80.252761,83.187435,40.126381,41.593717,0.254902,1980.000000,40.000000,2.370971,2.697188
-6055.499140,0.000000,-8255.808492,0.000000,6055.499140,8255.808492,605.549914,825.580849,80.252761,83.187435,40.126381,41.593717,0.254902,1980.000000,40.000000,2.370971,2.697188
-3763.869066,0.000000,-8255.808492,0.000000,3763.869066,8255.808492,376.386907,825.580849,75.546024,83.187435,37.773012,41.593717,0.292683,3760.000000,35.000000,1.808213,2.697188
-3763.869066,0.000000,-8255.808492,0.000000,3763.869066,8255.808492,376.386907,825.580849,75.546024,83.187435,37.773012,41.593717,0.292683,3760.000000,35.000000,1.808213,2.697188
-3763.869066,0.000000,-8255.808492,0.000000,3763.869066,8255.808492,376.386907,825.580849,75.546024,83.187435,37.773012,41.593717,0.292683,3760.000000,35.000000,1.808213,2.697188
-19175.449547,0.000000,-20497.161315,0.000000,19175.449547,20497.161315,1917.544955,2049.716132,86.222440,86.753040,43.111220,43.376520,0.019802,40.000000,40.000000,4.120766,4.300033
-19175.449547,0.000000,-20497.161315,0.000000,19175.449547,20497.161315,1917.544955,2049.716132,86.222440,86.753040,43.111220,43.376520,0.019802,40.000000,40.000000,4.120766,4.300033
-19175.449547,0.000000,-20497.161315,0.000000,19175.449547,20497.161315,1917.544955,2049.716132,86.222440,86.753040,43.111220,43.376520,0.019802,40.000000,40.000000,4.120766,4.300033
-19175.449547,0.000000,-20497.161315,0.000000,19175.449547,20497.161315,1917.544955,2049.716132,86.222440,86.753040,43.111220,43.376520,0.019802,40.000000,40.000000,4.120766,4.300033
-691.172309,0.000000,-623.164463,0.000000,691.172309,623.164463,69.117231,62.316446,12.295546,22.247333,6.147773,11.123666,0.250000,610.000000,5.000000,0.319444,0.522873
-1129.280643,0.000000,-1405.591165,0.000000,1129.280643,1405.591165,112.928064,140.559116,7.817032,17.927911,3.908516,8.963956,0.038462,820.000000,0.000000,0.156341,0.534307
-5262.684198,0.000000,-6754.259805,0.000000,5262.684198,6754.259805,526.268420,675.425980,52.208526,59.130217,26.104263,29.565109,0.038462,500.000000,25.000000,1.628397,2.028836
-5262.684198,0.000000,-6754.259805,0.000000,5262.684198,6754.259805,526.268420,675.425980,52.208526,59.130217,26.104263,29.565109,0.038462,500.000000,25.000000,1.628397,2.028836
-1401.986386,0.000000,-1385.210389,0.000000,1401.986386,1385.210389,140.198639,138.521039,16.140179,24.997550,8.070090,12.498775,0.029412,230.000000,5.000000,0.498657,0.673349
-2483.327466,0.000000,-2548.367166,0.000000,2483.327466,2548.367166,248.332747,254.836717,20.810096,27.731538,10.405048,13.865769,0.057143,160.000000,10.000000,0.490758,0.874063
-1553.518147,0.000000,-1522.947859,0.000000,1553.518147,1522.947859,155.351815,152.294786,28.155104,36.746208,14.077552,18.373104,0.027778,370.000000,10.000000,0.757093,0.925168
-2592.834468,0.000000,-2461.771925,0.000000,2592.834468,2461.771925,259.283447,246.177193,30.676522,39.199216,15.338261,19.599608,0.055556,370.000000,15.000000,0.937380,1.091515
-2603.844363,0.000000,-1433.676373,0.000000,2603.844363,1433.676373,260.384436,143.367637,11.341413,25.341699,5.670706,12.670849,0.050000,770.000000,5.000000,0.486826,0.686321
-2293.640519,0.000000,-1183.102224,0.000000,2293.640519,1183.102224,229.364052,118.310222,23.044716,27.701621,11.522358,13.850810,0.083333,50.000000,10.000000,0.746142,0.703038
-2531.144077,0.000000,-1420.605782,0.000000,2531.144077,1420.605782,253.114408,142.060578,30.558746,34.877562,15.279373,17.438781,0.050000,50.000000,15.000000,0.926098,0.876234
1791.528416,0.000000,1738.562240,0.000000,1791.528416,1738.562240,179.152842,173.856224,44.728149,50.284269,22.364074,25.142134,0.029412,440.000000,20.000000,1.118398,1.223144
997.078329,0.000000,4009.743632,0.000000,997.078329,4009.743632,99.707833,400.974363,43.653995,44.681905,21.826997,22.340952,0.111111,370.000000,20.000000,0.997516,1.405142
-502.305168,0.000000,-515.474286,0.000000,502.305168,515.474286,50.230517,51.547429,14.266617,27.797110,7.133308,13.898555,0.142857,410.000000,5.000000,0.315070,0.620450
-1168.448009,0.000000,-1474.679993,0.000000,1168.448009,1474.679993,116.844801,147.467999,19.495100,41.781367,9.747550,20.890683,0.037037,1180.000000,5.000000,0.536168,1.020176
736.816220,0.000000,753.636832,0.000000,736.816220,753.636832,73.681622,75.363683,27.369469,34.988555,13.684734,17.494278,0.066667,250.000000,10.000000,0.591787,0.795137
78757.487999,0.000000,93974.986614,0.000000,78757.487999,93974.986614,7875.748800,9397.498661,84.681018,93.724190,42.340509,46.862095,0.018182,1690.000000,40.000000,11.537006,13.623384
78757.487999,0.000000,93974.986614,0.000000,78757.487999,93974.986614,7875.748800,9397.498661,84.681018,93.724190,42.340509,46.862095,0.018182,1690.000000,40.000000,11.537006,13.623384
78757.487999,0.000000,93974.986614,0.000000,78757.487999,93974.986614,7875.748800,9397.498661,84.681018,93.724190,42.340509,46.862095,0.018182,1690.000000,40.000000,11.537006,13.623384
78757.487999,0.000000,93974.986614,0.000000,78757.487999,93974.986614,7875.748800,9397.498661,84.681018,93.724190,42.340509,46.862095,0.018182,1690.000000,40.000000,11.537006,13.623384
78757.487999,0.000000,93974.986614,0.000000,78757.487999,93974.986614,7875.748800,9397.498661,84.681018,93.724190,42.340509,46.862095,0.018182,1690.000000,40.000000,11.537006,13.623384
78757.487999,0.000000,93974.986614,0.000000,78757.487999,93974.986614,7875.748800,9397.498661,84.681018,93.724190,42.340509,46.862095,0.018182,1690.000000,40.000000,11.537006,13.623384
126415.816837,0.000000,130035.325237,0.000000,126415.816837,130035.325237,12641.581684,13003.532524,92.750075,88.086141,46.375038,44.043070,0.016484,70.000000,45.000000,17.658792,18.020932
126415.816837,0.000000,130035.325237,0.000000,126415.816837,130035.325237,12641.581684,13003.532524,92.750075,88.086141,46.375038,44.043070,0.016484,70.000000,45.000000,17.658792,18.020932
126415.816837,0.000000,130035.325237,0.000000,126415.816837,130035.325237,12641.581684,13003.532524,92.750075,88.086141,46.375038,44.043070,0.016484,70.000000,45.000000,17.658792,18.020932
126415.816837,0.000000,130035.325237,0.000000,126415.816837,130035.325237,12641.581684,13003.532524,92.750075,88.086141,46.375038,44.043070,0.016484,70.000000,45.000000,17.658792,18.020932
126415.816837,0.000000,130035.325237,0.000000,126415.816837,130035.325237,12641.581684,13003.532524,92.750075,88.086141,46.375038,44.043070,0.016484,70.000000,45.000000,17.658792,18.020932
126415.816837,0.000000,130035.325237,0.000000,126415.816837,130035.325237,12641.581684,13003.532524,92.750075,88.086141,46.375038,44.043070,0.016484,70.000000,45.000000,17.658792,18.020932
126415.816837,0.000000,130035.325237,0.000000,126415.816837,130035.325237,12641.581684,13003.532524,92.750075,88.086141,46.375038,44.043070,0.016484,70.000000,45.000000,17.658792,18.020932
126415.816837,0.000000,130035.325237,0.000000,126415.816837,130035.325237,12641.581684,13003.532524,92.750075,88.086141,46.375038,44.043070,0.016484,70.000000,45.000000,17.658792,18.020932
126415.816837,0.000000,130035.325237,0.000000,126415.816837,130035.325237,12641.581684,13003.532524,92.750075,88.086141,46.375038,44.043070,0.016484,70.000000,45.000000,17.658792,18.020932
-2525.881789,0.000000,-2342.416726,0.000000,2525.881789,2342.416726,252.588179,234.241673,51.864085,57.655456,25.932043,28.827728,0.047619,660.000000,25.000000,1.284999,1.445462
-3683.586971,0.000000,-1976.286335,0.000000,3683.586971,1976.286335,368.358697,197.628633,31.677300,39.628199,15.838650,19.814100,0.029412,610.000000,15.000000,0.989859,1.039033
-6164.001671,0.000000,-6860.968346,0.000000,6164.001671,6860.968346,616.400167,686.096835,65.009258,75.009938,32.504629,37.504969,0.035714,1760.000000,30.000000,2.070793,2.358083
-6164.001671,0.000000,-6860.968346,0.000000,6164.001671,6860.968346,616.400167,686.096835,65.009258,75.009938,32.504629,37.504969,0.035714,1760.000000,30.000000,2.070793,2.358083
-4216.379171,0.000000,-3570.964706,0.000000,4216.379171,3570.964706,421.637917,357.096471,59.625275,73.550295,29.812637,36.775147,0.142857,460.000000,25.000000,1.719164,1.917381
-4216.379171,0.000000,-3570.964706,0.000000,4216.379171,3570.964706,421.637917,357.096471,59.625275,73.550295,29.812637,36.775147,0.142857,460.000000,25.000000,1.719164,1.917381
-5214.785938,0.000000,-4489.041817,0.000000,5214.785938,4489.041817,521.478594,448.904182,48.422873,56.827684,24.211437,28.413842,0.021277,220.000000,20.000000,1.481295,1.697603
-5214.785938,0.000000,-4489.041817,0.000000,5214.785938,4489.041817,521.478594,448.904182,48.422873,56.827684,24.211437,28.413842,0.021277,220.000000,20.000000,1.481295,1.697603
-914.586219,0.000000,-568.576531,0.000000,914.586219,568.576531,91.458622,56.857653,23.298214,24.084310,11.649107,12.042155,0.100000,240.000000,10.000000,0.503644,0.554645
838.353299,0.000000,990.211851,0.000000,838.353299,990.211851,83.835330,99.021185,41.188175,40.237487,20.594088,20.118744,0.066667,30.000000,20.000000,0.927131,0.935889
902.586632,0.000000,1054.445184,0.000000,902.586632,1054.445184,90.258663,105.444518,43.009040,42.037073,21.504520,21.018537,0.090909,30.000000,20.000000,0.971579,0.979911
-3724.107626,0.000000,-4837.786600,0.000000,3724.107626,4837.786600,372.410763,483.778660,36.413572,30.745625,18.206786,15.372813,0.033333,860.000000,15.000000,0.818902,1.223178
-64349.095190,0.000000,-894.378806,0.000000,64349.095190,894.378806,6434.909519,89.437881,72.035220,87.432640,36.017610,43.716320,0.052632,4970.000000,35.000000,9.486436,1.860017
-104497.968294,0.000000,-1069.100000,0.000000,104497.968294,1069.100000,10449.796829,106.910000,53.958405,59.318414,26.979202,29.659207,0.032258,120.000000,25.000000,14.042984,1.319043
-104497.968294,0.000000,-1069.100000,0.000000,104497.968294,1069.100000,10449.796829,106.910000,53.958405,59.318414,26.979202,29.659207,0.032258,120.000000,25.000000,14.042984,1.319043
-64349.095190,0.000000,-894.378806,0.000000,64349.095190,894.378806,6434.909519,89.437881,72.035220,87.432640,36.017610,43.716320,0.052632,4970.000000,35.000000,9.486436,1.860017
-93453.779254,0.000000,-1093.767188,0.000000,93453.779254,1093.767188,9345.377925,109.376719,49.745666,75.442517,24.872833,37.721258,0.040000,1970.000000,20.000000,12.596794,1.645575
-93453.779254,0.000000,-1093.767188,0.000000,93453.779254,1093.767188,9345.377925,109.376719,49.745666,75.442517,24.872833,37.721258,0.040000,1970.000000,20.000000,12.596794,1.645575
-2427.185161,0.000000,-2078.634098,0.000000,2427.185161,2078.634098,242.718516,207.863410,59.102391,68.602460,29.551195,34.301230,0.050000,1850.000000,25.000000,1.253207,1.631576
2094.079189,0.000000,2060.488721,0.000000,2094.079189,2060.488721,209.407919,206.048872,24.929887,27.745043,12.464944,13.872521,0.031250,150.000000,10.000000,0.683471,0.813309
985.913639,0.000000,898.924683,0.000000,985.913639,898.924683,98.591364,89.892468,21.616137,24.904655,10.808069,12.452328,0.071429,150.000000,10.000000,0.478743,0.610962
768.728781,0.000000,693.375694,0.000000,768.728781,693.375694,76.872878,69.337569,35.680153,45.792130,17.840076,22.896065,0.076923,640.000000,15.000000,0.752203,1.002430
2946.048602,0.000000,1575.940588,0.000000,2946.048602,1575.940588,294.604860,157.594059,37.452341,42.666924,18.726170,21.333462,0.052632,290.000000,15.000000,1.117981,1.050783
2614.440703,0.000000,1264.463516,0.000000,2614.440703,1264.463516,261.444070,126.446352,35.786899,41.373133,17.893450,20.686567,0.076923,290.000000,15.000000,1.043231,0.985987
2583.661483,0.000000,1233.684296,0.000000,2583.661483,1233.684296,258.366148,123.368430,33.619785,39.511435,16.809893,19.755717,0.076923,290.000000,15.000000,0.996043,0.944907
2907.400882,0.000000,1651.123055,0.000000,2907.400882,1651.123055,290.740088,165.112306,22.593644,26.348451,11.296822,13.174226,0.035714,70.000000,10.000000,0.816442,0.731713
2854.278429,0.000000,1582.485052,0.000000,2854.278429,1582.485052,285.427843,158.248505,14.956930,19.229871,7.478465,9.614936,0.035714,70.000000,5.000000,0.657017,0.580740
3033.293851,0.000000,1777.016025,0.000000,3033.293851,1777.016025,303.329385,177.701602,18.111382,22.236409,9.055691,11.118204,0.027778,70.000000,5.000000,0.742468,0.665178
2845.767082,0.000000,1649.078143,0.000000,2845.767082,1649.078143,284.576708,164.907814,44.230237,46.901585,22.115118,23.450792,0.052632,20.000000,20.000000,1.241139,1.148527
2534.290011,0.000000,1337.601072,0.000000,2534.290011,1337.601072,253.429001,133.760107,43.031075,45.809607,21.515538,22.904804,0.076923,20.000000,20.000000,1.178237,1.087762
2503.510791,0.000000,1306.821852,0.000000,2503.510791,1306.821852,250.351079,130.682185,41.305542,44.169272,20.652771,22.084636,0.076923,20.000000,20.000000,1.139881,1.051109
4345.577244,0.000000,2059.642588,0.000000,4345.577244,2059.642588,434.557724,205.964259,32.130686,38.936573,16.065343,19.468286,0.027778,180.000000,15.000000,0.746818,1.036307
51859.018312,0.000000,1194.691358,0.000000,51859.018312,1194.691358,5185.901831,119.469136,46.929297,88.947300,23.464648,44.473650,0.076923,6140.000000,20.000000,7.393527,1.927623
79883.091312,0.000000,2145.679012,0.000000,79883.091312,2145.679012,7988.309131,214.567901,56.383003,87.334146,28.191502,43.667073,0.200000,3800.000000,25.000000,11.078333,2.014152
87706.295837,0.000000,2131.455110,0.000000,87706.295837,2131.455110,8770.629584,213.145511,53.004815,78.720814,26.502407,39.360407,0.074074,2790.000000,25.000000,11.936285,1.839320
87706.295837,0.000000,2131.455110,0.000000,87706.295837,2131.455110,8770.629584,213.145511,53.004815,78.720814,26.502407,39.360407,0.074074,2790.000000,25.000000,11.936285,1.839320
94592.615884,0.000000,7054.925456,0.000000,94592.615884,7054.925456,9459.261588,705.492546,92.008822,95.569594,46.004411,47.784797,0.027778,2140.000000,45.000000,13.660697,2.792201
94592.615884,0.000000,7054.925456,0.000000,94592.615884,7054.925456,9459.261588,705.492546,92.008822,95.569594,46.004411,47.784797,0.027778,2140.000000,45.000000,13.660697,2.792201
94592.615884,0.000000,7054.925456,0.000000,94592.615884,7054.925456,9459.261588,705.492546,92.008822,95.569594,46.004411,47.784797,0.027778,2140.000000,45.000000,13.660697,2.792201
82943.556533,0.000000,641.537001,0.000000,82943.556533,641.537001,8294.355653,64.153700,63.375217,82.320491,31.687608,41.160245,0.166667,3010.000000,30.000000,11.609308,1.725951
107345.374718,0.000000,1153.873457,0.000000,107345.374718,1153.873457,10734.537472,115.387346,50.776675,63.562879,25.388338,31.781440,0.047619,630.000000,25.000000,14.364157,1.414695
105536.814936,0.000000,1735.852023,0.000000,105536.814936,1735.852023,10553.681494,173.585202,55.269833,69.076052,27.634917,34.538026,0.071429,1130.000000,25.000000,14.216243,1.597659
94592.615884,0.000000,7054.925456,0.000000,94592.615884,7054.925456,9459.261588,705.492546,92.008822,95.569594,46.004411,47.784797,0.027778,2140.000000,45.000000,13.660697,2.792201
94592.615884,0.000000,7054.925456,0.000000,94592.615884,7054.925456,9459.261588,705.492546,92.008822,95.569594,46.004411,47.784797,0.027778,2140.000000,45.000000,13.660697,2.792201
79883.091312,0.000000,2145.679012,0.000000,79883.091312,2145.679012,7988.309131,214.567901,56.383003,87.334146,28.191502,43.667073,0.200000,3800.000000,25.000000,11.078333,2.014152
107565.290199,0.000000,1149.618968,0.000000,107565.290199,1149.618968,10756.529020,114.961897,56.749008,67.871027,28.374504,33.935514,0.033333,630.000000,25.000000,14.483603,1.500392
107565.290199,0.000000,1149.618968,0.000000,107565.290199,1149.618968,10756.529020,114.961897,56.749008,67.871027,28.374504,33.935514,0.033333,630.000000,25.000000,14.483603,1.500392
87706.295837,0.000000,2131.455110,0.000000,87706.295837,2131.455110,8770.629584,213.145511,53.004815,78.720814,26.502407,39.360407,0.074074,2790.000000,25.000000,11.936285,1.839320
51859.018312,0.000000,1194.691358,0.000000,51859.018312,1194.691358,5185.901831,119.469136,46.929297,88.947300,23.464648,44.473650,0.076923,6140.000000,20.000000,7.393527,1.927623
79883.091312,0.000000,2145.679012,0.000000,79883.091312,2145.679012,7988.309131,214.567901,56.383003,87.334146,28.191502,43.667073,0.200000,3800.000000,25.000000,11.078333,2.014152
107565.290199,0.000000,1149.618968,0.000000,107565.290199,1149.618968,10756.529020,114.961897,56.749008,67.871027,28.374504,33.935514,0.033333,630.000000,25.000000,14.483603,1.500392
107345.374718,0.000000,1153.873457,0.000000,107345.374718,1153.873457,10734.537472,115.387346,50.776675,63.562879,25.388338,31.781440,0.047619,630.000000,25.000000,14.364157,1.414695
82943.556533,0.000000,641.537001,0.000000,82943.556533,641.537001,8294.355653,64.153700,63.375217,82.320491,31.687608,41.160245,0.166667,3010.000000,30.000000,11.609308,1.725951
51859.018312,0.000000,1194.691358,0.000000,51859.018312,1194.691358,5185.901831,119.469136,46.929297,88.947300,23.464648,44.473650,0.076923,6140.000000,20.000000,7.393527,1.927623
105536.814936,0.000000,1735.852023,0.000000,105536.814936,1735.852023,10553.681494,173.585202,55.269833,69.076052,27.634917,34.538026,0.071429,1130.000000,25.000000,14.216243,1.597659
82943.556533,0.000000,641.537001,0.000000,82943.556533,641.537001,8294.355653,64.153700,63.375217,82.320491,31.687608,41.160245,0.166667,3010.000000,30.000000,11.609308,1.725951
107345.374718,0.000000,1153.873457,0.000000,107345.374718,1153.873457,10734.537472,115.387346,50.776675,63.562879,25.388338,31.781440,0.047619,630.000000,25.000000,14.364157,1.414695
94592.615884,0.000000,7054.925456,0.000000,94592.615884,7054.925456,9459.261588,705.492546,92.008822,95.569594,46.004411,47.784797,0.027778,2140.000000,45.000000,13.660697,2.792201
105536.814936,0.000000,1735.852023,0.000000,105536.814936,1735.852023,10553.681494,173.585202,55.269833,69.076052,27.634917,34.538026,0.071429,1130.000000,25.000000,14.216243,1.597659
-1972.515432,0.000000,-2064.526543,0.000000,1972.515432,2064.526543,197.251543,206.452654,29.231242,32.752717,14.615621,16.376359,0.050000,290.000000,10.000000,0.687361,0.913709
-2466.871789,0.000000,-2607.914618,0.000000,2466.871789,2607.914618,246.687179,260.791462,55.136807,77.946397,27.568404,38.973199,0.166667,3440.000000,25.000000,1.389336,1.885059
-6678.547385,0.000000,-3926.075575,0.000000,6678.547385,3926.075575,667.854739,392.607557,52.864992,72.683769,26.432496,36.341885,0.052632,1660.000000,25.000000,1.889627,1.944225
-6678.547385,0.000000,-3926.075575,0.000000,6678.547385,3926.075575,667.854739,392.607557,52.864992,72.683769,26.432496,36.341885,0.052632,1660.000000,25.000000,1.889627,1.944225
-2466.871789,0.000000,-2607.914618,0.000000,2466.871789,2607.914618,246.687179,260.791462,55.136807,77.946397,27.568404,38.973199,0.166667,3440.000000,25.000000,1.389336,1.885059
-7108.609417,0.000000,-3628.385373,0.000000,7108.609417,3628.385373,710.860942,362.838537,58.934750,59.089115,29.467375,29.544557,0.018519,220.000000,25.000000,2.067854,1.635307
-7108.609417,0.000000,-3628.385373,0.000000,7108.609417,3628.385373,710.860942,362.838537,58.934750,59.089115,29.467375,29.544557,0.018519,220.000000,25.000000,2.067854,1.635307
-5871.986277,0.000000,-2145.071440,0.000000,5871.986277,2145.071440,587.198628,214.507144,34.477355,44.963001,17.238678,22.481501,0.050000,290.000000,15.000000,1.427765,1.164997
-5543.942008,0.000000,-2150.108930,0.000000,5543.942008,2150.108930,554.394201,215.010893,45.872803,52.001847,22.936401,26.000923,0.050000,40.000000,20.000000,1.612296,1.307538
-1959.292132,0.000000,-1345.970370,0.000000,1959.292132,1345.970370,195.929213,134.597037,58.117700,44.628530,29.058850,22.314265,0.083333,100.000000,25.000000,1.201283,1.065845
-2285.896588,0.000000,-1672.574826,0.000000,2285.896588,1672.574826,228.589659,167.257483,54.218867,40.789668,27.109434,20.394834,0.066667,100.000000,25.000000,1.164116,1.029882
-884.341838,0.000000,-1764.993820,0.000000,884.341838,1764.993820,88.434184,176.499382,19.971947,38.499725,9.985973,19.249863,0.083333,650.000000,5.000000,0.448389,0.988854
2904.501264,0.000000,1633.911341,0.000000,2904.501264,1633.911341,290.450126,163.391134,55.417986,69.483444,27.708993,34.741722,0.028571,640.000000,25.000000,1.483684,1.593418
2681.122449,0.000000,1400.918314,0.000000,2681.122449,1400.918314,268.112245,140.091831,43.310298,59.842873,21.655149,29.921437,0.062500,640.000000,20.000000,1.213598,1.371479
3046.273708,0.000000,1835.777980,0.000000,3046.273708,1835.777980,304.627371,183.577798,25.680033,40.082387,12.840017,20.041193,0.029412,200.000000,10.000000,0.797240,1.030585
2945.446329,0.000000,1707.135295,0.000000,2945.446329,1707.135295,294.544633,170.713530,26.463508,36.615280,13.231754,18.307640,0.035714,610.000000,10.000000,0.898234,0.945263
2931.354811,0.000000,1695.092721,0.000000,2931.354811,1695.092721,293.135481,169.509272,19.507200,31.397160,9.753600,15.698580,0.034483,610.000000,5.000000,0.757910,0.839373
7509.532736,0.000000,4408.882277,0.000000,7509.532736,4408.882277,750.953274,440.888228,11.683370,14.956803,5.841685,7.478401,0.022222,110.000000,5.000000,0.365050,0.850850
6773.812580,0.000000,3397.391582,0.000000,6773.812580,3397.391582,677.381258,339.739158,41.447537,43.613934,20.723769,21.806967,0.083333,110.000000,20.000000,0.868590,1.297364
6994.354936,0.000000,3617.933937,0.000000,6994.354936,3617.933937,699.435494,361.793394,42.924780,44.830622,21.462390,22.415311,0.052632,110.000000,20.000000,0.925646,1.349258
-5410.177514,0.000000,-2000.623712,0.000000,5410.177514,2000.623712,541.017751,200.062371,48.892730,58.738721,24.446365,29.369360,0.050000,420.000000,20.000000,1.656040,1.424475
-2649.352001,0.000000,-2074.339726,0.000000,2649.352001,2074.339726,264.935200,207.433973,73.152322,76.631102,36.576161,38.315551,0.027778,2050.000000,35.000000,1.687539,1.791479
945.610665,0.000000,632.869388,0.000000,945.610665,632.869388,94.561066,63.286939,47.744849,56.655407,23.872424,28.327703,0.142857,670.000000,20.000000,0.978508,1.212786
-4989.375354,0.000000,-2990.594215,0.000000,4989.375354,2990.594215,498.937535,299.059422,30.333746,43.887460,15.166873,21.943730,0.016393,240.000000,15.000000,1.231905,1.250314
-1421.645891,0.000000,-1326.770957,0.000000,1421.645891,1326.770957,142.164589,132.677096,32.649785,42.600848,16.324893,21.300424,0.066667,800.000000,15.000000,0.778576,1.017632
-1297.993244,0.000000,-890.523794,0.000000,1297.993244,890.523794,129.799324,89.052379,23.743549,42.459574,11.871774,21.229787,0.100000,840.000000,10.000000,0.510309,0.960512
-2902.236748,0.000000,-2869.950378,0.000000,2902.236748,2869.950378,290.223675,286.995038,37.188173,33.263245,18.594087,16.631622,0.111111,120.000000,15.000000,0.772550,1.024875
-1989.057674,0.000000,-1687.861446,0.000000,1989.057674,1687.861446,198.905767,168.786145,28.785478,33.453942,14.392739,16.726971,0.050000,310.000000,10.000000,0.657882,0.879895
7977.070685,0.000000,4296.726770,0.000000,7977.070685,4296.726770,797.707069,429.672677,25.973804,34.821475,12.986902,17.410737,0.033898,420.000000,10.000000,1.519143,1.232902
6928.921032,0.000000,3248.577116,0.000000,6928.921032,3248.577116,692.892103,324.857712,49.366051,55.100144,24.683026,27.550072,0.083333,420.000000,20.000000,1.856017,1.507526
7118.315495,0.000000,3437.971580,0.000000,7118.315495,3437.971580,711.831550,343.797158,50.359662,55.780650,25.179831,27.890325,0.052632,420.000000,25.000000,1.899562,1.544807
1645.931160,0.000000,1541.908134,0.000000,1645.931160,1541.908134,164.593116,154.190813,16.834488,62.795925,8.417244,31.397963,0.034483,3090.000000,5.000000,0.410771,1.448581
-2274.303451,0.000000,-2755.961022,0.000000,2274.303451,2755.961022,227.430345,275.596102,69.197305,69.725691,34.598652,34.862846,0.023810,120.000000,30.000000,1.668215,1.740937
-1578.136145,0.000000,-2193.150736,0.000000,1578.136145,2193.150736,157.813615,219.315074,44.497697,45.982629,22.248849,22.991314,0.023810,120.000000,20.000000,1.087144,1.197902
-2599.720220,0.000000,-2005.528393,0.000000,2599.720220,2005.528393,259.972022,200.552839,40.386057,50.588695,20.193028,25.294348,0.046512,320.000000,20.000000,1.131529,1.267217
-2426.751531,0.000000,-1567.321313,0.000000,2426.751531,1567.321313,242.675153,156.732131,56.576044,49.284904,28.288022,24.642452,0.066667,780.000000,25.000000,1.191170,1.182832
912.054904,0.000000,847.154277,0.000000,912.054904,847.154277,91.205490,84.715428,41.695899,59.205906,20.847950,29.602953,0.052632,1580.000000,20.000000,0.889646,1.290364
2296.410080,0.000000,1675.819635,0.000000,2296.410080,1675.819635,229.641008,167.581964,44.806274,54.093984,22.403137,27.046992,0.027778,630.000000,20.000000,0.964691,1.290043
1768.091391,0.000000,1369.843410,0.000000,1768.091391,1369.843410,176.809139,136.984341,53.692838,55.529431,26.846419,27.764715,0.037037,240.000000,25.000000,1.293548,1.281693
-2627.669444,0.000000,-1746.301081,0.000000,2627.669444,1746.301081,262.766944,174.630108,48.998665,69.310445,24.499333,34.655223,0.046512,780.000000,20.000000,1.304669,1.605397
3709.928677,0.000000,1794.702013,0.000000,3709.928677,1794.702013,370.992868,179.470201,41.839807,49.558765,20.919904,24.779383,0.066667,860.000000,20.000000,0.901438,1.216840
3760.500208,0.000000,1744.195890,0.000000,3760.500208,1744.195890,376.050021,174.419589,16.870189,27.919642,8.435094,13.959821,0.058824,390.000000,5.000000,0.749518,0.777722
7335.613206,0.000000,1621.659808,0.000000,7335.613206,1621.659808,733.561321,162.165981,43.341448,42.878392,21.670724,21.439196,0.052632,90.000000,20.000000,1.779065,1.061603
7191.308472,0.000000,1477.355074,0.000000,7191.308472,1477.355074,719.130847,147.735507,42.298223,42.468781,21.149111,21.234391,0.200000,90.000000,20.000000,1.765373,1.035372
9147.370048,0.000000,3394.037359,0.000000,9147.370048,3394.037359,914.737005,339.403736,22.921761,23.344901,11.460880,11.672451,0.021739,90.000000,10.000000,1.596900,0.892337
7458.149289,0.000000,1744.195890,0.000000,7458.149289,1744.195890,745.814929,174.419589,27.702230,27.919642,13.851115,13.959821,0.058824,90.000000,10.000000,1.481559,0.777722
7335.613206,0.000000,1621.659808,0.000000,7335.613206,1621.659808,733.561321,162.165981,43.341448,42.878392,21.670724,21.439196,0.052632,90.000000,20.000000,1.804278,1.061603
7191.308472,0.000000,1477.355074,0.000000,7191.308472,1477.355074,719.130847,147.735507,42.298223,42.468781,21.149111,21.234391,0.200000,90.000000,20.000000,1.740160,1.035372
5331.983038,0.000000,3394.037359,0.000000,5331.983038,3394.037359,533.198304,339.403736,21.847936,23.344901,10.923968,11.672451,0.021739,210.000000,10.000000,0.833726,0.892337
7508.655411,0.000000,1794.702013,0.000000,7508.655411,1794.702013,750.865541,179.470201,50.552863,49.558765,25.276432,24.779383,0.066667,90.000000,25.000000,1.944922,1.216840
5366.436484,0.000000,5562.406009,0.000000,5366.436484,5562.406009,536.643648,556.240601,14.356498,16.774697,7.178249,8.387348,0.019608,50.000000,5.000000,0.287130,1.033300
-797.647059,0.000000,-588.928571,0.000000,797.647059,588.928571,79.764706,58.892857,41.547066,48.953521,20.773533,24.476761,0.200000,1170.000000,20.000000,0.880906,1.053093
2634.449569,0.000000,2145.573779,0.000000,2634.449569,2145.573779,281.274600,214.557378,32.411631,39.262193,16.205815,19.631096,0.142857,240.000000,15.000000,1.006906,1.053029
-10073.711148,0.000000,-6959.458651,0.000000,10073.711148,6959.458651,1007.371115,695.945865,37.795015,77.740441,18.897508,38.870221,0.034483,10050.000000,15.000000,1.923926,2.424875
3379.974753,0.000000,3054.965408,0.000000,3379.974753,3054.965408,337.997475,305.496541,36.085553,55.816842,18.042776,27.908421,0.032258,1090.000000,15.000000,0.721711,1.498213
4620.951719,0.000000,4242.642890,0.000000,4620.951719,4242.642890,462.095172,424.264289,43.891505,59.873987,21.945753,29.936994,0.032258,1090.000000,20.000000,1.380550,1.727795
5626.839917,0.000000,5641.746900,0.000000,5626.839917,5641.746900,562.683992,564.174690,29.440492,31.355573,14.720246,15.677786,0.018868,40.000000,10.000000,1.171589,1.332896
2781.601146,0.000000,1716.222343,0.000000,2781.601146,1716.222343,278.160115,171.622234,20.834227,34.523088,10.417113,17.261544,0.028571,370.000000,10.000000,0.767602,0.904168
1901.817042,0.000000,1514.058410,0.000000,1901.817042,1514.058410,190.181704,151.405841,18.571719,26.133192,9.285859,13.066596,0.028571,300.000000,5.000000,0.464765,0.714497
2334.732530,0.000000,2731.152768,0.000000,2334.732530,2731.152768,233.473253,273.115277,8.415390,29.652994,4.207695,14.826497,0.090909,1010.000000,0.000000,0.424253,0.943310
-2721.094918,0.000000,-1493.854642,0.000000,2721.094918,1493.854642,272.109492,149.385464,25.753933,43.862957,12.876966,21.931479,0.028571,510.000000,10.000000,0.750367,1.063886
9598.836483,0.000000,3841.213901,0.000000,9598.836483,3841.213901,959.883648,384.121390,21.519958,20.309434,10.759979,10.154717,0.052632,120.000000,10.000000,1.573222,0.886545
9565.654476,0.000000,3654.951355,0.000000,9565.654476,3654.951355,956.565448,365.495135,16.110207,31.016273,8.055103,15.508136,0.066667,590.000000,5.000000,1.467570,1.076806
3709.857269,0.000000,3440.172185,0.000000,3709.857269,3440.172185,370.985727,344.017219,25.639292,27.191449,12.819646,13.595725,0.045455,210.000000,10.000000,0.913817,0.975919
4394.826649,0.000000,3736.075960,0.000000,4394.826649,3736.075960,439.482665,373.607596,31.696151,32.682780,15.848076,16.341390,0.021739,130.000000,15.000000,1.032235,1.120106
-898.336971,0.000000,-1031.568851,0.000000,898.336971,1031.568851,89.833697,103.156885,11.721063,26.069054,5.860531,13.034527,0.066667,680.000000,5.000000,0.346834,0.650089
-656.991686,0.000000,-745.152020,0.000000,656.991686,745.152020,65.699169,74.515202,22.643431,36.576431,11.321716,18.288215,0.200000,680.000000,10.000000,0.535145,0.824468
-10469.232557,0.000000,-5036.578643,0.000000,10469.232557,5036.578643,1046.923256,503.657864,15.542689,21.480890,7.771344,10.740445,0.031250,260.000000,5.000000,1.526469,1.059385
-10245.565689,0.000000,-4831.984068,0.000000,10245.565689,4831.984068,1024.556569,483.198407,12.399296,28.821921,6.199648,14.410961,0.052632,900.000000,5.000000,1.528694,1.180653
-10986.381371,0.000000,-4385.044867,0.000000,10986.381371,4385.044867,1098.638137,438.504487,21.521255,33.089648,10.760628,16.544824,0.026316,420.000000,10.000000,0.548455,1.205359
-10961.196253,0.000000,-4695.805568,0.000000,10961.196253,4695.805568,1096.119625,469.580557,23.338665,25.697975,11.669332,12.848988,0.020000,100.000000,10.000000,1.693818,1.096299
-10412.451900,0.000000,-3848.590549,0.000000,10412.451900,3848.590549,1041.245190,384.859055,45.832762,51.058382,22.916381,25.529191,0.071429,420.000000,20.000000,0.963016,1.498828
-1732.316485,0.000000,-1439.295657,0.000000,1732.316485,1439.295657,173.231648,143.929566,44.192894,51.311542,22.096447,25.655771,0.062500,180.000000,20.000000,1.103914,1.205578
-2042.725043,0.000000,-2386.160514,0.000000,2042.725043,2386.160514,204.272504,238.616051,24.168717,45.417809,12.084358,22.708904,0.025000,640.000000,10.000000,0.741489,1.207670
-1763.740100,0.000000,-2392.467803,0.000000,1763.740100,2392.467803,176.374010,239.246780,50.287738,52.455410,25.143869,26.227705,0.025000,80.000000,25.000000,1.226058,1.349140
3205.412336,0.000000,3350.690959,0.000000,3205.412336,3350.690959,320.541234,335.069096,9.686912,16.456521,4.843456,8.228260,0.015152,350.000000,0.000000,0.399254,0.748110
4019.096820,0.000000,1496.603196,0.000000,4019.096820,1496.603196,401.909682,149.660320,12.929738,19.154264,6.464869,9.577132,0.043478,320.000000,5.000000,0.328049,0.570267
3820.079003,0.000000,1321.519892,0.000000,3820.079003,1321.519892,382.007900,132.151989,21.679707,26.983339,10.839853,13.491669,0.066667,320.000000,10.000000,0.478248,0.704986
835.456302,0.000000,1148.982276,0.000000,835.456302,1148.982276,83.545630,114.898228,42.914385,78.734978,21.457192,39.367489,0.100000,6720.000000,20.000000,0.925004,1.717768
3372.241214,0.000000,5978.734996,0.000000,3372.241214,5978.734996,337.224121,597.873500,17.919897,31.668132,8.959948,15.834066,0.023810,920.000000,5.000000,0.780178,1.383894
3914.114403,0.000000,2042.470812,0.000000,3914.114403,2042.470812,391.411440,204.247081,37.587764,45.539188,18.793882,22.769594,0.066667,80.000000,15.000000,1.244302,1.163410
4485.367509,0.000000,3432.096421,0.000000,4485.367509,3432.096421,448.536751,343.209642,29.065146,63.441992,14.532573,31.720996,0.015152,2120.000000,10.000000,0.836215,1.697560
2547.434216,0.000000,1580.975783,0.000000,2547.434216,1580.975783,254.743422,158.097578,53.701504,79.029288,26.850752,39.514644,0.250000,2120.000000,25.000000,1.086828,1.777959
-4011.596224,0.000000,-3051.514129,0.000000,4011.596224,3051.514129,401.159622,305.151413,46.039294,55.963920,23.019647,27.981960,0.125000,1450.000000,20.000000,0.944808,1.501744
-11130.010630,0.000000,-1616.839210,0.000000,11130.010630,1616.839210,1113.001063,161.683921,56.845586,62.160810,28.422793,31.080405,0.125000,560.000000,25.000000,2.527232,1.452040
-11456.603792,0.000000,-1822.286269,0.000000,11456.603792,1822.286269,1145.660379,182.228627,20.523076,30.243038,10.261538,15.121519,0.058824,370.000000,10.000000,1.790372,0.839335
-9141.687448,0.000000,-8286.435791,0.000000,9141.687448,8286.435791,914.168745,828.643579,16.694055,18.837561,8.347027,9.418781,0.016129,170.000000,5.000000,1.301232,1.414362
-1750.397047,0.000000,-1055.967185,0.000000,1750.397047,1055.967185,175.039705,105.596719,19.188147,18.430717,9.594073,9.215359,0.055556,170.000000,5.000000,0.427615,0.502950
968.243829,0.000000,1014.295461,0.000000,968.243829,1014.295461,96.824383,101.429546,51.778706,60.286606,25.889353,30.143303,0.071429,1080.000000,25.000000,1.157368,1.332653
1242.608849,0.000000,1003.364913,0.000000,1242.608849,1003.364913,124.260885,100.336491,41.677279,60.266407,20.838640,30.133203,0.052632,1990.000000,20.000000,0.933477,1.330683
4066.927231,0.000000,1439.710775,0.000000,4066.927231,1439.710775,406.692723,143.971077,44.529867,58.437667,22.264934,29.218833,0.066667,820.000000,20.000000,1.399827,1.348724
1300.611070,0.000000,967.119628,0.000000,1300.611070,967.119628,130.061107,96.711963,78.597868,79.797836,39.298934,39.898918,0.083333,1990.000000,35.000000,1.734768,1.716790
-5819.747627,0.000000,-5126.988272,0.000000,5819.747627,5126.988272,581.974763,512.698827,28.610324,50.683848,14.305162,25.341924,0.022222,210.000000,10.000000,1.301303,1.654388
-1309.904266,0.000000,-546.942296,0.000000,1309.904266,546.942296,130.990427,54.694230,40.422398,62.169018,20.211199,31.084509,0.166667,210.000000,20.000000,0.973948,1.311449
7260.256166,0.000000,5821.594163,0.000000,7260.256166,5821.594163,726.025617,582.159416,43.690213,45.196086,21.845106,22.598043,0.018182,50.000000,20.000000,1.783539,1.629866
6399.964194,0.000000,4961.302191,0.000000,6399.964194,4961.302191,639.996419,496.130219,20.796352,22.967754,10.398176,11.483877,0.125000,50.000000,10.000000,1.218127,1.077766
-2885.174599,0.000000,-2151.310678,0.000000,2885.174599,2151.310678,288.517460,215.131068,14.902859,27.398543,7.451429,13.699271,0.019608,340.000000,5.000000,0.511770,0.816565
558.879279,0.000000,496.323182,0.000000,558.879279,496.323182,66.076735,49.632318,65.390341,83.241520,32.695171,41.620760,0.250000,7140.000000,30.000000,1.390724,1.726758
3946.652653,0.000000,2063.697119,0.000000,3946.652653,2063.697119,394.665265,206.369712,33.283751,78.722068,16.641876,39.361034,0.022222,7320.000000,15.000000,0.804518,1.834197
1925.540089,0.000000,1706.619069,0.000000,1925.540089,1706.619069,192.554009,170.661907,47.611461,70.674349,23.805730,35.337175,0.111111,2800.000000,20.000000,1.163671,1.627497
7138.103374,0.000000,4718.241105,0.000000,7138.103374,4718.241105,713.810337,471.824110,42.145540,61.173717,21.072770,30.586859,0.125000,1110.000000,20.000000,1.736244,1.812692
2111.373643,0.000000,2548.792470,0.000000,2111.373643,2548.792470,211.137364,254.879247,31.103278,51.088640,15.551639,25.544320,0.100000,1530.000000,15.000000,0.656784,1.341030
1121.459242,0.000000,947.030929,0.000000,1121.459242,947.030929,112.145924,94.703093,52.396799,65.135338,26.198399,32.567669,0.083333,1100.000000,25.000000,1.096081,1.420990
