chi,dp_norm,coh,stab,rad,size,ratio
0.166667,0.997814,11.000000,1.353333,1.958621,30.000000,0.916667
0.166667,0.409046,1.857143,0.995833,1.133333,6.000000,0.650000
0.250000,0.989500,7.555556,0.684211,1.649123,19.000000,0.883117
0.250000,0.125973,5.000000,2.177533,1.866667,16.000000,0.833333
0.250000,0.133185,5.000000,2.177533,1.866667,16.000000,0.833333
0.250000,0.148724,5.000000,2.177533,1.866667,16.000000,0.833333
0.166667,0.078432,1.800000,3.901649,1.400000,6.000000,0.642857
0.166667,0.078432,1.800000,3.901649,1.400000,6.000000,0.642857
0.166667,0.078432,1.800000,3.901649,1.400000,6.000000,0.642857
0.250000,0.134137,5.333333,2.429285,1.779221,22.000000,0.842105
0.066667,0.163780,3.076923,4.256643,1.619048,15.000000,0.754717
0.200000,1.000000,3.843750,4.255031,1.875862,30.000000,0.793548
0.200000,1.000000,5.333333,2.429285,1.779221,22.000000,0.842105
0.125000,0.005691,1.722222,5.403709,1.679487,13.000000,0.632653
0.125000,0.514484,2.000000,6.538271,1.357143,8.000000,0.666667
0.111111,0.200000,1.700000,6.092071,1.527778,9.000000,0.629630
0.166667,0.483503,2.000000,5.469037,1.333333,6.000000,0.666667
0.142857,0.848844,2.000000,5.512986,1.428571,7.000000,0.666667
0.166667,0.606681,2.250000,6.014085,1.400000,6.000000,0.692308
0.142857,0.349398,2.166667,7.270506,1.380952,7.000000,0.684211
0.166667,0.462330,3.000000,6.705638,1.400000,6.000000,0.750000
0.166667,0.612931,2.400000,6.841949,1.900000,16.000000,0.705882
0.062500,0.023770,1.652174,9.688706,1.708333,16.000000,0.622951
0.062500,0.028672,3.000000,5.428777,2.035088,19.000000,0.750000
0.066667,0.310562,2.307692,5.395393,1.714286,15.000000,0.697674
0.066667,0.205953,1.454545,8.446675,1.723810,15.000000,0.592593
0.076923,0.601449,2.000000,5.085963,1.717949,13.000000,0.666667
0.111111,1.000000,3.000000,5.428777,2.035088,19.000000,0.750000
0.066667,1.000000,2.588235,6.078404,2.047368,20.000000,0.721311
0.066667,0.494050,3.083333,7.535492,1.761905,15.000000,0.755102
0.071429,0.454551,3.083333,7.535492,1.761905,15.000000,0.755102
0.050000,0.081326,2.863636,8.507048,1.747368,20.000000,0.741176
0.076923,0.390360,2.863636,8.507048,1.747368,20.000000,0.741176
0.076923,0.362312,1.647059,11.696307,1.679487,13.000000,0.622222
0.200000,0.419041,2.000000,5.137317,1.238095,7.000000,0.666667
0.200000,0.023256,4.153846,12.652558,1.905263,20.000000,0.805970
0.153846,0.375975,1.850000,11.414141,2.034392,28.000000,0.649123
0.142857,0.427480,2.600000,9.046602,1.380952,7.000000,0.722222
0.050000,0.405251,4.153846,14.051588,1.905263,20.000000,0.805970
0.111111,0.308127,2.200000,7.847777,1.083333,9.000000,0.687500
0.111111,0.165164,1.492537,16.429543,2.305832,38.000000,0.598802
0.111111,0.129848,1.492537,16.429543,2.305832,38.000000,0.598802
0.111111,0.308127,2.200000,7.847777,1.083333,9.000000,0.687500
0.125000,0.635850,2.800000,13.789083,1.571429,8.000000,0.736842
0.125000,0.107437,1.750000,18.325366,1.500000,8.000000,0.636364
0.250000,0.910658,7.333333,5.468662,1.214286,8.000000,0.880000
0.100000,0.213473,1.366197,11.876328,1.840726,32.000000,0.577381
0.100000,0.096147,2.000000,8.786764,1.111111,10.000000,0.666667
0.080000,0.793615,1.863636,16.033677,2.251613,31.000000,0.650794
0.200000,0.940588,1.850000,11.414141,2.034392,28.000000,0.649123
0.083333,0.367199,1.181818,15.126504,1.742424,12.000000,0.541667
0.080000,0.167626,1.863636,16.033677,2.251613,31.000000,0.650794
0.058824,0.155508,1.782609,12.314574,1.726667,25.000000,0.640625
0.100000,0.212668,1.904762,9.667095,1.111111,10.000000,0.655738
0.100000,0.168352,1.240964,18.765792,2.137980,38.000000,0.553763
0.100000,0.050847,4.666667,11.056495,1.422222,10.000000,0.823529
0.100000,0.034949,1.240964,18.765792,2.137980,38.000000,0.553763
0.100000,0.212668,1.904762,9.667095,1.111111,10.000000,0.655738
0.032258,0.037968,2.220000,13.697135,1.860215,31.000000,0.689441
0.032258,0.075480,1.424242,22.295648,2.008065,32.000000,0.587500
0.032258,0.037968,2.220000,13.697135,1.860215,31.000000,0.689441
0.032258,0.084978,1.424242,22.295648,2.008065,32.000000,0.587500
0.157895,0.710166,1.958333,19.380424,2.210227,33.000000,0.661972
0.083333,0.786315,1.529412,17.373922,1.712121,12.000000,0.604651
0.166667,0.862946,1.181818,15.126504,1.742424,12.000000,0.541667
0.157895,0.158331,1.958333,19.380424,2.210227,33.000000,0.661972
0.032258,1.000000,1.600000,23.731433,2.022727,33.000000,0.615385
0.032258,0.138112,2.055556,15.075072,1.860215,31.000000,0.672727
0.032258,0.642509,1.600000,23.731433,2.022727,33.000000,0.615385
0.032258,0.138112,2.055556,15.075072,1.860215,31.000000,0.672727
0.083333,0.630468,2.076923,8.862000,1.696970,12.000000,0.675000
0.083333,0.033637,2.760870,10.756776,2.229420,39.000000,0.734104
0.083333,0.090193,2.760870,10.756776,2.229420,39.000000,0.734104
0.083333,0.630468,2.076923,8.862000,1.696970,12.000000,0.675000
0.083333,0.078180,2.176471,14.411158,1.860215,31.000000,0.685185
0.083333,0.457317,2.250000,7.071576,1.696970,12.000000,0.692308
0.031250,0.744075,2.288462,15.273023,1.860887,32.000000,0.695906
0.031250,0.103558,2.760870,10.756776,2.229420,39.000000,0.734104
0.052632,0.218821,3.000000,11.870965,2.278746,42.000000,0.750000
0.052632,0.400189,1.904762,9.266328,1.766082,19.000000,0.655738
0.058824,0.433941,1.354430,13.291214,1.844920,34.000000,0.575269
0.058824,0.103558,2.760870,10.756776,2.229420,39.000000,0.734104
0.052632,0.400189,1.904762,9.266328,1.766082,19.000000,0.655738
0.052632,0.077291,3.000000,11.870965,2.278746,42.000000,0.750000
0.083333,0.317862,2.692308,5.608622,1.469697,12.000000,0.729167
0.031250,0.744075,2.288462,15.273023,1.860887,32.000000,0.695906
0.031250,0.095580,2.760870,10.756776,2.229420,39.000000,0.734104
0.055556,0.735753,1.833333,13.160629,1.756158,29.000000,0.647059
0.055556,0.612417,2.342857,10.146461,1.818841,24.000000,0.700855
0.076923,1.000000,2.285714,5.837240,1.589744,13.000000,0.695652
0.250000,0.443774,4.600000,17.868088,1.533333,10.000000,0.821429
0.111111,0.795915,2.823529,13.657524,2.278746,42.000000,0.738462
0.111111,0.124772,1.500000,8.558978,1.555556,9.000000,0.600000
0.111111,0.682519,2.823529,13.657524,2.278746,42.000000,0.738462
0.111111,0.124772,1.500000,8.558978,1.555556,9.000000,0.600000
0.045455,0.128821,1.358491,14.200962,1.938462,26.000000,0.576000
0.045455,0.096614,2.888889,10.431674,1.774892,22.000000,0.742857
0.250000,0.542836,4.600000,17.868088,1.533333,10.000000,0.821429
0.200000,0.758621,1.866667,15.749836,1.377778,10.000000,0.651163
0.200000,0.631180,2.760870,10.756776,2.229420,39.000000,0.734104
0.076923,0.641666,2.075472,13.761563,1.945076,33.000000,0.674847
0.076923,0.038961,3.666667,15.511444,1.641026,13.000000,0.785714
0.142857,0.682519,2.823529,13.657524,2.278746,42.000000,0.738462
0.200000,0.758621,1.866667,15.749836,1.377778,10.000000,0.651163
0.200000,0.783247,2.760870,10.756776,2.229420,39.000000,0.734104
0.142857,0.795915,2.823529,13.657524,2.278746,42.000000,0.738462
0.142857,0.584892,2.290909,16.174026,1.856061,33.000000,0.696133
0.076923,0.583916,2.075472,13.761563,1.945076,33.000000,0.674847
0.076923,0.038961,3.666667,15.511444,1.641026,13.000000,0.785714
0.040000,0.087157,1.603774,14.572694,1.997701,30.000000,0.615942
0.040000,0.095001,2.772727,11.320027,1.796667,25.000000,0.734940
0.052632,0.087157,1.603774,14.572694,1.997701,30.000000,0.615942
0.052632,0.100000,3.125000,8.238891,1.760234,19.000000,0.757576
0.200000,0.074671,2.833333,16.160169,1.736264,14.000000,0.739130
0.181818,0.329117,2.761905,10.982934,1.789855,24.000000,0.734177
0.076923,0.268304,3.055556,11.457160,1.757895,20.000000,0.753425
0.166667,0.299871,1.470588,10.165738,1.757576,12.000000,0.595238
0.166667,0.630676,2.075472,13.761563,1.945076,33.000000,0.674847
0.166667,0.437904,1.358491,14.200962,1.938462,26.000000,0.576000
0.200000,0.168449,1.850000,14.361277,1.910769,26.000000,0.649123
0.166667,0.514931,2.075472,13.761563,1.945076,33.000000,0.674847
0.166667,0.437904,1.358491,14.200962,1.938462,26.000000,0.576000
0.200000,0.437904,1.358491,14.200962,1.938462,26.000000,0.576000
0.035714,0.681173,2.181818,14.061635,1.809524,28.000000,0.685714
0.035714,0.047163,1.754098,16.677747,1.987522,34.000000,0.636905
0.066667,0.618404,2.057143,14.736880,1.809524,28.000000,0.672897
0.142857,0.293357,3.400000,6.246384,1.190476,7.000000,0.772727
0.100000,0.884719,1.117647,10.236829,1.688889,10.000000,0.527778
0.050000,0.316092,3.055556,12.195731,1.757895,20.000000,0.753425
0.076923,1.000000,1.857143,11.410614,1.782051,13.000000,0.650000
0.076923,0.003506,2.400000,19.573390,2.231579,20.000000,0.705882
0.076923,0.051664,2.400000,19.573390,2.231579,20.000000,0.705882
0.076923,1.000000,1.857143,11.410614,1.782051,13.000000,0.650000
0.076923,0.437920,11.333333,17.616034,1.676190,15.000000,0.918919
0.076923,1.000000,1.857143,10.440867,1.782051,13.000000,0.650000
0.142857,0.226226,2.666667,14.513164,1.238095,7.000000,0.727273
0.200000,0.481684,2.727273,9.999872,1.692308,13.000000,0.731707
0.125000,0.731464,2.888889,12.007797,2.090909,12.000000,0.742857
0.100000,0.471527,9.250000,19.038475,1.628205,13.000000,0.902439
0.125000,0.375022,3.500000,9.622821,1.636364,12.000000,0.777778
0.200000,0.449505,3.200000,13.749765,1.238095,7.000000,0.761905
0.200000,0.366217,1.407407,29.343063,1.800000,16.000000,0.584615
0.066667,0.094530,2.400000,19.573390,2.231579,20.000000,0.705882
0.125000,0.180776,3.000000,20.092395,1.357143,8.000000,0.750000
0.125000,0.516089,4.600000,18.534264,1.838235,17.000000,0.821429
0.058824,0.025892,1.416667,24.214433,1.900000,21.000000,0.586207
0.058824,0.516089,4.600000,18.534264,1.838235,17.000000,0.821429
0.066667,0.216066,2.400000,19.573390,2.231579,20.000000,0.705882
0.142857,0.585253,5.500000,19.001504,1.476190,7.000000,0.846154
0.058824,0.036306,1.416667,24.214433,1.900000,21.000000,0.586207
0.058824,0.516089,4.600000,18.534264,1.838235,17.000000,0.821429
0.058824,0.032752,1.416667,24.214433,1.900000,21.000000,0.586207
0.058824,0.516089,4.600000,18.534264,1.838235,17.000000,0.821429
0.200000,0.224877,1.407407,29.343063,1.800000,16.000000,0.584615
0.200000,0.270542,1.407407,29.343063,1.800000,16.000000,0.584615
0.250000,0.081069,2.400000,11.032656,1.968421,20.000000,0.705882
0.250000,0.214286,4.000000,9.129454,1.333333,4.000000,0.800000
0.125000,0.278997,1.571429,24.246235,1.607143,8.000000,0.611111
0.125000,0.376779,4.000000,17.947889,2.138889,9.000000,0.800000
0.125000,0.078706,1.714286,13.494206,1.571429,8.000000,0.631579
0.125000,0.238095,2.636364,7.912242,1.838095,15.000000,0.725000
0.111111,0.041797,2.111111,18.376205,2.000000,22.000000,0.678571
0.111111,0.452200,4.000000,15.123972,2.138889,9.000000,0.800000
0.125000,0.376779,4.000000,17.947889,2.138889,9.000000,0.800000
0.125000,0.329088,1.571429,24.246235,1.607143,8.000000,0.611111
0.125000,0.266237,1.571429,24.246235,1.607143,8.000000,0.611111
0.125000,0.376779,4.000000,17.947889,2.138889,9.000000,0.800000
0.058824,0.074193,2.222222,10.714272,1.860294,17.000000,0.689655
0.058824,0.515658,2.400000,19.573390,2.231579,20.000000,0.705882
0.058824,0.074193,2.222222,10.714272,1.860294,17.000000,0.689655
0.058824,0.355589,2.400000,19.573390,2.231579,20.000000,0.705882
0.090909,0.160526,2.392857,15.489439,1.966154,26.000000,0.705263
0.142857,0.075833,2.500000,15.178074,1.714286,14.000000,0.714286
0.142857,0.707098,2.636364,9.628242,1.838095,15.000000,0.725000
0.142857,0.058656,7.000000,8.514620,2.142857,7.000000,0.875000
0.200000,0.296680,4.230769,18.514105,1.738095,21.000000,0.808824
0.200000,0.275511,1.500000,25.863786,1.900000,21.000000,0.600000
0.200000,0.321593,1.500000,25.863786,1.900000,21.000000,0.600000
0.200000,0.383741,1.500000,25.863786,1.900000,21.000000,0.600000
0.250000,0.439339,1.500000,25.863786,1.900000,21.000000,0.600000
0.250000,0.381838,1.500000,25.863786,1.900000,21.000000,0.600000
0.250000,0.338723,1.500000,25.863786,1.900000,21.000000,0.600000
0.111111,1.000000,1.363636,13.994969,1.638889,9.000000,0.576923
0.111111,0.159377,3.428571,15.034842,1.581818,11.000000,0.774194
0.050000,0.072267,2.206897,17.427695,2.010870,24.000000,0.688172
0.050000,0.131206,1.647059,24.863975,1.852632,20.000000,0.622222
0.200000,1.000000,7.000000,15.206546,1.300000,5.000000,0.875000
0.200000,0.118968,2.285714,16.795499,2.010870,24.000000,0.695652
0.100000,0.044776,3.500000,14.783901,1.533333,10.000000,0.777778
0.100000,0.131206,1.647059,24.863975,1.852632,20.000000,0.622222
0.050000,0.072267,2.206897,17.427695,2.010870,24.000000,0.688172
0.050000,0.156573,1.647059,24.863975,1.852632,20.000000,0.622222
0.100000,0.044776,3.500000,14.783901,1.533333,10.000000,0.777778
0.100000,0.156573,1.647059,24.863975,1.852632,20.000000,0.622222
0.250000,0.187212,2.206897,17.427695,2.010870,24.000000,0.688172
0.111111,0.558439,3.937500,12.791086,1.813853,22.000000,0.797468
0.111111,0.588342,9.250000,19.038475,1.628205,13.000000,0.902439
0.166667,0.040300,1.790698,27.081060,1.843077,26.000000,0.641667
0.166667,0.043870,1.790698,27.081060,1.843077,26.000000,0.641667
0.222222,1.000000,1.857143,10.353856,1.380952,7.000000,0.650000
0.166667,0.036311,1.790698,27.081060,1.843077,26.000000,0.641667
0.125000,0.040141,1.939394,20.016731,1.992754,24.000000,0.659794
0.125000,0.990138,2.125000,14.931420,1.428571,8.000000,0.680000
0.200000,0.012048,1.228571,22.602248,1.676190,15.000000,0.551282
0.200000,0.564417,2.333333,15.317399,1.300000,5.000000,0.700000
0.071429,0.117064,2.111111,18.376205,2.000000,22.000000,0.678571
0.071429,0.016874,2.187500,18.408005,1.714286,14.000000,0.686275
0.090909,0.893969,3.111111,12.029859,1.545455,11.000000,0.756757
0.090909,0.019608,2.029412,20.182519,2.000000,25.000000,0.669903
0.090909,0.063291,2.600000,16.307055,1.636364,12.000000,0.722222
0.090909,1.000000,1.384615,16.675374,1.727273,11.000000,0.580645
0.153846,0.132108,2.500000,10.903722,1.692308,13.000000,0.714286
0.153846,0.196365,2.400000,19.573390,2.231579,20.000000,0.705882
0.153846,0.132108,2.500000,10.903722,1.692308,13.000000,0.714286
0.153846,0.118468,2.400000,19.573390,2.231579,20.000000,0.705882
0.111111,0.051452,2.666667,21.693669,1.626374,14.000000,0.727273
0.230769,0.308386,2.062500,20.047820,1.819048,15.000000,0.673469
0.230769,0.529816,2.062500,20.047820,1.819048,15.000000,0.673469
0.230769,0.394590,2.062500,20.047820,1.819048,15.000000,0.673469
0.200000,0.615668,2.250000,20.867096,1.838235,17.000000,0.692308
0.076923,0.331008,2.333333,19.631304,1.846154,14.000000,0.700000
0.076923,0.572427,3.666667,15.511444,1.641026,13.000000,0.785714
0.076923,0.590940,2.333333,19.631304,1.846154,14.000000,0.700000
0.076923,0.572427,3.666667,15.511444,1.641026,13.000000,0.785714
0.076923,0.211133,2.333333,19.631304,1.846154,14.000000,0.700000
0.076923,0.572427,3.666667,15.511444,1.641026,13.000000,0.785714
0.111111,0.696951,1.666667,15.567914,1.583333,9.000000,0.625000
0.058824,0.097506,2.600000,18.038850,1.628571,21.000000,0.722222
0.058824,0.197770,2.074074,25.282863,1.647059,17.000000,0.674699
0.058824,0.097506,2.600000,18.038850,1.628571,21.000000,0.722222
0.058824,0.213885,2.074074,25.282863,1.647059,17.000000,0.674699
0.037037,0.191200,2.232558,28.058366,1.848276,30.000000,0.690647
0.037037,0.287366,1.926829,22.128597,2.008547,27.000000,0.658333
0.200000,0.280427,2.115385,16.691691,1.928571,21.000000,0.679012
0.037037,0.202388,2.232558,28.058366,1.848276,30.000000,0.690647
0.037037,0.287366,1.926829,22.128597,2.008547,27.000000,0.658333
0.041667,0.467128,1.790698,27.081060,1.843077,26.000000,0.641667
0.041667,0.308739,2.133333,18.363957,1.992754,24.000000,0.680851
0.041667,0.428470,1.790698,27.081060,1.843077,26.000000,0.641667
0.041667,0.308739,2.133333,18.363957,1.992754,24.000000,0.680851
0.037037,0.179929,2.232558,28.058366,1.848276,30.000000,0.690647
0.037037,0.287366,1.926829,22.128597,2.008547,27.000000,0.658333
0.041667,0.449156,1.790698,27.081060,1.843077,26.000000,0.641667
0.041667,0.308739,2.133333,18.363957,1.992754,24.000000,0.680851
0.250000,0.072746,6.000000,17.736260,1.000000,4.000000,0.857143
0.076923,0.489969,2.545455,23.794526,2.141026,13.000000,0.717949
0.045455,0.124756,2.026316,20.498791,1.740260,22.000000,0.669565
0.045455,0.042611,1.926829,22.128597,2.008547,27.000000,0.658333
0.200000,0.013074,1.880952,22.492049,2.008547,27.000000,0.652893
0.181818,0.802946,2.000000,17.379477,1.333333,6.000000,0.666667
0.111111,0.271413,2.181818,20.255875,1.903226,32.000000,0.685714
0.111111,0.197216,2.000000,18.051655,1.555556,9.000000,0.666667
0.076923,0.104927,2.545455,23.794526,2.141026,13.000000,0.717949
0.200000,0.228346,3.428571,19.982384,1.787879,12.000000,0.774194
0.125000,0.402977,1.866667,27.262113,1.834758,27.000000,0.651163
0.200000,0.037384,1.744681,22.750580,2.005291,28.000000,0.635659
0.200000,0.482369,1.545455,17.578480,1.711111,10.000000,0.607143
0.035714,0.056785,2.586957,25.459063,1.863866,35.000000,0.721212
0.035714,0.037384,1.744681,22.750580,2.005291,28.000000,0.635659
0.035714,0.054135,2.586957,25.459063,1.863866,35.000000,0.721212
0.035714,0.037384,1.744681,22.750580,2.005291,28.000000,0.635659
0.125000,0.423653,1.866667,27.262113,1.834758,27.000000,0.651163
0.035714,0.055162,2.586957,25.459063,1.863866,35.000000,0.721212
0.035714,0.037384,1.744681,22.750580,2.005291,28.000000,0.635659
0.125000,0.440368,1.866667,27.262113,1.834758,27.000000,0.651163
0.066667,0.010753,1.400000,19.869588,1.733333,15.000000,0.583333
0.066667,0.196680,2.586207,22.482417,1.779221,22.000000,0.721154
0.083333,0.012346,3.000000,23.670714,1.787879,12.000000,0.750000
0.083333,0.191013,2.586207,22.482417,1.779221,22.000000,0.721154
0.066667,0.010753,1.400000,19.869588,1.733333,15.000000,0.583333
0.066667,0.191013,2.586207,22.482417,1.779221,22.000000,0.721154
0.142857,0.185059,1.291667,20.625920,1.736264,14.000000,0.563636
0.062500,0.017544,3.000000,16.398472,1.658333,16.000000,0.750000
0.083333,0.012346,3.000000,23.670714,1.787879,12.000000,0.750000
0.083333,0.196680,2.586207,22.482417,1.779221,22.000000,0.721154
0.142857,0.047619,2.000000,19.094741,1.523810,7.000000,0.666667
0.125000,0.195669,3.285714,25.863796,1.533333,10.000000,0.766667
0.125000,0.049650,2.800000,20.651557,1.789247,31.000000,0.736842
0.032258,0.186496,2.083333,20.995202,1.997849,31.000000,0.675676
0.032258,0.002431,2.586957,26.086872,1.863866,35.000000,0.721212
0.071429,0.186496,2.083333,20.995202,1.997849,31.000000,0.675676
0.071429,0.362206,1.291667,20.625920,1.736264,14.000000,0.563636
0.032258,0.186496,2.083333,20.995202,1.997849,31.000000,0.675676
0.032258,0.002832,2.586957,26.086872,1.863866,35.000000,0.721212
0.032258,0.003374,2.586957,26.086872,1.863866,35.000000,0.721212
0.032258,0.186496,2.083333,20.995202,1.997849,31.000000,0.675676
0.200000,0.554920,1.790698,27.081060,1.843077,26.000000,0.641667
0.200000,0.579444,1.790698,27.081060,1.843077,26.000000,0.641667
0.125000,0.047619,1.733333,16.925965,1.807692,13.000000,0.634146
0.200000,0.599256,1.790698,27.081060,1.843077,26.000000,0.641667
0.142857,0.076923,1.923077,19.786532,1.847368,20.000000,0.657895
0.100000,0.053157,2.954545,20.731665,1.743083,23.000000,0.747126
0.100000,0.281529,3.000000,14.170084,1.711111,10.000000,0.750000
0.055556,0.077538,3.277778,16.982478,1.666667,18.000000,0.766234
0.055556,0.009064,1.923077,19.786532,1.847368,20.000000,0.657895
0.083333,0.143915,2.142857,19.495654,1.730769,13.000000,0.681818
0.083333,0.096764,2.400000,24.841943,1.787879,12.000000,0.705882
0.095238,0.908092,2.727273,9.999872,1.692308,13.000000,0.731707
0.095238,0.152928,2.500000,10.884061,1.875000,17.000000,0.714286
0.066667,0.173774,1.750000,23.253201,1.733333,15.000000,0.636364
0.071429,0.171577,1.895833,24.816004,2.039080,30.000000,0.654676
0.071429,0.217541,2.538462,21.782610,1.703297,14.000000,0.717391
0.090909,0.171577,1.895833,24.816004,2.039080,30.000000,0.654676
0.090909,0.010101,2.777778,25.811059,1.618182,11.000000,0.735294
0.055556,0.062769,2.000000,19.602063,1.878788,22.000000,0.666667
0.055556,0.023504,3.105263,19.957033,1.666667,18.000000,0.756410
0.090909,0.366922,1.411765,20.759734,1.654545,11.000000,0.585366
0.090909,0.055513,2.303571,18.994342,1.937179,40.000000,0.697297
0.166667,0.037177,2.111111,21.184691,1.940244,41.000000,0.678571
0.076923,0.098458,2.450000,20.087341,1.735294,17.000000,0.710145
0.076923,0.064220,2.076923,25.364530,1.756410,13.000000,0.675000
0.090909,0.017367,1.411765,18.515393,1.654545,11.000000,0.585366
0.090909,0.048399,2.064516,21.001438,1.625731,19.000000,0.673684
0.125000,0.047619,1.888889,17.901630,1.392857,8.000000,0.653846
0.125000,0.035955,1.590909,21.471889,1.628205,13.000000,0.614035
0.166667,0.649912,1.636364,24.278695,1.985222,29.000000,0.620690
0.166667,0.236268,1.625000,19.792039,1.807692,13.000000,0.619048
0.035714,0.649912,1.636364,24.278695,1.985222,29.000000,0.620690
0.035714,0.138313,2.620000,27.286479,1.904184,39.000000,0.723757
0.035714,0.649912,1.636364,24.278695,1.985222,29.000000,0.620690
0.035714,0.136562,2.620000,27.286479,1.904184,39.000000,0.723757
0.035714,0.138627,2.620000,27.286479,1.904184,39.000000,0.723757
0.035714,0.649912,1.636364,24.278695,1.985222,29.000000,0.620690
0.125000,0.107438,1.440000,23.816177,1.791667,16.000000,0.590164
0.250000,0.013986,2.357143,22.255902,1.703297,14.000000,0.702128
0.062500,0.181295,1.440000,24.258222,1.791667,16.000000,0.590164
0.062500,0.014623,2.324324,23.885552,1.960114,27.000000,0.699187
0.090909,0.011494,1.529412,23.626993,1.581818,11.000000,0.604651
0.090909,0.133521,2.178082,21.992146,2.004625,47.000000,0.685345
0.200000,0.172407,1.440000,23.816177,1.791667,16.000000,0.590164
0.166667,0.133521,2.178082,21.992146,2.004625,47.000000,0.685345
0.142857,0.580745,2.250000,22.551522,1.644269,23.000000,0.692308
0.142857,0.007251,1.750000,22.758292,1.733333,15.000000,0.636364
0.062500,0.181295,1.440000,24.258222,1.791667,16.000000,0.590164
0.062500,0.005180,2.324324,23.885552,1.960114,27.000000,0.699187
0.166667,0.483486,4.750000,19.284352,1.577778,10.000000,0.826087
0.071429,0.012658,3.000000,24.220169,1.691176,17.000000,0.750000
0.076923,0.042658,3.000000,28.817213,1.893387,39.000000,0.750000
0.076923,0.044995,3.000000,28.817213,1.893387,39.000000,0.750000
0.076923,0.044136,3.000000,28.817213,1.893387,39.000000,0.750000
0.166667,0.375289,6.000000,15.920823,1.725490,18.000000,0.857143
0.166667,0.457589,3.666667,20.503914,1.266667,6.000000,0.785714
0.090909,0.034728,3.142857,28.293888,1.893387,39.000000,0.758621
0.076923,0.005026,1.863636,24.220365,1.757246,24.000000,0.650794
0.076923,1.000000,1.250000,13.078174,1.653846,13.000000,0.555556
0.090909,0.033673,3.142857,28.293888,1.893387,39.000000,0.758621
0.090909,0.031207,3.142857,28.293888,1.893387,39.000000,0.758621
0.166667,0.009524,1.470588,25.333755,1.696970,12.000000,0.595238
0.166667,0.052375,2.659091,22.253211,2.036975,35.000000,0.726708
0.028571,0.014529,3.177778,28.105508,1.896341,41.000000,0.760638
0.028571,0.052375,2.659091,22.253211,2.036975,35.000000,0.726708
0.028571,0.011248,3.177778,28.105508,1.896341,41.000000,0.760638
0.028571,0.052375,2.659091,22.253211,2.036975,35.000000,0.726708
0.028571,0.013037,3.177778,28.105508,1.896341,41.000000,0.760638
0.028571,0.052375,2.659091,22.253211,2.036975,35.000000,0.726708
0.200000,0.272718,2.324324,23.885552,1.960114,27.000000,0.699187
0.200000,0.301551,2.324324,23.885552,1.960114,27.000000,0.699187
0.076923,0.104999,2.076923,24.379200,1.756410,13.000000,0.675000
0.076923,0.912410,2.324324,23.885552,1.960114,27.000000,0.699187
0.200000,0.893706,2.452381,25.628639,2.155242,32.000000,0.710345
0.083333,0.033239,3.148936,27.696849,1.895470,42.000000,0.758974
0.083333,0.033035,3.148936,27.696849,1.895470,42.000000,0.758974
0.200000,0.895246,2.452381,25.628639,2.155242,32.000000,0.710345
0.076923,0.104999,2.076923,24.379200,1.756410,13.000000,0.675000
0.076923,0.918589,2.324324,23.885552,1.960114,27.000000,0.699187
0.055556,0.192918,3.100000,19.811918,1.810526,20.000000,0.756098
0.055556,0.076541,2.166667,19.399022,1.891304,24.000000,0.684211
0.083333,0.032717,3.148936,27.696849,1.895470,42.000000,0.758974
0.083333,0.376934,2.000000,27.162746,1.696970,12.000000,0.666667
0.083333,0.026963,2.449275,23.792471,1.939870,47.000000,0.710084
0.111111,0.356705,3.333333,17.706898,1.621212,12.000000,0.769231
0.090909,0.063683,3.229167,27.370604,1.892580,43.000000,0.763547
0.090909,0.063168,3.229167,27.370604,1.892580,43.000000,0.763547
0.090909,0.197043,2.117647,22.375087,1.876667,25.000000,0.679245
0.090909,0.062948,3.229167,27.370604,1.892580,43.000000,0.763547
0.083333,0.288207,3.625000,18.980929,1.621212,12.000000,0.783784
0.076923,0.100475,2.444444,18.154358,1.771242,18.000000,0.709677
0.076923,0.031360,1.562500,24.622587,1.820513,13.000000,0.609756
0.083333,0.051089,2.200000,22.034197,1.500000,12.000000,0.687500
0.083333,0.147892,2.235294,22.472390,2.046122,54.000000,0.690909
0.111111,0.018349,4.666667,22.148207,1.648352,14.000000,0.823529
0.111111,0.021739,4.666667,22.148207,1.648352,14.000000,0.823529
0.100000,0.272109,1.916667,13.993685,1.533333,10.000000,0.657143
0.111111,0.458273,1.600000,14.751364,1.555556,9.000000,0.615385
0.062500,0.035554,3.039216,28.120489,1.892580,43.000000,0.752427
0.062500,0.043038,3.039216,28.120489,1.892580,43.000000,0.752427
0.090909,0.562951,1.756098,25.254815,1.766234,22.000000,0.637168
0.100000,0.113643,3.153846,26.823023,1.733333,15.000000,0.759259
0.062500,0.036675,3.039216,28.120489,1.892580,43.000000,0.752427
0.250000,0.202048,2.058824,19.685717,1.714286,14.000000,0.673077
0.052632,0.314776,1.750000,23.097892,1.700000,21.000000,0.636364
0.052632,0.565720,2.407407,23.763287,1.857143,21.000000,0.706522
0.052632,0.005405,1.777778,24.868897,1.842857,21.000000,0.640000
0.052632,0.459526,2.307692,26.650991,1.742690,19.000000,0.697674
0.100000,0.008772,4.200000,25.205110,1.648352,14.000000,0.807692
0.100000,0.010309,4.200000,25.205110,1.648352,14.000000,0.807692
0.083333,0.231561,1.558140,21.224174,1.774892,22.000000,0.609091
0.250000,0.086036,2.500000,20.480696,1.166667,4.000000,0.714286
0.083333,0.532196,1.757576,22.324718,1.777778,19.000000,0.637363
0.166667,0.984489,1.833333,25.263595,1.266667,6.000000,0.647059
0.076923,0.004703,3.053571,28.640851,1.890821,46.000000,0.753304
0.250000,0.641026,6.000000,11.846646,1.000000,4.000000,0.857143
0.076923,0.044602,3.053571,28.640851,1.890821,46.000000,0.753304
0.076923,0.004204,3.053571,28.640851,1.890821,46.000000,0.753304
0.166667,0.108982,1.666667,26.554552,1.000000,6.000000,0.625000
0.142857,0.371682,1.333333,22.788466,1.654545,11.000000,0.571429
0.111111,0.016393,1.138889,12.102791,1.823529,17.000000,0.532468
0.083333,0.080255,1.421053,19.640972,1.713450,19.000000,0.586957
0.142857,0.243039,1.900000,17.054901,1.095238,7.000000,0.655172
0.142857,0.268018,1.538462,6.622818,1.285714,8.000000,0.606061
0.071429,0.014027,3.070175,27.966627,1.847475,45.000000,0.754310
0.142857,0.087719,2.142857,22.512248,1.285714,7.000000,0.681818
0.250000,0.499872,3.000000,14.387206,1.000000,4.000000,0.750000
0.071429,0.021091,3.070175,27.966627,1.847475,45.000000,0.754310
0.071429,0.021091,3.070175,27.966627,1.847475,45.000000,0.754310
0.250000,0.029646,2.187500,18.408005,1.714286,14.000000,0.686275
0.142857,0.037872,1.809524,23.503703,1.424242,12.000000,0.644068
0.090909,0.006341,2.453488,24.164020,1.941414,55.000000,0.710438
0.076923,0.458818,0.969697,23.050851,1.653846,13.000000,0.492308
0.076923,0.075383,1.533333,26.808231,1.785714,29.000000,0.605263
0.142857,0.063411,2.294737,24.517568,1.993950,58.000000,0.696486
0.076923,0.061162,1.913043,25.563592,1.435897,13.000000,0.656716
0.076923,0.266014,1.533333,26.808231,1.785714,29.000000,0.605263
0.142857,0.182760,2.057143,22.007188,1.715415,23.000000,0.672897
0.166667,0.884194,1.138889,12.102791,1.823529,17.000000,0.532468
0.166667,0.140661,2.062500,24.564244,1.500000,12.000000,0.673469
0.083333,0.006172,2.426829,24.235806,1.942671,53.000000,0.708185
0.083333,0.609722,1.032258,21.561029,1.653846,13.000000,0.507937
0.083333,0.079259,2.262626,25.122104,1.992987,59.000000,0.693498
0.058824,0.178139,2.476923,22.111353,1.916162,45.000000,0.712389
0.058824,1.000000,3.000000,24.511724,1.691176,17.000000,0.750000
0.125000,1.000000,3.294118,27.381555,1.690058,19.000000,0.767123
0.142857,0.145858,2.309278,24.857960,1.992987,59.000000,0.697819
0.105263,0.675309,2.000000,18.671851,1.800000,15.000000,0.666667
0.105263,0.059257,1.654545,21.585923,1.770000,25.000000,0.623288
0.076923,0.601326,1.828571,23.713030,1.842857,21.000000,0.646465
0.200000,0.311647,3.454545,15.073034,2.008333,16.000000,0.775510
0.125000,0.250134,1.863636,24.220365,1.757246,24.000000,0.650794
0.125000,0.117041,2.500000,25.128750,1.988895,62.000000,0.714286
0.166667,0.628230,1.571429,14.762288,1.633333,16.000000,0.611111
0.166667,0.628230,1.571429,14.762288,1.633333,16.000000,0.611111
0.062500,0.053149,1.652174,26.511225,1.724638,24.000000,0.622951
0.062500,0.628230,1.571429,14.762288,1.633333,16.000000,0.611111
0.166667,0.332258,1.538462,23.321756,1.285714,8.000000,0.606061
0.166667,0.170163,1.695652,26.454799,1.409091,12.000000,0.629032
0.133333,0.081967,1.818182,27.446524,1.619048,15.000000,0.645161
0.133333,0.431317,2.000000,12.072052,1.901961,18.000000,0.666667
0.033333,0.204446,2.294737,24.517568,1.993950,58.000000,0.696486
0.050000,0.134923,1.923077,23.713156,1.815789,20.000000,0.657895
0.050000,0.012553,2.900000,29.058387,1.849057,53.000000,0.743590
0.050000,0.134923,1.923077,23.713156,1.815789,20.000000,0.657895
0.050000,0.012553,2.900000,29.058387,1.849057,53.000000,0.743590
0.050000,0.134923,1.923077,23.713156,1.815789,20.000000,0.657895
0.050000,0.012553,2.900000,29.058387,1.849057,53.000000,0.743590
0.076923,0.012143,2.702128,25.468211,1.990079,64.000000,0.729885
0.090909,0.872316,2.875000,23.166219,1.636364,11.000000,0.741935
0.090909,0.009021,1.833333,21.122691,1.904762,21.000000,0.647059
0.100000,0.466796,1.807692,17.064737,2.005263,20.000000,0.643836
0.100000,1.000000,2.714286,23.673220,1.644444,10.000000,0.730769
0.142857,0.310404,1.575758,22.456345,1.745098,18.000000,0.611765
0.066667,0.069902,2.974359,28.729211,1.849057,53.000000,0.748387
0.200000,0.085106,4.500000,23.240352,1.100000,5.000000,0.818182
0.058824,0.012677,2.702128,25.468211,1.990079,64.000000,0.729885
0.066667,0.069902,2.974359,28.729211,1.849057,53.000000,0.748387
0.111111,0.330786,3.142857,23.787924,1.388889,9.000000,0.758621
0.066667,0.069902,2.974359,28.729211,1.849057,53.000000,0.748387
0.142857,0.025907,1.562500,18.019286,1.545455,11.000000,0.609756
0.058824,0.012677,2.702128,25.468211,1.990079,64.000000,0.729885
0.125000,0.122785,2.375000,16.670097,1.683333,16.000000,0.703704
0.125000,0.699969,1.636364,9.408476,1.357143,8.000000,0.620690
0.071429,0.045478,1.896552,23.449849,1.904762,21.000000,0.654762
0.071429,0.097133,4.250000,20.291886,1.681319,14.000000,0.809524
0.090909,0.097133,4.250000,20.291886,1.681319,14.000000,0.809524
0.090909,0.014925,1.562500,20.716131,1.545455,11.000000,0.609756
0.166667,0.275187,1.878049,21.304561,1.740260,22.000000,0.652542
0.045455,0.127721,2.142857,22.280765,1.818182,22.000000,0.681818
0.045455,0.127721,2.142857,22.280765,1.818182,22.000000,0.681818
0.045455,0.127721,2.142857,22.280765,1.818182,22.000000,0.681818
0.041667,0.001279,2.000000,21.494368,1.997849,31.000000,0.666667
0.250000,1.000000,1.500000,19.444057,1.642857,8.000000,0.600000
0.083333,0.041667,2.260870,25.324977,1.745098,18.000000,0.693333
0.100000,0.086957,5.666667,14.293960,1.822222,10.000000,0.850000
0.083333,0.290574,2.769231,20.946971,1.500000,12.000000,0.734694
0.083333,0.178088,1.538462,12.606580,1.714286,21.000000,0.606061
0.250000,1.000000,1.500000,20.145455,1.642857,8.000000,0.600000
0.250000,0.143373,1.621622,10.410039,1.714286,21.000000,0.618557
0.200000,0.201322,2.000000,16.999735,1.581818,11.000000,0.666667
0.100000,0.322385,1.714286,12.583348,1.692308,13.000000,0.631579
0.100000,0.922076,5.666667,17.726136,1.822222,10.000000,0.850000
0.052632,0.159460,1.937500,23.833721,1.742690,19.000000,0.659574
0.052632,0.386475,1.855422,26.629846,1.798319,35.000000,0.649789
0.050000,0.019308,2.608696,23.881129,1.818182,22.000000,0.722892
0.050000,1.000000,1.324324,21.104764,1.868421,20.000000,0.569767
0.076923,0.461198,1.767442,16.266522,1.746667,25.000000,0.638655
0.076923,0.588235,3.071429,22.559481,1.487179,13.000000,0.754386
0.062500,0.899821,1.212121,18.568493,1.691667,16.000000,0.547945
0.062500,0.776097,1.764706,27.274367,1.750000,25.000000,0.638298
0.125000,0.577799,2.000000,25.985931,1.285714,8.000000,0.666667
0.125000,0.617050,1.621622,10.410039,1.714286,21.000000,0.618557
0.166667,0.543429,3.142857,21.927894,1.712418,18.000000,0.758621
0.083333,0.664603,1.744681,21.650610,1.743083,23.000000,0.635659
0.166667,0.299106,3.250000,11.317593,1.133333,6.000000,0.764706
0.047619,0.173930,1.439024,20.353087,1.890476,21.000000,0.590000
0.200000,0.032258,1.500000,26.060274,1.638889,9.000000,0.600000
0.125000,0.106891,2.416667,21.822765,1.937815,35.000000,0.707317
0.076923,0.070024,1.714286,12.583348,1.692308,13.000000,0.631579
0.076923,0.286765,2.260870,26.669989,1.745098,18.000000,0.693333
0.071429,1.000000,1.600000,13.136627,1.725275,14.000000,0.615385
0.071429,0.042473,1.857143,24.986241,1.695906,19.000000,0.650000
0.200000,0.070024,1.714286,12.583348,1.692308,13.000000,0.631579
0.071429,0.038284,2.578947,26.447933,1.894292,44.000000,0.720588
0.071429,1.000000,1.600000,13.136627,1.725275,14.000000,0.615385
0.111111,0.383746,1.600000,16.271383,1.692308,13.000000,0.615385
0.071429,1.000000,1.600000,13.136627,1.725275,14.000000,0.615385
0.071429,0.056697,1.842105,25.945476,2.009231,26.000000,0.648148
0.071429,0.101410,1.875000,25.165474,2.014245,27.000000,0.652174
0.071429,0.242575,2.217391,22.118761,1.954545,33.000000,0.689189
0.125000,0.417899,1.744186,26.565605,1.703557,23.000000,0.635593
0.166667,0.035340,2.567568,26.281321,1.777778,28.000000,0.719697
0.125000,0.032319,2.769231,21.115280,1.760000,25.000000,0.734694
0.066667,0.100791,1.975000,25.164160,2.021164,28.000000,0.663866
0.200000,0.226914,3.000000,23.894017,1.694444,9.000000,0.750000
0.071429,0.000000,1.782609,25.555410,1.549451,14.000000,0.640625
0.111111,0.122637,1.700000,18.024612,1.527778,9.000000,0.629630
0.142857,0.104757,2.605263,21.647668,2.005348,34.000000,0.722628
0.250000,0.007211,1.313253,24.339233,1.883871,31.000000,0.567708
0.117647,0.617737,2.113636,25.926787,1.883856,42.000000,0.678832
0.066667,0.208155,1.727273,13.665523,1.704762,15.000000,0.633333
0.066667,0.698630,2.481013,26.961145,1.894292,44.000000,0.712727
0.166667,0.007211,1.313253,24.339233,1.883871,31.000000,0.567708
0.200000,0.246326,1.925000,20.906775,1.740260,22.000000,0.658120
0.142857,0.332970,1.600000,13.377516,1.692308,13.000000,0.615385
0.111111,0.124407,1.682927,23.702996,1.916996,23.000000,0.627273
0.200000,0.480128,3.466667,26.386881,1.600000,16.000000,0.776119
0.200000,0.015228,7.000000,30.000000,1.300000,5.000000,0.875000
0.035714,0.032561,1.768116,14.598974,1.910873,34.000000,0.638743
0.035714,0.352136,2.078947,27.685825,2.100529,28.000000,0.675214
0.035714,0.032561,1.768116,14.598974,1.910873,34.000000,0.638743
0.035714,0.383002,2.078947,27.685825,2.100529,28.000000,0.675214
0.035714,0.032561,1.768116,14.598974,1.910873,34.000000,0.638743
0.035714,0.381113,2.078947,27.685825,2.100529,28.000000,0.675214
0.066667,0.186337,2.466667,22.901900,1.714286,15.000000,0.711538
0.066667,0.477821,1.465116,17.999156,1.938406,24.000000,0.594340
0.076923,0.771156,2.166667,19.460388,1.954839,31.000000,0.684211
0.076923,0.262269,3.625000,22.962474,1.628205,13.000000,0.783784
0.058824,0.535190,2.714286,26.296977,1.720588,17.000000,0.730769
0.058824,0.113217,3.176471,21.063575,2.220745,48.000000,0.760563
0.100000,0.515789,2.000000,17.749015,1.466667,10.000000,0.666667
0.100000,0.057095,2.100000,27.845230,1.760684,27.000000,0.677419
0.083333,0.480690,2.000000,20.518557,1.987179,13.000000,0.666667
0.083333,0.147299,2.000000,28.703658,1.760684,27.000000,0.666667
0.066667,0.642570,2.604167,22.571849,1.926984,36.000000,0.722543
0.066667,0.022540,3.176471,21.063575,2.220745,48.000000,0.760563
0.090909,0.344881,1.695652,11.104732,1.741667,16.000000,0.629032
0.062500,0.005033,1.653846,27.036976,1.658333,16.000000,0.623188
0.050000,0.371704,1.439024,20.353087,1.890476,21.000000,0.590000
0.050000,0.172869,1.896552,22.302922,1.710526,20.000000,0.654762
0.083333,0.079894,1.173913,18.386977,1.651515,12.000000,0.540000
0.083333,0.045386,1.735294,24.457770,1.916996,23.000000,0.634409
0.142857,0.143145,1.700000,22.436321,1.190476,7.000000,0.629630
0.142857,0.408123,1.600000,25.574339,1.733333,21.000000,0.615385
0.166667,0.268815,2.454545,24.186121,1.606061,12.000000,0.710526
0.166667,0.026757,1.777778,22.854609,1.936667,25.000000,0.640000
0.090909,0.273904,2.217391,13.922556,1.842105,20.000000,0.689189
0.076923,0.263539,1.812500,22.910215,1.717949,13.000000,0.644444
0.166667,0.469139,1.705882,23.375921,1.717949,13.000000,0.630435
0.200000,0.099398,2.000000,27.304535,1.760684,27.000000,0.666667
0.125000,0.401102,1.812500,22.432568,1.717949,13.000000,0.644444
0.111111,0.026731,1.560606,26.360733,1.910345,30.000000,0.609467
0.250000,0.001447,2.022727,25.583638,2.039080,30.000000,0.669173
0.125000,0.851833,1.518519,21.615216,1.766667,16.000000,0.602941
0.058824,0.029458,2.280000,25.209731,1.794737,20.000000,0.695122
0.111111,0.252406,2.480000,25.811273,1.742105,20.000000,0.712644
0.142857,0.110297,4.805556,26.391284,2.105496,48.000000,0.827751
0.142857,0.143661,3.333333,17.924005,1.619048,7.000000,0.769231
0.062500,0.099697,2.523810,21.797871,1.777778,19.000000,0.716216
0.125000,0.363348,1.631579,25.494925,2.036667,25.000000,0.620000
0.090909,0.168823,1.875000,24.444632,1.686275,18.000000,0.652174
0.142857,0.544955,2.260870,27.594405,1.745098,18.000000,0.693333
0.062500,0.401701,2.171429,24.076442,1.774892,22.000000,0.684685
0.142857,0.385230,4.805556,26.391284,2.105496,48.000000,0.827751
0.142857,0.143661,3.333333,17.924005,1.619048,7.000000,0.769231
0.090909,0.072641,1.600000,26.381824,1.888889,27.000000,0.615385
0.062500,0.099697,2.523810,21.797871,1.777778,19.000000,0.716216
0.058824,0.118230,1.629630,26.203580,1.888889,27.000000,0.619718
0.117647,0.122972,2.022727,25.981529,2.039080,30.000000,0.669173
0.090909,0.028208,1.700000,24.656327,1.514286,15.000000,0.629630
0.117647,0.088648,1.645833,24.415351,1.876667,25.000000,0.622047
0.133333,0.277327,1.833333,21.122691,1.904762,21.000000,0.647059
0.142857,0.154475,4.000000,25.560593,1.428571,7.000000,0.800000
0.142857,0.462746,2.700000,23.332772,1.606061,12.000000,0.729730
0.166667,0.694093,1.625000,27.028794,1.607143,8.000000,0.619048
0.125000,0.017093,1.568966,25.088009,2.066667,30.000000,0.610738
0.125000,0.627436,1.645161,19.263030,1.910526,20.000000,0.621951
0.166667,0.612330,2.440000,24.379406,1.735931,22.000000,0.709302
0.058824,0.459254,1.470588,23.484254,1.913846,26.000000,0.595238
0.058824,0.620585,1.956522,11.745126,1.784314,18.000000,0.661765
0.038462,0.459254,1.470588,23.484254,1.913846,26.000000,0.595238
0.038462,0.942962,4.848485,22.823892,2.210916,47.000000,0.829016
0.200000,0.942942,4.736842,27.634646,2.101190,49.000000,0.825688
0.047619,0.101068,2.360000,25.001336,1.833333,21.000000,0.702381
0.047619,0.872280,3.176471,21.063575,2.220745,48.000000,0.760563
0.166667,0.903484,4.288889,28.837395,2.100392,51.000000,0.810924
0.166667,0.380888,4.000000,25.504953,1.200000,6.000000,0.800000
0.090909,0.459254,1.470588,23.484254,1.913846,26.000000,0.595238
0.038462,0.986511,4.848485,22.823892,2.210916,47.000000,0.829016
0.038462,0.459254,1.470588,23.484254,1.913846,26.000000,0.595238
0.200000,0.937567,4.736842,27.634646,2.101190,49.000000,0.825688
0.125000,0.037719,2.350000,24.744373,1.658333,16.000000,0.701493
0.047619,0.101068,2.360000,25.001336,1.833333,21.000000,0.702381
0.047619,0.983096,3.176471,21.063575,2.220745,48.000000,0.760563
0.166667,0.926739,4.288889,28.837395,2.100392,51.000000,0.810924
0.166667,0.380888,4.000000,25.504953,1.200000,6.000000,0.800000
0.166667,0.487390,2.375000,22.333892,1.800000,16.000000,0.703704
0.066667,1.000000,1.727273,13.665523,1.704762,15.000000,0.633333
0.066667,0.042061,1.733333,25.749439,1.695906,19.000000,0.634146
0.200000,0.228015,1.606061,26.741316,1.920430,31.000000,0.616279
0.041667,0.014925,1.867925,15.174546,2.014260,34.000000,0.651316
0.090909,0.000000,1.750000,29.695126,1.618182,11.000000,0.636364
0.142857,0.006536,2.000000,25.344236,1.523810,7.000000,0.666667
0.062500,0.693727,1.954545,26.389978,1.769231,26.000000,0.661538
0.083333,0.015873,1.937500,22.620747,1.530303,12.000000,0.659574
0.090909,0.014925,1.750000,29.695126,1.618182,11.000000,0.636364
0.250000,0.513430,1.428571,26.252792,1.679487,13.000000,0.588235
0.076923,0.641804,1.185185,26.832003,1.641026,13.000000,0.542373
0.076923,0.038944,1.842105,20.730277,1.906667,25.000000,0.648148
0.076923,0.215494,1.689655,26.950115,1.705882,18.000000,0.628205
0.071429,0.187037,2.043478,13.039770,1.654412,17.000000,0.671429
0.071429,0.186998,2.157895,23.328391,1.582418,14.000000,0.683333
0.083333,0.469811,1.173913,18.386977,1.651515,12.000000,0.540000
0.083333,0.074050,1.682927,23.990856,1.916996,23.000000,0.627273
0.250000,0.575569,1.428571,26.252792,1.679487,13.000000,0.588235
0.100000,1.000000,1.956522,24.249074,1.683333,16.000000,0.661765
0.090909,0.003529,1.653061,23.624694,1.975385,26.000000,0.623077
0.076923,0.004237,1.857143,27.974590,2.112605,35.000000,0.650000
0.076923,0.269991,1.625000,27.371841,1.730769,13.000000,0.619048
0.076923,0.004237,1.857143,27.974590,2.112605,35.000000,0.650000
0.076923,0.090865,1.625000,27.371841,1.730769,13.000000,0.619048
0.083333,0.100497,1.173913,18.386977,1.651515,12.000000,0.540000
0.125000,0.410551,2.026316,26.819672,1.804348,24.000000,0.669565
0.125000,1.000000,2.000000,18.702828,1.571429,8.000000,0.666667
0.040000,0.831055,1.491803,26.312414,2.066667,30.000000,0.598684
0.040000,0.262015,1.842105,20.730277,1.906667,25.000000,0.648148
0.037037,0.496734,1.520000,14.055572,1.863248,27.000000,0.603175
0.037037,0.808908,1.568966,25.088009,2.066667,30.000000,0.610738
0.142857,0.335609,1.545455,23.444599,1.190476,7.000000,0.607143
0.142857,0.863973,1.682927,23.702996,1.916996,23.000000,0.627273
0.100000,0.078905,1.742857,15.219655,1.910873,34.000000,0.635417
0.052632,0.112381,2.523810,21.797871,1.777778,19.000000,0.716216
0.052632,0.874108,1.735294,20.796641,1.890476,21.000000,0.634409
0.200000,0.420290,3.500000,18.799442,1.300000,5.000000,0.777778
0.111111,0.836481,1.516129,26.446070,2.237903,32.000000,0.602564
0.071429,0.333683,1.250000,25.572065,1.681319,14.000000,0.555556
0.071429,0.874382,1.400000,27.174041,2.066667,30.000000,0.583333
0.050000,0.909729,1.439024,20.353087,1.890476,21.000000,0.590000
0.050000,0.285448,2.589744,27.085178,1.778325,29.000000,0.721429
0.066667,0.111180,1.768116,14.598974,1.910873,34.000000,0.638743
0.066667,0.413337,1.640000,12.238151,1.609524,15.000000,0.621212
0.250000,0.214585,1.576923,23.107553,1.609524,15.000000,0.611940
0.066667,0.111180,1.768116,14.598974,1.910873,34.000000,0.638743
0.066667,0.189523,1.653846,25.988472,1.658333,16.000000,0.623188
0.166667,0.073118,2.179487,20.434717,2.071264,30.000000,0.685484
0.062500,0.102217,1.695652,10.411905,1.741667,16.000000,0.629032
0.142857,0.089888,3.333333,28.686392,1.619048,7.000000,0.769231
0.166667,0.111693,3.937500,21.418548,1.976285,23.000000,0.797468
0.142857,0.717441,3.250000,21.873629,1.607143,8.000000,0.764706
0.142857,0.148570,1.909091,29.443202,1.618182,11.000000,0.656250
0.142857,0.717441,3.250000,21.873629,1.607143,8.000000,0.764706
0.142857,0.684843,1.909091,29.443202,1.618182,11.000000,0.656250
0.111111,0.038429,4.200000,20.679261,1.976285,23.000000,0.807692
0.100000,0.571071,2.872727,24.446836,2.567068,47.000000,0.741784
0.071429,0.047573,1.982456,26.811416,2.088589,37.000000,0.664706
0.071429,0.046324,1.473684,26.992402,1.802198,14.000000,0.595745
0.142857,0.496347,2.872727,23.813503,2.567068,47.000000,0.741784
0.142857,0.000000,2.000000,23.121556,1.476190,7.000000,0.666667
0.100000,0.499344,2.872727,24.446836,2.567068,47.000000,0.741784
0.076923,0.985682,2.666667,27.091769,1.686275,18.000000,0.727273
0.142857,0.568380,2.872727,23.813503,2.567068,47.000000,0.741784
0.142857,0.000000,2.000000,23.121556,1.476190,7.000000,0.666667
0.071429,0.047573,1.982456,26.811416,2.088589,37.000000,0.664706
0.071429,0.261664,1.473684,26.992402,1.802198,14.000000,0.595745
0.066667,1.000000,1.727273,13.665523,1.704762,15.000000,0.633333
0.066667,0.059720,1.975000,24.708941,2.021164,28.000000,0.663866
0.090909,0.012778,1.695652,10.411905,1.741667,16.000000,0.629032
0.090909,0.502452,2.509804,25.084625,1.938438,37.000000,0.715084
0.076923,0.047619,2.727273,23.517135,1.692308,13.000000,0.731707
0.076923,0.324788,1.711864,22.682866,2.124370,35.000000,0.631250
0.090909,1.000000,3.176471,21.063575,2.220745,48.000000,0.760563
0.090909,0.509523,1.695652,11.820333,1.741667,16.000000,0.629032
0.111111,0.032973,2.100000,28.793083,1.774194,31.000000,0.677419
0.111111,0.069816,1.555556,20.281857,2.057041,34.000000,0.608696
0.052632,0.096707,2.523810,21.797871,1.777778,19.000000,0.716216
0.052632,0.383889,1.842105,25.184003,2.009231,26.000000,0.648148
0.076923,0.279332,1.818182,24.009501,1.619048,15.000000,0.645161
0.033333,0.268447,2.236842,26.140765,2.085057,30.000000,0.691057
0.033333,0.172084,1.711864,22.682866,2.124370,35.000000,0.631250
0.041667,0.057233,1.800000,27.273519,1.926154,26.000000,0.642857
0.041667,0.130975,2.093750,18.146395,1.981884,24.000000,0.676768
0.250000,0.351381,2.500000,30.000000,1.166667,4.000000,0.714286
0.250000,0.045689,2.650000,20.161921,1.887446,22.000000,0.726027
0.083333,0.239276,1.903846,14.553079,2.014260,34.000000,0.655629
0.083333,0.484404,2.066667,22.260595,1.530303,12.000000,0.673913
0.050000,0.070496,2.206897,28.927092,1.663158,20.000000,0.688172
0.050000,0.241446,2.850000,24.009927,2.403162,23.000000,0.740260
0.050000,0.070496,2.206897,28.927092,1.663158,20.000000,0.688172
0.050000,0.182511,2.850000,24.009927,2.403162,23.000000,0.740260
0.083333,0.204875,1.653846,25.129390,1.658333,16.000000,0.623188
0.062500,0.181658,1.940000,29.326348,1.749288,27.000000,0.659864
0.050000,0.070496,2.206897,28.927092,1.663158,20.000000,0.688172
0.050000,0.169235,2.850000,24.009927,2.403162,23.000000,0.740260
0.125000,0.150346,2.424242,27.110809,1.826667,25.000000,0.707965
0.200000,0.056812,2.093750,18.146395,1.981884,24.000000,0.676768
0.038462,0.186400,1.780488,19.962506,2.009231,26.000000,0.640351
0.038462,0.012729,2.780488,21.781105,2.018018,37.000000,0.735484
0.083333,0.271523,2.090909,19.265966,1.696970,12.000000,0.676471
0.083333,0.389400,1.852941,28.676796,1.747368,20.000000,0.649485
0.250000,0.143503,2.261905,23.614907,1.919540,30.000000,0.693431
0.052632,0.013634,2.377778,19.298067,2.015126,35.000000,0.703947
0.052632,0.347602,2.035714,24.976270,1.754386,19.000000,0.670588
0.083333,0.271523,2.090909,19.265966,1.696970,12.000000,0.676471
0.083333,0.388218,1.852941,28.676796,1.747368,20.000000,0.649485
0.050000,0.297181,2.872727,23.813503,2.567068,47.000000,0.741784
0.050000,0.261646,3.138889,19.673483,2.004762,36.000000,0.758389
0.166667,0.000357,1.711864,22.682866,2.124370,35.000000,0.631250
0.058824,0.012658,2.583333,25.187597,2.010796,39.000000,0.720930
0.058824,0.012658,2.583333,25.187597,2.010796,39.000000,0.720930
0.038462,0.538164,1.659091,23.403735,2.009231,26.000000,0.623932
0.038462,0.091798,1.800000,27.623748,1.926154,26.000000,0.642857
0.038462,0.081360,2.695652,23.870818,2.010796,39.000000,0.729412
0.038462,0.538164,1.659091,23.403735,2.009231,26.000000,0.623932
0.166667,0.538164,1.659091,23.403735,2.009231,26.000000,0.623932
0.166667,0.051724,3.750000,22.290275,1.000000,6.000000,0.789474
0.071429,0.048603,2.022727,25.793021,2.039080,30.000000,0.669173
0.166667,0.663256,4.500000,19.869785,1.466667,6.000000,0.818182
0.166667,0.102146,1.689655,26.950115,1.705882,18.000000,0.628205
0.033333,0.153288,2.261905,25.675435,2.090726,32.000000,0.693431
0.033333,0.085376,2.209302,25.032469,1.919540,30.000000,0.688406
0.250000,0.014816,2.000000,25.901127,1.644444,10.000000,0.666667
0.125000,0.738562,3.352941,27.437462,2.355731,23.000000,0.770270
0.125000,0.330105,1.777778,17.379501,1.428571,8.000000,0.640000
0.125000,0.732044,3.352941,27.437462,2.355731,23.000000,0.770270
0.125000,0.330105,1.777778,17.379501,1.428571,8.000000,0.640000
0.166667,0.017143,3.000000,27.942622,1.400000,6.000000,0.750000
0.125000,0.330105,1.777778,17.379501,1.428571,8.000000,0.640000
0.125000,0.678533,3.352941,27.437462,2.355731,23.000000,0.770270
0.090909,0.110813,1.912281,27.242040,1.907197,33.000000,0.656627
0.200000,0.038961,2.090909,26.244535,2.061905,21.000000,0.676471
0.200000,0.287399,1.750000,14.813640,1.300000,5.000000,0.636364
0.090909,0.590760,1.529412,16.987090,1.527273,11.000000,0.604651
0.090909,0.161660,1.896552,27.964024,1.791667,33.000000,0.654762
0.142857,1.000000,1.833333,24.150267,1.476190,7.000000,0.647059
0.166667,0.147286,3.111111,25.514498,1.891775,22.000000,0.756757
0.166667,0.999994,1.571429,20.958178,1.266667,6.000000,0.611111
0.071429,0.120428,1.608696,30.000000,1.714286,14.000000,0.616667
0.071429,0.109918,1.608696,30.000000,1.714286,14.000000,0.616667
0.071429,0.137735,1.608696,30.000000,1.714286,14.000000,0.616667
0.111111,0.039683,2.285714,24.800913,1.555556,9.000000,0.695652
0.111111,0.334321,2.666667,22.835254,1.844444,10.000000,0.727273
0.038462,0.295820,2.111111,26.360894,2.090726,32.000000,0.678571
0.038462,0.220210,1.800000,27.623748,1.926154,26.000000,0.642857
0.052632,0.158983,2.095238,26.174073,1.901478,29.000000,0.676923
0.100000,0.075587,2.193548,26.385119,1.880435,24.000000,0.686869
0.250000,0.235740,2.037037,28.433234,1.701754,19.000000,0.670732
0.166667,0.004878,3.000000,28.847858,1.400000,6.000000,0.750000
0.083333,0.000000,2.310345,25.388972,1.920341,38.000000,0.697917
0.181818,0.253335,7.000000,19.665124,1.611111,9.000000,0.875000
0.181818,0.365723,2.500000,25.719105,1.644444,10.000000,0.714286
0.142857,0.054200,2.076923,28.548341,1.712121,12.000000,0.675000
0.071429,0.126392,2.620000,26.435983,2.001282,40.000000,0.723757
0.125000,0.039216,1.555556,23.963946,1.500000,8.000000,0.608696
0.125000,0.153396,1.571429,26.438573,1.780220,14.000000,0.611111
0.142857,0.119093,2.863636,27.408991,1.896104,22.000000,0.741176
0.045455,1.000000,2.125000,26.167900,1.683983,22.000000,0.680000
0.090909,0.475082,1.687500,25.068781,1.509091,11.000000,0.627907
0.029412,0.365364,2.092593,26.833496,2.129129,37.000000,0.676647
0.133333,0.841730,1.250000,25.572065,1.681319,14.000000,0.555556
0.222222,0.137878,6.000000,23.987036,1.200000,6.000000,0.857143
0.142857,0.567238,1.833333,24.150267,1.476190,7.000000,0.647059
0.142857,0.370169,1.888889,30.000000,1.190476,7.000000,0.653846
0.045455,0.027833,2.863636,26.507263,1.896104,22.000000,0.741176
0.125000,0.929436,12.500000,23.114285,1.563636,11.000000,0.925926
0.045455,0.322024,3.333333,27.892907,1.877470,23.000000,0.769231
0.045455,0.177972,2.869565,23.049655,1.731602,22.000000,0.741573
0.100000,0.530504,2.026316,26.819672,1.804348,24.000000,0.669565
0.142857,0.180328,5.200000,24.889951,1.743590,13.000000,0.838710
0.111111,0.292205,2.272727,27.180308,1.681159,24.000000,0.694444
0.100000,0.036005,1.777778,12.733087,1.733333,10.000000,0.640000
0.100000,0.135368,1.750000,28.475815,1.600000,15.000000,0.636364
0.111111,0.090384,1.571429,21.508986,1.666667,12.000000,0.611111
0.058824,0.143555,1.903226,26.800914,1.744589,22.000000,0.655556
0.058824,0.193871,2.590909,25.970999,1.686154,26.000000,0.721519
0.200000,0.307279,2.117647,25.266775,1.885081,32.000000,0.679245
0.100000,0.121749,1.428571,22.227509,1.622222,10.000000,0.588235
0.250000,0.474665,3.000000,26.285978,1.392857,8.000000,0.750000
0.250000,0.299283,2.125000,19.759561,1.527778,9.000000,0.680000
0.250000,0.191219,2.833333,21.609081,1.816667,16.000000,0.739130
0.100000,0.475468,1.875000,12.920567,1.809524,15.000000,0.652174
0.100000,0.614144,9.000000,23.542385,1.600000,10.000000,0.900000
0.200000,0.000000,2.875000,24.067087,1.561905,15.000000,0.741935
0.142857,0.384490,1.700000,24.079646,1.711111,10.000000,0.629630
0.100000,0.068205,1.235294,24.090933,1.727273,11.000000,0.552632
0.100000,0.086853,2.375000,24.680172,1.755556,10.000000,0.703704
0.090909,0.491862,2.640000,27.132486,2.458462,26.000000,0.725275
0.090909,0.241031,2.272727,26.758599,1.545455,11.000000,0.694444
0.090909,0.348570,2.640000,27.132486,2.458462,26.000000,0.725275
0.090909,0.241031,2.272727,26.758599,1.545455,11.000000,0.694444
0.090909,0.595416,2.640000,27.132486,2.458462,26.000000,0.725275
0.090909,0.241031,2.272727,26.758599,1.545455,11.000000,0.694444
0.090909,0.467701,2.640000,27.132486,2.458462,26.000000,0.725275
0.090909,0.241031,2.272727,26.758599,1.545455,11.000000,0.694444
0.066667,0.135913,2.333333,28.032965,2.010976,41.000000,0.700000
0.090909,0.035434,2.904762,22.765485,1.847619,21.000000,0.743902
0.045455,0.918218,1.787879,27.431043,1.744589,22.000000,0.641304
0.045455,0.060870,2.126984,28.234947,2.020906,42.000000,0.680203
0.250000,1.000000,1.625000,20.281367,1.535714,8.000000,0.619048
0.250000,0.007299,2.000000,30.000000,1.333333,4.000000,0.666667
0.071429,0.313977,1.891892,28.224173,1.738095,21.000000,0.654206
0.071429,0.205146,2.230769,22.220761,1.747253,14.000000,0.690476
0.047619,0.337349,2.620000,26.856042,2.001282,40.000000,0.723757
0.047619,0.199562,1.891892,28.224173,1.738095,21.000000,0.654206
0.071429,0.205146,2.230769,22.220761,1.747253,14.000000,0.690476
0.071429,0.199562,1.891892,28.224173,1.738095,21.000000,0.654206
0.090909,0.020619,1.722222,26.756224,1.679487,13.000000,0.632653
0.047619,0.313977,1.891892,28.224173,1.738095,21.000000,0.654206
0.047619,0.337349,2.620000,26.856042,2.001282,40.000000,0.723757
0.166667,0.954614,2.310345,27.325240,1.920341,38.000000,0.697917
0.031250,0.525822,2.085106,25.856012,2.109848,33.000000,0.675862
0.031250,0.925281,1.946429,26.156561,1.907197,33.000000,0.660606
0.166667,0.313769,3.750000,25.219673,1.000000,6.000000,0.789474
0.052632,0.015304,1.900000,27.993921,1.796791,34.000000,0.655172
0.100000,0.914832,2.464286,25.922747,1.774892,22.000000,0.711340
0.047619,0.065264,4.428571,26.434453,1.857143,21.000000,0.815789
0.052632,0.324637,2.583333,26.407494,2.010796,39.000000,0.720930
0.035714,0.967024,2.481481,26.861639,1.920341,38.000000,0.712766
0.035714,0.004764,2.540541,24.871665,1.984127,28.000000,0.717557
0.200000,0.391304,7.000000,22.072489,1.666667,6.000000,0.875000
0.200000,0.376313,1.750000,12.281333,1.300000,5.000000,0.636364
0.125000,1.000000,1.857143,26.594105,1.607143,8.000000,0.650000
0.125000,0.106823,1.536585,27.207505,1.814229,23.000000,0.605769
0.050000,0.058033,2.000000,29.738957,2.028793,43.000000,0.666667
0.050000,0.452892,2.250000,22.301736,1.973684,20.000000,0.692308
0.037037,0.162897,2.235294,22.944846,2.014801,47.000000,0.690909
0.037037,0.146505,1.711111,26.233789,1.854701,27.000000,0.631148
0.111111,0.452892,2.250000,22.301736,1.973684,20.000000,0.692308
0.125000,0.707082,2.621622,27.029495,2.068548,32.000000,0.723881
0.125000,0.877714,6.000000,20.751162,1.357143,8.000000,0.857143
0.090909,0.153418,1.913043,26.359916,1.821862,39.000000,0.656716
0.058824,0.344962,1.675676,24.141927,2.036667,25.000000,0.626263
0.111111,0.056487,2.090909,26.645049,1.361111,9.000000,0.676471
0.030303,0.004479,2.224490,26.656227,2.181818,33.000000,0.689873
0.030303,0.805508,2.978261,27.323849,2.098780,41.000000,0.748634
0.090909,0.059908,1.785714,29.035720,1.545455,11.000000,0.641026
0.250000,1.000000,1.578947,17.016407,1.615385,13.000000,0.612245
0.076923,0.320083,2.090909,28.533493,1.705128,13.000000,0.676471
0.076923,1.000000,1.578947,17.016407,1.615385,13.000000,0.612245
0.111111,0.246644,1.480000,13.313055,1.648352,14.000000,0.596774
0.090909,0.189053,1.166667,27.327088,1.727273,11.000000,0.538462
0.071429,0.062489,2.469388,26.961996,1.689459,27.000000,0.711765
0.250000,0.073687,2.115385,28.226531,1.701754,19.000000,0.679012
0.037037,0.022273,1.520000,14.055572,1.863248,27.000000,0.603175
0.037037,0.250225,2.365854,27.962091,1.777011,30.000000,0.702899
0.037037,0.079004,2.301370,23.132745,2.034286,50.000000,0.697095
0.076923,0.186830,2.400000,23.200813,1.760000,25.000000,0.705882
0.037037,0.148685,1.906667,29.305887,2.020085,44.000000,0.655963
0.166667,0.390732,2.462963,27.087748,2.010976,41.000000,0.711230
0.166667,0.745475,1.800000,6.220451,1.400000,6.000000,0.642857
0.100000,0.529613,2.222222,23.467455,1.763636,11.000000,0.689655
0.100000,0.234411,2.126984,28.234947,2.020906,42.000000,0.680203
0.045455,0.060753,1.813333,29.886004,2.028793,43.000000,0.644550
0.045455,0.440243,1.809524,28.244998,1.735931,22.000000,0.644068
0.071429,0.006694,2.200000,29.334603,2.020085,44.000000,0.687500
0.222222,0.541686,2.755556,23.498996,2.010796,39.000000,0.733728
0.045455,0.389771,1.809524,28.244998,1.735931,22.000000,0.644068
0.045455,0.060753,1.813333,29.886004,2.028793,43.000000,0.644550
0.111111,0.109479,1.944444,30.000000,1.875000,17.000000,0.660377
0.125000,0.062193,3.148148,25.213735,1.803419,27.000000,0.758929
0.111111,0.148808,1.944444,30.000000,1.875000,17.000000,0.660377
0.055556,0.356096,0.984127,24.773032,1.814286,21.000000,0.496000
0.153846,0.665063,2.972222,25.394422,2.118280,31.000000,0.748252
0.090909,0.458539,2.000000,28.951487,1.618182,11.000000,0.666667
0.090909,0.588216,2.629630,28.224415,1.920290,24.000000,0.724490
0.166667,0.305811,2.200000,26.769324,2.197861,34.000000,0.687500
0.166667,0.645599,2.666667,24.646047,1.960591,29.000000,0.727273
0.076923,0.305811,2.200000,26.769324,2.197861,34.000000,0.687500
0.076923,0.097822,1.631579,28.295555,1.679487,13.000000,0.620000
0.200000,0.426836,2.240000,28.592685,2.187166,34.000000,0.691358
0.083333,0.305811,2.200000,26.769324,2.197861,34.000000,0.687500
0.083333,0.121437,1.350000,27.482973,1.681818,12.000000,0.574468
0.040000,0.416716,2.156863,27.254503,2.197861,34.000000,0.683230
0.040000,0.343883,3.130435,28.295219,1.893333,25.000000,0.757895
0.083333,0.476602,2.224490,26.656227,2.181818,33.000000,0.689873
0.083333,0.169187,1.285714,27.375699,1.681818,12.000000,0.562500
0.153846,1.000000,1.578947,17.636799,1.615385,13.000000,0.612245
0.153846,0.305811,2.200000,26.769324,2.197861,34.000000,0.687500
0.040000,0.343883,3.130435,28.295219,1.893333,25.000000,0.757895
0.040000,0.277861,2.156863,27.254503,2.197861,34.000000,0.683230
0.200000,0.365834,2.240000,28.592685,2.187166,34.000000,0.691358
0.142857,0.564926,3.200000,27.051839,1.464286,8.000000,0.761905
0.058824,0.160809,2.266667,26.131640,1.860294,17.000000,0.693878
0.058824,0.491813,1.767442,28.588490,1.735931,22.000000,0.638655
0.058824,0.015102,2.425926,28.040620,1.685185,28.000000,0.708108
0.058824,0.160809,2.266667,26.131640,1.860294,17.000000,0.693878
0.058824,0.160809,2.266667,26.131640,1.860294,17.000000,0.693878
0.058824,0.531177,1.767442,28.588490,1.735931,22.000000,0.638655
0.200000,0.074469,1.782609,26.362350,1.851852,28.000000,0.640625
0.250000,0.819657,2.973684,20.139979,2.004762,36.000000,0.748344
0.166667,0.485176,3.000000,20.204736,1.000000,6.000000,0.750000
0.071429,0.109484,1.822222,25.670156,1.851852,28.000000,0.645669
0.083333,0.357460,2.880000,29.291003,1.893333,25.000000,0.742268
0.083333,0.015284,1.562500,20.894509,1.696970,12.000000,0.609756
0.125000,1.000000,1.916667,8.349341,1.178571,8.000000,0.657143
0.125000,0.007840,2.142857,27.820008,1.976608,19.000000,0.681818
0.125000,1.000000,1.916667,8.349341,1.178571,8.000000,0.657143
0.125000,0.012316,2.142857,27.820008,1.976608,19.000000,0.681818
0.125000,1.000000,1.916667,8.349341,1.178571,8.000000,0.657143
0.125000,0.004982,2.142857,27.820008,1.976608,19.000000,0.681818
0.125000,1.000000,1.916667,8.349341,1.178571,8.000000,0.657143
0.125000,0.033589,2.142857,27.820008,1.976608,19.000000,0.681818
0.166667,0.068323,1.800000,21.276629,1.400000,6.000000,0.642857
0.166667,0.531874,2.250000,23.492224,1.973684,20.000000,0.692308
0.142857,0.088708,2.500000,27.955353,1.535714,8.000000,0.714286
0.125000,0.178776,2.000000,12.744653,1.571429,8.000000,0.666667
0.090909,0.536363,1.785714,29.958679,1.545455,11.000000,0.641026
0.050000,0.104523,1.744681,26.853370,1.851852,28.000000,0.635659
0.050000,0.441330,1.355556,24.437112,1.763158,20.000000,0.575472
0.142857,0.086705,8.000000,27.604601,1.809524,7.000000,0.888889
0.142857,0.283350,1.875000,25.304516,1.535714,8.000000,0.652174
0.142857,0.143142,1.875000,25.304516,1.535714,8.000000,0.652174
0.142857,0.086705,8.000000,27.604601,1.809524,7.000000,0.888889
0.058824,0.482412,1.968750,25.400332,1.747368,20.000000,0.663158
0.052632,0.116267,2.294118,24.898704,1.912281,19.000000,0.696429
0.200000,0.230198,1.576923,20.601485,1.549451,14.000000,0.611940
0.058824,0.205885,1.968750,25.400332,1.747368,20.000000,0.663158
0.142857,0.811570,1.833333,25.757723,1.476190,7.000000,0.647059
0.052632,0.206543,2.724138,28.699385,1.797101,24.000000,0.731481
0.052632,0.723945,2.294118,24.898704,1.912281,19.000000,0.696429
0.076923,0.094185,1.666667,23.751497,1.760234,19.000000,0.625000
0.076923,0.124632,2.333333,29.651592,1.846154,13.000000,0.700000
0.052632,0.723945,2.294118,24.898704,1.912281,19.000000,0.696429
0.052632,0.011395,2.724138,28.699385,1.797101,24.000000,0.731481
0.200000,0.855335,1.181818,24.525955,1.607143,8.000000,0.541667
0.083333,0.330971,1.350000,27.788971,1.681818,12.000000,0.574468
0.200000,0.229387,3.250000,21.254651,1.606061,12.000000,0.764706
0.142857,0.378959,2.600000,15.594164,1.428571,7.000000,0.722222
0.100000,0.298488,2.071429,27.980226,1.681319,14.000000,0.674419
0.083333,0.265306,2.080000,19.831635,1.873684,20.000000,0.675325
0.083333,0.506454,1.555556,27.317148,1.575758,12.000000,0.608696
0.166667,0.482783,3.000000,24.420254,1.400000,6.000000,0.750000
0.166667,0.430994,2.571429,23.496159,1.863636,12.000000,0.720000
0.125000,0.038462,2.384615,28.190313,1.704762,15.000000,0.704545
0.100000,0.060690,2.066667,28.193761,1.311111,10.000000,0.673913
0.100000,0.566965,1.565217,18.565612,1.786765,17.000000,0.610169
0.125000,1.000000,3.600000,30.000000,1.357143,8.000000,0.782609
0.125000,0.961759,1.536585,27.207505,1.814229,23.000000,0.605769
0.083333,0.046956,4.200000,25.164468,1.833333,12.000000,0.807692
0.076923,0.267383,2.074074,28.202640,1.802151,31.000000,0.674699
0.200000,0.980461,1.622642,28.196921,1.852217,29.000000,0.618705
0.062500,0.981894,1.686275,27.891368,1.852217,29.000000,0.627737
0.125000,0.984793,1.782609,26.671955,1.851852,28.000000,0.640625
0.125000,0.221776,2.301370,22.848970,2.034286,50.000000,0.697095
0.090909,0.180328,1.933333,29.684853,1.472727,11.000000,0.659091
0.090909,0.978072,1.474576,28.614438,1.875862,30.000000,0.595890
0.111111,0.139101,2.125000,26.666667,1.583333,9.000000,0.680000
0.111111,0.983143,1.557377,27.581919,1.909274,32.000000,0.608974
0.043478,0.484343,1.676471,28.841513,1.867424,33.000000,0.626374
0.043478,0.961759,1.536585,27.207505,1.814229,23.000000,0.605769
0.166667,0.091224,2.000000,18.758444,1.511111,10.000000,0.666667
0.166667,0.740266,2.250000,23.492224,1.973684,20.000000,0.692308
0.066667,0.310747,4.500000,21.970617,1.750000,16.000000,0.818182
0.066667,0.362828,2.705882,26.312707,1.590476,15.000000,0.730159
0.250000,0.978432,2.000000,16.625193,1.333333,4.000000,0.666667
0.250000,0.090231,2.866667,29.539645,1.871795,27.000000,0.741379
0.250000,0.978432,2.000000,16.625193,1.333333,4.000000,0.666667
0.250000,0.326591,2.866667,29.539645,1.871795,27.000000,0.741379
0.200000,0.206083,2.965517,28.429888,1.871795,27.000000,0.747826
0.100000,0.295998,3.000000,28.388301,1.876923,26.000000,0.750000
0.100000,0.548192,3.000000,24.262828,1.644444,10.000000,0.750000
0.200000,0.259796,2.965517,28.429888,1.871795,27.000000,0.747826
0.100000,0.188080,3.000000,28.388301,1.876923,26.000000,0.750000
0.100000,0.548192,3.000000,24.262828,1.644444,10.000000,0.750000
0.058824,0.299846,2.872727,23.813503,2.567068,47.000000,0.741784
0.058824,0.288290,4.555556,24.064305,1.742647,17.000000,0.820000
0.200000,0.183414,1.808511,24.258452,1.841379,30.000000,0.643939
0.090909,1.000000,1.600000,29.886066,1.418182,11.000000,0.615385
0.090909,0.219019,3.615385,26.531566,1.713235,17.000000,0.783333
0.142857,0.337481,1.733333,25.885993,1.866667,15.000000,0.634146
0.111111,0.158598,2.000000,28.394977,1.733333,16.000000,0.666667
0.166667,0.888099,2.250000,6.280641,1.957895,20.000000,0.692308
0.043478,0.193683,1.346154,26.539830,1.865613,23.000000,0.573770
0.043478,0.773330,2.736842,29.262024,1.862903,32.000000,0.732394
0.142857,0.027778,2.250000,20.935782,1.714286,7.000000,0.692308
0.142857,0.344085,1.642857,30.000000,1.862745,18.000000,0.621622
0.142857,0.027778,2.250000,20.935782,1.714286,7.000000,0.692308
0.142857,0.344085,1.642857,30.000000,1.862745,18.000000,0.621622
0.142857,0.027778,2.250000,20.935782,1.714286,7.000000,0.692308
0.142857,0.344085,1.642857,30.000000,1.862745,18.000000,0.621622
0.142857,0.332924,1.642857,30.000000,1.862745,18.000000,0.621622
0.142857,0.027778,2.250000,20.935782,1.714286,7.000000,0.692308
0.142857,0.004016,4.300000,28.015639,1.823529,18.000000,0.811321
0.142857,0.183009,2.250000,20.935782,1.714286,7.000000,0.692308
0.066667,0.164942,1.268657,18.856650,1.888889,27.000000,0.559211
0.066667,0.078481,2.500000,27.370630,1.666667,15.000000,0.714286
0.111111,0.025590,1.450000,18.043778,1.730769,13.000000,0.591837
0.052632,0.164942,1.268657,18.856650,1.888889,27.000000,0.559211
0.052632,0.544940,2.421053,27.828752,1.730994,19.000000,0.707692
0.050000,0.210359,1.250000,21.342188,1.888889,27.000000,0.555556
0.050000,0.306768,1.400000,27.476442,1.787879,22.000000,0.583333
0.111111,0.145149,2.123457,27.029538,1.946465,45.000000,0.679842
0.076923,0.250013,1.333333,26.266158,1.692308,13.000000,0.571429
0.076923,0.055994,1.720000,23.874352,1.683824,17.000000,0.632353
0.142857,0.110655,2.000000,19.019278,1.619048,7.000000,0.666667
0.090909,0.549787,1.571429,26.107991,1.600000,11.000000,0.611111
0.090909,0.047619,4.000000,24.533956,1.636364,12.000000,0.800000
0.166667,0.221163,1.800000,28.287840,1.400000,6.000000,0.642857
0.166667,0.285122,1.652174,21.396281,1.683333,16.000000,0.622951
0.083333,0.238184,1.318182,28.948168,1.835165,14.000000,0.568627
0.083333,0.657895,1.631579,14.866879,1.530303,12.000000,0.620000
0.111111,0.201336,2.714286,23.390226,1.527778,9.000000,0.730769
0.111111,0.451121,3.285714,22.699482,1.851449,24.000000,0.766667
0.100000,0.418149,2.600000,29.265348,1.422222,10.000000,0.722222
0.100000,0.490627,1.617021,22.402201,2.049261,29.000000,0.617886
0.142857,0.400730,3.000000,24.262828,1.644444,10.000000,0.750000
0.125000,0.773287,4.166667,26.895393,1.466667,10.000000,0.806452
0.111111,0.198544,1.315789,23.786990,1.937634,31.000000,0.568182
0.083333,0.970024,1.060606,11.814044,1.847619,15.000000,0.514706
0.200000,0.932149,1.750000,24.000000,1.300000,5.000000,0.636364
0.043478,0.148545,3.764706,26.999123,1.968379,23.000000,0.790123
0.100000,0.972700,2.900000,26.328379,1.377778,10.000000,0.743590
0.083333,0.175197,2.470588,25.587375,1.901961,18.000000,0.711864
0.083333,1.000000,1.631579,29.488900,1.530303,12.000000,0.620000
0.083333,0.010566,4.000000,24.994629,1.887097,32.000000,0.800000
0.083333,1.000000,1.631579,14.866879,1.530303,12.000000,0.620000
0.083333,0.493102,2.043478,28.280578,2.010526,20.000000,0.671429
0.083333,1.000000,1.550000,16.522279,1.530303,12.000000,0.607843
0.083333,0.461872,2.043478,28.280578,2.010526,20.000000,0.671429
0.083333,1.000000,1.550000,16.522279,1.530303,12.000000,0.607843
0.083333,0.518881,2.043478,28.280578,2.010526,20.000000,0.671429
0.083333,1.000000,1.550000,16.522279,1.530303,12.000000,0.607843
0.083333,0.509537,2.043478,28.280578,2.010526,20.000000,0.671429
0.083333,1.000000,1.550000,16.522279,1.530303,12.000000,0.607843
0.062500,0.386951,1.884615,27.987697,1.713450,19.000000,0.653333
0.062500,0.234621,2.133333,28.024087,1.733333,16.000000,0.680851
0.125000,0.006820,2.000000,14.147955,1.464286,8.000000,0.666667
0.125000,0.051248,1.684211,27.664583,1.515152,12.000000,0.627451
0.125000,0.473684,10.000000,20.744900,2.107143,8.000000,0.909091
0.125000,0.383377,3.111111,29.887947,1.857143,14.000000,0.756757
0.200000,0.734669,1.600000,26.358430,1.466667,6.000000,0.615385
0.200000,0.215925,2.000000,25.127454,1.000000,5.000000,0.666667
0.166667,0.000000,3.666667,25.996113,1.266667,6.000000,0.785714
0.250000,0.386691,3.111111,29.831230,1.857143,14.000000,0.756757
0.125000,0.231630,2.250000,23.588980,1.818182,11.000000,0.692308
0.200000,1.000000,7.000000,30.000000,1.300000,5.000000,0.875000
0.200000,0.690659,4.000000,28.844466,1.857143,14.000000,0.800000
0.050000,0.768926,2.234568,26.590673,1.940097,46.000000,0.690840
0.050000,0.013246,1.300000,17.916036,1.905263,20.000000,0.565217
0.083333,0.270216,3.142857,25.050467,1.787879,12.000000,0.758621
0.083333,0.734921,2.160000,27.350786,1.943522,43.000000,0.683544
0.058824,0.647840,2.119403,27.105539,1.908232,39.000000,0.679426
0.058824,0.495755,2.142857,22.035187,1.669118,17.000000,0.681818
0.200000,0.953760,3.666667,29.245117,1.266667,6.000000,0.785714
0.200000,0.734921,2.160000,27.350786,1.943522,43.000000,0.683544
0.100000,0.071421,3.046512,25.889475,1.909091,34.000000,0.752874
0.100000,0.632747,1.800000,21.123504,1.600000,10.000000,0.642857
0.125000,0.809382,1.555556,17.765084,1.500000,8.000000,0.608696
0.125000,0.000000,2.833333,23.568885,1.885714,15.000000,0.739130
0.250000,0.827247,2.206522,26.191890,1.992459,52.000000,0.688136
0.076923,0.614081,1.900000,26.384052,1.512821,13.000000,0.655172
0.076923,0.492758,1.676471,28.841513,1.867424,33.000000,0.626374
0.200000,0.583819,3.600000,28.338355,1.688889,10.000000,0.782609
0.052632,0.239325,3.000000,27.609278,1.953216,19.000000,0.750000
0.052632,0.029909,1.586207,21.542195,1.952381,22.000000,0.613333
0.100000,0.019411,2.750000,27.080131,1.896825,36.000000,0.733333
0.166667,0.447842,3.000000,28.533030,1.688889,10.000000,0.750000
0.111111,1.000000,2.714286,23.390226,1.527778,9.000000,0.730769
0.111111,0.836312,2.090909,18.986970,1.388889,9.000000,0.676471
0.100000,0.060047,1.750000,23.031382,1.618182,11.000000,0.636364
0.055556,1.000000,2.470588,25.587375,1.901961,18.000000,0.711864
0.055556,0.185121,3.567568,27.469063,1.911411,37.000000,0.781065
0.125000,0.415169,2.800000,24.524564,1.500000,8.000000,0.736842
0.125000,1.000000,1.318182,28.948168,1.835165,14.000000,0.568627
0.166667,0.148534,1.812500,26.051437,1.758333,16.000000,0.644444
0.166667,0.488521,2.800000,28.501742,1.863158,20.000000,0.736842
0.076923,0.059005,1.526316,11.482387,1.730769,13.000000,0.604167
0.076923,0.850346,3.171429,26.014139,1.820197,29.000000,0.760274
0.111111,0.010194,2.833333,23.568885,1.885714,15.000000,0.739130
0.111111,0.538147,1.900000,28.448119,1.472222,9.000000,0.655172
0.076923,0.443287,2.047619,15.139230,1.888889,18.000000,0.671875
0.200000,0.835673,2.500000,26.970114,1.500000,5.000000,0.714286
0.125000,0.191781,2.000000,22.456265,1.678571,8.000000,0.666667
0.100000,0.292783,2.200000,18.216647,1.555556,10.000000,0.687500
0.076923,0.443287,2.047619,15.139230,1.888889,18.000000,0.671875
0.090909,0.346394,2.166667,28.228317,1.581818,11.000000,0.684211
0.076923,0.443287,2.047619,15.139230,1.888889,18.000000,0.671875
0.125000,0.191781,2.000000,22.456265,1.678571,8.000000,0.666667
0.076923,0.443287,2.047619,15.139230,1.888889,18.000000,0.671875
0.125000,0.191781,2.000000,22.456265,1.678571,8.000000,0.666667
0.125000,0.191781,2.000000,22.456265,1.678571,8.000000,0.666667
0.111111,0.000367,1.666667,18.757383,1.708333,16.000000,0.625000
0.111111,0.202850,1.923077,28.810001,1.333333,9.000000,0.657895
0.200000,0.160000,1.833333,14.998958,1.266667,6.000000,0.647059
0.045455,0.857501,2.724138,25.864432,1.900135,39.000000,0.731481
0.045455,0.081529,1.533333,21.924094,1.952381,22.000000,0.605263
0.111111,0.029844,2.034483,27.394456,1.689474,20.000000,0.670455
0.142857,0.642193,2.000000,30.000000,1.428571,7.000000,0.666667
0.111111,0.766354,1.777778,25.920644,1.908497,18.000000,0.640000
0.111111,0.035447,1.812500,26.755209,1.651515,12.000000,0.644444
0.250000,0.390765,4.833333,28.789886,1.705128,13.000000,0.828571
0.250000,0.246332,4.833333,28.789886,1.705128,13.000000,0.828571
0.250000,0.306195,4.833333,28.789886,1.705128,13.000000,0.828571
0.250000,0.870349,4.000000,29.001661,1.333333,4.000000,0.800000
0.100000,0.588364,1.676923,24.333789,1.923387,32.000000,0.626437
0.100000,0.353745,1.263158,30.000000,1.533333,10.000000,0.558140
0.083333,0.072279,2.153846,29.307650,1.813187,14.000000,0.682927
0.200000,0.303621,3.650000,29.839767,1.938462,26.000000,0.784946
0.111111,0.539759,1.757576,25.645431,1.701754,19.000000,0.637363
0.111111,0.465455,2.111111,17.535418,1.472222,9.000000,0.678571
0.043478,0.226054,1.305556,24.143120,1.911330,29.000000,0.566265
0.043478,0.163299,3.150000,25.145547,1.750988,23.000000,0.759036
0.040000,0.561030,1.450980,26.173189,1.926667,25.000000,0.592000
0.040000,0.226054,1.305556,24.143120,1.911330,29.000000,0.566265
0.111111,0.380514,2.666667,27.411808,1.555556,9.000000,0.727273
0.111111,0.544048,1.714286,27.499614,1.923351,34.000000,0.631579
0.062500,0.107476,1.176471,24.704081,1.758333,16.000000,0.540541
0.062500,0.507824,1.643836,28.391442,1.923351,34.000000,0.621762
0.062500,1.000000,1.176471,24.704081,1.758333,16.000000,0.540541
0.062500,0.007236,3.906977,25.637067,2.019324,46.000000,0.796209
0.071429,0.261442,1.357143,25.210282,1.670330,14.000000,0.575758
0.071429,0.090065,2.034483,27.394456,1.689474,20.000000,0.670455
0.083333,1.000000,1.600000,28.123746,1.968379,23.000000,0.615385
0.142857,1.000000,1.600000,28.515378,1.968379,23.000000,0.615385
0.100000,0.925307,8.500000,26.427554,1.711111,10.000000,0.894737
0.200000,0.800585,5.200000,28.549686,1.581818,11.000000,0.838710
0.142857,0.138543,2.571429,28.023952,1.657143,15.000000,0.720000
0.200000,0.604322,1.440000,26.659020,1.898551,24.000000,0.590164
0.111111,0.742777,5.200000,28.108600,1.581818,11.000000,0.838710
0.125000,0.033333,1.866667,21.253585,1.692308,14.000000,0.651163
0.125000,0.315453,1.625000,25.055972,1.535714,8.000000,0.619048
0.142857,0.368597,1.812500,23.899592,1.651515,12.000000,0.644444
0.142857,0.389888,2.000000,23.279530,1.566667,16.000000,0.666667
0.066667,0.871941,3.911111,26.851390,2.011101,47.000000,0.796380
0.066667,0.053027,1.611111,30.000000,1.838095,15.000000,0.617021
0.083333,0.123596,1.384615,16.460520,1.469697,12.000000,0.580645
0.083333,0.856854,3.818182,26.466024,2.019324,46.000000,0.792453
0.142857,0.708470,4.600000,23.994807,1.555556,10.000000,0.821429
0.111111,0.478516,2.294118,28.475637,1.675000,16.000000,0.696429
0.111111,0.348424,1.305556,24.143120,1.911330,29.000000,0.566265
0.071429,1.000000,1.866667,21.253585,1.692308,14.000000,0.651163
0.071429,0.243353,1.565217,27.265301,1.735294,17.000000,0.610169
0.090909,0.304436,1.655172,25.324315,1.923977,19.000000,0.623377
0.142857,0.417175,1.812500,26.206005,1.857143,14.000000,0.644444
0.250000,0.460486,2.285714,27.978841,1.611111,9.000000,0.695652
0.166667,0.176471,2.200000,25.047970,1.266667,6.000000,0.687500
0.066667,0.972040,3.294118,27.828596,1.863158,20.000000,0.767123
0.066667,0.858089,2.900000,26.928302,1.873118,31.000000,0.743590
0.045455,0.020196,3.555556,27.683537,1.968379,23.000000,0.780488
0.045455,0.918158,4.347826,25.051904,1.723077,26.000000,0.813008
0.111111,0.789073,1.533333,25.774444,1.555556,10.000000,0.605263
0.142857,1.000000,2.000000,30.000000,1.428571,7.000000,0.666667
0.125000,0.597321,2.400000,21.639504,1.678571,8.000000,0.705882
0.125000,0.653344,3.909091,29.105253,1.823529,18.000000,0.796296
0.111111,0.105244,2.000000,26.528751,1.611111,9.000000,0.666667
0.200000,0.050285,4.125000,25.956266,1.839827,22.000000,0.804878
0.066667,1.000000,1.111111,26.745416,1.758333,16.000000,0.526316
0.066667,0.069683,1.705882,30.000000,1.838095,15.000000,0.630435
0.125000,0.898160,2.400000,30.000000,1.642857,8.000000,0.705882
0.125000,0.109398,1.771429,27.896356,1.754941,23.000000,0.639175
0.142857,1.000000,3.500000,12.078990,1.857143,7.000000,0.777778
0.142857,0.160503,2.666667,27.572639,1.611111,9.000000,0.727273
0.083333,0.309993,1.535714,24.845250,2.030108,31.000000,0.605634
0.083333,0.144441,2.062500,28.054361,1.500000,12.000000,0.673469
0.066667,0.869879,2.779661,26.617393,1.897436,40.000000,0.735426
0.066667,0.473668,1.981132,24.258928,2.097479,35.000000,0.664557
0.200000,0.865199,1.600000,14.579016,1.238095,7.000000,0.615385
0.200000,1.000000,1.600000,30.000000,1.418182,11.000000,0.615385
0.076923,0.550771,2.074074,24.237112,2.080952,36.000000,0.674699
0.076923,1.000000,1.176471,24.704081,1.758333,16.000000,0.540541
0.047619,0.595513,1.964912,26.785324,2.080952,36.000000,0.662722
0.100000,0.680816,1.200000,30.000000,1.533333,10.000000,0.545455
0.100000,1.000000,1.176471,24.704081,1.758333,16.000000,0.540541
0.083333,0.083300,1.846154,24.297777,1.636364,12.000000,0.648649
0.083333,0.473668,1.981132,24.258928,2.097479,35.000000,0.664557
0.250000,0.218779,2.500000,26.489319,1.166667,4.000000,0.714286
0.250000,0.473668,1.981132,24.258928,2.097479,35.000000,0.664557
0.250000,0.568927,1.898305,27.515538,2.080952,36.000000,0.654971
0.058824,0.076923,1.590909,10.220941,1.742647,17.000000,0.614035
0.058824,0.495045,1.676471,27.324666,2.115220,38.000000,0.626374
0.058824,0.452600,1.291667,25.884883,1.804762,21.000000,0.563636
0.058824,0.547735,2.437500,29.570823,1.713235,17.000000,0.709091
0.062500,0.187710,1.703704,20.431167,1.952381,22.000000,0.630137
0.062500,0.006219,1.814815,30.000000,1.713450,19.000000,0.644737
0.166667,0.524430,2.437500,28.983677,1.947368,19.000000,0.709091
0.166667,0.736335,3.769231,28.354045,1.847368,20.000000,0.790323
0.250000,0.152398,1.642857,21.150503,1.952381,22.000000,0.621622
0.090909,0.623489,2.444444,19.927772,1.672727,11.000000,0.709677
0.062500,0.052703,2.833333,28.999569,1.750000,17.000000,0.739130
0.062500,0.663427,2.833333,28.999569,1.750000,17.000000,0.739130
0.111111,0.485930,1.477273,27.826248,1.822511,22.000000,0.596330
0.111111,0.242104,1.533333,28.024771,1.388889,9.000000,0.605263
0.166667,0.392918,2.437500,27.038959,1.947368,19.000000,0.709091
0.200000,0.003861,1.888889,28.768833,1.564103,13.000000,0.653846
0.200000,0.898516,1.750000,15.750127,1.300000,5.000000,0.636364
0.166667,0.540719,1.571429,29.320149,1.266667,6.000000,0.611111
0.166667,0.308030,2.411765,28.037913,1.658333,16.000000,0.706897
0.066667,0.003861,1.320000,28.807244,1.897059,17.000000,0.568966
0.066667,0.629233,1.500000,26.082453,1.600000,15.000000,0.600000
0.166667,0.431193,1.571429,19.812893,1.266667,6.000000,0.611111
0.111111,0.681690,3.285714,26.091361,1.931579,20.000000,0.766667
0.111111,0.557093,1.700000,10.483126,1.527778,9.000000,0.629630
0.090909,0.117318,1.545455,19.552706,1.836364,11.000000,0.607143
0.066667,0.428110,2.785714,27.011306,1.666667,15.000000,0.735849
0.066667,0.055576,1.375000,28.235294,1.897059,17.000000,0.578947
0.100000,0.319940,1.518519,20.528036,1.666667,15.000000,0.602941
0.100000,0.640960,1.875000,25.156342,1.490909,11.000000,0.652174
0.166667,0.000000,1.700000,27.555844,1.773333,25.000000,0.629630
0.200000,0.435382,2.333333,21.786813,1.300000,5.000000,0.700000
0.125000,0.033752,3.714286,25.954882,1.743590,13.000000,0.787879
0.166667,0.087010,1.833333,28.924546,1.266667,6.000000,0.647059
0.050000,0.052235,3.600000,26.651466,1.857895,20.000000,0.782609
0.100000,0.243495,1.727273,30.000000,1.577778,10.000000,0.633333
0.100000,0.243495,1.727273,30.000000,1.577778,10.000000,0.633333
0.083333,0.094247,2.545455,22.995187,1.666667,12.000000,0.717949
0.083333,0.018519,1.642857,16.629116,1.787879,12.000000,0.621622
0.166667,0.724944,3.000000,18.993822,1.400000,6.000000,0.750000
0.111111,0.529393,2.000000,28.293373,1.500000,9.000000,0.666667
0.071429,0.363122,2.571429,22.865372,1.604396,14.000000,0.720000
0.071429,0.146363,1.344828,27.657021,1.659341,14.000000,0.573529
0.166667,0.000000,2.166667,22.810541,1.527273,11.000000,0.684211
0.090909,0.368885,2.000000,19.156814,1.709091,11.000000,0.666667
0.090909,0.073381,1.750000,28.179215,1.651515,12.000000,0.636364
0.166667,0.346783,2.558140,27.820583,1.996639,35.000000,0.718954
0.166667,0.395022,2.388889,28.775168,1.931217,28.000000,0.704918
0.055556,0.472973,1.692308,26.471996,1.802372,23.000000,0.628571
0.142857,0.274603,2.000000,26.411673,1.878788,22.000000,0.666667
0.125000,0.537087,1.700000,29.240277,1.428571,8.000000,0.629630
0.125000,0.120211,2.583333,29.464018,1.756410,13.000000,0.720930
0.125000,1.000000,2.277778,28.831343,1.658333,16.000000,0.694915
0.090909,0.998275,1.541667,28.364888,1.551282,13.000000,0.606557
0.166667,0.016000,1.666667,24.820573,1.333333,6.000000,0.625000
0.047619,0.170009,1.406250,27.650622,2.028226,32.000000,0.584416
0.166667,0.410574,2.750000,25.807064,1.266667,6.000000,0.733333
0.166667,0.410574,2.750000,25.807064,1.266667,6.000000,0.733333
0.250000,0.319973,4.285714,30.000000,1.780220,14.000000,0.810811
0.250000,0.049442,4.285714,30.000000,1.780220,14.000000,0.810811
0.250000,0.049442,4.285714,30.000000,1.780220,14.000000,0.810811
0.043478,1.000000,1.692308,26.471996,1.802372,23.000000,0.628571
0.043478,0.186254,2.272727,26.068861,1.858696,24.000000,0.694444
0.043478,1.000000,1.692308,26.471996,1.802372,23.000000,0.628571
0.043478,0.124646,2.636364,28.372048,2.122222,36.000000,0.725000
0.200000,0.156830,2.095238,28.924444,1.750000,16.000000,0.676923
0.166667,0.004149,2.000000,27.697730,1.533333,6.000000,0.666667
0.076923,0.003984,2.363636,24.031524,1.794872,13.000000,0.702703
0.076923,0.003984,2.363636,24.031524,1.794872,13.000000,0.702703
0.166667,0.853196,1.666667,28.918328,1.333333,6.000000,0.625000
0.142857,0.080085,1.581395,29.419124,1.773333,25.000000,0.612613
0.250000,1.000000,2.000000,16.399975,1.527273,11.000000,0.666667
0.200000,0.440196,2.363636,22.065285,1.606061,12.000000,0.702703
0.250000,0.011494,4.000000,23.569489,1.333333,4.000000,0.800000
0.250000,0.311523,2.534483,23.708450,2.527482,48.000000,0.717073
0.100000,0.239365,2.416667,29.565039,1.355556,10.000000,0.707317
0.083333,0.004484,1.625000,29.260306,1.606061,12.000000,0.619048
0.083333,0.311523,2.534483,23.708450,2.527482,48.000000,0.717073
0.142857,0.083131,2.000000,28.420335,1.700000,16.000000,0.666667
0.250000,0.004016,1.190476,30.000000,1.654545,11.000000,0.543478
0.083333,0.501418,1.750000,29.669805,2.000000,27.000000,0.636364
0.083333,0.553364,3.500000,15.934703,1.909091,12.000000,0.777778
0.090909,0.143198,1.658537,28.879693,1.773333,25.000000,0.623853
0.083333,0.477260,1.888889,22.163989,1.736264,14.000000,0.653846
0.083333,0.210732,2.000000,28.778207,1.538462,14.000000,0.666667
0.111111,0.013575,1.615385,29.142712,1.416667,9.000000,0.617647
0.142857,0.030303,2.083333,22.543744,1.305556,9.000000,0.675676
0.142857,0.875310,1.777778,25.714286,1.238095,7.000000,0.640000
0.125000,0.270997,2.307692,29.177049,1.876190,15.000000,0.697674
0.166667,0.783644,4.000000,18.599316,1.466667,6.000000,0.800000
0.166667,0.783644,4.000000,18.599316,1.466667,6.000000,0.800000
0.200000,0.907653,11.000000,23.648190,1.963636,11.000000,0.916667
0.200000,0.757689,3.111111,28.887609,1.636364,12.000000,0.756757
0.250000,0.848081,3.428571,18.337116,1.636364,11.000000,0.774194
0.250000,0.137578,3.000000,27.587554,1.000000,4.000000,0.750000
0.083333,0.573424,1.833333,29.819539,1.500000,12.000000,0.647059
0.083333,0.527734,1.391304,27.215039,2.015152,33.000000,0.581818
0.111111,0.230554,3.166667,26.860329,1.527778,9.000000,0.760000
0.111111,1.000000,1.782609,20.812745,1.801170,19.000000,0.640625
0.250000,0.021714,2.750000,25.587074,1.654545,11.000000,0.733333
0.250000,0.103780,4.105263,26.999502,1.829710,24.000000,0.804124
0.083333,0.484158,1.357143,26.034595,1.670330,14.000000,0.575758
0.200000,0.035217,2.900000,27.761507,1.962213,39.000000,0.743590
0.090909,0.514139,2.000000,24.546495,1.618182,11.000000,0.666667
0.090909,0.416058,1.630435,26.773707,1.826087,24.000000,0.619835
0.166667,0.458482,1.384615,30.000000,1.484848,12.000000,0.580645
0.083333,0.187187,1.423077,29.135306,1.589744,13.000000,0.587302
0.083333,0.042950,4.125000,25.956266,1.839827,22.000000,0.804878
0.250000,0.024590,2.000000,30.000000,1.333333,4.000000,0.666667
0.083333,0.530539,1.750000,28.179215,1.651515,12.000000,0.636364
0.083333,0.489697,2.454545,21.841804,1.636364,12.000000,0.710526
0.111111,1.000000,1.384615,15.119899,1.555556,9.000000,0.580645
0.111111,0.300301,2.200000,29.247961,1.576923,13.000000,0.687500
0.166667,0.865700,4.500000,24.732389,1.466667,6.000000,0.818182
0.090909,1.000000,2.384615,30.000000,1.756410,13.000000,0.704545
0.090909,0.000000,2.200000,27.768902,1.709091,11.000000,0.687500
0.090909,1.000000,1.629630,23.516095,1.810526,20.000000,0.619718
0.100000,0.278419,2.875000,26.726860,1.488889,10.000000,0.741935
0.142857,0.273157,2.400000,28.156759,2.000000,13.000000,0.705882
0.142857,0.409207,2.400000,28.156759,2.000000,13.000000,0.705882
0.100000,0.153827,1.230769,26.954235,1.800000,26.000000,0.551724
0.100000,0.051095,2.400000,25.488410,1.636364,11.000000,0.705882
0.100000,0.029104,1.545455,30.000000,1.244444,10.000000,0.607143
0.062500,0.276520,2.464286,29.670100,1.770000,25.000000,0.711340
0.062500,0.323197,2.047619,15.188294,1.775000,16.000000,0.671875
0.250000,0.928658,1.658537,29.752305,1.773333,25.000000,0.623853
0.043478,0.864936,1.545455,30.000000,1.773333,25.000000,0.607143
0.166667,0.095256,2.900000,26.889486,1.377778,10.000000,0.743590
0.166667,0.287714,2.142857,22.035187,1.669118,17.000000,0.681818
0.062500,0.060570,2.444444,29.315372,1.750000,16.000000,0.709677
0.062500,0.967038,1.750000,29.669805,2.000000,27.000000,0.636364
0.076923,0.000000,2.363636,30.000000,1.794872,13.000000,0.702703
0.166667,0.008475,1.600000,29.535762,1.533333,6.000000,0.615385
0.076923,0.000000,2.363636,30.000000,1.794872,13.000000,0.702703
0.043478,0.147118,1.545455,30.000000,1.773333,25.000000,0.607143
0.250000,0.101817,1.658537,29.752305,1.773333,25.000000,0.623853
0.100000,0.286312,2.125000,26.960496,1.628205,13.000000,0.680000
0.166667,0.845928,1.666667,29.276753,1.333333,6.000000,0.625000
0.052632,0.153392,2.888889,28.653488,1.961039,22.000000,0.742857
0.052632,0.000000,2.521739,28.671377,1.719298,19.000000,0.716049
0.052632,0.000000,2.521739,28.671377,1.719298,19.000000,0.716049
0.052632,0.153392,2.888889,28.653488,1.961039,22.000000,0.742857
0.052632,0.000000,2.521739,28.671377,1.719298,19.000000,0.716049
0.052632,0.153392,2.888889,28.653488,1.961039,22.000000,0.742857
0.066667,0.333956,1.369863,27.897495,2.045378,35.000000,0.578035
0.083333,0.473260,2.470588,29.107500,1.363636,12.000000,0.711864
0.083333,0.264675,1.645161,23.792285,1.947712,18.000000,0.621951
0.066667,1.000000,1.636364,29.524217,1.953216,19.000000,0.620690
0.066667,1.000000,1.636364,29.524217,1.953216,19.000000,0.620690
0.083333,1.000000,1.645161,23.792285,1.947712,18.000000,0.621951
0.083333,0.473260,2.470588,29.107500,1.363636,12.000000,0.711864
0.055556,0.264675,1.645161,23.792285,1.947712,18.000000,0.621951
0.055556,0.338984,1.351351,28.451484,2.045378,35.000000,0.574713
0.250000,0.960053,1.545455,19.552706,1.836364,11.000000,0.607143
0.090909,0.946763,1.545455,27.299139,1.836364,11.000000,0.607143
0.142857,0.497710,2.666667,27.514417,1.673203,18.000000,0.727273
0.142857,0.651100,2.000000,18.863287,1.428571,7.000000,0.666667
0.076923,0.253482,5.750000,24.393988,1.884615,13.000000,0.851852
0.071429,0.008475,1.750000,27.015310,1.538462,14.000000,0.636364
0.111111,1.000000,2.384615,30.000000,1.756410,13.000000,0.704545
0.111111,1.000000,1.700000,23.509435,1.527778,9.000000,0.629630
0.090909,0.577609,1.750000,21.162754,1.618182,11.000000,0.636364
0.090909,0.226269,2.000000,28.414716,1.641026,13.000000,0.666667
0.100000,0.541869,1.583333,29.205493,1.648352,14.000000,0.612903
0.250000,0.837588,1.750000,28.125944,1.551282,13.000000,0.636364
0.090909,1.000000,1.254902,28.596439,1.952569,23.000000,0.556522
0.090909,0.150753,6.400000,25.641587,1.648352,14.000000,0.864865
0.083333,0.035294,2.416667,25.428047,1.621212,12.000000,0.707317
0.076923,0.072848,3.571429,19.978450,1.910256,13.000000,0.781250
0.076923,0.473994,1.613636,28.846154,1.781538,26.000000,0.617391
0.250000,0.166079,1.583333,26.827709,1.783476,27.000000,0.612903
0.041667,0.166079,1.583333,26.827709,1.783476,27.000000,0.612903
0.041667,0.252646,1.390244,23.410407,1.894928,24.000000,0.581633
0.076923,0.513374,1.613636,28.846154,1.781538,26.000000,0.617391
0.076923,0.072848,3.571429,19.978450,1.910256,13.000000,0.781250
0.041667,0.506771,1.583333,26.827709,1.783476,27.000000,0.612903
0.041667,0.252646,1.390244,23.410407,1.894928,24.000000,0.581633
0.250000,0.506771,1.583333,26.827709,1.783476,27.000000,0.612903
0.200000,0.004255,2.333333,30.000000,1.300000,5.000000,0.700000
0.100000,0.079298,1.842105,26.662684,1.714286,15.000000,0.648148
0.071429,0.035513,1.705882,30.000000,1.857143,15.000000,0.630435
0.071429,0.837824,5.166667,29.078013,1.705263,20.000000,0.837838
0.100000,0.205128,3.166667,26.334426,1.711111,10.000000,0.760000
0.100000,0.660425,3.214286,25.961395,1.928571,28.000000,0.762712
0.166667,0.743866,3.310345,23.629987,2.045161,31.000000,0.768000
0.142857,0.060246,1.466667,25.342347,1.858974,13.000000,0.594595
0.142857,0.879480,2.000000,25.132329,1.523810,7.000000,0.666667
0.125000,0.707370,3.714286,27.785847,1.778986,24.000000,0.787879
0.125000,0.365079,1.750000,26.250000,1.500000,8.000000,0.636364
0.166667,0.216908,3.666667,26.992630,2.250000,9.000000,0.785714
0.166667,0.770245,2.000000,26.533286,1.466667,6.000000,0.666667
0.166667,0.999999,3.666667,26.992630,2.250000,9.000000,0.785714
0.166667,0.770245,2.000000,26.533286,1.466667,6.000000,0.666667
0.200000,0.600443,1.939394,23.950871,1.852814,22.000000,0.659794
0.066667,0.570331,1.451613,27.833386,1.600000,15.000000,0.592105
0.066667,0.305687,1.372549,24.735657,2.000000,28.000000,0.578512
0.111111,1.000000,1.280000,17.939931,1.966667,16.000000,0.561404
0.111111,0.396760,1.888889,17.007235,1.527778,9.000000,0.653846
0.066667,0.570331,1.451613,27.833386,1.600000,15.000000,0.592105
0.066667,0.476027,1.727273,28.535297,1.894737,19.000000,0.633333
0.250000,0.545455,3.000000,24.003790,1.666667,10.000000,0.750000
0.066667,0.630144,1.576923,28.000000,1.714286,15.000000,0.611940
0.066667,0.440436,3.400000,29.422690,1.733333,15.000000,0.772727
0.125000,0.523779,1.714286,16.138414,1.571429,8.000000,0.631579
0.125000,0.278422,4.333333,29.675708,1.535714,8.000000,0.812500
0.111111,0.289999,2.111111,24.274593,1.472222,9.000000,0.678571
0.111111,0.250950,1.800000,29.930987,1.816176,17.000000,0.642857
0.066667,0.343561,1.159420,27.430184,1.800000,26.000000,0.536913
0.090909,0.165154,2.000000,25.480580,1.761905,15.000000,0.666667
0.090909,0.016807,11.000000,30.000000,1.963636,11.000000,0.916667
0.090909,0.016807,11.000000,30.000000,1.963636,11.000000,0.916667
0.090909,0.165154,2.000000,25.480580,1.761905,15.000000,0.666667
0.200000,0.386461,1.580000,19.480774,1.760000,25.000000,0.612403
0.047619,0.386461,1.580000,19.480774,1.760000,25.000000,0.612403
0.090909,0.016807,11.000000,30.000000,1.963636,11.000000,0.916667
0.090909,0.165154,2.000000,25.480580,1.761905,15.000000,0.666667
0.100000,0.062794,3.222222,29.768822,2.000000,24.000000,0.763158
0.100000,0.029787,5.333333,27.000000,1.822222,10.000000,0.842105
0.100000,0.062794,3.222222,29.768822,2.000000,24.000000,0.763158
0.100000,0.029787,5.333333,27.000000,1.822222,10.000000,0.842105
0.200000,0.006940,3.411765,29.119583,2.000000,24.000000,0.773333
0.100000,0.062794,3.222222,29.768822,2.000000,24.000000,0.763158
0.100000,0.029787,5.333333,27.000000,1.822222,10.000000,0.842105
0.200000,0.006940,3.411765,29.119583,2.000000,24.000000,0.773333
0.200000,0.006940,3.411765,29.119583,2.000000,24.000000,0.773333
0.200000,0.004149,2.727273,28.001609,1.888889,27.000000,0.731707
0.125000,0.631846,2.000000,30.000000,1.500000,8.000000,0.666667
0.100000,0.067797,1.750000,26.625790,1.688889,10.000000,0.636364
0.200000,0.817214,6.000000,25.508608,1.428571,7.000000,0.857143
0.200000,0.342692,1.750000,7.891319,1.300000,5.000000,0.636364
0.166667,0.032657,2.458333,28.414400,2.021212,45.000000,0.710843
0.166667,0.235345,2.288889,23.468902,1.973790,32.000000,0.695946
0.166667,0.056075,3.250000,26.869677,1.133333,6.000000,0.764706
0.142857,0.023627,1.615385,29.978537,1.416667,9.000000,0.617647
0.142857,0.661991,1.421053,24.735734,1.705128,13.000000,0.586957
0.125000,0.286469,1.545455,30.000000,1.392857,8.000000,0.607143
0.125000,0.363034,2.375000,21.612561,1.800000,16.000000,0.703704
0.200000,0.565651,1.035714,27.769231,1.782051,13.000000,0.508772
0.125000,1.000000,1.086957,30.000000,1.654545,11.000000,0.520833
0.076923,0.021277,1.785714,22.599018,1.743590,13.000000,0.641026
0.076923,0.314585,2.052632,24.855263,1.830882,17.000000,0.672414
0.062500,0.203510,2.769231,29.716919,1.733333,16.000000,0.734694
0.062500,0.363034,2.375000,21.612561,1.800000,16.000000,0.703704
0.200000,0.115484,3.000000,28.229259,2.020000,25.000000,0.750000
0.200000,0.115484,3.000000,28.229259,2.020000,25.000000,0.750000
0.200000,0.115484,3.000000,28.229259,2.020000,25.000000,0.750000
0.142857,0.569576,1.619048,29.809103,1.628205,13.000000,0.618182
0.125000,0.447456,1.714286,10.225380,1.571429,8.000000,0.631579
0.125000,0.274352,2.633333,26.869894,2.013937,42.000000,0.724771
0.250000,0.749254,1.727273,30.000000,1.577778,10.000000,0.633333
0.250000,0.749254,1.727273,30.000000,1.577778,10.000000,0.633333
0.142857,0.261431,1.372549,22.407876,2.000000,28.000000,0.578512
0.142857,0.723153,1.545455,30.000000,1.836364,11.000000,0.607143
0.076923,0.236007,2.100000,20.277850,1.838235,17.000000,0.677419
0.076923,0.550449,2.166667,21.596119,1.782051,13.000000,0.684211
0.200000,0.009309,1.906250,20.976461,2.014493,24.000000,0.655914
0.071429,0.365013,3.400000,27.963054,1.816667,16.000000,0.772727
0.071429,0.979724,1.344828,26.682191,1.670330,14.000000,0.573529
0.142857,0.106796,1.785714,22.599018,1.743590,13.000000,0.641026
0.100000,0.318799,2.333333,29.475471,1.978261,24.000000,0.700000
0.100000,0.139581,3.000000,30.000000,1.644444,10.000000,0.750000
0.100000,0.139581,3.000000,30.000000,1.644444,10.000000,0.750000
0.100000,0.318799,2.333333,29.475471,1.978261,24.000000,0.700000
0.142857,0.106796,1.785714,22.599018,1.743590,13.000000,0.641026
0.111111,0.909936,2.375000,26.425735,1.527778,9.000000,0.703704
0.111111,0.305167,2.160000,29.673210,1.495238,15.000000,0.683544
0.090909,0.696428,1.615385,23.863046,1.654545,11.000000,0.617647
0.050000,1.000000,1.633333,21.442500,1.804762,21.000000,0.620253
0.200000,0.490469,4.000000,22.015708,1.688889,10.000000,0.800000
0.038462,0.025312,2.100000,28.048433,1.741538,26.000000,0.677419
0.181818,1.000000,1.642857,16.629116,1.787879,12.000000,0.621622
0.090909,0.227608,1.468085,30.000000,1.602339,19.000000,0.594828
0.111111,0.234757,1.888889,25.893247,1.852381,21.000000,0.653846
0.111111,0.000000,1.750000,29.346106,1.416667,9.000000,0.636364
0.142857,0.036364,3.666667,25.425164,1.476190,7.000000,0.785714
0.142857,1.000000,1.545455,28.470264,1.836364,11.000000,0.607143
0.111111,0.114503,1.727273,29.220221,1.774704,23.000000,0.633333
0.111111,1.000000,1.545455,28.470264,1.836364,11.000000,0.607143
0.090909,0.104000,1.800000,21.500502,1.717949,13.000000,0.642857
0.111111,1.000000,1.555556,29.877850,1.611111,9.000000,0.608696
0.111111,0.139746,2.000000,19.807520,1.757576,12.000000,0.666667
0.250000,0.139866,2.603774,27.134793,2.079659,38.000000,0.722513
0.250000,0.150634,2.563636,27.579577,2.099865,39.000000,0.719388
0.083333,0.042813,1.941176,29.170708,1.866667,15.000000,0.660000
0.166667,0.500781,1.678571,24.996037,1.716667,16.000000,0.626667
0.125000,0.621997,2.153846,26.260596,2.238095,15.000000,0.682927
0.200000,0.000000,2.000000,28.360949,1.400000,5.000000,0.666667
0.200000,1.000000,3.750000,29.231905,1.583333,9.000000,0.789474
0.076923,0.804365,2.603774,27.134793,2.079659,38.000000,0.722513
0.090909,0.833840,2.714286,28.353039,2.097479,35.000000,0.730769
0.083333,0.977002,1.060606,11.814044,1.847619,15.000000,0.514706
0.083333,0.880516,3.789474,28.292862,1.949275,24.000000,0.791209
0.035714,0.834450,2.543860,27.179734,2.116667,40.000000,0.717822
0.035714,0.023526,2.166667,29.265073,1.910053,28.000000,0.684211
0.142857,0.798958,1.625000,24.988171,1.380952,7.000000,0.619048
0.071429,0.611327,1.779412,25.085860,2.000000,38.000000,0.640212
0.071429,0.458121,1.750000,28.900082,1.538462,14.000000,0.636364
0.050000,0.206606,1.457143,18.915020,1.921053,20.000000,0.593023
0.050000,0.488782,1.833333,25.978645,2.005128,40.000000,0.647059
0.142857,0.611327,1.779412,25.085860,2.000000,38.000000,0.640212
0.090909,0.883360,1.466667,25.342347,1.858974,13.000000,0.594595
0.090909,0.830728,4.000000,20.163644,1.927273,11.000000,0.800000
0.100000,0.175049,2.066667,28.989375,1.733333,21.000000,0.673913
0.100000,0.412514,2.300000,29.265348,1.488889,10.000000,0.696970
0.100000,0.412514,2.300000,29.265348,1.488889,10.000000,0.696970
0.100000,0.175049,2.066667,28.989375,1.733333,21.000000,0.673913
0.100000,0.592973,2.066667,28.989375,1.733333,21.000000,0.673913
0.100000,0.412514,2.300000,29.265348,1.488889,10.000000,0.696970
0.200000,1.000000,1.411765,24.200026,1.757576,12.000000,0.585366
0.200000,0.298068,2.400000,7.098786,1.428571,7.000000,0.705882
0.200000,0.258470,2.000000,26.520748,2.238095,15.000000,0.666667
0.200000,0.803163,2.000000,28.360949,1.400000,5.000000,0.666667
0.062500,0.338524,2.870968,27.931721,1.866667,30.000000,0.741667
0.076923,0.095486,2.234043,26.726178,1.832184,30.000000,0.690789
0.076923,0.363542,2.461538,28.233442,1.641026,13.000000,0.711111
0.090909,0.095486,2.234043,26.726178,1.832184,30.000000,0.690789
0.090909,0.160659,1.640000,27.939448,1.254545,11.000000,0.621212
0.111111,0.000000,1.750000,30.000000,1.416667,9.000000,0.636364
0.111111,0.443349,1.888889,25.981226,1.852381,21.000000,0.653846
0.083333,0.091623,1.777778,28.956128,1.786667,25.000000,0.640000
0.083333,0.399017,2.000000,19.807520,1.757576,12.000000,0.666667
0.111111,0.298130,14.666667,25.670916,1.619048,15.000000,0.936170
0.111111,0.549653,1.923077,30.000000,1.305556,9.000000,0.657895
0.111111,0.747702,1.324324,25.697850,1.936842,20.000000,0.569767
0.111111,0.298130,14.666667,25.670916,1.619048,15.000000,0.936170
0.166667,0.350392,1.714286,30.000000,1.428571,7.000000,0.631579
0.111111,0.298130,14.666667,25.670916,1.619048,15.000000,0.936170
0.076923,0.563557,1.394737,25.478243,1.952381,21.000000,0.582418
0.153846,0.004405,1.263158,30.000000,1.779412,17.000000,0.558140
0.076923,0.944116,3.833333,27.880416,1.884615,13.000000,0.793103
0.250000,0.008850,1.916667,27.363636,1.636364,11.000000,0.657143
0.200000,1.000000,5.000000,16.795613,1.600000,5.000000,0.833333
0.200000,0.131148,4.000000,24.642701,1.533333,6.000000,0.800000
0.100000,1.000000,1.333333,30.000000,1.533333,10.000000,0.571429
0.090909,0.597390,1.733333,22.633744,1.600000,11.000000,0.634146
0.090909,0.010241,2.176471,29.944416,1.551282,13.000000,0.685185
0.090909,0.597390,1.733333,22.633744,1.600000,11.000000,0.634146
0.090909,0.719046,2.193548,28.671757,1.731602,22.000000,0.686869
0.090909,0.597390,1.733333,22.633744,1.600000,11.000000,0.634146
0.090909,0.329345,2.193548,28.671757,1.731602,22.000000,0.686869
0.111111,0.332987,1.285714,28.978089,1.581818,11.000000,0.562500
0.090909,0.329345,2.193548,28.671757,1.731602,22.000000,0.686869
0.090909,0.597390,1.733333,22.633744,1.600000,11.000000,0.634146
0.125000,0.441597,1.857143,30.000000,1.535714,8.000000,0.650000
0.125000,0.441597,1.857143,30.000000,1.535714,8.000000,0.650000
0.071429,1.000000,1.444444,28.524992,1.824176,14.000000,0.590909
0.071429,0.470854,2.045455,21.930941,1.810458,18.000000,0.671642
0.100000,0.106381,2.793103,28.887270,1.828042,28.000000,0.736364
0.090909,0.561453,1.470588,26.346160,1.636364,11.000000,0.595238
0.076923,0.129279,1.818182,25.384615,1.551282,13.000000,0.645161
0.071429,0.562178,3.777778,27.264252,2.108333,16.000000,0.790698
0.125000,0.255918,1.800000,30.000000,1.816176,17.000000,0.642857
0.125000,0.255918,1.800000,30.000000,1.816176,17.000000,0.642857
0.083333,0.172124,1.846154,24.958643,1.636364,12.000000,0.648649
0.071429,0.930735,3.777778,27.264252,2.108333,16.000000,0.790698
0.111111,0.358279,2.090909,22.637823,1.361111,9.000000,0.676471
0.166667,0.545346,3.545455,29.111676,1.829710,24.000000,0.780000
0.125000,0.441560,2.647059,29.380134,1.625000,16.000000,0.725806
0.125000,0.566943,1.818182,26.090059,1.285714,8.000000,0.645161
0.111111,0.436491,3.833333,30.000000,1.361111,9.000000,0.793103
0.076923,0.836707,1.750000,28.426833,1.869281,18.000000,0.636364
0.200000,0.413318,6.000000,30.000000,1.400000,5.000000,0.857143
0.111111,1.000000,1.384615,23.772009,1.555556,9.000000,0.580645
0.090909,0.807519,1.818182,27.674566,1.690909,11.000000,0.645161
0.200000,0.112402,2.954545,25.603572,2.003077,26.000000,0.747126
0.052632,0.608713,1.848485,28.585976,1.736842,19.000000,0.648936
0.052632,0.304062,2.150000,27.866256,1.754986,27.000000,0.682540
0.200000,0.745708,2.125000,29.141316,1.731602,22.000000,0.680000
0.250000,0.466094,1.652174,21.682634,1.882353,17.000000,0.622951
0.200000,0.379644,2.125000,29.141316,1.731602,22.000000,0.680000
0.200000,0.112402,2.954545,25.603572,2.003077,26.000000,0.747126
0.045455,0.085095,2.172414,23.652249,1.917749,22.000000,0.684783
0.045455,0.447441,2.588235,29.993339,1.822660,29.000000,0.721311
0.200000,0.379644,2.125000,29.141316,1.731602,22.000000,0.680000
0.200000,0.112402,2.954545,25.603572,2.003077,26.000000,0.747126
0.062500,0.896487,2.607143,28.189313,1.709957,22.000000,0.722772
0.062500,0.701395,2.857143,28.841261,1.683794,23.000000,0.740741
0.062500,0.436848,2.277778,29.041741,1.658333,16.000000,0.694915
0.062500,0.973177,3.466667,29.454783,1.692810,18.000000,0.776119
0.111111,0.896487,2.607143,28.189313,1.709957,22.000000,0.722772
0.111111,0.117325,1.571429,30.000000,1.083333,9.000000,0.611111
0.111111,0.919910,7.000000,29.296419,1.980952,15.000000,0.875000
0.111111,0.851093,2.428571,13.745696,1.527778,9.000000,0.708333
0.111111,0.851093,2.428571,13.745696,1.527778,9.000000,0.708333
0.111111,0.943064,7.000000,29.296419,1.980952,15.000000,0.875000
0.142857,0.361781,1.882353,19.125975,1.695238,15.000000,0.653061
0.142857,1.000000,1.500000,30.000000,1.533333,10.000000,0.600000
0.032258,0.044804,1.303030,29.250877,1.989247,31.000000,0.565789
0.032258,0.175012,2.441860,24.368750,2.052419,32.000000,0.709459
0.047619,0.175012,2.441860,24.368750,2.052419,32.000000,0.709459
0.047619,1.000000,1.689655,27.929266,1.804762,21.000000,0.628205
0.111111,0.234096,2.500000,26.054987,1.600000,10.000000,0.714286
0.125000,1.000000,1.545455,30.000000,1.392857,8.000000,0.607143
0.125000,0.063945,2.045455,21.930941,1.810458,18.000000,0.671642
0.166667,0.028571,2.000000,25.756942,1.500000,8.000000,0.666667
0.058824,0.116448,2.030303,27.533040,2.003846,40.000000,0.670000
0.058824,0.165629,1.785714,27.820097,1.632353,17.000000,0.641026
0.055556,0.004115,2.363636,27.210871,1.754386,19.000000,0.702703
0.055556,0.314213,3.800000,23.326400,2.137255,18.000000,0.791667
0.043478,0.666648,1.204082,23.232445,1.980237,23.000000,0.546296
0.043478,0.116448,2.030303,27.533040,2.003846,40.000000,0.670000
0.058824,0.004115,1.809524,28.294118,1.808824,17.000000,0.644068
0.058824,0.314213,3.800000,23.326400,2.137255,18.000000,0.791667
0.083333,0.344803,1.714286,21.417014,1.636364,12.000000,0.631579
0.083333,0.004115,2.363636,26.658512,1.754386,19.000000,0.702703
0.250000,0.688036,2.125000,29.724260,1.527778,9.000000,0.680000
0.090909,0.002015,1.761905,29.693635,1.741667,16.000000,0.637931
0.166667,0.149758,1.687500,29.094744,1.717949,13.000000,0.627907
0.125000,0.550802,1.555556,30.000000,1.500000,8.000000,0.608696
0.066667,0.118140,1.509804,26.123840,1.982759,29.000000,0.601562
0.166667,0.029289,1.800000,26.082723,1.400000,6.000000,0.642857
0.200000,0.598310,2.666667,29.580798,1.428571,8.000000,0.727273
0.066667,0.128500,2.333333,27.836128,1.884211,20.000000,0.700000
0.200000,0.013829,2.666667,29.580798,1.428571,8.000000,0.727273
0.125000,0.044151,1.800000,30.000000,1.816176,17.000000,0.642857
0.066667,0.000000,2.103448,29.192675,1.491667,16.000000,0.677778
0.066667,0.178758,1.285714,28.083493,1.714286,15.000000,0.562500
0.250000,0.044870,1.615385,22.780085,1.929825,19.000000,0.617647
0.052632,0.346684,1.607143,26.962976,2.069686,42.000000,0.616438
0.052632,0.180160,1.857143,28.812009,1.619883,19.000000,0.650000
0.038462,0.346684,1.607143,26.962976,2.069686,42.000000,0.616438
0.038462,0.035112,1.411765,28.235026,1.993846,26.000000,0.585366
0.100000,0.822668,1.615385,23.563633,1.533333,10.000000,0.617647
0.166667,0.037969,2.250000,25.527290,1.400000,6.000000,0.692308
0.142857,0.133333,2.250000,22.964868,1.571429,7.000000,0.692308
0.142857,0.035167,2.444444,21.457291,1.803030,12.000000,0.709677
0.250000,0.255245,1.815789,28.156528,1.771429,21.000000,0.644860
0.250000,0.255245,1.815789,28.156528,1.771429,21.000000,0.644860
0.111111,0.136784,3.285714,30.000000,1.361111,9.000000,0.766667
0.125000,1.000000,1.625000,26.493517,1.535714,8.000000,0.619048
0.125000,0.700760,2.000000,28.540079,1.733333,15.000000,0.666667
0.071429,0.457942,1.481481,26.954986,1.659341,14.000000,0.597015
0.071429,0.670179,2.384615,28.856437,1.659341,14.000000,0.704545
0.076923,0.004115,3.375000,28.424027,1.807692,13.000000,0.771429
0.058824,0.648268,2.785714,28.461911,1.742647,17.000000,0.735849
0.058824,0.447445,2.045455,21.930941,1.810458,18.000000,0.671642
0.083333,0.457942,1.481481,26.954986,1.659341,14.000000,0.597015
0.083333,0.226722,2.076923,22.896155,1.681818,12.000000,0.675000
0.076923,0.004115,3.375000,28.424027,1.807692,13.000000,0.771429
0.090909,0.223740,2.441860,24.368750,2.052419,32.000000,0.709459
0.090909,0.701527,1.588235,20.103452,1.509091,11.000000,0.613636
0.058824,0.000000,1.526316,30.000000,1.633987,18.000000,0.604167
0.066667,0.224141,2.545455,27.706120,1.686275,18.000000,0.717949
0.058824,0.000000,1.526316,30.000000,1.633987,18.000000,0.604167
0.058824,0.000000,1.526316,30.000000,1.633987,18.000000,0.604167
0.058824,0.038032,2.000000,28.590694,1.522059,17.000000,0.666667
0.058824,0.662208,1.790323,25.726063,2.057143,36.000000,0.641618
0.058824,0.038032,2.000000,28.590694,1.522059,17.000000,0.666667
0.058824,0.347452,1.790323,25.726063,2.057143,36.000000,0.641618
0.125000,0.927774,2.062500,25.594326,1.981855,32.000000,0.673469
0.045455,0.022871,1.781250,27.640826,1.774704,23.000000,0.640449
0.045455,0.367458,1.939394,23.950871,1.852814,22.000000,0.659794
0.043478,0.225100,1.777778,29.107842,1.786667,25.000000,0.640000
0.043478,0.865113,1.947368,27.712324,1.893333,25.000000,0.660714
0.076923,1.000000,1.947368,27.712324,1.893333,25.000000,0.660714
0.047619,0.028949,1.633333,21.442500,1.804762,21.000000,0.620253
0.047619,0.649654,1.300000,28.145240,2.006897,30.000000,0.565217
0.250000,0.918314,2.150000,28.066116,1.920635,28.000000,0.682540
0.076923,0.865113,1.947368,27.712324,1.893333,25.000000,0.660714
0.250000,0.691275,1.323077,29.140851,1.989247,31.000000,0.569536
0.125000,1.000000,2.062500,25.594326,1.981855,32.000000,0.673469
0.166667,0.785232,1.372549,22.407876,2.000000,28.000000,0.578512
0.166667,0.127692,2.200000,29.422231,1.266667,6.000000,0.687500
0.083333,0.574265,1.208333,29.648190,2.016129,32.000000,0.547170
0.083333,0.286281,1.450000,29.711115,1.606061,12.000000,0.591837
0.142857,0.490546,1.509804,25.761322,1.982759,29.000000,0.601562
0.142857,1.000000,3.000000,23.988116,1.944444,9.000000,0.750000
0.083333,0.695788,1.323077,29.416664,1.989247,31.000000,0.569536
0.111111,0.004049,2.166667,28.564756,1.722222,9.000000,0.684211
0.111111,0.959778,2.384615,26.444308,2.130904,39.000000,0.704545
0.111111,0.004049,2.166667,28.564756,1.722222,9.000000,0.684211
0.111111,1.000000,2.384615,26.444308,2.130904,39.000000,0.704545
0.250000,1.000000,2.150000,28.066116,1.920635,28.000000,0.682540
0.166667,0.128530,2.133333,29.300186,1.733333,16.000000,0.680851
0.100000,0.711940,2.444444,27.703577,1.511111,10.000000,0.709677
0.043478,0.257377,2.205882,28.716631,1.703557,23.000000,0.688073
0.043478,0.378703,2.633333,26.869894,2.013937,42.000000,0.724771
0.111111,0.807920,1.818182,27.347583,1.690909,11.000000,0.645161
0.200000,0.116269,10.000000,28.513216,1.809524,7.000000,0.909091
0.200000,0.441069,4.055556,29.536530,1.938462,26.000000,0.802198
0.100000,0.374776,2.590164,28.386623,2.013937,42.000000,0.721461
0.100000,0.249142,2.625000,28.051933,1.555556,10.000000,0.724138
0.125000,0.311181,2.855072,29.439148,2.004433,48.000000,0.740602
0.125000,1.000000,3.500000,30.000000,1.500000,8.000000,0.777778
0.142857,0.525725,3.226667,28.151109,1.995646,53.000000,0.763407
0.250000,0.441069,4.055556,29.495060,1.938462,26.000000,0.802198
0.142857,0.591590,3.379310,28.528065,1.995375,47.000000,0.771654
0.142857,0.092843,2.200000,24.141185,1.476190,7.000000,0.687500
0.142857,0.382083,2.633333,27.329482,2.013937,42.000000,0.724771
0.142857,0.023157,1.666667,28.070740,1.523810,7.000000,0.625000
0.142857,0.002168,1.645161,27.112112,1.859649,19.000000,0.621951
0.111111,0.043672,2.076923,28.513326,2.138095,21.000000,0.675000
0.166667,0.722127,1.800000,26.491136,1.400000,6.000000,0.642857
0.166667,0.458639,1.818182,24.331530,1.622222,10.000000,0.645161
0.111111,0.053757,2.500000,27.496786,1.696970,12.000000,0.714286
0.166667,0.686534,1.800000,25.000000,1.400000,6.000000,0.642857
0.166667,1.000000,7.000000,26.850574,1.571429,8.000000,0.875000
0.083333,0.147476,1.941176,29.273867,1.522059,17.000000,0.660000
0.083333,0.836073,2.636364,27.122559,1.651515,12.000000,0.725000
0.250000,0.247904,2.129032,29.019011,1.522059,17.000000,0.680412
0.142857,0.895499,3.000000,28.922684,1.428571,7.000000,0.750000
0.250000,0.902530,2.000000,30.000000,1.000000,4.000000,0.666667
0.200000,0.370243,1.823529,25.757385,1.692308,13.000000,0.645833
0.111111,1.000000,1.483871,20.912690,1.720588,17.000000,0.597403
0.111111,0.157415,1.578947,29.447474,1.490909,11.000000,0.612245
0.200000,0.244857,2.666667,24.770497,1.200000,5.000000,0.727273
0.166667,0.226701,2.200000,25.000000,1.266667,6.000000,0.687500
0.083333,0.062548,1.923077,27.512878,1.707602,19.000000,0.657895
0.083333,0.487857,1.466667,22.236683,1.803030,12.000000,0.594595
0.166667,0.006211,1.909091,24.705320,1.781818,11.000000,0.656250
0.125000,1.000000,7.000000,27.834595,1.571429,8.000000,0.875000
0.125000,0.528862,1.818182,24.331530,1.622222,10.000000,0.645161
0.125000,0.124308,2.428571,30.000000,1.527778,9.000000,0.708333
0.125000,0.280810,1.487179,30.000000,1.633987,18.000000,0.597938
0.125000,1.000000,1.500000,15.650375,1.500000,8.000000,0.600000
0.125000,0.280810,1.487179,30.000000,1.633987,18.000000,0.597938
0.125000,1.000000,1.500000,15.650375,1.500000,8.000000,0.600000
0.111111,0.436636,3.555556,28.971311,1.590909,12.000000,0.780488
0.111111,0.004115,2.333333,26.175481,1.611111,9.000000,0.700000
0.125000,0.280810,1.487179,30.000000,1.633987,18.000000,0.597938
0.125000,1.000000,1.500000,15.650375,1.500000,8.000000,0.600000
0.200000,0.397498,2.083333,27.291233,1.742690,19.000000,0.675676
0.076923,0.703920,1.204082,22.813656,1.980237,23.000000,0.546296
0.076923,1.000000,1.800000,27.466443,1.717949,13.000000,0.642857
0.043478,0.104582,1.838710,28.620267,1.810277,23.000000,0.647727
0.043478,0.369666,1.207792,28.888799,2.003788,33.000000,0.547059
0.200000,0.369666,1.207792,28.888799,2.003788,33.000000,0.547059
0.200000,0.171875,3.333333,25.039756,1.000000,5.000000,0.769231
0.142857,0.369666,1.207792,28.888799,2.003788,33.000000,0.547059
0.142857,0.779649,1.714286,30.000000,1.476190,7.000000,0.631579
0.142857,0.369666,1.207792,28.888799,2.003788,33.000000,0.547059
0.142857,1.000000,1.714286,30.000000,1.476190,7.000000,0.631579
0.058824,0.673523,1.828571,24.330556,1.971014,24.000000,0.646465
0.058824,0.673294,2.000000,25.333875,1.771242,18.000000,0.666667
0.125000,0.000000,3.300000,28.319275,1.666667,13.000000,0.767442
0.058824,1.000000,1.297297,30.000000,1.779412,17.000000,0.564706
0.058824,0.939326,1.324324,25.697850,1.936842,20.000000,0.569767
0.142857,0.398026,1.750000,29.324691,1.611111,9.000000,0.636364
0.083333,0.161079,2.076923,29.731344,1.758242,14.000000,0.675000
0.071429,0.012146,3.083333,21.545438,1.681319,14.000000,0.755102
0.071429,0.616193,1.484375,24.763638,1.951724,30.000000,0.597484
0.083333,0.309321,1.812500,25.004785,1.857143,14.000000,0.644444
0.181818,1.000000,3.428571,28.583370,1.600000,16.000000,0.774194
0.142857,0.755586,1.571429,30.000000,1.476190,7.000000,0.611111
0.142857,0.420409,1.660377,21.613397,1.806268,27.000000,0.624113
0.250000,0.234934,2.000000,30.000000,1.533333,6.000000,0.666667
0.250000,1.000000,2.000000,30.000000,1.333333,4.000000,0.666667
0.166667,0.934401,1.269231,26.924439,1.666667,13.000000,0.559322
0.111111,0.831756,1.666667,29.442841,1.666667,9.000000,0.625000
0.111111,0.690455,9.666667,28.396961,1.651515,12.000000,0.906250
0.041667,0.229276,1.400000,28.750000,1.905797,24.000000,0.583333
0.041667,0.407786,1.177215,29.473914,2.003788,33.000000,0.540698
0.250000,1.000000,1.714286,30.000000,1.476190,7.000000,0.631579
0.090909,0.433340,3.375000,30.000000,1.807692,13.000000,0.771429
0.090909,0.433340,3.375000,30.000000,1.807692,13.000000,0.771429
0.066667,0.317664,1.714286,22.344808,1.657143,15.000000,0.631579
0.250000,0.686102,1.714286,30.000000,1.476190,7.000000,0.631579
0.100000,0.369633,1.900000,25.184981,1.577778,10.000000,0.655172
0.100000,0.221938,2.153846,27.088337,1.839901,29.000000,0.682927
0.142857,1.000000,2.062500,20.493556,1.819048,15.000000,0.673469
0.200000,0.000000,2.000000,30.000000,1.200000,5.000000,0.666667
0.076923,0.274336,1.207792,28.888799,2.003788,33.000000,0.547059
0.076923,0.146807,1.631579,22.868844,1.602564,13.000000,0.620000
0.111111,0.000000,2.136364,27.838281,1.878947,20.000000,0.681159
0.111111,0.000000,3.941176,26.931911,1.956522,23.000000,0.797619
0.037037,0.524329,1.660377,21.613397,1.806268,27.000000,0.624113
0.058824,0.462913,1.785714,26.683605,1.632353,17.000000,0.641026
0.090909,0.228172,1.884615,28.639566,1.679739,18.000000,0.653333
0.090909,0.261485,2.230769,27.272727,1.509091,11.000000,0.690476
0.111111,0.683441,4.600000,28.215346,1.416667,9.000000,0.821429
0.111111,0.238792,2.365854,29.583316,1.858065,31.000000,0.702899
0.250000,0.140495,4.333333,27.382505,1.926407,22.000000,0.812500
0.250000,0.261853,3.333333,26.813867,1.555556,10.000000,0.769231
0.037037,0.156482,2.355556,28.766210,1.868817,31.000000,0.701987
0.037037,0.068966,2.333333,27.706966,1.809117,27.000000,0.700000
0.166667,0.526575,2.750000,21.344561,1.266667,6.000000,0.733333
0.083333,0.636914,2.900000,26.088422,1.606061,12.000000,0.743590
0.083333,0.636914,2.900000,26.088422,1.606061,12.000000,0.743590
0.166667,0.714172,2.133333,28.498798,1.666667,13.000000,0.680851
0.066667,0.002381,2.533333,26.205928,1.676190,15.000000,0.716981
0.083333,0.636914,2.900000,26.088422,1.606061,12.000000,0.743590
0.066667,0.002381,2.533333,26.205928,1.676190,15.000000,0.716981
0.066667,0.002381,2.533333,26.205928,1.676190,15.000000,0.716981
0.166667,0.646051,2.600000,27.220532,1.133333,6.000000,0.722222
0.166667,0.460115,2.058824,30.000000,1.615385,13.000000,0.673077
0.083333,0.251089,1.714286,29.107500,1.712121,12.000000,0.631579
0.083333,0.166667,2.000000,27.917411,1.604396,14.000000,0.666667
0.100000,0.714601,2.333333,17.213500,1.690909,11.000000,0.700000
0.200000,0.746746,1.750000,26.250000,1.500000,8.000000,0.636364
0.090909,0.714601,2.333333,17.213500,1.690909,11.000000,0.700000
0.090909,0.401878,2.441860,25.372748,2.052419,32.000000,0.709459
0.076923,0.285639,4.857143,27.520929,1.676190,15.000000,0.829268
0.071429,0.152300,2.370370,27.724473,1.845850,23.000000,0.703297
0.052632,0.077237,1.961538,26.200167,1.802956,29.000000,0.662338
0.052632,0.949125,1.600000,16.592669,1.672515,19.000000,0.615385
0.052632,0.077237,1.961538,26.200167,1.802956,29.000000,0.662338
0.052632,1.000000,1.600000,16.592669,1.672515,19.000000,0.615385
0.125000,0.000000,3.200000,30.000000,1.428571,8.000000,0.761905
0.125000,0.024793,3.200000,30.000000,1.428571,8.000000,0.761905
0.071429,0.044423,2.136364,28.587395,1.878947,20.000000,0.681159
0.250000,0.012559,4.428571,30.000000,1.826087,23.000000,0.815789
0.040000,0.000000,1.585366,28.819671,1.813333,25.000000,0.613208
0.040000,0.367022,1.216867,26.755542,2.016807,35.000000,0.548913
0.200000,1.000000,2.060606,29.188926,1.880000,25.000000,0.673267
0.037037,0.049672,2.333333,28.624470,1.809117,27.000000,0.700000
0.037037,0.273071,1.841270,27.822255,1.886364,33.000000,0.648045
0.043478,0.781025,1.870968,20.718437,1.897233,23.000000,0.651685
0.043478,0.300093,2.781250,29.657568,1.866667,30.000000,0.735537
0.166667,0.027027,4.666667,25.939545,1.066667,6.000000,0.823529
0.166667,0.367022,1.216867,26.755542,2.016807,35.000000,0.548913
0.090909,0.781025,1.870968,20.718437,1.897233,23.000000,0.651685
0.090909,0.913269,1.640000,28.483927,1.254545,11.000000,0.621212
0.125000,0.000000,2.000000,30.000000,1.464286,8.000000,0.666667
0.125000,0.367022,1.216867,26.755542,2.016807,35.000000,0.548913
0.125000,0.000000,2.000000,30.000000,1.464286,8.000000,0.666667
0.125000,0.367022,1.216867,26.755542,2.016807,35.000000,0.548913
0.250000,0.012559,4.428571,30.000000,1.826087,23.000000,0.815789
0.035714,0.028571,1.543478,28.982274,1.904762,28.000000,0.606838
0.035714,0.367022,1.216867,26.755542,2.016807,35.000000,0.548913
0.111111,0.273071,1.841270,27.822255,1.886364,33.000000,0.648045
0.166667,0.456543,2.035714,29.056821,1.757143,21.000000,0.670588
0.166667,0.765349,1.571429,29.364681,1.266667,6.000000,0.611111
0.200000,0.248255,3.333333,29.923266,1.743590,13.000000,0.769231
0.100000,0.439296,1.866667,22.545695,1.400000,10.000000,0.651163
0.100000,0.050092,4.833333,29.473434,1.730769,13.000000,0.828571
0.142857,0.824568,2.062500,21.374942,2.052632,19.000000,0.673469
0.142857,0.227113,4.000000,26.992402,1.238095,7.000000,0.800000
0.142857,0.000000,2.600000,30.000000,1.380952,7.000000,0.722222
0.142857,0.269297,2.000000,27.611397,1.937634,31.000000,0.666667
0.100000,1.000000,1.750000,27.123757,1.533333,10.000000,0.636364
0.100000,0.084575,1.650000,26.789923,1.911681,27.000000,0.622642
0.125000,0.223861,1.320000,28.851769,1.897059,17.000000,0.568966
0.076923,0.090088,1.576923,26.582217,1.906433,19.000000,0.611940
0.076923,0.213464,4.000000,26.983700,1.589744,13.000000,0.800000
0.066667,0.033782,1.603175,27.206511,1.954839,31.000000,0.615854
0.066667,0.484008,2.437500,28.746204,1.723810,15.000000,0.709091
0.045455,1.000000,1.892857,26.914451,1.805195,22.000000,0.654321
0.166667,0.433068,2.600000,27.273088,1.723810,15.000000,0.722222
0.200000,0.334202,3.000000,26.330458,1.600000,10.000000,0.750000
0.166667,0.543172,1.603175,27.206511,1.954839,31.000000,0.615854
0.125000,0.625130,2.600000,22.461977,1.642857,8.000000,0.722222
0.125000,0.491029,2.117647,26.722222,1.764706,18.000000,0.679245
0.100000,0.433124,2.250000,29.790834,1.952381,15.000000,0.692308
0.222222,0.543172,1.603175,27.206511,1.954839,31.000000,0.615854
0.166667,1.000000,3.666667,30.000000,1.266667,6.000000,0.785714
0.200000,0.236440,2.458333,24.057928,1.699346,18.000000,0.710843
0.062500,0.003922,1.714286,29.410554,1.766667,16.000000,0.631579
0.045455,0.127077,1.581818,28.223553,1.958128,29.000000,0.612676
0.111111,0.089437,2.190476,27.510232,1.609524,15.000000,0.686567
0.111111,0.007874,4.000000,25.929068,1.333333,9.000000,0.800000
0.250000,0.133735,1.818182,24.424487,1.972332,23.000000,0.645161
0.111111,0.042553,3.500000,27.079688,1.694444,9.000000,0.777778
0.100000,0.222021,2.078431,29.354915,1.814815,28.000000,0.675159
0.100000,0.023499,3.307692,26.172668,1.801471,17.000000,0.767857
0.200000,1.000000,3.000000,30.000000,1.100000,5.000000,0.750000
0.200000,0.206563,1.777778,26.775274,1.583333,9.000000,0.640000
0.034483,0.003922,2.477612,28.253517,1.996829,44.000000,0.712446
0.034483,0.463304,1.565217,25.233964,1.763547,29.000000,0.610169
0.166667,0.626955,2.000000,18.784730,1.555556,9.000000,0.666667
0.166667,0.004367,2.250000,30.000000,1.400000,6.000000,0.692308
0.047619,0.015873,2.352113,29.365448,2.649321,52.000000,0.701681
0.047619,1.000000,1.560976,23.886235,1.695238,21.000000,0.609524
0.047619,0.002081,1.000000,25.897953,1.990000,25.000000,0.500000
0.047619,0.753076,1.560976,23.886235,1.695238,21.000000,0.609524
0.047619,0.015873,2.352113,29.365448,2.649321,52.000000,0.701681
0.047619,0.753076,1.560976,23.886235,1.695238,21.000000,0.609524
0.142857,0.322051,17.000000,26.519610,1.190476,7.000000,0.944444
0.142857,0.066457,1.523810,28.245568,1.575758,12.000000,0.603774
0.047619,0.015873,2.352113,29.365448,2.649321,52.000000,0.701681
0.047619,0.753076,1.560976,23.886235,1.695238,21.000000,0.609524
0.047619,0.002081,1.000000,25.897953,1.990000,25.000000,0.500000
0.047619,1.000000,1.560976,23.886235,1.695238,21.000000,0.609524
0.111111,1.000000,1.560976,23.886235,1.695238,21.000000,0.609524
0.047619,1.000000,1.560976,23.886235,1.695238,21.000000,0.609524
0.047619,0.015873,2.352113,29.365448,2.649321,52.000000,0.701681
0.111111,0.753076,1.560976,23.886235,1.695238,21.000000,0.609524
0.100000,0.474488,1.722222,28.914884,1.641026,13.000000,0.632653
0.100000,0.305974,1.294118,25.611769,1.555556,10.000000,0.564103
0.076923,0.228563,4.000000,27.193723,1.589744,13.000000,0.800000
0.076923,0.936954,1.029412,25.409350,1.893281,23.000000,0.507246
0.037037,0.507665,2.275000,28.899635,1.809117,27.000000,0.694656
0.037037,0.151050,2.478261,26.860117,1.925134,34.000000,0.712500
0.055556,0.547923,1.701493,27.380387,1.960784,34.000000,0.629834
0.055556,0.000000,2.705882,26.505558,1.882353,18.000000,0.730159
0.142857,0.547923,1.701493,27.380387,1.960784,34.000000,0.629834
0.142857,0.057471,1.714286,23.854830,1.428571,7.000000,0.631579
0.222222,0.547923,1.701493,27.380387,1.960784,34.000000,0.629834
0.111111,0.175046,2.346939,28.169987,1.820565,32.000000,0.701220
0.142857,0.064378,2.400000,29.584156,1.428571,7.000000,0.705882
0.142857,0.318379,2.352113,28.018354,2.649321,52.000000,0.701681
0.040000,0.274803,2.379310,27.320826,1.903333,25.000000,0.704082
0.040000,0.318379,2.352113,28.018354,2.649321,52.000000,0.701681
0.035714,0.694071,1.609375,27.297168,1.965726,32.000000,0.616766
0.035714,0.469400,2.352113,28.018354,2.649321,52.000000,0.701681
0.076923,0.417483,1.660377,21.613397,1.806268,27.000000,0.624113
0.076923,0.570903,2.214286,27.099629,1.666667,13.000000,0.688889
0.090909,0.332874,2.750000,27.228183,1.896825,36.000000,0.733333
0.090909,0.445371,1.750000,23.031382,1.618182,11.000000,0.636364
0.100000,0.318379,2.352113,29.365448,2.649321,52.000000,0.701681
0.083333,0.265306,3.777778,25.108855,1.484848,12.000000,0.790698
0.083333,0.469400,2.352113,28.018354,2.649321,52.000000,0.701681
0.142857,0.291667,2.400000,25.244905,1.428571,7.000000,0.705882
0.142857,0.075631,2.100000,26.242751,1.813793,30.000000,0.677419
0.058824,0.178400,2.526316,29.097698,1.669118,17.000000,0.716418
0.058824,0.318379,2.352113,28.018354,2.649321,52.000000,0.701681
0.100000,0.469400,2.352113,29.365448,2.649321,52.000000,0.701681
0.083333,0.265306,3.777778,25.108855,1.484848,12.000000,0.790698
0.083333,0.318379,2.352113,28.018354,2.649321,52.000000,0.701681
0.035714,0.694071,1.609375,27.297168,1.965726,32.000000,0.616766
0.035714,0.318379,2.352113,28.018354,2.649321,52.000000,0.701681
0.083333,0.724862,1.207792,28.888799,2.003788,33.000000,0.547059
0.083333,0.621691,1.450000,30.000000,1.606061,12.000000,0.591837
0.111111,0.318379,2.352113,28.018354,2.649321,52.000000,0.701681
0.055556,0.024688,2.575000,29.271686,1.841379,30.000000,0.720280
0.055556,0.359769,1.354839,28.333333,1.836601,18.000000,0.575342
0.166667,0.300505,2.553846,27.011210,1.996829,44.000000,0.718615
0.125000,0.337839,2.100000,20.277850,1.838235,17.000000,0.677419
0.200000,0.105081,3.333333,29.439660,1.000000,5.000000,0.769231
0.200000,0.030846,1.650000,26.789923,1.911681,27.000000,0.622642
0.142857,0.207911,1.461538,24.236363,1.500000,9.000000,0.593750
0.111111,0.284911,1.727273,25.590285,1.472222,9.000000,0.633333
0.071429,0.578306,1.750000,28.630603,1.538462,14.000000,0.636364
0.100000,0.892136,2.833333,29.158645,1.733333,10.000000,0.739130
0.083333,0.487974,2.454545,30.000000,1.590909,12.000000,0.710526
0.100000,0.467634,2.733333,29.407539,1.733333,16.000000,0.732143
0.055556,0.072445,1.920000,28.645011,1.686275,18.000000,0.657534
0.083333,0.487974,2.454545,30.000000,1.590909,12.000000,0.710526
0.100000,0.173024,1.420000,29.840827,1.904762,28.000000,0.586777
0.076923,0.270681,3.000000,28.103270,2.054945,14.000000,0.750000
0.142857,1.000000,1.571429,29.521174,1.476190,7.000000,0.611111
0.050000,0.107704,1.947368,25.014966,2.026316,20.000000,0.660714
0.050000,0.844763,2.461538,26.441104,1.852381,21.000000,0.711111
0.050000,0.107704,1.947368,25.014966,2.026316,20.000000,0.660714
0.050000,0.844763,2.461538,26.441104,1.852381,21.000000,0.711111
0.142857,0.263158,1.714286,21.868817,1.428571,7.000000,0.631579
0.142857,0.249083,2.470588,27.370072,1.867647,17.000000,0.711864
0.050000,0.107704,1.947368,25.014966,2.026316,20.000000,0.660714
0.050000,0.844763,2.461538,26.441104,1.852381,21.000000,0.711111
0.250000,0.009360,2.000000,26.312500,1.766667,16.000000,0.666667
0.250000,0.015349,2.090909,29.667490,1.742424,12.000000,0.676471
0.250000,0.015349,2.090909,29.667490,1.742424,12.000000,0.676471
0.142857,0.686703,2.055556,23.622981,2.026316,20.000000,0.672727
0.142857,0.387534,3.200000,28.950497,1.238095,7.000000,0.761905
0.250000,0.089798,2.090909,29.667490,1.742424,12.000000,0.676471
0.066667,0.112098,2.290323,28.875898,1.905138,23.000000,0.696078
0.066667,0.000000,6.000000,28.965319,1.657143,15.000000,0.857143
0.083333,0.535992,2.533333,28.246253,1.761905,22.000000,0.716981
0.142857,0.405282,2.500000,25.714286,1.619048,7.000000,0.714286
0.125000,1.000000,1.625000,26.493517,1.535714,8.000000,0.619048
0.076923,0.431448,2.352941,27.928571,1.615385,14.000000,0.701754
0.076923,0.770094,1.551724,25.030654,1.658333,16.000000,0.608108
0.142857,0.202264,1.818182,28.148411,1.904762,21.000000,0.645161
0.142857,0.073529,2.500000,26.956978,1.523810,7.000000,0.714286
0.083333,0.105943,1.540541,27.008680,1.847368,20.000000,0.606383
0.166667,0.385418,3.000000,26.768296,1.571429,7.000000,0.750000
0.076923,0.804539,3.750000,29.468242,1.743590,13.000000,0.789474
0.076923,0.616052,1.540541,27.008680,1.847368,20.000000,0.606383
0.045455,0.029631,2.506667,28.494433,2.645455,56.000000,0.714829
0.045455,1.000000,1.521739,29.908192,1.696970,22.000000,0.603448
0.045455,0.544840,1.590909,24.890091,1.696970,22.000000,0.614035
0.045455,0.336669,1.000000,26.435837,2.037037,28.000000,0.500000
0.045455,0.029631,2.506667,28.494433,2.645455,56.000000,0.714829
0.045455,0.572555,1.521739,29.908192,1.696970,22.000000,0.603448
0.071429,0.309934,1.400000,19.673419,1.637363,14.000000,0.583333
0.071429,0.544840,1.590909,24.890091,1.696970,22.000000,0.614035
0.111111,0.126890,1.241379,26.459957,1.956522,24.000000,0.553846
0.045455,0.098987,2.506667,28.494433,2.645455,56.000000,0.714829
0.045455,0.572555,1.521739,29.908192,1.696970,22.000000,0.603448
0.045455,0.336669,1.000000,26.435837,2.037037,28.000000,0.500000
0.045455,1.000000,1.590909,24.890091,1.696970,22.000000,0.614035
0.071429,0.309934,1.400000,19.673419,1.637363,14.000000,0.583333
0.071429,1.000000,1.590909,24.890091,1.696970,22.000000,0.614035
0.045455,0.098987,2.506667,28.494433,2.645455,56.000000,0.714829
0.045455,1.000000,1.521739,29.908192,1.696970,22.000000,0.603448
0.045455,0.544840,1.590909,24.890091,1.696970,22.000000,0.614035
0.045455,1.000000,1.590909,24.890091,1.696970,22.000000,0.614035
0.111111,0.282120,2.875000,21.004081,1.690909,11.000000,0.741935
0.111111,0.192148,4.000000,29.978537,1.472222,9.000000,0.800000
0.111111,0.772828,1.900000,29.850955,1.757143,21.000000,0.655172
0.111111,0.553179,2.857143,27.000000,1.822222,10.000000,0.740741
0.250000,1.000000,1.000000,30.000000,1.555556,9.000000,0.500000
0.250000,0.966820,1.000000,30.000000,1.555556,9.000000,0.500000
0.111111,0.772828,1.900000,29.850955,1.757143,21.000000,0.655172
0.111111,0.557065,2.857143,27.000000,1.822222,10.000000,0.740741
0.071429,0.651859,3.900000,27.264634,1.637363,14.000000,0.795918
0.071429,0.412035,2.500000,25.374831,1.933333,15.000000,0.714286
0.200000,0.573974,2.666667,24.951234,1.200000,5.000000,0.727273
0.090909,0.004082,2.500000,29.360233,1.859649,19.000000,0.714286
0.200000,0.114281,1.666667,29.038690,1.684211,20.000000,0.625000
0.166667,0.125622,1.689655,29.578760,1.679739,18.000000,0.628205
0.166667,0.584597,2.000000,30.000000,1.333333,6.000000,0.666667
0.055556,0.141435,1.690476,25.955169,1.904762,28.000000,0.628319
0.055556,0.022127,1.960000,28.269169,1.679739,18.000000,0.662162
0.090909,0.884748,1.937500,23.313230,1.941667,16.000000,0.659574
0.090909,0.237353,1.883333,29.570619,1.859770,30.000000,0.653179
0.111111,0.441519,1.594595,29.184674,1.842105,20.000000,0.614583
0.100000,0.891519,2.000000,26.422127,1.466667,10.000000,0.666667
0.100000,0.304007,1.938776,29.949395,1.976344,31.000000,0.659722
0.166667,0.612852,3.150000,25.145547,1.750988,23.000000,0.759036
0.040000,0.822681,2.694444,29.032258,1.858065,31.000000,0.729323
0.040000,0.529840,1.358491,25.998340,1.993846,26.000000,0.576000
0.090909,0.756912,2.555556,28.914198,1.770000,25.000000,0.718750
0.250000,0.672472,3.090909,25.782154,1.820000,25.000000,0.755556
0.200000,1.000000,1.838710,28.562593,1.810277,23.000000,0.647727
0.076923,0.385275,4.875000,27.828426,1.500000,13.000000,0.829787
0.076923,0.595171,1.051282,25.569278,2.037037,28.000000,0.512500
0.142857,0.235302,3.500000,30.000000,1.333333,7.000000,0.777778
0.166667,0.227216,2.333333,25.291065,1.813187,14.000000,0.700000
0.142857,0.233024,3.500000,30.000000,1.333333,7.000000,0.777778
0.250000,0.207825,1.892857,28.720995,1.805195,22.000000,0.654321
0.125000,0.423546,2.500000,17.875171,1.285714,8.000000,0.714286
0.083333,0.237696,1.700000,21.542407,1.484848,12.000000,0.629630
0.083333,0.268042,1.666667,26.204613,1.816667,16.000000,0.625000
0.062500,0.643338,2.208333,23.920376,2.152632,20.000000,0.688312
0.062500,0.004049,1.666667,28.723895,1.816667,16.000000,0.625000
0.142857,0.506971,1.576923,28.099973,1.982540,36.000000,0.611940
0.142857,0.048780,1.714286,29.775894,1.428571,7.000000,0.631579
0.076923,0.774524,2.600000,27.925363,1.743590,13.000000,0.722222
0.166667,0.544840,1.833333,28.987036,1.266667,6.000000,0.647059
0.166667,0.721797,2.051282,27.433785,1.806667,25.000000,0.672269
0.062500,0.753418,2.212766,28.986630,1.825287,30.000000,0.688742
0.062500,0.008197,3.538462,26.688980,1.741667,16.000000,0.779661
0.142857,0.029940,1.714286,29.896772,1.428571,7.000000,0.631579
0.142857,0.794426,2.146341,27.247844,2.662745,51.000000,0.682171
0.142857,0.004082,2.250000,29.352076,1.666667,7.000000,0.692308
0.142857,0.794426,2.146341,27.247844,2.662745,51.000000,0.682171
0.111111,0.004082,9.000000,24.090404,1.611111,9.000000,0.900000
0.111111,0.794426,2.146341,27.247844,2.662745,51.000000,0.682171
0.166667,0.688617,2.200000,29.479228,1.685714,21.000000,0.687500
0.062500,0.004082,3.538462,29.118931,1.741667,16.000000,0.779661
0.062500,0.794426,2.146341,27.247844,2.662745,51.000000,0.682171
0.125000,0.762878,2.058824,28.288461,1.868817,31.000000,0.673077
0.125000,0.475165,8.000000,22.500141,1.500000,8.000000,0.888889
0.125000,0.004082,3.166667,27.688557,1.321429,8.000000,0.760000
0.125000,0.794426,2.146341,27.247844,2.662745,51.000000,0.682171
0.250000,0.000000,2.000000,30.000000,1.333333,4.000000,0.666667
0.125000,0.421879,4.500000,30.000000,1.357143,8.000000,0.818182
0.125000,0.610971,1.857143,28.125000,1.850000,16.000000,0.650000
0.142857,0.667989,2.400000,30.000000,1.428571,7.000000,0.705882
0.142857,0.144325,2.506667,28.494433,2.645455,56.000000,0.714829
0.142857,0.658809,2.400000,30.000000,1.428571,7.000000,0.705882
0.142857,0.009420,2.506667,28.494433,2.645455,56.000000,0.714829
0.142857,0.658809,2.400000,30.000000,1.428571,7.000000,0.705882
0.250000,0.004082,2.333333,30.000000,1.300000,5.000000,0.700000
0.083333,1.000000,2.833333,28.371257,1.484848,12.000000,0.739130
0.027027,0.416090,2.545455,29.263250,2.658802,58.000000,0.717949
0.066667,0.239214,2.418605,28.271850,1.825287,30.000000,0.707483
0.166667,0.647884,2.000000,30.000000,1.464286,8.000000,0.666667
0.071429,0.434376,2.506667,28.494433,2.645455,56.000000,0.714829
0.071429,0.868066,1.354839,25.783405,1.637363,14.000000,0.575342
0.038462,0.528358,2.506667,28.494433,2.645455,56.000000,0.714829
0.038462,0.041911,1.891892,29.894483,1.956923,26.000000,0.654206
0.066667,0.434376,2.506667,28.494433,2.645455,56.000000,0.714829
0.066667,0.286035,2.058824,28.564098,1.868817,31.000000,0.673077
0.058824,0.434376,2.506667,28.494433,2.645455,56.000000,0.714829
0.058824,0.446360,2.526316,30.000000,1.669118,17.000000,0.716418
0.038462,0.434376,2.506667,28.494433,2.645455,56.000000,0.714829
0.038462,0.041911,1.891892,29.894483,1.956923,26.000000,0.654206
0.100000,0.528358,2.506667,28.494433,2.645455,56.000000,0.714829
0.083333,1.000000,2.833333,29.815296,1.484848,12.000000,0.739130
0.083333,0.434376,2.506667,28.494433,2.645455,56.000000,0.714829
0.027027,0.489813,2.545455,29.263250,2.658802,58.000000,0.717949
0.058824,0.528358,2.506667,28.494433,2.645455,56.000000,0.714829
0.058824,0.446360,2.526316,30.000000,1.669118,17.000000,0.716418
0.062500,0.262802,3.538462,29.274799,1.741667,16.000000,0.779661
0.040000,0.001167,2.090909,29.219763,1.903333,25.000000,0.676471
0.100000,0.434376,2.506667,28.494433,2.645455,56.000000,0.714829
0.250000,0.118752,3.000000,30.000000,1.400000,6.000000,0.750000
0.027027,0.405004,2.545455,29.263250,2.658802,58.000000,0.717949
0.058824,0.433136,2.526316,30.000000,1.669118,17.000000,0.716418
0.083333,1.000000,2.833333,29.815296,1.484848,12.000000,0.739130
0.083333,0.528358,2.506667,28.494433,2.645455,56.000000,0.714829
0.066667,0.286035,2.058824,28.564098,1.868817,31.000000,0.673077
0.066667,0.528358,2.506667,28.494433,2.645455,56.000000,0.714829
0.250000,1.000000,3.000000,30.000000,1.400000,6.000000,0.750000
0.166667,0.647884,2.000000,30.000000,1.464286,8.000000,0.666667
0.071429,0.528358,2.506667,28.494433,2.645455,56.000000,0.714829
0.071429,0.868066,1.354839,25.783405,1.637363,14.000000,0.575342
0.071429,0.796752,1.400000,19.673419,1.637363,14.000000,0.583333
0.055556,0.537323,1.647059,21.246225,1.784211,20.000000,0.622222
0.200000,0.101631,2.368421,26.840268,1.763158,20.000000,0.703125
0.142857,0.339945,1.750000,25.784516,1.847368,20.000000,0.636364
0.200000,0.850883,2.454545,30.000000,1.807692,13.000000,0.710526
0.142857,0.012346,2.250000,29.503952,1.666667,7.000000,0.692308
0.142857,0.026455,1.714286,30.000000,1.428571,7.000000,0.631579
0.142857,1.000000,2.246914,28.111392,2.647813,52.000000,0.692015
0.062500,0.185312,2.117647,28.063776,1.700000,16.000000,0.679245
0.125000,0.016393,2.714286,28.570726,1.321429,8.000000,0.730769
0.125000,1.000000,2.246914,28.111392,2.647813,52.000000,0.692015
0.200000,0.046352,2.666667,30.000000,1.200000,5.000000,0.727273
0.111111,0.012346,1.900000,30.000000,1.472222,9.000000,0.655172
0.111111,0.012346,9.000000,25.315926,1.611111,9.000000,0.900000
0.142857,0.811978,2.246914,28.111392,2.647813,52.000000,0.692015
0.142857,0.026455,1.714286,30.000000,1.428571,7.000000,0.631579
0.142857,0.811978,2.246914,28.111392,2.647813,52.000000,0.692015
0.142857,0.016393,2.250000,29.732797,1.666667,7.000000,0.692308
0.111111,0.811978,2.246914,28.111392,2.647813,52.000000,0.692015
0.111111,0.016393,9.000000,26.137114,1.611111,9.000000,0.900000
0.083333,0.471105,2.041667,30.000000,1.823362,27.000000,0.671233
0.142857,1.000000,2.246914,28.111392,2.647813,52.000000,0.692015
0.142857,0.016393,2.250000,29.732797,1.666667,7.000000,0.692308
0.111111,0.016393,9.000000,26.137114,1.611111,9.000000,0.900000
0.111111,1.000000,2.246914,28.111392,2.647813,52.000000,0.692015
0.125000,0.811978,2.246914,28.111392,2.647813,52.000000,0.692015
0.125000,0.016393,2.714286,28.570726,1.321429,8.000000,0.730769
0.125000,0.140861,3.166667,28.040469,1.321429,8.000000,0.760000
0.142857,0.060109,1.714286,30.000000,1.428571,7.000000,0.631579
0.125000,0.221033,3.666667,23.515428,1.714286,8.000000,0.785714
0.250000,1.000000,4.000000,18.589852,1.333333,4.000000,0.800000
0.083333,0.012346,3.000000,28.041361,1.590909,12.000000,0.750000
0.166667,0.012346,4.000000,30.000000,1.200000,6.000000,0.800000
0.062500,0.342257,1.800000,28.275576,1.700000,16.000000,0.642857
0.062500,1.000000,1.555556,24.745757,1.691176,17.000000,0.608696
0.071429,0.317233,2.173913,30.000000,1.847953,19.000000,0.684932
0.071429,0.378202,1.666667,20.139019,1.736264,14.000000,0.625000
0.100000,0.120426,3.117647,29.630682,1.712418,18.000000,0.757143
0.100000,0.221996,1.830189,26.627300,2.010084,35.000000,0.646667
0.071429,0.204831,2.173913,30.000000,1.847953,19.000000,0.684932
0.071429,0.378202,1.666667,20.139019,1.736264,14.000000,0.625000
0.071429,0.004149,2.052632,29.481218,1.888172,31.000000,0.672414
0.071429,0.378202,1.666667,20.139019,1.736264,14.000000,0.625000
0.100000,0.850919,1.000000,29.687005,1.711111,10.000000,0.500000
0.100000,0.044576,4.550000,29.339213,1.864368,30.000000,0.819820
0.200000,0.783178,1.657143,29.404944,1.789855,24.000000,0.623656
0.111111,0.659492,1.500000,29.231905,1.583333,9.000000,0.600000
0.111111,0.137564,2.774194,29.317239,1.980808,45.000000,0.735043
0.100000,0.044576,4.550000,29.339213,1.864368,30.000000,0.819820
0.100000,0.850919,1.000000,29.687005,1.711111,10.000000,0.500000
0.200000,0.035270,2.818182,30.000000,1.813187,14.000000,0.738095
0.142857,0.072952,2.531250,27.137784,1.989418,28.000000,0.716814
0.166667,0.590307,1.720930,27.000190,1.958165,39.000000,0.632479
0.052632,0.091611,2.645833,25.101427,1.977477,37.000000,0.725714
0.058824,0.709177,1.714286,27.817236,1.933824,17.000000,0.631579
0.027027,0.016922,2.333333,28.767941,2.020390,48.000000,0.700000
0.027027,0.197020,2.645833,26.130233,1.977477,37.000000,0.725714
0.041667,0.304937,4.875000,28.733952,1.891304,24.000000,0.829787
0.041667,0.944702,2.042553,29.033621,1.896552,29.000000,0.671329
0.043478,0.342966,1.551020,23.682221,1.699605,23.000000,0.608000
0.043478,0.042991,1.120879,27.707486,2.071970,33.000000,0.528497
0.066667,0.342966,1.551020,23.682221,1.699605,23.000000,0.608000
0.066667,0.317714,1.645161,30.000000,1.600000,15.000000,0.621951
0.066667,0.342966,1.551020,23.682221,1.699605,23.000000,0.608000
0.066667,0.098197,1.645161,30.000000,1.600000,15.000000,0.621951
0.066667,0.317714,1.645161,30.000000,1.600000,15.000000,0.621951
0.066667,0.342966,1.551020,23.682221,1.699605,23.000000,0.608000
0.111111,0.758804,3.666667,25.647159,1.766667,21.000000,0.785714
0.066667,0.031738,1.645161,30.000000,1.600000,15.000000,0.621951
0.066667,0.342966,1.551020,23.682221,1.699605,23.000000,0.608000
0.043478,0.342966,1.551020,23.682221,1.699605,23.000000,0.608000
0.043478,0.042991,1.120879,27.707486,2.071970,33.000000,0.528497
0.066667,0.342966,1.551020,23.682221,1.699605,23.000000,0.608000
0.066667,0.098197,1.645161,30.000000,1.600000,15.000000,0.621951
0.066667,0.342966,1.551020,23.682221,1.699605,23.000000,0.608000
0.066667,0.031738,1.645161,30.000000,1.600000,15.000000,0.621951
0.142857,0.738555,2.250000,29.896121,1.666667,7.000000,0.692308
0.250000,0.802739,2.500000,29.980683,1.555556,10.000000,0.714286
0.037037,0.058878,2.593750,26.596011,1.996829,44.000000,0.721739
0.037037,0.652804,1.240741,28.251642,1.911681,27.000000,0.553719
0.250000,0.459816,2.240000,28.565127,1.896104,22.000000,0.691358
0.125000,0.406298,1.833333,30.000000,1.908497,18.000000,0.647059
0.050000,0.000000,2.240000,28.174370,1.779310,30.000000,0.691358
0.050000,0.447419,1.318182,29.060903,1.847368,20.000000,0.568627
0.125000,0.406298,1.833333,30.000000,1.908497,18.000000,0.647059
0.125000,0.447419,1.318182,29.096881,1.847368,20.000000,0.568627
0.111111,0.000000,2.421053,27.661293,2.006897,30.000000,0.707692
0.083333,0.000000,6.375000,30.000000,1.815789,20.000000,0.864407
0.083333,1.000000,2.307692,23.557053,1.636364,12.000000,0.697674
0.083333,0.006369,6.375000,30.000000,1.815789,20.000000,0.864407
0.083333,1.000000,2.307692,23.557053,1.636364,12.000000,0.697674
0.083333,0.046181,6.375000,30.000000,1.815789,20.000000,0.864407
0.083333,1.000000,2.307692,23.557053,1.636364,12.000000,0.697674
0.166667,0.184519,2.333333,28.767941,2.020390,48.000000,0.700000
0.200000,0.398440,1.282051,21.406506,1.836257,19.000000,0.561798
0.083333,0.166389,1.928571,29.040244,1.681818,12.000000,0.658537
0.083333,0.505571,1.504505,26.381134,2.123227,48.000000,0.600719
0.142857,0.118508,4.000000,30.000000,1.238095,7.000000,0.800000
0.142857,0.505571,1.504505,26.381134,2.123227,48.000000,0.600719
0.166667,0.091870,2.300000,26.884505,1.488889,10.000000,0.696970
0.090909,0.505571,1.504505,26.381134,2.123227,48.000000,0.600719
0.090909,0.283167,3.300000,29.934309,1.400000,11.000000,0.767442
0.090909,0.505571,1.504505,26.381134,2.123227,48.000000,0.600719
0.055556,0.577308,1.195122,29.748372,1.803922,18.000000,0.544444
0.055556,0.505571,1.504505,26.381134,2.123227,48.000000,0.600719
0.142857,0.016393,2.000000,29.072852,1.238095,7.000000,0.666667
0.142857,0.016393,2.000000,29.072852,1.238095,7.000000,0.666667
0.083333,0.033455,3.875000,27.540441,1.575758,12.000000,0.794872
0.125000,0.083487,2.714286,28.850593,1.321429,8.000000,0.730769
0.142857,0.259608,1.714286,30.000000,1.428571,7.000000,0.631579
0.111111,0.012658,9.000000,26.723184,1.611111,9.000000,0.900000
0.133333,0.442601,1.645161,29.703374,1.600000,15.000000,0.621951
0.133333,0.277555,1.645161,29.703374,1.600000,15.000000,0.621951
0.133333,0.801886,1.645161,29.703374,1.600000,15.000000,0.621951
0.055556,0.146411,1.567568,28.434403,1.913420,22.000000,0.610526
0.055556,0.582429,2.000000,30.000000,1.908497,18.000000,0.666667
0.055556,0.146411,1.567568,28.434403,1.913420,22.000000,0.610526
0.055556,0.657573,2.000000,30.000000,1.908497,18.000000,0.666667
0.117647,0.407975,1.851852,30.000000,1.870130,22.000000,0.649351
0.032258,0.293069,1.338462,28.146773,1.903226,31.000000,0.572368
0.032258,0.231301,2.467532,29.194586,2.012755,49.000000,0.711610
0.058824,0.435838,1.625000,19.959816,1.867647,17.000000,0.619048
0.058824,0.283185,6.375000,30.000000,1.815789,20.000000,0.864407
0.058824,0.435838,1.625000,19.959816,1.867647,17.000000,0.619048
0.058824,0.033333,6.375000,30.000000,1.815789,20.000000,0.864407
0.058824,0.435838,1.625000,19.959816,1.867647,17.000000,0.619048
0.058824,0.114443,6.375000,30.000000,1.815789,20.000000,0.864407
0.125000,0.305653,2.358974,28.821966,2.006897,30.000000,0.702290
0.066667,0.012972,2.185714,22.178001,2.227273,45.000000,0.686099
0.066667,0.513376,4.800000,28.976024,1.580952,15.000000,0.827586
0.200000,0.140801,3.454545,28.540266,1.582418,14.000000,0.775510
0.083333,0.356915,2.645833,25.101427,1.977477,37.000000,0.725714
0.083333,0.375693,1.923077,27.554456,1.621212,12.000000,0.657895
0.050000,0.222017,2.136364,26.976629,1.968421,20.000000,0.681159
0.050000,0.356915,2.645833,25.101427,1.977477,37.000000,0.725714
0.125000,0.147768,2.611111,28.790510,1.968421,20.000000,0.723077
0.125000,0.173164,2.240000,29.661248,1.778656,23.000000,0.691358
0.166667,1.000000,2.428571,27.916050,1.392857,8.000000,0.708333
0.083333,0.100833,3.000000,30.000000,1.681818,12.000000,0.750000
0.083333,0.419416,1.547009,27.213522,2.084184,49.000000,0.607383
0.071429,0.329319,1.730769,29.306726,1.801471,17.000000,0.633803
0.071429,0.261448,1.653846,26.255053,1.527473,14.000000,0.623188
0.083333,0.004184,2.230769,27.695167,1.606061,12.000000,0.690476
0.083333,0.419416,1.547009,27.213522,2.084184,49.000000,0.607383
0.125000,0.030521,1.176471,22.659876,1.600000,10.000000,0.540541
0.058824,0.040017,1.681319,29.110862,1.877667,38.000000,0.627049
0.125000,0.213145,1.176471,22.659876,1.600000,10.000000,0.540541
0.125000,1.000000,2.285714,28.236562,1.428571,8.000000,0.695652
0.125000,0.014462,1.592593,23.250766,1.871658,34.000000,0.614286
0.066667,0.131149,2.823529,27.765706,1.542857,15.000000,0.738462
0.066667,0.419416,1.547009,27.213522,2.084184,49.000000,0.607383
0.090909,0.419416,1.547009,27.213522,2.084184,49.000000,0.607383
0.050000,0.004184,1.400000,29.165625,1.768421,20.000000,0.583333
0.050000,0.419416,1.547009,27.213522,2.084184,49.000000,0.607383
0.041667,0.457640,1.416667,25.783219,2.018116,24.000000,0.586207
0.142857,0.307410,4.000000,30.000000,1.476190,7.000000,0.800000
0.041667,0.045685,1.416667,25.783219,2.018116,24.000000,0.586207
0.071429,1.000000,3.571429,30.000000,2.109890,14.000000,0.781250
0.083333,0.197971,2.222222,30.000000,2.329710,24.000000,0.689655
0.083333,0.766526,2.272727,24.650482,1.712121,12.000000,0.694444
0.033333,0.018136,1.062500,29.721801,2.071970,33.000000,0.515152
0.071429,1.000000,3.571429,30.000000,2.109890,14.000000,0.781250
0.083333,0.766526,2.272727,24.650482,1.712121,12.000000,0.694444
0.083333,0.165203,2.222222,30.000000,2.329710,24.000000,0.689655
0.041667,0.097036,1.416667,25.783219,2.018116,24.000000,0.586207
0.111111,1.000000,1.384615,30.000000,1.555556,9.000000,0.580645
0.083333,0.044741,2.222222,30.000000,2.329710,24.000000,0.689655
0.083333,0.766526,2.272727,24.650482,1.712121,12.000000,0.694444
0.142857,0.022985,1.581395,30.000000,2.018116,24.000000,0.612613
0.142857,0.570438,1.714286,17.856921,1.428571,7.000000,0.631579
0.100000,1.000000,1.600000,18.913892,1.466667,10.000000,0.615385
0.100000,0.000000,1.872340,28.965063,1.908867,29.000000,0.651852
0.142857,0.022985,1.581395,30.000000,2.018116,24.000000,0.612613
0.142857,0.570438,1.714286,17.856921,1.428571,7.000000,0.631579
0.066667,0.172857,1.338462,28.146773,1.903226,31.000000,0.572368
0.066667,0.574628,2.800000,26.294961,1.791667,16.000000,0.736842
0.142857,0.570438,1.714286,17.856921,1.428571,7.000000,0.631579
0.142857,0.029974,1.581395,30.000000,2.018116,24.000000,0.612613
0.166667,0.186087,2.400000,29.144201,1.652174,24.000000,0.705882
0.083333,0.008403,2.700000,30.000000,1.681818,12.000000,0.729730
0.083333,0.354016,1.852632,27.229872,2.002020,45.000000,0.649446
0.142857,0.787689,2.062500,28.144669,1.500000,12.000000,0.673469
0.100000,0.212035,8.333333,26.213245,1.466667,10.000000,0.892857
0.083333,0.008403,2.230769,28.238191,1.606061,12.000000,0.690476
0.083333,0.354016,1.852632,27.229872,2.002020,45.000000,0.649446
0.041667,0.690658,1.411765,27.945518,2.110816,48.000000,0.585366
0.041667,0.641791,2.307692,28.357115,2.329710,24.000000,0.697674
0.052632,0.758085,1.504505,26.570564,2.123227,48.000000,0.600719
0.052632,0.001096,2.545455,24.047712,2.324111,23.000000,0.717949
0.052632,0.350693,1.701149,27.431158,1.958165,39.000000,0.629787
0.029412,0.336849,1.592593,23.250766,1.871658,34.000000,0.614286
0.029412,0.123283,2.455882,28.342521,2.010101,45.000000,0.710638
0.050000,0.008403,1.369565,29.342297,1.768421,20.000000,0.577982
0.050000,0.354016,1.852632,27.229872,2.002020,45.000000,0.649446
0.111111,1.000000,4.000000,28.867468,1.333333,9.000000,0.800000
0.111111,0.962907,1.720000,28.946309,1.461538,13.000000,0.632353
0.050000,0.960020,1.750000,28.285344,1.826087,23.000000,0.636364
0.111111,0.944343,1.647059,21.246225,1.784211,20.000000,0.622222
0.111111,0.161069,2.333333,29.369351,1.611111,9.000000,0.700000
0.111111,0.565785,2.500000,26.733729,1.696970,12.000000,0.714286
0.125000,0.114359,3.666667,27.383518,1.714286,8.000000,0.785714
0.111111,1.000000,1.882353,25.259243,1.838095,15.000000,0.653061
0.111111,1.000000,1.545455,30.000000,1.527778,9.000000,0.607143
0.166667,0.254759,3.444444,26.310841,1.472727,11.000000,0.775000
0.125000,0.753754,3.000000,26.022081,1.571429,8.000000,0.750000
0.111111,0.290176,1.640000,27.272727,1.254545,11.000000,0.621212
0.090909,0.073377,1.875000,28.772987,1.806154,26.000000,0.652174
0.071429,0.774354,2.066667,30.000000,1.813187,14.000000,0.673913
0.071429,0.648021,1.761905,30.000000,1.948529,17.000000,0.637931
0.076923,0.377551,1.666667,23.469109,1.730769,13.000000,0.625000
0.111111,1.000000,1.593750,28.013480,1.600000,15.000000,0.614458
0.111111,0.512543,2.246914,28.111392,2.647813,52.000000,0.692015
0.071429,0.436621,1.596154,28.854910,1.965608,28.000000,0.614815
0.071429,0.364839,2.583333,30.000000,1.813187,14.000000,0.720930
0.111111,0.218728,2.173913,30.000000,1.847953,19.000000,0.684932
0.111111,0.978768,1.593750,28.013480,1.600000,15.000000,0.614458
0.142857,0.745221,2.214286,30.000000,1.813187,14.000000,0.688889
0.250000,0.710443,4.000000,30.000000,1.333333,4.000000,0.800000
0.111111,0.525726,2.204082,27.558175,1.870968,31.000000,0.687898
0.111111,1.000000,2.173913,30.000000,1.847953,19.000000,0.684932
0.071429,0.343928,1.761905,30.000000,1.948529,17.000000,0.637931
0.071429,0.774354,2.066667,30.000000,1.813187,14.000000,0.673913
0.125000,0.902565,2.666667,30.000000,1.428571,8.000000,0.727273
0.125000,0.902565,2.666667,30.000000,1.428571,8.000000,0.727273
0.090909,0.055436,2.109375,29.282317,1.935989,38.000000,0.678392
0.071429,0.758062,3.500000,19.292577,1.890110,14.000000,0.777778
0.071429,0.490405,3.204545,30.000000,1.804435,32.000000,0.762162
0.111111,1.000000,2.857143,30.000000,1.444444,9.000000,0.740741
0.200000,0.646537,1.225000,29.615953,1.803922,18.000000,0.550562
0.200000,0.806205,1.833333,29.063686,1.717949,13.000000,0.647059
0.142857,0.250548,2.500000,29.733518,1.523810,7.000000,0.714286
0.142857,0.740506,2.034483,29.479498,1.857895,20.000000,0.670455
0.076923,0.049556,2.291139,26.676618,2.333333,55.000000,0.696154
0.200000,0.157866,1.318182,28.317914,1.903226,31.000000,0.568627
0.066667,0.518017,1.941176,27.114516,1.838095,15.000000,0.660000
0.066667,0.945846,8.000000,29.151373,1.957895,20.000000,0.888889
0.066667,0.518017,1.941176,27.114516,1.838095,15.000000,0.660000
0.066667,0.945846,8.000000,29.151373,1.957895,20.000000,0.888889
0.125000,0.576149,1.470588,20.025993,1.488889,10.000000,0.595238
0.250000,1.000000,3.333333,30.000000,1.472222,9.000000,0.769231
0.083333,0.122272,1.414634,29.852542,1.748538,19.000000,0.585859
0.083333,0.008075,1.626667,27.175011,1.864528,34.000000,0.619289
0.250000,1.000000,2.800000,27.292061,1.621212,12.000000,0.736842
0.040000,0.603875,1.377778,28.132928,1.893333,25.000000,0.579439
0.040000,0.307718,1.482759,28.932022,1.830769,26.000000,0.597222
0.062500,0.008075,1.626667,27.175011,1.864528,34.000000,0.619289
0.062500,0.143074,1.363636,28.477870,1.757353,17.000000,0.576923
0.142857,1.000000,2.400000,30.000000,1.428571,7.000000,0.705882
0.250000,1.000000,2.800000,27.292061,1.621212,12.000000,0.736842
0.250000,0.549835,3.571429,27.632162,1.740000,25.000000,0.781250
0.125000,0.486978,4.444444,30.000000,1.676190,15.000000,0.816327
0.250000,0.569969,2.000000,18.916590,1.000000,4.000000,0.666667
0.250000,0.259127,1.833333,28.935351,1.683333,16.000000,0.647059
0.071429,0.168309,3.302326,27.859113,1.869132,38.000000,0.767568
0.071429,0.626981,1.444444,27.335805,1.942029,24.000000,0.590909
0.142857,0.542220,2.400000,28.886957,1.428571,7.000000,0.705882
0.090909,0.149286,3.642857,28.651612,2.006452,31.000000,0.784615
0.111111,0.987749,1.727273,30.000000,1.472222,9.000000,0.633333
0.181818,0.273145,1.312500,24.713469,1.757895,20.000000,0.567568
0.027778,0.194453,3.317073,28.613680,1.822222,36.000000,0.768362
0.027778,0.006729,1.565217,29.620605,2.078273,39.000000,0.610169
0.066667,0.931935,2.250000,29.592060,1.900000,16.000000,0.692308
0.062500,0.589627,10.000000,30.000000,1.616667,16.000000,0.909091
0.071429,0.500033,1.842105,26.312831,1.659341,14.000000,0.648148
0.076923,0.500199,2.937500,26.610984,1.823529,18.000000,0.746032
0.100000,0.193325,2.416667,28.086016,1.355556,10.000000,0.707317
0.142857,1.000000,1.714286,30.000000,1.428571,7.000000,0.631579
0.125000,0.593906,3.529412,30.000000,1.602941,17.000000,0.779221
0.083333,0.030663,2.163265,27.648213,2.080519,56.000000,0.683871
0.100000,0.871371,3.400000,28.164164,1.688889,10.000000,0.772727
0.200000,0.263565,6.333333,29.409997,1.654545,11.000000,0.863636
0.071429,0.525424,1.821429,20.026473,1.514286,15.000000,0.645570
0.111111,1.000000,3.250000,29.350997,1.422222,10.000000,0.764706
0.100000,0.692844,1.941176,27.114516,1.838095,15.000000,0.660000
0.222222,0.429091,1.285714,30.000000,1.555556,9.000000,0.562500
0.100000,0.115491,3.046512,28.749952,1.939940,37.000000,0.752874
0.142857,0.382928,2.550000,28.014668,1.973790,32.000000,0.718310
0.142857,0.650495,3.333333,29.833106,1.743590,13.000000,0.769231
0.200000,1.000000,2.000000,28.272833,1.705882,17.000000,0.666667
0.250000,1.000000,1.640000,15.825836,1.698529,17.000000,0.621212
0.071429,0.133500,2.923077,29.186294,1.582418,14.000000,0.745098
0.071429,1.000000,3.615385,29.782645,1.804435,32.000000,0.783333
0.125000,0.252602,1.666667,20.139019,1.736264,14.000000,0.625000
0.125000,0.286503,3.214286,24.631902,1.862745,18.000000,0.762712
0.125000,0.024793,1.727273,29.943183,1.321429,8.000000,0.633333
0.111111,1.000000,1.850000,17.480257,1.816176,17.000000,0.649123
0.090909,0.400000,2.100000,24.514877,1.800000,11.000000,0.677419
0.050000,1.000000,1.312500,26.574304,1.757895,20.000000,0.567568
0.050000,0.505440,1.566265,28.887800,1.858824,35.000000,0.610329
0.125000,0.004016,2.222222,30.000000,1.321429,8.000000,0.689655
0.125000,0.923188,1.213115,26.357557,2.002114,44.000000,0.548148
0.100000,0.004016,1.750000,30.000000,1.577778,10.000000,0.636364
0.100000,0.923188,1.213115,26.357557,2.002114,44.000000,0.548148
0.100000,0.923188,1.213115,26.357557,2.002114,44.000000,0.548148
0.100000,0.004016,1.750000,30.000000,1.577778,10.000000,0.636364
0.066667,0.335472,6.166667,22.529787,1.790476,15.000000,0.860465
0.066667,0.787491,1.322034,27.055287,2.006897,30.000000,0.569343
0.022727,0.923188,1.213115,26.357557,2.002114,44.000000,0.548148
0.022727,0.004016,2.129412,29.905148,2.333333,55.000000,0.680451
0.058824,0.505440,1.566265,28.887800,1.858824,35.000000,0.610329
0.058824,0.074286,1.516129,29.240165,1.683824,17.000000,0.602564
0.066667,0.043800,2.352941,29.231012,1.695238,15.000000,0.701754
0.066667,0.164979,2.214286,28.642042,1.756923,26.000000,0.688889
0.024390,0.923188,1.213115,26.357557,2.002114,44.000000,0.548148
0.024390,0.009056,1.578947,29.192320,2.068293,41.000000,0.612245
0.052632,0.158647,2.227273,30.000000,1.918129,19.000000,0.690141
0.052632,0.855270,1.444444,26.874236,1.942029,24.000000,0.590909
0.058824,0.219236,1.614035,26.987829,1.978495,31.000000,0.617450
0.058824,0.545451,1.761905,30.000000,1.948529,17.000000,0.637931
0.111111,0.563136,1.960000,30.000000,1.918129,19.000000,0.662162
0.111111,0.348369,1.700000,20.980484,1.527778,9.000000,0.629630
0.142857,0.980315,1.857143,22.356619,1.380952,7.000000,0.650000
0.142857,0.133586,1.569892,26.978927,2.179704,44.000000,0.610879
0.052632,0.004049,2.038462,26.476573,1.900000,20.000000,0.670886
0.052632,0.560365,1.960000,30.000000,1.918129,19.000000,0.662162
0.142857,0.476571,1.761905,30.000000,1.948529,17.000000,0.637931
0.090909,0.030646,1.810127,26.215456,2.144019,42.000000,0.644144
0.090909,0.423270,4.500000,30.000000,1.545455,11.000000,0.818182
0.100000,0.320882,2.641026,28.411209,1.982796,31.000000,0.725352
0.100000,0.482065,1.545455,19.452597,1.622222,10.000000,0.607143
0.142857,0.545451,1.761905,30.000000,1.948529,17.000000,0.637931
0.052632,0.158647,2.227273,30.000000,1.918129,19.000000,0.690141
0.052632,0.855270,1.444444,26.874236,1.942029,24.000000,0.590909
0.058824,0.476571,1.761905,30.000000,1.948529,17.000000,0.637931
0.058824,0.219236,1.614035,26.987829,1.978495,31.000000,0.617450
0.111111,0.563136,1.960000,30.000000,1.918129,19.000000,0.662162
0.111111,0.348369,1.700000,20.980484,1.527778,9.000000,0.629630
0.033333,0.147724,2.246753,23.306559,2.343977,53.000000,0.692000
0.033333,0.124416,2.358974,28.884750,2.006897,30.000000,0.702290
0.062500,0.553413,1.818182,23.010526,1.972332,23.000000,0.645161
0.062500,0.286734,2.529412,26.691956,1.675000,16.000000,0.716667
0.037037,0.173391,2.189189,29.228613,1.769231,27.000000,0.686441
0.037037,0.485271,2.928571,27.662399,2.038655,35.000000,0.745455
0.045455,0.494718,1.625000,30.000000,1.930736,22.000000,0.619048
0.045455,0.040786,1.604396,25.841430,2.179704,44.000000,0.616034
0.029412,0.332571,1.279070,29.685000,2.053476,34.000000,0.561224
0.029412,0.083514,1.890411,26.228076,2.112821,40.000000,0.654028
0.074074,0.499450,2.090909,25.789410,1.865942,24.000000,0.676471
0.074074,0.403504,1.961538,28.302223,1.675000,16.000000,0.662338
0.052632,0.004049,2.038462,26.476573,1.900000,20.000000,0.670886
0.052632,0.560365,1.960000,30.000000,1.918129,19.000000,0.662162
0.045455,0.127969,1.625000,30.000000,1.930736,22.000000,0.619048
0.045455,0.040786,1.604396,25.841430,2.179704,44.000000,0.616034
0.045455,0.264089,1.625000,30.000000,1.930736,22.000000,0.619048
0.045455,0.040786,1.604396,25.841430,2.179704,44.000000,0.616034
0.166667,1.000000,4.000000,30.000000,1.853333,25.000000,0.800000
0.083333,1.000000,4.500000,29.618212,1.923423,37.000000,0.818182
0.083333,0.418992,1.227273,27.500000,1.727273,12.000000,0.551020
0.142857,1.000000,3.777778,27.264252,2.108333,16.000000,0.790698
0.142857,0.588159,1.676471,27.127863,2.115220,38.000000,0.626374
0.166667,1.000000,4.000000,30.000000,1.853333,25.000000,0.800000
0.083333,1.000000,4.500000,29.618212,1.923423,37.000000,0.818182
0.083333,0.418992,1.227273,27.500000,1.727273,12.000000,0.551020
0.100000,1.000000,4.375000,28.365367,1.896613,34.000000,0.813953
0.100000,0.191284,1.600000,30.000000,1.807692,13.000000,0.615385
0.100000,1.000000,4.375000,28.365367,1.896613,34.000000,0.813953
0.100000,0.191284,1.600000,30.000000,1.807692,13.000000,0.615385
0.142857,1.000000,3.777778,27.264252,2.108333,16.000000,0.790698
0.142857,0.588159,1.676471,27.127863,2.115220,38.000000,0.626374
0.083333,0.193704,2.333333,28.808800,1.714286,14.000000,0.700000
0.083333,1.000000,1.457143,14.633619,1.764706,18.000000,0.593023
0.166667,0.741718,1.888889,30.000000,1.428571,8.000000,0.653846
0.125000,1.000000,4.666667,30.000000,1.785714,8.000000,0.823529
0.125000,1.000000,2.066667,28.888213,1.800000,15.000000,0.673913
0.100000,0.752577,2.250000,28.631067,1.857143,21.000000,0.692308
0.100000,0.040951,3.947368,28.160540,1.963333,25.000000,0.797872
0.125000,0.139119,2.810811,26.906552,1.817460,28.000000,0.737589
0.166667,0.434960,4.840000,27.899198,1.825123,29.000000,0.828767
0.125000,0.283727,2.000000,29.872048,1.711111,10.000000,0.666667
0.250000,1.000000,2.000000,30.000000,1.000000,4.000000,0.666667
0.066667,1.000000,6.375000,30.000000,1.815789,20.000000,0.864407
0.066667,0.804110,1.916667,21.066354,1.918129,19.000000,0.657143
0.166667,0.107420,2.240000,29.578807,1.778656,23.000000,0.691358
0.166667,0.575589,3.571429,27.534879,1.757576,12.000000,0.781250
0.142857,0.331144,2.500000,29.817211,1.523810,7.000000,0.714286
0.111111,0.020984,1.914286,28.571429,1.833333,21.000000,0.656863
0.111111,0.103257,2.800000,27.989839,1.722222,9.000000,0.736842
0.125000,0.258803,1.800000,30.000000,1.357143,8.000000,0.642857
0.066667,0.804110,1.916667,21.066354,1.918129,19.000000,0.657143
0.066667,1.000000,6.375000,30.000000,1.815789,20.000000,0.864407
0.066667,1.000000,6.375000,30.000000,1.815789,20.000000,0.864407
0.066667,0.804110,1.916667,21.066354,1.918129,19.000000,0.657143
0.090909,0.299851,3.454545,28.947320,1.582418,14.000000,0.775510
0.111111,0.009409,3.400000,30.000000,1.583333,9.000000,0.772727
0.111111,0.064216,1.555556,28.873508,1.725490,18.000000,0.608696
0.200000,1.000000,1.800000,25.000000,1.400000,6.000000,0.642857
0.200000,1.000000,4.000000,30.000000,1.200000,5.000000,0.800000
0.200000,1.000000,1.800000,25.000000,1.400000,6.000000,0.642857
0.200000,1.000000,4.000000,30.000000,1.200000,5.000000,0.800000
0.050000,0.110706,1.962963,27.536033,1.900000,20.000000,0.662500
0.050000,0.175730,2.440000,27.277078,1.900000,21.000000,0.709302
0.050000,0.365923,1.986301,29.595563,1.950000,40.000000,0.665138
0.050000,0.124689,2.038462,26.476573,1.900000,20.000000,0.670886
0.050000,0.079528,3.021739,29.685678,1.779365,36.000000,0.751351
0.050000,0.124689,2.038462,26.476573,1.900000,20.000000,0.670886
0.100000,0.124689,2.038462,26.476573,1.900000,20.000000,0.670886
0.100000,0.178432,2.111111,30.000000,1.644444,10.000000,0.678571
0.111111,1.000000,3.000000,27.496071,1.563636,11.000000,0.750000
0.050000,0.110706,1.962963,27.536033,1.900000,20.000000,0.662500
0.050000,0.175730,2.440000,27.277078,1.900000,21.000000,0.709302
0.111111,0.870219,1.707317,26.135054,1.914530,27.000000,0.630631
0.076923,0.003984,3.000000,30.000000,1.716667,16.000000,0.750000
0.076923,0.244111,1.437500,26.487757,1.743590,13.000000,0.589744
0.200000,0.244111,1.437500,26.487757,1.743590,13.000000,0.589744
0.076923,0.003984,3.000000,30.000000,1.716667,16.000000,0.750000
0.076923,0.244111,1.437500,26.487757,1.743590,13.000000,0.589744
0.200000,0.447095,1.714286,28.879131,1.904762,21.000000,0.631579
0.250000,0.359007,2.000000,27.654813,1.711111,10.000000,0.666667
0.142857,0.078104,2.272727,27.727284,2.092559,58.000000,0.694444
0.100000,0.061883,3.307692,27.968117,2.010582,28.000000,0.767857
0.125000,0.522238,1.555556,22.546971,1.500000,8.000000,0.608696
0.142857,0.421499,2.096386,30.000000,2.246531,50.000000,0.677043
0.076923,0.193604,2.153846,29.135306,1.782051,13.000000,0.682927
0.076923,0.000000,2.777778,27.602917,1.921053,20.000000,0.735294
0.111111,0.792315,2.700000,26.270621,1.250000,9.000000,0.729730
0.111111,0.369416,1.537037,29.033990,1.965608,28.000000,0.605839
0.090909,0.847217,1.733333,22.633744,1.600000,11.000000,0.634146
0.111111,0.792315,2.700000,26.270621,1.250000,9.000000,0.729730
0.111111,0.718150,1.789474,29.866759,1.747253,14.000000,0.641509
0.142857,1.000000,2.500000,30.000000,1.285714,7.000000,0.714286
0.142857,0.366284,2.909091,28.036929,2.043077,26.000000,0.744186
0.076923,0.193604,2.153846,29.135306,1.782051,13.000000,0.682927
0.076923,0.000000,2.777778,27.602917,1.921053,20.000000,0.735294
0.166667,0.225808,1.575000,30.000000,1.700000,21.000000,0.611650
0.166667,0.225808,1.575000,30.000000,1.700000,21.000000,0.611650
0.166667,0.225808,1.575000,30.000000,1.700000,21.000000,0.611650
0.142857,0.121908,2.132743,28.937870,2.103825,61.000000,0.680791
0.166667,0.359419,4.411765,30.000000,1.561404,19.000000,0.815217
0.083333,0.931278,2.300000,23.430433,1.833333,12.000000,0.696970
0.083333,0.159268,1.959459,29.618174,1.950000,40.000000,0.662100
0.157895,0.576404,2.058824,28.023102,2.046346,34.000000,0.673077
0.157895,0.974836,1.183673,26.765885,1.771930,19.000000,0.542056
0.083333,1.000000,1.588235,26.099339,1.590909,12.000000,0.613636
0.083333,0.714393,1.320000,27.936732,1.976667,25.000000,0.568966
0.035714,0.135819,2.509091,27.593193,1.887302,36.000000,0.715026
0.041667,0.015748,2.500000,28.831960,1.945652,24.000000,0.714286
0.041667,0.820348,3.100000,27.133134,2.006645,43.000000,0.756098
0.041667,0.924679,1.444444,26.874236,1.942029,24.000000,0.590909
0.090909,0.042022,2.153846,30.000000,1.621212,12.000000,0.682927
0.027778,0.069724,1.600000,28.862626,2.068293,41.000000,0.615385
0.027778,0.864992,3.088889,29.355024,1.779365,36.000000,0.755435
0.250000,0.119320,2.164179,28.657579,1.950000,40.000000,0.683962
0.125000,0.010772,1.928571,27.317207,1.803419,27.000000,0.658537
0.125000,0.143284,1.972222,29.905669,1.719368,23.000000,0.663551
0.066667,1.000000,1.722222,23.470498,1.847619,15.000000,0.632653
0.066667,0.119017,3.965517,27.971517,2.030303,34.000000,0.798611
0.047619,0.386470,1.333333,28.829211,1.996923,26.000000,0.571429
0.047619,0.118632,1.959459,29.742451,1.950000,40.000000,0.662100
0.062500,0.731200,1.426230,22.585228,2.034483,29.000000,0.587838
0.062500,0.731200,1.426230,22.585228,2.034483,29.000000,0.587838
0.100000,0.159382,2.111111,30.000000,1.644444,10.000000,0.678571
0.100000,0.159382,2.111111,30.000000,1.644444,10.000000,0.678571
0.111111,0.476564,1.666667,24.811180,1.696970,12.000000,0.625000
0.111111,0.443969,1.666667,26.512495,1.666667,9.000000,0.625000
0.047619,0.386470,1.333333,28.829211,1.996923,26.000000,0.571429
0.047619,0.118632,1.959459,29.742451,1.950000,40.000000,0.662100
0.062500,0.974643,1.183673,26.765885,1.771930,19.000000,0.542056
0.062500,0.974643,1.183673,26.765885,1.771930,19.000000,0.542056
0.090909,0.080000,2.111111,25.859143,1.763636,11.000000,0.678571
0.090909,0.243727,2.000000,14.519193,2.000000,12.000000,0.666667
0.083333,0.134430,1.965517,28.796961,2.060504,35.000000,0.662791
0.083333,0.243727,2.000000,14.519193,2.000000,12.000000,0.666667
0.090909,0.400717,1.416667,25.783219,2.018116,24.000000,0.586207
0.090909,0.278315,2.333333,30.000000,1.621212,12.000000,0.700000
0.083333,0.007752,2.333333,30.000000,1.772727,12.000000,0.700000
0.083333,0.012946,3.625000,29.429817,2.055462,35.000000,0.783784
0.090909,1.000000,1.416667,25.783219,2.018116,24.000000,0.586207
0.090909,0.278315,2.333333,30.000000,1.621212,12.000000,0.700000
0.090909,0.278315,2.333333,30.000000,1.621212,12.000000,0.700000
0.090909,1.000000,1.416667,25.783219,2.018116,24.000000,0.586207
0.250000,0.431599,1.615385,24.190489,1.416667,9.000000,0.617647
0.033333,0.403533,1.821782,27.430202,2.178520,53.000000,0.645614
0.033333,0.111884,2.095238,27.364405,1.983908,30.000000,0.676923
0.066667,0.576704,2.207317,28.691057,2.333333,55.000000,0.688213
0.111111,0.179689,2.909091,28.310262,1.560606,12.000000,0.744186
0.111111,0.246240,2.375000,27.894682,1.644444,10.000000,0.703704
0.090909,0.597145,1.833333,28.611878,1.672727,11.000000,0.647059
0.090909,0.101563,2.789474,27.130474,1.691176,17.000000,0.736111
0.250000,0.059690,1.940000,29.151074,1.917241,30.000000,0.659864
0.100000,0.396293,1.545455,19.452597,1.622222,10.000000,0.607143
0.076923,0.589647,5.666667,28.440242,1.641026,13.000000,0.850000
0.076923,0.638772,1.321429,28.709147,1.858333,16.000000,0.569231
0.090909,0.597145,1.833333,28.611878,1.672727,11.000000,0.647059
0.090909,0.101563,2.789474,27.130474,1.691176,17.000000,0.736111
0.100000,0.135796,1.909091,30.000000,1.577778,10.000000,0.656250
0.083333,0.004153,2.000000,28.862413,1.636364,12.000000,0.666667
0.083333,0.101563,2.789474,27.130474,1.691176,17.000000,0.736111
0.100000,0.135796,1.909091,30.000000,1.577778,10.000000,0.656250
0.142857,0.197673,2.163265,27.648213,2.080519,56.000000,0.683871
0.142857,0.261360,1.333333,22.076163,1.476190,7.000000,0.571429
0.027027,0.048977,2.184615,29.076528,1.929825,39.000000,0.685990
0.027027,0.371055,2.185567,27.034485,2.080519,56.000000,0.686084
0.045455,0.011494,1.571429,30.000000,1.714286,22.000000,0.611111
0.045455,0.626254,2.137405,27.546609,2.228986,70.000000,0.681265
0.045455,0.626254,2.137405,27.546609,2.228986,70.000000,0.681265
0.045455,0.011494,1.571429,30.000000,1.714286,22.000000,0.611111
0.166667,0.286755,1.380282,27.877920,2.030303,34.000000,0.579882
0.166667,0.929272,2.200000,25.000000,1.266667,6.000000,0.687500
0.083333,0.469556,2.376238,27.968124,2.089831,60.000000,0.703812
0.083333,0.497960,1.227273,27.500000,1.727273,12.000000,0.551020
0.250000,0.130908,2.139535,29.851212,1.854497,28.000000,0.681481
0.111111,0.017347,1.705882,27.857143,1.681319,14.000000,0.630435
0.111111,0.005978,1.875000,18.978305,1.583333,9.000000,0.652174
0.052632,0.022816,2.285714,27.767865,1.877193,19.000000,0.695652
0.052632,0.464994,2.352941,28.060588,2.089831,60.000000,0.701754
0.166667,0.336874,2.405063,29.350779,2.012755,49.000000,0.706320
0.045455,0.011494,1.571429,30.000000,1.714286,22.000000,0.611111
0.045455,0.626254,2.137405,27.546609,2.228986,70.000000,0.681265
0.083333,0.618964,1.666667,24.811180,1.696970,12.000000,0.625000
0.083333,0.485160,2.162393,29.016456,2.105479,63.000000,0.683784
0.043478,0.026495,3.095238,28.039339,1.861660,23.000000,0.755814
0.043478,0.626254,2.137405,27.546609,2.228986,70.000000,0.681265
0.038462,0.309760,1.891892,29.641872,1.784615,26.000000,0.654206
0.038462,0.418869,2.190909,28.433997,2.103825,61.000000,0.686610
0.142857,0.284792,2.302326,28.373935,1.880460,30.000000,0.697183
0.142857,0.412961,3.000000,23.988116,1.944444,9.000000,0.750000
0.142857,0.315888,4.333333,30.000000,1.535714,8.000000,0.812500
0.142857,0.831332,1.666667,21.428585,1.523810,7.000000,0.625000
0.142857,0.662808,2.000000,27.724055,1.476190,7.000000,0.666667
0.142857,0.271224,2.375000,19.426801,1.909091,11.000000,0.703704
0.166667,0.338559,5.230769,27.348701,1.821505,31.000000,0.839506
0.125000,0.540326,1.818182,28.404416,1.904762,21.000000,0.645161
0.250000,1.000000,3.000000,25.260784,1.500000,8.000000,0.750000
0.055556,0.011494,2.718750,28.781315,1.743333,25.000000,0.731092
0.034483,0.176702,1.794521,29.238813,2.056478,43.000000,0.642157
0.034483,1.000000,2.928571,25.465882,2.366995,29.000000,0.745455
0.083333,0.541036,3.312500,20.004020,2.142105,20.000000,0.768116
0.055556,0.063001,1.947368,25.474326,1.892308,26.000000,0.660714
0.142857,1.000000,1.500000,22.389231,1.476190,7.000000,0.600000
0.050000,0.576338,2.518519,21.844105,2.332308,26.000000,0.715789
0.050000,0.286693,1.518987,29.646003,2.068293,41.000000,0.603015
0.083333,1.000000,2.928571,25.465882,2.366995,29.000000,0.745455
0.090909,0.959654,2.625000,25.789601,1.690909,11.000000,0.724138
0.090909,0.068442,1.625000,28.380524,1.666667,13.000000,0.619048
0.200000,0.149861,1.240000,24.019929,1.809524,15.000000,0.553571
0.166667,0.213585,1.300000,22.735175,1.651515,12.000000,0.565217
0.166667,0.007812,1.600000,27.896336,1.238095,7.000000,0.615385
0.166667,0.612696,2.750000,28.989463,1.266667,6.000000,0.733333
0.166667,0.380770,1.900000,30.000000,1.527778,9.000000,0.655172
0.058824,0.199354,3.368421,29.261134,1.831169,22.000000,0.771084
0.058824,0.258761,4.333333,18.093010,1.977941,17.000000,0.812500
0.058824,0.057250,1.540541,29.854020,1.580882,17.000000,0.606383
0.058824,0.062687,2.241379,29.896598,1.945652,24.000000,0.691489
0.100000,0.471655,1.538462,29.365771,1.555556,10.000000,0.606061
0.100000,0.389697,1.700000,24.737103,1.676190,15.000000,0.629630
0.111111,0.984464,1.600000,8.527784,1.555556,9.000000,0.615385
0.111111,0.015287,1.777778,29.923266,1.641026,13.000000,0.640000
0.111111,0.394424,3.875000,29.739171,1.530303,12.000000,0.794872
0.066667,0.038127,1.240000,26.000002,1.761905,15.000000,0.553571
0.066667,0.038127,1.240000,26.000002,1.761905,15.000000,0.553571
0.055556,0.060980,3.714286,28.182196,1.751634,18.000000,0.787879
0.055556,0.060980,3.714286,28.182196,1.751634,18.000000,0.787879
0.062500,0.305755,1.300000,10.457807,1.775000,16.000000,0.565217
0.062500,0.305755,1.300000,10.457807,1.775000,16.000000,0.565217
0.066667,0.038127,1.240000,26.000002,1.761905,15.000000,0.553571
0.062500,0.305755,1.300000,10.457807,1.775000,16.000000,0.565217
0.055556,0.060980,3.714286,28.182196,1.751634,18.000000,0.787879
0.050000,0.456178,5.444444,23.213546,2.036842,20.000000,0.844828
0.050000,0.004016,3.250000,27.774335,1.840000,25.000000,0.764706
0.200000,0.209177,5.640000,28.175176,1.726437,30.000000,0.849398
0.076923,0.209359,2.958333,28.563917,1.851449,24.000000,0.747368
0.066667,0.625278,1.700000,29.371257,1.514286,15.000000,0.629630
0.066667,0.529817,4.200000,26.139609,1.409524,15.000000,0.807692
0.100000,0.976809,1.769231,27.000000,1.488889,10.000000,0.638889
0.100000,0.577604,1.700000,29.731000,1.514286,15.000000,0.629630
0.142857,0.745138,2.500000,25.764183,1.619048,7.000000,0.714286
0.142857,0.943850,2.285714,29.496745,1.638889,9.000000,0.695652
0.125000,0.245966,2.647059,26.129185,1.650000,16.000000,0.725806
0.111111,0.882358,3.266667,29.907721,1.691176,17.000000,0.765625
0.090909,0.978559,3.100000,28.065833,1.606061,12.000000,0.756098
0.090909,1.000000,1.013158,27.222702,1.929231,26.000000,0.503268
0.111111,0.349251,1.727273,28.140577,1.808824,17.000000,0.633333
0.250000,0.321429,1.818182,13.912529,1.738562,18.000000,0.645161
0.166667,0.024194,2.388889,29.726847,1.641667,16.000000,0.704918
0.071429,0.027824,2.055556,21.866131,2.016667,25.000000,0.672727
0.071429,0.062500,1.866667,21.491730,1.868132,14.000000,0.651163
0.040000,0.027824,2.055556,21.866131,2.016667,25.000000,0.672727
0.040000,0.877779,1.012658,29.098435,1.989418,28.000000,0.503145
0.076923,1.000000,2.818182,28.961903,1.743590,13.000000,0.738095
0.125000,0.029305,2.166667,30.000000,1.535714,8.000000,0.684211
0.125000,0.029305,2.166667,30.000000,1.535714,8.000000,0.684211
0.111111,0.881637,1.518519,30.000000,1.741667,16.000000,0.602941
0.100000,0.235809,1.625000,23.183018,1.527273,11.000000,0.619048
0.100000,0.235809,1.625000,23.183018,1.527273,11.000000,0.619048
0.166667,0.452279,0.962963,29.406739,1.971510,27.000000,0.490566
0.166667,0.200000,2.111111,27.949115,1.763636,11.000000,0.678571
0.071429,1.000000,1.866667,20.566580,1.868132,14.000000,0.651163
0.071429,0.880582,0.963855,29.033058,1.989418,28.000000,0.490798
0.100000,1.000000,1.866667,20.998844,1.868132,14.000000,0.651163
0.250000,0.559244,2.666667,28.493355,1.466667,6.000000,0.727273
0.250000,0.559244,2.666667,28.493355,1.466667,6.000000,0.727273
0.250000,1.000000,2.000000,23.358120,1.736264,14.000000,0.666667
0.166667,0.292689,1.675000,25.137699,2.043333,25.000000,0.626168
0.058824,0.424568,1.766667,27.756197,1.910526,20.000000,0.638554
0.058824,0.024390,6.111111,29.422575,1.654412,17.000000,0.859375
0.125000,0.039878,1.953125,29.704831,2.070571,37.000000,0.661376
0.166667,0.292689,1.675000,25.137699,2.043333,25.000000,0.626168
0.027778,0.269671,3.473684,28.062378,2.007937,36.000000,0.776471
0.027778,0.012048,2.134615,21.156794,2.092461,38.000000,0.680982
0.125000,0.952661,2.375000,30.000000,1.763636,11.000000,0.703704
0.125000,0.735325,1.320000,27.746464,1.976667,25.000000,0.568966
0.166667,0.074981,2.041667,30.000000,1.823362,27.000000,0.671233
0.250000,0.163316,3.058824,28.387444,1.669118,17.000000,0.753623
0.142857,0.067516,1.685714,30.000000,1.913043,24.000000,0.627660
0.166667,0.242667,1.675000,25.137699,2.043333,25.000000,0.626168
0.166667,0.292689,1.675000,25.137699,2.043333,25.000000,0.626168
0.250000,0.171546,1.890909,27.552442,2.066288,33.000000,0.654088
0.043478,0.327834,1.675000,28.233786,2.043333,25.000000,0.626168
0.043478,0.238215,2.051724,20.715713,2.311839,44.000000,0.672316
0.055556,0.581923,1.511628,28.803571,1.944615,26.000000,0.601852
0.055556,0.007874,1.739130,28.629925,1.738562,18.000000,0.634921
0.043478,0.327834,1.675000,28.233786,2.043333,25.000000,0.626168
0.043478,0.238215,2.051724,20.715713,2.311839,44.000000,0.672316
0.100000,0.051207,3.083333,27.877736,1.841667,16.000000,0.755102
0.100000,0.028340,1.642857,29.136023,1.488889,10.000000,0.621622
0.043478,1.000000,1.675000,28.233786,2.043333,25.000000,0.626168
0.043478,0.238215,2.051724,20.715713,2.311839,44.000000,0.672316
0.166667,0.058488,3.600000,24.276192,1.780952,15.000000,0.782609
0.166667,0.423847,4.500000,30.000000,1.400000,6.000000,0.818182
0.043478,0.327834,1.675000,28.233786,2.043333,25.000000,0.626168
0.043478,0.238215,2.051724,20.715713,2.311839,44.000000,0.672316
0.083333,0.114884,2.100000,29.962122,1.742424,12.000000,0.677419
0.055556,0.010650,2.083333,25.557018,1.991453,27.000000,0.675676
0.125000,1.000000,1.217391,27.083898,1.782051,13.000000,0.549020
0.125000,0.016000,2.800000,29.387270,1.500000,8.000000,0.736842
0.142857,0.875361,1.714286,25.714286,1.476190,7.000000,0.631579
0.076923,0.238215,2.051724,21.645432,2.311839,44.000000,0.672316
0.076923,1.000000,1.217391,27.083898,1.782051,13.000000,0.549020
0.250000,0.266272,1.652174,25.922131,1.716667,16.000000,0.622951
0.200000,1.000000,1.538462,28.534171,1.666667,10.000000,0.606061
0.100000,1.000000,1.736842,28.800000,2.023333,25.000000,0.634615
0.100000,0.438222,1.818182,30.000000,1.555556,10.000000,0.645161
0.200000,1.000000,1.736842,28.800000,2.023333,25.000000,0.634615
0.100000,0.438222,1.818182,30.000000,1.555556,10.000000,0.645161
0.100000,1.000000,1.736842,28.800000,2.023333,25.000000,0.634615
0.200000,1.000000,1.736842,28.800000,2.023333,25.000000,0.634615
0.062500,0.906896,1.518519,30.000000,1.741667,16.000000,0.602941
0.062500,0.523501,3.076923,26.109523,1.960784,18.000000,0.754717
0.111111,1.000000,1.615385,28.615056,1.808333,16.000000,0.617647
0.166667,1.000000,0.939759,29.864251,1.971510,27.000000,0.484472
0.125000,1.000000,0.962963,29.180330,1.971510,27.000000,0.490566
0.076923,1.000000,0.957746,26.306512,1.902174,24.000000,0.489209
0.076923,1.000000,2.500000,29.003086,1.730769,13.000000,0.714286
0.200000,0.181734,3.000000,27.901884,1.400000,6.000000,0.750000
0.125000,1.000000,1.666667,14.498168,1.285714,8.000000,0.625000
0.125000,0.424564,4.450000,29.067764,1.576190,21.000000,0.816514
0.125000,0.039352,2.615385,30.000000,1.626374,14.000000,0.723404
0.166667,0.706499,1.638889,30.000000,1.913043,24.000000,0.621053
0.166667,0.082525,2.126761,28.946504,1.928475,39.000000,0.680180
0.058824,0.433537,4.000000,25.308580,1.764706,17.000000,0.800000
0.058824,0.075156,2.105263,27.667510,1.705882,17.000000,0.677966
0.111111,0.402179,2.051724,20.715713,2.311839,44.000000,0.672316
0.111111,0.462552,3.000000,24.345483,2.133333,15.000000,0.750000
0.111111,0.278179,3.000000,24.345483,2.133333,15.000000,0.750000
0.111111,0.360590,3.000000,24.345483,2.133333,15.000000,0.750000
0.076923,0.526029,1.217391,23.409499,1.692308,13.000000,0.549020
0.076923,0.137170,1.819444,28.770313,2.056478,43.000000,0.645320
0.076923,0.137170,1.819444,28.770313,2.056478,43.000000,0.645320
0.076923,0.526029,1.217391,23.409499,1.692308,13.000000,0.549020
0.083333,0.007874,4.000000,25.932201,1.636364,12.000000,0.800000
0.083333,0.023822,5.333333,27.186792,1.771429,15.000000,0.842105
0.090909,0.336285,2.653846,27.367178,2.068279,38.000000,0.726316
0.090909,0.394605,1.227273,26.739688,1.545455,11.000000,0.551020
0.083333,0.477963,2.200000,28.978182,1.790476,15.000000,0.687500
0.083333,0.274759,1.800000,20.007186,1.604396,14.000000,0.642857
0.200000,0.165497,2.680851,28.255088,1.743842,29.000000,0.728324
0.125000,0.406220,1.530864,29.181071,2.067364,42.000000,0.604878
0.250000,1.000000,1.538462,28.534171,1.666667,10.000000,0.606061
0.250000,0.933655,1.666667,19.691425,1.723810,15.000000,0.625000
0.100000,1.000000,2.300000,26.194966,1.651515,12.000000,0.696970
0.100000,0.158875,2.333333,29.372905,1.600000,10.000000,0.700000
0.125000,0.417510,1.400000,27.268822,1.571429,8.000000,0.583333
0.125000,0.270627,2.454545,27.987639,1.621212,12.000000,0.710526
0.125000,0.417510,1.400000,27.268822,1.571429,8.000000,0.583333
0.125000,0.270627,2.454545,27.987639,1.621212,12.000000,0.710526
0.100000,0.245120,1.777778,29.377051,2.114710,39.000000,0.640000
0.100000,0.198316,2.500000,29.215981,1.794872,13.000000,0.714286
0.058824,1.000000,1.920000,20.452917,1.816993,18.000000,0.657534
0.058824,0.648843,1.466667,29.359512,1.900000,20.000000,0.594595
0.066667,1.000000,6.000000,29.875642,1.657143,15.000000,0.857143
0.066667,0.877775,1.426230,22.585228,2.034483,29.000000,0.587838
0.125000,0.061270,2.600000,30.000000,1.535714,8.000000,0.722222
0.125000,1.000000,2.285714,28.381944,1.835165,14.000000,0.695652
0.100000,0.839514,1.793103,29.586308,2.066288,33.000000,0.641975
0.100000,1.000000,2.000000,15.626181,1.777778,10.000000,0.666667
0.125000,0.061270,2.600000,30.000000,1.535714,8.000000,0.722222
0.125000,1.000000,2.285714,28.381944,1.835165,14.000000,0.695652
0.125000,0.876923,1.633333,9.906720,1.742105,20.000000,0.620253
0.166667,0.127465,3.244444,27.980940,2.055331,39.000000,0.764398
0.076923,0.127465,3.244444,27.980940,2.055331,39.000000,0.764398
0.076923,0.003922,2.909091,30.000000,1.666667,13.000000,0.744186
0.076923,0.127465,3.244444,27.980940,2.055331,39.000000,0.764398
0.076923,0.003922,2.909091,30.000000,1.666667,13.000000,0.744186
0.066667,0.413317,1.511628,30.000000,1.822511,22.000000,0.601852
0.142857,0.104600,2.727273,20.458440,1.933333,15.000000,0.731707
0.052632,0.671968,2.740741,29.490000,1.680952,21.000000,0.732673
0.052632,0.348883,3.166667,29.346046,1.789474,19.000000,0.760000
0.166667,0.013530,2.416667,28.208992,1.895238,21.000000,0.707317
0.142857,0.207176,2.400000,23.281207,2.095238,28.000000,0.705882
0.142857,0.701577,4.000000,30.000000,1.476190,7.000000,0.800000
0.090909,0.556129,2.606061,27.734310,1.843077,26.000000,0.722689
0.090909,0.614123,2.250000,22.385746,1.763636,11.000000,0.692308
0.142857,0.560357,4.238095,29.561537,1.576190,21.000000,0.809091
0.166667,1.000000,5.857143,26.470398,1.807487,34.000000,0.854167
0.125000,0.641604,4.000000,30.000000,1.571429,8.000000,0.800000
0.100000,0.328952,1.904762,30.000000,1.704762,15.000000,0.655738
0.125000,0.024838,1.888889,28.526792,1.392857,8.000000,0.653846
0.125000,1.000000,2.375000,29.919711,1.527778,9.000000,0.703704
0.071429,0.019920,1.875000,30.000000,1.758242,14.000000,0.652174
0.071429,0.714574,1.454545,30.000000,1.923810,15.000000,0.592593
0.250000,1.000000,2.000000,30.000000,1.333333,4.000000,0.666667
0.250000,0.116404,2.407407,28.516071,1.932806,23.000000,0.706522
0.142857,0.119057,1.906977,29.390371,1.783069,28.000000,0.656000
0.142857,0.947157,1.750000,25.714286,1.333333,7.000000,0.636364
0.111111,1.000000,1.875000,26.486399,1.769231,13.000000,0.652174
0.111111,1.000000,2.157895,29.187834,1.723810,15.000000,0.683333
0.090909,1.000000,2.111111,24.255168,1.763636,11.000000,0.678571
0.066667,0.828532,2.045455,28.780021,1.685714,15.000000,0.671642
0.083333,1.000000,3.000000,30.000000,1.863636,12.000000,0.750000
0.083333,0.777302,4.857143,30.000000,2.000000,15.000000,0.829268
0.166667,0.232325,2.826087,28.585352,1.861660,23.000000,0.738636
0.166667,0.328173,1.880952,29.677488,2.037037,27.000000,0.652893
0.166667,1.000000,1.666667,27.715399,1.464286,8.000000,0.625000
0.166667,0.328173,1.880952,29.677488,2.037037,27.000000,0.652893
0.166667,0.328173,1.880952,29.677488,2.037037,27.000000,0.652893
0.058824,0.170798,1.709677,28.030021,1.910526,20.000000,0.630952
0.076923,0.303132,2.083333,27.988653,1.730769,13.000000,0.675676
0.090909,0.317106,1.615385,28.944916,1.808333,16.000000,0.617647
0.166667,0.382915,2.000000,30.000000,1.466667,6.000000,0.666667
0.166667,0.074433,1.777778,28.337621,1.980237,23.000000,0.640000
0.125000,1.000000,1.416667,25.783219,2.018116,24.000000,0.586207
0.125000,1.000000,2.285714,29.135893,1.428571,8.000000,0.695652
0.125000,0.577547,1.416667,25.783219,2.018116,24.000000,0.586207
0.125000,1.000000,2.285714,29.135893,1.428571,8.000000,0.695652
0.125000,1.000000,1.416667,25.783219,2.018116,24.000000,0.586207
0.125000,1.000000,2.285714,29.135893,1.428571,8.000000,0.695652
0.062500,0.066275,1.058824,26.444953,1.850000,16.000000,0.514286
0.062500,0.490202,2.105263,28.377600,2.340736,59.000000,0.677966
0.090909,0.810903,2.185714,22.178001,2.227273,45.000000,0.686099
0.090909,1.000000,2.307692,28.703135,1.509091,11.000000,0.697674
0.037037,0.213355,1.945946,27.287255,1.923077,27.000000,0.660550
0.058824,0.504522,2.049020,28.721038,2.339891,61.000000,0.672026
0.058824,0.927047,3.466667,29.733571,1.617647,17.000000,0.776119
0.045455,0.278626,1.219512,20.742383,1.917749,22.000000,0.549451
0.045455,0.069365,2.260870,29.135939,1.991342,22.000000,0.693333
0.045455,0.834181,2.234568,28.250714,2.333333,55.000000,0.690840
0.062500,0.490202,2.105263,28.377600,2.340736,59.000000,0.677966
0.062500,0.066275,1.058824,26.444953,1.850000,16.000000,0.514286
0.033333,0.117853,1.707965,29.936971,2.183165,55.000000,0.630719
0.166667,0.232277,4.200000,29.471606,1.533333,10.000000,0.807692
0.166667,0.764364,1.714286,25.000000,1.200000,6.000000,0.631579
0.058824,0.142096,1.877193,28.762543,2.055477,38.000000,0.652439
0.166667,0.177936,3.200000,27.616299,2.043077,26.000000,0.761905
0.166667,0.764364,1.714286,25.000000,1.200000,6.000000,0.631579
0.166667,0.528949,3.173913,28.653589,2.055331,39.000000,0.760417
0.200000,0.095772,3.666667,26.642334,1.476190,7.000000,0.785714
0.200000,0.601304,2.333333,30.000000,1.300000,5.000000,0.700000
0.076923,0.419233,2.187500,29.920030,1.875000,16.000000,0.686275
0.125000,0.709375,2.647059,30.000000,1.742647,17.000000,0.725806
0.125000,0.709375,2.647059,30.000000,1.742647,17.000000,0.725806
0.090909,1.000000,1.520000,26.694780,1.816667,16.000000,0.603175
0.090909,0.054570,1.413793,30.000000,1.830882,17.000000,0.585714
0.090909,0.103321,1.767442,29.059157,2.089655,30.000000,0.638655
0.090909,0.054570,1.413793,30.000000,1.830882,17.000000,0.585714
0.250000,1.000000,2.500000,27.693034,1.775000,16.000000,0.714286
0.071429,0.984644,1.545455,24.315814,1.626374,14.000000,0.607143
0.071429,0.297944,1.809524,28.958351,2.089655,30.000000,0.644068
0.166667,0.824786,1.769231,30.000000,1.742424,12.000000,0.638889
0.166667,0.581884,1.171875,27.475872,1.963077,26.000000,0.539568
0.040000,0.105309,1.769231,27.812846,1.983333,25.000000,0.638889
0.040000,0.008138,2.500000,28.349454,2.270390,48.000000,0.714286
0.100000,0.000000,2.555556,29.783038,1.488889,10.000000,0.718750
0.100000,0.581884,1.171875,27.475872,1.963077,26.000000,0.539568
0.040000,0.008138,2.500000,28.349454,2.270390,48.000000,0.714286
0.040000,0.105309,1.769231,27.812846,1.983333,25.000000,0.638889
0.040000,0.008138,2.500000,28.349454,2.270390,48.000000,0.714286
0.040000,0.363856,1.769231,27.812846,1.983333,25.000000,0.638889
0.040000,0.008138,2.500000,28.349454,2.270390,48.000000,0.714286
0.040000,1.000000,1.769231,27.812846,1.983333,25.000000,0.638889
0.040000,0.008138,2.500000,28.349454,2.270390,48.000000,0.714286
0.040000,0.105309,1.769231,27.812846,1.983333,25.000000,0.638889
0.100000,0.663869,2.500000,6.646686,1.822222,10.000000,0.714286
0.052632,1.000000,1.813953,27.265881,1.975369,29.000000,0.644628
0.034483,0.375458,1.659574,29.529662,1.953202,29.000000,0.624000
0.045455,0.058994,1.190476,27.584661,1.917749,22.000000,0.543478
0.142857,0.363710,1.589286,27.544471,1.970115,30.000000,0.613793
0.166667,0.006823,2.200000,22.413220,1.266667,6.000000,0.687500
0.055556,0.211079,2.666667,28.383056,1.747036,23.000000,0.727273
0.043478,0.397672,5.625000,29.078180,1.857143,28.000000,0.849057
0.111111,0.062791,2.583333,29.684338,1.857143,22.000000,0.720930
0.166667,0.202148,1.666667,28.125000,1.716667,16.000000,0.625000
0.166667,0.117904,1.571429,25.166667,1.266667,6.000000,0.611111
0.090909,0.446393,1.857143,30.000000,1.807692,13.000000,0.650000
0.071429,1.000000,2.400000,20.770139,1.934066,14.000000,0.705882
0.071429,0.037722,2.000000,28.844884,1.752381,21.000000,0.666667
0.250000,0.782450,2.250000,28.194661,1.688889,10.000000,0.692308
0.043478,0.232421,3.066667,29.622576,1.849206,28.000000,0.754098
0.043478,1.000000,6.200000,27.970574,2.071146,23.000000,0.861111
0.076923,0.529431,3.250000,27.859977,1.840000,25.000000,0.764706
0.250000,0.176149,2.142857,25.212860,1.583333,9.000000,0.681818
0.043478,0.232421,3.066667,29.622576,1.849206,28.000000,0.754098
0.043478,0.947790,6.200000,27.970574,2.071146,23.000000,0.861111
0.062500,1.000000,1.520000,30.000000,1.716667,16.000000,0.603175
0.090909,0.663904,1.294118,29.225274,2.053476,34.000000,0.564103
0.166667,0.385679,1.571429,25.000000,1.266667,6.000000,0.611111
0.050000,0.070224,1.852941,29.412855,1.926407,22.000000,0.649485
0.066667,0.638637,1.842105,28.976024,1.723810,15.000000,0.648148
0.066667,1.000000,1.807692,23.608034,2.007246,24.000000,0.643836
0.050000,0.127080,1.381818,29.863915,1.814229,23.000000,0.580153
0.062500,0.491073,2.187500,29.883414,1.875000,16.000000,0.686275
0.058824,1.000000,1.807692,23.608034,2.007246,24.000000,0.643836
0.058824,0.011765,2.125000,27.532875,1.772059,17.000000,0.680000
0.076923,0.108792,6.500000,30.000000,1.604396,14.000000,0.866667
0.076923,0.736345,1.789474,29.866759,1.747253,14.000000,0.641509
0.200000,0.927448,2.333333,24.408289,1.300000,5.000000,0.700000
0.100000,0.113277,1.769231,30.000000,1.983333,25.000000,0.638889
0.125000,1.000000,2.090909,30.000000,1.696970,12.000000,0.676471
0.100000,0.324044,1.700000,12.883828,1.622222,10.000000,0.629630
0.052632,0.177059,2.636364,29.235148,1.823810,21.000000,0.725000
0.052632,0.095155,1.782609,23.517068,1.982456,19.000000,0.640625
0.100000,0.166802,1.769231,30.000000,1.983333,25.000000,0.638889
0.100000,0.113277,1.769231,30.000000,1.983333,25.000000,0.638889
0.100000,0.113277,1.769231,30.000000,1.983333,25.000000,0.638889
0.100000,1.000000,1.769231,30.000000,1.983333,25.000000,0.638889
0.142857,0.108819,4.111111,30.000000,1.926471,17.000000,0.804348
0.142857,0.724913,2.000000,22.634929,1.428571,7.000000,0.666667
0.083333,0.262236,3.083333,30.000000,1.647619,15.000000,0.755102
0.083333,0.098408,1.315789,20.581249,1.666667,12.000000,0.568182
0.142857,0.724913,2.000000,22.634929,1.428571,7.000000,0.666667
0.142857,0.108819,4.111111,30.000000,1.926471,17.000000,0.804348
0.200000,0.645717,1.842105,28.000000,1.723810,15.000000,0.648148
0.055556,0.032530,2.391304,27.373721,1.738095,21.000000,0.705128
0.055556,0.616833,3.333333,27.015517,1.751634,18.000000,0.769231
0.142857,1.000000,1.240000,26.000002,1.761905,15.000000,0.553571
0.250000,1.000000,5.300000,30.000000,1.561905,15.000000,0.841270
0.250000,1.000000,5.300000,30.000000,1.561905,15.000000,0.841270
0.142857,0.003922,1.800000,29.688700,1.583333,9.000000,0.642857
0.100000,1.000000,4.714286,29.687005,1.266667,10.000000,0.825000
0.100000,0.570051,1.555556,30.000000,1.641026,13.000000,0.608696
0.100000,0.467500,3.250000,29.220870,1.422222,10.000000,0.764706
0.100000,0.368458,1.518519,28.491256,1.750000,17.000000,0.602941
0.100000,1.000000,4.714286,29.687005,1.266667,10.000000,0.825000
0.100000,0.570051,1.555556,30.000000,1.641026,13.000000,0.608696
0.100000,0.467500,3.250000,29.220870,1.422222,10.000000,0.764706
0.100000,0.368458,1.518519,28.491256,1.750000,17.000000,0.602941
0.200000,0.007937,2.178571,27.274986,1.897233,23.000000,0.685393
0.083333,0.788667,1.769231,25.248700,1.742424,12.000000,0.638889
0.166667,1.000000,2.333333,30.000000,1.863636,12.000000,0.700000
0.076923,0.840283,1.013158,27.222702,1.929231,26.000000,0.503268
0.083333,0.998722,6.200000,28.937042,2.275000,16.000000,0.861111
0.083333,0.366491,7.833333,26.064992,2.216374,19.000000,0.886792
0.083333,0.869089,6.200000,28.937042,2.275000,16.000000,0.861111
0.083333,0.366491,7.833333,26.064992,2.216374,19.000000,0.886792
0.166667,0.610798,2.333333,30.000000,1.863636,12.000000,0.700000
0.058824,0.594240,2.125000,28.263841,1.772059,17.000000,0.680000
0.142857,0.468866,1.171875,27.475872,1.963077,26.000000,0.539568
0.083333,0.666229,3.571429,30.000000,2.109890,14.000000,0.781250
0.083333,0.702922,1.821429,30.000000,1.836257,19.000000,0.645570
0.083333,0.321473,3.571429,30.000000,2.109890,14.000000,0.781250
0.083333,0.702922,1.821429,30.000000,1.836257,19.000000,0.645570
0.250000,0.274545,1.750000,25.238573,1.833333,16.000000,0.636364
0.100000,1.000000,3.000000,30.000000,1.756410,13.000000,0.750000
0.166667,0.071807,1.823529,29.032258,2.092473,31.000000,0.645833
0.166667,0.011952,3.000000,30.000000,1.400000,6.000000,0.750000
0.166667,0.071807,1.823529,29.032258,2.092473,31.000000,0.645833
0.166667,0.011952,3.000000,30.000000,1.400000,6.000000,0.750000
0.142857,0.017341,1.714286,30.000000,1.476190,7.000000,0.631579
0.166667,0.071807,1.823529,29.032258,2.092473,31.000000,0.645833
0.166667,0.011952,3.000000,30.000000,1.400000,6.000000,0.750000
0.100000,0.517626,2.555556,25.471030,1.681818,12.000000,0.718750
0.125000,0.083960,1.833333,30.000000,1.214286,8.000000,0.647059
0.125000,0.286666,1.680000,22.404625,1.882353,18.000000,0.626866
0.166667,1.000000,1.714286,27.280919,1.563636,11.000000,0.631579
0.090909,1.000000,1.714286,27.280919,1.563636,11.000000,0.631579
0.200000,0.836558,2.272727,22.804317,1.600000,11.000000,0.694444
0.200000,1.000000,5.714286,28.884862,1.439394,12.000000,0.851064
0.200000,0.227300,2.500000,30.000000,1.000000,5.000000,0.714286
0.200000,0.552190,1.405405,26.850691,1.766082,19.000000,0.584270
0.083333,0.423167,1.520000,30.000000,1.716667,16.000000,0.603175
0.083333,0.493148,1.800000,30.000000,1.666667,12.000000,0.642857
0.090909,0.735068,4.666667,29.478320,1.490909,11.000000,0.823529
0.066667,0.770256,2.875000,30.000000,1.849206,28.000000,0.741935
0.111111,0.508305,3.666667,30.000000,1.388889,9.000000,0.785714
0.111111,0.564581,3.666667,30.000000,1.388889,9.000000,0.785714
0.111111,0.564581,3.666667,30.000000,1.388889,9.000000,0.785714
0.200000,1.000000,2.333333,30.000000,1.300000,5.000000,0.700000
0.166667,1.000000,1.478261,29.110733,1.983333,25.000000,0.596491
0.100000,0.561909,1.476190,21.022073,2.003623,24.000000,0.596154
0.100000,0.438983,2.500000,27.385248,1.555556,10.000000,0.714286
0.050000,0.666271,1.733333,28.202819,1.953202,29.000000,0.634146
0.055556,0.039691,1.736842,27.389058,1.784314,18.000000,0.634615
0.125000,0.895515,4.750000,30.000000,1.804762,21.000000,0.826087
0.058824,0.431702,3.250000,30.000000,1.617647,17.000000,0.764706
0.125000,0.895515,4.750000,30.000000,1.804762,21.000000,0.826087
0.125000,0.895515,4.750000,30.000000,1.804762,21.000000,0.826087
0.125000,0.615999,1.767442,29.358168,2.089655,30.000000,0.638655
0.200000,0.008130,10.000000,28.943212,1.000000,5.000000,0.909091
0.200000,1.000000,1.380952,26.027028,1.809524,15.000000,0.580000
0.111111,1.000000,1.380952,26.027028,1.809524,15.000000,0.580000
0.111111,0.008130,2.714286,28.976919,1.527778,9.000000,0.730769
0.111111,0.951413,4.714286,29.116282,1.977941,17.000000,0.825000
0.142857,0.699285,3.400000,29.404848,1.190476,7.000000,0.772727
0.062500,0.619671,1.701299,29.613947,2.056478,43.000000,0.629808
0.062500,0.641020,1.058824,26.444953,1.850000,16.000000,0.514286
0.142857,0.641020,1.058824,26.444953,1.850000,16.000000,0.514286
0.142857,1.000000,1.600000,30.000000,1.238095,7.000000,0.615385
0.142857,1.000000,1.600000,30.000000,1.238095,7.000000,0.615385
0.142857,0.641020,1.058824,26.444953,1.850000,16.000000,0.514286
0.090909,0.521451,2.666667,25.841851,1.934066,14.000000,0.727273
0.062500,0.619671,1.701299,29.613947,2.056478,43.000000,0.629808
0.062500,0.641020,1.058824,26.444953,1.850000,16.000000,0.514286
0.125000,0.953350,2.500000,30.000000,1.466667,10.000000,0.714286
0.058824,0.149993,2.294118,25.148986,1.838235,17.000000,0.696429
0.058824,0.311339,2.051724,20.715713,2.311839,44.000000,0.672316
0.111111,0.658020,1.736842,26.251283,1.725275,14.000000,0.634615
0.100000,1.000000,3.071429,26.857697,1.641667,16.000000,0.754386
0.100000,0.392048,2.600000,27.651710,1.807692,13.000000,0.722222
0.200000,0.126524,1.670588,29.187529,2.061538,40.000000,0.625551
0.076923,0.678036,2.333333,28.125944,1.743590,13.000000,0.700000
0.076923,0.282243,3.181818,29.586756,2.054348,24.000000,0.760870
0.100000,0.740339,10.500000,25.510781,1.622222,10.000000,0.913043
0.100000,0.325080,4.200000,28.877867,1.861660,23.000000,0.807692
0.083333,0.884083,2.380952,28.858186,1.777778,18.000000,0.704225
0.083333,0.472753,2.363636,28.521061,1.807692,13.000000,0.702703
0.125000,0.012146,2.000000,26.250000,1.464286,8.000000,0.666667
0.083333,0.119621,2.846154,28.547438,1.934641,18.000000,0.740000
0.066667,0.646723,1.902439,29.909623,2.113978,31.000000,0.655462
0.066667,0.972500,1.695652,26.246823,1.628571,15.000000,0.629032
0.050000,1.000000,1.829787,29.062972,1.735385,26.000000,0.646617
0.050000,0.030641,2.454545,26.024003,1.900000,20.000000,0.710526
0.052632,0.722860,3.066667,26.523194,1.929825,19.000000,0.754098
0.052632,1.000000,2.122449,27.499224,1.826613,32.000000,0.679739
0.058824,1.000000,1.906977,30.000000,1.645022,22.000000,0.656000
0.058824,0.137418,1.863636,28.208557,1.904412,17.000000,0.650794
0.062500,0.863952,2.588235,29.073118,1.725000,16.000000,0.721311
0.062500,1.000000,2.122449,27.499224,1.826613,32.000000,0.679739
0.111111,0.540110,2.028571,29.346914,1.923186,38.000000,0.669811
0.125000,1.000000,2.909091,30.000000,1.666667,13.000000,0.744186
0.090909,1.000000,2.909091,30.000000,1.666667,13.000000,0.744186
0.125000,1.000000,2.909091,30.000000,1.666667,13.000000,0.744186
0.142857,0.431895,1.405405,28.689816,1.948617,23.000000,0.584270
0.125000,0.452501,2.375000,28.088094,1.771429,15.000000,0.703704
0.076923,0.370654,1.344828,30.000000,1.794118,17.000000,0.573529
0.076923,0.370654,1.344828,30.000000,1.794118,17.000000,0.573529
0.142857,1.000000,4.142857,30.000000,1.509091,11.000000,0.805556
0.066667,0.611977,2.846154,20.671274,2.009524,15.000000,0.740000
0.066667,0.428700,1.405405,29.149706,1.948617,23.000000,0.584270
0.076923,0.370654,1.344828,30.000000,1.794118,17.000000,0.573529
0.076923,0.370654,1.344828,30.000000,1.794118,17.000000,0.573529
0.076923,0.370654,1.344828,30.000000,1.794118,17.000000,0.573529
0.083333,0.575586,2.777778,26.817420,1.980952,15.000000,0.735294
0.076923,0.370654,1.344828,30.000000,1.794118,17.000000,0.573529
0.090909,1.000000,2.909091,30.000000,1.666667,13.000000,0.744186
0.142857,1.000000,4.142857,30.000000,1.509091,11.000000,0.805556
0.142857,0.068988,2.230769,25.836944,1.887446,22.000000,0.690476
0.200000,0.140532,2.000000,29.909315,1.527273,11.000000,0.666667
0.200000,0.038815,2.738095,28.924331,1.949206,36.000000,0.732484
0.083333,0.276463,4.000000,30.000000,1.636364,12.000000,0.800000
0.083333,1.000000,1.390244,30.000000,1.812865,19.000000,0.581633
0.111111,0.398543,2.000000,30.000000,1.633333,16.000000,0.666667
0.142857,0.478923,1.208333,29.049348,1.783626,19.000000,0.547170
0.100000,1.000000,1.390244,30.000000,1.812865,19.000000,0.581633
0.100000,0.752022,2.230769,29.031256,1.400000,10.000000,0.690476
0.200000,1.000000,2.333333,25.186528,2.060606,12.000000,0.700000
0.200000,0.030660,2.636364,29.593543,1.628205,13.000000,0.725000
0.090909,0.517411,1.904762,30.000000,2.056122,49.000000,0.655738
0.125000,1.000000,2.866667,26.199506,2.147368,20.000000,0.741379
0.125000,1.000000,2.866667,26.199506,2.147368,20.000000,0.741379
0.100000,0.290878,3.833333,28.399011,1.488889,10.000000,0.793103
0.100000,0.676695,2.625000,28.613376,1.555556,10.000000,0.724138
0.111111,1.000000,1.800000,30.000000,1.583333,9.000000,0.642857
0.111111,0.316307,3.166667,24.523674,2.133333,16.000000,0.760000
0.111111,1.000000,1.800000,30.000000,1.583333,9.000000,0.642857
0.111111,0.756391,3.166667,24.523674,2.133333,16.000000,0.760000
0.111111,1.000000,1.600000,8.527784,1.555556,9.000000,0.615385
0.111111,1.000000,2.560000,29.950123,1.757895,20.000000,0.719101
0.142857,1.000000,4.000000,30.000000,1.739130,23.000000,0.800000
0.052632,1.000000,3.541667,30.000000,1.778986,24.000000,0.779817
0.052632,0.217219,1.947368,27.567655,1.783626,19.000000,0.660714
0.066667,0.851502,2.074074,29.345854,1.896104,22.000000,0.674699
0.066667,0.161918,2.923077,29.673210,1.695238,15.000000,0.745098
0.066667,0.572073,2.111111,29.128228,1.883077,26.000000,0.678571
0.050000,0.557362,2.023529,29.568325,1.977778,45.000000,0.669261
0.142857,0.262320,1.833333,27.801044,1.784314,18.000000,0.647059
0.125000,1.000000,1.840000,23.677293,1.797386,18.000000,0.647887
0.166667,0.007302,2.163043,29.153386,2.095238,57.000000,0.683849
0.076923,0.906243,3.680000,27.847152,2.008602,31.000000,0.786325
0.166667,0.919034,3.878049,28.788562,1.963415,41.000000,0.795000
0.100000,0.781792,3.500000,29.987013,2.028571,35.000000,0.777778
0.200000,0.507169,3.200000,29.177049,1.695238,15.000000,0.761905
0.100000,0.012048,5.500000,30.000000,1.555556,10.000000,0.846154
0.083333,1.000000,1.541667,30.000000,1.593407,14.000000,0.606557
0.083333,0.607911,4.130435,28.283312,1.750000,25.000000,0.805085
0.125000,0.057143,1.700000,26.250000,1.428571,8.000000,0.629630
0.125000,0.326180,2.300000,29.916872,1.651515,12.000000,0.696970
0.125000,0.057143,1.700000,26.250000,1.428571,8.000000,0.629630
0.066667,1.000000,1.562500,30.000000,1.714286,22.000000,0.609756
0.066667,0.657117,1.733333,24.376264,1.752381,15.000000,0.634146
0.250000,1.000000,2.703704,29.463909,1.742857,21.000000,0.730000
0.100000,0.604507,1.937500,23.971981,1.813187,14.000000,0.659574
0.090909,0.517890,2.700000,29.150646,1.712121,12.000000,0.729730
0.090909,0.914912,1.833333,27.363636,1.600000,11.000000,0.647059
0.111111,0.004049,2.153846,27.831118,1.222222,9.000000,0.682927
0.111111,1.000000,1.750000,23.222930,1.852632,20.000000,0.636364
0.142857,0.033613,1.714286,30.000000,1.476190,7.000000,0.631579
0.083333,0.838592,2.684211,28.718884,1.957143,21.000000,0.728571
0.100000,0.288968,3.181818,29.541688,1.801471,17.000000,0.760870
0.090909,0.027940,1.428571,29.585073,2.090909,34.000000,0.588235
0.090909,0.071854,2.083333,28.571009,1.545455,11.000000,0.675676
0.181818,0.167521,2.428571,30.000000,1.428571,8.000000,0.708333
0.062500,0.626990,2.687500,25.674894,1.675000,16.000000,0.728814
0.062500,0.450861,2.631579,26.743594,1.797386,18.000000,0.724638
0.250000,0.782189,3.148148,28.492053,1.721014,24.000000,0.758929
0.052632,0.848198,2.812500,28.894467,1.760000,26.000000,0.737705
0.166667,1.000000,3.666667,30.000000,1.266667,6.000000,0.785714
0.166667,0.140287,1.285714,22.579900,1.794872,13.000000,0.562500
0.052632,1.000000,1.714286,23.684781,1.812865,19.000000,0.631579
0.052632,0.051421,3.280000,29.046542,1.891738,27.000000,0.766355
0.111111,0.999999,1.789474,30.000000,1.833333,21.000000,0.641509
0.166667,0.008000,2.000000,30.000000,1.466667,6.000000,0.666667
0.166667,0.370964,1.600000,25.000080,1.466667,6.000000,0.615385
0.125000,0.314714,1.555556,22.627590,1.535714,8.000000,0.608696
0.125000,0.037435,2.363636,29.109033,1.766082,19.000000,0.702703
0.125000,0.069459,2.111111,29.540843,1.841667,16.000000,0.678571
0.100000,0.713062,1.785714,30.000000,1.511111,10.000000,0.641026
0.100000,0.478225,2.153846,23.064185,1.909091,22.000000,0.682927
0.076923,0.651671,1.725000,30.000000,1.983333,25.000000,0.633028
0.076923,0.478225,2.153846,23.064185,1.909091,22.000000,0.682927
0.076923,0.651671,1.725000,30.000000,1.983333,25.000000,0.633028
0.076923,0.478225,2.153846,23.064185,1.909091,22.000000,0.682927
0.125000,0.075302,3.173913,29.770648,1.967283,38.000000,0.760417
0.076923,0.651671,1.725000,30.000000,1.983333,25.000000,0.633028
0.076923,0.478225,2.153846,23.064185,1.909091,22.000000,0.682927
0.076923,0.620555,1.725000,30.000000,1.983333,25.000000,0.633028
0.076923,0.478225,2.153846,23.064185,1.909091,22.000000,0.682927
0.076923,0.478225,2.153846,23.064185,1.909091,22.000000,0.682927
0.076923,1.000000,1.725000,30.000000,1.983333,25.000000,0.633028
0.066667,0.024214,1.224490,19.115777,1.965368,22.000000,0.550459
0.066667,1.000000,2.642857,30.000000,2.009524,15.000000,0.725490
0.066667,0.151930,2.642857,30.000000,2.009524,15.000000,0.725490
0.066667,0.024214,1.224490,19.115777,1.965368,22.000000,0.550459
0.047619,0.345595,1.806452,25.491197,1.904762,21.000000,0.643678
0.043478,0.001416,2.863636,26.344919,1.916996,23.000000,0.741176
0.043478,1.000000,2.967742,30.000000,1.813333,25.000000,0.747967
0.076923,0.209495,2.414634,23.558074,2.642243,67.000000,0.707143
0.076923,0.209495,2.414634,23.558074,2.642243,67.000000,0.707143
0.076923,0.209495,2.414634,23.558074,2.642243,67.000000,0.707143
0.076923,0.209495,2.414634,23.558074,2.642243,67.000000,0.707143
0.076923,0.209495,2.414634,23.558074,2.642243,67.000000,0.707143
0.200000,0.086661,1.615385,28.964286,1.777778,28.000000,0.617647
0.200000,0.007874,1.750000,24.000000,1.300000,5.000000,0.636364
0.062500,0.213024,1.761905,29.290779,1.772308,26.000000,0.637931
0.100000,0.585905,1.736842,29.731000,1.685714,15.000000,0.634615
0.100000,0.060896,1.900000,24.240209,1.577778,10.000000,0.655172
0.125000,1.000000,2.600000,22.505241,1.642857,8.000000,0.722222
0.125000,0.107275,5.173913,28.978720,1.939496,35.000000,0.838028
0.142857,0.003953,2.333333,23.660255,1.600000,10.000000,0.700000
0.083333,1.000000,1.700000,24.622608,1.484848,12.000000,0.629630
0.083333,0.268426,1.818182,29.675362,1.782609,24.000000,0.645161
0.200000,1.000000,1.407407,29.169485,1.814229,23.000000,0.584615
0.142857,1.000000,1.625000,30.000000,1.380952,7.000000,0.619048
0.142857,1.000000,1.625000,30.000000,1.380952,7.000000,0.619048
0.250000,0.257791,4.666667,25.267150,1.380952,7.000000,0.823529
0.250000,0.465695,4.000000,30.000000,1.752381,15.000000,0.800000
0.250000,0.465695,4.000000,30.000000,1.752381,15.000000,0.800000
0.125000,0.636364,3.500000,28.850593,1.500000,8.000000,0.777778
0.125000,0.792164,1.619048,25.715641,1.564103,13.000000,0.618182
0.100000,0.588446,2.285714,27.622953,1.472727,11.000000,0.695652
0.200000,0.903884,1.545455,25.681098,1.791667,16.000000,0.607143
0.200000,0.813493,10.000000,30.000000,1.000000,5.000000,0.909091
0.100000,0.903884,1.545455,25.681098,1.791667,16.000000,0.607143
0.100000,0.603646,1.428571,30.000000,1.622222,10.000000,0.588235
0.250000,0.423732,1.466667,27.664583,1.848485,12.000000,0.594595
0.076923,1.000000,1.470588,27.744929,1.815789,20.000000,0.595238
0.076923,0.959650,1.272727,27.917356,1.743590,13.000000,0.560000
0.142857,0.193014,2.371429,27.052583,1.977208,27.000000,0.703390
0.050000,1.000000,3.733333,9.349578,1.757576,22.000000,0.788732
0.050000,0.848864,2.500000,30.000000,1.910526,20.000000,0.714286
0.050000,1.000000,3.733333,9.349578,1.757576,22.000000,0.788732
0.050000,0.848864,2.500000,30.000000,1.910526,20.000000,0.714286
0.222222,0.377634,1.666667,24.811180,1.696970,12.000000,0.625000
0.250000,0.315924,1.555556,18.984506,1.500000,8.000000,0.608696
0.250000,1.000000,3.000000,29.299575,1.000000,4.000000,0.750000
0.066667,1.000000,1.407407,27.605976,1.786765,17.000000,0.584615
0.066667,0.406287,2.909091,29.539143,1.695238,15.000000,0.744186
0.058824,0.438097,1.640000,30.000000,1.845588,17.000000,0.621212
0.058824,0.004016,2.526316,23.128615,2.385714,21.000000,0.716418
0.058824,0.000000,2.526316,23.128615,2.385714,21.000000,0.716418
0.058824,0.438097,1.640000,30.000000,1.845588,17.000000,0.621212
0.066667,0.389085,1.578947,25.974231,1.780952,21.000000,0.612245
0.142857,1.000000,2.066667,28.535785,1.905797,24.000000,0.673913
0.142857,0.003953,1.222222,25.861830,1.523810,7.000000,0.550000
0.066667,1.000000,1.764706,22.368227,1.809524,15.000000,0.638298
0.066667,1.000000,1.366667,30.000000,1.853801,19.000000,0.577465
0.125000,1.000000,2.000000,27.920105,1.357143,8.000000,0.666667
0.125000,0.426917,1.891892,29.518116,1.956923,26.000000,0.654206
0.058824,0.191952,1.382979,18.839838,1.973333,25.000000,0.580357
0.058824,1.000000,2.062500,26.403214,2.095588,17.000000,0.673469
0.200000,0.464706,1.538462,24.120422,1.555556,10.000000,0.606061
0.100000,0.240525,2.916667,29.055580,1.851449,24.000000,0.744681
0.100000,0.464706,1.538462,24.120422,1.555556,10.000000,0.606061
0.166667,0.086766,3.307692,27.968117,2.010582,28.000000,0.767857
0.047619,0.833674,2.000000,28.630368,1.814286,21.000000,0.666667
0.066667,0.665921,2.375000,29.768892,1.771429,15.000000,0.703704
0.066667,1.000000,1.470588,27.744929,1.815789,20.000000,0.595238
0.111111,0.118724,1.404762,23.698242,1.909091,22.000000,0.584158
0.058824,0.762162,5.500000,29.941321,1.654412,17.000000,0.846154
0.062500,0.834751,2.291139,27.029233,2.333333,55.000000,0.696154
0.200000,0.180328,2.000000,28.530696,1.400000,5.000000,0.666667
0.090909,0.675179,2.789474,29.579162,1.795322,19.000000,0.736111
0.090909,1.000000,3.000000,27.134739,1.563636,11.000000,0.750000
0.083333,0.003984,1.615385,29.320147,1.666667,19.000000,0.617647
0.166667,1.000000,2.230769,30.000000,1.628205,13.000000,0.690476
0.083333,0.581281,2.333333,24.529800,1.875000,16.000000,0.700000
0.083333,0.932316,2.555556,19.697996,1.651515,12.000000,0.718750
0.250000,1.000000,2.407407,29.356323,1.945652,24.000000,0.706522
0.076923,0.682370,2.416667,29.176154,1.705128,13.000000,0.707317
0.076923,0.013241,5.230769,25.898671,1.731579,20.000000,0.839506
0.166667,0.418988,2.800000,27.236642,1.915033,18.000000,0.736842
0.090909,0.109486,2.555556,28.959780,1.861660,23.000000,0.718750
0.083333,0.384884,2.187500,28.000766,1.975385,26.000000,0.686275
0.047619,0.044248,1.840000,27.457686,2.038095,21.000000,0.647887
0.047619,0.332417,1.959184,24.311881,1.922581,31.000000,0.662069
0.062500,0.485777,2.562500,28.486574,1.725000,16.000000,0.719298
0.032258,0.362811,2.215190,29.532936,2.316498,55.000000,0.688976
0.032258,0.332417,1.959184,24.311881,1.922581,31.000000,0.662069
0.047619,1.000000,1.888889,30.000000,1.833333,21.000000,0.653846
0.142857,1.000000,2.750000,27.316866,1.523810,7.000000,0.733333
0.052632,0.097179,1.575000,25.626093,1.757576,22.000000,0.611650
0.200000,0.000515,3.083333,29.734868,1.806324,23.000000,0.755102
0.100000,1.000000,2.562500,30.000000,1.808824,17.000000,0.719298
0.100000,1.000000,2.714286,29.900445,1.666667,10.000000,0.730769
0.250000,1.000000,4.000000,28.867775,1.333333,4.000000,0.800000
0.250000,1.000000,2.733333,29.641315,1.808824,17.000000,0.732143
0.142857,0.122703,10.400000,28.661798,1.575000,16.000000,0.912281
0.200000,0.134451,1.895652,29.263692,2.058824,52.000000,0.654655
0.062500,0.208717,1.551724,25.892595,1.675000,16.000000,0.608108
0.062500,0.112554,2.396040,28.717040,2.101190,64.000000,0.705539
0.111111,0.473812,3.083333,30.000000,1.647619,15.000000,0.755102
0.111111,0.007874,1.550000,29.216645,1.659341,14.000000,0.607843
0.111111,0.215952,1.441860,25.122718,1.924901,23.000000,0.590476
0.142857,0.859164,4.333333,28.950497,1.380952,7.000000,0.812500
0.200000,0.398536,1.750000,24.000000,1.300000,5.000000,0.636364
0.166667,0.151657,2.562500,29.806671,1.960171,38.000000,0.719298
0.038462,0.000000,2.102564,28.104087,1.883077,26.000000,0.677686
0.038462,0.226273,1.528302,25.729954,1.967980,29.000000,0.604478
0.166667,1.000000,3.000000,30.000000,1.428571,7.000000,0.750000
0.200000,0.398536,1.750000,24.000000,1.300000,5.000000,0.636364
0.100000,1.000000,1.302326,30.000000,1.738562,18.000000,0.565657
0.166667,0.223213,2.500000,26.620524,1.333333,6.000000,0.714286
0.066667,1.000000,1.714286,30.000000,1.657143,15.000000,0.631579
0.066667,0.138953,2.200000,27.991292,2.095588,17.000000,0.687500
0.111111,0.732699,1.285714,29.375578,1.993846,26.000000,0.562500
0.100000,1.000000,3.062500,29.273867,1.639706,17.000000,0.753846
0.100000,0.724761,1.744186,29.559662,1.714286,22.000000,0.635593
0.111111,0.664853,3.000000,27.108125,1.722222,9.000000,0.750000
0.250000,0.915492,2.230769,30.000000,1.628205,13.000000,0.690476
0.083333,0.365235,2.400000,30.000000,1.790476,15.000000,0.705882
0.083333,1.000000,2.700000,29.150646,1.712121,12.000000,0.729730
0.052632,0.821129,1.281690,30.000000,1.837607,27.000000,0.561728
0.125000,0.973018,1.857143,22.073062,1.535714,8.000000,0.650000
0.125000,1.000000,2.571429,25.714507,1.392857,8.000000,0.720000
0.052632,0.707755,2.400000,30.000000,1.747368,20.000000,0.705882
0.052632,1.000000,1.575000,24.323381,1.701754,19.000000,0.611650
0.166667,0.000000,1.333333,30.000000,1.476190,7.000000,0.571429
0.200000,0.426253,2.666667,29.339507,1.428571,8.000000,0.727273
0.071429,0.418570,1.823529,27.567845,1.659341,14.000000,0.645833
0.071429,0.007848,3.153846,29.197546,1.891738,27.000000,0.759259
0.142857,0.319002,2.833333,29.496745,1.527778,9.000000,0.739130
0.047619,0.000000,2.526316,30.000000,2.385714,21.000000,0.716418
0.047619,1.000000,1.265306,19.529306,1.963077,26.000000,0.558559
0.045455,0.018347,1.111111,29.842708,1.965368,22.000000,0.526316
0.045455,1.000000,1.265306,19.529306,1.963077,26.000000,0.558559
0.047619,0.000000,2.526316,30.000000,2.385714,21.000000,0.716418
0.047619,1.000000,1.265306,19.529306,1.963077,26.000000,0.558559
0.250000,1.000000,1.516129,3.588057,1.654412,17.000000,0.602564
0.111111,1.000000,2.300000,30.000000,1.361111,9.000000,0.696970
0.111111,1.000000,1.516129,3.588057,1.654412,17.000000,0.602564
0.250000,0.707985,1.678571,25.486041,1.888889,18.000000,0.626667
0.058824,0.152999,2.937500,30.000000,1.990476,21.000000,0.746032
0.100000,0.458263,2.103448,28.530018,1.885375,23.000000,0.677778
0.100000,1.000000,4.000000,23.561133,1.844444,10.000000,0.800000
0.166667,0.044838,5.050000,30.000000,1.706522,24.000000,0.834711
0.111111,0.382022,2.526316,23.128615,2.385714,21.000000,0.716418
0.111111,0.537494,2.526316,23.128615,2.385714,21.000000,0.716418
0.200000,1.000000,3.500000,29.237617,1.300000,5.000000,0.777778
0.071429,1.000000,1.750000,26.128485,1.582418,14.000000,0.636364
0.071429,0.091622,2.432432,28.016896,1.793103,30.000000,0.708661
0.058824,0.991074,1.014085,25.731234,1.990000,25.000000,0.503497
0.058824,0.791632,1.700000,27.378860,1.894737,20.000000,0.629630
0.166667,0.011952,1.681818,30.000000,1.900585,19.000000,0.627119
0.166667,0.020052,1.800000,25.000000,1.400000,6.000000,0.642857
0.083333,0.299077,1.764706,28.159428,1.805195,22.000000,0.638298
0.083333,1.000000,1.714286,25.111321,1.712121,12.000000,0.631579
0.083333,1.000000,1.714286,20.366722,1.712121,12.000000,0.631579
0.083333,0.174949,4.200000,25.775616,1.683333,16.000000,0.807692
0.166667,0.020052,1.800000,25.000000,1.400000,6.000000,0.642857
0.166667,0.011952,1.681818,30.000000,1.900585,19.000000,0.627119
0.142857,1.000000,1.942857,29.598635,1.833333,21.000000,0.660194
0.080000,0.862311,1.581818,29.023736,2.050403,32.000000,0.612676
0.080000,1.000000,1.820513,30.000000,2.083333,25.000000,0.645455
0.080000,0.862311,1.581818,29.023736,2.050403,32.000000,0.612676
0.080000,0.371791,1.820513,30.000000,2.083333,25.000000,0.645455
0.111111,0.259778,2.300000,26.348039,1.361111,9.000000,0.696970
0.111111,0.858669,1.444444,25.550462,2.125178,38.000000,0.590909
0.166667,1.000000,1.343750,18.926265,2.000000,20.000000,0.573333
0.166667,1.000000,10.000000,25.487604,1.333333,6.000000,0.909091
0.142857,0.785901,2.088235,27.887182,2.025641,27.000000,0.676190
0.041667,0.934163,1.378788,28.758901,2.034091,33.000000,0.579618
0.041667,0.568019,2.310345,28.911138,1.873188,24.000000,0.697917
0.090909,0.858669,1.444444,25.550462,2.125178,38.000000,0.590909
0.090909,1.000000,1.923077,30.000000,1.545455,11.000000,0.657895
0.200000,1.000000,2.611111,29.761626,1.866995,29.000000,0.723077
0.062500,1.000000,8.000000,29.618233,1.419118,17.000000,0.888889
0.062500,1.000000,2.294118,30.000000,1.783333,16.000000,0.696429
0.066667,0.560130,3.473684,29.301835,1.714286,22.000000,0.776471
0.066667,0.508723,1.520000,19.059924,1.638095,15.000000,0.603175
0.166667,0.281794,2.583333,28.716577,1.857143,22.000000,0.720930
0.076923,1.000000,1.448276,24.425958,1.733333,16.000000,0.591549
0.076923,0.012239,1.634146,29.294625,1.678947,20.000000,0.620370
0.166667,0.672450,2.045455,28.597565,1.705882,18.000000,0.671642
0.071429,0.099926,2.907407,27.721267,2.041812,42.000000,0.744076
0.071429,0.071794,6.333333,28.439327,1.582418,14.000000,0.863636
0.066667,1.000000,2.395349,24.713443,2.637840,68.000000,0.705479
0.066667,0.234554,1.750000,30.000000,1.600000,15.000000,0.636364
0.030303,0.137006,2.120000,25.305366,1.922348,33.000000,0.679487
0.030303,1.000000,2.406593,28.117524,2.619462,70.000000,0.706452
0.066667,0.234554,1.750000,30.000000,1.600000,15.000000,0.636364
0.066667,1.000000,2.395349,24.713443,2.637840,68.000000,0.705479
0.066667,1.000000,2.395349,24.713443,2.637840,68.000000,0.705479
0.066667,0.234554,1.750000,30.000000,1.600000,15.000000,0.636364
0.043478,0.503432,3.000000,29.621141,1.837945,23.000000,0.750000
0.043478,1.000000,2.246377,27.560182,2.287059,51.000000,0.691964
0.066667,0.234554,1.750000,30.000000,1.600000,15.000000,0.636364
0.066667,1.000000,2.395349,24.713443,2.637840,68.000000,0.705479
0.100000,0.471358,3.692308,30.000000,1.816993,18.000000,0.786885
0.100000,0.406803,2.833333,30.000000,1.800000,10.000000,0.739130
0.066667,0.234554,1.750000,30.000000,1.600000,15.000000,0.636364
0.066667,1.000000,2.395349,24.713443,2.637840,68.000000,0.705479
0.090909,0.911430,1.545455,29.114192,1.791667,16.000000,0.607143
0.090909,0.461793,1.571429,28.825709,1.709091,11.000000,0.611111
0.166667,1.000000,2.200000,27.690797,1.266667,6.000000,0.687500
0.062500,0.673786,1.153846,25.090402,1.965368,22.000000,0.535714
0.062500,0.197899,2.526316,23.128615,2.385714,21.000000,0.716418
0.062500,0.665435,2.526316,23.128615,2.385714,21.000000,0.716418
0.062500,0.673786,1.153846,25.090402,1.965368,22.000000,0.535714
0.166667,0.086802,2.200000,26.688190,1.266667,6.000000,0.687500
0.166667,0.650211,1.410256,27.080845,1.826316,20.000000,0.585106
0.076923,0.288668,1.923077,26.440972,1.756410,13.000000,0.657895
0.076923,0.156024,2.187500,30.000000,1.828571,15.000000,0.686275
0.250000,0.014523,1.785714,29.500767,1.756410,13.000000,0.641026
0.250000,1.000000,2.000000,22.500000,1.333333,4.000000,0.666667
0.142857,0.000000,1.847826,22.314833,1.871795,27.000000,0.648855
0.142857,0.094870,1.788462,29.315383,2.092473,31.000000,0.641379
0.142857,0.094870,1.788462,29.315383,2.092473,31.000000,0.641379
0.142857,0.000000,1.847826,22.314833,1.871795,27.000000,0.648855
0.142857,0.094870,1.788462,29.315383,2.092473,31.000000,0.641379
0.142857,0.000000,1.847826,22.314833,1.871795,27.000000,0.648855
0.125000,1.000000,1.644444,30.000000,2.108262,27.000000,0.621849
0.125000,1.000000,1.666667,22.529616,1.464286,8.000000,0.625000
0.125000,1.000000,1.666667,22.529616,1.464286,8.000000,0.625000
0.125000,1.000000,1.644444,30.000000,2.108262,27.000000,0.621849
0.125000,0.347093,1.700000,21.117690,1.392857,8.000000,0.629630
0.045455,0.714473,3.653846,29.928694,1.614719,22.000000,0.785124
0.045455,0.339011,1.362319,30.000000,2.116935,32.000000,0.576687
0.045455,0.714473,3.653846,29.928694,1.614719,22.000000,0.785124
0.045455,0.339011,1.362319,30.000000,2.116935,32.000000,0.576687
0.142857,0.000000,1.847826,22.314833,1.871795,27.000000,0.648855
0.125000,1.000000,1.666667,22.529616,1.464286,8.000000,0.625000
0.125000,1.000000,1.644444,30.000000,2.108262,27.000000,0.621849
0.062500,0.038250,1.834783,29.535569,2.061176,51.000000,0.647239
0.142857,0.000000,1.847826,22.314833,1.871795,27.000000,0.648855
0.045455,0.339011,1.362319,30.000000,2.116935,32.000000,0.576687
0.045455,0.714473,3.653846,29.928694,1.614719,22.000000,0.785124
0.090909,0.220930,2.823529,26.540161,1.549451,14.000000,0.738462
0.062500,0.014720,1.543860,26.122243,1.982796,31.000000,0.606897
0.062500,0.374572,1.666667,28.897821,1.666667,16.000000,0.625000
0.062500,0.648249,2.250000,28.717751,1.953216,19.000000,0.692308
0.062500,0.337414,1.739130,28.580393,1.666667,16.000000,0.634921
0.083333,0.019697,10.666667,23.174005,1.530303,12.000000,0.914286
0.090909,1.000000,1.500000,28.698991,1.732026,18.000000,0.600000
0.166667,0.933792,10.250000,30.000000,1.538462,13.000000,0.911111
0.166667,0.021299,2.102564,26.987625,1.883077,26.000000,0.677686
0.066667,0.834665,2.812500,30.000000,1.640693,22.000000,0.737705
0.076923,0.008000,2.641509,28.247894,1.995354,42.000000,0.725389
0.076923,0.024802,1.491525,29.461136,1.982796,31.000000,0.598639
0.111111,0.152410,6.333333,30.000000,1.500000,9.000000,0.863636
0.166667,0.003984,1.600000,30.000000,1.466667,6.000000,0.615385
0.058824,0.779477,1.285714,29.534737,1.993846,26.000000,0.562500
0.100000,0.000000,7.750000,26.175251,1.311111,10.000000,0.885714
0.100000,0.997696,3.500000,29.625832,2.007508,37.000000,0.777778
0.125000,0.918274,2.060606,29.904552,1.996923,26.000000,0.673267
0.166667,0.984267,2.052632,28.503748,2.113978,31.000000,0.672414
0.076923,0.402556,2.111111,27.857148,1.670330,14.000000,0.678571
0.083333,0.523380,1.750000,27.899853,1.806667,25.000000,0.636364
0.083333,0.479781,1.944444,28.179215,1.515152,12.000000,0.660377
0.083333,0.515272,1.750000,29.463566,1.754386,19.000000,0.636364
0.090909,0.230145,2.023529,29.691798,1.977778,45.000000,0.669261
0.111111,1.000000,1.538462,28.534171,1.666667,10.000000,0.606061
0.038462,0.068821,1.543860,26.122243,1.982796,31.000000,0.606897
0.038462,0.013552,2.102564,29.163536,1.883077,26.000000,0.677686
0.142857,0.822898,1.344828,30.000000,1.794118,17.000000,0.573529
0.142857,0.822898,1.344828,30.000000,1.794118,17.000000,0.573529
0.066667,0.207760,1.908046,29.578861,2.050170,49.000000,0.656126
0.066667,0.641474,1.833333,26.826235,1.761905,15.000000,0.647059
0.166667,0.326111,1.588235,26.023191,2.010081,32.000000,0.613636
0.166667,1.000000,3.500000,30.000000,1.066667,6.000000,0.777778
0.066667,0.207760,1.908046,29.578861,2.050170,49.000000,0.656126
0.066667,0.641474,1.833333,26.826235,1.761905,15.000000,0.647059
0.058824,0.588137,2.206522,29.140208,2.098609,58.000000,0.688136
0.250000,0.562588,1.557692,26.556694,2.010081,32.000000,0.609023
0.111111,1.000000,1.687500,29.486667,1.717949,13.000000,0.627907
0.058824,0.588137,2.206522,29.140208,2.098609,58.000000,0.688136
0.200000,0.995693,2.333333,27.376584,1.300000,5.000000,0.700000
0.200000,0.042404,2.777778,29.900246,1.466667,10.000000,0.735294
0.111111,0.012048,1.900000,30.000000,1.527778,9.000000,0.655172
0.066667,0.012048,2.592593,28.798972,1.995354,42.000000,0.721649
0.090909,0.192627,1.342593,28.969633,1.869096,39.000000,0.573123
0.166667,0.668276,2.625000,27.292562,1.533333,10.000000,0.724138
0.200000,0.001871,2.058824,27.426132,1.825000,16.000000,0.673077
0.142857,0.044423,2.954545,30.000000,1.640523,18.000000,0.747126
0.250000,0.258192,7.000000,25.835075,1.763636,11.000000,0.875000
0.166667,1.000000,1.666667,29.119343,1.333333,6.000000,0.625000
0.142857,0.055709,1.764706,28.768753,1.846154,14.000000,0.638298
0.062500,1.000000,2.115385,30.000000,1.691176,17.000000,0.679012
0.062500,0.840454,1.727273,29.561786,1.830882,17.000000,0.633333
0.125000,1.000000,1.770833,30.000000,1.871795,27.000000,0.639098
0.066667,0.317748,1.847826,22.314833,1.871795,27.000000,0.648855
0.066667,0.214552,2.450000,29.745872,1.561905,15.000000,0.710145
0.125000,1.000000,1.770833,30.000000,1.871795,27.000000,0.639098
0.125000,1.000000,1.770833,30.000000,1.871795,27.000000,0.639098
0.066667,0.317748,1.847826,22.314833,1.871795,27.000000,0.648855
0.066667,0.214552,2.450000,29.745872,1.561905,15.000000,0.710145
0.066667,0.317748,1.847826,22.314833,1.871795,27.000000,0.648855
0.066667,0.214552,2.450000,29.745872,1.561905,15.000000,0.710145
0.125000,1.000000,1.770833,30.000000,1.871795,27.000000,0.639098
0.125000,1.000000,1.770833,30.000000,1.871795,27.000000,0.639098
0.066667,0.317748,1.847826,22.314833,1.871795,27.000000,0.648855
0.066667,0.214552,2.450000,29.745872,1.561905,15.000000,0.710145
0.066667,0.317748,1.847826,22.314833,1.871795,27.000000,0.648855
0.066667,0.214552,2.450000,29.745872,1.561905,15.000000,0.710145
0.125000,1.000000,4.333333,30.000000,2.011696,19.000000,0.812500
0.058824,1.000000,2.710526,28.285832,1.862069,29.000000,0.730496
0.111111,0.323429,1.782609,27.850723,1.683333,16.000000,0.640625
0.111111,0.000000,3.600000,29.031663,1.555556,9.000000,0.782609
0.111111,0.323429,1.782609,27.850723,1.683333,16.000000,0.640625
0.111111,0.000000,3.600000,29.031663,1.555556,9.000000,0.782609
0.166667,0.289798,2.520833,28.176652,1.905882,35.000000,0.715976
0.058824,0.227569,3.250000,28.011064,1.669118,17.000000,0.764706
0.058824,0.769209,2.111111,30.000000,1.794118,17.000000,0.678571
0.125000,1.000000,1.750000,26.250000,1.500000,8.000000,0.636364
0.125000,0.930684,2.629630,29.647311,1.883077,26.000000,0.724490
0.166667,0.016000,2.600000,22.754706,1.607143,8.000000,0.722222
0.166667,1.000000,1.333333,30.000000,1.476190,7.000000,0.571429
0.250000,1.000000,4.800000,30.000000,1.600000,11.000000,0.827586
0.166667,0.008197,2.382353,28.529869,1.860399,27.000000,0.704348
0.250000,0.677465,1.800000,24.739849,1.583333,9.000000,0.642857
0.166667,0.012390,1.645669,29.610578,2.007653,49.000000,0.622024
0.142857,0.686150,1.108108,29.802729,1.830882,17.000000,0.525641
0.083333,0.357827,1.550000,22.802665,1.659341,14.000000,0.607843
0.142857,0.686150,1.108108,29.802729,1.830882,17.000000,0.525641
0.250000,0.002323,5.777778,29.369519,1.921795,40.000000,0.852459
0.125000,1.000000,2.115385,30.000000,1.691176,17.000000,0.679012
0.200000,0.016393,9.000000,30.000000,1.100000,5.000000,0.900000
0.200000,0.016393,9.000000,30.000000,1.100000,5.000000,0.900000
0.200000,0.441344,9.000000,30.000000,1.100000,5.000000,0.900000
0.142857,0.987274,1.348837,29.463566,1.783626,19.000000,0.574257
0.100000,0.987274,1.348837,29.463566,1.783626,19.000000,0.574257
0.100000,1.000000,1.812500,30.000000,1.355556,10.000000,0.644444
0.090909,0.313264,2.666667,30.000000,1.549451,14.000000,0.727273
0.200000,1.000000,2.333333,30.000000,1.300000,5.000000,0.700000
0.200000,1.000000,2.333333,30.000000,1.300000,5.000000,0.700000
0.058824,1.000000,1.821429,30.000000,1.625000,17.000000,0.645570
0.125000,0.038935,2.500000,29.527835,1.488889,10.000000,0.714286
0.058824,1.000000,1.821429,30.000000,1.625000,17.000000,0.645570
0.058824,1.000000,1.821429,30.000000,1.625000,17.000000,0.645570
0.052632,0.084028,2.025641,30.000000,2.039683,28.000000,0.669492
0.052632,0.084028,2.025641,30.000000,2.039683,28.000000,0.669492
0.058824,1.000000,1.821429,30.000000,1.625000,17.000000,0.645570
0.125000,0.038935,2.500000,29.527835,1.488889,10.000000,0.714286
0.058824,1.000000,1.821429,30.000000,1.625000,17.000000,0.645570
0.166667,0.783241,2.000000,23.126497,1.333333,6.000000,0.666667
0.166667,0.905934,1.217391,29.965036,1.743590,13.000000,0.549020
0.200000,0.178787,2.108108,26.578938,1.793651,28.000000,0.678261
0.066667,1.000000,2.120000,25.305366,1.922348,33.000000,0.679487
0.066667,1.000000,1.769231,30.000000,2.038095,21.000000,0.638889
0.062500,0.504888,1.681818,27.402659,1.858333,16.000000,0.627119
0.062500,0.379173,2.081081,29.534348,1.750988,23.000000,0.675439
0.062500,0.504888,1.681818,27.402659,1.858333,16.000000,0.627119
0.062500,0.379173,2.081081,29.534348,1.750988,23.000000,0.675439
0.250000,0.719507,3.000000,30.000000,1.000000,4.000000,0.750000
0.250000,0.491097,3.714286,26.110590,2.241758,14.000000,0.787879
0.076923,0.471530,1.592593,23.836431,1.860294,17.000000,0.614286
0.090909,0.712054,3.200000,27.275041,2.266667,16.000000,0.761905
0.090909,1.000000,3.600000,16.613578,1.872727,11.000000,0.782609
0.111111,1.000000,2.125000,30.000000,1.564103,13.000000,0.680000
0.111111,1.000000,2.125000,30.000000,1.564103,13.000000,0.680000
0.045455,0.281970,1.764706,28.159428,1.805195,22.000000,0.638298
0.111111,1.000000,2.125000,30.000000,1.564103,13.000000,0.680000
0.200000,1.000000,7.000000,28.160949,1.300000,5.000000,0.875000
0.055556,0.619157,1.744186,29.915210,1.714286,22.000000,0.635593
0.055556,0.583789,3.611111,27.190478,1.823810,21.000000,0.783133
0.200000,0.956022,2.954545,29.320983,1.823810,21.000000,0.747126
0.166667,0.309960,4.307692,28.740774,1.712418,18.000000,0.811594
0.166667,1.000000,2.500000,26.575731,1.794872,13.000000,0.714286
0.043478,0.225185,3.346154,24.893850,1.913630,39.000000,0.769912
0.043478,0.238956,2.842105,29.956629,2.023715,23.000000,0.739726
0.076923,1.000000,1.488889,30.000000,1.678947,20.000000,0.598214
0.166667,0.642975,2.186047,29.446494,1.754986,27.000000,0.686131
0.055556,0.225185,3.346154,24.893850,1.913630,39.000000,0.769912
0.055556,1.000000,6.857143,30.000000,1.816993,18.000000,0.872727
0.125000,0.038098,1.536585,27.573219,1.757576,22.000000,0.605769
0.200000,0.643192,1.375000,30.000000,1.709091,11.000000,0.578947
0.090909,1.000000,3.133333,28.383531,1.990476,21.000000,0.758065
0.090909,0.219925,2.100000,29.250228,1.727273,11.000000,0.677419
0.200000,0.154396,3.117647,28.658403,1.830065,18.000000,0.757143
0.200000,0.496384,1.428571,29.674377,1.622222,10.000000,0.588235
0.200000,0.154396,3.117647,28.658403,1.830065,18.000000,0.757143
0.200000,0.496384,1.428571,29.674377,1.622222,10.000000,0.588235
0.045455,1.000000,2.391304,29.896600,2.054348,24.000000,0.705128
0.045455,0.344741,1.657143,27.492728,1.748918,22.000000,0.623656
0.076923,1.000000,3.375000,30.000000,1.730769,13.000000,0.771429
0.076923,0.227486,2.875000,25.484910,2.109524,21.000000,0.741935
0.090909,1.000000,1.538462,29.718528,1.781818,11.000000,0.606061
0.090909,0.227486,2.875000,25.484910,2.109524,21.000000,0.741935
0.041667,1.000000,1.837838,29.413782,1.826087,24.000000,0.647619
0.041667,0.150841,1.818182,28.854472,1.782609,24.000000,0.645161
0.200000,0.867381,3.795918,28.405706,1.761261,37.000000,0.791489
0.142857,0.219511,2.812500,27.418231,1.775000,16.000000,0.737705
0.142857,0.369696,2.470588,28.000000,1.647619,15.000000,0.711864
0.100000,0.081783,1.862745,29.222504,1.939153,28.000000,0.650685
0.142857,0.039649,2.906250,29.308120,1.866995,29.000000,0.744000
0.125000,0.382737,2.178571,26.165208,1.885375,23.000000,0.685393
0.111111,0.003975,1.200000,27.692308,1.615385,13.000000,0.545455
0.071429,0.287802,1.727273,27.678552,1.777778,19.000000,0.633333
0.071429,1.000000,3.700000,27.671348,1.593407,14.000000,0.787234
0.071429,1.000000,1.764706,28.159428,1.805195,22.000000,0.638298
0.071429,0.029946,1.280000,28.287831,1.847619,15.000000,0.561404
0.071429,0.528906,2.285714,30.000000,1.932806,23.000000,0.695652
0.045455,0.575720,2.916667,28.750000,1.851449,24.000000,0.744681
0.071429,0.528906,2.285714,30.000000,1.932806,23.000000,0.695652
0.050000,0.541521,3.178571,28.799557,1.929487,40.000000,0.760684
0.050000,0.008547,6.888889,28.614805,1.778947,20.000000,0.873239
0.142857,0.455143,1.161290,30.000000,1.615385,13.000000,0.537313
0.142857,0.323520,2.000000,30.000000,1.428571,8.000000,0.666667
0.142857,1.000000,2.200000,25.490180,1.523810,7.000000,0.687500
0.111111,1.000000,1.727273,30.000000,1.527778,9.000000,0.633333
0.071429,0.714306,2.020833,24.618161,2.050403,32.000000,0.668966
0.071429,0.294173,2.666667,30.000000,1.549451,14.000000,0.727273
0.058824,1.000000,1.888889,30.000000,1.625000,17.000000,0.653846
0.058824,0.714306,2.020833,24.618161,2.050403,32.000000,0.668966
0.058824,0.714306,2.020833,24.618161,2.050403,32.000000,0.668966
0.058824,1.000000,1.888889,30.000000,1.625000,17.000000,0.653846
0.062500,0.041452,2.413793,29.964936,1.995354,42.000000,0.707071
0.058824,0.714306,2.020833,24.618161,2.050403,32.000000,0.668966
0.058824,1.000000,1.888889,30.000000,1.625000,17.000000,0.653846
0.058824,0.714306,2.020833,24.618161,2.050403,32.000000,0.668966
0.058824,1.000000,1.888889,30.000000,1.625000,17.000000,0.653846
0.058824,1.000000,1.888889,30.000000,1.625000,17.000000,0.653846
0.058824,0.714306,2.020833,24.618161,2.050403,32.000000,0.668966
0.250000,1.000000,2.000000,26.201296,1.333333,4.000000,0.666667
0.125000,0.401853,3.259259,29.246143,1.790000,25.000000,0.765217
0.200000,0.484485,3.076923,28.984886,1.800725,24.000000,0.754717
0.142857,0.501655,1.732143,14.033505,2.012698,36.000000,0.633987
0.090909,0.193915,1.693694,29.907565,2.010204,49.000000,0.628763
0.090909,0.821606,1.224490,19.115777,1.965368,22.000000,0.550459
0.200000,0.813497,3.500000,30.000000,1.300000,5.000000,0.777778
0.200000,1.000000,1.666667,28.380995,1.725275,14.000000,0.625000
0.166667,0.145833,1.600000,30.000000,1.466667,6.000000,0.615385
0.166667,1.000000,4.800000,30.000000,1.600000,11.000000,0.827586
0.071429,0.153493,2.727273,29.572748,1.670330,14.000000,0.731707
0.071429,0.114278,6.206897,27.056156,2.004831,46.000000,0.861244
0.142857,0.363032,4.600000,21.737921,2.328571,21.000000,0.821429
0.200000,1.000000,2.187500,29.969698,1.828571,15.000000,0.686275
0.038462,0.000000,4.210526,28.314025,1.788360,28.000000,0.808081
0.038462,0.820019,1.810811,24.323146,2.006154,26.000000,0.644231
0.200000,1.000000,2.250000,30.000000,1.400000,6.000000,0.692308
0.038462,0.000000,4.210526,28.314025,1.788360,28.000000,0.808081
0.038462,0.820019,1.810811,24.323146,2.006154,26.000000,0.644231
0.166667,0.034109,5.272727,29.181431,1.672515,19.000000,0.840580
0.166667,1.000000,2.000000,30.000000,1.238095,7.000000,0.666667
0.100000,0.666789,2.272727,29.719830,1.444444,10.000000,0.694444
0.047619,0.757032,2.028571,29.684839,1.913043,24.000000,0.669811
0.055556,0.682696,3.133333,28.333333,1.692810,18.000000,0.758065
0.047619,0.757032,2.028571,29.684839,1.913043,24.000000,0.669811
0.050000,0.846382,3.294118,30.000000,1.789474,20.000000,0.767123
0.045455,0.247219,2.760000,27.071189,2.076923,27.000000,0.734043
0.050000,0.846382,3.294118,30.000000,1.789474,20.000000,0.767123
0.200000,0.082053,4.600000,30.000000,1.666667,31.000000,0.821429
0.200000,0.539542,2.200000,28.070740,1.476190,7.000000,0.687500
0.200000,0.188372,2.545455,28.000369,2.064039,29.000000,0.717949
0.142857,0.441273,2.000000,30.000000,1.476190,7.000000,0.666667
0.125000,0.608994,2.600000,28.661251,1.535714,8.000000,0.722222
0.083333,1.000000,1.611111,30.000000,1.560606,12.000000,0.617021
0.083333,0.347096,2.095238,29.487331,1.727941,17.000000,0.676923
0.083333,1.000000,1.611111,30.000000,1.560606,12.000000,0.617021
0.111111,1.000000,1.900000,30.000000,1.527778,9.000000,0.655172
0.083333,0.300874,2.071429,29.879567,1.651515,12.000000,0.674419
0.111111,0.892117,3.333333,30.000000,1.472222,9.000000,0.769231
0.111111,0.614888,2.545455,22.980702,1.666667,12.000000,0.717949
0.125000,0.161524,3.400000,27.742202,1.392857,8.000000,0.772727
0.125000,1.000000,1.687500,30.000000,1.666667,12.000000,0.627907
0.083333,0.735882,1.735294,30.000000,1.913043,24.000000,0.634409
0.125000,0.276074,3.666667,30.000000,1.714286,8.000000,0.785714
0.125000,0.493727,1.227273,25.313558,1.636364,12.000000,0.551020
0.083333,0.231054,3.558824,27.725147,1.952652,33.000000,0.780645
0.083333,0.380745,2.300000,28.310262,1.651515,12.000000,0.696970
0.200000,0.225856,5.200000,29.542240,1.527273,11.000000,0.838710
0.076923,0.922114,2.550000,29.272278,2.030303,22.000000,0.718310
0.062500,0.771949,0.952381,29.671598,1.989418,28.000000,0.487805
0.062500,0.534179,2.333333,24.529800,1.875000,16.000000,0.700000
0.200000,1.000000,2.000000,30.000000,1.000000,5.000000,0.666667
0.250000,0.311862,6.714286,28.307852,1.616667,16.000000,0.870370
0.047619,0.165394,4.600000,21.737921,2.328571,21.000000,0.821429
0.050000,0.068926,2.947368,30.000000,1.789474,20.000000,0.746667
0.050000,0.068926,2.947368,30.000000,1.789474,20.000000,0.746667
0.066667,0.783063,1.700000,28.373720,1.783333,16.000000,0.629630
0.066667,0.000000,1.722222,30.000000,1.923810,15.000000,0.632653
0.111111,0.513334,3.166667,29.537104,1.472222,9.000000,0.760000
0.111111,0.356919,12.000000,27.388482,1.333333,9.000000,0.923077
0.250000,0.363484,2.435897,29.871607,1.789174,27.000000,0.708955
0.100000,0.990885,1.294118,27.000000,1.555556,10.000000,0.564103
0.100000,0.206449,2.604651,29.105927,1.879570,31.000000,0.722581
0.058824,0.676900,2.090909,29.849650,1.830882,17.000000,0.676471
0.058824,0.600526,2.641026,29.340541,1.862069,29.000000,0.725352
0.052632,0.165729,2.041667,28.750620,1.935673,19.000000,0.671233
0.052632,0.243961,2.558140,29.810805,1.855172,30.000000,0.718954
0.066667,0.212689,2.750000,28.818180,1.855172,30.000000,0.733333
0.066667,0.572140,1.708333,17.014406,1.609524,15.000000,0.630769
0.041667,0.129921,1.600000,27.901490,1.923913,24.000000,0.615385
0.041667,0.779794,3.416667,28.958000,1.893333,25.000000,0.773585
0.041667,0.129921,1.600000,27.901490,1.923913,24.000000,0.615385
0.041667,0.779794,3.416667,28.958000,1.893333,25.000000,0.773585
0.043478,0.221109,5.470588,28.521214,1.950725,46.000000,0.845455
0.043478,0.145750,2.333333,28.247348,1.893281,23.000000,0.700000
0.166667,0.785273,2.869565,27.514466,1.992095,23.000000,0.741573
0.043478,0.221109,5.470588,28.521214,1.950725,46.000000,0.845455
0.043478,0.145750,2.333333,28.247348,1.893281,23.000000,0.700000
0.166667,0.785273,2.869565,27.514466,1.992095,23.000000,0.741573
0.090909,0.557117,1.653061,23.784208,1.976344,31.000000,0.623077
0.125000,0.654410,3.095238,29.803074,1.968379,23.000000,0.755814
0.111111,0.343420,1.333333,24.643991,1.982684,22.000000,0.571429
0.111111,0.343420,1.333333,24.643991,1.982684,22.000000,0.571429
0.250000,0.127816,1.533333,27.467055,1.833333,12.000000,0.605263
0.250000,0.012876,3.000000,30.000000,1.000000,4.000000,0.750000
0.058824,0.452146,1.833333,29.642483,1.823529,17.000000,0.647059
0.100000,1.000000,1.333333,30.000000,1.847619,15.000000,0.571429
0.100000,0.121462,2.333333,29.989178,1.995354,42.000000,0.700000
0.125000,0.143861,1.412903,30.000000,2.036199,52.000000,0.585561
0.125000,1.000000,2.222222,29.007159,1.672727,11.000000,0.689655
0.062500,0.201970,2.222222,28.540854,1.666667,16.000000,0.689655
0.062500,0.229664,1.647059,29.878187,2.000000,23.000000,0.622222
0.062500,0.640639,3.000000,29.723486,1.986667,25.000000,0.750000
0.142857,0.785692,1.847826,29.033621,1.790640,29.000000,0.648855
0.250000,0.481433,2.000000,30.000000,1.000000,4.000000,0.666667
0.047619,1.000000,2.541667,29.267284,1.914286,21.000000,0.717647
0.047619,0.787788,1.764706,28.159428,1.805195,22.000000,0.638298
0.125000,0.211548,1.833333,30.000000,1.500000,12.000000,0.647059
0.083333,0.324251,1.432432,29.315346,1.864634,41.000000,0.588889
0.111111,0.204033,1.666667,20.017396,1.666667,9.000000,0.625000
0.037037,0.109561,4.675000,29.368780,1.976873,47.000000,0.823789
0.037037,0.791706,1.666667,26.566639,2.019943,27.000000,0.625000
0.037037,0.000000,4.210526,29.761314,1.788360,28.000000,0.808081
0.037037,0.791706,1.666667,26.566639,2.019943,27.000000,0.625000
0.037037,0.109561,4.675000,29.368780,1.976873,47.000000,0.823789
0.037037,0.791706,1.666667,26.566639,2.019943,27.000000,0.625000
0.037037,0.000000,4.210526,29.761314,1.788360,28.000000,0.808081
0.037037,0.791706,1.666667,26.566639,2.019943,27.000000,0.625000
0.062500,0.512436,1.782609,21.720885,1.758333,16.000000,0.640625
0.062500,0.197119,1.842105,29.908192,1.770563,22.000000,0.648148
0.090909,0.237972,1.750000,30.000000,1.770563,22.000000,0.636364
0.090909,1.000000,5.500000,24.668250,2.038095,21.000000,0.846154
0.045455,0.943089,6.300000,27.117028,2.079051,23.000000,0.863014
0.045455,0.465276,1.590909,30.000000,1.770563,22.000000,0.614035
0.090909,0.884334,2.750000,28.510379,1.672727,11.000000,0.733333
0.090909,0.175391,3.375000,28.802232,1.924320,49.000000,0.771429
0.090909,0.237972,1.750000,30.000000,1.770563,22.000000,0.636364
0.090909,1.000000,5.500000,24.668250,2.038095,21.000000,0.846154
0.100000,0.995249,2.285714,30.000000,1.606061,12.000000,0.695652
0.045455,0.465276,1.590909,30.000000,1.770563,22.000000,0.614035
0.045455,0.943089,6.300000,27.117028,2.079051,23.000000,0.863014
0.100000,0.995249,2.285714,30.000000,1.606061,12.000000,0.695652
0.062500,0.512436,1.782609,21.720885,1.758333,16.000000,0.640625
0.062500,0.197119,1.842105,29.908192,1.770563,22.000000,0.648148
0.142857,0.008333,2.750000,27.825066,1.476190,7.000000,0.733333
0.111111,0.702624,1.666667,28.713222,1.545455,12.000000,0.625000
0.111111,0.236111,1.818182,25.074088,1.472222,9.000000,0.645161
0.111111,0.010520,4.250000,30.000000,1.611111,9.000000,0.809524
0.200000,0.021277,3.000000,26.664639,1.400000,5.000000,0.750000
0.071429,0.634994,1.627907,30.000000,1.770563,22.000000,0.619469
0.071429,0.469515,2.266667,28.480401,1.626374,14.000000,0.693878
0.050000,1.000000,1.976744,30.000000,1.886040,27.000000,0.664062
0.050000,0.501697,1.666667,30.000000,1.770563,22.000000,0.625000
0.166667,0.838155,1.439024,30.000000,1.828571,21.000000,0.590000
0.071429,0.634994,1.627907,30.000000,1.770563,22.000000,0.619469
0.071429,0.469515,2.266667,28.480401,1.626374,14.000000,0.693878
0.050000,1.000000,1.976744,30.000000,1.886040,27.000000,0.664062
0.050000,0.501697,1.666667,30.000000,1.770563,22.000000,0.625000
0.125000,0.670078,1.627907,30.000000,1.770563,22.000000,0.619469
0.050000,1.000000,1.976744,30.000000,1.886040,27.000000,0.664062
0.050000,0.501697,1.666667,30.000000,1.770563,22.000000,0.625000
0.050000,0.501697,1.666667,30.000000,1.770563,22.000000,0.625000
0.050000,1.000000,1.976744,30.000000,1.886040,27.000000,0.664062
0.050000,1.000000,1.976744,30.000000,1.886040,27.000000,0.664062
0.050000,0.501697,1.666667,30.000000,1.770563,22.000000,0.625000
0.050000,1.000000,1.976744,30.000000,1.886040,27.000000,0.664062
0.050000,0.501697,1.666667,30.000000,1.770563,22.000000,0.625000
0.050000,0.501697,1.666667,30.000000,1.770563,22.000000,0.625000
0.050000,1.000000,1.976744,30.000000,1.886040,27.000000,0.664062
0.050000,1.000000,1.976744,30.000000,1.886040,27.000000,0.664062
0.050000,0.501697,1.666667,30.000000,1.770563,22.000000,0.625000
0.125000,0.670078,1.627907,30.000000,1.770563,22.000000,0.619469
0.066667,0.555049,4.380952,29.084900,1.944828,30.000000,0.814159
0.066667,0.869579,1.078947,30.000000,1.830882,17.000000,0.518987
0.066667,0.869579,1.078947,30.000000,1.830882,17.000000,0.518987
0.066667,0.555049,4.380952,29.084900,1.944828,30.000000,0.814159
0.142857,0.021277,2.205128,29.028281,1.688312,22.000000,0.688000
0.050000,1.000000,1.976744,30.000000,1.886040,27.000000,0.664062
0.050000,0.501697,1.666667,30.000000,1.770563,22.000000,0.625000
0.050000,1.000000,1.976744,30.000000,1.886040,27.000000,0.664062
0.050000,0.501697,1.666667,30.000000,1.770563,22.000000,0.625000
0.166667,0.838155,1.439024,30.000000,1.828571,21.000000,0.590000
0.285714,0.547630,1.575000,25.626093,1.757576,22.000000,0.611650
0.111111,0.485151,2.041667,28.750620,1.935673,19.000000,0.671233
0.111111,0.359838,4.500000,30.000000,1.500000,9.000000,0.818182
0.071429,0.142384,2.230769,28.462214,1.725275,14.000000,0.690476
0.052632,0.172034,1.758621,28.932797,1.789474,19.000000,0.637500
0.052632,0.201680,1.562500,30.000000,1.989474,20.000000,0.609756
0.052632,0.172034,1.758621,28.932797,1.789474,19.000000,0.637500
0.052632,0.025212,1.562500,30.000000,1.989474,20.000000,0.609756
0.090909,1.000000,2.542857,27.694160,1.860399,27.000000,0.717742
0.090909,0.692262,2.000000,30.000000,1.745455,11.000000,0.666667
0.250000,0.252772,3.000000,29.772734,1.000000,4.000000,0.750000
0.100000,0.018876,2.483871,28.916044,2.028490,27.000000,0.712963
0.100000,0.047680,1.645161,29.257500,1.789474,19.000000,0.621951
0.100000,0.315749,1.285714,24.970988,1.666667,10.000000,0.562500
0.125000,1.000000,2.578947,30.000000,1.716667,16.000000,0.720588
0.076923,0.138468,1.787879,25.602994,1.857143,22.000000,0.641304
0.250000,1.000000,6.000000,30.000000,1.000000,4.000000,0.857143
0.076923,1.000000,1.789474,30.000000,1.676190,15.000000,0.641509
0.071429,0.150562,3.636364,27.998214,1.571429,14.000000,0.784314
0.071429,0.289391,1.093023,26.711241,2.092742,32.000000,0.522222
0.142857,1.000000,3.000000,24.274901,1.670330,14.000000,0.750000
0.019231,0.253620,1.450331,29.952276,2.036199,52.000000,0.591892
0.019231,0.465852,1.941176,29.602641,2.038847,57.000000,0.660000
0.200000,0.435633,1.620155,29.794232,2.007653,49.000000,0.618343
0.133333,0.045733,1.576923,29.026364,1.254545,11.000000,0.611940
0.133333,0.298921,2.204082,27.558175,1.870968,31.000000,0.687898
0.250000,0.867588,2.061856,28.754745,2.056122,49.000000,0.673401
0.125000,1.000000,1.818182,29.840059,1.285714,8.000000,0.645161
0.125000,0.337221,1.894737,27.655539,1.923077,27.000000,0.654545
0.055556,0.164114,1.928571,25.112153,1.924901,23.000000,0.658537
0.055556,0.998461,2.083333,25.557018,1.991453,27.000000,0.675676
0.200000,0.195662,1.600000,29.045568,1.464286,8.000000,0.615385
0.166667,0.423186,1.857143,29.975854,1.571429,8.000000,0.650000
0.076923,0.716912,1.200000,27.917356,1.615385,13.000000,0.545455
0.066667,0.392547,1.884615,30.000000,1.628571,15.000000,0.653333
0.037037,0.057913,1.931818,30.000000,1.886040,27.000000,0.658915
0.037037,0.057913,1.931818,30.000000,1.886040,27.000000,0.658915
0.066667,0.733290,1.764706,29.722262,1.714286,15.000000,0.638298
0.037037,0.057913,1.931818,30.000000,1.886040,27.000000,0.658915
0.076923,0.412635,1.789474,24.281011,1.602564,13.000000,0.641509
0.250000,0.284462,6.250000,25.146960,1.742424,12.000000,0.862069
0.037037,0.057913,1.931818,30.000000,1.886040,27.000000,0.658915
0.037037,0.057913,1.931818,30.000000,1.886040,27.000000,0.658915
0.100000,0.647644,1.722222,30.000000,1.923810,15.000000,0.632653
0.250000,1.000000,1.571429,30.000000,1.555556,10.000000,0.611111
0.076923,0.579841,1.814815,30.000000,1.628571,15.000000,0.644737
0.250000,1.000000,2.000000,22.500000,1.333333,4.000000,0.666667
0.250000,0.218249,2.562500,28.634411,1.800000,16.000000,0.719298
0.166667,0.604930,2.400000,30.000000,1.200000,6.000000,0.705882
0.250000,0.717863,1.916667,19.257577,2.038095,21.000000,0.657143
0.100000,0.205495,2.400000,26.110266,1.772727,12.000000,0.705882
0.100000,1.000000,2.000000,29.783038,1.555556,10.000000,0.666667
0.250000,0.226018,2.176471,28.604324,1.816176,17.000000,0.685185
0.166667,0.650199,1.477273,29.173294,1.833333,21.000000,0.596330
0.166667,0.102821,2.857143,28.057218,2.081871,19.000000,0.740741
0.200000,0.479977,2.294118,30.000000,1.836601,18.000000,0.696429
0.200000,0.117117,2.333333,30.000000,1.300000,5.000000,0.700000
0.200000,0.117117,2.333333,30.000000,1.300000,5.000000,0.700000
0.200000,0.479977,2.294118,30.000000,1.836601,18.000000,0.696429
0.166667,0.650199,1.477273,29.173294,1.833333,21.000000,0.596330
0.166667,1.000000,2.857143,28.057218,2.081871,19.000000,0.740741
0.250000,1.000000,2.176471,28.604324,1.816176,17.000000,0.685185
0.041667,1.000000,1.636364,30.000000,1.923913,24.000000,0.620690
0.041667,0.898769,1.291667,28.935454,1.835227,33.000000,0.563636
0.050000,0.653613,1.340206,28.761441,1.841355,34.000000,0.572687
0.083333,0.623963,9.000000,27.779103,1.939394,12.000000,0.900000
0.083333,0.154938,1.804688,29.933124,2.038847,57.000000,0.643454
0.100000,0.123950,3.530612,28.152292,1.856566,45.000000,0.779279
0.100000,0.123950,3.530612,28.152292,1.856566,45.000000,0.779279
0.166667,0.185531,2.185185,27.555081,1.804598,30.000000,0.686047
0.058824,0.497769,1.777778,27.141540,1.676471,17.000000,0.640000
0.058824,0.068115,1.788462,29.315383,2.092473,31.000000,0.641379
0.058824,0.497769,1.777778,27.141540,1.676471,17.000000,0.640000
0.058824,0.068115,1.788462,29.315383,2.092473,31.000000,0.641379
0.058824,0.497769,1.777778,27.141540,1.676471,17.000000,0.640000
0.058824,0.068115,1.788462,29.315383,2.092473,31.000000,0.641379
0.142857,0.141033,1.866667,28.965517,2.054187,29.000000,0.651163
0.125000,0.282874,3.666667,27.650693,1.576923,13.000000,0.785714
0.125000,0.126162,2.800000,30.000000,1.571429,8.000000,0.736842
0.142857,0.141033,1.866667,28.965517,2.054187,29.000000,0.651163
0.250000,1.000000,4.500000,26.992004,2.087719,19.000000,0.818182
0.250000,0.210935,2.500000,30.000000,1.166667,4.000000,0.714286
0.166667,0.364426,5.666667,28.193932,2.379447,23.000000,0.850000
0.090909,0.754044,2.126761,29.389570,1.928475,39.000000,0.680180
0.250000,0.270075,1.740741,29.791995,2.010204,49.000000,0.635135
0.250000,0.242475,2.000000,27.053584,1.333333,4.000000,0.666667
0.062500,0.011319,2.216867,28.352036,2.081761,54.000000,0.689139
0.062500,0.545747,1.922222,29.848527,1.992271,46.000000,0.657795
0.111111,0.982178,2.400000,27.293030,1.361111,9.000000,0.705882
0.111111,1.000000,1.675000,25.137699,2.043333,25.000000,0.626168
0.111111,0.982178,2.400000,26.341685,1.361111,9.000000,0.705882
0.111111,0.982178,2.400000,27.293030,1.361111,9.000000,0.705882
0.111111,1.000000,1.675000,25.137699,2.043333,25.000000,0.626168
0.083333,1.000000,0.984375,28.479539,2.050725,24.000000,0.496063
0.083333,0.055491,1.723881,30.000000,2.038847,57.000000,0.632877
0.111111,0.982178,2.400000,27.293030,1.361111,9.000000,0.705882
0.111111,1.000000,1.675000,25.137699,2.043333,25.000000,0.626168
0.100000,1.000000,1.769231,27.812846,1.983333,25.000000,0.638889
0.100000,0.920009,1.785714,29.028709,1.511111,10.000000,0.641026
0.083333,0.150637,3.125000,27.821040,1.742424,12.000000,0.757576
0.083333,1.000000,2.210526,26.193420,1.852308,26.000000,0.688525
0.083333,0.653020,1.285714,24.709442,1.621212,12.000000,0.562500
0.083333,1.000000,2.210526,26.193420,1.852308,26.000000,0.688525
0.083333,0.653020,1.285714,24.709442,1.621212,12.000000,0.562500
0.083333,1.000000,2.210526,26.193420,1.852308,26.000000,0.688525
0.083333,0.653020,1.285714,24.709442,1.621212,12.000000,0.562500
0.111111,0.003891,3.157895,26.955214,1.692810,18.000000,0.759494
0.083333,1.000000,2.210526,26.193420,1.852308,26.000000,0.688525
0.083333,0.653020,1.285714,24.709442,1.621212,12.000000,0.562500
0.166667,0.163796,3.000000,29.738543,1.400000,6.000000,0.750000
0.166667,0.653020,1.285714,24.709442,1.621212,12.000000,0.562500
0.083333,1.000000,2.210526,26.193420,1.852308,26.000000,0.688525
0.083333,0.653020,1.285714,24.709442,1.621212,12.000000,0.562500
0.200000,1.000000,2.833333,17.235459,1.622222,10.000000,0.739130
0.066667,0.017545,2.772727,29.400836,1.573529,17.000000,0.734940
0.066667,0.791067,1.960000,30.000000,1.628571,15.000000,0.662162
0.200000,1.000000,3.125000,29.858459,1.975806,32.000000,0.757576
0.038462,0.364379,2.268293,30.000000,1.864615,26.000000,0.694030
0.038462,1.000000,3.037037,26.311698,1.973545,28.000000,0.752294
0.200000,1.000000,2.307692,29.974244,1.933333,15.000000,0.697674
0.200000,0.908227,3.800000,23.247029,1.960784,18.000000,0.791667
0.047619,0.080755,1.796296,26.424209,2.012698,36.000000,0.642384
0.047619,0.608839,1.333333,24.643991,1.982684,22.000000,0.571429
0.100000,0.279024,2.875000,27.563727,1.488889,10.000000,0.741935
0.100000,1.000000,3.051282,28.864396,1.988889,36.000000,0.753165
0.125000,0.531793,1.375000,29.463566,1.812865,19.000000,0.578947
0.200000,1.000000,1.750000,27.537152,1.300000,5.000000,0.636364
0.076923,0.907069,1.576923,28.748066,1.810458,18.000000,0.611940
0.076923,0.569733,3.440000,30.000000,1.904615,26.000000,0.774775
0.076923,0.569733,3.440000,30.000000,1.904615,26.000000,0.774775
0.076923,0.188940,7.500000,30.000000,1.891667,16.000000,0.882353
0.076923,0.121647,2.090909,27.267460,1.976768,45.000000,0.676471
0.142857,1.000000,2.046512,29.822006,1.902116,28.000000,0.671756
0.100000,1.000000,1.448276,24.425958,1.733333,16.000000,0.591549
0.100000,0.446899,1.625000,29.175251,1.422222,10.000000,0.619048
0.200000,1.000000,1.448276,24.425958,1.733333,16.000000,0.591549
0.200000,1.000000,2.000000,30.000000,1.200000,5.000000,0.666667
0.200000,0.886415,1.548387,30.000000,1.647059,17.000000,0.607595
0.076923,0.699963,1.846154,27.119616,2.000000,13.000000,0.648649
0.076923,1.000000,1.846154,27.119616,2.000000,13.000000,0.648649
0.142857,0.291346,11.000000,28.868556,1.571429,7.000000,0.916667
0.214286,1.000000,1.625000,28.474698,1.380952,7.000000,0.619048
0.111111,1.000000,2.666667,29.889163,1.555556,9.000000,0.727273
0.058824,0.036145,1.900000,20.773463,1.823529,17.000000,0.655172
0.031250,0.027880,3.419355,29.182890,1.919355,32.000000,0.773723
0.142857,0.291346,11.000000,28.868556,1.571429,7.000000,0.916667
0.111111,1.000000,2.666667,29.889163,1.555556,9.000000,0.727273
0.031250,0.027880,3.419355,29.182890,1.919355,32.000000,0.773723
0.166667,1.000000,2.250000,28.918328,1.400000,6.000000,0.692308
0.111111,1.000000,2.666667,29.889163,1.555556,9.000000,0.727273
0.047619,0.939419,7.000000,30.000000,1.842857,21.000000,0.875000
0.058824,0.036145,1.900000,20.773463,1.823529,17.000000,0.655172
0.040000,0.103319,1.574468,16.183181,1.803333,25.000000,0.611570
0.040000,0.103319,1.574468,16.183181,1.803333,25.000000,0.611570
0.031250,0.027880,3.419355,29.182890,1.919355,32.000000,0.773723
0.214286,1.000000,2.500000,30.000000,1.000000,5.000000,0.714286
0.166667,1.000000,2.250000,28.918328,1.400000,6.000000,0.692308
0.054054,0.582588,3.346154,24.893850,1.913630,39.000000,0.769912
0.142857,0.291346,11.000000,28.868556,1.571429,7.000000,0.916667
0.054054,0.582588,3.346154,24.893850,1.913630,39.000000,0.769912
0.047619,0.939419,7.000000,30.000000,1.842857,21.000000,0.875000
0.214286,1.000000,2.500000,30.000000,1.000000,5.000000,0.714286
0.040000,0.103319,1.574468,16.183181,1.803333,25.000000,0.611570
0.047619,0.939419,7.000000,30.000000,1.842857,21.000000,0.875000
0.054054,0.582588,3.346154,24.893850,1.913630,39.000000,0.769912
0.058824,0.036145,1.900000,20.773463,1.823529,17.000000,0.655172
0.166667,1.000000,2.250000,28.918328,1.400000,6.000000,0.692308
0.058824,1.000000,1.333333,28.072933,1.947368,19.000000,0.571429
0.058824,1.000000,1.517241,28.386479,1.982796,31.000000,0.602740
0.125000,0.103912,3.846154,28.747516,1.807018,19.000000,0.793651
0.200000,0.149168,1.571429,30.000000,1.266667,6.000000,0.611111
0.083333,1.000000,2.000000,29.733571,1.705882,17.000000,0.666667
0.083333,1.000000,1.703704,3.373535,1.906433,19.000000,0.630137
0.045455,1.000000,3.300000,29.685779,1.714286,22.000000,0.767442
0.045455,1.000000,1.694444,21.864166,2.018116,24.000000,0.628866
0.066667,1.000000,1.576923,17.238834,1.757353,17.000000,0.611940
0.066667,0.003831,2.210526,28.600036,1.638095,15.000000,0.688525
0.166667,0.503178,1.571429,25.000000,1.266667,6.000000,0.611111
0.166667,1.000000,3.148148,29.651385,1.716667,25.000000,0.758929
0.045455,0.874327,2.433333,21.267126,1.844203,24.000000,0.708738
0.033333,0.299587,1.535714,29.830865,2.022989,30.000000,0.605634
0.033333,1.000000,1.644068,28.125000,2.010081,32.000000,0.621795
0.031250,0.249698,1.962264,29.478850,1.879032,32.000000,0.662420
0.031250,1.000000,1.644068,28.125000,2.010081,32.000000,0.621795
0.250000,0.465202,6.500000,30.000000,1.380952,7.000000,0.866667
0.250000,1.000000,4.000000,28.301641,1.466667,6.000000,0.800000
0.100000,0.003861,2.090909,29.687005,1.488889,10.000000,0.676471
0.166667,0.009633,2.326923,29.955185,1.909244,35.000000,0.699422
0.200000,0.000360,2.547619,29.653898,1.855914,31.000000,0.718121
0.200000,0.299691,2.956522,28.940347,1.837945,23.000000,0.747253
0.142857,0.448415,2.250000,30.000000,1.893281,23.000000,0.692308
0.142857,0.448415,2.250000,30.000000,1.893281,23.000000,0.692308
0.200000,0.299691,2.956522,28.940347,1.837945,23.000000,0.747253
0.071429,0.405070,1.450980,29.562131,1.676190,21.000000,0.592000
0.071429,0.965975,1.521739,27.857143,1.637363,14.000000,0.603448
0.071429,0.965975,1.521739,27.857143,1.637363,14.000000,0.603448
0.071429,0.282450,1.789474,28.269102,1.806324,23.000000,0.641509
0.166667,0.333678,1.833333,30.000000,1.266667,6.000000,0.647059
0.166667,0.808605,2.666667,24.010402,2.109890,14.000000,0.727273
0.142857,0.096917,2.366667,27.700855,1.948949,37.000000,0.702970
0.166667,1.000000,2.666667,24.010402,2.109890,14.000000,0.727273
0.250000,0.421652,2.357143,28.196869,1.769231,14.000000,0.702128
0.142857,1.000000,2.000000,30.000000,1.476190,7.000000,0.666667
0.111111,0.000000,2.555556,29.588246,1.581818,11.000000,0.718750
0.076923,0.852026,4.259259,29.225116,2.030303,34.000000,0.809859
0.111111,0.426388,2.090909,27.267460,1.976768,45.000000,0.676471
0.062500,0.559535,7.500000,30.000000,1.891667,16.000000,0.882353
0.062500,0.426388,2.090909,27.267460,1.976768,45.000000,0.676471
0.062500,0.426388,2.090909,27.267460,1.976768,45.000000,0.676471
0.058824,0.426388,2.090909,27.267460,1.976768,45.000000,0.676471
0.058824,0.099440,2.631579,30.000000,1.764706,18.000000,0.724638
0.062500,0.426388,2.090909,27.267460,1.976768,45.000000,0.676471
0.062500,0.249607,7.500000,30.000000,1.891667,16.000000,0.882353
0.125000,0.660530,2.271739,27.877857,2.118401,52.000000,0.694352
0.058824,0.426388,2.090909,27.267460,1.976768,45.000000,0.676471
0.058824,0.099440,2.631579,30.000000,1.764706,18.000000,0.724638
0.062500,0.559535,7.500000,30.000000,1.891667,16.000000,0.882353
0.062500,0.426388,2.090909,27.267460,1.976768,45.000000,0.676471
0.076923,0.553002,1.956522,30.000000,1.923977,19.000000,0.661765
0.076923,0.071873,2.571429,29.156290,1.766667,16.000000,0.720000
0.200000,0.274640,1.576923,25.428798,1.810458,18.000000,0.611940
0.050000,1.000000,1.521739,21.757918,1.881423,23.000000,0.603448
0.125000,0.245895,2.285714,30.000000,1.428571,8.000000,0.695652
0.125000,0.436915,2.418182,26.486019,1.869875,34.000000,0.707447
0.055556,0.542378,2.047619,27.795142,1.934641,18.000000,0.671875
0.055556,1.000000,1.822222,30.000000,1.645022,22.000000,0.645669
0.058824,0.733053,2.000000,29.415387,1.645022,22.000000,0.666667
0.058824,0.197120,3.266667,28.781984,1.639706,17.000000,0.765625
0.166667,0.918112,1.967742,29.704998,1.891775,22.000000,0.663043
0.166667,1.000000,1.896552,22.872298,1.773684,20.000000,0.654762
0.076923,0.266742,2.571429,27.722427,2.000000,18.000000,0.720000
0.076923,1.000000,1.896552,22.872298,1.773684,20.000000,0.654762
0.200000,0.000000,2.947368,29.584884,1.922348,33.000000,0.746667
0.200000,0.000000,2.947368,29.584884,1.922348,33.000000,0.746667
0.125000,0.169133,1.487179,20.820531,2.010870,24.000000,0.597938
0.142857,0.089292,2.533333,30.000000,1.683333,16.000000,0.716981
0.142857,1.000000,1.750000,30.000000,1.333333,7.000000,0.636364
0.083333,0.093476,2.533333,30.000000,1.683333,16.000000,0.716981
0.083333,0.651568,2.666667,24.010402,2.109890,14.000000,0.727273
0.200000,0.177520,2.272727,28.720030,1.621212,12.000000,0.694444
0.200000,0.259450,1.750000,21.064731,1.300000,5.000000,0.636364
0.100000,0.176618,3.000000,28.527435,1.600000,10.000000,0.750000
0.058824,0.459745,2.833333,30.000000,1.625000,17.000000,0.739130
0.052632,0.082989,2.458333,27.150066,1.842105,19.000000,0.710843
0.058824,1.000000,6.571429,30.000000,1.955882,17.000000,0.867925
0.058824,0.616080,6.571429,30.000000,1.955882,17.000000,0.867925
0.200000,0.259450,1.750000,21.064731,1.300000,5.000000,0.636364
0.058824,0.459745,2.833333,30.000000,1.625000,17.000000,0.739130
0.058824,1.000000,6.571429,30.000000,1.955882,17.000000,0.867925
0.166667,0.145709,3.423729,29.375338,1.894902,51.000000,0.773946
0.076923,0.473812,1.705882,17.450952,1.705128,13.000000,0.630435
0.071429,1.000000,1.906977,16.601674,2.056818,33.000000,0.656000
0.200000,1.000000,1.906977,16.601674,2.056818,33.000000,0.656000
0.250000,0.859885,2.615385,30.000000,1.484848,12.000000,0.723404
0.125000,0.066139,2.052632,26.250000,1.783333,16.000000,0.672414
0.125000,0.903511,1.777778,29.440380,1.746032,28.000000,0.640000
0.250000,1.000000,2.000000,22.533270,1.333333,4.000000,0.666667
0.250000,0.786400,3.280000,27.854646,1.891738,27.000000,0.766355
0.090909,0.702485,3.037037,29.635485,1.891738,27.000000,0.752294
0.125000,0.958717,4.500000,28.526792,1.357143,8.000000,0.818182
0.071429,0.191230,2.760000,27.071189,2.076923,27.000000,0.734043
0.111111,0.855926,1.722222,30.000000,1.923810,15.000000,0.632653
0.111111,0.208343,2.714286,30.000000,1.472222,9.000000,0.730769
0.071429,0.639145,2.117647,27.795311,1.681319,14.000000,0.679245
0.071429,0.816705,2.777778,27.602917,1.921053,20.000000,0.735294
0.043478,0.997284,2.285714,30.000000,1.932806,23.000000,0.695652
0.043478,1.000000,3.181818,29.586756,2.054348,24.000000,0.760870
0.071429,0.639145,2.117647,27.795311,1.681319,14.000000,0.679245
0.071429,1.000000,2.777778,27.602917,1.921053,20.000000,0.735294
0.043478,0.997284,2.285714,30.000000,1.932806,23.000000,0.695652
0.043478,1.000000,3.181818,29.586756,2.054348,24.000000,0.760870
0.166667,1.000000,1.320000,17.060276,1.628205,13.000000,0.568966
0.200000,0.557224,1.461538,29.376054,1.764706,17.000000,0.593750
0.166667,0.800000,4.166667,28.544556,1.545455,11.000000,0.806452
0.200000,0.027451,2.000000,29.237617,1.400000,5.000000,0.666667
0.200000,0.088282,2.846154,26.335837,1.838095,15.000000,0.740000
0.111111,0.523297,2.458333,26.842105,1.842105,19.000000,0.710843
0.100000,1.000000,1.900000,30.000000,1.688889,10.000000,0.655172
0.037037,0.055524,1.893617,28.237827,1.917379,27.000000,0.654412
0.037037,0.627974,1.418367,28.600130,1.835294,35.000000,0.586498
0.250000,1.000000,1.714286,30.000000,1.771429,15.000000,0.631579
0.050000,0.627974,1.418367,28.600130,1.835294,35.000000,0.586498
0.166667,0.988470,2.000000,25.000000,1.333333,6.000000,0.666667
0.166667,0.095079,2.094340,29.150783,1.813445,35.000000,0.676829
0.034483,0.536425,3.000000,29.574336,2.064039,29.000000,0.750000
0.034483,1.000000,3.471698,25.984576,1.936585,41.000000,0.776371
0.090909,1.000000,1.550000,22.802665,1.659341,14.000000,0.607843
0.047619,1.000000,3.471698,25.984576,1.936585,41.000000,0.776371
0.047619,0.182842,7.000000,30.000000,1.842857,21.000000,0.875000
0.100000,0.637831,1.125000,26.302332,1.666667,10.000000,0.529412
0.040000,0.036789,1.983333,29.001840,2.029268,41.000000,0.664804
0.047619,0.726099,5.727273,29.866586,1.700000,21.000000,0.851351
0.083333,0.858653,1.884615,30.000000,1.628571,15.000000,0.653333
0.090909,0.592917,3.000000,28.774606,2.082759,30.000000,0.750000
0.090909,1.000000,1.818182,30.000000,1.800000,11.000000,0.645161
0.125000,0.899202,3.500000,30.000000,1.571429,8.000000,0.777778
0.125000,0.552568,3.500000,30.000000,1.571429,8.000000,0.777778
0.111111,0.362657,1.175439,29.273224,1.869369,37.000000,0.540323
0.111111,0.862825,2.500000,30.000000,1.722222,9.000000,0.714286
0.090909,1.000000,1.818182,30.000000,1.800000,11.000000,0.645161
0.090909,0.592917,3.000000,28.774606,2.082759,30.000000,0.750000
0.111111,0.862825,2.500000,30.000000,1.722222,9.000000,0.714286
0.111111,0.362657,1.175439,29.273224,1.869369,37.000000,0.540323
0.090909,1.000000,1.818182,30.000000,1.800000,11.000000,0.645161
0.090909,0.592917,3.000000,28.774606,2.082759,30.000000,0.750000
0.125000,0.552568,3.500000,30.000000,1.571429,8.000000,0.777778
0.111111,0.362657,1.175439,29.273224,1.869369,37.000000,0.540323
0.111111,1.000000,2.500000,30.000000,1.722222,9.000000,0.714286
0.166667,0.450191,1.612245,28.919614,1.780000,25.000000,0.617188
0.090909,0.534671,2.000000,28.292597,1.545455,11.000000,0.666667
0.100000,0.184167,1.642857,27.000000,1.488889,10.000000,0.621622
0.100000,0.501784,1.580000,29.225005,1.780000,25.000000,0.612403
0.250000,1.000000,4.789474,25.715804,2.036782,30.000000,0.827273
0.076923,0.067627,2.086957,24.483186,1.929825,19.000000,0.676056
0.076923,0.000000,1.900000,28.340204,1.564103,13.000000,0.655172
0.200000,0.209208,2.384615,23.866123,1.885714,15.000000,0.704545
0.200000,1.000000,3.333333,30.000000,1.333333,6.000000,0.769231
0.076923,1.000000,1.862069,28.060094,1.736842,19.000000,0.650602
0.076923,0.196740,2.230769,30.000000,1.769231,13.000000,0.690476
0.090909,0.307642,2.909091,29.197070,1.802198,14.000000,0.744186
0.090909,0.245094,1.857143,30.000000,1.581818,11.000000,0.650000
0.125000,0.854083,1.444444,21.433113,1.642857,8.000000,0.590909
0.090909,1.000000,1.176471,23.315577,1.965368,22.000000,0.540541
0.111111,0.173759,1.666667,25.111496,1.551282,13.000000,0.625000
0.111111,1.000000,1.818182,29.231905,1.472222,9.000000,0.645161
0.041667,0.228181,1.976744,24.857868,1.990148,29.000000,0.664062
0.045455,1.000000,1.812500,27.816834,1.956710,22.000000,0.644444
0.058824,0.167495,2.772727,29.762647,1.573529,17.000000,0.734940
0.125000,1.000000,2.266667,28.480401,1.626374,14.000000,0.693878
0.041667,0.228181,1.976744,24.857868,1.990148,29.000000,0.664062
0.041667,0.228181,1.976744,24.857868,1.990148,29.000000,0.664062
0.066667,0.032918,1.450980,29.268589,1.676190,21.000000,0.592000
0.041667,0.228181,1.976744,24.857868,1.990148,29.000000,0.664062
0.045455,1.000000,1.812500,27.816834,1.956710,22.000000,0.644444
0.058824,0.167495,2.772727,29.762647,1.573529,17.000000,0.734940
0.058824,0.167495,2.772727,29.762647,1.573529,17.000000,0.734940
0.125000,1.000000,2.266667,28.480401,1.626374,14.000000,0.693878
0.200000,0.179346,1.750000,30.000000,1.300000,5.000000,0.636364
0.200000,1.000000,2.303030,29.826669,1.663158,20.000000,0.697248
0.125000,1.000000,2.266667,28.480401,1.626374,14.000000,0.693878
0.125000,1.000000,2.266667,28.480401,1.626374,14.000000,0.693878
0.045455,1.000000,1.812500,27.816834,1.956710,22.000000,0.644444
0.041667,0.228181,1.976744,24.857868,1.990148,29.000000,0.664062
0.058824,0.167495,2.772727,29.762647,1.573529,17.000000,0.734940
0.058824,0.167495,2.772727,29.762647,1.573529,17.000000,0.734940
0.125000,1.000000,2.266667,28.480401,1.626374,14.000000,0.693878
0.045455,1.000000,1.812500,27.816834,1.956710,22.000000,0.644444
0.045455,1.000000,1.812500,27.816834,1.956710,22.000000,0.644444
0.071429,0.011952,1.666667,29.845027,1.560440,14.000000,0.625000
0.071429,0.056547,1.408163,23.013035,2.045584,27.000000,0.584746
0.076923,0.154227,1.500000,30.000000,1.895238,21.000000,0.600000
0.076923,1.000000,3.777778,29.341581,1.602564,13.000000,0.790698
0.083333,0.881301,1.687500,30.000000,1.590909,12.000000,0.627907
0.083333,1.000000,1.916667,25.435771,1.712121,12.000000,0.657143
0.100000,0.024812,1.333333,25.422822,1.622222,10.000000,0.571429
0.100000,1.000000,1.574468,16.183181,1.803333,25.000000,0.611570
0.040000,1.000000,1.574468,16.183181,1.803333,25.000000,0.611570
0.040000,0.585922,1.878049,30.000000,1.988604,27.000000,0.652542
0.040000,1.000000,1.574468,16.183181,1.803333,25.000000,0.611570
0.111111,1.000000,1.687500,27.150524,1.796923,26.000000,0.627907
0.200000,0.455702,7.000000,30.000000,1.842857,21.000000,0.875000
0.040000,0.585922,1.878049,30.000000,1.988604,27.000000,0.652542
0.040000,1.000000,1.574468,16.183181,1.803333,25.000000,0.611570
0.100000,0.585595,3.285714,29.547070,1.555556,10.000000,0.766667
0.100000,1.000000,1.574468,16.183181,1.803333,25.000000,0.611570
0.125000,1.000000,3.200000,30.000000,1.428571,8.000000,0.761905
0.100000,0.432904,2.863636,29.329971,1.778947,20.000000,0.741176
0.054054,0.200607,1.196429,28.370299,1.869369,37.000000,0.544715
0.250000,0.564233,10.000000,24.766258,1.400000,6.000000,0.909091
0.142857,0.522892,1.890909,29.891668,1.879032,32.000000,0.654088
0.200000,0.913741,3.142857,28.384886,1.679739,18.000000,0.758621
0.166667,0.226862,1.750000,28.833066,1.962462,37.000000,0.636364
0.100000,0.639220,1.413793,25.962355,1.676190,15.000000,0.585714
0.200000,0.662827,1.550000,22.802665,1.659341,14.000000,0.607843
0.181818,0.288250,1.529412,30.000000,1.563636,11.000000,0.604651
0.083333,0.000000,1.434783,29.711115,1.515152,12.000000,0.589286
0.083333,1.000000,3.105263,27.642441,2.563333,25.000000,0.756410
0.083333,0.604256,2.333333,25.491140,1.703297,14.000000,0.700000
0.083333,0.004255,1.434783,29.622559,1.515152,12.000000,0.589286
0.076923,0.048277,1.589744,28.138073,1.913043,23.000000,0.613861
0.166667,1.000000,1.060000,30.000000,1.936842,20.000000,0.514563
0.166667,1.000000,1.060000,30.000000,1.936842,20.000000,0.514563
0.071429,0.277860,1.833333,30.000000,1.720588,17.000000,0.647059
0.055556,0.077308,3.440000,24.527948,2.088172,31.000000,0.774775
0.071429,0.029601,2.252874,29.831684,1.929422,49.000000,0.692580
0.090909,1.000000,1.538462,24.969660,2.019763,23.000000,0.606061
0.250000,0.797708,1.307692,18.154118,1.816667,16.000000,0.566667
0.033333,0.073042,2.173913,28.556460,1.960920,30.000000,0.684932
0.033333,0.844288,1.382353,29.625409,1.847619,36.000000,0.580247
0.142857,1.000000,2.322222,26.373464,2.118401,52.000000,0.698997
0.142857,0.964410,3.857143,28.886375,1.815789,20.000000,0.794118
0.058824,0.844288,1.382353,29.625409,1.847619,36.000000,0.580247
0.076923,0.864393,3.333333,28.235294,1.830882,17.000000,0.769231
0.076923,0.864393,3.333333,28.235294,1.830882,17.000000,0.769231
0.083333,1.000000,1.818182,17.753152,1.772727,12.000000,0.645161
0.100000,1.000000,1.283784,29.777378,2.053030,33.000000,0.562130
0.100000,0.235810,2.230769,29.164490,1.769231,13.000000,0.690476
0.100000,0.133094,2.764706,28.028331,1.692810,18.000000,0.734375
0.125000,0.316039,2.000000,22.865703,1.428571,8.000000,0.666667
0.142857,0.000000,2.000000,25.714286,1.333333,7.000000,0.666667
0.142857,0.146844,4.269231,29.309002,1.877016,32.000000,0.810219
0.142857,0.034926,2.400000,24.981691,1.476190,7.000000,0.705882
0.090909,1.000000,1.833333,29.802762,1.600000,11.000000,0.647059
0.071429,0.010831,1.600000,29.306726,1.647059,17.000000,0.615385
0.071429,0.097642,1.423077,29.776432,1.615385,14.000000,0.587302
0.125000,0.046201,2.000000,30.000000,1.636364,11.000000,0.666667
0.052632,0.396290,2.260870,30.000000,1.710000,25.000000,0.693333
0.166667,0.802231,1.500000,29.581079,1.533333,10.000000,0.600000
0.111111,0.519667,2.062500,28.880778,1.742857,21.000000,0.673469
0.090909,0.714158,1.575000,24.413576,2.039855,24.000000,0.611650
0.066667,0.713606,1.560000,26.867326,1.647619,15.000000,0.609375
0.066667,1.000000,1.557692,30.000000,1.675325,22.000000,0.609023
0.125000,1.000000,2.628571,30.000000,1.849206,28.000000,0.724409
0.125000,1.000000,3.400000,27.742202,1.392857,8.000000,0.772727
0.111111,1.000000,2.826087,28.353799,1.861660,23.000000,0.738636
0.111111,0.083251,2.285714,29.029657,1.555556,9.000000,0.695652
0.090909,1.000000,2.372549,29.341830,1.909244,35.000000,0.703488
0.090909,0.633056,2.100000,28.365132,1.618182,11.000000,0.677419
0.200000,1.000000,2.420000,29.295649,1.909244,35.000000,0.707602
0.071429,1.000000,2.326923,30.000000,1.909244,35.000000,0.699422
0.071429,0.074777,2.133333,26.003882,1.736264,14.000000,0.680851
0.200000,1.000000,3.066667,29.111368,1.849206,28.000000,0.754098
0.200000,0.733996,8.000000,27.648751,1.533333,6.000000,0.888889
0.142857,1.000000,3.066667,30.000000,1.849206,28.000000,0.754098
0.111111,1.000000,6.000000,30.000000,1.755556,10.000000,0.857143
0.111111,0.374629,2.222222,28.627810,1.672727,11.000000,0.689655
0.066667,0.634473,1.956522,29.730671,1.955026,28.000000,0.661765
0.090909,0.871908,1.444444,29.608778,1.659341,14.000000,0.590909
0.090909,1.000000,2.333333,28.483001,1.763158,20.000000,0.700000
0.071429,1.000000,1.469388,29.797875,1.923913,24.000000,0.595041
0.052632,0.745735,1.578947,29.562408,1.955026,28.000000,0.612245
0.052632,0.349071,2.937500,29.724859,1.725146,19.000000,0.746032
0.090909,0.000000,2.363636,25.442066,1.581818,11.000000,0.702703
0.090909,1.000000,1.413043,25.406311,1.942029,24.000000,0.585586
0.111111,1.000000,1.517241,27.297328,1.580952,15.000000,0.602740
0.058824,0.668876,2.714286,30.000000,1.941176,17.000000,0.730769
0.058824,1.000000,1.413043,25.406311,1.942029,24.000000,0.585586
0.090909,0.200000,1.562500,30.000000,1.545455,11.000000,0.609756
0.090909,0.087200,1.657143,18.429729,1.742105,20.000000,0.623656
0.166667,0.514326,1.823529,29.883084,1.835165,14.000000,0.645833
0.250000,1.000000,2.133333,24.238918,1.847619,15.000000,0.680851
0.166667,0.227429,2.375000,29.719830,1.577778,10.000000,0.703704
0.125000,0.183951,3.000000,29.463382,1.535714,8.000000,0.750000
0.125000,1.000000,2.666667,25.963829,1.555556,9.000000,0.727273
0.166667,0.480590,1.857143,23.021143,1.607143,8.000000,0.650000
0.125000,0.480590,1.857143,23.021143,1.607143,8.000000,0.650000
0.250000,0.025229,1.476190,27.969772,1.560606,12.000000,0.596154
0.071429,0.146955,1.695652,30.000000,1.670330,14.000000,0.629032
0.076923,0.063830,1.225000,28.206600,1.883041,19.000000,0.550562
0.066667,0.238168,2.937500,29.837810,1.725146,19.000000,0.746032
0.250000,1.000000,2.576923,30.000000,2.006154,26.000000,0.720430
0.071429,1.000000,3.250000,30.000000,1.571429,14.000000,0.764706
0.071429,0.652594,2.163265,28.796976,1.732194,27.000000,0.683871
0.055556,0.186999,1.700000,29.489153,1.666667,18.000000,0.629630
0.055556,0.930765,1.382353,29.631455,1.847619,36.000000,0.580247
0.125000,0.530065,1.750000,30.000000,1.250000,8.000000,0.636364
0.125000,1.000000,2.400000,30.000000,1.636364,12.000000,0.705882
0.083333,0.912679,1.340206,28.761441,1.841355,34.000000,0.572687
0.058824,0.004149,1.750000,30.000000,1.779412,17.000000,0.636364
0.058824,0.650345,1.781250,29.221528,2.000000,36.000000,0.640449
0.250000,1.000000,1.800000,19.500152,1.763158,20.000000,0.642857
0.071429,0.656029,1.702703,24.451533,1.752381,21.000000,0.630000
0.111111,0.849057,2.142857,26.390927,1.722222,9.000000,0.681818
0.066667,1.000000,1.800000,19.500152,1.763158,20.000000,0.642857
0.066667,0.033077,1.800000,30.000000,1.790476,15.000000,0.642857
0.071429,0.247525,1.766667,24.663225,1.847619,21.000000,0.638554
0.071429,1.000000,1.923077,27.712985,1.824176,14.000000,0.657895
0.111111,1.000000,4.250000,30.000000,1.611111,9.000000,0.809524
0.111111,1.000000,1.562500,29.063248,1.696970,12.000000,0.609756
0.111111,0.952335,8.857143,30.000000,1.778947,20.000000,0.898551
0.111111,0.693999,2.250000,23.399845,1.555556,9.000000,0.692308
0.111111,0.994721,2.100000,30.000000,1.577778,10.000000,0.677419
0.076923,0.039589,1.928571,28.610586,1.717949,13.000000,0.658537
0.076923,0.008264,1.772727,28.321192,1.604396,14.000000,0.639344
0.166667,0.198303,2.181818,29.107500,1.636364,12.000000,0.685714
0.142857,0.000000,2.600000,30.000000,1.428571,7.000000,0.722222
0.142857,0.115148,1.666667,23.370361,1.907407,28.000000,0.625000
0.045455,0.205288,2.290323,29.745194,1.817949,40.000000,0.696078
0.071429,1.000000,2.642857,28.948379,1.681319,14.000000,0.725490
0.125000,0.357980,2.675000,30.000000,1.893145,32.000000,0.727891
0.083333,0.294632,2.147059,28.679553,2.016194,39.000000,0.682243
0.083333,0.614039,3.220000,29.203170,1.852063,38.000000,0.763033
0.125000,0.670070,1.981132,29.437718,1.980645,31.000000,0.664557
0.083333,1.000000,1.875000,30.000000,1.756410,13.000000,0.652174
0.083333,1.000000,2.000000,27.692308,1.615385,13.000000,0.666667
0.200000,0.090225,1.750000,24.000000,1.300000,5.000000,0.636364
0.032258,0.065481,2.741935,29.126633,2.096774,31.000000,0.732759
0.032258,1.000000,3.095238,25.202524,1.926829,42.000000,0.755814
0.076923,0.740631,3.228070,29.571583,1.936585,41.000000,0.763485
0.076923,1.000000,3.900000,30.000000,1.512821,13.000000,0.795918
0.166667,1.000000,5.033333,28.836650,1.666667,30.000000,0.834254
0.100000,1.000000,3.428571,29.438383,1.648221,23.000000,0.774194
0.100000,1.000000,1.571429,30.000000,1.555556,10.000000,0.611111
0.043478,1.000000,3.095238,25.202524,1.926829,42.000000,0.755814
0.043478,0.150946,3.400000,29.919905,1.881423,23.000000,0.772727
0.125000,0.125278,1.944444,30.000000,1.750000,16.000000,0.660377
0.125000,0.762572,1.666667,26.250000,1.500000,8.000000,0.625000
0.250000,1.000000,2.000000,29.360299,1.333333,4.000000,0.666667
0.250000,1.000000,1.785714,26.783625,2.019048,21.000000,0.641026
0.142857,0.332755,1.333333,25.714286,1.476190,7.000000,0.571429
0.142857,0.235839,2.470588,30.000000,1.725490,18.000000,0.711864
0.142857,0.235839,2.470588,30.000000,1.725490,18.000000,0.711864
0.142857,0.332755,1.333333,25.714286,1.476190,7.000000,0.571429
0.111111,0.102427,2.666667,21.306938,1.666667,9.000000,0.727273
0.111111,0.102222,1.875000,16.205490,1.842857,21.000000,0.652174
0.250000,0.061607,1.586207,30.000000,1.888889,18.000000,0.613333
0.200000,0.080343,1.243902,29.727675,1.797386,18.000000,0.554348
0.055556,1.000000,2.541667,30.000000,2.023810,21.000000,0.717647
0.055556,0.230721,1.224490,19.115777,1.965368,22.000000,0.550459
0.125000,0.978230,4.800000,27.692308,2.320513,13.000000,0.827586
0.066667,0.411803,1.782609,21.720885,1.758333,16.000000,0.640625
0.125000,0.962932,4.800000,27.692308,2.320513,13.000000,0.827586
0.066667,0.623013,2.652174,28.830737,1.914286,21.000000,0.726190
0.200000,1.000000,4.800000,30.000000,2.105263,19.000000,0.827586
0.066667,1.000000,4.764706,23.768665,2.693405,34.000000,0.826531
0.066667,1.000000,2.000000,30.000000,1.819048,15.000000,0.666667
0.200000,1.000000,4.800000,30.000000,2.105263,19.000000,0.827586
0.066667,1.000000,2.000000,30.000000,1.819048,15.000000,0.666667
0.066667,0.400839,4.764706,23.768665,2.693405,34.000000,0.826531
0.066667,1.000000,4.764706,23.768665,2.693405,34.000000,0.826531
0.066667,1.000000,2.000000,30.000000,1.819048,15.000000,0.666667
0.200000,1.000000,4.800000,30.000000,2.105263,19.000000,0.827586
0.066667,1.000000,2.000000,30.000000,1.819048,15.000000,0.666667
0.066667,0.400839,4.764706,23.768665,2.693405,34.000000,0.826531
0.250000,0.440298,5.250000,27.932971,2.072727,11.000000,0.840000
0.250000,0.676783,1.666667,29.588246,1.763636,11.000000,0.625000
0.090909,0.323792,2.375000,29.646336,1.701538,26.000000,0.703704
0.038462,0.167852,2.096774,25.533770,2.030769,26.000000,0.677083
0.038462,0.059867,3.052632,29.277415,1.942857,35.000000,0.753247
0.100000,0.379463,1.900000,29.843126,1.577778,10.000000,0.655172
0.100000,0.099687,2.555556,27.761549,2.076923,13.000000,0.718750
0.111111,0.202026,1.700000,25.682974,1.583333,9.000000,0.629630
0.111111,0.923568,2.410256,29.044132,1.833333,25.000000,0.706767
0.111111,0.763732,1.888889,30.000000,1.527778,9.000000,0.653846
0.111111,0.379310,1.600000,11.603052,1.686275,18.000000,0.615385
0.125000,1.000000,1.750000,30.000000,1.779412,17.000000,0.636364
0.071429,0.290976,1.937500,30.000000,1.857143,14.000000,0.659574
0.071429,1.000000,2.133333,26.003882,1.736264,14.000000,0.680851
0.166667,1.000000,1.833333,30.000000,1.266667,6.000000,0.647059
0.055556,0.714326,3.142857,24.474780,1.679739,18.000000,0.758621
0.181818,0.792819,1.250000,27.719487,1.820513,13.000000,0.555556
0.100000,0.458929,6.125000,27.857143,1.494505,14.000000,0.859649
0.166667,1.000000,2.750000,28.731233,1.266667,6.000000,0.733333
0.142857,0.501949,4.080000,29.917278,1.875862,30.000000,0.803150
0.142857,0.695162,1.857143,23.021143,1.607143,8.000000,0.650000
0.076923,1.000000,1.937500,30.000000,1.653846,13.000000,0.659574
0.076923,0.317501,2.378378,28.487705,1.917989,28.000000,0.704000
0.142857,0.499130,2.666667,28.543965,1.619048,7.000000,0.727273
0.200000,1.000000,1.916667,27.649634,1.533333,10.000000,0.657143
0.125000,0.497102,3.000000,27.809081,1.642857,8.000000,0.750000
0.125000,0.056762,1.375000,25.892588,1.818182,23.000000,0.578947
0.066667,1.000000,1.448276,24.727987,1.823529,17.000000,0.591549
0.083333,0.473178,2.833333,16.921825,1.950000,16.000000,0.739130
0.083333,1.000000,1.448276,24.727987,1.823529,17.000000,0.591549
0.142857,1.000000,2.000000,30.000000,1.619048,7.000000,0.666667
0.200000,0.049735,1.909091,30.000000,1.964427,23.000000,0.656250
0.200000,0.312552,2.071429,29.197070,1.769231,14.000000,0.674419
0.166667,0.114984,4.250000,29.310301,1.876894,33.000000,0.809524
0.083333,0.671625,4.000000,29.183321,1.691667,16.000000,0.800000
0.285714,0.610330,1.666667,30.000000,1.285714,7.000000,0.625000
0.250000,0.212465,1.857143,27.465393,1.642857,8.000000,0.650000
0.111111,0.844226,1.678571,26.843846,1.877193,19.000000,0.626667
0.052632,0.029242,1.947368,28.844817,1.977273,33.000000,0.660714
0.052632,0.844226,1.678571,26.843846,1.877193,19.000000,0.626667
0.111111,1.000000,1.800000,26.701952,1.842857,21.000000,0.642857
0.111111,0.344560,1.400000,20.689548,1.930000,25.000000,0.583333
0.111111,0.000000,2.571429,27.899616,1.500000,9.000000,0.720000
0.166667,0.344560,1.400000,20.689548,1.930000,25.000000,0.583333
0.076923,0.344560,1.400000,20.689548,1.930000,25.000000,0.583333
0.142857,0.996652,2.250000,25.009771,1.651515,12.000000,0.692308
0.083333,0.078639,3.828947,27.926811,2.024297,69.000000,0.792916
0.083333,0.996652,2.250000,25.009771,1.651515,12.000000,0.692308
0.200000,0.679939,1.750000,29.986226,1.903409,33.000000,0.636364
0.045455,1.000000,1.866667,30.000000,1.991342,22.000000,0.651163
0.083333,0.169349,1.846154,21.728214,1.636364,12.000000,0.648649
0.100000,1.000000,1.411765,24.000000,1.511111,10.000000,0.585366
0.025000,0.313151,2.370968,29.051472,1.829268,42.000000,0.703349
0.034483,0.235906,2.380952,29.790421,1.977833,29.000000,0.704225
0.100000,0.946383,2.750000,23.683290,1.848485,12.000000,0.733333
0.100000,1.000000,1.333333,16.557535,1.622222,10.000000,0.571429
0.200000,1.000000,1.352941,27.987716,2.045584,27.000000,0.575000
0.071429,0.901745,1.866667,30.000000,1.692308,14.000000,0.651163
0.071429,1.000000,1.666667,26.117719,1.775385,26.000000,0.625000
0.200000,1.000000,1.630435,30.000000,1.714286,22.000000,0.619835
0.250000,1.000000,2.545455,29.745300,1.490909,11.000000,0.717949
0.250000,0.081116,1.224490,19.115777,1.965368,22.000000,0.550459
0.166667,0.503690,1.500000,29.115627,1.900000,45.000000,0.600000
0.071429,0.760382,3.000000,30.000000,1.560440,14.000000,0.750000
0.071429,0.094095,1.491071,29.434155,1.879291,43.000000,0.598566
0.058824,0.333082,1.833333,29.989268,1.712418,18.000000,0.647059
0.058824,1.000000,1.352941,25.058499,1.764706,17.000000,0.575000
0.111111,0.294712,1.583333,26.666667,1.500000,9.000000,0.612903
0.111111,0.714010,2.937500,30.000000,1.725146,19.000000,0.746032
0.100000,0.472342,4.675000,29.918897,1.976873,47.000000,0.823789
0.111111,0.294712,1.583333,26.666667,1.500000,9.000000,0.612903
0.111111,0.714010,2.937500,30.000000,1.725146,19.000000,0.746032
0.125000,0.140658,1.750000,30.000000,1.571429,8.000000,0.636364
0.250000,0.527015,2.452381,30.000000,1.846561,28.000000,0.710345
0.142857,1.000000,1.875000,25.714286,1.285714,7.000000,0.652174
0.125000,0.170348,2.625000,30.000000,1.250000,8.000000,0.724138
0.125000,0.042359,1.552632,26.091055,1.841897,23.000000,0.608247
0.125000,0.170348,2.625000,30.000000,1.250000,8.000000,0.724138
0.125000,0.042359,1.552632,26.091055,1.841897,23.000000,0.608247
0.083333,0.818578,1.285714,22.600828,1.681818,12.000000,0.562500
0.083333,0.477452,3.250000,29.967533,1.571429,14.000000,0.764706
0.111111,0.518542,4.000000,25.551037,1.733333,15.000000,0.800000
0.111111,1.000000,1.461538,30.000000,1.500000,9.000000,0.593750
0.111111,0.791822,1.937500,28.750926,1.653846,13.000000,0.659574
0.090909,1.000000,1.441176,24.379517,1.931579,20.000000,0.590361
0.090909,0.060221,1.777778,30.000000,1.648352,14.000000,0.640000
0.090909,0.648794,1.933333,30.000000,1.651515,12.000000,0.659091
0.111111,0.800611,1.800000,29.192891,1.942029,24.000000,0.642857
0.076923,0.206336,1.955882,29.189792,2.017719,43.000000,0.661692
0.076923,1.000000,1.666667,25.384615,1.602564,13.000000,0.625000
0.142857,0.785544,2.200000,27.712873,1.476190,7.000000,0.687500
0.142857,1.000000,1.500000,29.235000,1.692308,14.000000,0.600000
0.076923,1.000000,1.666667,25.384615,1.602564,13.000000,0.625000
0.076923,0.325066,3.375000,29.358750,1.870130,22.000000,0.771429
0.125000,0.839800,4.800000,27.692308,2.320513,13.000000,0.827586
0.125000,1.000000,3.625000,28.179215,1.590909,12.000000,0.783784
0.125000,1.000000,3.625000,28.179215,1.590909,12.000000,0.783784
0.125000,0.740006,4.800000,27.692308,2.320513,13.000000,0.827586
0.100000,0.007812,3.000000,28.923567,1.681818,12.000000,0.750000
0.047619,0.112920,2.565217,30.000000,1.833333,21.000000,0.719512
0.047619,1.000000,1.375000,25.892588,1.818182,23.000000,0.578947
0.142857,0.115465,2.476190,18.760710,2.083333,24.000000,0.712329
0.166667,1.000000,1.375000,25.892588,1.818182,23.000000,0.578947
0.090909,1.000000,1.269231,29.505517,1.818182,23.000000,0.559322
0.090909,0.003953,2.250000,21.129392,1.818182,11.000000,0.692308
0.200000,1.000000,2.000000,27.469556,1.416667,9.000000,0.666667
0.166667,1.000000,2.070175,29.166677,1.973016,36.000000,0.674286
0.166667,1.000000,2.070175,29.166677,1.973016,36.000000,0.674286
0.200000,1.000000,1.678571,30.000000,1.888889,18.000000,0.626667
0.142857,0.011765,2.285714,27.000696,1.900000,16.000000,0.695652
0.200000,0.879656,1.750000,26.664639,1.300000,5.000000,0.636364
0.071429,0.824782,2.564103,28.228674,1.977833,29.000000,0.719424
0.034483,0.853589,2.325581,27.456546,1.977833,29.000000,0.699301
0.034483,0.210054,2.184615,29.583080,1.817949,40.000000,0.685990
0.125000,1.000000,2.200000,30.000000,1.214286,8.000000,0.687500
0.125000,0.812020,2.117647,25.714286,1.681319,14.000000,0.679245
0.125000,1.000000,2.555556,27.256951,2.163399,18.000000,0.718750
0.125000,1.000000,2.200000,30.000000,1.214286,8.000000,0.687500
0.066667,0.003984,1.558824,28.737809,1.936842,20.000000,0.609195
0.250000,0.011765,2.200000,28.373339,1.666667,12.000000,0.687500
0.111111,0.328489,6.300000,29.937250,2.333333,25.000000,0.863014
0.055556,0.011765,1.916667,26.454229,1.865497,19.000000,0.657143
0.055556,0.617304,2.047619,21.783964,1.915033,18.000000,0.671875
0.100000,0.124231,3.460674,28.414233,2.074417,74.000000,0.775819
0.100000,0.011765,7.000000,28.299258,1.600000,10.000000,0.875000
0.071429,1.000000,2.407407,27.622954,1.831169,22.000000,0.706522
0.058824,0.499939,2.448276,28.308715,1.894928,24.000000,0.710000
0.250000,1.000000,1.500000,25.714286,1.476190,7.000000,0.600000
0.250000,0.586017,3.200000,29.118266,1.802198,14.000000,0.761905
0.200000,0.783629,2.333333,26.928072,1.300000,5.000000,0.700000
0.166667,0.235544,2.793103,30.000000,2.082759,30.000000,0.736364
0.166667,0.016672,2.285714,28.470977,1.942529,30.000000,0.695652
0.125000,1.000000,1.888889,27.998796,1.428571,8.000000,0.653846
0.250000,0.973942,4.333333,30.000000,2.045455,12.000000,0.812500
0.038462,0.197791,2.483871,22.510095,2.003077,26.000000,0.712963
0.038462,0.014388,1.942029,29.536755,1.901587,36.000000,0.660099
0.100000,1.000000,2.750000,30.000000,1.709091,11.000000,0.733333
0.166667,0.049556,1.434783,29.766525,1.515152,12.000000,0.589286
0.083333,0.683418,1.666667,24.982463,1.590909,12.000000,0.625000
0.200000,1.000000,1.750000,22.447421,1.300000,5.000000,0.636364
0.083333,0.000000,2.333333,27.583333,1.575758,12.000000,0.700000
0.166667,0.270676,3.083333,30.000000,2.315271,29.000000,0.755102
0.166667,1.000000,3.083333,30.000000,2.315271,29.000000,0.755102
0.083333,0.813632,2.000000,30.000000,1.530303,12.000000,0.666667
0.083333,1.000000,4.142857,30.000000,1.606061,12.000000,0.805556
0.200000,1.000000,3.500000,30.000000,1.300000,5.000000,0.777778
0.200000,0.636136,2.125000,24.495229,1.858333,16.000000,0.680000
0.111111,0.453177,4.000000,30.000000,1.444444,9.000000,0.800000
0.111111,0.921385,4.333333,30.000000,2.045455,12.000000,0.812500
0.111111,0.921385,4.333333,30.000000,2.045455,12.000000,0.812500
0.111111,0.453177,4.000000,30.000000,1.444444,9.000000,0.800000
0.250000,0.333123,3.200000,27.659317,1.428571,8.000000,0.761905
0.250000,1.000000,3.200000,27.659317,1.428571,8.000000,0.761905
0.083333,0.029888,1.315789,26.273819,1.859649,19.000000,0.568182
0.111111,0.657265,1.709677,26.543377,1.824561,19.000000,0.630952
0.111111,1.000000,1.769231,30.000000,1.388889,9.000000,0.638889
0.052632,0.657265,1.709677,26.543377,1.824561,19.000000,0.630952
0.052632,0.088138,1.666667,29.247645,1.873188,24.000000,0.625000
0.125000,1.000000,1.642857,17.306547,1.651515,12.000000,0.621622
0.250000,1.000000,4.000000,25.264309,1.333333,4.000000,0.800000
0.250000,0.243970,2.666667,28.601018,1.757576,12.000000,0.727273
0.090909,0.479456,2.272727,24.895948,1.952381,15.000000,0.694444
0.166667,1.000000,2.384615,30.000000,1.791209,14.000000,0.704545
0.125000,0.130018,2.238636,28.750000,2.076241,48.000000,0.691228
0.200000,0.078530,2.866667,29.513044,1.766667,16.000000,0.741379
0.125000,0.130018,2.238636,28.750000,2.076241,48.000000,0.691228
0.142857,0.423264,1.571429,30.000000,1.880952,21.000000,0.611111
0.041667,0.200796,1.960526,29.399732,2.011594,46.000000,0.662222
0.041667,0.056036,2.483871,22.510095,2.003077,26.000000,0.712963
0.200000,0.007812,2.000000,26.185474,1.600000,5.000000,0.666667
0.111111,1.000000,4.000000,28.810001,1.555556,9.000000,0.800000
0.111111,0.569658,2.228571,29.241198,1.997151,27.000000,0.690265
0.111111,0.569658,2.228571,29.241198,1.997151,27.000000,0.690265
0.100000,0.282199,2.888889,29.121116,1.466667,10.000000,0.742857
0.040000,0.170836,2.269231,29.444106,1.894253,30.000000,0.694118
0.062500,0.302845,3.773810,28.655051,2.063310,74.000000,0.790524
0.062500,0.573550,2.045455,30.000000,1.783333,16.000000,0.671642
0.076923,0.409248,3.342857,27.009792,2.015819,60.000000,0.769737
0.076923,0.508697,1.923077,30.000000,1.782051,13.000000,0.657895
0.142857,0.256247,2.411765,27.537780,1.935673,19.000000,0.706897
0.062500,0.302845,3.773810,28.655051,2.063310,74.000000,0.790524
0.062500,0.573550,2.045455,30.000000,1.783333,16.000000,0.671642
0.071429,0.681325,1.700000,29.649868,1.626374,14.000000,0.629630
0.071429,1.000000,2.000000,25.529721,1.888889,18.000000,0.666667
0.062500,0.203314,2.526316,29.716919,1.633333,16.000000,0.716418
0.062500,1.000000,2.000000,25.529721,1.888889,18.000000,0.666667
0.250000,1.000000,2.086957,24.483186,1.929825,19.000000,0.676056
0.125000,0.408696,3.000000,25.355892,1.803030,12.000000,0.750000
0.058824,0.842424,2.952381,29.071213,1.747619,21.000000,0.746988
0.058824,1.000000,3.166667,26.671292,1.941176,17.000000,0.760000
0.200000,0.637738,2.480000,30.000000,1.747619,21.000000,0.712644
0.111111,1.000000,1.769231,26.005131,1.388889,9.000000,0.638889
0.111111,0.339374,2.055556,29.252928,1.813445,35.000000,0.672727
0.066667,0.000000,2.566667,29.646336,1.929231,26.000000,0.719626
0.066667,1.000000,1.535714,18.693551,1.590476,15.000000,0.605634
0.071429,0.045721,1.923077,28.142950,1.906433,19.000000,0.657895
0.125000,0.561055,3.000000,22.500000,1.535714,8.000000,0.750000
0.125000,0.125972,1.666667,30.000000,1.906433,19.000000,0.625000
0.111111,0.007937,1.655172,28.717751,1.719298,19.000000,0.623377
0.111111,0.931934,1.545455,21.834758,1.527778,9.000000,0.607143
0.062500,0.489124,2.285714,23.603483,1.900000,16.000000,0.695652
0.083333,0.728054,1.613636,30.000000,1.903333,25.000000,0.617391
0.125000,0.262717,3.548387,29.328102,1.868952,32.000000,0.780142
0.125000,1.000000,1.625000,30.000000,1.642857,8.000000,0.619048
0.111111,0.782596,1.764706,30.000000,1.590909,12.000000,0.638298
0.111111,1.000000,2.285714,30.000000,1.611111,9.000000,0.695652
0.083333,0.170099,1.584906,27.322981,1.806268,27.000000,0.613139
0.100000,0.522270,1.612903,20.050425,1.725490,18.000000,0.617284
0.071429,0.008065,4.333333,30.000000,1.661765,17.000000,0.812500
0.100000,1.000000,2.000000,27.748350,1.694737,20.000000,0.666667
0.100000,1.000000,1.357143,29.471664,1.622222,10.000000,0.575758
0.090909,0.403318,1.466667,29.723737,1.874459,22.000000,0.594595
0.090909,0.012146,3.066667,29.843817,1.701970,29.000000,0.754098
0.090909,0.528597,2.571429,30.000000,1.538462,13.000000,0.720000
0.071429,0.243571,3.290323,25.434689,1.846154,27.000000,0.766917
0.090909,0.626765,2.522727,29.853894,1.907527,31.000000,0.716129
0.100000,1.000000,1.727273,3.965994,1.577778,10.000000,0.633333
0.066667,0.007904,1.960526,28.921597,2.011594,46.000000,0.662222
0.066667,0.956938,1.692308,27.594814,1.657143,15.000000,0.628571
0.125000,0.143990,3.857143,24.348794,1.813187,14.000000,0.794118
0.111111,0.126399,1.238095,28.197868,1.926316,20.000000,0.553191
0.250000,0.533649,5.250000,29.308715,1.600000,10.000000,0.840000
0.125000,0.956938,1.692308,27.594814,1.657143,15.000000,0.628571
0.125000,0.016129,2.800000,25.680628,1.500000,8.000000,0.736842
0.066667,0.956938,1.692308,27.594814,1.657143,15.000000,0.628571
0.066667,0.315120,2.727273,30.000000,1.909420,24.000000,0.731707
0.250000,0.965941,3.000000,30.000000,1.000000,4.000000,0.750000
0.111111,1.000000,9.000000,30.000000,1.500000,9.000000,0.900000
0.111111,1.000000,2.571429,30.000000,1.863158,20.000000,0.720000
0.100000,0.831062,1.538462,24.616906,1.555556,10.000000,0.606061
0.111111,0.379894,1.927536,29.283070,2.017719,43.000000,0.658416
0.062500,1.000000,2.800000,30.000000,1.733333,16.000000,0.736842
0.062500,0.077969,3.916667,26.877715,2.566667,36.000000,0.796610
0.062500,0.077969,3.916667,26.877715,2.566667,36.000000,0.796610
0.062500,1.000000,2.800000,30.000000,1.733333,16.000000,0.736842
0.090909,1.000000,1.500000,27.272727,1.545455,11.000000,0.600000
0.090909,0.494186,1.685714,27.363636,1.792208,22.000000,0.627660
0.142857,1.000000,1.875000,16.205490,1.842857,21.000000,0.652174
0.200000,1.000000,4.555556,29.197070,1.549451,14.000000,0.820000
0.142857,1.000000,3.333333,18.847603,1.523810,7.000000,0.769231
0.142857,1.000000,1.437500,17.611662,1.858974,13.000000,0.589744
0.083333,0.133270,2.333333,29.350725,1.575758,12.000000,0.700000
0.125000,1.000000,1.307692,29.479242,1.428571,8.000000,0.566667
0.052632,0.372979,2.928571,27.100952,1.868421,20.000000,0.745455
0.052632,0.340680,1.315789,26.273819,1.859649,19.000000,0.568182
0.083333,0.795836,7.500000,30.000000,1.891667,16.000000,0.882353
0.083333,1.000000,3.000000,27.821040,1.681818,12.000000,0.750000
0.111111,0.369571,2.928571,26.975335,1.868421,20.000000,0.745455
0.200000,1.000000,2.444444,29.934309,1.709091,11.000000,0.709677
0.083333,0.795836,7.500000,30.000000,1.891667,16.000000,0.882353
0.083333,1.000000,3.000000,27.821040,1.681818,12.000000,0.750000
0.142857,0.496420,6.500000,23.229783,1.888889,9.000000,0.866667
0.142857,0.721172,3.333333,29.733311,1.619048,7.000000,0.769231
0.111111,1.000000,4.750000,30.000000,1.939394,12.000000,0.826087
0.111111,0.342500,1.310345,25.716446,1.615385,14.000000,0.567164
0.166667,0.045920,2.200000,22.163599,1.266667,6.000000,0.687500
0.166667,0.661928,2.250000,24.642305,1.688889,10.000000,0.692308
0.250000,1.000000,4.000000,30.000000,1.333333,4.000000,0.800000
0.250000,1.000000,2.800000,30.000000,1.733333,16.000000,0.736842
0.142857,0.012048,2.000000,24.011338,1.428571,7.000000,0.666667
0.142857,0.672270,1.615385,21.626709,1.416667,9.000000,0.617647
0.166667,0.672270,1.615385,21.626709,1.416667,9.000000,0.617647
0.090909,1.000000,1.400000,20.689548,1.930000,25.000000,0.583333
0.111111,0.008130,1.888889,30.000000,1.611111,9.000000,0.653846
0.111111,0.129019,3.216667,29.031573,2.186583,54.000000,0.762846
0.111111,0.008130,1.888889,30.000000,1.611111,9.000000,0.653846
0.111111,0.129019,3.216667,29.031573,2.186583,54.000000,0.762846
0.050000,0.068545,4.125000,28.309404,1.694737,20.000000,0.804878
0.050000,0.129019,3.216667,29.031573,2.186583,54.000000,0.762846
0.050000,0.129019,3.216667,29.031573,2.186583,54.000000,0.762846
0.050000,0.068545,4.125000,28.309404,1.694737,20.000000,0.804878
0.090909,0.381103,1.666667,27.272727,1.600000,11.000000,0.625000
0.090909,0.105290,2.305556,30.000000,2.467742,32.000000,0.697479
0.090909,1.000000,2.305556,30.000000,2.467742,32.000000,0.697479
0.090909,0.381103,1.666667,27.272727,1.600000,11.000000,0.625000
0.200000,0.345654,4.166667,28.421743,1.600000,11.000000,0.806452
0.266667,0.871557,3.400000,0.414583,1.530303,12.000000,0.772727
0.166667,0.950483,4.000000,0.730625,1.743590,27.000000,0.800000
0.250000,0.712329,4.000000,7.721311,1.333333,4.000000,0.800000
0.166667,0.566203,4.250000,3.304210,1.955882,17.000000,0.809524
0.166667,0.114352,3.136364,3.283674,1.731579,20.000000,0.758242
0.142857,0.568649,6.482759,9.027196,2.117409,39.000000,0.866359
0.111111,0.838938,5.500000,5.895527,1.416667,9.000000,0.846154
0.111111,0.729386,8.047619,6.038847,2.047059,35.000000,0.889474
0.142857,0.675714,6.482759,9.027196,2.117409,39.000000,0.866359
0.166667,0.404426,5.050000,6.523773,2.452381,36.000000,0.834711
0.166667,0.163945,3.250000,9.036901,1.712121,12.000000,0.764706
0.166667,0.646118,2.444444,8.018325,1.416667,9.000000,0.709677
0.090909,0.507902,3.950000,9.046223,2.002646,28.000000,0.797980
0.083333,0.813889,5.050000,6.523773,2.452381,36.000000,0.834711
0.083333,0.076923,2.454545,8.097071,1.651515,12.000000,0.710526
0.090909,0.606469,3.950000,9.046223,2.002646,28.000000,0.797980
0.100000,0.053957,2.333333,4.398491,1.533333,10.000000,0.700000
0.100000,0.406890,3.866667,5.539941,2.021739,24.000000,0.794521
0.166667,0.906591,2.000000,9.657768,1.333333,6.000000,0.666667
0.166667,0.499197,2.428571,3.282830,1.622222,10.000000,0.708333
0.083333,0.126354,2.363636,11.057371,1.712121,12.000000,0.702703
0.083333,0.188275,2.727273,5.523909,1.747253,14.000000,0.731707
0.181818,0.967362,2.888889,10.144312,1.712121,12.000000,0.742857
0.062500,0.752019,2.533333,7.296479,1.816667,16.000000,0.716981
0.062500,0.170290,3.230769,8.738101,1.650000,16.000000,0.763636
0.066667,0.752019,2.533333,7.296479,1.816667,16.000000,0.716981
0.066667,0.052632,3.750000,15.456483,2.066667,15.000000,0.789474
0.066667,0.752019,2.533333,7.296479,1.816667,16.000000,0.716981
0.066667,0.076923,3.750000,15.456483,2.066667,15.000000,0.789474
0.076923,0.403500,3.222222,12.920701,1.743590,13.000000,0.763158
0.076923,0.752019,2.533333,7.296479,1.816667,16.000000,0.716981
0.250000,0.336970,2.250000,11.239013,1.651515,12.000000,0.692308
0.066667,0.018182,3.750000,15.456483,2.066667,15.000000,0.789474
0.066667,0.752019,2.533333,7.296479,1.816667,16.000000,0.716981
0.250000,0.225442,4.000000,4.954204,1.333333,4.000000,0.800000
0.250000,0.005135,1.571429,14.892729,1.819048,15.000000,0.611111
0.166667,0.081351,2.750000,7.685516,1.637363,14.000000,0.733333
0.166667,0.081351,2.750000,7.685516,1.637363,14.000000,0.733333
0.142857,0.331334,2.363636,7.855107,1.813187,14.000000,0.702703
0.142857,0.211352,3.083333,21.386835,1.714286,15.000000,0.755102
0.200000,0.113662,1.458333,16.064450,1.866667,16.000000,0.593220
0.142857,0.331334,2.363636,7.855107,1.813187,14.000000,0.702703
0.142857,0.143656,3.083333,21.386835,1.714286,15.000000,0.755102
0.142857,0.331334,2.363636,7.855107,1.813187,14.000000,0.702703
0.142857,0.017262,3.083333,21.386835,1.714286,15.000000,0.755102
0.142857,0.028418,3.764706,10.550165,1.956522,23.000000,0.790123
0.100000,0.549429,2.333333,4.398491,1.533333,10.000000,0.700000
0.100000,0.950843,8.047619,6.038847,2.047059,35.000000,0.889474
0.038462,0.060350,2.961538,10.045103,1.870769,26.000000,0.747573
0.038462,0.340561,2.257143,20.835718,1.944444,28.000000,0.692982
0.038462,0.350906,2.257143,20.835718,1.944444,28.000000,0.692982
0.038462,0.060350,2.961538,10.045103,1.870769,26.000000,0.747573
0.100000,0.549429,2.333333,4.398491,1.533333,10.000000,0.700000
0.100000,0.893423,8.047619,6.038847,2.047059,35.000000,0.889474
0.055556,0.060350,2.961538,10.045103,1.870769,26.000000,0.747573
0.055556,0.276384,1.535714,12.673155,1.718954,18.000000,0.605634
0.083333,0.889919,3.250000,12.212940,1.712121,12.000000,0.764706
0.166667,0.483258,2.666667,8.534240,1.555556,9.000000,0.727273
0.166667,0.357579,1.416667,7.980874,1.428571,8.000000,0.586207
0.200000,0.808653,2.000000,9.162070,1.813187,14.000000,0.666667
0.111111,0.058824,1.821429,22.886308,1.866667,21.000000,0.645570
0.111111,0.111138,2.562500,10.318705,1.830065,18.000000,0.719298
0.142857,0.007506,1.760870,21.055969,1.824615,26.000000,0.637795
0.090909,0.602808,2.727273,5.523909,1.747253,14.000000,0.731707
0.090909,0.423525,3.666667,9.247244,1.654545,11.000000,0.785714
0.250000,0.616703,2.750000,7.685516,1.637363,14.000000,0.733333
0.250000,0.541211,2.523810,10.131470,1.752632,20.000000,0.716216
0.250000,1.000000,4.000000,7.039070,1.333333,4.000000,0.800000
0.066667,1.000000,3.750000,15.456483,2.066667,15.000000,0.789474
0.066667,0.423694,3.230769,8.738101,1.650000,16.000000,0.763636
0.111111,0.116279,1.821429,22.886308,1.866667,21.000000,0.645570
0.111111,0.111138,2.562500,10.318705,1.830065,18.000000,0.719298
0.142857,0.017243,1.760870,21.055969,1.824615,26.000000,0.637795
0.111111,0.102041,1.821429,22.886308,1.866667,21.000000,0.645570
0.111111,0.111138,2.562500,10.318705,1.830065,18.000000,0.719298
0.090909,0.602808,2.727273,5.523909,1.747253,14.000000,0.731707
0.090909,1.000000,3.666667,9.247244,1.654545,11.000000,0.785714
0.142857,0.200000,2.285714,11.413264,1.238095,7.000000,0.695652
0.142857,0.038881,2.315789,21.606480,1.784314,18.000000,0.698413
0.050000,0.084183,2.971429,12.682586,1.806878,28.000000,0.748201
0.142857,0.089914,2.315789,21.606480,1.784314,18.000000,0.698413
0.050000,0.036844,1.693878,21.696660,1.723333,25.000000,0.628788
0.050000,0.041984,1.693878,21.696660,1.723333,25.000000,0.628788
0.142857,0.178627,2.315789,21.606480,1.784314,18.000000,0.698413
0.200000,0.386386,1.416667,11.061746,1.755556,10.000000,0.586207
0.200000,0.115795,2.971429,11.918037,1.806878,28.000000,0.748201
0.142857,0.693523,1.500000,11.318490,1.583333,9.000000,0.600000
0.142857,0.272438,1.875000,10.812372,1.285714,7.000000,0.652174
0.111111,0.453149,2.000000,15.106339,1.611111,9.000000,0.666667
0.111111,0.124414,2.290323,26.197712,1.920000,26.000000,0.696078
0.111111,0.453149,2.000000,15.106339,1.611111,9.000000,0.666667
0.111111,0.124350,2.290323,26.197712,1.920000,26.000000,0.696078
0.250000,0.000482,3.078947,12.532820,1.811494,30.000000,0.754839
0.111111,0.453149,2.000000,15.106339,1.611111,9.000000,0.666667
0.111111,0.118526,2.290323,26.197712,1.920000,26.000000,0.696078
0.090909,0.014493,2.222222,15.704597,1.636364,11.000000,0.689655
0.040000,0.292460,1.689655,21.722890,1.857471,30.000000,0.628205
0.066667,0.062090,1.407407,14.807084,1.742857,15.000000,0.584615
0.040000,0.311671,1.689655,21.722890,1.857471,30.000000,0.628205
0.040000,0.292460,1.689655,21.722890,1.857471,30.000000,0.628205
0.090909,0.014493,2.222222,15.704597,1.636364,11.000000,0.689655
0.040000,0.292460,1.689655,21.722890,1.857471,30.000000,0.628205
0.066667,0.062090,1.407407,14.807084,1.742857,15.000000,0.584615
0.040000,0.311671,1.689655,21.722890,1.857471,30.000000,0.628205
0.040000,0.311671,1.689655,21.722890,1.857471,30.000000,0.628205
0.090909,0.014493,2.222222,15.704597,1.636364,11.000000,0.689655
0.066667,0.062090,1.407407,14.807084,1.742857,15.000000,0.584615
0.055556,0.236249,1.689655,21.722890,1.857471,30.000000,0.628205
0.055556,0.219178,1.689655,21.722890,1.857471,30.000000,0.628205
0.166667,0.703008,2.321429,8.523095,1.945652,24.000000,0.698925
0.142857,0.143038,1.625000,12.113682,1.500000,13.000000,0.619048
0.071429,0.422373,1.518519,13.912843,1.615385,14.000000,0.602941
0.071429,0.007885,1.583333,16.102095,1.681319,14.000000,0.612903
0.071429,0.531513,1.461538,16.788829,1.681319,14.000000,0.593750
0.071429,0.426678,2.711111,17.735715,1.751232,29.000000,0.730539
0.076923,0.007889,2.176471,12.941420,1.589744,13.000000,0.685185
0.076923,0.160494,1.407407,14.807084,1.742857,15.000000,0.584615
0.100000,0.264537,1.923077,14.201193,1.488889,10.000000,0.657895
0.100000,0.261021,1.597015,20.909737,1.937611,34.000000,0.614943
0.100000,0.264537,1.923077,14.201193,1.488889,10.000000,0.657895
0.100000,0.287257,1.597015,20.909737,1.937611,34.000000,0.614943
0.166667,0.287750,3.333333,9.569751,1.333333,6.000000,0.769231
0.166667,0.290150,2.142857,15.468244,2.009524,15.000000,0.681818
0.071429,0.230380,1.583333,16.842737,1.742857,15.000000,0.612903
0.071429,0.290150,2.142857,15.468244,2.009524,15.000000,0.681818
0.090909,0.711067,2.222222,16.421449,1.636364,11.000000,0.689655
0.090909,0.290150,2.142857,15.468244,2.009524,15.000000,0.681818
0.083333,0.514776,1.518519,13.912843,1.615385,14.000000,0.602941
0.083333,0.290150,2.142857,15.468244,2.009524,15.000000,0.681818
0.181818,0.413383,3.133333,12.309171,1.733333,25.000000,0.758065
0.142857,0.329944,3.250000,9.141883,1.428571,7.000000,0.764706
0.142857,0.673800,3.200000,14.049735,1.428571,8.000000,0.761905
0.142857,0.137242,1.652778,21.461218,1.925397,36.000000,0.623037
0.142857,0.149513,1.652778,21.461218,1.925397,36.000000,0.623037
0.100000,0.006918,1.752688,27.402905,1.991304,46.000000,0.636719
0.100000,0.010696,1.752688,27.402905,1.991304,46.000000,0.636719
0.071429,0.040328,1.739130,27.186817,1.953488,44.000000,0.634921
0.100000,0.315390,1.909091,5.739246,1.622222,10.000000,0.656250
0.071429,0.043277,1.739130,27.186817,1.953488,44.000000,0.634921
0.250000,0.179363,3.000000,11.851723,1.000000,4.000000,0.750000
0.047619,0.584048,2.827586,12.708106,1.723320,23.000000,0.738739
0.125000,0.117647,3.333333,10.551068,1.285714,8.000000,0.769231
0.250000,0.179363,3.000000,11.851723,1.000000,4.000000,0.750000
0.047619,0.584048,2.827586,12.708106,1.723320,23.000000,0.738739
0.086957,0.004888,2.800000,19.543448,1.500000,13.000000,0.736842
0.125000,0.117647,3.333333,10.551068,1.285714,8.000000,0.769231
0.066667,0.280505,1.750000,20.242901,1.704762,15.000000,0.636364
0.062500,0.251766,1.428571,22.265025,1.783333,16.000000,0.588235
0.062500,0.251766,1.428571,22.265025,1.783333,16.000000,0.588235
0.086957,0.004888,2.800000,19.543448,1.500000,13.000000,0.736842
0.066667,0.280505,1.750000,20.242901,1.704762,15.000000,0.636364
0.055556,0.776105,1.092308,16.079317,1.818182,23.000000,0.522059
0.055556,0.190723,1.812500,19.082176,1.725490,18.000000,0.644444
0.066667,0.019891,1.750000,20.242901,1.704762,15.000000,0.636364
0.066667,0.164258,3.431373,18.310002,1.970310,39.000000,0.774336
0.083333,0.110246,3.400000,14.429488,1.484848,12.000000,0.772727
0.083333,0.030303,2.818182,10.127595,1.606061,12.000000,0.738095
0.125000,0.014493,5.333333,14.047429,1.428571,8.000000,0.842105
0.066667,0.038993,1.481481,21.473728,1.783333,16.000000,0.597015
0.066667,0.019891,1.750000,20.242901,1.704762,15.000000,0.636364
0.055556,0.338751,1.093023,23.863331,1.830065,18.000000,0.522222
0.250000,0.125000,2.818182,9.276166,1.606061,12.000000,0.738095
0.066667,0.240190,1.520000,17.438336,1.742857,15.000000,0.603175
0.066667,0.470320,2.711111,17.735715,1.751232,29.000000,0.730539
0.250000,0.043952,3.500000,20.859400,1.575758,12.000000,0.777778
0.153846,0.582738,1.705882,21.807945,1.628205,13.000000,0.630435
0.153846,0.508295,1.093023,23.863331,1.830065,18.000000,0.522222
0.111111,0.909528,3.500000,20.873466,2.063768,46.000000,0.777778
0.111111,0.139101,2.625000,14.744079,1.444444,9.000000,0.724138
0.083333,0.013699,2.833333,17.284749,1.484848,12.000000,0.739130
0.076923,0.078302,1.777778,12.296952,1.666667,13.000000,0.640000
0.076923,0.005519,3.333333,14.270212,1.666667,13.000000,0.769231
0.111111,0.606632,1.909091,13.910618,1.444444,9.000000,0.656250
0.111111,0.020981,2.636364,15.397949,1.509091,11.000000,0.725000
0.125000,0.554799,1.092308,16.079317,1.818182,23.000000,0.522059
0.125000,0.294103,4.000000,15.194718,1.500000,8.000000,0.800000
0.055556,0.445779,3.142857,18.447870,1.803922,18.000000,0.758621
0.055556,0.647723,1.152778,15.704381,1.937322,27.000000,0.535484
0.166667,0.025641,5.000000,14.710733,1.333333,6.000000,0.833333
0.166667,0.716136,2.076923,16.524786,1.923077,14.000000,0.675000
0.083333,0.124122,2.857143,13.297468,1.647619,15.000000,0.740741
0.083333,0.334664,2.500000,18.416353,1.859649,19.000000,0.714286
0.083333,0.764071,1.761905,18.343951,1.564103,13.000000,0.637931
0.142857,0.770188,4.166667,20.302917,1.545455,11.000000,0.806452
0.142857,0.900873,1.333333,15.595568,1.472222,9.000000,0.571429
0.142857,0.654890,1.875000,10.664865,1.285714,7.000000,0.652174
0.142857,0.157284,1.135135,22.432111,1.824561,19.000000,0.531646
0.062500,0.559694,1.857143,19.897115,1.675000,16.000000,0.650000
0.052632,0.052749,1.857143,22.553161,1.935065,22.000000,0.650000
0.052632,0.157284,1.135135,22.432111,1.824561,19.000000,0.531646
0.083333,0.141818,2.000000,22.122555,1.935065,22.000000,0.666667
0.200000,0.128461,3.444444,15.450196,1.769231,14.000000,0.775000
0.200000,0.042553,3.500000,25.768676,1.300000,5.000000,0.777778
0.200000,0.157895,3.000000,6.801821,1.400000,5.000000,0.750000
0.062500,0.027778,2.571429,17.847087,1.916667,16.000000,0.720000
0.062500,1.000000,1.681818,11.353345,1.741667,16.000000,0.627119
0.166667,0.372049,2.142857,24.970867,1.628571,15.000000,0.681818
0.166667,0.584177,2.000000,17.226335,1.533333,6.000000,0.666667
0.166667,0.367126,2.000000,22.824156,1.538462,14.000000,0.666667
0.166667,0.059160,1.857143,19.381656,1.675000,16.000000,0.650000
0.200000,0.459459,3.000000,12.022825,1.400000,5.000000,0.750000
0.200000,1.000000,4.000000,12.338156,1.944444,9.000000,0.800000
0.250000,0.332195,1.872727,9.556732,1.991087,34.000000,0.651899
0.200000,0.268803,3.500000,26.754076,1.300000,5.000000,0.777778
0.222222,0.802346,4.500000,18.001088,1.666667,7.000000,0.818182
0.100000,0.595066,0.950000,17.114209,1.711111,10.000000,0.487179
0.090909,0.851933,3.142857,15.492303,1.763636,11.000000,0.758621
0.041667,0.492179,5.300000,20.559302,2.463768,24.000000,0.841270
0.041667,0.000435,3.133333,16.389926,2.086022,31.000000,0.758065
0.200000,0.207718,1.600000,13.978544,1.466667,6.000000,0.615385
0.200000,0.037037,2.333333,12.353511,1.300000,5.000000,0.700000
0.142857,0.250000,2.000000,13.483673,1.555556,9.000000,0.666667
0.166667,0.640421,2.583333,21.811404,1.769231,14.000000,0.720930
0.125000,0.072285,1.333333,21.129947,1.736264,14.000000,0.571429
0.111111,0.207317,2.400000,21.555249,1.777778,9.000000,0.705882
0.111111,0.261672,1.978261,18.881995,1.958128,29.000000,0.664234
0.125000,0.327431,5.750000,16.794130,1.803030,12.000000,0.851852
0.125000,0.018477,1.416667,17.358746,1.883333,16.000000,0.586207
0.125000,0.698001,1.555556,16.444400,1.611111,9.000000,0.608696
0.125000,0.207829,2.400000,14.375927,1.678571,8.000000,0.705882
0.200000,0.043478,2.333333,17.362072,1.300000,5.000000,0.700000
0.200000,0.698001,1.555556,16.444400,1.611111,9.000000,0.608696
0.166667,1.000000,2.571429,11.683496,1.555556,9.000000,0.720000
0.142857,0.312171,2.250000,22.033781,1.795322,19.000000,0.692308
0.142857,0.312171,2.250000,22.033781,1.795322,19.000000,0.692308
0.200000,0.040484,2.666667,28.003625,1.466667,6.000000,0.727273
0.200000,0.788642,6.000000,18.909288,1.400000,5.000000,0.857143
0.200000,1.000000,1.750000,19.379023,1.300000,5.000000,0.636364
0.200000,0.308115,2.666667,22.757403,1.466667,6.000000,0.727273
0.090909,0.054999,2.666667,20.905354,1.963218,30.000000,0.727273
0.142857,0.085714,1.666667,17.255813,1.285714,7.000000,0.625000
0.200000,0.108706,2.666667,18.060114,2.059379,39.000000,0.727273
0.250000,0.683863,4.000000,6.517727,1.333333,4.000000,0.800000
0.052632,0.155429,1.953125,20.497961,1.850420,35.000000,0.661376
0.052632,0.748514,1.393939,11.717787,1.830409,19.000000,0.582278
0.200000,0.748514,1.393939,11.717787,1.830409,19.000000,0.582278
0.166667,0.748514,1.393939,11.717787,1.830409,19.000000,0.582278
0.166667,0.021978,3.000000,20.939545,1.200000,6.000000,0.750000
0.250000,0.163636,2.500000,18.918446,1.166667,4.000000,0.714286
0.200000,0.325503,2.666667,23.118012,1.238095,7.000000,0.727273
0.250000,0.627745,1.960784,19.191166,1.820690,30.000000,0.662252
0.027778,0.040971,2.954545,24.562161,1.973016,36.000000,0.747126
0.027778,0.219807,2.163043,16.603937,2.214912,57.000000,0.683849
0.100000,0.700320,2.857143,18.949600,1.622222,10.000000,0.740741
0.100000,0.808194,1.741935,21.976880,1.854839,32.000000,0.635294
0.125000,0.142307,1.676471,20.572853,1.913420,22.000000,0.626374
0.125000,0.379502,3.100000,20.296399,1.602564,13.000000,0.756098
0.125000,0.042909,1.555556,19.488801,1.500000,8.000000,0.608696
0.125000,0.017857,2.000000,23.486413,1.500000,8.000000,0.666667
0.200000,0.177520,2.333333,15.821535,1.300000,5.000000,0.700000
0.200000,0.565094,2.400000,12.785328,1.678571,8.000000,0.705882
0.076923,0.602308,1.500000,21.642121,1.846154,13.000000,0.600000
0.076923,0.114364,1.518519,21.031325,1.801471,17.000000,0.602941
0.027027,0.163028,2.911111,24.466868,1.983483,37.000000,0.744318
0.027027,0.173013,2.215054,17.146364,2.196742,57.000000,0.688963
0.166667,0.118451,2.681818,20.477170,1.978610,34.000000,0.728395
0.166667,0.491263,2.666667,23.118012,1.238095,7.000000,0.727273
0.076923,0.163358,3.000000,23.866934,1.628571,15.000000,0.750000
0.076923,0.930589,1.500000,21.642121,1.846154,13.000000,0.600000
0.076923,0.141268,3.000000,23.866934,1.628571,15.000000,0.750000
0.076923,0.930589,1.500000,21.642121,1.846154,13.000000,0.600000
0.285714,0.026336,2.037736,18.224584,2.215819,60.000000,0.670807
0.166667,0.591515,2.000000,25.104625,1.466667,6.000000,0.666667
0.142857,0.382963,1.218750,23.294295,1.882353,17.000000,0.549296
0.090909,0.064566,3.644068,18.721159,2.070890,52.000000,0.784672
0.090909,0.786066,1.600000,12.462245,1.563636,11.000000,0.615385
0.200000,0.106899,1.692308,21.506583,2.231061,33.000000,0.628571
0.100000,0.333510,2.125000,15.082112,1.755556,10.000000,0.680000
0.100000,0.486709,1.518519,21.031325,1.801471,17.000000,0.602941
0.090909,0.263630,1.727273,20.525225,1.654545,11.000000,0.633333
0.090909,0.133954,3.000000,18.617124,1.890110,14.000000,0.750000
0.100000,0.052234,3.373134,21.570539,2.101010,55.000000,0.771331
0.200000,0.042602,1.773585,22.097570,2.222816,34.000000,0.639456
0.200000,0.496335,1.727273,20.525225,1.654545,11.000000,0.633333
0.250000,0.106504,2.886792,24.796867,1.969231,40.000000,0.742718
0.100000,0.004410,1.366667,25.284712,1.691667,16.000000,0.577465
0.083333,0.208338,2.416667,20.997137,1.636364,12.000000,0.707317
0.083333,0.022151,1.474576,23.342757,1.894180,28.000000,0.595890
0.111111,0.058065,2.833333,22.823209,1.527778,9.000000,0.739130
0.111111,0.065915,4.000000,18.378645,1.980000,25.000000,0.800000
0.142857,0.017836,3.219178,22.711279,2.091558,56.000000,0.762987
0.166667,0.006963,3.467742,20.135666,2.070890,52.000000,0.776173
0.166667,0.165057,2.888889,24.836996,1.973016,36.000000,0.742857
0.166667,0.145631,2.200000,14.468644,1.266667,6.000000,0.687500
0.166667,0.068691,3.706897,18.224857,2.070890,52.000000,0.787546
0.066667,0.153135,1.830508,13.388227,1.957219,34.000000,0.646707
0.066667,0.835802,1.684211,22.777289,1.847619,15.000000,0.627451
0.166667,0.399979,3.100000,16.155015,1.769231,14.000000,0.756098
0.222222,0.127211,2.583333,12.552169,1.606061,12.000000,0.720930
0.222222,0.420195,3.111111,14.744680,1.621212,12.000000,0.756757
0.026316,0.301940,2.037736,18.224584,2.215819,60.000000,0.670807
0.026316,0.100187,3.204545,23.908843,1.971550,38.000000,0.762162
0.062500,0.004305,2.901961,25.203805,1.973009,39.000000,0.743719
0.111111,0.020833,1.666667,20.471984,1.648352,14.000000,0.625000
0.250000,0.362793,2.053571,18.661044,2.201481,62.000000,0.672515
0.200000,0.380443,2.083333,21.024778,2.211538,65.000000,0.675676
0.111111,0.020833,1.666667,20.471984,1.648352,14.000000,0.625000
0.111111,0.576944,1.700000,25.976025,1.527778,9.000000,0.629630
0.111111,0.049170,2.862069,25.596807,1.900000,41.000000,0.741071
0.027027,0.275956,1.937063,21.784993,2.233400,71.000000,0.659524
0.027027,0.011364,2.870370,26.494649,1.767267,37.000000,0.741627
0.250000,0.420390,1.666667,10.017308,1.621212,12.000000,0.625000
0.250000,1.000000,1.600000,28.053431,1.200000,5.000000,0.615385
0.111111,0.996575,2.000000,23.571722,1.777778,9.000000,0.666667
0.111111,0.688138,2.000000,19.841378,1.967742,31.000000,0.666667
0.055556,0.850179,2.728571,19.457496,2.138763,52.000000,0.731801
0.055556,0.337143,3.000000,27.181183,1.647059,18.000000,0.750000
0.200000,1.000000,3.000000,18.070891,1.400000,5.000000,0.750000
0.200000,0.793136,2.067797,20.930495,2.205853,64.000000,0.674033
0.055556,0.352809,3.000000,27.181183,1.647059,18.000000,0.750000
0.055556,0.850179,2.728571,19.457496,2.138763,52.000000,0.731801
0.166667,0.456991,1.714286,24.781947,1.200000,6.000000,0.631579
0.062500,0.239563,1.773585,22.097570,2.222816,34.000000,0.639456
0.166667,0.005102,3.160494,23.562803,2.053842,58.000000,0.759644
0.100000,0.886157,4.600000,28.269000,1.488889,10.000000,0.821429
0.111111,0.236267,2.428571,25.198906,1.527778,9.000000,0.708333
0.250000,0.594871,5.000000,23.768926,1.166667,4.000000,0.833333
0.166667,0.751870,2.607843,21.799307,2.171154,65.000000,0.722826
0.058824,0.067878,1.523810,25.455221,1.937634,31.000000,0.603774
0.076923,0.172414,1.529412,8.985028,1.666667,13.000000,0.604651
0.125000,0.769027,5.428571,12.919527,2.169312,28.000000,0.844444
0.125000,0.044248,2.250000,23.655996,1.392857,8.000000,0.692308
0.250000,0.343750,3.000000,14.461880,1.000000,4.000000,0.750000
0.250000,1.000000,1.772727,12.796213,1.761905,15.000000,0.639344
0.111111,0.016013,2.426829,23.405646,2.045490,51.000000,0.708185
0.055556,0.378217,1.342105,22.922843,1.789474,19.000000,0.573034
0.055556,0.268949,2.750000,24.430589,1.928105,18.000000,0.733333
0.200000,1.000000,1.750000,10.935047,1.300000,5.000000,0.636364
0.142857,0.876620,3.467742,20.135666,2.070890,52.000000,0.776173
0.125000,0.555681,1.705882,17.377113,1.560606,12.000000,0.630435
0.125000,0.844088,2.855422,22.563805,2.113128,58.000000,0.740625
0.166667,0.016949,1.666667,17.535438,1.333333,6.000000,0.625000
0.166667,0.114843,1.529412,18.844934,1.666667,13.000000,0.604651
0.111111,0.353702,1.900000,13.222881,1.472222,9.000000,0.655172
0.111111,0.913253,3.484211,23.750584,2.027137,67.000000,0.776995
0.200000,0.282239,1.529412,8.985028,1.666667,13.000000,0.604651
0.200000,0.962225,2.000000,10.054050,1.428571,7.000000,0.666667
0.200000,0.912097,3.404040,24.256029,2.023705,68.000000,0.772936
0.200000,0.038462,3.500000,17.261731,1.300000,5.000000,0.777778
0.200000,0.913253,3.484211,23.750584,2.027137,67.000000,0.776995
0.027027,0.230008,3.038462,23.986155,1.889339,39.000000,0.752381
0.027027,0.844088,2.855422,22.563805,2.113128,58.000000,0.740625
0.090909,0.308081,3.100000,20.681599,1.436364,11.000000,0.756098
0.090909,0.110650,2.341176,24.322611,2.045490,51.000000,0.700704
0.125000,0.274241,1.142857,18.791266,1.611111,9.000000,0.533333
0.166667,0.090002,3.071429,24.283497,1.855385,26.000000,0.754386
0.250000,0.151363,1.827586,25.266337,1.926316,20.000000,0.646341
0.038462,1.000000,1.674419,23.892230,1.947692,26.000000,0.626087
0.038462,0.067796,1.596491,28.798973,1.838624,28.000000,0.614865
0.058824,0.059690,3.909091,27.611413,1.860294,17.000000,0.796296
0.058824,1.000000,1.674419,23.892230,1.947692,26.000000,0.626087
0.250000,0.181408,1.827586,25.266337,1.926316,20.000000,0.646341
0.142857,0.537450,1.274510,20.736720,1.822134,23.000000,0.560345
0.142857,0.165075,2.833333,25.813799,1.190476,7.000000,0.739130
0.055556,0.037396,2.626667,24.764802,2.000850,49.000000,0.724265
0.111111,0.537450,1.274510,20.736720,1.822134,23.000000,0.560345
0.111111,0.038462,1.900000,27.499025,1.555556,9.000000,0.655172
0.200000,0.174603,2.333333,15.805959,1.533333,6.000000,0.700000
0.125000,0.877510,1.875000,14.006098,1.464286,8.000000,0.652174
0.100000,0.989932,21.000000,18.259662,1.711111,10.000000,0.954545
0.100000,0.086967,1.533333,22.755783,1.910769,26.000000,0.605263
0.250000,0.060870,5.000000,24.527098,1.166667,4.000000,0.833333
0.100000,0.129889,3.571429,24.681095,1.877493,27.000000,0.781250
0.100000,0.232888,1.900000,18.115370,1.577778,10.000000,0.655172
0.052632,0.092954,2.518072,25.064833,2.075472,54.000000,0.715753
0.166667,0.827774,1.714286,23.054973,1.200000,6.000000,0.631579
0.142857,0.793703,6.142857,23.799288,1.860294,17.000000,0.860000
0.142857,0.273695,3.400000,20.435191,1.190476,7.000000,0.772727
0.200000,0.565282,3.923077,27.572169,1.894737,19.000000,0.796875
0.142857,0.616725,2.222222,26.359545,1.644444,10.000000,0.689655
0.100000,0.578388,2.222222,25.328461,1.644444,10.000000,0.689655
0.100000,0.180930,2.333333,27.702517,1.533333,10.000000,0.700000
0.076923,0.255212,1.600000,21.231274,1.692308,13.000000,0.615385
0.111111,0.456309,1.600000,21.480580,1.555556,9.000000,0.615385
0.076923,0.747071,1.236842,27.183623,1.683824,17.000000,0.552941
0.076923,0.015318,1.380952,25.268764,1.894180,28.000000,0.580000
0.111111,0.172282,1.545455,23.388866,1.626374,14.000000,0.607143
0.142857,0.381824,2.272727,24.721619,1.679487,13.000000,0.694444
0.076923,0.706143,1.333333,21.619555,1.736264,14.000000,0.571429
0.076923,0.700187,1.363636,15.669943,1.653846,13.000000,0.576923
0.090909,0.173370,1.818182,22.914806,1.699605,23.000000,0.645161
0.200000,1.000000,1.800000,23.568869,1.400000,6.000000,0.642857
0.062500,0.653610,7.400000,20.758755,1.882353,17.000000,0.880952
0.062500,0.370518,1.391304,22.175589,1.927536,24.000000,0.581818
0.200000,0.148963,3.400000,21.412958,1.885714,21.000000,0.772727
0.200000,0.249876,2.666667,22.166733,1.200000,5.000000,0.727273
0.142857,0.012422,1.737500,24.267553,1.803030,33.000000,0.634703
0.142857,0.004525,3.000000,23.767571,1.638889,9.000000,0.750000
0.142857,0.176471,2.833333,28.159795,1.190476,7.000000,0.739130
0.142857,0.962078,1.857143,27.551496,1.380952,7.000000,0.650000
0.142857,0.841566,1.366667,24.941254,1.691667,16.000000,0.577465
0.066667,0.360202,1.631579,21.210949,1.828571,15.000000,0.620000
0.250000,0.063868,2.172727,24.169408,2.180060,64.000000,0.684814
0.083333,0.508341,2.285714,21.142465,1.929825,19.000000,0.695652
0.083333,0.198434,1.857143,28.750697,1.690476,21.000000,0.650000
0.083333,0.170810,1.857143,28.750697,1.690476,21.000000,0.650000
0.250000,0.084024,2.162162,27.158537,1.903333,25.000000,0.683761
0.250000,0.084024,2.162162,27.158537,1.903333,25.000000,0.683761
0.032258,0.445691,1.445946,27.643542,1.834409,31.000000,0.591160
0.032258,0.030762,2.312500,24.852893,1.772727,33.000000,0.698113
0.032258,0.445691,1.445946,27.643542,1.834409,31.000000,0.591160
0.032258,0.105943,2.605263,26.306237,1.881048,32.000000,0.722628
0.250000,0.940567,2.375000,26.057328,1.555556,9.000000,0.703704
0.047619,0.037037,2.678571,24.128693,1.886040,27.000000,0.728155
0.047619,0.029608,1.564103,23.568862,1.890476,21.000000,0.610000
0.066667,0.370809,1.818182,19.850728,1.816993,18.000000,0.645161
0.066667,0.027085,1.357143,17.403530,1.676190,15.000000,0.575758
0.272727,0.529222,1.833333,23.189633,1.476190,7.000000,0.647059
0.272727,0.065078,1.588235,23.267753,1.842105,19.000000,0.613636
0.250000,0.116883,5.000000,28.085188,1.166667,4.000000,0.833333
0.142857,0.215686,7.000000,24.308694,1.812865,19.000000,0.875000
0.142857,0.421032,2.315789,23.923678,1.538462,14.000000,0.698413
0.071429,0.077383,2.150000,26.593069,1.527473,14.000000,0.682540
0.076923,0.077148,3.115385,26.742456,1.870370,28.000000,0.757009
0.076923,0.114386,2.282609,25.491545,2.091582,55.000000,0.695364
0.047619,0.096319,1.696970,28.281338,1.952381,21.000000,0.629213
0.035714,0.125211,3.240000,26.567354,1.870370,28.000000,0.764151
0.090909,0.072727,1.533333,21.517037,1.581818,11.000000,0.605263
0.052632,0.078491,2.206897,29.233393,1.663158,20.000000,0.688172
0.052632,0.062261,2.400000,19.076597,1.929825,19.000000,0.705882
0.052632,0.101211,2.206897,29.233393,1.663158,20.000000,0.688172
0.052632,0.062261,2.400000,19.076597,1.929825,19.000000,0.705882
0.142857,0.130820,2.764706,20.135795,2.010526,20.000000,0.734375
0.142857,0.162871,2.000000,22.509110,1.619048,7.000000,0.666667
0.166667,0.004049,2.250000,24.144012,1.843137,18.000000,0.692308
0.166667,0.030675,1.900000,26.093703,1.577778,10.000000,0.655172
0.250000,0.917416,3.842105,21.756579,1.810277,23.000000,0.793478
0.250000,0.822894,1.882353,28.035193,1.695238,15.000000,0.653061
0.100000,0.811996,1.727273,24.184160,1.577778,10.000000,0.633333
0.100000,0.596709,2.368421,22.545348,1.843137,18.000000,0.703125
0.076923,0.985215,3.800000,25.531836,2.304843,27.000000,0.791667
0.041667,0.387385,1.763158,26.025165,1.992754,24.000000,0.638095
0.041667,0.328140,2.095238,26.874521,1.873846,26.000000,0.676923
0.066667,0.254042,2.204545,27.696925,1.910053,28.000000,0.687943
0.076923,0.974233,3.800000,25.531836,2.304843,27.000000,0.791667
0.066667,0.460792,1.700000,25.880349,2.030000,25.000000,0.629630
0.041667,0.387385,1.763158,26.025165,1.992754,24.000000,0.638095
0.041667,0.328140,2.095238,26.874521,1.873846,26.000000,0.676923
0.066667,0.254042,2.204545,27.696925,1.910053,28.000000,0.687943
0.142857,0.299693,2.523810,24.290470,1.784314,18.000000,0.716216
0.142857,0.585587,2.400000,29.082705,1.476190,7.000000,0.705882
0.062500,0.109108,2.097015,25.149176,2.190141,72.000000,0.677108
0.062500,0.286276,1.720000,25.134287,1.641667,16.000000,0.632353
0.100000,0.340416,1.653846,25.964084,1.641667,16.000000,0.623188
0.166667,0.334047,4.250000,18.737260,1.622222,10.000000,0.809524
0.083333,0.049645,1.523810,23.377869,1.681319,14.000000,0.603774
0.111111,0.366830,5.066667,13.569753,2.169312,28.000000,0.835165
0.111111,0.123106,2.600000,18.841653,1.638889,9.000000,0.722222
0.040000,0.742278,2.060606,25.129891,2.023333,25.000000,0.673267
0.040000,0.064892,2.464286,25.118935,2.033846,26.000000,0.711340
0.047619,0.230025,2.600000,21.653415,2.019048,21.000000,0.722222
0.047619,0.549055,2.090164,24.690106,2.192713,68.000000,0.676393
0.100000,0.668615,1.884956,25.879846,2.121554,57.000000,0.653374
0.047619,0.452870,2.064516,26.112153,1.809524,21.000000,0.673684
0.047619,0.550027,2.307692,25.240745,2.091582,55.000000,0.697674
0.058824,0.240078,1.418605,24.794545,1.890476,21.000000,0.586538
0.058824,0.906128,1.696970,28.281338,1.952381,21.000000,0.629213
0.090909,0.422179,2.420000,24.136658,2.169147,64.000000,0.707602
0.090909,0.017934,2.357143,25.856406,1.436364,11.000000,0.702128
0.047619,0.550027,2.307692,25.240745,2.091582,55.000000,0.697674
0.047619,0.379520,2.064516,26.112153,1.809524,21.000000,0.673684
0.250000,0.502564,2.228070,24.236262,2.181818,67.000000,0.690217
0.250000,0.917735,3.750000,22.370038,1.857708,23.000000,0.789474
0.142857,0.258979,1.833333,25.092531,1.476190,7.000000,0.647059
0.142857,0.874757,3.000000,26.228113,1.877493,27.000000,0.750000
0.142857,0.930065,6.000000,21.605407,1.836364,11.000000,0.857143
0.076923,0.068456,3.666667,21.692099,2.014706,17.000000,0.785714
0.250000,0.895859,2.760000,25.035725,1.900000,40.000000,0.734043
0.058824,0.537924,1.437500,21.768665,1.698529,17.000000,0.589744
0.058824,0.467050,1.840000,23.398615,1.801170,19.000000,0.647887
0.100000,0.485357,1.454545,23.150861,1.800000,10.000000,0.592593
0.058824,0.187768,1.789474,22.716111,1.895425,18.000000,0.641509
0.058824,1.000000,3.166667,13.889650,1.779412,17.000000,0.760000
0.058824,0.212650,1.454545,28.876954,1.837438,29.000000,0.592593
0.058824,0.350409,1.588235,23.267753,1.842105,19.000000,0.613636
0.111111,0.042105,3.000000,22.416946,1.694444,9.000000,0.750000
0.111111,0.515072,2.535714,25.781941,2.048433,27.000000,0.717172
0.200000,0.408173,4.000000,24.200000,1.200000,5.000000,0.800000
0.100000,0.160909,2.111111,24.718192,1.577778,10.000000,0.678571
0.100000,0.115965,2.933333,24.128601,1.638095,15.000000,0.745763
0.037037,0.496437,1.315789,24.811156,2.045584,27.000000,0.568182
0.037037,0.251277,2.419355,29.395060,1.886040,27.000000,0.707547
0.035714,0.156603,2.516129,28.444574,1.899471,28.000000,0.715596
0.035714,0.069063,1.754386,24.987430,2.546547,37.000000,0.636943
0.142857,0.149048,2.333333,27.769377,1.618182,11.000000,0.700000
0.200000,0.793900,3.666667,21.692099,2.014706,17.000000,0.785714
0.200000,0.295455,2.333333,27.751796,1.300000,5.000000,0.700000
0.111111,0.023744,2.375000,25.769405,2.031746,28.000000,0.703704
0.111111,0.304615,3.000000,24.641318,1.694444,9.000000,0.750000
0.031250,0.329572,1.407407,28.895596,1.830645,32.000000,0.584615
0.031250,0.201762,1.754386,24.987430,2.546547,37.000000,0.636943
0.037037,0.325868,1.407407,28.757078,1.830645,32.000000,0.584615
0.037037,0.585327,1.315789,24.811156,2.045584,27.000000,0.568182
0.166667,0.572665,1.315789,24.811156,2.045584,27.000000,0.568182
0.166667,0.179005,1.754386,24.987430,2.546547,37.000000,0.636943
0.052632,0.378394,3.714286,17.941914,1.773684,20.000000,0.787879
0.052632,0.311388,1.666667,25.957648,1.918129,19.000000,0.625000
0.125000,0.095890,1.727273,29.240277,1.321429,8.000000,0.633333
0.200000,0.881846,3.034483,28.750000,1.760870,24.000000,0.752137
0.090909,0.177934,2.400000,21.008221,1.636364,11.000000,0.705882
0.200000,0.881846,3.034483,28.750000,1.760870,24.000000,0.752137
0.090909,0.042254,2.941176,28.807395,1.633333,16.000000,0.746269
0.058824,0.842944,2.821429,28.343350,1.869565,24.000000,0.738318
0.058824,0.842944,2.821429,28.343350,1.869565,24.000000,0.738318
0.111111,0.492189,3.200000,26.163411,1.638889,9.000000,0.761905
0.111111,0.203796,1.433735,28.640205,1.831439,33.000000,0.589109
0.076923,0.265635,1.724138,26.222426,2.546547,37.000000,0.632911
0.076923,0.282258,1.724138,26.222426,2.546547,37.000000,0.632911
0.076923,0.162986,1.958333,22.180719,1.758170,18.000000,0.661972
0.142857,0.437482,2.166667,25.014102,1.380952,7.000000,0.684211
0.142857,0.046317,2.055556,26.554182,1.883333,25.000000,0.672727
0.142857,0.315844,1.526316,20.683584,1.628205,13.000000,0.604167
0.142857,0.023033,2.055556,26.554182,1.883333,25.000000,0.672727
0.142857,0.315844,1.526316,20.683584,1.628205,13.000000,0.604167
0.125000,0.166166,1.789474,22.716111,1.895425,18.000000,0.641509
0.125000,0.470520,1.857143,24.438229,1.535714,8.000000,0.650000
0.142857,0.906089,1.833333,24.028880,1.476190,7.000000,0.647059
0.066667,0.339160,1.478261,25.713236,1.714286,15.000000,0.596491
0.066667,0.004847,2.142857,15.498519,2.153409,33.000000,0.681818
0.200000,0.074286,1.750000,26.664639,1.300000,5.000000,0.636364
0.200000,0.175673,2.245283,21.652287,2.152381,36.000000,0.691860
0.200000,0.160494,1.750000,26.664639,1.300000,5.000000,0.636364
0.200000,0.175673,2.245283,21.652287,2.152381,36.000000,0.691860
0.166667,0.610086,1.321429,26.782241,1.733333,16.000000,0.569231
0.083333,0.082502,1.840000,22.071778,1.871345,19.000000,0.647887
0.083333,0.510280,4.600000,20.850045,1.893939,12.000000,0.821429
0.083333,0.827533,4.600000,20.850045,1.893939,12.000000,0.821429
0.083333,0.082502,1.840000,22.071778,1.871345,19.000000,0.647887
0.052632,0.082502,1.840000,22.071778,1.871345,19.000000,0.647887
0.052632,0.057430,2.657895,23.581111,2.282282,37.000000,0.726619
0.200000,0.059265,2.560000,24.496681,1.889328,23.000000,0.719101
0.090909,0.406846,2.000000,23.247152,1.672727,11.000000,0.666667
0.071429,0.132682,1.523810,25.928478,1.681319,14.000000,0.603774
0.066667,0.212054,3.000000,25.708189,1.657143,15.000000,0.750000
0.066667,0.890572,3.700000,20.822841,1.695238,15.000000,0.787234
0.076923,0.608327,1.428571,24.720817,1.714286,14.000000,0.588235
0.076923,0.890572,3.700000,20.822841,1.695238,15.000000,0.787234
0.083333,0.033532,1.545455,17.360275,1.500000,12.000000,0.607143
0.100000,0.574267,2.333333,22.131559,1.618182,11.000000,0.700000
0.076923,0.026316,1.588235,18.115121,1.705128,13.000000,0.613636
0.076923,0.283042,1.700000,27.174131,2.021739,24.000000,0.629630
0.083333,0.499691,1.272727,17.455273,1.857143,14.000000,0.560000
0.083333,0.769855,5.750000,14.699860,1.803030,12.000000,0.851852
0.142857,0.706991,3.590909,21.087050,1.866667,25.000000,0.782178
0.142857,0.731404,2.428571,25.198906,1.527778,9.000000,0.708333
0.200000,0.193979,2.176471,27.991010,1.756158,29.000000,0.685185
0.133333,0.066795,1.652174,23.774095,1.638095,15.000000,0.622951
0.111111,0.954637,1.600000,21.480580,1.555556,9.000000,0.615385
0.111111,0.270247,1.596491,28.798973,1.838624,28.000000,0.614865
0.166667,0.018785,3.125000,23.391619,2.268473,29.000000,0.757576
0.050000,0.102882,1.794118,26.664455,1.861660,23.000000,0.642105
0.050000,0.390369,2.307692,28.371670,1.721053,20.000000,0.697674
0.166667,0.157261,3.000000,28.817930,1.695238,15.000000,0.750000
0.166667,0.032064,3.125000,23.391619,2.268473,29.000000,0.757576
0.200000,0.045026,1.750000,26.489201,1.300000,5.000000,0.636364
0.200000,0.008197,4.400000,24.844548,1.511111,10.000000,0.814815
0.125000,0.576182,1.727273,13.919248,1.321429,8.000000,0.633333
0.125000,0.935881,1.818182,28.080045,1.285714,8.000000,0.645161
0.166667,0.466891,1.500000,28.857122,1.476190,7.000000,0.600000
0.166667,0.466891,1.500000,28.857122,1.476190,7.000000,0.600000
0.027027,0.000102,1.750000,28.164670,2.563298,42.000000,0.636364
0.034483,0.056565,3.125000,22.702654,2.268473,29.000000,0.757576
0.027027,0.110564,1.750000,28.164670,2.563298,42.000000,0.636364
0.100000,0.360529,2.300000,20.355036,1.488889,10.000000,0.696970
0.066667,0.074794,2.071429,19.221466,1.800000,15.000000,0.674419
0.076923,0.277229,1.588235,18.115121,1.705128,13.000000,0.613636
0.142857,0.274211,1.716216,28.120559,2.561311,44.000000,0.631841
0.142857,0.191066,1.716216,28.120559,2.561311,44.000000,0.631841
0.250000,0.108234,2.142857,25.891091,2.021538,26.000000,0.681818
0.066667,0.293887,1.764706,25.417979,2.021538,26.000000,0.638298
0.125000,0.674047,1.750000,22.234487,1.500000,8.000000,0.636364
0.071429,0.004115,1.625000,26.577812,1.714286,14.000000,0.619048
0.111111,1.000000,6.000000,27.976372,1.956667,25.000000,0.857143
0.083333,0.087427,1.545455,22.796895,1.500000,12.000000,0.607143
0.083333,0.393872,1.600000,26.802505,1.647059,17.000000,0.615385
0.076923,1.000000,1.588235,18.115121,1.705128,13.000000,0.613636
0.076923,0.110401,2.392857,26.325342,1.923913,24.000000,0.705263
0.250000,0.688889,4.000000,24.101160,1.333333,4.000000,0.800000
0.125000,0.255806,1.440000,25.311882,1.750000,16.000000,0.590164
0.090909,1.000000,1.285714,11.809632,1.781818,11.000000,0.562500
0.090909,0.343910,2.888889,28.079496,1.846154,14.000000,0.742857
0.125000,0.330905,1.666667,18.517791,1.464286,8.000000,0.625000
0.100000,0.583155,2.142857,23.361441,1.755556,10.000000,0.681818
0.200000,0.000000,2.500000,22.569841,1.500000,9.000000,0.714286
0.034483,0.176659,3.125000,22.702654,2.268473,29.000000,0.757576
0.034483,0.209909,2.634146,24.490944,2.268848,38.000000,0.724832
0.034483,0.380911,3.125000,22.702654,2.268473,29.000000,0.757576
0.034483,0.209909,2.634146,24.490944,2.268848,38.000000,0.724832
0.200000,0.039301,1.750000,30.000000,1.300000,5.000000,0.636364
0.200000,0.192308,1.750000,30.000000,1.300000,5.000000,0.636364
0.090909,0.620042,3.142857,28.877794,1.600000,11.000000,0.758621
0.090909,0.152257,2.500000,24.044481,1.705128,13.000000,0.714286
0.090909,0.230937,1.600000,26.106287,1.563636,11.000000,0.615385
0.200000,0.341659,2.333333,25.719468,1.300000,5.000000,0.700000
0.100000,0.148479,2.657895,21.518056,2.282282,37.000000,0.726619
0.100000,0.665949,3.600000,24.402535,1.733333,10.000000,0.782609
0.166667,0.139913,1.769231,28.553264,1.651515,12.000000,0.638889
0.125000,0.381917,1.794118,26.664455,1.861660,23.000000,0.642105
0.100000,0.008547,2.444444,26.075913,1.533333,10.000000,0.709677
0.125000,1.000000,1.625000,18.150660,1.535714,8.000000,0.619048
0.125000,0.841982,2.529412,18.283360,1.994152,19.000000,0.716667
0.142857,0.242811,1.382979,24.439331,1.885375,23.000000,0.580357
0.250000,0.027523,1.714286,25.384219,1.636364,12.000000,0.631579
0.250000,0.291178,2.136364,20.199359,1.961905,21.000000,0.681159
0.090909,1.000000,1.611111,19.914433,1.509091,11.000000,0.617021
0.090909,0.163213,1.480000,25.039551,1.758333,16.000000,0.596774
0.076923,0.688396,2.652174,28.867749,1.747619,21.000000,0.726190
0.076923,0.272788,2.307692,30.000000,1.628205,13.000000,0.697674
0.166667,0.058824,1.833333,17.235231,1.266667,6.000000,0.647059
0.166667,0.166548,2.500000,25.729300,1.916256,29.000000,0.714286
0.076923,0.205104,2.307692,30.000000,1.628205,13.000000,0.697674
0.076923,0.688396,2.652174,28.867749,1.747619,21.000000,0.726190
0.052632,0.066500,1.300000,26.351188,1.885375,23.000000,0.565217
0.100000,0.693491,5.800000,27.559965,1.743590,13.000000,0.852941
0.071429,0.404632,1.366667,27.700648,1.571429,14.000000,0.577465
0.111111,0.325362,2.750000,25.695741,1.388889,9.000000,0.733333
0.066667,0.561537,1.818182,22.455513,1.816993,18.000000,0.645161
0.066667,0.115047,1.696970,26.949044,1.731579,20.000000,0.629213
0.028571,0.037104,1.710145,27.881888,1.880672,35.000000,0.631016
0.028571,0.645314,2.742857,28.006918,2.265546,35.000000,0.732824
0.250000,0.359733,4.000000,22.246364,1.333333,4.000000,0.800000
0.250000,0.701552,1.714286,28.031741,2.581395,43.000000,0.631579
0.142857,0.492466,3.080000,27.717504,2.289655,30.000000,0.754902
0.028571,0.037104,1.710145,27.881888,1.880672,35.000000,0.631016
0.028571,0.575166,2.742857,28.006918,2.265546,35.000000,0.732824
0.250000,0.359733,4.000000,22.246364,1.333333,4.000000,0.800000
0.250000,0.598681,1.714286,28.031741,2.581395,43.000000,0.631579
0.142857,0.624012,3.080000,27.717504,2.289655,30.000000,0.754902
0.200000,0.354530,1.440000,25.311882,1.750000,16.000000,0.590164
0.142857,0.865493,1.714286,13.454102,1.428571,7.000000,0.631579
0.142857,0.020316,1.625000,27.363903,1.583333,16.000000,0.619048
0.062500,0.209672,2.485714,27.124361,1.883191,27.000000,0.713115
0.062500,0.690826,1.480000,23.442351,1.758333,16.000000,0.596774
0.111111,0.044494,1.285714,23.814165,1.555556,9.000000,0.562500
0.111111,0.608369,2.166667,27.713504,1.846154,27.000000,0.684211
0.090909,0.124373,1.586957,18.306384,2.047619,28.000000,0.613445
0.200000,0.134052,1.888889,25.689724,1.560606,12.000000,0.653846
0.111111,0.185866,2.600000,27.090903,1.884236,29.000000,0.722222
0.166667,0.000000,7.714286,25.252277,1.523810,15.000000,0.885246
0.100000,0.334535,2.048780,21.810118,1.849206,28.000000,0.672000
0.100000,0.760735,2.142857,23.361441,1.755556,10.000000,0.681818
0.055556,0.455035,1.480000,26.180031,1.727273,23.000000,0.596774
0.055556,0.000000,3.062500,24.108230,1.816993,18.000000,0.753846
0.062500,0.353237,1.541667,23.836269,1.727273,23.000000,0.606557
0.062500,0.001401,1.625000,27.739561,1.583333,16.000000,0.619048
0.052632,0.661040,3.275862,28.140142,2.245989,34.000000,0.766129
0.052632,0.680989,3.275862,28.140142,2.245989,34.000000,0.766129
0.052632,0.042510,1.916667,26.457618,1.940887,29.000000,0.657143
0.142857,0.495734,2.125000,27.153758,1.846667,25.000000,0.680000
0.250000,0.549124,2.500000,23.689043,1.166667,4.000000,0.714286
0.100000,0.526493,1.425926,17.966808,1.811966,27.000000,0.587786
0.100000,0.254972,1.769231,19.964809,1.488889,10.000000,0.638889
0.090909,0.334463,1.966667,25.286417,1.689474,20.000000,0.662921
0.090909,0.234269,2.096774,27.328276,1.874459,22.000000,0.677083
0.090909,0.036417,2.142857,24.222289,1.454545,11.000000,0.681818
0.066667,0.230915,2.631579,29.864399,1.633333,16.000000,0.724638
0.090909,0.181575,1.857143,25.300923,1.527273,11.000000,0.650000
0.090909,0.464353,2.952381,25.251185,1.928571,21.000000,0.746988
0.100000,0.023865,1.909091,26.783353,1.944086,31.000000,0.656250
0.100000,0.776374,2.666667,21.659745,1.777778,10.000000,0.727273
0.250000,0.308636,2.083333,27.580175,1.621212,12.000000,0.675676
0.090909,0.308803,3.222222,27.208558,1.707602,19.000000,0.763158
0.090909,0.746983,4.800000,24.715946,1.709091,11.000000,0.827586
0.250000,0.246804,2.956522,26.393232,1.831169,22.000000,0.747253
0.250000,1.000000,2.000000,10.213794,1.333333,4.000000,0.666667
0.166667,0.733245,2.714286,23.591955,1.745455,11.000000,0.730769
0.071429,0.051246,1.944444,27.857143,1.659341,14.000000,0.660377
0.142857,0.211731,2.956522,26.230821,1.831169,22.000000,0.747253
0.142857,0.346750,2.500000,25.014022,1.523810,7.000000,0.714286
0.071429,0.016581,1.944444,27.857143,1.659341,14.000000,0.660377
0.055556,0.107987,2.125000,27.245563,1.666667,18.000000,0.680000
0.055556,0.548439,1.588235,22.483334,1.896104,22.000000,0.613636
0.142857,0.548439,1.588235,22.483334,1.896104,22.000000,0.613636
0.142857,0.341252,2.769231,29.380551,1.695238,15.000000,0.734694
0.111111,0.206238,2.037037,26.632213,2.244666,38.000000,0.670732
0.111111,0.165991,2.037037,26.632213,2.244666,38.000000,0.670732
0.166667,0.180302,2.575000,27.050074,1.927419,32.000000,0.720280
0.166667,1.000000,1.571429,28.374913,1.266667,6.000000,0.611111
0.166667,0.545233,3.750000,20.907255,1.679487,13.000000,0.789474
0.166667,1.000000,1.833333,5.722810,1.266667,6.000000,0.647059
0.142857,1.000000,1.714286,12.676258,1.476190,7.000000,0.631579
0.142857,0.166178,1.378788,26.763939,1.948276,29.000000,0.579618
0.090909,0.545097,2.142857,26.937949,1.454545,11.000000,0.681818
0.090909,0.077469,1.655172,14.669525,1.542857,15.000000,0.623377
0.052632,0.462096,1.794118,26.664455,1.861660,23.000000,0.642105
0.052632,0.405875,2.384615,25.594154,1.833992,23.000000,0.704545
0.125000,0.194861,2.125000,20.139517,1.392857,8.000000,0.680000
0.100000,0.279805,3.250000,26.092616,1.820513,13.000000,0.764706
0.066667,0.106757,1.904762,26.009104,1.728261,24.000000,0.655738
0.166667,0.802994,3.714286,17.941914,1.773684,20.000000,0.787879
0.250000,0.260417,2.200000,25.729946,1.523810,7.000000,0.687500
0.047619,0.000000,1.633333,19.229825,1.990476,21.000000,0.620253
0.047619,0.215971,1.462687,26.319355,2.126050,35.000000,0.593939
0.076923,0.215971,1.462687,26.319355,2.126050,35.000000,0.593939
0.083333,0.350855,3.125000,23.391619,2.268473,29.000000,0.757576
0.083333,0.747705,6.200000,21.866833,1.934066,14.000000,0.861111
0.090909,0.445401,3.275862,27.738016,2.245989,34.000000,0.766129
0.083333,0.035772,3.125000,23.391619,2.268473,29.000000,0.757576
0.083333,0.747705,6.200000,21.866833,1.934066,14.000000,0.861111
0.083333,0.299373,1.933333,30.000000,1.560606,12.000000,0.659091
0.083333,0.418864,1.681818,29.341726,1.920000,26.000000,0.627119
0.083333,1.000000,6.200000,21.866833,1.934066,14.000000,0.861111
0.083333,0.350855,3.125000,23.391619,2.268473,29.000000,0.757576
0.083333,1.000000,6.200000,21.866833,1.934066,14.000000,0.861111
0.083333,0.035772,3.125000,23.391619,2.268473,29.000000,0.757576
0.083333,0.299373,1.933333,30.000000,1.560606,12.000000,0.659091
0.083333,0.294093,1.681818,29.341726,1.920000,26.000000,0.627119
0.083333,0.449528,1.933333,30.000000,1.560606,12.000000,0.659091
0.083333,0.418864,1.681818,29.341726,1.920000,26.000000,0.627119
0.090909,0.526168,3.275862,27.738016,2.245989,34.000000,0.766129
0.083333,0.449528,1.933333,30.000000,1.560606,12.000000,0.659091
0.083333,0.294093,1.681818,29.341726,1.920000,26.000000,0.627119
0.043478,0.315219,1.578947,25.948179,1.833992,23.000000,0.612245
0.043478,0.003891,3.000000,28.162723,1.883871,31.000000,0.750000
0.043478,0.315219,1.578947,25.948179,1.833992,23.000000,0.612245
0.043478,0.003891,2.464286,28.849681,1.857708,23.000000,0.711340
0.142857,0.204029,2.090909,27.414609,1.758333,16.000000,0.676471
0.047619,0.015037,1.560606,25.796313,2.078992,35.000000,0.609467
0.047619,0.042661,1.612903,22.250242,1.985714,21.000000,0.617284
0.047619,0.605586,1.544304,29.439557,1.887302,36.000000,0.606965
0.047619,0.065498,2.037037,26.632213,2.244666,38.000000,0.670732
0.166667,0.884021,1.800000,26.989602,1.400000,6.000000,0.642857
0.166667,0.117647,2.181818,18.304393,1.878788,12.000000,0.685714
0.047619,0.605586,1.544304,29.439557,1.887302,36.000000,0.606965
0.047619,0.185386,2.037037,26.632213,2.244666,38.000000,0.670732
0.090909,0.415627,1.444444,23.102175,1.885375,23.000000,0.590909
0.090909,0.697291,1.534483,23.044081,1.894253,30.000000,0.605442
0.200000,0.062240,1.435484,17.952563,1.807882,29.000000,0.589404
0.166667,0.628209,3.666667,10.306888,1.266667,6.000000,0.785714
0.071429,0.314120,2.769231,28.777620,1.896552,30.000000,0.734694
0.071429,0.253206,1.923077,21.818511,1.835165,14.000000,0.657895
0.125000,0.635837,1.435484,17.952563,1.807882,29.000000,0.589404
0.071429,0.227513,1.607843,26.201420,2.017241,29.000000,0.616541
0.071429,0.253206,1.923077,21.818511,1.835165,14.000000,0.657895
0.076923,0.687506,3.583333,27.084290,1.816176,17.000000,0.781818
0.125000,0.561682,3.000000,28.522783,1.454545,12.000000,0.750000
0.076923,0.011085,1.560606,25.796313,2.078992,35.000000,0.609467
0.125000,0.913431,3.000000,28.522783,1.454545,12.000000,0.750000
0.083333,0.181054,1.592593,26.158732,1.641667,16.000000,0.614286
0.111111,0.105194,2.562500,26.988916,1.898462,26.000000,0.719298
0.111111,0.000000,3.750000,25.513150,1.583333,9.000000,0.789474
0.166667,0.921987,1.833333,23.847858,1.266667,6.000000,0.647059
0.166667,0.022614,1.633333,19.689556,1.990476,21.000000,0.620253
0.043478,0.704099,2.193548,27.708202,1.814229,23.000000,0.686869
0.045455,0.475357,1.370370,18.829967,2.076355,29.000000,0.578125
0.250000,0.104121,5.333333,25.372555,1.611111,9.000000,0.842105
0.090909,0.086347,2.687500,27.651828,1.875817,18.000000,0.728814
0.090909,0.089775,1.527778,22.038487,1.625000,17.000000,0.604396
0.111111,0.313090,2.000000,24.724098,1.555556,9.000000,0.666667
0.166667,0.316259,1.538462,21.063965,1.644444,10.000000,0.606061
0.166667,0.264901,2.040000,26.055790,1.794737,20.000000,0.671053
0.250000,0.409785,2.666667,27.577676,1.852941,17.000000,0.727273
0.250000,0.003922,5.000000,27.451939,1.166667,4.000000,0.833333
0.083333,0.011673,1.781250,28.922275,1.857143,22.000000,0.640449
0.058824,0.600000,2.071429,23.004061,2.257353,17.000000,0.674419
0.058824,0.969909,3.095238,27.598408,1.925134,34.000000,0.755814
0.083333,0.139521,1.527778,22.038487,1.625000,17.000000,0.604396
0.083333,0.170894,2.642857,27.978105,1.439394,12.000000,0.725490
0.250000,0.800193,1.863636,26.019059,1.882353,18.000000,0.650794
0.142857,0.671128,1.418919,23.592172,1.812500,32.000000,0.586592
0.142857,0.283333,2.714286,27.668355,1.891954,30.000000,0.730769
0.090909,0.122374,1.823529,30.000000,1.530303,12.000000,0.645833
0.090909,0.389696,1.777778,24.150346,1.802198,14.000000,0.640000
0.043478,0.309571,3.368421,24.100694,2.123188,24.000000,0.771084
0.043478,0.044868,1.787879,23.970595,1.984190,23.000000,0.641304
0.142857,0.212293,1.884615,19.966380,1.957143,21.000000,0.653333
0.100000,0.010526,2.500000,25.047004,1.333333,10.000000,0.714286
0.100000,0.671128,1.418919,23.592172,1.812500,32.000000,0.586592
0.100000,0.671128,1.418919,23.592172,1.812500,32.000000,0.586592
0.125000,0.216647,1.275862,27.200442,1.733333,16.000000,0.560606
0.125000,0.191515,1.631579,8.247477,1.575758,12.000000,0.620000
0.166667,0.215834,2.750000,29.607313,1.266667,6.000000,0.733333
0.166667,0.709854,1.263158,29.045560,1.511111,10.000000,0.558140
0.166667,0.006091,2.526316,25.594170,1.691667,16.000000,0.716418
0.166667,0.645897,2.666667,27.106529,1.533333,6.000000,0.727273
0.142857,0.075156,1.631579,22.693844,1.590909,12.000000,0.620000
0.083333,0.532113,1.714286,17.807467,1.696970,12.000000,0.631579
0.083333,0.003861,1.781250,29.042817,1.857143,22.000000,0.640449
0.090909,0.051248,2.526316,27.965282,1.859649,19.000000,0.716418
0.090909,0.947803,1.086957,29.391008,1.618182,11.000000,0.520833
0.142857,0.083189,2.347826,25.048065,1.939394,22.000000,0.701299
0.100000,0.412970,2.625000,27.197093,1.700000,21.000000,0.724138
0.100000,0.724833,1.900000,15.546746,1.577778,10.000000,0.655172
0.083333,0.430812,2.840000,28.967202,1.692641,22.000000,0.739583
0.111111,0.332905,2.447368,26.609989,1.891534,28.000000,0.709924
0.111111,0.003891,3.000000,28.923618,1.583333,9.000000,0.750000
0.071429,0.453254,2.400000,23.375787,1.868132,14.000000,0.705882
0.071429,0.472881,1.884615,24.384431,1.957143,21.000000,0.653333
0.090909,0.694350,2.166667,21.049879,1.600000,11.000000,0.684211
0.090909,0.007440,1.739130,28.341670,1.728261,24.000000,0.634921
0.083333,0.266730,1.833333,14.862005,1.576923,13.000000,0.647059
0.083333,0.366361,1.315789,23.516999,1.696970,12.000000,0.568182
0.043478,0.186433,1.857143,26.600706,1.711462,23.000000,0.650000
0.043478,0.083736,2.955556,26.635086,1.972973,38.000000,0.747191
0.055556,0.129579,4.625000,27.301312,1.967320,18.000000,0.822222
0.076923,0.000000,1.676471,29.751040,1.857143,22.000000,0.626374
0.066667,0.050678,1.526316,20.932467,1.885714,15.000000,0.604167
0.066667,0.181505,1.676471,29.810633,1.857143,22.000000,0.626374
0.250000,0.175768,7.750000,25.061244,1.653846,13.000000,0.885714
0.250000,0.003049,3.000000,25.453177,1.857143,15.000000,0.750000
0.166667,0.466353,2.804878,26.756126,1.964706,35.000000,0.737179
0.166667,0.392186,3.000000,27.220532,1.200000,6.000000,0.750000
0.071429,0.060976,1.771429,28.544930,1.849802,23.000000,0.639175
0.200000,0.477811,1.625000,22.046518,1.428571,7.000000,0.619048
0.200000,0.629570,8.000000,24.274165,1.200000,5.000000,0.888889
0.222222,0.819528,2.090909,29.233729,1.651515,12.000000,0.676471
0.142857,0.016839,1.848485,27.753518,2.010870,24.000000,0.648936
0.166667,0.260925,2.500000,26.678982,1.873846,26.000000,0.714286
0.166667,0.018692,2.250000,30.000000,1.400000,6.000000,0.692308
0.166667,0.679473,2.235294,28.541732,1.512821,13.000000,0.690909
0.166667,0.094355,2.400000,28.215001,1.200000,6.000000,0.705882
0.166667,0.260925,2.500000,26.678982,1.873846,26.000000,0.714286
0.166667,0.018692,2.250000,30.000000,1.400000,6.000000,0.692308
0.125000,0.048336,3.409091,27.034604,1.917949,40.000000,0.773196
0.055556,0.505612,1.441176,27.094720,1.692810,18.000000,0.590361
0.055556,0.012043,2.333333,30.000000,1.696970,22.000000,0.700000
0.142857,0.505612,1.441176,27.094720,1.692810,18.000000,0.590361
0.142857,0.003891,3.666667,27.630119,1.476190,7.000000,0.785714
0.055556,0.505612,1.441176,27.094720,1.692810,18.000000,0.590361
0.055556,0.012043,2.333333,30.000000,1.696970,22.000000,0.700000
0.055556,0.505612,1.441176,27.094720,1.692810,18.000000,0.590361
0.055556,0.012043,2.333333,30.000000,1.696970,22.000000,0.700000
0.142857,0.003891,3.666667,27.630119,1.476190,7.000000,0.785714
0.142857,0.505612,1.441176,27.094720,1.692810,18.000000,0.590361
0.055556,0.505612,1.441176,27.094720,1.692810,18.000000,0.590361
0.055556,0.012043,2.333333,30.000000,1.696970,22.000000,0.700000
0.062500,0.264966,3.916667,24.505077,1.775000,16.000000,0.796610
0.062500,0.130595,2.464286,28.548546,1.857708,23.000000,0.711340
0.250000,0.046402,3.375000,27.120464,1.750000,17.000000,0.771429
0.100000,0.081458,2.000000,28.267945,2.088889,36.000000,0.666667
0.100000,0.428394,1.888889,25.646408,1.692308,14.000000,0.653846
0.055556,0.714291,2.173913,26.361978,1.859649,19.000000,0.684932
0.250000,0.529946,1.916667,23.793100,1.581818,11.000000,0.657143
0.090909,0.094127,1.666667,26.217632,1.859606,29.000000,0.625000
0.090909,0.076493,1.578947,9.493746,1.454545,11.000000,0.612245
0.200000,0.673467,7.000000,26.611639,1.300000,5.000000,0.875000
0.055556,0.038966,1.474576,28.669311,1.997701,30.000000,0.595890
0.055556,0.711218,2.480000,27.158489,1.900000,20.000000,0.712644
0.045455,0.102049,1.696970,23.011739,1.961039,22.000000,0.629213
0.045455,0.233061,1.775862,27.635519,2.078992,35.000000,0.639752
0.250000,0.519526,3.000000,28.081321,1.771242,18.000000,0.750000
0.076923,0.642924,2.083333,27.641805,1.859649,19.000000,0.675676
0.090909,0.021097,2.222222,27.347318,1.709091,11.000000,0.689655
0.090909,0.540337,1.736842,10.626231,1.780952,15.000000,0.634615
0.125000,0.480436,2.500000,12.805169,1.107143,8.000000,0.714286
0.125000,0.446125,1.576923,22.037387,1.658333,16.000000,0.611940
0.250000,0.814613,2.500000,20.909129,1.166667,4.000000,0.714286
0.142857,0.576806,4.000000,27.430211,1.428571,7.000000,0.800000
0.111111,0.215512,5.777778,27.726999,1.542857,15.000000,0.852459
0.111111,0.360787,2.200000,26.502071,1.931159,24.000000,0.687500
0.142857,0.589519,1.453125,27.241497,2.102273,33.000000,0.592357
0.142857,0.599452,1.333333,25.141776,1.476190,7.000000,0.571429
0.090909,0.314390,2.600000,27.658958,1.810526,20.000000,0.722222
0.166667,0.130820,1.615385,29.059499,1.873188,24.000000,0.617647
0.047619,0.234771,1.794118,24.120087,2.010870,24.000000,0.642105
0.047619,0.584539,2.727273,25.246145,1.838095,21.000000,0.731707
0.200000,0.163014,1.750000,26.243613,1.300000,5.000000,0.636364
0.200000,0.363700,1.600000,27.698849,1.600000,11.000000,0.615385
0.166667,0.012072,1.692308,21.729509,1.672727,11.000000,0.628571
0.142857,0.322559,1.692308,29.019002,1.672727,11.000000,0.628571
0.166667,0.319589,2.000000,27.684876,2.088889,36.000000,0.666667
0.181818,0.315377,2.625000,25.031337,2.000000,20.000000,0.724138
0.181818,0.060086,2.250000,22.198006,1.818182,11.000000,0.692308
0.100000,0.649427,2.451613,26.234317,1.904615,26.000000,0.710280
0.100000,0.295129,1.538462,21.063965,1.644444,10.000000,0.606061
0.052632,0.062898,2.173913,26.825416,1.859649,19.000000,0.684932
0.052632,0.292336,1.904762,26.009104,1.728261,24.000000,0.655738
0.166667,1.000000,2.000000,29.479242,1.500000,8.000000,0.666667
0.222222,0.339731,4.400000,26.965066,1.654545,11.000000,0.814815
0.166667,0.479136,1.714286,30.000000,1.200000,6.000000,0.631579
0.111111,0.214201,1.695652,26.775149,1.911765,17.000000,0.629032
0.142857,0.748843,1.714286,20.118640,1.428571,7.000000,0.631579
0.142857,0.061699,1.600000,25.184393,1.515152,12.000000,0.615385
0.111111,0.349398,1.800000,30.000000,1.555556,9.000000,0.642857
0.111111,1.000000,1.295455,26.973849,1.725146,19.000000,0.564356
0.111111,0.687975,3.000000,28.386455,1.500000,9.000000,0.750000
0.142857,1.000000,2.000000,22.000787,1.363636,12.000000,0.666667
0.125000,0.677663,5.333333,25.467467,1.639706,17.000000,0.842105
0.166667,1.000000,3.555556,26.240983,1.628205,13.000000,0.780488
0.125000,0.129982,1.750000,22.252870,1.957143,21.000000,0.636364
0.125000,1.000000,1.631579,15.129281,1.590909,12.000000,0.620000
0.166667,0.193125,1.857143,28.947255,1.600000,11.000000,0.650000
0.166667,0.545620,2.666667,20.527768,1.533333,6.000000,0.727273
0.250000,0.240630,2.760000,25.795126,1.938095,21.000000,0.734043
0.125000,0.728141,5.000000,28.912871,1.590909,12.000000,0.833333
0.052632,0.788610,2.760000,25.795126,1.938095,21.000000,0.734043
0.052632,0.169058,1.184211,27.823243,2.002463,29.000000,0.542169
0.125000,0.025135,4.230769,24.765577,2.042857,21.000000,0.808824
0.250000,0.773187,2.533333,24.805172,1.904615,26.000000,0.716981
0.050000,0.414248,1.591837,28.099934,1.711462,23.000000,0.614173
0.040000,0.202765,2.979167,27.176896,1.976923,40.000000,0.748691
0.200000,1.000000,1.750000,30.000000,1.300000,5.000000,0.636364
0.200000,0.750000,1.750000,7.396716,1.300000,5.000000,0.636364
0.058824,0.400246,4.400000,26.820697,1.978947,20.000000,0.814815
0.047619,0.293099,2.478261,27.590869,1.871429,21.000000,0.712500
0.047619,0.026039,3.352941,24.557523,2.141844,48.000000,0.770270
0.083333,0.166659,3.053571,28.009247,2.141844,48.000000,0.753304
0.083333,0.506107,1.238095,21.035940,1.666667,12.000000,0.553191
0.083333,1.000000,2.153846,25.168961,1.575758,12.000000,0.682927
0.090909,0.159752,2.196429,28.489903,2.221795,40.000000,0.687151
0.125000,0.712825,1.964286,29.351356,1.964427,23.000000,0.662651
0.076923,0.077323,2.171429,29.684839,1.724638,24.000000,0.684685
0.076923,0.556748,2.636364,25.816432,1.730769,13.000000,0.725000
0.076923,0.077323,2.171429,29.684839,1.724638,24.000000,0.684685
0.076923,0.556748,2.636364,25.816432,1.730769,13.000000,0.725000
0.100000,0.406606,1.888889,10.764972,1.622222,10.000000,0.653846
0.090909,0.213292,3.666667,29.909315,1.654545,11.000000,0.785714
0.090909,0.190510,2.196429,28.489903,2.221795,40.000000,0.687151
0.045455,0.107884,1.666667,15.311139,1.865801,22.000000,0.625000
0.045455,0.012645,3.230769,25.834639,2.157635,29.000000,0.763636
0.125000,0.107884,1.666667,15.311139,1.865801,22.000000,0.625000
0.043478,0.139224,1.771429,17.659851,1.849802,23.000000,0.639175
0.043478,0.175858,3.777778,24.195551,2.118409,47.000000,0.790698
0.125000,0.729755,2.600000,6.069663,1.535714,8.000000,0.722222
0.125000,0.689825,2.461538,22.781220,1.895238,15.000000,0.711111
0.142857,0.582460,4.000000,28.986589,1.675325,22.000000,0.800000
0.111111,0.752911,3.166667,8.846273,1.872727,11.000000,0.760000
0.111111,0.711349,2.075000,26.660171,2.017241,29.000000,0.674797
0.050000,0.189273,1.722222,27.639518,2.040000,25.000000,0.632653
0.050000,0.359317,1.657895,28.967367,1.873188,24.000000,0.623762
0.200000,0.232877,2.333333,17.101719,1.300000,5.000000,0.700000
0.200000,0.514008,3.695652,29.222999,1.695238,21.000000,0.787037
0.142857,0.582460,4.000000,28.986589,1.675325,22.000000,0.800000
0.055556,0.368630,3.611111,29.373723,1.666667,18.000000,0.783133
0.055556,0.902483,2.812500,28.493670,1.705882,18.000000,0.737705
0.083333,0.534997,1.875000,28.494801,1.560606,12.000000,0.652174
0.052632,0.170260,1.689655,28.867096,1.777778,19.000000,0.628205
0.052632,0.711349,2.075000,26.801885,2.017241,29.000000,0.674797
0.037037,0.382848,1.716418,29.028059,2.122807,39.000000,0.631868
0.037037,0.422351,1.894737,26.481142,2.019943,27.000000,0.654545
0.200000,0.232877,2.333333,17.101719,1.300000,5.000000,0.700000
0.200000,0.514008,3.695652,29.222999,1.695238,21.000000,0.787037
0.055556,0.368630,3.611111,29.373723,1.666667,18.000000,0.783133
0.055556,0.902483,2.812500,28.493670,1.705882,18.000000,0.737705
0.071429,0.384999,1.142857,29.506225,1.703297,14.000000,0.533333
0.058824,0.040000,2.041667,25.577371,1.676471,17.000000,0.671233
0.200000,0.696325,1.661972,28.811878,1.880672,35.000000,0.624339
0.166667,0.346903,12.000000,27.103306,1.428571,7.000000,0.923077
0.100000,0.147037,2.000000,24.607551,1.780220,14.000000,0.666667
0.100000,0.103090,2.625000,30.000000,1.600000,10.000000,0.724138
0.062500,0.288199,2.923077,27.605902,1.897059,17.000000,0.745098
0.052632,0.009899,2.000000,26.529730,1.782609,24.000000,0.666667
0.142857,0.645847,2.500000,28.517218,1.285714,7.000000,0.714286
0.066667,0.025888,1.720000,27.951516,1.965517,29.000000,0.632353
0.100000,0.509926,1.523810,25.957059,1.515152,12.000000,0.603774
0.083333,0.518071,1.882353,17.652562,1.695238,15.000000,0.653061
0.083333,0.462787,1.600000,25.184393,1.515152,12.000000,0.615385
0.071429,0.269341,1.344828,27.286614,1.741667,16.000000,0.573529
0.071429,0.322121,2.916667,24.324233,1.908333,16.000000,0.744681
0.250000,0.193431,1.625000,22.750625,1.685714,15.000000,0.619048
0.111111,0.224646,1.466667,25.181095,1.416667,9.000000,0.594595
0.111111,0.020576,4.250000,25.654453,1.890476,21.000000,0.809524
0.100000,0.340042,1.625000,27.668186,1.851449,24.000000,0.619048
0.100000,0.076022,2.222222,16.714042,1.622222,10.000000,0.689655
0.055556,0.376237,2.045455,24.998466,1.758170,18.000000,0.671642
0.055556,0.081584,1.781250,24.159678,1.819048,21.000000,0.640449
0.166667,0.765192,3.000000,18.074483,1.713235,17.000000,0.750000
0.166667,1.000000,2.400000,13.369543,1.476190,7.000000,0.705882
0.062500,0.095047,2.192308,28.449249,1.871429,21.000000,0.686747
0.062500,0.798267,1.583333,22.777633,1.825000,16.000000,0.612903
0.083333,0.401403,1.739130,19.577887,1.838235,17.000000,0.634921
0.083333,0.004184,2.500000,28.957645,1.681818,12.000000,0.714286
0.111111,0.126170,2.000000,20.983102,1.622222,10.000000,0.666667
0.111111,1.000000,1.071429,19.433147,1.921569,18.000000,0.517241
0.111111,1.000000,3.000000,30.000000,1.583333,9.000000,0.750000
0.055556,0.078133,3.500000,28.066667,2.140230,30.000000,0.777778
0.055556,1.000000,1.071429,19.433147,1.921569,18.000000,0.517241
0.100000,0.405290,1.625000,27.164862,1.651515,12.000000,0.619048
0.125000,1.000000,0.788462,19.168977,1.750000,16.000000,0.440860
0.125000,1.000000,2.222222,11.913658,2.018116,24.000000,0.689655
0.090909,0.076489,2.888889,29.026364,1.618182,11.000000,0.742857
0.090909,0.418145,1.562500,17.416313,1.621212,12.000000,0.609756
0.250000,1.000000,2.366667,22.478295,2.089947,28.000000,0.702970
0.250000,0.780139,4.000000,22.993750,1.333333,4.000000,0.800000
0.083333,1.000000,2.500000,22.015680,2.079772,27.000000,0.714286
0.083333,0.600000,1.650000,10.559067,1.500000,12.000000,0.622642
0.250000,1.000000,2.366667,22.478295,2.089947,28.000000,0.702970
0.250000,0.780139,4.000000,22.993750,1.333333,4.000000,0.800000
0.040000,0.487789,1.391304,25.265375,1.963333,25.000000,0.581818
0.040000,0.082626,3.370370,28.317078,2.140230,30.000000,0.771186
0.100000,0.004149,3.857143,26.784597,1.400000,10.000000,0.794118
0.100000,0.487789,1.391304,25.265375,1.963333,25.000000,0.581818
0.133333,0.979445,1.142857,29.506225,1.703297,14.000000,0.533333
0.133333,0.463900,1.900000,29.044900,1.766667,21.000000,0.655172
0.111111,0.004115,1.971429,15.276829,2.316923,26.000000,0.663462
0.166667,0.938297,1.550000,29.149182,1.628205,13.000000,0.607843
0.111111,0.042476,3.320000,29.560056,2.119048,28.000000,0.768519
0.111111,0.555498,1.238095,21.035940,1.666667,12.000000,0.553191
0.200000,1.000000,3.000000,9.380052,1.100000,5.000000,0.750000
0.166667,0.431328,4.000000,22.874892,1.200000,6.000000,0.800000
0.166667,0.153117,1.666667,19.939793,1.764706,18.000000,0.625000
0.250000,0.373231,1.705882,24.350695,1.874459,22.000000,0.630435
0.050000,0.002612,2.393443,26.228801,2.085947,42.000000,0.705314
0.050000,0.016492,1.709677,19.934668,1.821053,20.000000,0.630952
0.083333,0.354977,2.307692,24.155763,1.545455,12.000000,0.697674
0.083333,0.466932,1.541667,26.116948,1.593407,14.000000,0.606557
0.071429,0.013699,1.684211,29.768892,1.695238,15.000000,0.627451
0.071429,0.466932,1.541667,26.116948,1.593407,14.000000,0.606557
0.200000,0.877551,1.750000,24.241734,1.300000,5.000000,0.636364
0.090909,0.538593,2.300000,24.970405,1.699346,18.000000,0.696970
0.100000,0.479830,1.275000,28.100951,2.004301,31.000000,0.560440
0.100000,0.172944,1.689655,29.627216,1.692810,18.000000,0.628205
0.100000,0.172944,1.689655,29.627216,1.692810,18.000000,0.628205
0.100000,0.131295,3.384615,27.942753,1.849673,18.000000,0.771930
0.250000,0.330697,1.333333,29.373951,1.642857,8.000000,0.571429
0.250000,0.708950,3.666667,29.909315,1.654545,11.000000,0.785714
0.090909,0.848757,3.142857,30.000000,1.654545,11.000000,0.758621
0.090909,0.027399,1.461538,28.799979,1.576923,13.000000,0.593750
0.111111,0.262726,2.454545,23.052874,1.939394,22.000000,0.710526
0.090909,0.008633,2.041667,29.739403,1.725490,18.000000,0.671233
0.090909,0.012448,1.615385,19.774628,1.745455,11.000000,0.617647
0.090909,0.008633,2.041667,29.739403,1.725490,18.000000,0.671233
0.090909,0.012448,1.615385,19.774628,1.745455,11.000000,0.617647
0.090909,1.000000,2.243243,23.760086,2.156989,31.000000,0.691667
0.041667,0.136078,1.226190,28.546394,2.040323,32.000000,0.550802
0.076923,0.915058,4.090909,25.285514,1.580952,15.000000,0.803571
0.076923,0.257561,1.687500,24.166652,1.730769,13.000000,0.627907
0.076923,1.000000,1.875000,28.997832,1.929825,19.000000,0.652174
0.142857,0.257561,1.687500,24.166652,1.730769,13.000000,0.627907
0.142857,0.227430,1.875000,28.821787,1.285714,7.000000,0.652174
0.142857,0.373684,2.500000,24.589095,1.523810,7.000000,0.714286
0.142857,0.551881,2.166667,29.728798,1.607143,8.000000,0.684211
0.111111,0.446317,1.933333,29.235243,1.892308,26.000000,0.659091
0.125000,0.180347,2.700000,24.113754,1.939394,22.000000,0.729730
0.125000,0.450685,1.600000,22.518853,1.464286,8.000000,0.615385
0.058824,1.000000,2.409091,28.404520,2.078224,44.000000,0.706667
0.058824,0.079525,1.150000,28.742041,1.764706,17.000000,0.534884
0.083333,1.000000,2.161765,26.465298,2.153623,46.000000,0.683721
0.083333,0.620435,2.133333,28.874598,1.575758,12.000000,0.680851
0.111111,0.047732,1.461538,29.056536,1.576923,13.000000,0.593750
0.055556,0.257803,3.818182,26.889984,1.843137,18.000000,0.792453
0.055556,1.000000,1.716418,29.028059,2.122807,39.000000,0.631868
0.200000,0.297918,4.166667,26.056506,1.691176,17.000000,0.806452
0.125000,0.406058,1.615385,23.579427,1.778947,20.000000,0.617647
0.052632,0.854145,1.931034,29.587626,1.705263,20.000000,0.658824
0.052632,0.097088,1.689655,28.867096,1.777778,19.000000,0.628205
0.200000,0.853089,1.931034,29.464500,1.705263,20.000000,0.658824
0.142857,0.134408,2.142857,28.594017,1.961345,35.000000,0.681818
0.045455,0.162013,2.440000,28.753316,1.887446,22.000000,0.709302
0.045455,0.120729,2.352941,27.970820,1.961345,35.000000,0.701754
0.045455,0.015581,1.301205,28.324211,2.049242,33.000000,0.565445
0.045455,0.404630,3.521739,25.401589,1.861472,22.000000,0.778846
0.200000,0.116385,2.000000,15.989573,1.555556,9.000000,0.666667
0.100000,0.695073,2.750000,29.687005,1.511111,10.000000,0.733333
0.066667,0.012766,2.692308,27.696335,1.809524,15.000000,0.729167
0.066667,0.396394,1.323529,26.460174,1.727941,17.000000,0.569620
0.083333,0.055818,2.666667,22.633527,1.636364,12.000000,0.727273
0.052632,0.332319,2.166667,27.574348,1.777778,19.000000,0.684211
0.062500,0.017536,2.647059,27.666237,1.750000,16.000000,0.725806
0.071429,0.380312,1.304348,18.099501,1.714286,14.000000,0.566038
0.076923,0.328799,1.130435,23.998095,1.743590,13.000000,0.530612
0.076923,0.133977,2.900000,25.130152,1.968379,23.000000,0.743590
0.142857,0.930147,2.200000,27.181580,1.476190,7.000000,0.687500
0.142857,0.176209,3.142857,22.262872,2.043333,25.000000,0.758621
0.047619,0.004292,2.121212,27.258534,1.982906,27.000000,0.679612
0.047619,0.033222,1.777778,14.182301,1.866667,21.000000,0.640000
0.142857,0.018018,5.000000,26.642334,1.523810,7.000000,0.833333
0.142857,0.033222,1.777778,14.182301,1.866667,21.000000,0.640000
0.142857,0.274522,5.000000,28.211553,1.523810,7.000000,0.833333
0.142857,0.513913,3.240000,26.880207,1.861472,22.000000,0.764151
0.142857,0.513913,3.240000,26.880207,1.861472,22.000000,0.764151
0.142857,0.044854,5.000000,28.211553,1.523810,7.000000,0.833333
0.166667,0.090563,1.238095,22.498153,1.666667,12.000000,0.553191
0.100000,0.106885,1.818182,26.337158,1.622222,10.000000,0.645161
0.100000,0.183006,2.115385,28.421053,1.719298,19.000000,0.679012
0.100000,0.350104,3.888889,26.134830,1.615385,14.000000,0.795455
0.100000,0.183220,1.615385,19.774628,1.745455,11.000000,0.617647
0.100000,0.106885,1.818182,26.337158,1.622222,10.000000,0.645161
0.100000,0.183006,2.115385,28.421053,1.719298,19.000000,0.679012
0.062500,0.868972,2.000000,10.113585,1.691667,16.000000,0.666667
0.062500,0.336802,3.818182,27.235555,1.843137,18.000000,0.792453
0.200000,0.284095,2.400000,29.299737,1.476190,7.000000,0.705882
0.066667,1.000000,1.695652,21.125396,1.685714,15.000000,0.629032
0.066667,0.363127,3.320000,29.943973,2.119048,28.000000,0.768519
0.200000,0.358684,3.333333,25.299267,1.000000,5.000000,0.769231
0.100000,0.427455,1.733333,22.394392,1.422222,10.000000,0.634146
0.100000,0.190278,2.500000,29.822739,1.725275,14.000000,0.714286
0.250000,0.940482,13.000000,22.371641,1.527273,11.000000,0.928571
0.142857,0.014311,1.833333,29.171705,1.796296,28.000000,0.647059
0.111111,0.338551,4.000000,28.229409,1.545455,11.000000,0.800000
0.090909,0.263902,1.812500,27.005801,1.527273,11.000000,0.644444
0.090909,0.450825,3.096774,28.522852,2.163441,31.000000,0.755906
0.090909,0.252137,2.692308,27.460423,1.666667,15.000000,0.729167
0.090909,0.058073,3.428571,24.591495,1.672727,11.000000,0.774194
0.133333,0.510676,1.200000,24.829675,1.761905,15.000000,0.545455
0.133333,1.000000,2.230769,29.571911,1.852823,32.000000,0.690476
0.125000,0.602041,1.846154,23.999878,1.511111,10.000000,0.648649
0.200000,0.064734,1.900000,28.972775,1.472222,9.000000,0.655172
0.200000,0.299153,1.750000,15.417148,1.300000,5.000000,0.636364
0.166667,1.000000,1.555556,26.289776,1.750000,9.000000,0.608696
0.166667,0.583206,3.000000,27.637232,1.200000,6.000000,0.750000
0.100000,0.250000,2.384615,16.390047,1.311111,10.000000,0.704545
0.076923,0.111111,2.636364,27.483665,1.628205,13.000000,0.725000
0.250000,0.180301,2.051282,30.000000,1.578947,20.000000,0.672269
0.066667,0.015055,1.521739,24.457159,1.704762,15.000000,0.603448
0.058824,0.012658,2.705882,29.418788,1.830882,17.000000,0.730159
0.050000,0.152966,1.827586,29.675498,1.831579,20.000000,0.646341
0.125000,1.000000,1.423077,25.572703,1.741667,16.000000,0.587302
0.111111,0.645796,1.800000,25.867041,1.583333,9.000000,0.642857
0.111111,0.765972,2.222222,28.057264,1.961345,35.000000,0.689655
0.200000,0.922248,2.600000,29.825695,1.694444,9.000000,0.722222
0.090909,0.317823,1.454545,21.787140,1.963333,25.000000,0.592593
0.090909,0.838917,3.500000,29.519642,1.545455,11.000000,0.777778
0.166667,0.031111,1.344444,28.344842,2.057143,35.000000,0.573460
0.200000,0.653452,1.333333,25.141776,1.476190,7.000000,0.571429
0.250000,1.000000,1.888889,7.097913,1.392857,8.000000,0.653846
0.125000,1.000000,1.600000,30.000000,1.636364,11.000000,0.615385
0.200000,0.231883,1.777778,17.218048,1.428571,8.000000,0.640000
0.200000,1.000000,1.545455,6.543118,1.583333,9.000000,0.607143
0.043478,0.107862,2.121212,27.447441,1.982906,27.000000,0.679612
0.043478,0.126516,2.869565,24.937815,1.993333,25.000000,0.741573
0.062500,0.390613,2.142857,28.621837,1.625000,16.000000,0.681818
0.062500,0.738123,1.785714,22.329047,2.126316,20.000000,0.641026
0.200000,0.147510,2.307692,29.554378,1.454545,11.000000,0.697674
0.052632,0.025210,2.344828,27.625857,2.000000,25.000000,0.701031
0.052632,0.641326,1.600000,23.943074,1.963158,20.000000,0.615385
0.066667,0.641326,1.600000,23.943074,1.963158,20.000000,0.615385
0.066667,0.464412,3.272727,28.015147,1.723810,15.000000,0.765957
0.071429,1.000000,1.727273,30.000000,1.582418,14.000000,0.633333
0.071429,0.140221,2.344828,27.336338,2.000000,25.000000,0.701031
0.200000,0.046607,1.956522,29.625424,1.625000,16.000000,0.661765
0.142857,1.000000,2.033898,29.615603,1.961345,35.000000,0.670391
0.111111,0.189625,1.344444,28.344842,2.057143,35.000000,0.573460
0.111111,0.182200,1.818182,27.481548,1.472222,9.000000,0.645161
0.100000,0.653214,1.615385,26.014163,1.618182,11.000000,0.617647
0.100000,0.004149,2.153846,29.175251,1.400000,10.000000,0.682927
0.142857,0.121770,1.307692,27.404279,2.130769,40.000000,0.566667
0.166667,0.653214,1.615385,26.014163,1.618182,11.000000,0.617647
0.111111,0.349225,1.882353,19.384588,1.695238,15.000000,0.653061
0.142857,0.268116,1.684211,29.855359,1.695238,15.000000,0.627451
0.111111,0.816841,3.214286,29.314207,1.810458,18.000000,0.762712
0.111111,0.741747,1.173913,26.599987,1.545455,11.000000,0.540000
0.250000,0.625286,3.062500,24.108230,1.816993,18.000000,0.753846
0.100000,0.000000,1.800000,29.155949,1.700000,16.000000,0.642857
0.100000,0.012448,2.105263,27.268812,1.619048,15.000000,0.677966
0.047619,0.665915,2.156250,19.063927,2.316923,26.000000,0.683168
0.047619,0.137110,2.454545,27.803270,1.828571,21.000000,0.710526
0.100000,0.072743,2.233333,29.840304,1.719048,21.000000,0.690722
0.100000,0.142719,1.700000,20.143610,1.755556,10.000000,0.629630
0.100000,0.072743,2.233333,29.840304,1.719048,21.000000,0.690722
0.100000,0.142719,1.700000,20.143610,1.755556,10.000000,0.629630
0.125000,0.364864,2.090909,27.337904,2.007353,17.000000,0.676471
0.200000,0.344093,3.150000,24.480268,1.733333,21.000000,0.759036
0.041667,0.023422,2.363636,13.740800,1.855072,24.000000,0.702703
0.041667,0.146977,1.657895,23.777444,1.949275,24.000000,0.623762
0.043478,0.021788,1.763158,26.375398,1.953333,25.000000,0.638095
0.166667,0.342954,1.295238,27.722128,2.130769,40.000000,0.564315
0.142857,0.443563,5.000000,29.893373,1.590909,12.000000,0.833333
0.125000,0.638632,1.000000,29.949496,1.638889,9.000000,0.500000
0.166667,0.247824,2.250000,25.176060,1.400000,6.000000,0.692308
0.166667,0.782405,2.090909,26.142006,1.745455,11.000000,0.676471
0.071429,0.047293,2.363636,16.962219,1.855072,24.000000,0.702703
0.071429,1.000000,1.583333,29.894196,1.582418,14.000000,0.612903
0.090909,1.000000,1.562500,17.619848,1.545455,11.000000,0.609756
0.066667,0.560850,1.535714,28.503087,1.666667,15.000000,0.605634
0.111111,0.461463,2.900000,23.537077,1.968379,23.000000,0.743590
0.045455,0.199437,3.000000,26.671916,2.028490,27.000000,0.750000
0.045455,0.036962,2.172414,29.246417,1.830040,23.000000,0.684783
0.166667,0.246956,1.461538,29.369662,1.576923,13.000000,0.593750
0.200000,0.503363,1.714286,17.630801,1.428571,7.000000,0.631579
0.200000,0.820561,1.812500,26.195042,1.790476,15.000000,0.644444
0.142857,0.333084,2.400000,24.858927,1.818713,19.000000,0.705882
0.058824,0.048340,2.625000,26.777933,2.000000,28.000000,0.724138
0.058824,0.249845,1.909091,23.780667,1.691176,17.000000,0.656250
0.200000,0.545478,3.000000,25.731776,1.555556,9.000000,0.750000
0.071429,0.241353,1.684211,24.184228,1.714286,14.000000,0.627451
0.071429,1.000000,1.483871,30.000000,1.989474,20.000000,0.597403
0.100000,0.241353,1.684211,24.184228,1.714286,14.000000,0.627451
0.100000,0.301019,1.833333,28.141246,1.511111,10.000000,0.647059
0.166667,0.280905,1.750000,26.151430,1.533333,6.000000,0.636364
0.166667,0.295368,1.583333,29.792736,1.472222,9.000000,0.612903
0.047619,0.268410,2.268293,23.610907,1.903134,27.000000,0.694030
0.047619,1.000000,1.675000,28.615401,1.953333,25.000000,0.626168
0.083333,0.008264,2.000000,28.772863,1.606061,12.000000,0.666667
0.200000,0.268410,2.268293,23.610907,1.903134,27.000000,0.694030
0.076923,0.147666,2.545455,27.695929,1.931624,27.000000,0.717949
0.142857,0.778337,2.500000,29.205563,1.619048,7.000000,0.714286
0.166667,1.000000,2.857143,24.243700,1.848485,12.000000,0.740741
0.166667,0.417466,3.105263,25.319862,2.003623,24.000000,0.756410
0.166667,0.599734,1.275000,27.452881,2.004301,31.000000,0.560440
0.034483,0.737330,2.862069,27.237839,2.100985,29.000000,0.741071
0.034483,0.145777,2.627907,27.213040,2.246032,36.000000,0.724359
0.142857,0.160989,2.651163,28.594349,2.270270,37.000000,0.726115
0.142857,0.000000,3.000000,28.072591,1.571429,7.000000,0.750000
0.166667,0.114178,1.800000,30.000000,1.357143,8.000000,0.642857
0.166667,0.929748,2.200000,24.924245,1.266667,6.000000,0.687500
0.166667,0.008333,5.500000,29.054027,1.266667,6.000000,0.846154
0.142857,1.000000,1.483871,30.000000,1.989474,20.000000,0.597403
0.090909,0.014925,1.735294,25.166203,1.566176,17.000000,0.634409
0.142857,0.035436,2.564103,26.289734,1.905747,30.000000,0.719424
0.058824,0.031504,2.750000,26.369291,2.002151,31.000000,0.733333
0.071429,0.753032,1.923077,30.000000,1.725275,14.000000,0.657895
0.166667,0.869683,1.739130,28.782298,1.728261,24.000000,0.634921
0.083333,0.547892,1.300000,26.824767,1.730994,19.000000,0.565217
0.083333,0.730392,2.500000,10.340106,1.863636,12.000000,0.714286
0.111111,0.320841,1.785714,29.278885,1.305556,9.000000,0.641026
0.111111,0.730392,2.500000,10.340106,1.863636,12.000000,0.714286
0.100000,0.121641,2.200000,25.786749,1.511111,10.000000,0.687500
0.100000,0.799229,1.611111,25.493813,1.681319,14.000000,0.617021
0.200000,0.856586,1.933333,29.070479,1.585714,21.000000,0.659091
0.100000,0.799229,1.611111,25.493813,1.681319,14.000000,0.617021
0.100000,0.211971,2.000000,30.000000,1.400000,10.000000,0.666667
0.200000,0.799229,1.611111,25.493813,1.681319,14.000000,0.617021
0.200000,0.485192,4.000000,28.470695,1.200000,5.000000,0.800000
0.166667,0.799229,1.611111,25.493813,1.681319,14.000000,0.617021
0.200000,1.000000,3.500000,30.000000,1.300000,5.000000,0.777778
0.166667,0.104489,1.625000,26.168077,1.581818,11.000000,0.619048
0.166667,0.716345,2.171429,27.559415,1.904615,26.000000,0.684685
0.058824,0.455083,1.523810,25.496200,2.203333,25.000000,0.603774
0.058824,0.237912,1.888889,28.566898,1.625000,17.000000,0.653846
0.050000,0.045161,1.289474,20.078001,1.942105,20.000000,0.563218
0.050000,0.180967,2.333333,28.858938,1.895161,32.000000,0.700000
0.083333,0.045161,1.289474,20.078001,1.942105,20.000000,0.563218
0.083333,0.051553,1.470588,27.326127,1.696970,12.000000,0.595238
0.090909,0.561057,1.619048,27.443538,1.692308,14.000000,0.618182
0.166667,0.421101,1.882353,17.142891,1.641026,13.000000,0.653061
0.142857,0.045161,1.289474,20.078001,1.942105,20.000000,0.563218
0.076923,1.000000,1.545455,20.377509,1.564103,13.000000,0.607143
0.076923,0.246154,1.722222,27.919364,1.602564,13.000000,0.632653
0.090909,0.686610,2.888889,29.207693,1.618182,11.000000,0.742857
0.090909,1.000000,1.304348,18.099501,1.714286,14.000000,0.566038
0.055556,1.000000,1.615385,26.898184,1.803922,18.000000,0.617647
0.071429,1.000000,2.647059,27.666237,1.750000,16.000000,0.725806
0.071429,1.000000,1.304348,18.099501,1.714286,14.000000,0.566038
0.125000,0.629158,1.750000,29.943183,1.571429,8.000000,0.636364
0.125000,0.350658,3.000000,30.000000,1.583333,9.000000,0.750000
0.040000,0.269047,2.156250,27.570688,1.843333,25.000000,0.683168
0.040000,0.161541,3.863636,28.310467,2.182540,28.000000,0.794393
0.125000,0.629158,1.750000,29.943183,1.571429,8.000000,0.636364
0.125000,0.350658,3.000000,30.000000,1.583333,9.000000,0.750000
0.250000,0.004149,1.666667,27.053675,1.642857,8.000000,0.625000
0.142857,0.993918,3.192308,29.639177,2.100985,29.000000,0.761468
0.111111,0.312822,1.350000,28.505856,1.801170,19.000000,0.574468
0.100000,0.054387,2.268293,25.295409,1.903134,27.000000,0.694030
0.100000,0.259389,1.730769,27.718137,1.571429,15.000000,0.633803
0.052632,0.382844,1.330357,28.443644,2.028049,41.000000,0.570881
0.052632,0.004115,1.812500,27.448337,1.713450,19.000000,0.644444
0.166667,0.090547,2.363636,28.257132,1.618182,11.000000,0.702703
0.285714,0.524383,1.262136,27.781527,2.137652,39.000000,0.557940
0.090909,0.809141,1.130435,23.998095,1.743590,13.000000,0.530612
0.111111,0.586781,2.714286,23.024155,1.711111,10.000000,0.730769
0.111111,1.000000,2.300000,21.740905,1.361111,9.000000,0.696970
0.083333,1.000000,1.727273,30.000000,1.582418,14.000000,0.633333
0.142857,0.715694,3.200000,30.000000,1.238095,7.000000,0.761905
0.142857,0.284283,1.500000,28.300912,1.800000,16.000000,0.600000
0.100000,0.955191,2.500000,29.457474,1.818548,32.000000,0.714286
0.100000,0.191234,1.714286,27.000000,1.466667,10.000000,0.631579
0.090909,0.038237,2.666667,28.954688,1.858871,32.000000,0.727273
0.090909,0.375702,9.000000,25.617449,1.872727,11.000000,0.900000
0.200000,0.368909,2.000000,29.879567,1.333333,6.000000,0.666667
0.041667,1.000000,1.971429,15.276829,2.316923,26.000000,0.663462
0.041667,0.675624,3.428571,27.569931,2.163441,31.000000,0.774194
0.076923,1.000000,2.675676,27.069491,2.002151,31.000000,0.727941
0.083333,0.121366,3.000000,27.953759,1.651515,12.000000,0.750000
0.083333,1.000000,2.050000,29.304988,1.723810,15.000000,0.672131
0.100000,1.000000,1.289474,22.339051,1.942105,20.000000,0.563218
0.100000,0.679480,1.900000,24.963671,1.577778,10.000000,0.655172
0.100000,0.841696,2.800000,29.275259,1.867647,17.000000,0.736842
0.100000,0.858182,1.722222,19.173911,1.311111,10.000000,0.632653
0.090909,0.377813,1.388889,26.305333,1.725490,18.000000,0.581395
0.090909,0.865807,2.714286,27.275790,1.833333,16.000000,0.730769
0.055556,0.122057,1.724138,26.589361,1.830065,18.000000,0.632911
0.052632,0.681549,1.870968,26.890909,1.713450,19.000000,0.651685
0.052632,0.710439,1.578947,27.967016,1.930736,22.000000,0.612245
0.166667,0.123962,1.695652,29.436589,1.921569,18.000000,0.629032
0.045455,0.710439,1.578947,27.967016,1.930736,22.000000,0.612245
0.045455,0.016712,2.378378,29.285424,1.887805,41.000000,0.704000
0.250000,0.331533,1.352941,26.869190,1.787879,12.000000,0.575000
0.090909,0.713440,1.555556,20.775384,1.672515,19.000000,0.608696
0.090909,0.137669,1.833333,23.924692,1.709091,11.000000,0.647059
0.142857,0.098529,8.500000,28.224932,1.583333,9.000000,0.894737
0.090909,0.456571,1.555556,20.775384,1.672515,19.000000,0.608696
0.090909,0.137669,1.833333,23.924692,1.709091,11.000000,0.647059
0.047619,0.379687,2.823529,29.337196,2.163441,31.000000,0.738462
0.058824,0.004149,3.468750,28.261172,1.962121,33.000000,0.776224
0.090909,0.004149,2.125000,28.415387,1.890909,11.000000,0.680000
0.166667,0.718377,1.833333,25.000000,1.266667,6.000000,0.647059
0.100000,0.753948,3.681818,23.862190,2.119048,28.000000,0.786408
0.090909,0.848732,1.130435,23.998095,1.743590,13.000000,0.530612
0.083333,0.190531,2.235294,29.157990,1.942959,34.000000,0.690909
0.125000,0.775214,2.964286,29.968653,2.100985,29.000000,0.747748
0.045455,0.012978,1.758621,28.870305,1.806818,33.000000,0.637500
0.045455,0.379202,2.086957,15.425218,2.008658,22.000000,0.676056
0.045455,0.030966,4.107143,29.518412,2.052632,39.000000,0.804196
0.045455,0.379202,2.086957,15.425218,2.008658,22.000000,0.676056
0.166667,0.722915,4.636364,28.564481,2.025210,35.000000,0.822581
0.166667,0.987041,6.000000,30.000000,1.733333,6.000000,0.857143
0.125000,0.996888,1.333333,29.373951,1.642857,8.000000,0.571429
0.125000,0.919410,6.071429,28.145760,1.948276,29.000000,0.858586
0.142857,0.958851,1.625000,21.428571,1.380952,7.000000,0.619048
0.142857,0.785913,4.230769,29.369612,2.042674,38.000000,0.808824
0.083333,0.849692,3.080000,28.450572,1.970899,28.000000,0.754902
0.083333,0.817763,3.000000,27.968516,1.951567,27.000000,0.750000
0.125000,0.249131,2.333333,24.862438,1.571429,8.000000,0.700000
0.166667,0.605489,1.870968,26.890909,1.713450,19.000000,0.651685
0.142857,0.383502,1.714286,26.836889,1.428571,7.000000,0.631579
0.142857,0.008264,3.714286,22.355841,1.672727,11.000000,0.787879
0.166667,1.000000,2.333333,24.862438,1.571429,8.000000,0.700000
0.200000,0.381103,3.222222,28.494801,1.606061,12.000000,0.763158
0.166667,0.037383,2.166667,30.000000,1.133333,6.000000,0.684211
0.083333,0.461952,1.638889,29.973263,1.566176,17.000000,0.621053
0.083333,0.231730,1.750000,16.222140,1.469697,12.000000,0.636364
0.071429,0.179578,1.541667,26.152283,1.659341,14.000000,0.606557
0.071429,1.000000,1.548387,17.282961,1.542857,15.000000,0.607595
0.250000,0.458682,1.638889,29.941321,1.566176,17.000000,0.621053
0.142857,0.622875,1.650000,10.559067,1.500000,12.000000,0.622642
0.083333,0.232477,2.800000,28.149576,1.789474,20.000000,0.736842
0.125000,0.963889,3.400000,26.615703,1.428571,8.000000,0.772727
0.125000,0.195862,3.166667,29.588246,1.690909,11.000000,0.760000
0.125000,0.624006,3.250000,25.955787,1.607143,8.000000,0.764706
0.125000,0.471397,1.947368,26.869544,1.593407,14.000000,0.660714
0.090909,0.113093,1.555556,27.272727,1.490909,11.000000,0.608696
0.090909,0.099386,2.203125,28.697805,1.852381,36.000000,0.687805
0.076923,0.120335,1.085714,26.026266,1.704762,15.000000,0.520548
0.076923,0.602608,2.133333,29.354373,1.628205,13.000000,0.680851
0.250000,0.438442,1.800000,30.000000,1.583333,9.000000,0.642857
0.090909,0.060184,1.318182,24.709848,1.769231,13.000000,0.568627
0.090909,0.592323,2.727273,27.219614,1.681818,12.000000,0.731707
0.250000,0.209636,2.000000,29.951433,1.763636,11.000000,0.666667
0.125000,0.011941,1.916667,29.489602,1.772727,12.000000,0.657143
0.250000,0.556225,2.375000,28.302150,1.644444,10.000000,0.703704
0.043478,0.145521,2.333333,29.215887,2.330011,43.000000,0.700000
0.111111,0.273490,1.560000,29.058242,1.713235,17.000000,0.609375
0.052632,0.632458,1.962963,28.525000,1.807018,19.000000,0.662500
0.125000,0.088133,1.916667,29.489602,1.772727,12.000000,0.657143
0.043478,0.082241,3.875000,28.816684,2.026991,39.000000,0.794872
0.055556,0.251853,1.428571,27.568896,1.790476,21.000000,0.588235
0.055556,0.424289,1.920000,29.218573,1.812865,19.000000,0.657534
0.111111,0.368714,2.428571,26.972121,1.527778,9.000000,0.708333
0.111111,0.270648,3.192308,24.082864,2.100985,29.000000,0.761468
0.034483,0.077190,2.277778,27.292233,2.310256,40.000000,0.694915
0.034483,0.874652,3.074074,29.806779,2.100985,29.000000,0.754545
0.125000,0.121440,1.916667,30.000000,1.772727,12.000000,0.657143
0.125000,1.000000,1.421053,18.573371,1.857143,15.000000,0.586957
0.066667,1.000000,1.421053,18.573371,1.857143,15.000000,0.586957
0.066667,0.456032,1.717949,27.626164,1.909091,23.000000,0.632075
0.125000,1.000000,1.421053,18.573371,1.857143,15.000000,0.586957
0.125000,0.245239,1.916667,30.000000,1.772727,12.000000,0.657143
0.250000,0.025210,4.000000,28.052175,1.333333,4.000000,0.800000
0.083333,0.064266,3.400000,28.823832,1.625000,17.000000,0.772727
0.083333,0.300352,1.333333,30.000000,1.727273,12.000000,0.571429
0.111111,0.945340,6.071429,27.580635,1.948276,29.000000,0.858586
0.111111,1.000000,3.500000,28.155267,1.694444,9.000000,0.777778
0.111111,0.295909,2.000000,25.433947,1.583333,9.000000,0.666667
0.071429,0.464606,1.947368,26.869544,1.593407,14.000000,0.660714
0.100000,0.614622,1.250000,26.960540,2.002463,29.000000,0.555556
0.200000,1.000000,1.666667,29.085274,1.500000,5.000000,0.625000
0.100000,0.000000,1.800000,27.972314,1.400000,10.000000,0.642857
0.100000,0.949464,2.285714,24.032626,1.777778,10.000000,0.695652
0.071429,0.500141,1.571429,24.420797,1.771429,15.000000,0.611111
0.071429,0.635561,1.925926,29.096881,1.900000,20.000000,0.658228
0.166667,0.004329,2.166667,30.000000,1.133333,6.000000,0.684211
0.111111,0.058566,2.651163,26.888908,2.270270,37.000000,0.726115
0.062500,0.087821,1.525000,23.703883,1.870130,22.000000,0.603960
0.076923,0.025220,1.351852,28.176170,1.778986,24.000000,0.574803
0.250000,0.258644,6.000000,27.701187,1.000000,4.000000,0.857143
0.076923,0.204122,2.307692,27.302176,1.684211,20.000000,0.697674
0.080000,0.650545,2.837838,28.861064,2.179924,33.000000,0.739437
0.080000,0.808762,1.204545,25.696066,1.821053,20.000000,0.546392
0.083333,0.544252,2.500000,29.532081,2.324474,43.000000,0.714286
0.083333,0.008621,1.923077,28.627965,1.681818,12.000000,0.657895
0.083333,0.463203,2.236364,27.409927,2.310256,40.000000,0.691011
0.083333,0.464350,1.650000,27.500000,1.545455,12.000000,0.622642
0.125000,0.400948,2.310345,28.833664,2.313589,42.000000,0.697917
0.125000,0.506941,1.888889,23.095095,1.428571,8.000000,0.653846
0.040000,0.525564,2.392857,26.982671,2.313589,42.000000,0.705263
0.100000,0.435889,2.000000,30.000000,1.466667,10.000000,0.666667
0.100000,0.498762,1.478261,27.167872,1.769231,14.000000,0.596491
0.055556,0.153484,2.178571,21.183512,1.916996,23.000000,0.685393
0.055556,0.219203,1.612903,29.489845,1.830065,18.000000,0.617284
0.125000,1.000000,4.000000,28.633575,1.913420,22.000000,0.800000
0.125000,0.261456,2.833333,28.236562,1.428571,8.000000,0.739130
0.071429,0.498762,1.478261,27.167872,1.769231,14.000000,0.596491
0.071429,0.690261,2.156250,27.994818,1.843333,25.000000,0.683168
0.045455,0.102059,2.321429,28.128096,1.809524,22.000000,0.698925
0.111111,0.546237,1.888889,28.923618,1.527778,9.000000,0.653846
0.076923,0.719696,2.705882,30.000000,1.830882,17.000000,0.730159
0.050000,0.877345,1.204545,25.696066,1.821053,20.000000,0.546392
0.090909,0.440446,2.318182,24.393372,1.751634,18.000000,0.698630
0.200000,0.475406,2.461538,27.531019,1.628205,13.000000,0.711111
0.066667,0.042572,1.736842,29.033546,1.849802,23.000000,0.634615
0.111111,0.409278,1.923077,30.000000,1.444444,10.000000,0.657895
0.111111,0.024357,1.619048,21.917159,1.775000,16.000000,0.618182
0.062500,0.024357,1.619048,21.917159,1.775000,16.000000,0.618182
0.062500,0.127905,1.347826,28.323587,2.019744,42.000000,0.574074
0.052632,0.310267,1.655172,29.379120,2.081871,19.000000,0.623377
0.043478,0.023245,2.843750,29.032258,2.038710,31.000000,0.739837
0.066667,0.247176,1.736842,28.394999,1.733333,15.000000,0.634615
0.076923,0.216992,2.000000,29.702424,1.780220,14.000000,0.666667
0.076923,0.112467,9.600000,23.856315,1.435897,13.000000,0.905660
0.052632,0.004329,2.000000,25.928378,1.713450,19.000000,0.666667
0.052632,0.735544,1.550000,27.159161,1.924901,23.000000,0.607843
0.200000,0.473045,2.692308,26.757837,1.666667,15.000000,0.729167
0.125000,0.872325,1.687500,30.000000,1.509091,11.000000,0.627907
0.125000,0.343338,3.333333,23.485797,1.321429,8.000000,0.769231
0.125000,0.550214,1.736842,29.033546,1.849802,23.000000,0.634615
0.111111,0.949480,1.176471,27.015248,1.551282,13.000000,0.540541
0.111111,0.233645,2.000000,30.000000,1.277778,9.000000,0.666667
0.083333,1.000000,1.590909,24.116338,1.469697,12.000000,0.614035
0.166667,0.637096,2.444444,30.000000,1.511111,10.000000,0.709677
0.125000,0.413333,1.818182,24.385034,1.555556,10.000000,0.645161
0.125000,0.400186,1.571429,29.339507,1.607143,8.000000,0.611111
0.062500,0.391767,2.288462,29.553768,1.854167,33.000000,0.695906
0.062500,0.404867,16.500000,25.251549,1.916667,16.000000,0.942857
0.041667,0.178889,2.230769,27.727634,2.103841,38.000000,0.690476
0.058824,0.218446,1.520000,27.852158,1.764706,17.000000,0.603175
0.041667,0.377968,1.543478,29.061035,2.009231,26.000000,0.606838
0.090909,0.369062,2.235294,29.039445,1.942959,34.000000,0.690909
0.090909,0.406880,1.900000,22.579100,1.763636,11.000000,0.655172
0.083333,0.008621,9.500000,29.955069,2.106061,12.000000,0.904762
0.083333,0.185908,1.769231,29.888302,1.833333,13.000000,0.638889
0.142857,0.181591,2.125000,29.299737,1.190476,7.000000,0.680000
0.142857,0.339789,2.156250,27.645117,1.934783,24.000000,0.683168
0.083333,0.090909,9.500000,29.955069,2.106061,12.000000,0.904762
0.083333,0.185908,1.769231,29.888302,1.833333,13.000000,0.638889
0.142857,0.049003,2.156250,27.645117,1.934783,24.000000,0.683168
0.142857,0.181591,2.125000,29.299737,1.190476,7.000000,0.680000
0.071429,0.217563,1.739130,28.899494,1.604396,14.000000,0.634921
0.250000,0.510557,2.000000,26.879222,1.333333,4.000000,0.666667
0.250000,0.452005,1.916667,29.128463,1.533333,10.000000,0.657143
0.111111,0.264489,2.200000,29.402149,1.416667,9.000000,0.687500
0.142857,0.707978,4.333333,27.984642,1.380952,7.000000,0.812500
0.083333,0.198285,1.600000,12.757001,1.727273,12.000000,0.615385
0.166667,0.178305,3.000000,30.000000,1.400000,6.000000,0.750000
0.200000,0.747836,4.307692,23.860557,2.015810,23.000000,0.811594
0.076923,0.291630,3.125000,27.577568,1.717949,13.000000,0.757576
0.238095,0.558564,3.288462,26.072786,2.141844,48.000000,0.766816
0.076923,0.920603,2.066667,30.000000,1.602564,13.000000,0.673913
0.076923,1.000000,1.538462,23.752517,1.560440,14.000000,0.606061
0.071429,1.000000,1.538462,23.752517,1.560440,14.000000,0.606061
0.071429,0.037827,3.222222,28.787214,1.810526,20.000000,0.763158
0.040000,0.042884,2.255814,27.818752,1.897463,44.000000,0.692857
0.040000,0.455745,1.147541,23.067474,1.950000,25.000000,0.534351
0.125000,0.139969,1.888889,28.421441,1.428571,8.000000,0.653846
0.034483,0.130759,1.730769,29.230074,1.842365,29.000000,0.633803
0.040000,0.455745,1.147541,23.067474,1.950000,25.000000,0.534351
0.040000,0.201255,2.230769,28.073217,2.103841,38.000000,0.690476
0.058824,0.455745,1.147541,23.067474,1.950000,25.000000,0.534351
0.058824,0.393886,1.741935,28.271701,2.011696,19.000000,0.635294
0.076923,1.000000,2.000000,23.077364,1.743590,13.000000,0.666667
0.076923,1.000000,2.375000,29.680313,1.780952,15.000000,0.703704
0.076923,1.000000,2.000000,23.077364,1.743590,13.000000,0.666667
0.076923,0.023669,1.562092,26.539915,2.162734,58.000000,0.609694
0.125000,1.000000,1.545455,30.000000,1.392857,8.000000,0.607143
0.125000,0.027160,2.641509,27.546928,1.852101,35.000000,0.725389
0.100000,0.078168,1.692308,30.000000,1.511111,10.000000,0.628571
0.100000,0.082909,1.636364,9.915920,1.928105,18.000000,0.620690
0.125000,0.078459,1.529412,27.272744,1.563636,11.000000,0.604651
0.066667,0.042254,2.500000,28.327844,2.256566,45.000000,0.714286
0.066667,0.063431,2.071429,28.268905,2.047619,15.000000,0.674419
0.066667,0.000000,2.500000,28.327844,2.256566,45.000000,0.714286
0.066667,0.063431,2.071429,28.268905,2.047619,15.000000,0.674419
0.100000,0.547809,1.600000,23.587411,1.733333,10.000000,0.615385
0.100000,1.000000,2.181818,29.902189,1.818548,32.000000,0.685714
0.100000,0.834950,4.400000,27.823128,1.709091,11.000000,0.814815
0.100000,0.215332,2.142857,26.018934,1.711111,10.000000,0.681818
0.100000,0.404142,2.142857,29.813462,1.711111,10.000000,0.681818
0.100000,0.227151,1.628571,23.804209,1.783626,19.000000,0.619565
0.200000,0.698211,2.000000,29.166787,1.200000,5.000000,0.666667
0.071429,0.060380,1.954545,27.724978,1.527473,14.000000,0.661538
0.040000,0.329449,1.695652,28.624249,1.988604,27.000000,0.629032
0.040000,0.004004,2.761905,28.530198,2.103841,38.000000,0.734177
0.052632,0.035943,1.750000,27.730344,1.721053,20.000000,0.636364
0.052632,0.226679,1.928571,26.456765,1.880000,25.000000,0.658537
0.040000,0.418824,2.389610,29.543318,1.883856,42.000000,0.704981
0.040000,0.226679,1.928571,26.456765,1.880000,25.000000,0.658537
0.083333,0.177352,1.978723,28.932025,1.889163,29.000000,0.664286
0.083333,0.000000,1.933333,29.099679,1.780952,15.000000,0.659091
0.066667,0.807406,1.933333,28.488929,2.047619,15.000000,0.659091
0.066667,0.065741,1.204545,26.431672,1.800000,20.000000,0.546392
0.066667,0.285365,2.500000,28.775216,2.256566,45.000000,0.714286
0.066667,0.807406,1.933333,28.488929,2.047619,15.000000,0.659091
0.066667,0.135084,2.500000,28.775216,2.256566,45.000000,0.714286
0.066667,0.807406,1.933333,28.488929,2.047619,15.000000,0.659091
0.066667,0.922773,1.933333,28.488929,2.047619,15.000000,0.659091
0.066667,0.065741,1.204545,26.431672,1.800000,20.000000,0.546392
0.066667,0.285365,2.500000,28.775216,2.256566,45.000000,0.714286
0.066667,0.922773,1.933333,28.488929,2.047619,15.000000,0.659091
0.066667,0.135084,2.500000,28.775216,2.256566,45.000000,0.714286
0.066667,0.922773,1.933333,28.488929,2.047619,15.000000,0.659091
0.125000,0.004255,1.538462,30.000000,1.285714,8.000000,0.606061
0.100000,0.097565,2.200000,22.834219,1.803030,12.000000,0.687500
0.142857,0.073973,1.562092,26.539915,2.162734,58.000000,0.609694
0.100000,1.000000,1.666667,30.000000,1.600000,10.000000,0.625000
0.100000,0.075433,1.818182,27.919657,1.555556,10.000000,0.645161
0.100000,0.576154,1.533333,24.553708,1.581818,11.000000,0.605263
0.111111,0.004292,2.888889,28.293373,1.277778,9.000000,0.742857
0.111111,0.722265,1.204545,26.431672,1.800000,20.000000,0.546392
0.076923,0.525920,2.333333,30.000000,1.717949,13.000000,0.700000
0.076923,0.722265,1.204545,26.431672,1.800000,20.000000,0.546392
0.055556,0.180476,3.909091,28.391056,1.911681,27.000000,0.796296
0.090909,0.300371,2.107143,28.476088,1.692810,18.000000,0.678161
0.090909,1.000000,1.615385,10.784227,1.618182,11.000000,0.617647
0.055556,0.111152,2.159091,28.807738,1.849003,27.000000,0.683453
0.083333,0.369730,1.578947,24.410493,1.575758,12.000000,0.612245
0.250000,0.475858,2.714286,21.367670,1.711111,10.000000,0.730769
0.250000,0.865874,4.000000,12.925743,1.333333,4.000000,0.800000
0.200000,0.614333,2.230769,28.190330,2.047619,15.000000,0.690476
0.142857,0.232343,1.842105,29.965591,1.666667,21.000000,0.648148
0.125000,0.688594,1.242424,27.707789,1.784615,26.000000,0.554054
0.125000,0.016393,1.720000,21.451636,2.041667,16.000000,0.632353
0.200000,0.960626,1.933333,28.488929,2.047619,15.000000,0.659091
0.100000,0.358761,2.375000,26.929852,1.711111,10.000000,0.703704
0.076923,0.380921,11.000000,28.946243,2.102564,13.000000,0.916667
0.076923,0.456919,11.000000,28.946243,2.102564,13.000000,0.916667
0.071429,0.029564,2.448276,28.603883,1.860360,37.000000,0.710000
0.111111,0.728604,3.400000,30.000000,1.527778,9.000000,0.772727
0.111111,0.728604,3.400000,30.000000,1.527778,9.000000,0.772727
0.142857,0.317738,1.434783,23.159443,1.725275,14.000000,0.589286
0.071429,0.238340,1.571429,29.035370,1.549451,14.000000,0.611111
0.071429,0.055143,2.500000,28.327844,2.256566,45.000000,0.714286
0.076923,0.578879,1.520000,29.901575,1.551282,13.000000,0.603175
0.250000,1.000000,3.000000,30.000000,1.714286,7.000000,0.750000
0.250000,0.194056,2.026316,28.093138,1.796296,28.000000,0.669565
0.076923,1.000000,2.000000,23.709175,1.743590,13.000000,0.666667
0.076923,0.810432,2.500000,28.327803,1.833333,16.000000,0.714286
0.076923,0.197125,1.532051,27.596747,2.162734,58.000000,0.605063
0.076923,1.000000,2.000000,23.709175,1.743590,13.000000,0.666667
0.125000,0.727788,1.750000,29.840059,1.500000,8.000000,0.636364
0.125000,0.229177,4.333333,19.890247,1.722222,9.000000,0.812500
0.125000,0.414421,1.600000,27.272727,1.563636,11.000000,0.615385
0.166667,0.069138,3.714286,27.018393,1.707510,23.000000,0.787879
0.111111,0.085048,2.066667,23.252542,1.823810,21.000000,0.673913
0.111111,1.000000,3.600000,27.502907,1.555556,9.000000,0.782609
0.090909,0.085048,2.066667,23.252542,1.823810,21.000000,0.673913
0.090909,0.981414,1.846154,29.303705,1.618182,11.000000,0.648649
0.166667,1.000000,1.611111,28.726740,1.681319,14.000000,0.617021
0.090909,0.808103,1.692308,29.920030,1.633333,16.000000,0.628571
0.125000,0.413126,3.000000,28.973502,1.505495,14.000000,0.750000
0.125000,0.199605,1.147541,23.067474,1.950000,25.000000,0.534351
0.058824,0.453418,7.142857,29.178194,2.103896,22.000000,0.877193
0.058824,0.798447,1.904762,27.284429,1.816176,17.000000,0.655738
0.058824,0.097460,7.142857,29.178194,2.103896,22.000000,0.877193
0.058824,0.798447,1.904762,27.284429,1.816176,17.000000,0.655738
0.052632,1.000000,1.420000,27.042395,2.206349,28.000000,0.586777
0.052632,0.264032,1.359649,28.042572,2.019744,42.000000,0.576208
0.111111,0.018750,1.805556,26.716632,1.700000,20.000000,0.643564
0.125000,0.457635,1.239437,26.855300,1.783476,27.000000,0.553459
0.125000,1.000000,1.869565,27.064597,2.041667,16.000000,0.651515
0.066667,0.008547,2.304348,28.470542,1.807971,24.000000,0.697368
0.066667,0.272050,3.307692,28.567333,1.695238,15.000000,0.767857
0.250000,1.000000,4.000000,24.793107,1.333333,4.000000,0.800000
0.250000,1.000000,4.000000,25.544096,1.333333,4.000000,0.800000
0.142857,0.587615,2.000000,30.000000,1.763636,11.000000,0.666667
0.076923,0.945871,11.000000,30.000000,2.102564,13.000000,0.916667
0.076923,1.000000,11.000000,30.000000,2.102564,13.000000,0.916667
0.052632,0.473216,1.728814,29.037479,1.806818,33.000000,0.633540
0.142857,0.391466,2.000000,30.000000,1.763636,11.000000,0.666667
0.071429,0.020913,2.327869,29.754988,1.860360,37.000000,0.699507
0.062500,0.109215,1.740741,27.296760,1.608333,16.000000,0.635135
0.043478,1.000000,1.585366,29.287572,1.920949,23.000000,0.613208
0.038462,0.111719,2.510638,29.622559,2.126856,39.000000,0.715152
0.250000,1.000000,2.800000,29.627376,1.694444,9.000000,0.736842
0.250000,0.295313,2.800000,29.627376,1.694444,9.000000,0.736842
0.200000,0.438270,1.833333,29.599757,1.476190,7.000000,0.647059
0.052632,0.027153,1.628571,23.804209,1.783626,19.000000,0.619565
0.066667,0.696364,2.142857,30.000000,1.705882,18.000000,0.681818
0.033333,0.375507,1.900000,26.645291,1.869369,37.000000,0.655172
0.100000,0.090768,2.636364,27.972314,1.355556,10.000000,0.725000
0.166667,0.224295,1.377358,27.592667,1.778986,24.000000,0.579365
0.076923,0.027450,1.468750,29.928915,1.790850,18.000000,0.594937
0.071429,0.316903,1.736842,29.622576,1.637363,14.000000,0.634615
0.058824,0.175842,2.900000,30.000000,1.810526,20.000000,0.743590
0.043478,0.324324,2.523810,28.151682,1.807971,24.000000,0.716216
0.125000,0.458354,2.666667,30.000000,1.466667,10.000000,0.727273
0.125000,1.000000,2.090909,26.471606,1.533333,10.000000,0.676471
0.076923,0.169630,3.500000,28.807958,1.920949,23.000000,0.777778
0.095238,0.755574,1.593750,29.915100,1.806818,33.000000,0.614458
0.095238,0.854168,1.628571,23.804209,1.783626,19.000000,0.619565
0.142857,1.000000,1.538462,30.000000,1.285714,8.000000,0.606061
0.250000,0.840119,1.314815,28.533677,1.714286,21.000000,0.568000
0.090909,0.479407,1.529412,27.863318,1.563636,11.000000,0.604651
0.090909,0.854168,1.628571,23.804209,1.783626,19.000000,0.619565
0.090909,0.710891,1.769231,27.721952,1.905138,23.000000,0.638889
0.090909,0.454509,2.111111,27.272727,1.690909,11.000000,0.678571
0.047619,0.319856,2.222222,28.592735,1.846561,28.000000,0.689655
0.047619,0.774437,1.489362,28.089246,1.945652,24.000000,0.598291
0.050000,0.007476,1.988372,25.910667,2.007401,47.000000,0.665370
0.111111,0.004219,5.500000,28.564756,1.388889,9.000000,0.846154
0.111111,0.090219,2.035714,25.576709,2.007401,47.000000,0.670588
0.050000,0.249700,2.151515,28.972731,1.719368,23.000000,0.682692
0.050000,0.238880,2.285714,24.008782,1.989474,20.000000,0.695652
0.066667,1.000000,1.461538,30.000000,1.723810,15.000000,0.593750
0.142857,0.131579,11.000000,29.775894,1.476190,7.000000,0.916667
0.142857,0.174285,2.035714,25.576709,2.007401,47.000000,0.670588
0.100000,0.335647,1.500000,29.285450,1.690909,11.000000,0.600000
0.045455,0.115175,1.204082,24.103793,1.844156,22.000000,0.546296
0.045455,0.112590,2.236842,29.815513,2.253401,49.000000,0.691057
0.045455,0.115175,1.204082,24.103793,1.844156,22.000000,0.546296
0.045455,0.078502,2.236842,29.815513,2.253401,49.000000,0.691057
0.076923,0.378625,2.285714,25.306623,1.989474,20.000000,0.695652
0.076923,0.220832,1.238095,23.622004,1.807692,13.000000,0.553191
0.250000,0.663429,2.000000,17.132670,1.000000,4.000000,0.666667
0.200000,0.020696,1.466667,24.320808,1.900585,19.000000,0.594595
0.100000,0.673042,1.204082,24.103793,1.844156,22.000000,0.546296
0.100000,0.016807,2.636364,27.894682,1.355556,10.000000,0.725000
0.142857,0.020696,1.466667,24.320808,1.900585,19.000000,0.594595
0.076923,0.673042,1.204082,24.103793,1.844156,22.000000,0.546296
0.166667,1.000000,1.533333,30.000000,1.533333,10.000000,0.605263
0.166667,1.000000,1.533333,30.000000,1.533333,10.000000,0.605263
0.200000,0.280785,1.424242,27.976619,1.790850,18.000000,0.587500
0.200000,1.000000,3.500000,30.000000,1.300000,5.000000,0.777778
0.125000,0.064748,2.085714,30.000000,1.916923,26.000000,0.675926
0.111111,0.071503,2.032609,26.575773,2.027755,50.000000,0.670251
0.090909,0.454088,2.000000,28.825709,1.563636,11.000000,0.666667
0.090909,0.223995,2.235294,25.522379,1.637363,14.000000,0.690909
0.250000,0.514286,2.333333,16.981402,1.300000,5.000000,0.700000
0.250000,0.538984,3.666667,30.000000,1.476190,7.000000,0.785714
0.250000,0.155208,3.666667,30.000000,1.476190,7.000000,0.785714
0.125000,1.000000,1.583333,30.000000,1.321429,8.000000,0.612903
0.076923,0.130931,1.529412,29.634406,2.163388,61.000000,0.604651
0.125000,1.000000,1.583333,30.000000,1.321429,8.000000,0.612903
0.100000,1.000000,1.313433,27.690010,1.783476,27.000000,0.567742
0.133333,0.355711,2.217391,27.604930,2.000000,17.000000,0.689189
0.133333,1.000000,1.275362,27.285927,1.783476,27.000000,0.560510
0.100000,1.000000,1.704545,29.078325,1.675325,22.000000,0.630252
0.100000,0.793533,2.600000,26.511324,1.884615,13.000000,0.722222
0.100000,1.000000,1.704545,29.078325,1.675325,22.000000,0.630252
0.100000,1.000000,2.600000,26.511324,1.884615,13.000000,0.722222
0.166667,0.459719,3.833333,29.350725,1.681818,12.000000,0.793103
0.055556,0.285102,1.536424,26.330184,2.159148,57.000000,0.605744
0.066667,0.057347,3.166667,27.762373,1.723810,15.000000,0.760000
0.066667,1.000000,1.869565,26.544457,1.813853,22.000000,0.651515
0.200000,0.163690,4.969697,27.373831,2.147163,48.000000,0.832487
0.100000,0.353318,2.416667,29.872048,1.355556,10.000000,0.707317
0.100000,0.590411,1.157895,23.555363,1.855072,24.000000,0.536585
0.076923,0.004219,1.722222,27.988653,1.602564,13.000000,0.632653
0.076923,0.590411,1.157895,23.555363,1.855072,24.000000,0.536585
0.100000,0.225590,3.000000,29.448865,1.621212,12.000000,0.750000
0.090909,0.461288,3.636364,28.162570,1.916923,26.000000,0.784314
0.090909,0.356478,3.000000,27.785206,1.563636,11.000000,0.750000
0.090909,0.027841,2.421053,28.974607,2.250196,51.000000,0.707692
0.090909,0.337031,1.238095,23.622004,1.807692,13.000000,0.553191
0.100000,0.743399,4.130435,28.712522,2.111828,31.000000,0.805085
0.090909,0.200438,2.421053,28.974607,2.250196,51.000000,0.707692
0.090909,0.337031,1.238095,23.622004,1.807692,13.000000,0.553191
0.166667,0.337031,1.238095,23.622004,1.807692,13.000000,0.553191
0.166667,0.856769,4.500000,26.869677,1.400000,6.000000,0.818182
0.083333,1.000000,1.941176,29.264366,1.875000,16.000000,0.660000
0.090909,0.088888,2.111111,27.272727,1.690909,11.000000,0.678571
0.090909,1.000000,2.000000,27.018254,1.809524,15.000000,0.666667
0.142857,0.670147,2.100000,25.147092,1.533333,10.000000,0.677419
0.100000,0.123538,2.444444,26.094121,1.511111,10.000000,0.709677
0.071429,0.808795,3.928571,29.365295,1.742690,19.000000,0.797101
0.111111,0.113998,2.174419,28.048202,2.027755,50.000000,0.684982
0.166667,0.476322,3.117647,28.502029,1.942105,20.000000,0.757143
0.166667,0.785259,2.250000,30.000000,1.400000,6.000000,0.692308
0.142857,0.762833,1.833333,12.324740,1.690909,11.000000,0.647059
0.142857,0.590785,2.500000,30.000000,1.619048,7.000000,0.714286
0.052632,0.464759,2.142857,27.841776,1.777778,19.000000,0.681818
0.125000,0.266277,3.000000,23.350485,1.563636,11.000000,0.750000
0.125000,0.012766,1.392857,24.593846,1.849673,18.000000,0.582090
0.125000,0.012766,1.392857,24.593846,1.849673,18.000000,0.582090
0.125000,0.266277,3.000000,23.350485,1.563636,11.000000,0.750000
0.125000,0.108318,1.636364,20.300827,1.500000,9.000000,0.620690
0.125000,0.274026,2.230769,19.952010,1.958333,16.000000,0.690476
0.125000,0.108318,1.636364,20.300827,1.500000,9.000000,0.620690
0.125000,0.274026,2.230769,19.952010,1.958333,16.000000,0.690476
0.166667,0.180819,2.000000,25.792695,1.466667,6.000000,0.666667
0.166667,1.000000,2.766667,29.882552,1.780000,25.000000,0.734513
0.100000,1.000000,1.944444,29.632471,1.722944,22.000000,0.660377
0.100000,0.679089,1.357143,29.105011,1.688889,10.000000,0.575758
0.076923,0.117712,1.687500,23.759429,1.868132,14.000000,0.627907
0.076923,0.051643,1.687500,29.651592,1.730769,13.000000,0.627907
0.111111,0.018868,1.888889,30.000000,1.690909,11.000000,0.653846
0.111111,0.884652,3.750000,17.065797,1.722222,9.000000,0.789474
0.250000,0.121545,5.750000,29.258185,1.527473,14.000000,0.851852
0.200000,0.574934,3.000000,26.096013,1.400000,5.000000,0.750000
0.200000,0.656441,2.666667,14.000823,1.533333,6.000000,0.727273
0.022222,0.141519,4.418605,28.609059,1.933333,45.000000,0.815451
0.022222,0.090969,2.298851,29.862475,2.269360,55.000000,0.696864
0.022222,0.141519,4.418605,28.609059,1.933333,45.000000,0.815451
0.022222,0.090969,2.298851,29.862475,2.269360,55.000000,0.696864
0.166667,1.000000,2.250000,30.000000,1.400000,6.000000,0.692308
0.166667,0.059724,2.200000,28.547438,1.266667,6.000000,0.687500
0.166667,0.947113,1.833333,21.761371,1.266667,6.000000,0.647059
0.166667,1.000000,2.000000,28.551071,1.516667,16.000000,0.666667
0.111111,0.161766,3.000000,24.873354,1.563636,11.000000,0.750000
0.111111,0.464590,1.636364,20.300827,1.500000,9.000000,0.620690
0.125000,0.386316,1.600000,19.044191,1.428571,8.000000,0.615385
0.125000,0.206844,1.543478,25.115713,2.000000,26.000000,0.606838
0.111111,0.251161,1.479167,26.289128,2.000000,26.000000,0.596639
0.062500,0.059311,2.600000,28.540891,1.791667,16.000000,0.722222
0.062500,0.281517,4.000000,29.477677,1.713235,17.000000,0.800000
0.142857,0.404068,1.245614,24.398982,2.000000,26.000000,0.554688
0.047619,0.086163,1.769231,28.096054,1.876190,21.000000,0.638889
0.047619,0.004255,1.680851,26.672526,1.866667,25.000000,0.626984
0.047619,0.244199,2.976190,28.591351,1.884135,34.000000,0.748503
0.047619,0.094641,1.769231,26.574844,1.876190,21.000000,0.638889
0.200000,0.372144,3.277778,29.110562,1.699346,18.000000,0.766234
0.038462,0.082864,3.179487,27.625802,1.856061,33.000000,0.760736
0.038462,0.404068,1.245614,24.398982,2.000000,26.000000,0.554688
0.076923,0.264500,1.424242,28.551322,1.790850,18.000000,0.587500
0.076923,0.184297,1.900000,26.300999,1.564103,13.000000,0.655172
0.125000,0.218994,2.375000,29.840059,1.321429,8.000000,0.703704
0.125000,0.193178,1.612903,22.573488,1.803922,18.000000,0.617284
0.100000,0.910455,1.468085,29.756889,1.943333,25.000000,0.594828
0.100000,1.000000,2.533333,30.000000,1.582418,14.000000,0.716981
0.100000,0.637431,1.562500,30.000000,1.466667,10.000000,0.609756
0.100000,0.051220,1.875000,27.604980,1.816993,18.000000,0.652174
0.166667,0.147883,4.500000,30.000000,1.400000,6.000000,0.818182
0.125000,0.445267,3.500000,29.484015,1.672727,11.000000,0.777778
0.125000,1.000000,1.230769,26.277842,1.838095,15.000000,0.551724
0.200000,0.413809,1.666667,27.239171,1.681818,12.000000,0.625000
0.100000,0.084886,4.600000,28.159719,1.488889,10.000000,0.821429
0.100000,0.085860,1.520000,26.345514,1.852941,17.000000,0.603175
0.058824,0.114045,2.273810,29.051037,2.253266,53.000000,0.694545
0.058824,0.690575,1.157895,23.555363,1.855072,24.000000,0.536585
0.200000,0.136905,1.684211,25.899028,1.790476,15.000000,0.627451
0.058824,0.497976,2.273810,29.051037,2.253266,53.000000,0.694545
0.058824,0.690575,1.157895,23.555363,1.855072,24.000000,0.536585
0.125000,0.151122,5.333333,27.281459,1.428571,8.000000,0.842105
0.125000,0.018314,1.527273,29.134824,2.160452,60.000000,0.604317
0.050000,0.622793,1.451777,30.000000,2.155754,64.000000,0.592133
0.166667,0.619138,1.466667,30.000000,2.155754,64.000000,0.594595
0.062500,0.316678,1.540541,29.850299,2.140297,63.000000,0.606383
0.062500,0.613472,2.230769,19.952010,1.958333,16.000000,0.690476
0.142857,0.006375,1.566265,29.221875,2.163388,61.000000,0.610329
0.058824,0.468033,3.307692,26.740350,1.772059,17.000000,0.767857
0.058824,0.764649,1.184211,27.823243,2.002463,29.000000,0.542169
0.071429,1.000000,1.555556,28.771474,1.538462,14.000000,0.608696
0.071429,0.054339,1.514085,25.318873,2.167677,55.000000,0.602241
0.142857,0.275513,1.359649,28.042572,2.019744,42.000000,0.576208
0.142857,0.707996,1.428571,27.985608,1.551282,13.000000,0.588235
0.133333,1.000000,1.357143,24.709497,1.780952,15.000000,0.575758
0.133333,0.258412,1.513514,29.189131,2.004430,43.000000,0.602151
0.037037,0.216766,1.857143,28.407235,1.804301,31.000000,0.650000
0.037037,0.167734,1.544444,28.488445,2.021337,38.000000,0.606987
0.250000,0.271337,4.000000,28.776760,1.333333,4.000000,0.800000
0.250000,0.388779,1.521277,29.854036,2.155754,64.000000,0.603376
0.111111,0.034392,1.529412,29.634406,2.163388,61.000000,0.604651
0.200000,0.812870,1.656250,26.072840,1.948052,22.000000,0.623529
0.125000,0.499241,2.428571,27.915399,1.428571,8.000000,0.708333
0.125000,0.812870,1.656250,26.072840,1.948052,22.000000,0.623529
0.052632,0.173752,3.461538,27.282789,1.900585,19.000000,0.775862
0.052632,0.804002,1.558824,28.791513,1.948052,22.000000,0.609195
0.250000,0.586350,2.410959,28.976938,1.887805,41.000000,0.706827
0.090909,0.241226,1.824561,28.928210,2.089610,56.000000,0.645963
0.250000,1.000000,1.937500,27.679881,1.659341,14.000000,0.659574
0.250000,0.751879,2.142857,30.000000,1.464286,8.000000,0.681818
0.058824,0.084351,1.333333,28.722669,1.757353,17.000000,0.571429
0.058824,0.359515,1.559322,29.297166,1.788506,30.000000,0.609272
0.142857,1.000000,3.000000,29.817211,1.285714,7.000000,0.750000
0.142857,0.412638,3.200000,29.817211,1.238095,7.000000,0.761905
0.100000,0.491739,1.800000,29.454298,1.892473,31.000000,0.642857
0.100000,0.416768,2.800000,26.927740,1.422222,10.000000,0.736842
0.200000,0.046907,1.862745,28.916058,1.889113,32.000000,0.650685
0.083333,0.530776,5.285714,28.260337,1.439394,12.000000,0.840909
0.083333,0.059640,2.965517,21.010304,2.105911,29.000000,0.747826
0.090909,0.210599,1.659574,28.209619,1.811594,24.000000,0.624000
0.083333,1.000000,2.142857,28.457504,1.673203,18.000000,0.681818
0.083333,0.419067,4.800000,24.702859,1.954545,12.000000,0.827586
0.071429,0.767780,1.611111,28.726740,1.681319,14.000000,0.617021
0.071429,1.000000,1.555556,19.984715,1.538462,14.000000,0.608696
0.090909,0.225816,3.571429,27.417162,2.076923,13.000000,0.781250
0.076923,0.089190,2.000000,28.042697,1.743590,13.000000,0.666667
0.076923,0.588961,3.500000,24.851841,1.857143,15.000000,0.777778
0.250000,0.293723,2.333333,29.026087,1.500000,8.000000,0.700000
0.166667,1.000000,1.600000,30.000000,1.733333,10.000000,0.615385
0.166667,1.000000,1.600000,30.000000,1.733333,10.000000,0.615385
0.250000,0.964709,3.166667,30.000000,2.136364,12.000000,0.760000
0.111111,0.596751,1.435897,29.790025,1.857143,21.000000,0.589474
0.250000,0.964709,3.166667,30.000000,2.136364,12.000000,0.760000
0.100000,0.053954,1.450000,21.326271,1.789474,20.000000,0.591837
0.050000,0.086870,1.853211,29.583669,2.088749,54.000000,0.649518
0.050000,0.089593,1.450000,19.707123,1.789474,20.000000,0.591837
0.100000,1.000000,1.450000,21.326271,1.789474,20.000000,0.591837
0.050000,1.000000,1.450000,19.707123,1.789474,20.000000,0.591837
0.050000,0.086870,1.853211,29.583669,2.088749,54.000000,0.649518
0.250000,1.000000,2.114286,21.959321,2.084656,28.000000,0.678899
0.166667,0.473456,3.464286,20.482710,2.315508,34.000000,0.776000
0.166667,1.000000,2.114286,21.959321,2.084656,28.000000,0.678899
0.250000,0.745940,1.571429,24.980438,1.523810,7.000000,0.611111
0.166667,0.778471,1.571429,30.000000,1.666667,12.000000,0.611111
0.166667,0.181133,3.152174,28.795066,1.890390,37.000000,0.759162
0.250000,1.000000,1.833333,28.776087,1.666667,12.000000,0.647059
0.125000,0.002682,2.931034,28.411924,2.103608,47.000000,0.745614
0.125000,0.824508,1.555556,25.746768,1.500000,8.000000,0.608696
0.076923,0.064683,1.473684,14.532283,1.705128,13.000000,0.595745
0.076923,0.014814,2.253731,28.780142,2.223188,46.000000,0.692661
0.111111,1.000000,1.458333,19.703327,1.850000,16.000000,0.593220
0.142857,0.008403,1.500000,26.494621,1.476190,7.000000,0.600000
0.076923,0.048565,2.142857,28.605719,1.802198,14.000000,0.681818
0.076923,0.120868,2.032609,26.575773,2.027755,50.000000,0.670251
0.125000,0.053498,2.800000,24.248764,1.571429,8.000000,0.736842
0.047619,0.057131,2.450000,26.356939,2.080952,21.000000,0.710145
0.047619,0.061864,1.862069,23.622222,1.991342,22.000000,0.650602
0.250000,0.250724,4.621622,28.662181,2.147109,49.000000,0.822115
0.045455,0.022998,2.220588,29.119482,2.223188,46.000000,0.689498
0.045455,0.061864,1.862069,23.622222,1.991342,22.000000,0.650602
0.166667,0.000000,2.750000,29.786746,1.266667,6.000000,0.733333
0.125000,0.727348,1.538462,24.723944,1.444444,9.000000,0.606061
0.058824,1.000000,1.862069,28.566898,1.602941,17.000000,0.650602
0.083333,0.654414,2.307692,27.237473,1.615385,13.000000,0.697674
0.111111,0.001271,5.000000,30.000000,1.406593,14.000000,0.833333
0.111111,0.068047,1.692308,21.181873,1.860000,25.000000,0.628571
0.111111,0.025751,2.500000,27.234619,1.500000,12.000000,0.714286
0.111111,0.282829,2.600000,28.978305,1.694444,9.000000,0.722222
0.058824,0.088818,1.666667,30.000000,1.654412,17.000000,0.625000
0.058824,0.765276,3.230769,29.788642,1.776667,25.000000,0.763636
0.125000,1.000000,1.600000,19.044191,1.428571,8.000000,0.615385
0.125000,0.784302,3.360000,29.493044,1.776667,25.000000,0.770642
0.066667,0.555605,1.519231,28.951767,2.059596,45.000000,0.603053
0.100000,0.124803,1.300000,23.221750,1.844156,22.000000,0.565217
0.100000,0.247294,2.468750,19.826487,1.713768,24.000000,0.711712
0.100000,0.007144,1.300000,23.221750,1.844156,22.000000,0.565217
0.111111,0.547364,2.000000,25.582208,1.672727,11.000000,0.666667
0.111111,0.605396,2.800000,29.332135,1.490909,11.000000,0.736842
0.111111,0.647606,2.250000,28.946736,1.555556,9.000000,0.692308
0.111111,1.000000,1.720000,24.721723,2.041667,16.000000,0.632353
0.111111,0.799275,2.142857,25.236777,1.861905,21.000000,0.681818
0.100000,0.573679,2.625000,27.282988,1.779412,17.000000,0.724138
0.200000,0.115177,1.783784,26.789556,1.987692,26.000000,0.640777
0.200000,0.056626,1.777778,26.960694,1.956667,25.000000,0.640000
0.111111,0.056626,1.777778,26.960694,1.956667,25.000000,0.640000
0.111111,0.629358,3.000000,29.889163,1.444444,9.000000,0.750000
0.052632,0.056626,1.777778,26.960694,1.956667,25.000000,0.640000
0.052632,0.302527,3.214286,29.961969,1.900585,19.000000,0.762712
0.100000,0.455658,1.750000,30.000000,1.600000,10.000000,0.636364
0.100000,0.179117,1.766667,28.308620,1.721053,20.000000,0.638554
0.250000,0.544903,2.400000,24.745570,1.428571,7.000000,0.705882
0.100000,1.000000,1.900000,26.645291,1.869369,37.000000,0.655172
0.100000,0.223782,1.400000,27.315561,1.600000,10.000000,0.583333
0.090909,1.000000,1.777778,25.148590,1.895161,32.000000,0.640000
0.090909,0.670478,1.578947,14.487687,1.454545,11.000000,0.612245
0.083333,1.000000,2.043478,29.009702,1.953243,52.000000,0.671429
0.052632,0.170536,2.146341,28.076561,1.977011,30.000000,0.682171
0.052632,1.000000,1.869565,15.529205,1.929825,19.000000,0.651515
0.200000,0.210975,2.363636,30.000000,1.961538,13.000000,0.702703
0.083333,0.837834,2.625000,28.971311,1.803030,12.000000,0.724138
0.083333,1.000000,1.801724,28.329604,1.959184,49.000000,0.643077
0.142857,0.485475,1.555556,25.714286,1.333333,7.000000,0.608696
0.142857,0.016667,1.486486,29.761616,1.719298,19.000000,0.597826
0.250000,0.041413,2.500000,23.381416,1.963054,29.000000,0.714286
0.076923,0.316723,2.285714,27.692308,1.589744,13.000000,0.695652
0.076923,0.103052,1.842105,23.390336,2.150327,18.000000,0.648148
0.125000,1.000000,1.943820,27.282293,1.870513,40.000000,0.660305
0.200000,1.000000,9.000000,30.000000,1.100000,5.000000,0.900000
0.200000,1.000000,1.869565,15.529205,1.929825,19.000000,0.651515
0.076923,1.000000,2.389610,29.129273,1.883856,42.000000,0.704981
0.076923,0.978219,1.176471,27.015248,1.551282,13.000000,0.540541
0.050000,1.000000,1.744000,29.340783,1.968627,51.000000,0.635569
0.200000,0.339957,1.848214,29.317266,2.088889,55.000000,0.648903
0.045455,1.000000,2.255814,27.818752,1.897463,44.000000,0.692857
0.045455,0.475471,2.190476,29.445600,1.800866,22.000000,0.686567
0.166667,0.203357,1.931034,30.000000,1.639706,17.000000,0.658824
0.166667,1.000000,1.801724,28.329604,1.959184,49.000000,0.643077
0.058824,0.250431,1.921053,28.857486,2.103448,58.000000,0.657658
0.058824,0.016393,1.782609,23.869457,1.838235,17.000000,0.640625
0.100000,0.989927,1.916667,29.559671,1.651515,12.000000,0.657143
0.045455,0.068483,1.300000,23.221750,1.844156,22.000000,0.565217
0.045455,0.417900,1.929204,28.632102,2.100877,57.000000,0.658610
0.200000,0.042860,2.032609,27.267066,2.027755,50.000000,0.670251
0.045455,0.180071,1.300000,23.221750,1.844156,22.000000,0.565217
0.045455,0.417900,1.929204,28.632102,2.100877,57.000000,0.658610
0.034483,0.520534,1.913043,28.594260,1.797701,30.000000,0.656716
0.034483,0.405549,2.774194,28.822833,1.972906,29.000000,0.735043
0.062500,0.446471,1.853211,29.440838,2.088749,54.000000,0.649518
0.250000,0.446471,1.853211,29.383766,2.088749,54.000000,0.649518
0.050000,0.238455,1.840708,28.877835,2.089610,56.000000,0.647975
0.142857,0.809839,11.000000,30.000000,1.476190,7.000000,0.916667
0.142857,0.042860,2.032609,26.575773,2.027755,50.000000,0.670251
0.125000,0.048727,2.026316,27.942986,2.117514,60.000000,0.669565
0.050000,0.179335,1.205128,28.332319,1.963158,20.000000,0.546512
0.125000,0.958173,1.800000,26.844522,1.357143,8.000000,0.642857
0.076923,0.008066,1.450000,27.225040,1.717949,13.000000,0.591837
0.076923,0.122442,2.178218,29.705642,2.307650,61.000000,0.685358
0.100000,0.182819,4.200000,28.299267,1.533333,10.000000,0.807692
0.100000,0.182819,4.200000,28.299267,1.533333,10.000000,0.807692
0.076923,0.122442,2.178218,29.705642,2.307650,61.000000,0.685358
0.076923,0.008066,1.450000,27.225040,1.717949,13.000000,0.591837
0.055556,0.219169,1.392857,24.593846,1.849673,18.000000,0.582090
0.052632,0.209878,1.410256,28.932797,1.719298,19.000000,0.585106
0.076923,0.008066,1.450000,27.225040,1.717949,13.000000,0.591837
0.076923,0.064218,3.344828,24.146102,2.304435,32.000000,0.769841
0.071429,0.400854,1.954545,28.474959,1.708333,16.000000,0.661538
0.071429,0.157006,1.692308,21.181873,1.860000,25.000000,0.628571
0.250000,0.429614,2.655172,29.537440,1.943020,27.000000,0.726415
0.250000,0.627528,2.827586,28.348361,2.200000,31.000000,0.738739
0.058824,0.157006,1.692308,21.181873,1.860000,25.000000,0.628571
0.058824,1.000000,2.470588,30.000000,1.779412,17.000000,0.711864
0.090909,0.119149,2.232877,28.261468,2.134135,47.000000,0.690678
0.166667,0.863021,1.365854,30.000000,1.857143,21.000000,0.577320
0.125000,1.000000,1.545455,19.326873,1.690909,11.000000,0.607143
0.200000,0.121149,5.439024,28.508808,1.919184,50.000000,0.844697
0.071429,0.492235,3.000000,26.474710,1.549451,14.000000,0.750000
0.071429,0.342347,1.513514,29.060562,1.763158,20.000000,0.602151
0.066667,0.111928,2.166667,27.908642,1.701299,22.000000,0.684211
0.066667,0.006652,2.000000,30.000000,1.495238,15.000000,0.666667
0.200000,0.285229,2.178571,15.855270,2.003953,23.000000,0.685393
0.222222,1.000000,1.687500,29.006369,1.730769,13.000000,0.627907
0.200000,0.748910,2.314815,29.666958,1.969841,36.000000,0.698324
0.040000,0.240767,2.178218,29.705642,2.307650,61.000000,0.685358
0.040000,1.000000,4.550000,24.940449,1.833333,25.000000,0.819820
0.066667,0.100983,1.909091,28.433089,1.619048,15.000000,0.656250
0.066667,0.399469,1.888889,23.795462,1.514286,15.000000,0.653846
0.040000,1.000000,4.550000,24.940449,1.833333,25.000000,0.819820
0.040000,0.240767,2.178218,29.705642,2.307650,61.000000,0.685358
0.062500,0.213158,1.423729,28.748962,1.859606,29.000000,0.587413
0.062500,0.798437,2.071429,26.271316,1.516667,16.000000,0.674419
0.166667,0.817022,1.222222,17.487878,1.523810,7.000000,0.550000
0.166667,1.000000,1.571429,25.788129,1.533333,10.000000,0.611111
0.250000,0.351784,3.000000,30.000000,1.476190,7.000000,0.750000
0.156250,0.943163,1.280000,24.707378,1.714286,14.000000,0.561404
0.156250,0.242224,2.869565,26.604480,1.993333,25.000000,0.741573
0.062500,0.691375,5.750000,28.069544,1.616667,16.000000,0.851852
0.062500,0.208014,1.500000,28.397130,1.859649,19.000000,0.600000
0.142857,0.136000,2.111111,29.649868,1.582418,14.000000,0.678571
0.142857,0.042614,2.446429,28.706110,2.108014,42.000000,0.709845
0.200000,0.909220,6.000000,29.055369,1.912088,14.000000,0.857143
0.200000,0.075336,2.089744,28.789136,2.134135,47.000000,0.676349
0.250000,0.463516,3.000000,30.000000,1.476190,7.000000,0.750000
0.035714,0.064434,2.403509,28.991248,2.108014,42.000000,0.706186
0.200000,0.851227,6.000000,29.055369,1.912088,14.000000,0.857143
0.034483,0.205041,1.450000,27.936949,1.938424,29.000000,0.591837
0.034483,0.376845,1.482759,28.432738,2.112245,49.000000,0.597222
0.090909,0.755878,2.571429,29.554378,1.818182,11.000000,0.720000
0.090909,0.417562,1.451613,26.715218,1.952632,20.000000,0.592105
0.250000,0.725773,1.384615,30.000000,1.583333,9.000000,0.580645
0.034483,0.277632,1.905660,29.350381,1.884470,33.000000,0.655844
0.034483,0.205041,1.450000,27.936949,1.938424,29.000000,0.591837
0.083333,0.265261,3.000000,30.000000,1.500000,12.000000,0.750000
0.083333,0.205041,1.450000,27.936949,1.938424,29.000000,0.591837
0.062500,0.068884,3.142857,26.563417,1.633333,16.000000,0.758621
0.062500,1.000000,3.400000,25.875658,2.168831,22.000000,0.772727
0.062500,0.377241,1.565217,24.017166,1.883333,16.000000,0.610169
0.062500,0.000000,1.641026,27.455562,1.811594,24.000000,0.621359
0.019608,0.199731,1.553719,28.100202,2.098039,51.000000,0.608414
0.019608,0.113004,1.982906,28.896362,2.354808,65.000000,0.664756
0.071429,0.406687,1.937500,28.902883,1.725275,14.000000,0.659574
0.071429,0.113004,1.982906,28.896362,2.354808,65.000000,0.664756
0.142857,1.000000,4.625000,30.000000,1.933824,17.000000,0.822222
0.142857,0.945485,2.666667,30.000000,1.619048,7.000000,0.727273
0.019608,0.199731,1.553719,28.100202,2.098039,51.000000,0.608414
0.019608,0.113004,1.982906,28.896362,2.354808,65.000000,0.664756
0.071429,0.406687,1.937500,28.902883,1.725275,14.000000,0.659574
0.071429,0.113004,1.982906,28.896362,2.354808,65.000000,0.664756
0.200000,0.347776,1.764706,28.644198,1.842365,29.000000,0.638298
0.111111,0.000000,3.100000,28.838507,1.895238,15.000000,0.756098
0.100000,0.000000,1.424242,29.843126,1.963158,20.000000,0.587500
0.125000,0.000000,1.300000,30.000000,1.642857,8.000000,0.565217
0.166667,0.040797,1.905660,29.527346,1.884470,33.000000,0.655844
0.200000,0.189593,2.000000,28.914807,1.756410,13.000000,0.666667
0.200000,0.091743,1.750000,27.745569,2.029101,28.000000,0.636364
0.200000,0.091743,1.750000,27.745569,2.029101,28.000000,0.636364
0.071429,0.049983,2.862069,29.878472,2.019704,29.000000,0.741071
0.045455,0.091743,1.750000,27.745569,2.029101,28.000000,0.636364
0.045455,0.146679,3.500000,26.487153,1.939394,22.000000,0.777778
0.062500,0.524151,1.407407,27.843910,1.766667,16.000000,0.584615
0.062500,0.189436,5.875000,27.741228,1.948476,53.000000,0.854545
0.111111,0.496903,1.918919,24.795627,1.939153,28.000000,0.657407
0.111111,0.603248,1.900000,29.108756,1.800000,11.000000,0.655172
0.250000,0.344017,2.500000,24.735302,1.166667,4.000000,0.714286
0.250000,0.536677,1.833333,21.264834,1.266667,6.000000,0.647059
0.125000,0.272518,2.714286,27.231406,1.818182,11.000000,0.730769
0.111111,0.974128,4.000000,30.000000,1.500000,9.000000,0.800000
0.111111,0.510520,1.357143,28.741527,1.766667,16.000000,0.575758
0.250000,0.230523,2.400000,29.154033,1.428571,7.000000,0.705882
0.142857,0.574362,1.500000,23.783231,1.476190,7.000000,0.600000
0.142857,1.000000,1.208333,16.965376,1.885714,15.000000,0.547170
0.066667,0.315150,1.960000,12.879331,1.857143,15.000000,0.662162
0.066667,0.345604,1.593496,28.542636,2.100145,53.000000,0.614420
0.142857,1.000000,1.888889,26.697027,1.783626,19.000000,0.653846
0.142857,1.000000,1.666667,20.903582,1.523810,7.000000,0.625000
0.055556,0.330807,1.666667,25.807548,1.854701,27.000000,0.625000
0.055556,0.355347,1.388889,26.562207,1.745098,18.000000,0.581395
0.076923,0.224112,1.711111,28.291152,1.891534,28.000000,0.631148
0.071429,0.330807,1.666667,25.807548,1.854701,27.000000,0.625000
0.200000,0.082686,2.542857,29.708391,1.989247,31.000000,0.717742
0.200000,1.000000,2.333333,24.000000,1.300000,5.000000,0.700000
0.200000,1.000000,2.333333,24.000000,1.300000,5.000000,0.700000
0.200000,0.112150,2.542857,29.708391,1.989247,31.000000,0.717742
0.062500,0.061164,1.233333,25.540129,1.875000,16.000000,0.552239
0.083333,0.111782,1.562500,17.500113,1.621212,12.000000,0.609756
0.050000,0.309437,2.092593,29.889927,1.986555,35.000000,0.676647
0.100000,0.601556,2.222222,28.293486,1.619048,15.000000,0.689655
0.100000,0.459362,2.714286,30.000000,2.044118,17.000000,0.730769
0.100000,1.000000,2.586207,30.000000,1.688312,22.000000,0.721154
0.071429,0.449641,2.625000,29.854020,1.779412,17.000000,0.724138
0.071429,1.000000,2.411765,28.261514,1.852941,17.000000,0.706897
0.100000,0.492174,2.714286,30.000000,2.044118,17.000000,0.730769
0.142857,0.280478,2.000000,26.434001,1.620915,18.000000,0.666667
0.142857,0.032713,1.571429,25.714286,1.476190,7.000000,0.611111
0.076923,0.302886,1.923077,28.710046,1.933498,29.000000,0.657895
0.076923,0.524397,2.777778,26.716435,2.064103,13.000000,0.735294
0.062500,0.756988,2.263158,28.161788,2.111828,31.000000,0.693548
0.111111,0.026811,1.750000,27.745569,2.029101,28.000000,0.636364
0.142857,0.240033,1.750000,22.463871,1.690909,11.000000,0.636364
0.142857,1.000000,1.500000,27.830887,1.476190,7.000000,0.600000
0.058824,0.004933,1.976190,28.809393,2.066667,30.000000,0.664000
0.058824,0.462549,1.708333,28.850632,1.838235,17.000000,0.630769
0.200000,0.366186,1.529412,30.000000,1.606061,12.000000,0.604651
0.142857,1.000000,1.500000,27.830887,1.476190,7.000000,0.600000
0.142857,0.240033,1.750000,22.463871,1.690909,11.000000,0.636364
0.055556,0.150250,1.904762,28.835753,1.809524,36.000000,0.655738
0.055556,0.679028,1.388889,26.018190,1.745098,18.000000,0.581395
0.142857,0.143900,2.500000,18.828224,1.523810,7.000000,0.714286
0.142857,0.476920,1.800000,27.176145,1.653846,13.000000,0.642857
0.200000,1.000000,2.000000,30.000000,1.000000,5.000000,0.666667
0.200000,1.000000,2.000000,30.000000,1.000000,5.000000,0.666667
0.111111,0.601817,1.588235,29.985141,1.653846,13.000000,0.613636
0.111111,1.000000,1.545455,30.000000,1.527778,9.000000,0.607143
0.142857,0.476920,1.800000,27.176145,1.653846,13.000000,0.642857
0.142857,0.162798,1.875000,22.675488,1.285714,7.000000,0.652174
0.142857,0.463634,4.000000,27.316786,1.555556,10.000000,0.800000
0.062500,0.151841,1.419355,29.907721,1.786765,17.000000,0.586667
0.062500,0.138101,2.411765,22.532823,2.215686,18.000000,0.706897
0.142857,0.003774,1.822581,28.967189,1.877311,35.000000,0.645714
0.020408,0.394285,2.237113,30.000000,2.260666,59.000000,0.691083
0.020408,0.824878,5.425000,28.449538,1.920068,49.000000,0.844358
0.020408,0.394285,2.237113,30.000000,2.260666,59.000000,0.691083
0.020408,0.824878,5.425000,28.449538,1.920068,49.000000,0.844358
0.095238,0.860770,5.875000,27.908651,1.948476,53.000000,0.854545
0.095238,0.661987,4.333333,26.065015,1.919048,21.000000,0.812500
0.095238,0.698436,4.500000,28.928618,2.147109,49.000000,0.818182
0.095238,0.658836,5.500000,28.948168,1.406593,14.000000,0.846154
0.166667,0.380103,2.382353,28.101643,2.013228,28.000000,0.704348
0.166667,0.632072,1.600000,30.000000,1.238095,7.000000,0.615385
0.166667,0.027614,1.565217,24.017166,1.883333,16.000000,0.610169
0.200000,0.808276,5.800000,28.025132,1.705128,13.000000,0.852941
0.083333,0.403142,1.375000,29.101646,1.725275,14.000000,0.578947
0.083333,1.000000,5.111111,26.067463,1.941176,18.000000,0.836364
0.166667,1.000000,5.111111,26.067463,1.941176,18.000000,0.836364
0.166667,0.007463,11.000000,25.939545,1.266667,6.000000,0.916667
0.111111,0.338402,2.903846,25.283766,2.110994,44.000000,0.743842
0.083333,0.403142,1.375000,29.101646,1.725275,14.000000,0.578947
0.083333,1.000000,5.111111,26.067463,1.941176,18.000000,0.836364
0.166667,1.000000,5.111111,26.067463,1.941176,18.000000,0.836364
0.166667,0.007463,11.000000,25.939545,1.266667,6.000000,0.916667
0.200000,1.000000,7.000000,30.000000,1.300000,5.000000,0.875000
0.090909,0.253075,1.785714,28.156650,1.600000,11.000000,0.641026
0.076923,0.266569,1.744681,27.160472,1.894089,29.000000,0.635659
0.083333,0.054722,1.593407,26.125543,1.991463,41.000000,0.614407
0.166667,0.119890,3.068966,28.237007,1.707510,23.000000,0.754237
0.111111,1.000000,1.875000,23.333333,1.666667,9.000000,0.652174
0.111111,0.022908,1.765625,29.294076,1.877311,35.000000,0.638418
0.111111,0.247029,3.000000,27.336455,1.860887,32.000000,0.750000
0.066667,0.887650,1.121212,23.589936,1.666667,15.000000,0.528571
0.066667,0.206687,1.961538,21.574826,1.883333,16.000000,0.662338
0.200000,0.535564,2.280000,27.819244,1.842105,20.000000,0.695122
0.111111,0.181491,1.500000,29.733337,1.641026,13.000000,0.600000
0.200000,0.515454,2.280000,27.819244,1.842105,20.000000,0.695122
0.066667,0.371467,1.400000,29.138052,1.859606,29.000000,0.583333
0.066667,0.236847,1.777778,24.080262,1.790476,15.000000,0.640000
0.111111,0.282293,1.530303,28.545366,1.859606,29.000000,0.604790
0.125000,0.913168,3.500000,30.000000,1.571429,8.000000,0.777778
0.250000,0.028099,2.562500,27.907606,1.907258,32.000000,0.719298
0.250000,0.028099,2.562500,27.907606,1.907258,32.000000,0.719298
0.250000,0.268759,3.086957,29.463349,1.923913,24.000000,0.755319
0.100000,0.405869,1.875000,29.739171,1.590909,12.000000,0.652174
0.100000,1.000000,3.562500,26.732977,2.066667,21.000000,0.780822
0.166667,0.007299,11.000000,27.440060,1.266667,6.000000,0.916667
0.166667,1.000000,3.562500,26.732977,2.066667,21.000000,0.780822
0.166667,0.010989,11.000000,27.106529,1.266667,6.000000,0.916667
0.100000,0.405869,1.875000,29.739171,1.590909,12.000000,0.652174
0.100000,1.000000,3.562500,26.732977,2.066667,21.000000,0.780822
0.200000,0.081584,2.000000,26.699051,2.116959,19.000000,0.666667
0.100000,0.557086,3.208333,29.917278,1.822989,30.000000,0.762376
0.100000,0.138252,1.375000,24.627291,1.709091,11.000000,0.578947
0.062500,0.553810,2.375000,30.000000,1.850000,16.000000,0.703704
0.166667,0.007299,11.000000,27.440060,1.266667,6.000000,0.916667
0.166667,1.000000,3.562500,26.732977,2.066667,21.000000,0.780822
0.055556,0.459902,2.906250,26.771588,2.168561,33.000000,0.744000
0.055556,0.447204,1.386364,28.240332,1.633987,18.000000,0.580952
0.071429,0.775734,1.833333,25.097382,1.681319,14.000000,0.647059
0.071429,0.084971,3.849057,29.501394,2.095023,52.000000,0.793774
0.100000,0.402782,1.875000,29.652828,1.590909,12.000000,0.652174
0.200000,0.594248,2.000000,26.699051,2.116959,19.000000,0.666667
0.142857,0.500157,3.000000,22.458603,2.168561,33.000000,0.750000
0.142857,0.136152,2.400000,26.729250,1.428571,7.000000,0.705882
0.166667,0.007299,11.000000,27.440060,1.266667,6.000000,0.916667
0.166667,0.811385,3.562500,26.732977,2.066667,21.000000,0.780822
0.100000,0.405869,1.875000,29.739171,1.590909,12.000000,0.652174
0.100000,0.811385,3.562500,26.732977,2.066667,21.000000,0.780822
0.142857,0.351798,2.923077,24.789064,1.850000,16.000000,0.745098
0.142857,1.000000,5.500000,30.000000,1.476190,7.000000,0.846154
0.055556,0.604987,2.227273,28.726248,2.080952,21.000000,0.690141
0.055556,0.180086,1.750000,25.984157,1.777778,18.000000,0.636364
0.052632,0.450318,1.974359,28.229500,1.951724,30.000000,0.663793
0.052632,0.147688,2.655172,29.146102,2.102564,27.000000,0.726415
0.052632,0.147688,2.655172,29.146102,2.102564,27.000000,0.726415
0.062500,0.770801,1.138889,25.680650,1.675000,16.000000,0.532468
0.062500,0.000000,2.153846,26.677225,1.882353,17.000000,0.682927
0.125000,0.363364,1.571429,29.133995,1.786765,17.000000,0.611111
0.100000,0.033339,1.516129,28.333333,1.810458,18.000000,0.602564
0.040000,0.344815,2.482759,28.683236,1.886667,25.000000,0.712871
0.040000,0.840781,2.500000,28.327844,2.256566,45.000000,0.714286
0.058824,0.908121,2.588235,25.561054,1.906433,19.000000,0.721311
0.058824,0.297912,4.230769,30.000000,2.163043,24.000000,0.808824
0.040000,0.344815,2.482759,28.683236,1.886667,25.000000,0.712871
0.040000,0.939271,2.500000,28.327844,2.256566,45.000000,0.714286
0.083333,0.542676,1.625000,27.059671,1.666667,12.000000,0.619048
0.083333,1.000000,1.547619,30.000000,1.844156,22.000000,0.607477
0.111111,0.297977,3.125000,30.000000,1.333333,9.000000,0.757576
0.083333,1.000000,1.547619,30.000000,1.844156,22.000000,0.607477
0.083333,0.542676,1.625000,27.059671,1.666667,12.000000,0.619048
0.037037,0.894892,2.333333,29.786890,2.260666,59.000000,0.700000
0.037037,1.000000,2.827586,28.348361,2.200000,31.000000,0.738739
0.037037,0.894892,2.333333,29.786890,2.260666,59.000000,0.700000
0.037037,1.000000,2.827586,28.348361,2.200000,31.000000,0.738739
0.037037,0.507552,2.323529,24.364962,1.940171,27.000000,0.699115
0.037037,0.505755,3.363636,25.916248,2.266010,29.000000,0.770833
0.083333,0.560911,1.565217,29.035370,1.703297,14.000000,0.610169
0.083333,0.542676,1.625000,27.059671,1.666667,12.000000,0.619048
0.058824,0.908121,2.588235,25.561054,1.906433,19.000000,0.721311
0.058824,0.297912,4.230769,30.000000,2.163043,24.000000,0.808824
0.250000,0.239284,1.700000,21.438473,1.527778,9.000000,0.629630
0.083333,0.095579,1.424242,28.597565,1.810458,18.000000,0.587500
0.166667,0.657204,1.800000,25.000000,1.400000,6.000000,0.642857
0.166667,0.428846,1.703704,29.215148,1.953216,19.000000,0.630137
0.125000,0.281675,1.625000,30.000000,1.607143,8.000000,0.619048
0.125000,0.171337,1.840000,26.483104,1.953216,19.000000,0.647887
0.142857,1.000000,1.500000,26.767018,1.476190,7.000000,0.600000
0.111111,0.434002,3.000000,27.652143,1.666667,9.000000,0.750000
0.111111,0.006748,3.212121,28.996679,2.320856,34.000000,0.762590
0.076923,1.000000,1.758621,28.693125,1.783626,19.000000,0.637500
0.035714,0.289712,1.918919,24.795627,1.939153,28.000000,0.657407
0.035714,0.195930,3.322581,24.214509,2.293561,33.000000,0.768657
0.250000,0.133048,1.409091,21.752549,1.904412,17.000000,0.584906
0.062500,0.522477,3.363636,25.916248,2.266010,29.000000,0.770833
0.062500,0.717700,2.800000,29.068555,1.905533,39.000000,0.736842
0.050000,0.029202,1.515464,29.110098,2.044297,43.000000,0.602459
0.125000,0.886773,4.486486,29.289072,1.921022,42.000000,0.817734
0.125000,0.014221,5.333333,30.000000,1.428571,8.000000,0.842105
0.200000,0.969343,1.750000,17.279508,1.300000,5.000000,0.636364
0.062500,0.297413,4.230769,30.000000,2.163043,24.000000,0.808824
0.062500,0.857366,3.152174,28.481346,1.890390,37.000000,0.759162
0.062500,0.297413,4.230769,30.000000,2.163043,24.000000,0.808824
0.062500,0.857366,3.152174,28.481346,1.890390,37.000000,0.759162
0.166667,0.566237,2.666667,30.000000,1.466667,6.000000,0.727273
0.052632,0.168789,1.931507,25.014088,2.141414,45.000000,0.658879
0.125000,0.226184,5.166667,26.525705,1.472727,11.000000,0.837838
0.111111,0.356159,2.562500,29.808816,1.907258,32.000000,0.719298
0.125000,0.230405,2.333333,22.446034,1.957895,20.000000,0.700000
0.125000,0.246700,2.000000,26.711829,1.500000,8.000000,0.666667
0.250000,0.631699,2.111111,24.960040,1.527778,9.000000,0.678571
0.250000,0.536569,3.000000,26.160090,1.000000,4.000000,0.750000
0.111111,0.356159,2.562500,29.808816,1.907258,32.000000,0.719298
0.090909,0.191024,1.946429,27.113530,2.163664,37.000000,0.660606
0.076923,0.740325,1.744681,27.160472,1.894089,29.000000,0.635659
0.066667,0.094119,2.800000,28.195042,1.600000,15.000000,0.736842
0.066667,0.740325,1.744681,27.160472,1.894089,29.000000,0.635659
0.066667,0.858235,2.325581,29.665082,2.269360,55.000000,0.699301
0.066667,1.000000,1.230769,26.277842,1.838095,15.000000,0.551724
0.033333,0.828388,2.328947,29.464614,2.261224,50.000000,0.699605
0.033333,0.437288,2.444444,24.521375,1.977011,30.000000,0.709677
0.111111,0.876804,2.328947,29.464614,2.261224,50.000000,0.699605
0.111111,0.018137,1.777778,18.455121,1.555556,9.000000,0.640000
0.142857,0.852632,1.714286,7.014651,1.428571,7.000000,0.631579
0.142857,0.745172,2.198113,29.622676,2.297619,64.000000,0.687316
0.142857,0.852632,1.714286,7.014651,1.428571,7.000000,0.631579
0.142857,0.745172,2.198113,29.622676,2.297619,64.000000,0.687316
0.066667,0.406899,2.354839,29.335955,1.766798,23.000000,0.701923
0.066667,0.817244,2.500000,28.327844,2.256566,45.000000,0.714286
0.066667,0.858235,2.325581,29.665082,2.269360,55.000000,0.699301
0.066667,1.000000,1.230769,26.277842,1.838095,15.000000,0.551724
0.066667,0.236170,1.921053,27.690516,1.766798,23.000000,0.657658
0.033333,0.876804,2.328947,29.464614,2.261224,50.000000,0.699605
0.033333,0.437288,2.444444,24.521375,1.977011,30.000000,0.709677
0.111111,0.828388,2.328947,29.464614,2.261224,50.000000,0.699605
0.111111,0.018137,1.777778,18.455121,1.555556,9.000000,0.640000
0.200000,0.011236,2.333333,30.000000,1.300000,5.000000,0.700000
0.111111,0.972043,1.555556,19.796615,1.672515,19.000000,0.608696
0.111111,0.481187,3.444444,27.825907,1.530303,12.000000,0.775000
0.111111,0.939862,1.555556,19.796615,1.672515,19.000000,0.608696
0.111111,0.481187,3.444444,27.825907,1.530303,12.000000,0.775000
0.083333,0.654616,1.473684,14.532283,1.705128,13.000000,0.595745
0.083333,0.107282,1.765957,28.341237,1.810000,25.000000,0.638462
0.125000,0.273900,1.727273,29.857831,1.527778,9.000000,0.633333
0.166667,0.450028,2.066667,29.028657,1.796923,26.000000,0.673913
0.071429,0.220535,2.400000,30.000000,1.604396,14.000000,0.705882
0.071429,0.099345,1.578125,28.175060,1.859606,29.000000,0.612121
0.250000,0.051668,3.677966,28.712405,2.121212,55.000000,0.786232
0.200000,1.000000,3.714286,28.170432,2.615942,24.000000,0.787879
0.200000,1.000000,3.714286,28.170432,2.615942,24.000000,0.787879
0.062500,0.417519,2.333333,26.547261,1.566667,16.000000,0.700000
0.062500,0.093629,1.925000,28.127706,2.131360,47.000000,0.658120
0.052632,0.435341,2.437500,30.000000,2.134921,28.000000,0.709091
0.052632,0.435341,2.437500,30.000000,2.134921,28.000000,0.709091
0.071429,0.003663,1.789474,29.034257,1.744589,22.000000,0.641509
0.071429,0.449377,1.647059,24.947223,1.835165,14.000000,0.622222
0.090909,0.200624,2.636364,29.246680,1.789474,20.000000,0.725000
0.090909,0.092977,1.411765,25.829930,1.654545,11.000000,0.585366
0.090909,1.000000,1.769231,30.000000,1.636364,11.000000,0.638889
0.090909,0.015645,2.169811,29.946768,2.304147,63.000000,0.684524
0.090909,0.804119,1.926316,30.000000,1.951691,46.000000,0.658273
0.090909,0.804119,1.926316,30.000000,1.951691,46.000000,0.658273
0.090909,0.015645,2.169811,29.946768,2.304147,63.000000,0.684524
0.090909,1.000000,1.769231,30.000000,1.636364,11.000000,0.638889
0.100000,0.263439,2.545455,29.813462,1.400000,10.000000,0.717949
0.142857,0.263205,2.200000,28.332319,1.511111,10.000000,0.687500
0.142857,1.000000,1.714286,30.000000,1.428571,7.000000,0.631579
0.090909,0.283425,1.733333,30.000000,1.527273,11.000000,0.634146
0.090909,0.659134,1.218750,26.067244,1.695238,15.000000,0.549296
0.047619,0.881676,1.163636,27.916055,1.747619,21.000000,0.537815
0.047619,0.083490,2.292683,26.719074,1.863248,27.000000,0.696296
0.250000,0.405869,1.783784,27.750096,1.987692,26.000000,0.640777
0.055556,0.187121,1.539007,28.752545,2.104545,56.000000,0.606145
0.055556,0.010989,2.440000,27.656699,1.882353,18.000000,0.709302
0.142857,1.000000,1.687500,23.759429,1.868132,14.000000,0.627907
0.142857,0.433144,3.000000,29.875917,1.768421,20.000000,0.750000
0.200000,1.000000,2.466667,30.000000,1.647619,15.000000,0.711538
0.200000,0.043478,2.466667,30.000000,1.647619,15.000000,0.711538
0.066667,1.000000,2.590909,28.112760,2.159420,24.000000,0.721519
0.066667,0.617222,2.800000,28.976024,1.600000,15.000000,0.736842
0.200000,1.000000,2.590909,28.112760,2.159420,24.000000,0.721519
0.058824,0.109860,1.400000,26.947709,1.924138,30.000000,0.583333
0.058824,0.501686,1.419355,30.000000,1.786765,17.000000,0.586667
0.058824,0.049028,1.925926,27.485721,1.639706,17.000000,0.658228
0.142857,1.000000,2.000000,23.035733,1.428571,7.000000,0.666667
0.250000,0.030057,1.685950,29.403636,2.074020,53.000000,0.627692
0.166667,0.763024,1.571429,30.000000,1.266667,6.000000,0.611111
0.166667,0.165882,1.967742,28.525779,1.802372,23.000000,0.663043
0.200000,0.317967,3.461538,27.282789,1.900585,19.000000,0.775862
0.166667,0.294279,1.900000,29.652228,1.527778,9.000000,0.655172
0.166667,0.831460,1.333333,30.000000,1.476190,7.000000,0.571429
0.250000,0.789130,3.028571,29.465843,2.320856,34.000000,0.751773
0.076923,0.816380,3.400000,28.865697,1.780952,21.000000,0.772727
0.076923,1.000000,1.526316,27.722000,1.717949,13.000000,0.604167
0.043478,0.242961,1.707317,29.630653,2.029101,28.000000,0.630631
0.043478,0.256143,3.315789,29.465851,1.916996,23.000000,0.768293
0.058824,0.402701,2.896552,29.061523,1.947090,28.000000,0.743363
0.058824,0.609053,2.190476,27.209313,2.007353,17.000000,0.686567
0.071429,1.000000,2.217391,25.702001,1.873684,20.000000,0.689189
0.071429,0.012817,1.800000,30.000000,1.659341,14.000000,0.642857
0.071429,0.062632,1.444444,29.892242,1.935385,26.000000,0.590909
0.142857,0.359446,1.588235,29.447474,1.509091,11.000000,0.613636
0.076923,0.906221,1.611111,28.726740,1.681319,14.000000,0.617021
0.111111,0.293706,2.000000,29.751834,1.400000,10.000000,0.666667
0.111111,0.853963,1.818182,22.882822,1.444444,9.000000,0.645161
0.100000,0.615288,1.615385,30.000000,1.577778,10.000000,0.617647
0.125000,0.716089,8.000000,26.891863,1.428571,8.000000,0.888889
0.125000,1.000000,4.500000,28.533296,1.500000,9.000000,0.818182
0.100000,0.493233,2.000000,25.775063,1.511111,10.000000,0.666667
0.100000,0.574954,1.916667,26.576637,1.854701,27.000000,0.657143
0.166667,0.330788,1.707317,29.630653,2.029101,28.000000,0.630631
0.076923,0.167168,2.812500,28.742432,1.768116,24.000000,0.737705
0.076923,0.331951,3.625000,27.335912,1.666667,13.000000,0.783784
0.052632,1.000000,1.758621,28.488563,1.783626,19.000000,0.637500
0.052632,0.252666,1.750000,29.138226,2.096774,31.000000,0.636364
0.166667,1.000000,1.468750,30.000000,1.926316,20.000000,0.594937
0.166667,0.007752,2.250000,28.775580,1.400000,6.000000,0.692308
0.142857,0.116217,2.285714,30.000000,1.238095,7.000000,0.695652
0.142857,0.532069,1.666667,25.583944,1.666667,9.000000,0.625000
0.166667,1.000000,1.703704,28.531037,1.953216,19.000000,0.630137
0.166667,0.913521,2.200000,25.000000,1.266667,6.000000,0.687500
0.076923,1.000000,1.916667,25.997914,1.953216,19.000000,0.657143
0.076923,0.670351,1.931507,25.014088,2.141414,45.000000,0.658879
0.125000,0.011407,1.818182,30.000000,1.714286,21.000000,0.645161
0.071429,0.313728,3.250000,27.338921,1.660131,18.000000,0.764706
0.071429,0.313728,3.250000,27.338921,1.660131,18.000000,0.764706
0.071429,0.216151,2.142857,24.238841,1.670330,14.000000,0.681818
0.166667,0.216590,2.750000,21.106298,1.266667,6.000000,0.733333
0.100000,0.747991,2.428571,25.981953,1.711111,10.000000,0.708333
0.200000,0.489718,2.125000,29.587638,1.868421,20.000000,0.680000
0.125000,0.820828,3.000000,30.000000,1.464286,8.000000,0.750000
0.250000,0.576253,1.461538,28.393566,1.852941,17.000000,0.593750
0.166667,0.559952,1.695652,28.895180,1.801471,17.000000,0.629032
0.090909,0.185719,2.972222,29.238435,1.889655,30.000000,0.748252
0.090909,1.000000,3.000000,28.242460,1.946667,25.000000,0.750000
0.090909,0.005098,5.000000,28.535627,1.600000,11.000000,0.833333
0.100000,0.768628,2.642857,29.159638,1.984615,26.000000,0.725490
0.100000,0.062532,1.769231,29.561156,1.488889,10.000000,0.638889
0.250000,0.265650,3.000000,29.137678,1.428571,7.000000,0.750000
0.083333,0.109545,1.522581,28.299929,2.133333,61.000000,0.603581
0.200000,0.018162,2.550000,29.198431,1.807018,19.000000,0.718310
0.200000,0.518672,2.117647,30.000000,2.125000,16.000000,0.679245
0.200000,0.003861,4.583333,28.125000,1.583333,16.000000,0.820896
0.200000,0.053247,2.117647,30.000000,2.125000,16.000000,0.679245
0.200000,1.000000,3.333333,30.000000,1.619048,7.000000,0.769231
0.200000,1.000000,2.166667,27.662685,1.535714,8.000000,0.684211
0.100000,0.348615,2.083333,25.268464,1.488889,10.000000,0.675676
0.083333,0.577848,2.333333,12.134743,1.924242,12.000000,0.700000
0.083333,0.062392,4.447368,30.000000,1.997301,39.000000,0.816425
0.083333,0.577848,2.333333,12.134743,1.924242,12.000000,0.700000
0.083333,0.062392,4.447368,30.000000,1.997301,39.000000,0.816425
0.083333,1.000000,2.272727,30.000000,1.742424,12.000000,0.694444
0.083333,0.000000,2.540541,29.694537,1.849003,27.000000,0.717557
0.200000,0.524731,1.769231,29.561156,1.488889,10.000000,0.638889
0.125000,0.071588,2.364706,26.912019,1.937374,55.000000,0.702797
0.222222,0.689336,2.222222,30.000000,1.047619,7.000000,0.689655
0.083333,0.567778,1.722222,28.302431,1.904762,22.000000,0.632653
0.111111,0.225989,2.965517,28.739130,1.794466,23.000000,0.747826
0.222222,0.689336,2.222222,30.000000,1.047619,7.000000,0.689655
0.111111,0.225989,2.965517,28.739130,1.794466,23.000000,0.747826
0.222222,0.079798,2.222222,30.000000,1.047619,7.000000,0.689655
0.222222,0.366893,2.222222,30.000000,1.047619,7.000000,0.689655
0.083333,1.000000,2.000000,30.000000,1.800000,16.000000,0.666667
0.125000,0.461348,4.333333,26.250000,1.642857,8.000000,0.812500
0.045455,0.188125,3.250000,28.950787,1.816399,34.000000,0.764706
0.045455,1.000000,1.600000,20.347109,1.878788,22.000000,0.615385
0.200000,0.755626,1.750000,30.000000,1.300000,5.000000,0.636364
0.200000,0.423022,2.000000,26.675588,1.703297,14.000000,0.666667
0.125000,1.000000,2.205128,30.000000,1.888889,28.000000,0.688000
0.125000,0.779638,1.153846,23.965803,1.500000,8.000000,0.535714
0.045455,0.003922,2.360000,24.953400,1.917749,22.000000,0.702381
0.045455,0.118973,1.941176,29.826414,1.804348,24.000000,0.660000
0.125000,1.000000,2.205128,30.000000,1.888889,28.000000,0.688000
0.125000,0.779638,1.153846,23.965803,1.500000,8.000000,0.535714
0.200000,0.112215,1.315789,23.881424,1.794872,13.000000,0.568182
0.250000,0.429475,1.642857,18.802760,1.651515,12.000000,0.621622
0.200000,0.112215,1.315789,23.881424,1.794872,13.000000,0.568182
0.083333,0.429475,1.642857,18.802760,1.651515,12.000000,0.621622
0.083333,0.430345,2.500000,29.593361,1.669118,17.000000,0.714286
0.200000,0.099179,2.100000,30.000000,1.800000,16.000000,0.677419
0.083333,0.034722,1.503185,28.701248,2.133333,61.000000,0.600509
0.083333,0.603958,3.000000,8.166283,1.984848,12.000000,0.750000
0.055556,0.352989,1.452381,30.000000,1.633987,18.000000,0.592233
0.055556,0.113083,2.051724,27.002666,2.140825,38.000000,0.672316
0.100000,0.341097,1.615385,30.000000,1.577778,10.000000,0.617647
0.100000,0.113083,2.051724,27.002666,2.140825,38.000000,0.672316
0.200000,0.004149,1.750000,24.724256,1.300000,5.000000,0.636364
0.200000,0.282349,1.533333,27.734682,1.901210,32.000000,0.605263
0.166667,0.330299,2.000000,25.775063,1.511111,10.000000,0.666667
0.043478,0.187579,1.705882,27.607108,1.976285,23.000000,0.630435
0.043478,0.193052,1.519481,25.587398,1.969697,34.000000,0.603093
0.111111,0.187656,1.428571,30.000000,1.622222,10.000000,0.588235
0.111111,0.743734,1.738462,29.326010,1.877311,35.000000,0.634831
0.090909,0.735588,1.870370,29.839881,1.884470,33.000000,0.651613
0.090909,1.000000,2.900000,30.000000,1.545455,11.000000,0.743590
0.125000,1.000000,1.545455,30.000000,1.527778,9.000000,0.607143
0.090909,0.069845,3.000000,29.683591,1.733333,15.000000,0.750000
0.125000,0.419791,2.081081,27.965776,1.829457,43.000000,0.675439
0.250000,0.035461,4.000000,26.913933,1.333333,4.000000,0.800000
0.066667,0.219135,2.421053,28.641530,1.803922,18.000000,0.707692
0.066667,0.398546,5.250000,28.262421,1.685714,15.000000,0.840000
0.142857,0.234633,2.457143,29.332276,1.861538,26.000000,0.710744
0.200000,0.263641,3.565217,28.491682,1.721014,24.000000,0.780952
0.200000,0.981047,1.750000,26.527835,1.300000,5.000000,0.636364
0.100000,0.542929,3.470588,29.492086,1.699346,18.000000,0.776316
0.100000,0.365980,1.250000,30.000000,1.622222,10.000000,0.555556
0.043478,0.558292,2.066667,28.574975,1.837945,23.000000,0.673913
0.043478,0.933672,2.687500,30.000000,1.974713,30.000000,0.728814
0.080000,0.850245,1.185714,28.130323,1.834758,27.000000,0.542484
0.080000,0.846365,2.388889,29.974311,1.888889,28.000000,0.704918
0.080000,0.850245,1.185714,28.130323,1.834758,27.000000,0.542484
0.080000,0.846365,2.388889,29.974311,1.888889,28.000000,0.704918
0.200000,0.178073,3.181818,27.992957,1.666667,15.000000,0.760870
0.166667,1.000000,2.515152,30.000000,1.874644,27.000000,0.715517
0.080000,0.850245,1.185714,28.130323,1.834758,27.000000,0.542484
0.080000,0.846365,2.388889,29.974311,1.888889,28.000000,0.704918
0.080000,0.850245,1.185714,28.130323,1.834758,27.000000,0.542484
0.080000,0.846365,2.388889,29.974311,1.888889,28.000000,0.704918
0.111111,0.940454,2.212121,29.577707,1.916923,26.000000,0.688679
0.111111,0.947432,3.600000,27.453373,1.818182,11.000000,0.782609
0.166667,0.817245,2.515152,30.000000,1.874644,27.000000,0.715517
0.043478,1.000000,2.687500,30.000000,1.974713,30.000000,0.728814
0.043478,0.558292,2.066667,28.574975,1.837945,23.000000,0.673913
0.111111,1.000000,2.827586,28.348361,2.200000,31.000000,0.738739
0.111111,0.836084,1.833333,28.327024,1.846154,13.000000,0.647059
0.083333,0.510114,3.000000,30.000000,1.681818,12.000000,0.750000
0.083333,0.074831,1.672727,29.014201,2.207937,36.000000,0.625850
0.090909,1.000000,1.625000,9.136112,1.675000,16.000000,0.619048
0.058824,0.823788,3.567164,29.512065,2.142373,60.000000,0.781046
0.058824,0.159615,2.846154,29.379194,2.132353,17.000000,0.740000
0.200000,0.000000,1.750000,26.207722,1.300000,5.000000,0.636364
0.200000,0.289708,1.666667,27.960375,1.897177,32.000000,0.625000
0.071429,0.832049,3.587302,28.561632,2.129699,57.000000,0.782007
0.071429,0.285936,1.800000,30.000000,1.659341,14.000000,0.642857
0.062500,0.808703,3.484848,29.134370,2.125832,58.000000,0.777027
0.062500,1.000000,1.625000,9.136112,1.675000,16.000000,0.619048
0.090909,0.827060,3.660377,28.912760,2.106667,51.000000,0.785425
0.090909,1.000000,1.666667,19.724999,1.545455,11.000000,0.625000
0.041667,0.000000,1.742857,27.977600,1.996377,24.000000,0.635417
0.041667,0.289708,1.666667,27.960375,1.897177,32.000000,0.625000
0.111111,0.953016,1.916667,8.058996,1.361111,9.000000,0.657143
0.111111,0.068097,2.340000,29.596928,1.981513,35.000000,0.700599
0.090909,0.547630,2.603448,30.000000,2.110994,44.000000,0.722488
0.090909,0.954376,1.450000,19.707123,1.789474,20.000000,0.591837
0.166667,0.022280,2.314815,29.467457,1.969841,36.000000,0.698324
0.066667,1.000000,2.428571,27.621981,1.819048,15.000000,0.708333
0.066667,0.820030,3.567164,29.116730,2.142373,60.000000,0.781046
0.200000,0.825817,3.660377,28.335227,2.106667,51.000000,0.785425
0.076923,0.008333,1.863636,27.965248,1.474359,13.000000,0.650794
0.111111,1.000000,2.800000,13.774178,1.777778,9.000000,0.736842
0.200000,0.376217,3.153846,29.829870,1.845588,17.000000,0.759259
0.142857,0.072290,2.000000,28.537628,1.428571,7.000000,0.666667
0.058824,0.343245,1.666667,29.711656,1.669118,17.000000,0.625000
0.200000,0.069377,2.611111,27.667762,1.771242,18.000000,0.723077
0.200000,0.828423,2.083333,27.048489,1.618182,11.000000,0.675676
0.200000,0.067818,1.936170,29.992273,1.733333,25.000000,0.659420
0.200000,0.037380,5.000000,27.196512,1.783333,16.000000,0.833333
0.052632,0.235457,1.578947,29.040931,2.178151,35.000000,0.612245
0.200000,0.200309,4.400000,29.035972,1.647059,18.000000,0.814815
0.200000,0.310619,2.466667,25.921815,1.786765,17.000000,0.711538
0.062500,0.451689,2.437500,23.847931,1.816667,16.000000,0.709091
0.062500,0.799070,2.194444,26.544981,1.940171,27.000000,0.686957
0.083333,0.635308,2.166667,29.350725,1.606061,12.000000,0.684211
0.250000,1.000000,1.450000,27.225040,1.717949,13.000000,0.591837
0.250000,1.000000,1.450000,27.225040,1.717949,13.000000,0.591837
0.200000,1.000000,1.750000,21.991054,1.300000,5.000000,0.636364
0.200000,0.008130,4.117647,29.055580,1.746377,24.000000,0.804598
0.200000,0.410261,2.588235,25.561054,1.906433,19.000000,0.721311
0.200000,0.508108,2.344828,22.192868,2.391534,28.000000,0.701031
0.055556,1.000000,1.571429,22.574499,1.921569,18.000000,0.611111
0.250000,1.000000,1.571429,22.574499,1.921569,18.000000,0.611111
0.040000,0.651394,2.300000,29.212013,1.818462,26.000000,0.696970
0.040000,0.651394,2.300000,29.212013,1.818462,26.000000,0.696970
0.071429,0.248642,1.180000,25.319114,1.844156,22.000000,0.541284
0.250000,0.241289,1.777778,26.183457,1.611111,9.000000,0.640000
0.111111,0.004082,2.666667,27.388482,1.583333,9.000000,0.727273
0.111111,0.156756,1.291667,30.000000,1.809524,15.000000,0.563636
0.142857,0.032683,2.285714,30.000000,1.238095,7.000000,0.695652
0.142857,0.339458,1.315789,23.881424,1.794872,13.000000,0.568182
0.142857,0.032683,2.285714,30.000000,1.238095,7.000000,0.695652
0.142857,0.339458,1.315789,23.881424,1.794872,13.000000,0.568182
0.166667,0.227300,2.250000,25.000000,1.400000,6.000000,0.692308
0.090909,0.096877,1.880000,29.512955,2.185714,36.000000,0.652778
0.090909,0.517299,1.533333,30.000000,1.581818,11.000000,0.605263
0.100000,1.000000,1.656250,19.745518,1.669118,17.000000,0.623529
0.100000,0.679563,2.300000,28.894012,1.636364,11.000000,0.696970
0.111111,0.004082,2.666667,27.388482,1.583333,9.000000,0.727273
0.111111,0.156756,1.291667,30.000000,1.809524,15.000000,0.563636
0.066667,0.992751,2.461538,25.288090,1.916996,23.000000,0.711111
0.066667,0.016000,1.850000,29.933498,1.704762,15.000000,0.649123
0.083333,0.645670,1.440000,30.000000,1.790476,15.000000,0.590164
0.083333,0.004049,1.500000,28.971311,1.651515,12.000000,0.600000
0.250000,0.454792,1.769231,29.083612,1.388889,9.000000,0.638889
0.111111,0.004049,7.000000,20.000000,2.055556,9.000000,0.875000
0.040000,0.222464,2.555556,27.484664,1.976667,25.000000,0.718750
0.142857,1.000000,1.656250,19.745518,1.669118,17.000000,0.623529
0.090909,0.391518,2.000000,27.087063,1.750000,17.000000,0.666667
0.090909,0.552255,2.083333,22.671786,1.772727,12.000000,0.675676
0.142857,0.008130,1.600000,27.839591,1.619048,7.000000,0.615385
0.142857,0.999999,2.666667,28.739762,1.696970,12.000000,0.727273
0.071429,0.469869,1.565217,28.196869,1.703297,14.000000,0.610169
0.071429,1.000000,1.585366,29.908192,1.844156,22.000000,0.613208
0.100000,0.405813,2.166667,28.193761,1.422222,10.000000,0.684211
0.062500,0.068546,2.866667,30.000000,1.794466,23.000000,0.741379
0.111111,0.037235,1.911765,29.078325,1.718615,22.000000,0.656566
0.071429,0.469869,1.565217,28.196869,1.703297,14.000000,0.610169
0.071429,1.000000,1.585366,29.908192,1.844156,22.000000,0.613208
0.052632,0.749539,1.861111,30.000000,1.782609,24.000000,0.650485
0.052632,0.454667,1.806452,29.124486,1.795322,19.000000,0.643678
0.062500,0.068546,2.866667,30.000000,1.794466,23.000000,0.741379
0.166667,0.477289,1.866667,28.750620,1.795322,19.000000,0.651163
0.052632,0.454667,1.806452,29.124486,1.795322,19.000000,0.643678
0.052632,0.749539,1.861111,30.000000,1.782609,24.000000,0.650485
0.100000,0.414964,2.222222,22.427115,1.555556,10.000000,0.689655
0.111111,0.417104,3.750000,27.699056,1.722222,9.000000,0.789474
0.142857,1.000000,4.666667,30.000000,1.380952,7.000000,0.823529
0.142857,1.000000,2.018182,29.520246,1.933468,32.000000,0.668675
0.142857,1.000000,2.070175,28.693549,1.924242,33.000000,0.674286
0.062500,0.551393,1.714286,28.957700,1.700000,16.000000,0.631579
0.062500,0.845520,2.787879,27.635754,1.760000,26.000000,0.736000
0.200000,0.579413,1.642857,24.658247,1.533333,10.000000,0.621622
0.181818,0.170170,1.516129,29.490135,1.953216,19.000000,0.602564
0.181818,0.170170,1.516129,29.490135,1.953216,19.000000,0.602564
0.125000,0.479913,2.500000,30.000000,2.025000,16.000000,0.714286
0.125000,0.479913,2.500000,30.000000,2.025000,16.000000,0.714286
0.125000,0.700606,2.500000,30.000000,2.025000,16.000000,0.714286
0.125000,0.700606,2.500000,30.000000,2.025000,16.000000,0.714286
0.055556,1.000000,2.346154,29.351283,1.882353,18.000000,0.701149
0.055556,0.040301,1.522581,28.152025,2.133333,61.000000,0.603581
0.100000,0.310191,1.666667,27.006250,1.621212,12.000000,0.625000
0.100000,0.829885,2.000000,25.651645,1.666667,10.000000,0.666667
0.052632,0.626096,2.947368,29.167954,1.690058,19.000000,0.746667
0.052632,1.000000,1.268657,29.124704,1.796923,26.000000,0.559211
0.066667,0.421880,2.923077,26.923756,1.889231,26.000000,0.745098
0.066667,1.000000,1.850000,30.000000,1.704762,15.000000,0.649123
0.111111,0.557058,1.666667,29.150646,1.621212,12.000000,0.625000
0.090909,0.961314,2.454545,27.500000,1.712121,12.000000,0.710526
0.090909,1.000000,1.666667,25.192601,2.003623,24.000000,0.625000
0.038462,1.000000,1.307692,22.860742,1.796923,26.000000,0.566667
0.038462,0.424305,2.102564,29.788801,2.017241,29.000000,0.677686
0.142857,0.181286,2.310345,28.431743,1.776667,25.000000,0.697917
0.117647,1.000000,2.153846,28.267750,1.882353,17.000000,0.682927
0.117647,0.186022,1.189189,25.212395,1.691176,17.000000,0.543210
0.038462,0.424305,2.102564,29.788801,2.017241,29.000000,0.677686
0.038462,1.000000,1.307692,22.860742,1.796923,26.000000,0.566667
0.166667,0.012245,10.000000,28.847858,1.333333,6.000000,0.909091
0.166667,0.278637,2.612903,25.955341,2.105747,30.000000,0.723214
0.090909,0.961314,2.454545,27.500000,1.712121,12.000000,0.710526
0.090909,1.000000,1.666667,25.192601,2.003623,24.000000,0.625000
0.250000,0.072541,1.800000,30.000000,1.581818,11.000000,0.642857
0.250000,0.076633,1.800000,30.000000,1.581818,11.000000,0.642857
0.125000,0.019210,1.846154,21.122150,1.757576,12.000000,0.648649
0.125000,0.304845,2.800000,30.000000,1.500000,8.000000,0.736842
0.125000,0.304845,2.800000,30.000000,1.500000,8.000000,0.736842
0.125000,0.019210,1.846154,21.122150,1.757576,12.000000,0.648649
0.142857,0.342593,3.200000,27.284378,1.238095,7.000000,0.761905
0.100000,0.472913,3.153846,29.099679,1.638095,15.000000,0.759259
0.047619,0.508192,1.580645,28.679805,2.100145,53.000000,0.612500
0.076923,0.070643,2.625000,29.944416,1.461538,13.000000,0.724138
0.090909,1.000000,1.437500,26.926191,1.690909,11.000000,0.589744
0.090909,0.008065,4.023810,30.000000,1.940256,38.000000,0.800948
0.090909,1.000000,1.437500,26.926191,1.690909,11.000000,0.589744
0.090909,0.008065,4.023810,30.000000,1.940256,38.000000,0.800948
0.090909,1.000000,1.437500,26.926191,1.690909,11.000000,0.589744
0.125000,0.354877,4.785714,24.294615,1.885375,23.000000,0.827160
0.200000,0.355025,2.000000,28.864832,1.000000,5.000000,0.666667
0.055556,0.156015,2.228571,29.871607,1.777778,27.000000,0.690265
0.055556,0.112961,1.960000,5.798677,1.738562,18.000000,0.662162
0.250000,0.051505,2.100000,27.566010,1.742647,17.000000,0.677419
0.250000,0.500000,4.000000,16.823034,1.333333,4.000000,0.800000
0.200000,0.234669,1.941176,29.795757,1.804348,24.000000,0.660000
0.250000,1.000000,4.000000,8.252124,1.333333,4.000000,0.800000
0.250000,0.702791,2.526316,27.465836,1.859649,19.000000,0.716418
0.250000,0.610274,3.375000,25.396374,2.365591,31.000000,0.771429
0.034483,0.008065,2.060000,29.914450,1.928571,29.000000,0.673203
0.034483,0.509909,1.280899,24.973947,1.998217,34.000000,0.561576
0.285714,0.523873,3.000000,28.653121,1.816993,18.000000,0.750000
0.100000,0.870088,1.411765,24.733393,1.511111,10.000000,0.585366
0.100000,0.592229,2.217391,27.718718,1.896825,28.000000,0.689189
0.285714,0.103763,3.000000,28.653121,1.816993,18.000000,0.750000
0.142857,0.549602,2.689655,28.600322,1.846154,27.000000,0.728972
0.142857,0.008065,6.000000,29.504769,1.142857,7.000000,0.857143
0.037037,0.027020,2.785714,28.697031,1.968661,27.000000,0.735849
0.037037,0.549602,2.689655,28.600322,1.846154,27.000000,0.728972
0.125000,0.008065,1.500000,27.053584,1.642857,8.000000,0.600000
0.125000,0.549602,2.689655,28.600322,1.846154,27.000000,0.728972
0.090909,0.665449,1.515152,28.473684,1.842105,19.000000,0.602410
0.041667,0.906615,3.733333,27.131737,2.711640,28.000000,0.788732
0.041667,0.142978,1.742857,28.729301,1.996377,24.000000,0.635417
0.100000,0.612019,1.666667,20.662814,1.555556,10.000000,0.625000
0.100000,0.542647,1.703704,22.218556,1.730994,19.000000,0.630137
0.100000,0.012245,1.055556,17.824004,1.688889,10.000000,0.513514
0.166667,0.008197,2.437500,28.795841,1.628571,15.000000,0.709091
0.045455,0.912832,3.388889,28.153586,1.935065,22.000000,0.772152
0.045455,0.162558,2.555556,29.409468,1.866366,37.000000,0.718750
0.055556,1.000000,2.047619,28.421517,1.970760,19.000000,0.671875
0.055556,0.481260,2.012658,29.037129,2.126735,47.000000,0.668067
0.166667,0.942224,11.000000,28.215001,1.266667,6.000000,0.916667
0.166667,0.369460,3.000000,30.000000,1.727273,11.000000,0.750000
0.142857,0.090388,1.610390,28.598024,1.886364,33.000000,0.616915
0.125000,0.299440,1.500000,23.508609,1.642857,8.000000,0.600000
0.125000,0.129642,1.675676,27.644901,1.886364,33.000000,0.626263
0.050000,0.139905,2.360000,26.310384,1.878788,22.000000,0.702381
0.050000,0.161192,1.545455,28.010503,2.199147,38.000000,0.607143
0.076923,0.327340,1.641509,29.529410,2.174688,34.000000,0.621429
0.076923,0.903816,3.555556,28.581559,1.589744,13.000000,0.780488
0.052632,0.161192,1.545455,28.010503,2.199147,38.000000,0.607143
0.200000,1.000000,2.666667,30.000000,1.200000,5.000000,0.727273
0.200000,0.451746,1.622642,29.090962,2.153409,33.000000,0.618705
0.040000,0.129642,1.675676,27.644901,1.886364,33.000000,0.626263
0.040000,0.086798,1.800000,28.903832,2.016667,25.000000,0.642857
0.083333,0.804557,3.333333,28.245568,1.545455,12.000000,0.769231
0.083333,0.383223,1.958333,28.853809,2.185714,36.000000,0.661972
0.200000,1.000000,2.333333,30.000000,1.300000,5.000000,0.700000
0.111111,0.219040,2.375000,29.919711,1.472222,9.000000,0.703704
0.083333,0.729463,1.919355,29.705977,2.140825,38.000000,0.657459
0.043478,1.000000,1.642857,25.625791,1.869565,23.000000,0.621622
0.043478,0.033642,2.607843,29.536755,1.863492,36.000000,0.722826
0.090909,0.274601,1.571429,29.487921,1.690909,11.000000,0.611111
0.200000,1.000000,2.333333,30.000000,1.300000,5.000000,0.700000
0.100000,1.000000,2.428571,27.621981,1.819048,15.000000,0.708333
0.100000,1.000000,8.333333,30.000000,1.444444,10.000000,0.892857
0.111111,1.000000,4.800000,29.949496,1.333333,9.000000,0.827586
0.111111,0.788235,1.363636,29.486600,1.611111,9.000000,0.576923
0.052632,0.251533,1.583333,26.237435,1.900585,19.000000,0.612903
0.100000,1.000000,6.250000,30.000000,1.444444,10.000000,0.862069
0.100000,0.354101,2.846154,29.379194,2.132353,17.000000,0.740000
0.250000,0.890779,2.590909,28.536771,1.805263,20.000000,0.721519
0.090909,0.012552,2.437500,29.099679,1.628571,15.000000,0.709091
0.055556,0.885269,2.448276,25.196436,2.027692,26.000000,0.710000
0.055556,0.609043,2.687500,30.000000,2.091503,18.000000,0.728814
0.166667,0.762245,5.258065,30.000000,1.901587,36.000000,0.840206
0.166667,0.957570,2.000000,25.000000,1.333333,6.000000,0.666667
0.166667,0.957570,2.000000,25.000000,1.333333,6.000000,0.666667
0.166667,0.762245,5.258065,30.000000,1.901587,36.000000,0.840206
0.058824,1.000000,8.833333,29.689214,1.669118,17.000000,0.898305
0.058824,0.885269,2.448276,25.196436,2.027692,26.000000,0.710000
0.055556,0.380018,2.687500,30.000000,2.091503,18.000000,0.728814
0.055556,0.885269,2.448276,25.196436,2.027692,26.000000,0.710000
0.090909,0.012552,1.457143,27.944832,1.676471,17.000000,0.593023
0.071429,0.982112,2.900000,23.370806,2.054945,14.000000,0.743590
0.071429,0.268577,1.500000,29.970391,2.113671,63.000000,0.600000
0.055556,0.127633,2.687500,30.000000,2.091503,18.000000,0.728814
0.055556,0.885269,2.448276,25.196436,2.027692,26.000000,0.710000
0.066667,0.391772,2.388889,30.000000,1.700000,16.000000,0.704918
0.066667,0.358320,2.266667,28.093047,1.819048,15.000000,0.693878
0.066667,0.391772,2.388889,30.000000,1.700000,16.000000,0.704918
0.066667,1.000000,2.266667,28.093047,1.819048,15.000000,0.693878
0.058824,1.000000,2.846154,29.379194,2.132353,17.000000,0.740000
0.058824,0.620699,2.611111,28.352941,1.713235,17.000000,0.723077
0.066667,1.000000,2.266667,28.093047,1.819048,15.000000,0.693878
0.066667,0.391772,2.388889,30.000000,1.700000,16.000000,0.704918
0.066667,0.358320,2.266667,28.093047,1.819048,15.000000,0.693878
0.066667,0.391772,2.388889,30.000000,1.700000,16.000000,0.704918
0.058824,0.620699,2.611111,28.352941,1.713235,17.000000,0.723077
0.058824,1.000000,2.846154,29.379194,2.132353,17.000000,0.740000
0.142857,0.121135,1.562500,16.439935,1.836923,26.000000,0.609756
0.055556,0.307310,1.962963,28.201786,1.807018,19.000000,0.662500
0.142857,0.952603,2.000000,30.000000,1.476190,7.000000,0.666667
0.111111,0.125221,1.503356,28.727766,2.126826,59.000000,0.600536
0.142857,0.487970,4.666667,29.773384,1.380952,7.000000,0.823529
0.066667,1.000000,1.761905,30.000000,1.704762,15.000000,0.637931
0.142857,0.328872,2.727273,29.107911,1.944742,34.000000,0.731707
0.071429,0.643177,1.413793,24.676286,1.766667,16.000000,0.585714
0.071429,0.000000,1.875000,28.709829,1.791209,14.000000,0.652174
0.250000,0.815637,2.250000,29.586390,1.400000,6.000000,0.692308
0.250000,0.199411,1.700000,29.689793,1.428571,8.000000,0.629630
0.071429,0.000000,1.789474,29.580648,2.000000,26.000000,0.641509
0.071429,0.866322,6.250000,21.443390,2.000000,14.000000,0.862069
0.142857,0.817468,2.125000,27.831118,1.527778,9.000000,0.680000
0.250000,0.134215,2.958333,29.746759,1.923913,24.000000,0.747368
0.200000,0.037631,3.333333,25.789363,1.000000,5.000000,0.769231
0.200000,1.000000,1.558140,24.949817,1.930299,38.000000,0.609091
0.083333,1.000000,2.022222,29.835115,2.117788,65.000000,0.669118
0.250000,1.000000,1.602484,29.410731,2.113671,63.000000,0.615752
0.062500,1.000000,2.083969,29.473476,2.117788,65.000000,0.675743
0.200000,1.000000,1.519231,28.650580,2.059596,45.000000,0.603053
0.125000,1.000000,1.508772,29.965562,2.113671,63.000000,0.601399
0.125000,0.384390,1.636364,22.047774,1.666667,10.000000,0.620690
0.076923,0.193340,1.636364,22.481353,1.800000,15.000000,0.620690
0.111111,0.546789,2.111111,29.083612,1.472222,9.000000,0.678571
0.111111,1.000000,1.593407,26.125543,1.991463,41.000000,0.614407
0.066667,0.818914,1.343750,30.000000,1.666667,15.000000,0.573333
0.250000,0.129225,3.173913,29.670100,1.876667,25.000000,0.760417
0.100000,0.578591,2.192308,29.796355,1.842105,20.000000,0.686747
0.142857,1.000000,2.000000,24.983148,1.238095,7.000000,0.666667
0.142857,1.000000,2.000000,26.651627,1.523810,7.000000,0.666667
0.100000,0.578591,2.192308,29.796355,1.842105,20.000000,0.686747
0.142857,1.000000,2.000000,24.983148,1.238095,7.000000,0.666667
0.250000,0.397097,2.000000,26.588639,1.333333,4.000000,0.666667
0.125000,0.391664,1.760000,29.754937,1.727941,17.000000,0.637681
0.125000,0.600115,1.666667,28.218164,2.250000,24.000000,0.625000
0.083333,0.025000,1.965517,28.429114,1.835498,22.000000,0.662791
0.250000,0.205725,1.769231,30.000000,1.787879,12.000000,0.638889
0.100000,1.000000,1.233333,30.000000,1.589744,13.000000,0.552239
0.100000,1.000000,5.000000,30.000000,1.444444,10.000000,0.833333
0.058824,1.000000,5.625000,27.418667,1.816176,17.000000,0.849057
0.041667,0.766473,0.959459,27.031628,1.800725,24.000000,0.489655
0.100000,0.954153,4.166667,23.401076,1.444444,10.000000,0.806452
0.100000,1.000000,2.285714,29.509816,1.288889,10.000000,0.695652
0.100000,0.371414,2.046512,25.721898,2.021176,51.000000,0.671756
0.062500,0.955934,3.458333,28.325400,2.019704,29.000000,0.775701
0.083333,1.000000,1.233333,30.000000,1.589744,13.000000,0.552239
0.250000,0.276587,4.000000,26.473123,1.333333,4.000000,0.800000
0.230769,0.624065,1.333333,26.325767,1.843137,18.000000,0.571429
0.090909,0.582195,1.642857,30.000000,1.865497,19.000000,0.621622
0.200000,0.856008,2.500000,25.534195,1.666667,9.000000,0.714286
0.083333,0.584473,1.666667,28.218164,2.250000,24.000000,0.625000
0.100000,0.933389,1.217391,29.809103,1.756410,13.000000,0.549020
0.100000,1.000000,2.782609,20.966016,2.061594,24.000000,0.735632
0.200000,1.000000,2.500000,30.000000,1.333333,6.000000,0.714286
0.071429,0.039550,2.153846,23.625962,1.857143,14.000000,0.682927
0.071429,0.004255,1.722222,24.672384,1.769231,14.000000,0.632653
0.058824,0.248235,1.677419,30.000000,1.639706,17.000000,0.626506
0.071429,0.393429,2.285714,29.354391,1.933333,21.000000,0.695652
0.071429,1.000000,3.444444,22.364067,2.057143,15.000000,0.775000
0.037037,0.391813,2.689655,29.536026,1.968661,27.000000,0.728972
0.037037,0.174419,3.857143,28.578176,1.806268,27.000000,0.794118
0.142857,0.099951,2.555556,28.069119,1.976667,25.000000,0.718750
0.142857,0.291520,1.500000,21.209294,1.642857,8.000000,0.600000
0.166667,0.449473,2.750000,30.000000,1.266667,6.000000,0.733333
0.111111,1.000000,2.142857,30.000000,1.583333,9.000000,0.681818
0.250000,0.935083,3.000000,27.857143,1.692308,14.000000,0.750000
0.111111,0.642907,1.533333,27.913118,1.361111,9.000000,0.605263
0.066667,1.000000,1.208333,16.965376,1.885714,15.000000,0.547170
0.050000,0.113640,1.965517,30.000000,1.842105,20.000000,0.662791
0.200000,0.135453,2.076923,26.712525,1.669118,17.000000,0.675000
0.052632,0.513816,1.892857,29.490135,1.807018,19.000000,0.654321
0.050000,0.113640,1.965517,30.000000,1.842105,20.000000,0.662791
0.111111,0.001032,1.750000,29.404435,1.928854,23.000000,0.636364
0.142857,0.026777,1.750000,29.189166,1.333333,7.000000,0.636364
0.142857,0.004255,1.866667,30.000000,1.490909,11.000000,0.651163
0.083333,0.514760,2.500000,28.729974,1.730769,13.000000,0.714286
0.083333,0.481290,1.962963,28.201786,1.807018,19.000000,0.662500
0.083333,0.452313,3.625000,30.000000,1.621212,12.000000,0.783784
0.083333,0.282445,2.750000,27.262102,1.947090,28.000000,0.733333
0.043478,0.008475,1.315789,20.571323,2.209486,23.000000,0.568182
0.111111,1.000000,5.600000,30.000000,1.690058,19.000000,0.848485
0.250000,0.109044,2.944444,29.748384,1.747619,21.000000,0.746479
0.043478,0.099383,1.315789,20.571323,2.209486,23.000000,0.568182
0.090909,0.048152,3.050000,29.150049,1.820076,33.000000,0.753086
0.090909,1.000000,1.012821,29.336032,1.821538,26.000000,0.503185
0.090909,0.012658,1.636364,19.033150,1.672727,11.000000,0.620690
0.071429,1.000000,3.300000,29.862044,1.692308,14.000000,0.767442
0.071429,1.000000,0.959459,27.031628,1.800725,24.000000,0.489655
0.200000,0.733745,3.111111,26.466972,1.545455,11.000000,0.756757
0.142857,0.125924,2.576923,20.580299,2.037037,28.000000,0.720430
0.142857,0.004184,1.800000,29.072852,1.571429,7.000000,0.642857
0.142857,0.125924,2.576923,20.580299,2.037037,28.000000,0.720430
0.142857,0.004184,1.800000,29.072852,1.571429,7.000000,0.642857
0.111111,0.206080,2.277778,29.019011,1.698529,17.000000,0.694915
0.166667,1.000000,1.533333,24.282120,1.581818,11.000000,0.605263
0.200000,0.141969,2.921569,27.407026,1.949206,36.000000,0.745000
0.200000,0.049636,8.000000,26.387523,1.200000,5.000000,0.888889
0.058824,0.851280,1.466667,24.320808,1.900585,19.000000,0.594595
0.058824,0.783814,2.551724,30.000000,1.826087,23.000000,0.718447
0.076923,0.191936,4.428571,26.543888,1.628205,13.000000,0.815789
0.076923,0.546385,3.288462,29.628343,2.007692,40.000000,0.766816
0.111111,0.600000,1.800000,26.425598,1.555556,9.000000,0.642857
0.111111,0.663028,3.226415,30.000000,2.007692,40.000000,0.763393
0.200000,0.141969,2.921569,27.407026,1.949206,36.000000,0.745000
0.200000,0.049636,8.000000,26.387523,1.200000,5.000000,0.888889
0.076923,0.546385,3.288462,29.628343,2.007692,40.000000,0.766816
0.076923,0.191936,4.428571,26.543888,1.628205,13.000000,0.815789
0.090909,0.663028,3.226415,30.000000,2.007692,40.000000,0.763393
0.090909,0.425177,2.875000,28.280727,1.690909,11.000000,0.741935
0.166667,1.000000,2.000000,27.331686,1.200000,6.000000,0.666667
0.166667,0.957348,1.555556,19.796615,1.672515,19.000000,0.608696
0.166667,1.000000,2.000000,27.331686,1.200000,6.000000,0.666667
0.166667,0.909031,1.555556,19.796615,1.672515,19.000000,0.608696
0.111111,0.600000,1.800000,26.425598,1.555556,9.000000,0.642857
0.111111,0.663028,3.226415,30.000000,2.007692,40.000000,0.763393
0.090909,0.663028,3.226415,30.000000,2.007692,40.000000,0.763393
0.090909,0.425177,2.875000,28.280727,1.690909,11.000000,0.741935
0.058824,0.851280,1.466667,24.320808,1.900585,19.000000,0.594595
0.058824,0.783814,2.551724,30.000000,1.826087,23.000000,0.718447
0.071429,0.621300,1.625000,19.552619,1.714286,14.000000,0.619048
0.200000,0.004184,2.833333,30.000000,1.733333,10.000000,0.739130
0.200000,1.000000,2.333333,30.000000,1.300000,5.000000,0.700000
0.142857,1.000000,1.500000,27.211438,1.476190,7.000000,0.600000
0.083333,1.000000,1.466667,29.233729,1.803030,12.000000,0.594595
0.083333,0.056801,2.000000,27.905875,1.967742,32.000000,0.666667
0.142857,0.004149,1.800000,29.552864,1.571429,7.000000,0.642857
0.142857,0.271931,2.629630,22.261616,2.024631,29.000000,0.724490
0.076923,0.819157,4.250000,21.744674,1.991667,16.000000,0.809524
0.083333,0.803857,2.555556,29.250675,1.787879,12.000000,0.718750
0.045455,0.704265,1.380000,30.000000,1.841897,23.000000,0.579832
0.083333,0.803857,2.555556,29.250675,1.787879,12.000000,0.718750
0.055556,1.000000,2.142857,25.740177,1.816993,18.000000,0.681818
0.166667,0.664655,1.666667,28.218164,2.250000,24.000000,0.625000
0.045455,0.704265,1.380000,30.000000,1.841897,23.000000,0.579832
0.055556,1.000000,2.142857,25.740177,1.816993,18.000000,0.681818
0.166667,0.705781,1.575758,28.571429,1.909524,21.000000,0.611765
0.142857,0.004149,1.800000,29.552864,1.571429,7.000000,0.642857
0.142857,0.271931,2.629630,22.261616,2.024631,29.000000,0.724490
0.045455,0.704265,1.380000,30.000000,1.841897,23.000000,0.579832
0.045455,0.704265,1.380000,30.000000,1.841897,23.000000,0.579832
0.076923,0.819157,4.250000,21.744674,1.991667,16.000000,0.809524
0.142857,1.000000,4.666667,30.000000,1.380952,7.000000,0.823529
0.045455,1.000000,2.315789,26.268679,1.977011,30.000000,0.698413
0.045455,1.000000,2.809524,23.689295,1.961039,22.000000,0.737500
0.100000,1.000000,2.803922,29.644610,1.943101,38.000000,0.737113
0.041667,0.016667,1.733333,28.290813,1.789855,24.000000,0.634146
0.041667,1.000000,2.571429,29.668790,1.963563,39.000000,0.720000
0.041667,0.016667,1.733333,28.290813,1.789855,24.000000,0.634146
0.041667,1.000000,2.571429,29.668790,1.963563,39.000000,0.720000
0.166667,0.060875,1.571429,22.749197,1.266667,6.000000,0.611111
0.166667,0.687269,1.587302,29.190762,1.754986,27.000000,0.613497
0.090909,1.000000,3.095238,24.760745,1.940711,23.000000,0.755814
0.090909,1.000000,1.080000,24.528294,1.868132,14.000000,0.519231
0.058824,0.002262,1.837838,29.158681,2.000000,26.000000,0.647619
0.055556,0.016807,1.733333,29.719107,1.789855,24.000000,0.634146
0.055556,1.000000,2.142857,25.740177,1.816993,18.000000,0.681818
0.055556,1.000000,2.142857,25.740177,1.816993,18.000000,0.681818
0.055556,0.016807,1.733333,29.719107,1.789855,24.000000,0.634146
0.090909,1.000000,1.533333,29.348070,1.788506,30.000000,0.605263
0.090909,0.830424,3.111111,28.825709,1.509091,11.000000,0.756757
0.083333,1.000000,2.309524,26.796513,1.939902,54.000000,0.697842
0.090909,1.000000,2.271739,29.320050,1.958020,57.000000,0.694352
0.090909,0.304718,2.800000,24.331571,1.490909,11.000000,0.736842
0.100000,0.049378,2.571429,28.035339,1.800000,16.000000,0.720000
0.100000,1.000000,3.111111,30.000000,1.377778,10.000000,0.756757
0.100000,0.049378,2.571429,28.035339,1.800000,16.000000,0.720000
0.100000,1.000000,3.111111,30.000000,1.377778,10.000000,0.756757
0.100000,0.049378,2.571429,28.035339,1.800000,16.000000,0.720000
0.100000,1.000000,3.111111,30.000000,1.377778,10.000000,0.756757
0.100000,0.049378,2.571429,28.035339,1.800000,16.000000,0.720000
0.100000,1.000000,3.111111,30.000000,1.377778,10.000000,0.756757
0.166667,0.393637,1.509091,29.688282,1.968661,27.000000,0.601449
0.125000,0.708520,2.125000,29.290520,1.428571,8.000000,0.680000
0.125000,0.485132,3.571429,30.000000,1.637427,19.000000,0.781250
0.125000,0.892698,3.571429,30.000000,1.637427,19.000000,0.781250
0.125000,0.708520,2.125000,29.290520,1.428571,8.000000,0.680000
0.100000,0.523983,3.625000,30.000000,1.400000,10.000000,0.783784
0.100000,0.256669,2.847826,29.027674,1.850420,35.000000,0.740113
0.071429,0.191099,2.666667,26.614771,1.986928,18.000000,0.727273
0.071429,0.368105,2.944444,28.598331,1.756614,28.000000,0.746479
0.111111,0.638895,1.714286,28.351471,1.911765,17.000000,0.631579
0.111111,0.391925,2.125000,23.333333,1.583333,9.000000,0.680000
0.045455,0.338828,1.781250,30.000000,1.835498,22.000000,0.640449
0.041667,0.242039,1.862069,30.000000,1.795567,29.000000,0.650602
0.111111,0.391925,2.125000,23.333333,1.583333,9.000000,0.680000
0.111111,0.638895,1.714286,28.351471,1.911765,17.000000,0.631579
0.142857,0.004149,3.333333,30.000000,1.571429,7.000000,0.769231
0.111111,0.158875,1.395349,29.915843,1.974638,24.000000,0.582524
0.111111,0.158875,1.395349,29.915843,1.974638,24.000000,0.582524
0.125000,1.000000,1.444444,30.000000,1.642857,8.000000,0.590909
0.125000,0.675089,3.666667,26.182808,1.672727,11.000000,0.785714
0.125000,0.674241,2.666667,28.132320,1.582418,14.000000,0.727273
0.142857,0.408815,3.857143,28.578176,1.806268,27.000000,0.794118
0.071429,0.277164,1.692308,29.941321,1.727941,17.000000,0.628571
0.071429,0.666552,3.714286,28.170432,2.615942,24.000000,0.787879
0.090909,0.538356,1.772727,29.040378,1.733333,16.000000,0.639344
0.090909,1.000000,4.600000,28.285457,2.269231,13.000000,0.821429
0.250000,0.046106,1.432432,30.000000,1.956710,22.000000,0.588889
0.250000,0.718706,1.432432,30.000000,1.956710,22.000000,0.588889
0.066667,0.676722,5.333333,30.000000,1.914286,15.000000,0.842105
0.066667,0.893317,1.666667,28.218164,2.250000,24.000000,0.625000
0.066667,0.893317,1.666667,28.218164,2.250000,24.000000,0.625000
0.066667,0.676722,5.333333,30.000000,1.914286,15.000000,0.842105
0.090909,0.538356,1.772727,29.040378,1.733333,16.000000,0.639344
0.090909,1.000000,4.600000,28.285457,2.269231,13.000000,0.821429
0.066667,0.893317,1.666667,28.218164,2.250000,24.000000,0.625000
0.066667,0.865352,5.333333,30.000000,1.914286,15.000000,0.842105
0.142857,0.554211,2.461538,27.988436,1.515152,12.000000,0.711111
0.166667,0.204694,1.533333,30.000000,1.742424,12.000000,0.605263
0.083333,0.141301,2.285714,30.000000,1.515152,12.000000,0.695652
0.083333,0.929088,2.000000,6.803042,1.846154,13.000000,0.666667
0.200000,1.000000,1.727273,29.973263,1.830882,17.000000,0.633333
0.200000,0.055116,2.954545,28.140935,2.512315,29.000000,0.747126
0.200000,0.055116,2.954545,28.140935,2.512315,29.000000,0.747126
0.111111,0.129819,2.833333,28.221124,1.527778,9.000000,0.739130
0.111111,1.000000,2.500000,27.321675,1.936667,25.000000,0.714286
0.200000,1.000000,2.000000,29.734123,1.775385,26.000000,0.666667
0.200000,0.337745,1.687500,25.968099,1.545455,11.000000,0.627907
0.200000,0.064874,1.315789,20.571323,2.209486,23.000000,0.568182
0.083333,0.542675,1.000000,24.731052,1.757576,12.000000,0.500000
0.083333,0.150461,3.333333,28.761577,1.632353,17.000000,0.769231
0.083333,0.542675,1.000000,24.731052,1.757576,12.000000,0.500000
0.083333,0.623957,2.128205,30.000000,1.768116,24.000000,0.680328
0.166667,0.240396,1.888889,24.707503,1.527778,9.000000,0.653846
0.166667,0.858249,1.833333,30.000000,1.266667,6.000000,0.647059
0.083333,0.542675,1.000000,24.731052,1.757576,12.000000,0.500000
0.083333,0.623957,2.128205,30.000000,1.768116,24.000000,0.680328
0.083333,0.542675,1.000000,24.731052,1.757576,12.000000,0.500000
0.083333,0.623957,2.128205,30.000000,1.768116,24.000000,0.680328
0.200000,1.000000,1.636364,22.481353,1.800000,15.000000,0.620690
0.200000,1.000000,1.750000,28.351146,1.300000,5.000000,0.636364
0.200000,0.103177,2.173913,29.748384,1.914286,21.000000,0.684932
0.111111,0.062330,2.052632,29.559146,1.920455,33.000000,0.672414
0.166667,1.000000,5.333333,23.604815,1.428571,8.000000,0.842105
0.166667,1.000000,1.407407,30.000000,1.723810,15.000000,0.584615
0.142857,0.169937,2.096154,29.072658,1.903226,31.000000,0.677019
0.142857,1.000000,3.714286,20.641762,1.974359,13.000000,0.787879
0.142857,0.169937,2.096154,29.072658,1.903226,31.000000,0.677019
0.142857,1.000000,3.714286,20.641762,1.974359,13.000000,0.787879
0.034483,0.148987,2.000000,29.884446,1.912644,30.000000,0.666667
0.034483,0.603576,2.000000,29.516590,1.945813,29.000000,0.666667
0.058824,0.409679,2.117647,29.148105,1.853755,23.000000,0.679245
0.058824,0.409679,2.117647,29.148105,1.853755,23.000000,0.679245
0.090909,1.000000,2.875000,28.280727,1.690909,11.000000,0.741935
0.058824,0.309893,1.640000,29.875917,1.910526,20.000000,0.621212
0.066667,0.046751,2.414634,26.558306,2.040323,32.000000,0.707143
0.066667,0.706129,5.444444,29.099679,1.561905,15.000000,0.844828
0.142857,0.765053,2.166667,28.394140,1.380952,7.000000,0.684211
0.100000,0.733154,3.416667,28.119037,1.560440,14.000000,0.773585
0.090909,0.046751,2.414634,26.558306,2.040323,32.000000,0.707143
0.090909,0.131345,1.866667,30.000000,1.490909,11.000000,0.651163
0.200000,0.258048,2.750000,27.835408,1.750000,8.000000,0.733333
0.055556,0.658019,2.311111,29.140247,2.069519,34.000000,0.697987
0.055556,0.231604,4.000000,29.238953,1.869281,18.000000,0.800000
0.090909,0.120392,3.857143,28.864274,1.647059,17.000000,0.794118
0.090909,0.196078,1.571429,27.595397,1.690909,11.000000,0.611111
0.142857,0.546440,1.555556,26.250000,1.500000,8.000000,0.608696
0.090909,0.120392,3.857143,28.864274,1.647059,17.000000,0.794118
0.090909,0.196078,1.571429,27.595397,1.690909,11.000000,0.611111
0.125000,0.272727,1.857143,7.428058,1.535714,8.000000,0.650000
0.125000,0.688720,2.166667,29.783651,2.069519,34.000000,0.684211
0.250000,1.000000,2.000000,30.000000,1.000000,4.000000,0.666667
0.250000,0.261029,2.500000,24.920604,1.619048,7.000000,0.714286
0.055556,0.658019,2.311111,29.140247,2.069519,34.000000,0.697987
0.055556,0.127930,4.000000,29.238953,1.869281,18.000000,0.800000
0.045455,0.016667,1.361111,30.000000,2.168831,22.000000,0.576471
0.045455,0.016667,1.361111,30.000000,2.168831,22.000000,0.576471
0.125000,0.128553,1.700000,23.399696,1.392857,8.000000,0.629630
0.125000,1.000000,2.083333,30.000000,1.711111,10.000000,0.675676
0.200000,0.045916,1.534884,30.000000,1.794466,23.000000,0.605505
0.200000,1.000000,1.800000,30.000000,1.100000,5.000000,0.642857
0.125000,0.128553,1.700000,23.399696,1.392857,8.000000,0.629630
0.125000,0.163891,2.083333,30.000000,1.711111,10.000000,0.675676
0.250000,1.000000,1.647059,30.000000,1.490909,11.000000,0.622222
0.166667,1.000000,1.833333,30.000000,1.266667,6.000000,0.647059
0.125000,0.378272,3.000000,28.332634,1.705882,18.000000,0.750000
0.250000,0.020408,3.666667,30.000000,1.266667,6.000000,0.785714
0.076923,0.382501,2.200000,26.560554,2.168561,33.000000,0.687500
0.076923,0.472754,2.363636,29.500767,1.743590,13.000000,0.702703
0.043478,1.000000,1.902439,30.000000,2.038328,42.000000,0.655462
0.043478,0.243005,2.321429,27.522885,1.889328,23.000000,0.698925
0.047619,0.862790,1.205479,28.831763,1.864532,29.000000,0.546584
0.047619,0.279974,2.423077,28.571429,1.804762,21.000000,0.707865
0.047619,0.279974,2.423077,28.571429,1.804762,21.000000,0.707865
0.047619,1.000000,1.925926,30.000000,2.038328,42.000000,0.658228
0.043478,0.243005,2.321429,27.522885,1.889328,23.000000,0.698925
0.043478,0.486095,1.205479,28.992872,1.864532,29.000000,0.546584
0.058824,1.000000,1.315789,20.571323,2.209486,23.000000,0.568182
0.058824,0.632492,2.096774,29.172675,1.748918,22.000000,0.677083
0.058824,0.365749,1.216216,23.808126,1.843137,18.000000,0.548780
0.058824,1.000000,1.361111,30.000000,2.168831,22.000000,0.576471
0.076923,1.000000,1.315789,20.571323,2.209486,23.000000,0.568182
0.076923,0.472754,2.363636,29.563397,1.743590,13.000000,0.702703
0.058824,1.000000,1.315789,20.571323,2.209486,23.000000,0.568182
0.058824,0.632492,2.096774,29.172675,1.748918,22.000000,0.677083
0.076923,1.000000,1.315789,20.571323,2.209486,23.000000,0.568182
0.076923,0.472754,2.363636,29.563397,1.743590,13.000000,0.702703
0.058824,0.365749,1.216216,23.808126,1.843137,18.000000,0.548780
0.058824,1.000000,1.361111,30.000000,2.168831,22.000000,0.576471
0.090909,0.074160,2.954545,29.746759,1.938406,24.000000,0.747126
0.090909,0.283514,1.472222,28.128758,1.870968,32.000000,0.595506
0.090909,0.283514,1.472222,28.128758,1.870968,32.000000,0.595506
0.050000,0.602349,1.463415,28.370483,1.694737,20.000000,0.594059
0.050000,0.689579,1.666667,28.218164,2.250000,24.000000,0.625000
0.090909,0.371401,2.428571,26.331376,1.963054,29.000000,0.708333
0.142857,0.925022,6.250000,29.889163,1.305556,9.000000,0.862069
0.166667,0.001984,1.562500,26.775433,1.782051,13.000000,0.609756
0.076923,0.001984,1.562500,26.775433,1.782051,13.000000,0.609756
0.076923,0.008130,2.466667,28.914807,1.525641,13.000000,0.711538
0.111111,0.090257,4.076923,27.989382,1.575000,16.000000,0.803030
0.200000,0.673569,3.400000,28.000000,1.923810,15.000000,0.772727
0.142857,0.435070,1.764706,21.605674,1.590909,12.000000,0.638298
0.200000,0.852799,2.050000,27.139089,1.852941,17.000000,0.672131
0.125000,0.844152,1.900000,29.936244,1.835498,22.000000,0.655172
0.125000,0.274027,2.428571,19.967701,1.428571,8.000000,0.708333
0.100000,0.299662,2.812500,29.655737,1.816993,18.000000,0.737705
0.100000,0.250634,2.812500,29.655737,1.816993,18.000000,0.737705
0.125000,0.060197,2.105263,30.000000,1.816176,17.000000,0.677966
0.250000,0.668445,1.560000,30.000000,1.783333,16.000000,0.609375
0.250000,0.668445,1.560000,30.000000,1.783333,16.000000,0.609375
0.250000,1.000000,3.500000,30.000000,1.500000,8.000000,0.777778
0.250000,0.020748,2.750000,26.618201,1.801170,19.000000,0.733333
0.200000,0.016260,4.666667,29.766828,1.500000,8.000000,0.823529
0.200000,1.000000,2.000000,24.000000,1.400000,5.000000,0.666667
0.250000,0.183539,2.000000,28.060058,1.641026,13.000000,0.666667
0.142857,0.817914,1.800000,30.000000,1.571429,7.000000,0.642857
0.125000,0.202614,2.333333,27.166741,1.500000,8.000000,0.700000
0.062500,0.061784,4.076923,29.920030,1.575000,16.000000,0.803030
0.062500,0.663451,2.842105,22.688135,1.900000,20.000000,0.739726
0.100000,0.166413,2.428571,30.000000,1.622222,10.000000,0.708333
0.142857,0.043410,3.666667,30.000000,1.476190,7.000000,0.785714
0.111111,0.141278,17.000000,27.293030,1.555556,9.000000,0.944444
0.166667,1.000000,3.600000,29.111128,1.647059,17.000000,0.782609
0.142857,0.453783,1.653333,27.771960,1.886364,33.000000,0.623116
0.125000,0.510108,2.000000,25.098719,1.500000,8.000000,0.666667
0.125000,0.407738,1.325000,21.483563,2.055336,23.000000,0.569892
0.071429,1.000000,2.238095,30.000000,1.713235,17.000000,0.691176
0.071429,1.000000,2.238095,30.000000,1.713235,17.000000,0.691176
0.045455,0.642516,1.647059,23.518838,1.978355,22.000000,0.622222
0.045455,0.008333,1.676471,30.000000,1.863636,33.000000,0.626374
0.045455,0.642516,1.647059,23.518838,1.978355,22.000000,0.622222
0.045455,0.008333,1.676471,30.000000,1.863636,33.000000,0.626374
0.083333,0.168257,2.200000,27.500000,1.742424,12.000000,0.687500
0.083333,1.000000,1.800000,29.607463,1.912088,14.000000,0.642857
0.111111,1.000000,3.600000,30.000000,1.555556,9.000000,0.782609
0.111111,1.000000,1.857143,30.000000,1.638889,9.000000,0.650000
0.200000,0.132444,2.500000,18.382365,1.619048,7.000000,0.714286
0.250000,1.000000,17.500000,30.000000,1.469697,12.000000,0.945946
0.100000,0.145054,2.357143,28.842612,1.819048,15.000000,0.702128
0.100000,0.478435,2.625000,26.438460,1.577778,10.000000,0.724138
0.032258,0.122417,2.368421,26.661373,2.047312,31.000000,0.703125
0.032258,0.101570,3.961538,29.720656,1.808602,31.000000,0.798450
0.100000,0.145054,2.357143,28.842612,1.819048,15.000000,0.702128
0.100000,0.478435,2.625000,26.438460,1.577778,10.000000,0.724138
0.111111,0.542533,1.727273,27.745171,1.500000,9.000000,0.633333
0.111111,0.030162,1.565217,20.636146,1.945055,14.000000,0.610169
0.111111,0.542533,1.727273,27.745171,1.500000,9.000000,0.633333
0.111111,0.030162,1.565217,20.636146,1.945055,14.000000,0.610169
0.125000,0.740798,3.655172,29.797186,1.816532,32.000000,0.785185
0.200000,1.000000,2.200000,30.000000,1.577778,10.000000,0.687500
0.200000,0.696661,1.350000,30.000000,1.681818,12.000000,0.574468
0.142857,1.000000,2.444444,29.527753,1.511111,10.000000,0.709677
0.047619,0.008333,1.460000,30.000000,1.685714,21.000000,0.593496
0.047619,1.000000,1.342857,25.219723,2.028571,21.000000,0.573171
0.300000,0.154380,1.916667,27.225017,1.488889,10.000000,0.657143
0.300000,1.000000,1.565217,20.636146,1.945055,14.000000,0.610169
0.111111,1.000000,1.625000,28.000000,1.971429,15.000000,0.619048
0.111111,0.000000,1.727273,29.844794,1.500000,9.000000,0.633333
0.111111,0.000000,1.727273,29.844794,1.500000,9.000000,0.633333
0.111111,1.000000,1.625000,28.000000,1.971429,15.000000,0.619048
0.300000,0.154380,1.916667,27.225017,1.488889,10.000000,0.657143
0.300000,1.000000,1.565217,20.636146,1.945055,14.000000,0.610169
0.250000,0.413358,2.108108,29.788642,1.896667,25.000000,0.678261
0.071429,0.055213,1.666667,27.200339,1.912088,14.000000,0.625000
0.250000,0.034532,1.583333,26.237435,1.900585,19.000000,0.612903
0.100000,0.350722,2.111111,28.708280,1.577778,10.000000,0.678571
0.090909,0.049244,1.257143,29.043912,1.864532,29.000000,0.556962
0.090909,1.000000,1.800000,25.049827,1.672727,11.000000,0.642857
0.066667,0.518428,1.500000,26.317078,1.847619,15.000000,0.600000
0.066667,0.030392,2.040816,28.965517,1.908867,29.000000,0.671141
0.066667,0.716765,2.208333,30.000000,1.719298,19.000000,0.688312
0.066667,0.518428,1.500000,26.317078,1.847619,15.000000,0.600000
0.066667,0.518428,1.500000,26.317078,1.847619,15.000000,0.600000
0.066667,0.030392,2.040816,28.965517,1.908867,29.000000,0.671141
0.066667,0.030392,2.040816,28.965517,1.908867,29.000000,0.671141
0.066667,0.518428,1.500000,26.317078,1.847619,15.000000,0.600000
0.100000,0.020408,5.833333,28.051062,1.709957,22.000000,0.853659
0.142857,0.820854,1.288889,30.000000,1.883117,22.000000,0.563107
0.142857,0.849541,4.600000,25.399184,1.945455,11.000000,0.821429
0.142857,0.810639,1.318182,30.000000,1.883117,22.000000,0.568627
0.142857,0.810639,1.318182,30.000000,1.883117,22.000000,0.568627
0.125000,1.000000,2.500000,30.000000,1.464286,8.000000,0.714286
0.142857,0.820854,1.288889,30.000000,1.883117,22.000000,0.563107
0.142857,0.849541,4.600000,25.399184,1.945455,11.000000,0.821429
0.058824,0.251370,2.708333,28.598750,1.715789,20.000000,0.730337
0.250000,1.000000,6.666667,30.000000,1.285714,8.000000,0.869565
0.200000,1.000000,2.000000,8.378957,1.200000,5.000000,0.666667
0.090909,0.133987,2.690476,30.000000,1.766382,27.000000,0.729032
0.090909,0.525506,1.642857,24.065348,1.581818,11.000000,0.621622
0.062500,0.080988,2.470588,21.986228,1.766667,16.000000,0.711864
0.062500,0.469600,1.540541,29.146687,1.673203,18.000000,0.606383
0.062500,1.000000,2.470588,21.986228,1.766667,16.000000,0.711864
0.062500,0.469600,1.540541,29.146687,1.673203,18.000000,0.606383
0.062500,1.000000,2.470588,21.986228,1.766667,16.000000,0.711864
0.062500,0.078617,2.400000,29.688261,1.647059,17.000000,0.705882
0.125000,0.384128,2.166667,29.895417,1.628571,15.000000,0.684211
0.066667,1.000000,2.000000,29.647737,1.638095,15.000000,0.666667
0.066667,0.229998,1.513889,29.274028,1.775862,29.000000,0.602210
0.090909,0.133987,2.690476,30.000000,1.766382,27.000000,0.729032
0.090909,0.525506,1.642857,24.065348,1.581818,11.000000,0.621622
0.071429,0.215967,1.631579,30.000000,1.769231,14.000000,0.620000
0.045455,1.000000,1.731707,30.000000,1.796537,22.000000,0.633929
0.100000,1.000000,1.000000,19.553820,1.511111,10.000000,0.500000
0.142857,0.924971,1.714286,25.714286,1.476190,7.000000,0.631579
0.142857,1.000000,1.774194,30.000000,1.921053,20.000000,0.639535
0.200000,0.348349,1.638889,29.950123,1.742105,20.000000,0.621053
0.083333,0.249918,1.216216,23.808126,1.843137,18.000000,0.548780
0.083333,1.000000,2.200000,28.701450,1.742424,12.000000,0.687500
0.058824,0.250659,1.565217,19.314922,1.735294,17.000000,0.610169
0.058824,0.280024,2.257143,29.407041,1.774929,27.000000,0.692982
0.125000,1.000000,1.531915,30.000000,1.845850,23.000000,0.605042
0.125000,0.181818,1.625000,18.832849,1.535714,8.000000,0.619048
0.058824,0.250659,1.565217,19.314922,1.735294,17.000000,0.610169
0.058824,1.000000,2.655172,30.000000,1.898462,26.000000,0.726415
0.111111,0.297852,2.145833,28.909140,1.928571,29.000000,0.682119
0.047619,0.916413,1.657895,29.490446,1.814286,21.000000,0.623762
0.047619,0.724734,2.250000,30.000000,1.948617,23.000000,0.692308
0.111111,0.000000,3.400000,30.000000,1.611111,9.000000,0.772727
0.111111,1.000000,1.531915,30.000000,1.845850,23.000000,0.605042
0.142857,0.146066,2.416667,27.101131,1.808333,16.000000,0.707317
0.071429,0.042911,1.722222,25.645587,1.769231,14.000000,0.632653
0.250000,0.340039,3.142857,29.423929,1.757576,12.000000,0.758621
0.076923,0.268859,2.730769,28.638185,2.063333,25.000000,0.731959
0.071429,0.866246,1.380952,22.299922,1.802198,14.000000,0.580000
0.071429,0.139017,2.083333,30.000000,1.914286,21.000000,0.675676
0.071429,0.866246,1.380952,22.299922,1.802198,14.000000,0.580000
0.071429,0.253925,2.037037,28.688189,2.021021,37.000000,0.670732
0.111111,0.029787,2.833333,25.788909,1.527778,9.000000,0.739130
0.111111,0.707421,1.213483,27.484668,2.000000,36.000000,0.548223
0.125000,1.000000,3.500000,30.000000,1.571429,8.000000,0.777778
0.125000,1.000000,4.000000,27.281321,1.666667,9.000000,0.800000
0.142857,0.296824,1.234568,26.521631,1.994652,34.000000,0.552486
0.142857,1.000000,2.750000,30.000000,1.476190,7.000000,0.733333
0.125000,1.000000,4.000000,27.281321,1.666667,9.000000,0.800000
0.125000,1.000000,3.500000,30.000000,1.571429,8.000000,0.777778
0.055556,0.037437,1.266667,28.635450,1.996997,37.000000,0.558824
0.066667,0.017544,2.200000,27.554343,1.685714,15.000000,0.687500
0.142857,0.000000,1.615385,30.000000,1.000000,7.000000,0.617647
0.058824,1.000000,1.829268,29.826414,1.728261,24.000000,0.646552
0.100000,0.087371,2.900000,23.076985,1.730769,13.000000,0.743590
0.100000,0.687126,1.400000,20.301359,1.577778,10.000000,0.583333
0.125000,0.013593,3.750000,29.728798,1.464286,8.000000,0.789474
0.062500,1.000000,2.187500,28.750000,1.746377,24.000000,0.686275
0.090909,0.310228,2.333333,24.225764,1.885375,23.000000,0.700000
0.083333,1.000000,2.000000,27.359042,1.803030,12.000000,0.666667
0.062500,0.394879,2.173333,28.389329,2.134135,47.000000,0.684874
0.062500,0.476166,1.750000,25.984157,1.777778,18.000000,0.636364
0.071429,1.000000,1.590909,26.751701,1.736264,14.000000,0.614035
0.166667,0.465902,1.425000,28.571887,1.991087,34.000000,0.587629
0.066667,0.374188,1.833333,28.534806,1.780952,15.000000,0.647059
0.142857,0.108433,2.500000,29.953159,1.969892,31.000000,0.714286
0.142857,0.568174,1.555556,25.169727,1.333333,7.000000,0.608696
0.058824,0.223936,2.371429,29.611443,1.790514,23.000000,0.703390
0.058824,1.000000,2.380952,28.946684,2.015810,23.000000,0.704225
0.055556,1.000000,1.386364,29.591860,1.633987,18.000000,0.580952
0.125000,1.000000,5.666667,27.268822,1.428571,8.000000,0.850000
0.055556,0.293784,2.657534,29.034901,1.885291,47.000000,0.726592
0.055556,1.000000,1.913043,30.000000,1.712418,18.000000,0.656716
0.083333,0.174770,2.000000,26.876036,1.666667,12.000000,0.666667
0.083333,1.000000,1.863636,29.775770,1.698529,17.000000,0.650794
0.066667,0.000000,1.843137,30.000000,2.004598,30.000000,0.648276
0.066667,0.000000,1.843137,30.000000,2.004598,30.000000,0.648276
0.166667,1.000000,1.102564,27.322845,1.854497,28.000000,0.524390
0.166667,0.020408,1.666667,29.689104,1.333333,6.000000,0.625000
0.045455,1.000000,1.102564,27.322845,1.854497,28.000000,0.524390
0.045455,0.027392,1.805556,28.811479,1.718615,22.000000,0.643564
0.083333,1.000000,1.102564,27.322845,1.854497,28.000000,0.524390
0.083333,0.000000,2.727273,22.927178,1.590909,12.000000,0.731707
0.125000,1.000000,1.102564,27.322845,1.854497,28.000000,0.524390
0.125000,0.181818,2.500000,9.984511,1.285714,8.000000,0.714286
0.100000,0.156915,2.468750,13.750049,1.713768,24.000000,0.711712
0.076923,0.338222,2.166667,26.865816,1.571429,14.000000,0.684211
0.047619,1.000000,2.043478,21.846174,1.876190,21.000000,0.671429
0.071429,0.301215,1.666667,28.218164,2.250000,24.000000,0.625000
0.117647,0.797832,1.720000,28.492592,1.786765,17.000000,0.632353
0.117647,0.539198,1.975610,29.437257,1.947090,28.000000,0.663934
0.055556,0.642331,2.690476,30.000000,1.766382,27.000000,0.729032
0.055556,0.642331,2.690476,30.000000,1.766382,27.000000,0.729032
0.090909,0.263320,3.666667,23.696386,1.600000,11.000000,0.785714
0.055556,1.000000,1.785714,30.000000,1.728261,24.000000,0.641026
0.055556,0.303328,1.358974,30.000000,2.055336,23.000000,0.576087
0.076923,0.478459,1.481481,30.000000,1.925000,16.000000,0.597015
0.076923,1.000000,1.440000,29.777102,1.551282,13.000000,0.590164
0.111111,1.000000,1.727273,29.904229,1.500000,9.000000,0.633333
0.166667,1.000000,1.600000,29.119343,1.466667,6.000000,0.615385
0.045455,0.004255,2.478261,23.160532,2.000000,22.000000,0.712500
0.200000,0.008547,2.487179,29.723533,1.885291,47.000000,0.713235
0.083333,0.131555,2.230769,28.373339,1.621212,12.000000,0.690476
0.083333,0.546848,2.071429,25.746202,1.621212,12.000000,0.674419
0.166667,0.902478,2.666667,18.852434,1.533333,6.000000,0.727273
0.100000,0.155744,1.266667,28.421132,1.996997,37.000000,0.558824
0.125000,1.000000,2.250000,29.234403,1.357143,8.000000,0.692308
0.125000,0.285458,2.250000,29.234403,1.357143,8.000000,0.692308
0.250000,0.550693,2.615385,22.053383,1.926471,17.000000,0.723404
0.125000,0.162162,2.526316,29.405000,1.843137,18.000000,0.716418
0.111111,1.000000,2.863636,29.654357,1.778947,20.000000,0.741176
0.111111,0.187071,1.800000,30.000000,1.555556,9.000000,0.642857
0.041667,0.706428,2.117647,28.750000,1.873188,24.000000,0.679245
0.041667,0.221437,1.880952,30.000000,2.030197,42.000000,0.652893
0.041667,0.967523,2.117647,28.750000,1.873188,24.000000,0.679245
0.041667,0.221437,1.880952,30.000000,2.030197,42.000000,0.652893
0.111111,0.572311,3.285714,23.894539,1.853801,19.000000,0.766667
0.041667,0.318633,1.266667,27.587735,1.996997,37.000000,0.558824
0.041667,0.706428,2.117647,28.750000,1.873188,24.000000,0.679245
0.041667,0.967523,2.117647,28.750000,1.873188,24.000000,0.679245
0.041667,0.318633,1.266667,27.587735,1.996997,37.000000,0.558824
0.055556,0.797674,2.875000,30.000000,2.503448,30.000000,0.741935
0.055556,0.105587,1.619048,29.354694,1.748918,22.000000,0.618182
0.055556,0.248885,2.526316,29.405000,1.843137,18.000000,0.716418
0.055556,0.006111,1.750000,29.613341,1.672515,19.000000,0.636364
0.055556,0.797674,2.875000,30.000000,2.503448,30.000000,0.741935
0.055556,0.105587,1.619048,29.354694,1.748918,22.000000,0.618182
0.055556,0.257458,2.526316,29.405000,1.843137,18.000000,0.716418
0.055556,0.006111,1.750000,29.613341,1.672515,19.000000,0.636364
0.055556,1.000000,2.526316,29.405000,1.843137,18.000000,0.716418
0.055556,0.006111,1.750000,29.613341,1.672515,19.000000,0.636364
0.055556,0.797674,2.875000,30.000000,2.503448,30.000000,0.741935
0.055556,0.105587,1.619048,29.354694,1.748918,22.000000,0.618182
0.055556,0.218707,1.658537,28.644240,1.773333,25.000000,0.623853
0.111111,0.000000,1.857143,28.293373,1.638889,9.000000,0.650000
0.066667,0.744527,2.050000,30.000000,1.928105,18.000000,0.672131
0.066667,0.744527,2.050000,30.000000,1.928105,18.000000,0.672131
0.066667,0.744527,2.050000,30.000000,1.928105,18.000000,0.672131
0.142857,0.360667,1.666667,30.000000,1.523810,7.000000,0.625000
0.090909,0.427719,1.950000,26.566908,2.084656,28.000000,0.661017
0.111111,0.009485,1.409091,28.633357,2.053333,25.000000,0.584906
0.250000,1.000000,11.000000,30.000000,1.515152,12.000000,0.916667
0.083333,1.000000,3.857143,30.000000,1.725490,18.000000,0.794118
0.125000,1.000000,1.323529,22.788968,1.560440,14.000000,0.569620
0.125000,0.117241,2.250000,30.000000,1.357143,8.000000,0.692308
0.142857,0.162152,1.702703,29.216128,1.861905,21.000000,0.630000
0.071429,1.000000,1.323529,22.788968,1.560440,14.000000,0.569620
0.071429,0.531394,2.125000,29.632190,1.906667,25.000000,0.680000
0.041667,0.676954,1.710526,23.849341,1.981884,24.000000,0.631068
0.041667,0.004367,1.584416,30.000000,1.857398,34.000000,0.613065
0.041667,0.004367,1.584416,30.000000,1.857398,34.000000,0.613065
0.041667,0.676954,1.710526,23.849341,1.981884,24.000000,0.631068
0.166667,0.433611,2.148148,29.384895,1.871429,21.000000,0.682353
0.055556,0.367028,1.149254,28.684425,1.803333,25.000000,0.534722
0.055556,0.719884,2.050000,30.000000,1.928105,18.000000,0.672131
0.055556,0.367028,1.149254,28.684425,1.803333,25.000000,0.534722
0.055556,0.719884,2.050000,30.000000,1.928105,18.000000,0.672131
0.066667,0.367028,1.149254,28.684425,1.803333,25.000000,0.534722
0.066667,0.046892,1.869565,27.998470,1.590476,15.000000,0.651515
0.055556,0.367028,1.149254,28.684425,1.803333,25.000000,0.534722
0.055556,0.719884,2.050000,30.000000,1.928105,18.000000,0.672131
0.100000,0.766033,1.055556,17.824004,1.688889,10.000000,0.513514
0.066667,0.555603,2.142857,28.816477,1.777778,19.000000,0.681818
0.142857,1.000000,2.150000,27.921221,1.666667,15.000000,0.682540
0.071429,1.000000,1.937500,27.668689,1.725275,14.000000,0.659574
0.083333,0.134624,1.266667,29.086927,1.996997,37.000000,0.558824
0.038462,1.000000,1.120690,14.243075,1.963077,26.000000,0.528455
0.038462,0.257614,2.552632,29.705533,1.885291,47.000000,0.718519
0.040000,1.000000,1.181818,17.330997,1.963077,26.000000,0.541667
0.040000,0.800110,1.224490,6.970360,2.040000,25.000000,0.550459
0.058824,0.639117,1.964286,29.906731,1.921053,20.000000,0.662651
0.058824,1.000000,2.615385,22.053383,1.926471,17.000000,0.723404
0.125000,0.300870,2.000000,21.841881,1.571429,8.000000,0.666667
0.125000,0.067005,2.687500,28.439327,1.527473,14.000000,0.728814
0.250000,0.763055,2.115385,26.942522,1.921053,20.000000,0.679012
0.076923,1.000000,2.062500,27.098019,1.637363,14.000000,0.673469
0.052632,1.000000,1.880000,21.610511,1.725146,19.000000,0.652778
0.071429,0.567475,2.000000,26.699051,2.116959,19.000000,0.666667
0.071429,1.000000,2.062500,27.892018,1.637363,14.000000,0.673469
0.040000,1.000000,2.533333,28.684578,1.927928,37.000000,0.716981
0.040000,0.820790,1.224490,6.970360,2.040000,25.000000,0.550459
0.285714,1.000000,1.800000,26.844522,1.357143,8.000000,0.642857
0.285714,1.000000,2.000000,30.000000,1.466667,10.000000,0.666667
0.200000,1.000000,2.200000,30.000000,1.266667,6.000000,0.687500
0.200000,0.128571,2.200000,30.000000,1.266667,6.000000,0.687500
0.062500,1.000000,2.423729,28.330292,1.938095,36.000000,0.707921
0.200000,0.128571,2.200000,30.000000,1.266667,6.000000,0.687500
0.086957,1.000000,2.258621,29.388218,1.939394,34.000000,0.693122
0.086957,0.243359,1.169492,28.464267,1.802372,23.000000,0.539062
0.166667,0.093892,5.000000,29.047868,2.000000,12.000000,0.833333
0.050000,0.084602,2.511628,29.022687,2.091582,55.000000,0.715232
0.050000,1.000000,3.347826,28.235803,1.657895,20.000000,0.770000
0.050000,0.352925,1.702703,24.543099,1.861905,21.000000,0.630000
0.050000,0.361382,1.594595,29.245181,1.766798,23.000000,0.614583
0.083333,0.468702,1.750000,30.000000,1.641026,13.000000,0.636364
0.083333,1.000000,1.400000,23.323314,1.816176,17.000000,0.583333
0.058824,0.258486,1.828571,30.000000,1.695238,21.000000,0.646465
0.058824,1.000000,1.400000,23.323314,1.816176,17.000000,0.583333
0.200000,0.531907,2.000000,25.944629,1.400000,5.000000,0.666667
0.200000,0.881534,1.615385,29.774202,1.823529,17.000000,0.617647
0.166667,1.000000,1.744186,30.000000,1.728261,24.000000,0.635593
0.055556,0.784863,1.301887,30.000000,1.841897,23.000000,0.565574
0.055556,0.784863,1.301887,30.000000,1.841897,23.000000,0.565574
0.090909,0.323811,2.029412,29.510392,2.063333,25.000000,0.669903
0.090909,0.844027,2.833333,20.379624,2.176471,17.000000,0.739130
0.055556,0.337142,2.612903,28.257100,1.923280,28.000000,0.723214
0.055556,0.392784,1.592593,28.786143,1.862745,18.000000,0.614286
0.090909,0.793836,2.833333,20.379624,2.176471,17.000000,0.739130
0.090909,0.323811,2.029412,29.510392,2.063333,25.000000,0.669903
0.100000,0.911665,2.555556,24.000134,1.488889,10.000000,0.718750
0.100000,0.505960,2.105263,29.567947,1.775000,16.000000,0.677966
0.062500,0.060372,3.571429,25.799818,1.683333,16.000000,0.781250
0.142857,0.390266,1.200000,20.879245,1.476190,7.000000,0.545455
0.250000,0.807647,1.692308,25.447241,1.772059,17.000000,0.628571
0.250000,0.807647,1.692308,25.447241,1.772059,17.000000,0.628571
0.090909,0.831638,1.800000,19.090909,1.509091,11.000000,0.642857
0.090909,0.902890,1.769231,30.000000,1.830065,18.000000,0.638889
0.090909,0.831638,1.800000,19.090909,1.509091,11.000000,0.642857
0.090909,0.902890,1.769231,30.000000,1.830065,18.000000,0.638889
0.142857,1.000000,3.666667,30.000000,1.476190,7.000000,0.785714
0.142857,1.000000,3.666667,20.070708,2.054545,11.000000,0.785714
0.111111,0.246175,3.000000,26.554827,1.466667,10.000000,0.750000
0.111111,1.000000,2.285714,30.000000,1.555556,9.000000,0.695652
0.045455,0.181134,1.722222,27.276136,1.969748,35.000000,0.632653
0.045455,1.000000,2.478261,23.160532,2.000000,22.000000,0.712500
0.076923,1.000000,2.466667,29.651592,1.525641,13.000000,0.711538
0.076923,0.015590,1.545455,18.333746,1.716667,16.000000,0.607143
0.043478,1.000000,2.652174,26.799415,1.992095,23.000000,0.726190
0.105263,0.628100,2.037037,29.600206,1.909091,23.000000,0.670732
0.105263,1.000000,1.925926,27.578427,1.730994,19.000000,0.658228
0.166667,0.493538,2.000000,27.969772,1.515152,12.000000,0.666667
0.250000,1.000000,2.263158,29.250036,1.810458,18.000000,0.693548
0.055556,0.151100,2.714286,27.371369,2.183007,18.000000,0.730769
0.055556,0.165862,1.690909,29.500166,1.982796,31.000000,0.628378
0.250000,1.000000,2.580247,29.476125,1.954672,47.000000,0.720690
0.142857,0.481990,1.562500,27.427637,1.803333,25.000000,0.609756
0.111111,0.367376,2.125000,26.000000,1.752381,15.000000,0.680000
0.035714,1.000000,1.744681,29.989429,2.022148,43.000000,0.635659
0.035714,0.103133,2.394737,27.309566,1.894180,28.000000,0.705426
0.035714,1.000000,1.744681,29.989429,2.022148,43.000000,0.635659
0.035714,0.103133,2.394737,27.309566,1.894180,28.000000,0.705426
0.076923,1.000000,2.264706,27.487716,1.993590,40.000000,0.693694
0.076923,1.000000,0.959459,27.031628,1.800725,24.000000,0.489655
0.200000,0.012766,1.433962,29.360015,1.775362,24.000000,0.589147
0.166667,1.000000,1.800000,30.000000,1.581818,11.000000,0.642857
0.250000,0.233326,2.200000,29.768892,1.685714,15.000000,0.687500
0.142857,1.000000,2.500000,25.714286,1.571429,7.000000,0.714286
0.142857,0.073971,2.162162,29.670816,1.647619,21.000000,0.683761
0.142857,0.116675,2.500000,25.714286,1.571429,7.000000,0.714286
0.142857,0.073971,2.162162,29.670816,1.647619,21.000000,0.683761
0.142857,1.000000,2.750000,29.690055,1.476190,7.000000,0.733333
0.142857,1.000000,2.750000,30.000000,1.476190,7.000000,0.733333
0.300000,1.000000,1.769231,29.547070,1.488889,10.000000,0.638889
0.166667,0.825342,1.137500,27.138611,1.852217,29.000000,0.532164
0.166667,1.000000,1.666667,30.000000,1.333333,6.000000,0.625000
0.090909,0.098723,1.549296,29.943473,1.867424,33.000000,0.607735
0.045455,0.710094,1.756757,29.536718,1.718615,22.000000,0.637255
0.045455,0.825342,1.137500,27.138611,1.852217,29.000000,0.532164
0.083333,0.338516,2.500000,27.520385,1.590909,12.000000,0.714286
0.083333,0.825342,1.137500,27.138611,1.852217,29.000000,0.532164
0.125000,0.825342,1.137500,27.138611,1.852217,29.000000,0.532164
0.125000,0.385965,2.500000,23.530818,1.285714,8.000000,0.714286
0.047619,0.227771,3.085714,29.554579,1.928571,29.000000,0.755245
0.047619,0.329959,1.821429,28.572002,1.947619,21.000000,0.645570
0.047619,0.227771,3.085714,29.554579,1.928571,29.000000,0.755245
0.047619,0.437770,1.821429,28.572002,1.947619,21.000000,0.645570
0.125000,0.212025,2.000000,28.332688,2.165165,37.000000,0.666667
0.055556,0.544512,1.843137,30.000000,2.004598,30.000000,0.648276
0.055556,0.544512,1.843137,30.000000,2.004598,30.000000,0.648276
0.200000,0.116772,2.200000,26.560554,2.168561,33.000000,0.687500
0.062500,0.325668,2.437500,23.847931,1.816667,16.000000,0.709091
0.062500,1.000000,1.740741,27.342150,1.692810,18.000000,0.635135
0.142857,0.008264,1.476190,21.054977,1.714286,14.000000,0.596154
0.125000,1.000000,2.193548,29.161938,1.906667,25.000000,0.686869
0.125000,1.000000,3.666667,28.851197,1.678571,8.000000,0.785714
0.142857,0.462813,1.473684,14.532283,1.705128,13.000000,0.595745
0.142857,0.232312,4.000000,30.000000,1.476190,7.000000,0.800000
0.142857,0.676197,1.650000,28.752202,2.039216,34.000000,0.622642
0.066667,0.435832,1.743590,27.069282,1.950000,25.000000,0.635514
0.111111,0.574835,1.690909,29.536856,1.982796,31.000000,0.628378
0.125000,0.604757,1.620690,29.926163,2.008065,32.000000,0.618421
0.125000,0.364809,3.285714,29.909315,1.690909,11.000000,0.766667
0.066667,0.628408,2.200000,29.026468,1.685714,15.000000,0.687500
0.066667,1.000000,1.950000,26.566908,2.084656,28.000000,0.661017
0.125000,0.643397,1.619048,25.714286,1.670330,14.000000,0.618182
0.166667,1.000000,1.743590,29.734121,2.000000,26.000000,0.635514
0.111111,1.000000,2.100000,26.583074,1.822511,22.000000,0.677419
0.111111,0.087826,1.722222,24.672384,1.769231,14.000000,0.632653
0.142857,0.545992,3.000000,23.378488,1.428571,7.000000,0.750000
0.100000,0.018803,1.953488,30.000000,1.778462,26.000000,0.661417
0.100000,1.000000,1.636364,23.520132,1.711111,10.000000,0.620690
0.111111,0.128343,1.666667,29.344652,1.961905,36.000000,0.625000
0.111111,0.087826,1.722222,24.672384,1.769231,14.000000,0.632653
0.142857,0.545992,3.000000,23.378488,1.428571,7.000000,0.750000
0.052632,0.765149,2.866667,30.000000,2.017544,19.000000,0.741379
0.052632,0.986872,1.224490,6.970360,2.040000,25.000000,0.550459
0.052632,0.765149,2.866667,30.000000,2.017544,19.000000,0.741379
0.052632,0.986872,1.224490,6.970360,2.040000,25.000000,0.550459
0.125000,0.632871,1.700000,23.399696,1.392857,8.000000,0.629630
0.125000,0.071645,2.102564,26.218476,1.987685,29.000000,0.677686
0.052632,0.765149,2.866667,30.000000,2.017544,19.000000,0.741379
0.052632,0.986872,1.224490,6.970360,2.040000,25.000000,0.550459
0.125000,0.076874,1.454545,26.783877,2.032115,43.000000,0.592593
0.090909,0.939007,2.083333,30.000000,1.636364,11.000000,0.675676
0.030303,0.103044,1.364706,28.568185,2.019915,38.000000,0.577114
0.030303,0.472272,3.093750,20.934071,2.077652,33.000000,0.755725
0.125000,1.000000,4.250000,29.792736,1.611111,9.000000,0.809524
0.142857,0.062384,1.549296,29.521095,1.867424,33.000000,0.607735
0.142857,0.315692,1.933333,27.475778,1.684211,19.000000,0.659091
0.083333,0.290427,1.272727,26.411037,1.769231,13.000000,0.560000
0.083333,0.290427,1.272727,26.411037,1.769231,13.000000,0.560000
0.090909,1.000000,2.411765,30.000000,1.698529,17.000000,0.706897
0.038462,0.036352,2.488095,29.077699,1.893878,50.000000,0.713311
0.076923,0.772670,2.500000,28.794844,1.852941,17.000000,0.714286
0.200000,0.004770,2.142857,27.723594,1.583333,9.000000,0.681818
0.200000,0.004770,2.142857,27.723594,1.583333,9.000000,0.681818
0.076923,0.772670,2.500000,28.794844,1.852941,17.000000,0.714286
0.200000,0.497081,3.944444,25.516263,1.898551,24.000000,0.797753
0.090909,0.195041,2.772727,28.956313,1.695906,19.000000,0.734940
0.111111,0.483391,2.000000,26.710273,1.800000,16.000000,0.666667
0.090909,0.413156,1.100000,28.669405,1.862366,31.000000,0.523810
0.200000,1.000000,2.272727,28.824817,1.736842,20.000000,0.694444
0.166667,0.995079,1.666667,21.382813,1.333333,6.000000,0.625000
0.166667,0.040388,2.368421,30.000000,1.705882,18.000000,0.703125
0.083333,0.453947,2.363636,27.529444,1.606061,12.000000,0.702703
0.166667,0.416387,2.200000,30.000000,1.266667,6.000000,0.687500
0.166667,0.140802,2.333333,22.884102,1.571429,8.000000,0.700000
0.142857,0.680545,1.741935,28.235294,1.632353,17.000000,0.635294
0.142857,0.680545,1.741935,28.235294,1.632353,17.000000,0.635294
0.142857,0.680545,1.741935,28.235294,1.632353,17.000000,0.635294
0.142857,0.680545,1.741935,28.235294,1.632353,17.000000,0.635294
0.100000,0.410043,2.244898,29.125609,2.133713,38.000000,0.691824
0.090909,0.374701,1.500000,23.053962,1.690909,11.000000,0.600000
0.090909,0.374952,2.510638,29.800152,1.962353,51.000000,0.715152
0.100000,1.000000,2.333333,30.000000,1.618182,11.000000,0.700000
0.250000,0.007937,2.000000,28.235294,1.654412,17.000000,0.666667
0.142857,0.867391,1.196078,26.076445,2.083077,26.000000,0.544643
0.250000,0.007937,2.000000,28.235294,1.654412,17.000000,0.666667
0.045455,0.007502,1.705128,30.000000,1.861905,36.000000,0.630332
0.045455,0.723487,1.722222,24.619875,1.896104,22.000000,0.632653
0.083333,1.000000,2.166667,28.907469,1.606061,12.000000,0.684211
0.111111,0.333511,2.000000,28.318020,1.444444,9.000000,0.666667
0.111111,0.141163,1.944444,29.400669,1.551282,13.000000,0.660377
0.045455,0.007502,1.705128,30.000000,1.861905,36.000000,0.630332
0.045455,0.723487,1.722222,24.619875,1.896104,22.000000,0.632653
0.071429,0.601047,2.538462,24.676218,1.769231,14.000000,0.717391
0.111111,0.212504,1.869565,26.544159,1.816993,18.000000,0.651515
0.045455,0.554845,1.906250,28.940751,1.841897,23.000000,0.655914
0.071429,0.333918,2.000000,29.418819,1.998650,39.000000,0.666667
0.200000,0.917330,1.100000,28.209097,1.862366,31.000000,0.523810
0.066667,0.789180,2.000000,30.000000,1.495238,15.000000,0.666667
0.066667,0.263484,2.306122,28.875918,1.986555,35.000000,0.697531
0.142857,0.112228,1.966102,29.429056,2.354808,65.000000,0.662857
0.142857,0.894056,1.386364,28.240332,1.633987,18.000000,0.580952
0.076923,0.872278,1.652174,28.708632,1.551282,13.000000,0.622951
0.076923,0.683944,1.611111,28.726740,1.681319,14.000000,0.617021
0.043478,0.917330,1.100000,28.209097,1.862366,31.000000,0.523810
0.043478,0.145894,1.780488,29.849278,1.711462,23.000000,0.640351
0.166667,0.917330,1.100000,28.209097,1.862366,31.000000,0.523810
0.166667,0.094239,1.875000,28.215001,1.000000,6.000000,0.652174
0.055556,0.022834,2.307692,28.083118,1.710145,24.000000,0.697674
0.055556,0.938826,1.386364,29.807410,1.633987,18.000000,0.580952
0.076923,0.917330,1.100000,28.209097,1.862366,31.000000,0.523810
0.076923,0.454473,3.083333,29.759235,1.564103,13.000000,0.755102
0.125000,0.917330,1.100000,28.209097,1.862366,31.000000,0.523810
0.125000,1.000000,2.222222,30.000000,1.285714,8.000000,0.689655
0.142857,0.894056,1.386364,28.240332,1.633987,18.000000,0.580952
0.142857,0.112228,1.966102,29.429056,2.354808,65.000000,0.662857
0.166667,0.791552,2.200000,29.402149,1.416667,9.000000,0.687500
0.166667,0.180691,2.250000,30.000000,1.400000,6.000000,0.692308
0.200000,1.000000,2.714286,29.180494,1.870000,25.000000,0.730769
0.200000,1.000000,2.714286,29.180494,1.870000,25.000000,0.730769
0.035714,1.000000,2.394737,27.309566,1.894180,28.000000,0.705426
0.035714,0.105532,1.549296,30.000000,1.867424,33.000000,0.607735
0.071429,1.000000,2.357143,29.975197,1.881773,29.000000,0.702128
0.071429,1.000000,2.357143,29.975197,1.881773,29.000000,0.702128
0.071429,1.000000,3.454545,28.826129,1.733333,16.000000,0.775510
0.071429,1.000000,2.321429,27.522885,1.889328,23.000000,0.698925
0.035714,1.000000,2.394737,27.309566,1.894180,28.000000,0.705426
0.035714,0.105532,1.549296,30.000000,1.867424,33.000000,0.607735
0.166667,0.070508,2.600000,24.497173,1.133333,6.000000,0.722222
0.166667,1.000000,2.321429,27.522885,1.889328,23.000000,0.698925
0.111111,1.000000,3.500000,27.175175,1.648352,14.000000,0.777778
0.166667,1.000000,2.500000,29.289220,1.748538,19.000000,0.714286
0.083333,1.000000,3.000000,30.000000,1.636364,12.000000,0.750000
0.066667,1.000000,1.636364,30.000000,1.514286,15.000000,0.620690
0.090909,0.384132,3.500000,21.942430,1.763636,11.000000,0.777778
0.071429,1.000000,1.476190,26.669741,1.714286,14.000000,0.596154
0.250000,0.003922,1.761905,30.000000,1.593407,14.000000,0.637931
0.052632,0.276074,1.875000,29.168272,1.815385,26.000000,0.652174
0.062500,0.547494,1.333333,29.527258,1.625000,16.000000,0.571429
0.055556,0.050477,2.957447,30.000000,1.751724,30.000000,0.747312
0.055556,1.000000,1.409091,29.788642,2.053333,25.000000,0.584906
0.052632,0.106663,2.428571,29.118356,1.892308,26.000000,0.708333
0.052632,0.047183,1.571429,29.096881,1.710526,20.000000,0.611111
0.062500,0.975038,1.333333,29.527258,1.625000,16.000000,0.571429
0.055556,0.050477,2.957447,30.000000,1.751724,30.000000,0.747312
0.076923,0.537345,3.083333,29.784484,1.564103,13.000000,0.755102
0.090909,1.000000,2.687500,27.329867,1.810458,18.000000,0.728814
0.090909,1.000000,3.400000,27.990909,1.381818,11.000000,0.772727
0.090909,1.000000,3.400000,27.990909,1.381818,11.000000,0.772727
0.090909,1.000000,2.687500,27.329867,1.810458,18.000000,0.728814
0.090909,1.000000,2.687500,27.329867,1.810458,18.000000,0.728814
0.090909,1.000000,3.400000,27.990909,1.381818,11.000000,0.772727
0.090909,1.000000,3.400000,27.990909,1.381818,11.000000,0.772727
0.090909,1.000000,2.687500,27.329867,1.810458,18.000000,0.728814
0.111111,0.979905,2.857143,28.322036,1.696970,12.000000,0.740741
0.200000,0.391202,2.690476,30.000000,1.766382,27.000000,0.729032
0.052632,0.056342,2.166667,28.128096,1.701299,22.000000,0.684211
0.052632,0.979442,4.333333,26.065015,1.919048,21.000000,0.812500
0.066667,0.323446,1.433333,25.682876,1.638095,15.000000,0.589041
0.066667,0.777652,3.072727,29.561939,1.794958,35.000000,0.754464
0.055556,0.658446,2.777778,29.303280,1.776210,32.000000,0.735294
0.066667,0.436008,5.500000,30.000000,1.580952,15.000000,0.846154
0.066667,0.087798,2.567568,29.319707,1.823333,25.000000,0.719697
0.142857,0.815437,2.307692,26.137528,1.545455,12.000000,0.697674
0.055556,0.658446,2.777778,29.303280,1.776210,32.000000,0.735294
0.200000,0.391202,2.690476,30.000000,1.766382,27.000000,0.729032
0.071429,0.271238,3.600000,26.886297,1.681319,14.000000,0.782609
0.071429,0.526541,2.973684,29.639393,1.766382,27.000000,0.748344
0.071429,0.526541,2.973684,29.639393,1.766382,27.000000,0.748344
0.071429,0.271238,3.600000,26.886297,1.681319,14.000000,0.782609
0.066667,0.777652,3.072727,29.561939,1.794958,35.000000,0.754464
0.066667,0.323446,1.433333,25.682876,1.638095,15.000000,0.589041
0.066667,0.436008,5.500000,30.000000,1.580952,15.000000,0.846154
0.066667,0.087798,2.567568,29.319707,1.823333,25.000000,0.719697
0.058824,0.439272,3.421053,29.642483,1.566176,17.000000,0.773810
0.058824,0.846419,2.172414,30.000000,1.631579,19.000000,0.684783
0.142857,1.000000,1.600000,27.018312,1.238095,7.000000,0.615385
0.200000,1.000000,4.400000,29.549507,1.511111,10.000000,0.814815
0.166667,0.177891,1.764706,29.183394,1.924901,23.000000,0.638298
0.166667,0.515874,1.857143,27.455625,1.775000,16.000000,0.650000
0.142857,1.000000,2.060606,29.981819,1.906667,25.000000,0.673267
0.111111,0.279254,2.625000,29.777159,2.215686,18.000000,0.724138
0.111111,0.700252,2.625000,29.777159,2.215686,18.000000,0.724138
0.250000,0.283460,1.840000,24.695062,1.661765,17.000000,0.647887
0.083333,0.036352,2.703704,27.547390,2.176638,27.000000,0.730000
0.142857,1.000000,1.600000,29.131745,1.238095,7.000000,0.615385
0.111111,0.003922,3.000000,27.143422,1.763636,11.000000,0.750000
0.066667,0.022406,2.108108,27.287034,1.783550,22.000000,0.678261
0.066667,0.280796,1.510638,28.931844,1.836667,25.000000,0.601695
0.052632,0.912468,1.656250,29.200416,2.011858,23.000000,0.623529
0.052632,1.000000,1.750000,22.146888,1.900585,19.000000,0.636364
0.038462,0.022408,1.970588,30.000000,1.888889,37.000000,0.663366
0.038462,0.022408,1.970588,30.000000,1.888889,37.000000,0.663366
0.066667,0.022406,2.108108,27.287034,1.783550,22.000000,0.678261
0.066667,0.280796,1.510638,28.931844,1.836667,25.000000,0.601695
0.052632,0.112280,2.090909,18.893323,1.959064,19.000000,0.676471
0.052632,1.000000,1.750000,22.146888,1.900585,19.000000,0.636364
0.038462,0.620321,1.023810,29.767562,1.873016,28.000000,0.505882
0.200000,0.463281,2.250000,29.014355,1.816667,16.000000,0.692308
0.090909,0.007007,1.701493,29.857093,1.863636,33.000000,0.629834
0.090909,0.007007,1.701493,29.857093,1.863636,33.000000,0.629834
0.200000,0.103168,1.842105,30.000000,1.723320,23.000000,0.648148
0.035714,0.802054,1.036145,28.210784,1.873016,28.000000,0.508876
0.035714,0.491552,2.470588,30.000000,2.350806,32.000000,0.711864
0.040000,1.000000,1.403846,22.877081,1.886667,25.000000,0.584000
0.200000,1.000000,1.403846,22.877081,1.886667,25.000000,0.584000
0.035714,0.491552,2.470588,30.000000,2.350806,32.000000,0.711864
0.035714,0.802054,1.036145,28.210784,1.873016,28.000000,0.508876
0.200000,1.000000,1.403846,22.877081,1.886667,25.000000,0.584000
0.066667,0.275828,1.653846,30.000000,1.590476,15.000000,0.623188
0.066667,0.802054,1.036145,28.210784,1.873016,28.000000,0.508876
0.040000,1.000000,1.403846,22.877081,1.886667,25.000000,0.584000
0.035714,0.491552,2.470588,30.000000,2.350806,32.000000,0.711864
0.035714,0.802054,1.036145,28.210784,1.873016,28.000000,0.508876
0.083333,0.656400,1.189655,29.680586,1.774704,23.000000,0.543307
0.083333,0.121318,2.833333,29.543018,1.484848,12.000000,0.739130
0.200000,0.338317,1.581395,29.504402,1.748918,22.000000,0.612613
0.090909,0.140788,1.960784,26.313973,2.177778,36.000000,0.662252
0.250000,0.433711,1.791667,28.242384,1.590476,15.000000,0.641791
0.052632,0.169814,1.750000,28.885248,1.647368,20.000000,0.636364
0.052632,0.031466,1.260000,29.249234,2.092308,26.000000,0.557522
0.052632,0.169814,1.750000,28.885248,1.647368,20.000000,0.636364
0.111111,1.000000,1.638889,29.748387,1.719048,21.000000,0.621053
0.071429,0.991344,1.205479,28.268066,1.864532,29.000000,0.546584
0.071429,0.570844,3.000000,29.769873,1.758333,16.000000,0.750000
0.111111,0.543649,1.364706,28.568185,2.019915,38.000000,0.577114
0.111111,0.653639,2.125000,30.000000,1.527778,9.000000,0.680000
0.083333,0.530457,1.513158,30.000000,2.004505,37.000000,0.602094
0.200000,1.000000,1.800000,30.000000,1.100000,5.000000,0.642857
0.076923,0.274872,1.591837,30.000000,1.789855,24.000000,0.614173
0.166667,0.513284,1.506494,28.844147,2.019915,38.000000,0.601036
0.166667,0.450346,3.000000,30.000000,1.400000,6.000000,0.750000
0.142857,0.543649,1.364706,28.568185,2.019915,38.000000,0.577114
0.050000,0.161552,1.693878,28.271978,2.197701,30.000000,0.628788
0.055556,0.623641,1.255814,26.727642,2.000000,36.000000,0.556701
0.055556,0.425810,1.970588,30.000000,1.562092,18.000000,0.663366
0.142857,0.543649,1.364706,28.568185,2.019915,38.000000,0.577114
0.142857,0.804050,1.714286,25.086428,1.476190,7.000000,0.631579
0.250000,0.976354,2.000000,30.000000,1.333333,4.000000,0.666667
0.250000,0.784209,1.739130,29.277505,1.773333,25.000000,0.634921
0.052632,0.343494,2.705882,29.596338,1.854839,32.000000,0.730159
0.200000,0.310918,1.538462,29.167236,2.032115,43.000000,0.606061
0.076923,0.274872,1.591837,30.000000,1.789855,24.000000,0.614173
0.166667,0.513284,1.506494,28.844147,2.019915,38.000000,0.601036
0.166667,0.450346,3.000000,30.000000,1.400000,6.000000,0.750000
0.052632,0.273826,1.811594,30.000000,1.971480,34.000000,0.644330
0.052632,0.567075,1.586207,27.494151,1.900585,19.000000,0.613333
0.055556,1.000000,2.894737,29.412178,1.738095,21.000000,0.743243
0.055556,0.912497,2.833333,30.000000,1.960784,18.000000,0.739130
0.052632,0.547071,2.769231,29.331593,1.739130,23.000000,0.734694
0.052632,0.567075,1.586207,27.494151,1.900585,19.000000,0.613333
0.052632,0.567075,1.586207,27.494151,1.900585,19.000000,0.613333
0.052632,0.273826,1.811594,30.000000,1.971480,34.000000,0.644330
0.052632,0.567075,1.586207,27.494151,1.900585,19.000000,0.613333
0.052632,0.273826,1.811594,30.000000,1.971480,34.000000,0.644330
0.142857,0.256250,1.733333,28.781529,1.830409,19.000000,0.634146
0.166667,0.206349,2.500000,30.000000,1.000000,6.000000,0.714286
0.166667,0.019305,2.500000,30.000000,1.000000,6.000000,0.714286
0.250000,0.287265,4.000000,26.770700,1.333333,4.000000,0.800000
0.166667,0.005904,2.800000,30.000000,1.066667,6.000000,0.736842
0.090909,0.642131,3.857143,30.000000,1.581818,11.000000,0.794118
0.125000,0.041916,2.000000,27.829897,1.214286,8.000000,0.666667
0.142857,1.000000,3.454545,29.228483,1.850000,16.000000,0.775510
0.142857,1.000000,2.000000,30.000000,1.523810,7.000000,0.666667
0.090909,0.239205,1.250000,29.847563,1.844156,22.000000,0.555556
0.090909,0.951944,1.250000,29.847563,1.844156,22.000000,0.555556
0.142857,0.474214,1.676471,30.000000,1.868421,20.000000,0.626374
0.100000,0.010133,1.900000,29.719830,1.577778,10.000000,0.655172
0.052632,1.000000,1.325000,21.483563,2.055336,23.000000,0.569892
0.052632,1.000000,3.058824,30.000000,1.748538,19.000000,0.753623
0.066667,1.000000,3.058824,30.000000,1.748538,19.000000,0.753623
0.142857,1.000000,2.740741,30.000000,1.883077,26.000000,0.732673
0.166667,1.000000,4.250000,21.744674,1.991667,16.000000,0.809524
0.066667,1.000000,3.058824,30.000000,1.748538,19.000000,0.753623
0.142857,1.000000,2.740741,30.000000,1.883077,26.000000,0.732673
0.052632,1.000000,3.058824,30.000000,1.748538,19.000000,0.753623
0.052632,1.000000,1.325000,21.483563,2.055336,23.000000,0.569892
0.133333,0.019181,1.590909,26.751701,1.736264,14.000000,0.614035
0.133333,1.000000,3.058824,30.000000,1.748538,19.000000,0.753623
0.133333,0.019181,1.590909,26.751701,1.736264,14.000000,0.614035
0.133333,1.000000,3.058824,30.000000,1.748538,19.000000,0.753623
0.250000,0.189793,3.285714,27.364716,1.787879,12.000000,0.766667
0.083333,0.773039,1.272727,26.411037,1.769231,13.000000,0.560000
0.071429,0.734899,3.000000,29.649868,1.791209,14.000000,0.750000
0.071429,0.321192,1.821429,22.849781,1.883041,19.000000,0.645570
0.083333,0.773039,1.272727,26.411037,1.769231,13.000000,0.560000
0.083333,1.000000,1.821429,28.572002,1.947619,21.000000,0.645570
0.083333,0.176420,4.000000,29.937654,1.825000,16.000000,0.800000
0.083333,0.988373,1.272727,29.400669,1.756410,13.000000,0.560000
0.200000,0.209305,1.555556,30.000000,1.782051,13.000000,0.608696
0.200000,0.199906,2.333333,30.000000,1.300000,5.000000,0.700000
0.038462,0.616040,2.113636,30.000000,1.812308,26.000000,0.678832
0.038462,0.616040,2.113636,30.000000,1.812308,26.000000,0.678832
0.052632,0.294450,8.500000,30.000000,1.637427,19.000000,0.894737
0.052632,0.294450,8.500000,30.000000,1.637427,19.000000,0.894737
0.038462,0.616040,2.113636,30.000000,1.812308,26.000000,0.678832
0.111111,0.997671,4.333333,30.000000,1.750000,9.000000,0.812500
0.076923,1.000000,2.363636,30.000000,1.794872,13.000000,0.702703
0.071429,1.000000,1.800000,23.571448,1.604396,14.000000,0.642857
0.100000,0.341467,1.600000,30.000000,1.885714,15.000000,0.615385
0.285714,0.649017,1.625000,28.608037,1.743590,13.000000,0.619048
0.285714,1.000000,6.000000,30.000000,1.000000,4.000000,0.857143
0.083333,0.083046,2.636364,29.086685,1.560606,12.000000,0.725000
0.142857,0.389343,2.222222,29.935067,1.047619,7.000000,0.689655
0.166667,1.000000,1.857143,29.433838,1.535714,8.000000,0.650000
0.166667,0.326261,2.200000,25.000000,1.266667,6.000000,0.687500
0.166667,1.000000,1.666667,25.000000,1.333333,6.000000,0.625000
0.166667,0.139130,2.454545,30.000000,1.509091,11.000000,0.710526
0.058824,0.338081,1.650000,29.362823,1.631579,19.000000,0.622642
0.058824,0.338081,1.650000,29.362823,1.631579,19.000000,0.622642
0.166667,0.633779,2.200000,26.565274,1.742424,12.000000,0.687500
0.142857,0.361246,2.000000,28.440599,1.644444,10.000000,0.666667
0.250000,0.656598,1.600000,26.842718,1.466667,6.000000,0.615385
0.066667,0.675723,2.000000,26.000000,1.857143,15.000000,0.666667
0.066667,0.067817,1.968750,28.173528,1.774892,22.000000,0.663158
0.142857,0.003717,2.162162,27.444081,2.048433,27.000000,0.683761
0.066667,0.675723,2.000000,26.000000,1.857143,15.000000,0.666667
0.066667,0.199097,1.968750,28.173528,1.774892,22.000000,0.663158
0.083333,1.000000,2.416667,29.983903,1.560606,12.000000,0.707317
0.058824,0.591436,2.235294,27.454535,2.077778,36.000000,0.690909
0.058824,0.817865,5.222222,29.899011,2.036842,20.000000,0.839286
0.058824,0.591436,2.235294,27.454535,2.077778,36.000000,0.690909
0.058824,1.000000,5.222222,29.899011,2.036842,20.000000,0.839286
0.047619,0.162828,1.887324,30.000000,1.888889,37.000000,0.653659
0.047619,0.451043,1.578947,25.752076,1.861905,21.000000,0.612245
0.037037,0.162828,1.887324,30.000000,1.888889,37.000000,0.653659
0.037037,0.271114,1.347826,18.133172,1.914530,27.000000,0.574074
0.037037,0.162828,1.887324,30.000000,1.888889,37.000000,0.653659
0.037037,0.271114,1.347826,18.133172,1.914530,27.000000,0.574074
0.100000,1.000000,1.692308,25.709428,1.833333,12.000000,0.628571
0.250000,0.749881,1.914286,30.000000,1.888889,37.000000,0.656863
0.111111,0.521276,2.212121,27.517366,1.990000,25.000000,0.688679
0.142857,1.000000,2.400000,30.000000,1.476190,7.000000,0.705882
0.142857,0.521276,2.212121,27.517366,1.990000,25.000000,0.688679
0.200000,0.351713,1.561644,30.000000,1.863636,33.000000,0.609626
0.200000,0.351713,1.561644,30.000000,1.863636,33.000000,0.609626
0.047619,0.162828,1.887324,30.000000,1.888889,37.000000,0.653659
0.047619,0.451043,1.578947,25.752076,1.861905,21.000000,0.612245
0.250000,0.749881,1.914286,30.000000,1.888889,37.000000,0.656863
0.083333,0.325676,1.565217,26.641978,1.670330,14.000000,0.610169
0.076923,0.763757,2.119048,28.861635,2.176344,31.000000,0.679389
0.142857,0.572683,3.000000,28.616080,1.285714,7.000000,0.750000
0.066667,0.341422,3.666667,28.000000,2.066667,15.000000,0.785714
0.066667,1.000000,1.692308,30.000000,1.676471,17.000000,0.628571
0.100000,0.103734,4.666667,17.400721,1.955556,10.000000,0.823529
0.200000,1.000000,2.406250,29.963054,1.988604,27.000000,0.706422
0.125000,0.887033,1.666667,27.224514,1.444444,9.000000,0.625000
0.125000,0.117667,1.600000,27.368352,1.464286,8.000000,0.615385
0.058824,0.243150,3.176471,29.404489,1.855462,35.000000,0.760563
0.250000,1.000000,1.823529,26.000000,1.819048,15.000000,0.645833
0.111111,0.855768,1.818182,25.945552,1.444444,9.000000,0.645161
0.111111,0.596657,1.590909,29.151373,1.873333,25.000000,0.614035
0.076923,1.000000,1.823529,26.000000,1.819048,15.000000,0.645833
0.090909,0.955515,1.611111,26.672907,1.472727,11.000000,0.617021
0.090909,0.326181,2.075472,29.945136,1.937611,34.000000,0.674847
0.142857,0.382650,1.890909,30.000000,1.978610,34.000000,0.654088
0.166667,0.955515,1.611111,26.672907,1.472727,11.000000,0.617021
0.055556,0.332573,1.769231,28.523709,1.803922,18.000000,0.638889
0.055556,1.000000,1.775510,29.487580,1.691700,23.000000,0.639706
0.062500,0.034221,1.375000,30.000000,1.600000,16.000000,0.578947
0.083333,1.000000,2.083333,25.059773,1.681818,12.000000,0.675676
0.083333,1.000000,1.840000,30.000000,1.730994,19.000000,0.647887
0.200000,0.438442,7.200000,26.573906,1.766667,16.000000,0.878049
0.200000,0.570759,2.500000,30.000000,1.500000,5.000000,0.714286
0.090909,0.034221,3.000000,29.242534,1.763636,11.000000,0.750000
0.166667,0.629404,1.400000,29.986202,1.736264,14.000000,0.583333
0.166667,1.000000,2.083333,27.784321,1.681818,12.000000,0.675676
0.166667,0.646745,3.600000,29.614820,1.500000,9.000000,0.782609
0.166667,0.223268,2.200000,30.000000,1.266667,6.000000,0.687500
0.066667,0.022936,3.040000,27.542072,1.778656,23.000000,0.752475
0.066667,1.000000,1.764706,27.893731,1.933333,15.000000,0.638298
0.125000,0.490968,2.166667,27.829897,1.535714,8.000000,0.684211
0.125000,0.476126,1.465116,27.111940,1.901961,34.000000,0.594340
0.076923,0.162176,1.626506,29.197143,1.980480,37.000000,0.619266
0.076923,0.641293,2.500000,29.254812,2.025641,13.000000,0.714286
0.111111,1.000000,1.714286,9.874626,1.333333,9.000000,0.631579
0.111111,0.145144,2.100000,28.875898,1.533333,10.000000,0.677419
0.111111,0.641293,2.500000,29.254812,2.025641,13.000000,0.714286
0.111111,1.000000,1.600000,11.996747,1.333333,9.000000,0.615385
0.250000,0.148675,2.450000,28.409928,1.915789,20.000000,0.710145
0.125000,0.000151,1.583333,23.333333,1.472222,9.000000,0.612903
0.125000,0.120906,1.750000,30.000000,1.500000,8.000000,0.636364
0.111111,1.000000,2.421053,30.000000,1.616667,16.000000,0.707692
0.111111,0.692483,7.000000,18.000007,2.088889,10.000000,0.875000
0.142857,1.000000,2.375000,29.923266,1.512821,13.000000,0.703704
0.111111,0.000151,1.583333,23.333333,1.472222,9.000000,0.612903
0.111111,0.759035,4.333333,29.687005,1.422222,10.000000,0.812500
0.111111,0.692483,7.000000,18.000007,2.088889,10.000000,0.875000
0.111111,1.000000,2.421053,30.000000,1.616667,16.000000,0.707692
0.250000,0.791366,1.823529,29.596708,1.828571,15.000000,0.645833
0.083333,0.058745,2.473684,28.088450,1.764706,17.000000,0.712121
0.083333,0.747620,1.812500,23.963598,1.621212,12.000000,0.644444
0.111111,1.000000,1.894737,28.872531,1.670330,14.000000,0.654545
0.111111,0.000000,1.285714,24.711115,1.696970,12.000000,0.562500
0.200000,1.000000,1.571429,30.000000,1.266667,6.000000,0.611111
0.166667,0.143806,1.925000,27.919951,2.131360,47.000000,0.658120
0.090909,0.675592,1.666667,30.000000,1.581818,11.000000,0.625000
0.076923,0.282744,1.365854,27.698224,1.870130,22.000000,0.577320
0.062500,0.007463,2.888889,30.000000,1.600000,16.000000,0.742857
0.062500,0.088726,2.176471,25.434782,1.850000,16.000000,0.685185
0.100000,0.321716,2.555556,27.422515,1.533333,10.000000,0.718750
0.062500,0.007463,2.888889,30.000000,1.600000,16.000000,0.742857
0.062500,0.088726,2.176471,25.434782,1.850000,16.000000,0.685185
0.062500,0.007463,2.888889,30.000000,1.600000,16.000000,0.742857
0.062500,0.088726,2.176471,25.434782,1.850000,16.000000,0.685185
0.062500,0.007463,2.888889,30.000000,1.600000,16.000000,0.742857
0.062500,0.088726,2.176471,25.434782,1.850000,16.000000,0.685185
0.200000,0.222912,2.333333,26.110657,1.830065,18.000000,0.700000
0.142857,1.000000,15.000000,26.876940,1.285714,7.000000,0.937500
0.200000,1.000000,1.298246,28.824436,1.926154,26.000000,0.564885
0.200000,1.000000,1.298246,28.824436,1.926154,26.000000,0.564885
0.083333,1.000000,1.571429,20.288149,1.500000,12.000000,0.611111
0.083333,0.159684,1.692308,30.000000,1.676471,17.000000,0.628571
0.043478,1.000000,1.709677,26.024342,2.011858,23.000000,0.630952
0.043478,1.000000,1.646341,28.834855,1.980480,37.000000,0.622120
0.045455,0.006330,2.138889,30.000000,1.955903,38.000000,0.681416
0.045455,0.413568,1.555556,27.423785,1.952381,22.000000,0.608696
0.045455,0.177447,3.000000,27.946862,1.816667,25.000000,0.750000
0.045455,0.413568,1.555556,27.423785,1.952381,22.000000,0.608696
0.045455,0.413568,1.555556,27.423785,1.952381,22.000000,0.608696
0.045455,0.006330,2.138889,30.000000,1.955903,38.000000,0.681416
0.045455,0.006330,2.138889,30.000000,1.955903,38.000000,0.681416
0.045455,0.413568,1.555556,27.423785,1.952381,22.000000,0.608696
0.058824,1.000000,2.500000,23.668876,1.880952,21.000000,0.714286
0.058824,0.394268,3.933333,29.058242,1.580882,17.000000,0.797297
0.100000,0.401142,2.480000,30.000000,1.980237,23.000000,0.712644
0.200000,1.000000,2.875000,25.569442,1.964912,19.000000,0.741935
0.100000,0.181730,5.000000,30.000000,1.873188,24.000000,0.833333
0.100000,0.181730,5.000000,30.000000,1.873188,24.000000,0.833333
0.100000,0.401142,2.480000,30.000000,1.980237,23.000000,0.712644
0.125000,0.733409,2.235294,27.454535,2.077778,36.000000,0.690909
0.100000,0.401142,2.480000,30.000000,1.980237,23.000000,0.712644
0.142857,1.000000,1.666667,30.000000,1.535714,8.000000,0.625000
0.250000,0.970319,2.000000,30.000000,1.000000,4.000000,0.666667
0.250000,1.000000,1.750000,22.146888,1.900585,19.000000,0.636364
0.090909,0.017391,1.120000,20.238820,1.802198,14.000000,0.528302
0.142857,0.635204,1.581395,29.571600,1.956667,25.000000,0.612613
0.200000,0.130912,1.689655,28.759941,1.461538,14.000000,0.628205
0.062500,1.000000,1.425000,28.773098,1.991087,34.000000,0.587629
0.142857,1.000000,2.400000,27.712873,1.428571,7.000000,0.705882
0.142857,0.427666,4.000000,27.211438,1.238095,7.000000,0.800000
0.166667,1.000000,2.266667,30.000000,1.758242,14.000000,0.693878
0.111111,0.262310,3.347826,28.645923,1.829457,43.000000,0.770000
0.125000,0.455470,1.545455,30.000000,1.527778,9.000000,0.607143
0.125000,1.000000,1.555556,29.487304,1.873333,25.000000,0.608696
0.125000,0.637202,1.600000,27.368352,1.464286,8.000000,0.615385
0.142857,0.643667,1.888889,25.276087,1.428571,8.000000,0.653846
0.100000,0.397409,1.956522,29.370000,1.889706,17.000000,0.661765
0.142857,0.740528,2.333333,27.692308,2.192308,13.000000,0.700000
0.200000,0.228307,2.166667,29.271982,1.835165,14.000000,0.684211
0.076923,0.219547,1.562500,29.733337,1.679487,13.000000,0.609756
0.076923,0.740528,2.333333,27.692308,2.192308,13.000000,0.700000
0.142857,0.256170,2.333333,27.692308,2.192308,13.000000,0.700000
0.166667,0.256516,2.608696,29.963870,1.784211,20.000000,0.722892
0.142857,0.343251,1.559322,26.334973,1.767196,28.000000,0.609272
0.083333,0.531209,2.913043,28.920663,1.771429,21.000000,0.744444
0.083333,0.017362,2.263158,29.711964,1.757246,24.000000,0.693548
0.125000,0.134956,2.000000,28.726136,1.653680,22.000000,0.666667
0.250000,0.950656,3.500000,30.000000,1.606061,12.000000,0.777778
0.125000,0.134956,2.000000,28.726136,1.653680,22.000000,0.666667
0.250000,0.950656,3.500000,30.000000,1.606061,12.000000,0.777778
0.125000,0.615343,3.000000,30.000000,2.124359,40.000000,0.750000
0.125000,0.615343,3.000000,30.000000,2.124359,40.000000,0.750000
0.111111,0.108835,1.818182,24.239941,1.622222,10.000000,0.645161
0.111111,0.011673,2.300000,30.000000,1.361111,9.000000,0.696970
0.111111,0.011673,2.300000,30.000000,1.361111,9.000000,0.696970
0.111111,0.108835,1.818182,24.239941,1.622222,10.000000,0.645161
0.111111,0.108835,1.818182,24.239941,1.622222,10.000000,0.645161
0.111111,0.011673,2.300000,30.000000,1.361111,9.000000,0.696970
0.200000,0.940578,2.666667,27.642868,1.200000,5.000000,0.727273
0.045455,0.611596,2.244898,29.207762,2.133713,38.000000,0.691824
0.125000,0.890513,1.777778,22.500000,1.428571,8.000000,0.640000
0.125000,0.122271,1.612245,28.777285,2.024631,29.000000,0.617188
0.125000,0.890513,1.777778,22.500000,1.428571,8.000000,0.640000
0.125000,0.122271,1.612245,28.777285,2.024631,29.000000,0.617188
0.100000,0.145718,2.142857,28.838594,1.766010,29.000000,0.681818
0.142857,0.539107,3.050000,30.000000,1.789474,20.000000,0.753086
0.142857,0.819676,4.250000,27.712873,1.190476,7.000000,0.809524
0.125000,0.110633,2.000000,26.496875,1.285714,8.000000,0.666667
0.125000,0.474699,2.000000,28.311898,1.214286,8.000000,0.666667
0.071429,0.615835,3.100000,27.857143,1.780220,14.000000,0.756098
0.071429,0.036352,3.537037,29.032900,2.078367,50.000000,0.779592
0.083333,0.353382,2.000000,30.000000,1.748768,29.000000,0.666667
0.083333,0.980544,1.800000,26.993518,1.454545,12.000000,0.642857
0.250000,1.000000,1.937500,29.705524,1.813187,14.000000,0.659574
0.142857,0.980544,1.800000,26.993518,1.454545,12.000000,0.642857
0.142857,0.106097,2.571429,27.519882,1.142857,7.000000,0.720000
0.125000,0.934934,1.444444,29.775939,1.600000,11.000000,0.590909
0.125000,0.705954,1.454545,29.026087,1.464286,8.000000,0.592593
0.250000,0.655828,2.214286,30.000000,1.705128,13.000000,0.688889
0.166667,0.467876,2.047619,29.833708,1.953216,19.000000,0.671875
0.166667,0.467876,2.047619,29.833708,1.953216,19.000000,0.671875
0.111111,1.000000,1.266667,26.531715,1.800000,11.000000,0.558824
0.111111,0.950417,12.500000,27.540066,1.725275,14.000000,0.925926
0.181818,0.807288,1.807692,29.780733,1.953216,19.000000,0.643836
0.166667,0.467876,2.047619,29.833708,1.953216,19.000000,0.671875
0.200000,1.000000,2.666667,24.000000,1.200000,5.000000,0.727273
0.200000,0.227036,1.325000,21.483563,2.055336,23.000000,0.569892
0.045455,0.436991,2.088235,27.643208,1.874459,22.000000,0.676190
0.045455,0.593582,3.027778,29.027510,2.357041,38.000000,0.751724
0.045455,0.436991,2.088235,27.643208,1.874459,22.000000,0.676190
0.045455,0.593582,3.027778,29.027510,2.357041,38.000000,0.751724
0.050000,1.000000,1.312500,30.000000,2.092308,26.000000,0.567568
0.125000,0.143145,4.400000,29.909315,1.600000,11.000000,0.814815
0.142857,1.000000,1.340426,29.781699,2.092308,26.000000,0.572727
0.142857,0.166359,1.966667,26.491977,1.955556,36.000000,0.662921
0.142857,0.000000,1.555556,29.455441,1.333333,7.000000,0.608696
0.250000,0.427859,1.377778,29.332928,2.053333,25.000000,0.579439
0.045455,0.593582,3.027778,29.027510,2.357041,38.000000,0.751724
0.045455,0.436991,2.088235,27.643208,1.874459,22.000000,0.676190
0.076923,0.478150,1.678571,29.305762,2.004301,31.000000,0.626667
0.100000,1.000000,6.600000,27.972314,1.266667,10.000000,0.868421
0.100000,0.487933,1.709091,23.263963,2.004301,31.000000,0.630872
0.250000,0.928823,2.608696,28.012360,1.880435,24.000000,0.722892
0.071429,0.583444,2.666667,29.727720,1.659341,14.000000,0.727273
0.071429,0.027209,2.666667,29.341463,2.400000,41.000000,0.727273
0.071429,0.583444,2.666667,29.727720,1.659341,14.000000,0.727273
0.071429,0.027209,2.666667,29.341463,2.400000,41.000000,0.727273
0.071429,0.583444,2.666667,29.727720,1.659341,14.000000,0.727273
0.071429,0.027209,2.666667,29.341463,2.400000,41.000000,0.727273
0.062500,0.000000,1.689655,30.000000,1.591667,16.000000,0.628205
0.090909,0.000000,2.062500,25.477367,1.418182,11.000000,0.673469
0.111111,0.235709,1.916667,30.000000,1.361111,9.000000,0.657143
0.125000,1.000000,2.600000,30.000000,1.500000,13.000000,0.722222
0.066667,0.094014,1.285714,27.368041,1.790476,15.000000,0.562500
0.066667,0.301762,1.857143,27.703066,1.791667,16.000000,0.650000
0.066667,0.301762,1.857143,27.703066,1.791667,16.000000,0.650000
0.066667,0.094014,1.285714,27.368041,1.790476,15.000000,0.562500
0.142857,0.264623,2.600000,30.000000,1.380952,7.000000,0.722222
0.142857,0.008870,1.769231,29.382361,2.056738,48.000000,0.638889
0.142857,1.000000,2.105263,26.772743,1.766667,16.000000,0.677966
0.062500,0.007874,1.892857,25.661394,1.890476,21.000000,0.654321
0.076923,0.322166,1.777778,25.823424,1.852632,20.000000,0.640000
0.076923,0.239323,2.777778,29.365578,1.679487,13.000000,0.735294
0.090909,1.000000,1.882353,29.409997,1.454545,11.000000,0.653061
0.090909,1.000000,3.500000,30.000000,2.460145,24.000000,0.777778
0.142857,0.322166,1.777778,25.823424,1.852632,20.000000,0.640000
0.090909,1.000000,1.882353,29.409997,1.454545,11.000000,0.653061
0.090909,1.000000,3.500000,30.000000,2.460145,24.000000,0.777778
0.052632,0.070125,2.315789,29.947498,1.742690,19.000000,0.698413
0.052632,1.000000,2.937500,26.113478,2.502165,22.000000,0.746032
0.052632,0.070125,2.315789,29.947498,1.742690,19.000000,0.698413
0.052632,1.000000,2.937500,26.113478,2.502165,22.000000,0.746032
0.071429,1.000000,1.769231,30.000000,1.898851,30.000000,0.638889
0.071429,0.495321,1.850000,24.320484,1.681319,14.000000,0.649123
0.250000,0.465090,1.470588,24.202618,1.934066,14.000000,0.595238
0.111111,0.823466,2.325000,29.847634,1.813333,25.000000,0.699248
0.250000,1.000000,1.571429,27.792989,1.833333,12.000000,0.611111
0.111111,0.405100,2.433962,23.374353,2.337763,43.000000,0.708791
0.142857,0.389014,3.333333,29.775894,1.523810,7.000000,0.769231
0.142857,0.049144,3.181818,28.195042,1.733333,15.000000,0.760870
0.047619,1.000000,1.347826,18.133172,1.914530,27.000000,0.574074
0.047619,1.000000,1.578947,25.752076,1.861905,21.000000,0.612245
0.250000,1.000000,2.411765,27.086744,1.723810,15.000000,0.706897
0.066667,1.000000,1.615385,28.892603,1.883117,22.000000,0.617647
0.066667,0.000000,1.625000,27.177250,1.666667,15.000000,0.619048
0.076923,1.000000,1.840000,22.517426,1.847953,19.000000,0.647887
0.250000,1.000000,4.857143,29.693666,2.133333,16.000000,0.829268
0.250000,0.023077,2.500000,24.736704,1.166667,4.000000,0.714286
0.076923,0.108354,3.133333,27.791153,1.878947,20.000000,0.758065
0.090909,0.319641,1.658537,28.800000,1.956667,25.000000,0.623853
0.090909,0.184044,11.500000,30.000000,1.581818,11.000000,0.920000
0.071429,0.721486,1.576923,21.702755,1.549451,14.000000,0.611940
0.071429,0.188747,1.903226,28.438665,1.719048,21.000000,0.655556
0.200000,1.000000,2.230769,27.850768,1.871429,21.000000,0.690476
0.200000,0.928009,9.000000,26.166345,1.100000,5.000000,0.900000
0.071429,0.999350,3.125000,11.728703,2.109890,14.000000,0.757576
0.071429,0.437070,2.551724,29.035312,1.753247,22.000000,0.718447
0.071429,0.420708,2.173913,28.296251,1.914286,21.000000,0.684932
0.071429,1.000000,3.000000,29.776432,1.736264,14.000000,0.750000
0.071429,0.437070,2.551724,29.035312,1.753247,22.000000,0.718447
0.071429,0.999350,3.125000,11.728703,2.109890,14.000000,0.757576
0.045455,0.955021,5.214286,26.292159,1.995671,22.000000,0.839080
0.045455,1.000000,1.580000,29.166958,2.024631,29.000000,0.612403
0.058824,0.419666,5.300000,28.666702,1.698529,17.000000,0.841270
0.058824,1.000000,1.666667,27.776283,1.970000,25.000000,0.625000
0.071429,0.999350,3.125000,11.728703,2.109890,14.000000,0.757576
0.071429,0.437070,2.551724,29.035312,1.753247,22.000000,0.718447
0.062500,0.229661,2.095238,27.310227,1.882353,18.000000,0.676923
0.062500,0.000000,2.888889,30.000000,1.600000,16.000000,0.742857
0.062500,0.229661,2.095238,27.310227,1.882353,18.000000,0.676923
0.062500,0.000000,2.888889,30.000000,1.600000,16.000000,0.742857
0.062500,0.229661,2.095238,27.310227,1.882353,18.000000,0.676923
0.062500,0.000000,2.888889,30.000000,1.600000,16.000000,0.742857
0.062500,0.229661,2.095238,27.310227,1.882353,18.000000,0.676923
0.062500,0.000000,2.888889,30.000000,1.600000,16.000000,0.742857
0.142857,0.229661,2.095238,27.310227,1.882353,18.000000,0.676923
0.142857,0.069927,2.600000,30.000000,1.380952,7.000000,0.722222
0.142857,0.115999,1.353846,30.000000,1.820000,25.000000,0.575163
0.125000,1.000000,4.750000,21.818182,1.945455,11.000000,0.826087
0.142857,0.164492,1.625000,27.177250,1.666667,15.000000,0.619048
0.071429,1.000000,2.923077,29.928756,1.637363,14.000000,0.745098
0.071429,0.164492,1.625000,27.177250,1.666667,15.000000,0.619048
0.142857,0.003953,1.555556,30.000000,1.333333,7.000000,0.608696
0.142857,0.148310,1.830986,24.455675,2.039024,41.000000,0.646766
0.125000,0.003953,3.500000,28.681314,1.714286,15.000000,0.777778
0.043478,0.000000,3.652174,29.180590,1.790514,23.000000,0.785047
0.043478,1.000000,1.607477,22.765749,2.033163,49.000000,0.616487
0.090909,0.000000,4.285714,27.087121,1.454545,11.000000,0.810811
0.090909,1.000000,1.607477,22.765749,2.033163,49.000000,0.616487
0.083333,1.000000,1.607477,22.765749,2.033163,49.000000,0.616487
0.083333,0.000000,1.736842,30.000000,1.575758,12.000000,0.634615
0.111111,1.000000,2.727273,18.452095,2.161765,17.000000,0.731707
0.111111,0.066427,2.727273,18.452095,2.161765,17.000000,0.731707
0.142857,0.396182,2.520000,30.000000,1.760234,19.000000,0.715909
0.047619,1.000000,1.607477,22.765749,2.033163,49.000000,0.616487
0.047619,0.037722,2.615385,27.850630,1.838095,21.000000,0.723404
0.055556,1.000000,1.607477,22.765749,2.033163,49.000000,0.616487
0.055556,0.000000,2.421053,28.996534,1.699346,18.000000,0.707692
0.111111,1.000000,2.727273,18.452095,2.161765,17.000000,0.731707
0.200000,1.000000,1.607477,22.765749,2.033163,49.000000,0.616487
0.058824,0.849112,2.235294,27.454535,2.077778,36.000000,0.690909
0.058824,0.279444,3.375000,30.000000,1.647059,17.000000,0.771429
0.100000,0.849112,2.235294,27.454535,2.077778,36.000000,0.690909
0.100000,1.000000,2.000000,29.017861,1.545455,12.000000,0.666667
0.076923,1.000000,2.600000,30.000000,1.500000,13.000000,0.722222
0.076923,0.213136,2.066667,30.000000,1.679487,13.000000,0.673913
0.045455,1.000000,2.321429,28.636364,1.891775,22.000000,0.698925
0.045455,0.088216,1.795918,30.000000,1.821538,26.000000,0.642336
0.045455,0.111288,2.321429,28.636364,1.891775,22.000000,0.698925
0.045455,0.088216,1.795918,30.000000,1.821538,26.000000,0.642336
0.045455,0.014165,1.822222,28.917025,1.793333,25.000000,0.645669
0.045455,1.000000,2.321429,28.636364,1.891775,22.000000,0.698925
0.045455,1.000000,2.321429,28.636364,1.891775,22.000000,0.698925
0.045455,0.014165,1.822222,28.917025,1.793333,25.000000,0.645669
0.045455,0.014165,1.822222,28.917025,1.793333,25.000000,0.645669
0.045455,1.000000,2.321429,28.636364,1.891775,22.000000,0.698925
0.045455,1.000000,2.321429,28.636364,1.891775,22.000000,0.698925
0.045455,0.088216,1.795918,30.000000,1.821538,26.000000,0.642336
0.045455,0.111288,2.321429,28.636364,1.891775,22.000000,0.698925
0.045455,0.014165,1.822222,28.917025,1.793333,25.000000,0.645669
0.045455,1.000000,2.321429,28.636364,1.891775,22.000000,0.698925
0.045455,0.088216,1.795918,30.000000,1.821538,26.000000,0.642336
0.076923,0.077612,2.800000,27.692308,1.705128,13.000000,0.736842
0.076923,0.132743,4.714286,30.000000,1.885714,15.000000,0.825000
0.250000,0.142716,2.375000,29.265348,1.644444,10.000000,0.703704
0.076923,0.077612,2.800000,27.692308,1.705128,13.000000,0.736842
0.076923,0.132743,4.714286,30.000000,1.885714,15.000000,0.825000
0.125000,1.000000,2.196429,26.471863,2.098151,38.000000,0.687151
0.125000,1.000000,2.196429,26.471863,2.098151,38.000000,0.687151
0.040000,0.630634,1.828571,29.992273,1.973333,25.000000,0.646465
0.090909,0.635490,2.705882,27.428862,1.657143,15.000000,0.730159
0.083333,1.000000,3.047619,30.000000,1.957895,20.000000,0.752941
0.125000,0.363624,2.111111,27.998764,1.321429,8.000000,0.678571
0.125000,0.278700,1.510638,28.842917,1.836667,25.000000,0.601695
0.071429,0.083553,1.568966,25.418910,1.950538,31.000000,0.610738
0.071429,1.000000,3.777778,24.573948,1.901099,14.000000,0.790698
0.250000,1.000000,1.500000,30.000000,1.476190,7.000000,0.600000
0.250000,0.003984,2.666667,28.385530,1.533333,6.000000,0.727273
0.076923,1.000000,1.555556,12.129857,1.641026,13.000000,0.608696
0.076923,0.063127,2.888889,30.000000,1.600000,16.000000,0.742857
0.076923,1.000000,1.555556,12.129857,1.641026,13.000000,0.608696
0.076923,0.063127,2.888889,30.000000,1.600000,16.000000,0.742857
0.076923,1.000000,1.555556,12.129857,1.641026,13.000000,0.608696
0.076923,0.063127,2.888889,30.000000,1.600000,16.000000,0.742857
0.076923,1.000000,1.555556,12.129857,1.641026,13.000000,0.608696
0.076923,0.063127,2.888889,30.000000,1.600000,16.000000,0.742857
0.142857,1.000000,3.562500,30.000000,2.129870,22.000000,0.780822
0.142857,1.000000,3.562500,30.000000,2.129870,22.000000,0.780822
0.142857,0.409038,4.750000,29.297436,1.858333,16.000000,0.826087
0.125000,0.007874,1.777778,30.000000,1.464286,8.000000,0.640000
0.125000,0.649170,1.562500,30.000000,1.488889,10.000000,0.609756
0.111111,1.000000,1.500000,18.121626,1.688889,10.000000,0.600000
0.166667,0.800000,1.833333,25.000000,1.266667,6.000000,0.647059
0.058824,0.164409,1.562500,21.393403,1.713235,17.000000,0.609756
0.142857,0.794333,1.913043,26.223829,1.638095,15.000000,0.656716
0.142857,0.000000,4.333333,28.259616,1.380952,7.000000,0.812500
0.058824,0.055190,3.052632,28.235294,1.602941,17.000000,0.753247
0.166667,1.000000,1.600000,30.000000,1.466667,6.000000,0.615385
0.166667,1.000000,1.600000,30.000000,1.466667,6.000000,0.615385
0.052632,0.827281,1.538462,10.465983,1.883041,19.000000,0.606061
0.058824,0.055190,3.052632,28.235294,1.602941,17.000000,0.753247
0.071429,0.087849,2.068966,28.539589,1.740260,22.000000,0.674157
0.071429,1.000000,1.842105,8.684501,1.956044,14.000000,0.648148
0.058824,0.055190,3.052632,28.235294,1.602941,17.000000,0.753247
0.058824,0.055190,3.052632,28.235294,1.602941,17.000000,0.753247
0.052632,0.827281,1.538462,10.465983,1.883041,19.000000,0.606061
0.250000,1.000000,1.800000,23.571448,1.604396,14.000000,0.642857
0.125000,0.005720,2.105263,30.000000,1.766667,16.000000,0.677966
0.090909,0.794727,2.454545,30.000000,1.509091,11.000000,0.710526
0.090909,0.728420,1.693878,28.271978,2.197701,30.000000,0.628788
0.250000,0.225178,1.657895,29.525789,1.861905,21.000000,0.623762
0.100000,0.102882,1.727273,21.092804,1.577778,10.000000,0.633333
0.100000,1.000000,1.820000,30.000000,2.004598,30.000000,0.645390
0.040000,1.000000,1.820896,29.089387,2.016194,39.000000,0.645503
0.040000,1.000000,2.592593,26.682862,1.970000,25.000000,0.721649
0.083333,1.000000,2.088889,29.664851,2.179435,32.000000,0.676259
0.047619,1.000000,4.285714,25.714286,1.842857,21.000000,0.810811
0.047619,0.568323,2.960000,29.796237,1.754941,23.000000,0.747475
0.250000,1.000000,1.820000,29.910839,2.004598,30.000000,0.645390
0.200000,0.004016,2.200000,28.317078,1.780952,15.000000,0.687500
0.050000,0.011952,1.469388,29.656188,1.722944,22.000000,0.595041
0.050000,0.011952,1.469388,29.656188,1.722944,22.000000,0.595041
0.050000,0.011952,1.591837,29.945905,2.032020,29.000000,0.614173
0.142857,0.277100,1.671053,30.000000,1.922348,33.000000,0.625616
0.142857,0.277100,1.671053,30.000000,1.922348,33.000000,0.625616
0.142857,1.000000,1.526316,30.000000,1.628205,13.000000,0.604167
0.111111,0.833761,1.714286,30.000000,1.333333,9.000000,0.631579
0.111111,0.171028,2.812500,28.766992,1.785714,21.000000,0.737705
0.166667,0.397243,2.666667,25.000000,1.466667,6.000000,0.727273
0.083333,0.149728,1.208333,25.004809,1.590909,12.000000,0.547170
0.083333,0.142444,2.918919,30.000000,1.855462,35.000000,0.744828
0.250000,0.027607,1.695652,28.449758,1.775000,16.000000,0.629032
0.166667,0.080697,1.800000,26.000002,1.609524,15.000000,0.642857
0.076923,0.039058,1.565217,28.543372,1.761905,15.000000,0.610169
0.142857,1.000000,1.950000,30.000000,1.733333,15.000000,0.661017
0.142857,0.264179,1.600000,30.000000,1.238095,7.000000,0.615385
0.250000,0.986949,3.083333,28.982426,1.768116,24.000000,0.755102
0.111111,0.336860,1.880000,27.606441,1.683983,22.000000,0.652778
0.181818,0.627176,4.428571,30.000000,2.192029,24.000000,0.815789
0.181818,0.723823,4.428571,30.000000,2.192029,24.000000,0.815789
0.181818,0.723823,4.428571,30.000000,2.192029,24.000000,0.815789
0.066667,0.504161,4.416667,25.044102,2.173160,22.000000,0.815385
0.066667,0.123281,1.550000,25.200532,1.790476,15.000000,0.607843
0.200000,0.003984,1.750000,30.000000,1.300000,5.000000,0.636364
0.066667,0.776148,4.416667,25.044102,2.173160,22.000000,0.815385
0.066667,0.123281,1.550000,25.200532,1.790476,15.000000,0.607843
0.090909,0.181498,1.831461,29.514725,2.060374,49.000000,0.646825
0.066667,0.776148,4.416667,25.044102,2.173160,22.000000,0.815385
0.066667,0.123281,1.550000,25.200532,1.790476,15.000000,0.607843
0.111111,0.054015,1.314815,23.007106,2.000000,25.000000,0.568000
0.111111,0.652113,2.027778,28.962485,1.977208,27.000000,0.669725
0.142857,1.000000,1.730769,26.492669,1.658333,16.000000,0.633803
0.071429,1.000000,1.730769,26.492669,1.658333,16.000000,0.633803
0.071429,1.000000,1.950000,30.000000,1.733333,15.000000,0.661017
0.111111,1.000000,1.840000,28.194855,1.847953,19.000000,0.647887
0.100000,0.590656,2.240000,29.095216,1.757576,22.000000,0.691358
0.100000,0.484572,1.851852,28.689980,1.905242,32.000000,0.649351
0.100000,0.099751,3.684211,30.000000,1.814286,21.000000,0.786517
0.166667,0.047180,2.133333,29.400669,1.589744,13.000000,0.680851
0.166667,1.000000,1.500000,30.000000,1.476190,7.000000,0.600000
0.166667,0.625901,2.333333,27.692308,2.192308,13.000000,0.700000
0.166667,0.411888,1.857143,28.747871,1.628571,15.000000,0.650000
0.142857,0.000000,2.300000,26.666667,1.388889,9.000000,0.696970
0.250000,0.157808,2.500000,29.909315,1.636364,11.000000,0.714286
0.250000,0.342334,3.562500,29.122273,1.935673,19.000000,0.780822
0.250000,0.912879,3.300000,28.610586,1.628205,13.000000,0.767442
0.125000,1.000000,2.250000,27.292562,1.422222,10.000000,0.692308
0.200000,0.327642,2.367347,29.521390,1.859770,30.000000,0.703030
0.250000,0.761596,2.800000,27.772719,1.733333,16.000000,0.736842
0.166667,1.000000,2.625000,28.589302,1.681818,12.000000,0.724138
0.100000,0.004016,2.960000,28.625076,1.771429,21.000000,0.747475
0.142857,0.714035,1.090909,25.790296,1.476190,7.000000,0.521739
0.066667,0.180293,1.769231,30.000000,1.898851,30.000000,0.638889
0.200000,0.048786,2.500000,25.712516,1.523810,7.000000,0.714286
0.166667,0.066057,1.925926,30.000000,1.978610,34.000000,0.658228
0.050000,0.501883,2.086957,28.796250,1.978947,20.000000,0.676056
0.050000,0.713425,3.171429,29.736157,2.124359,40.000000,0.760274
0.050000,0.713425,3.171429,29.736157,2.124359,40.000000,0.760274
0.050000,0.501883,2.086957,28.796250,1.978947,20.000000,0.676056
0.050000,0.501883,2.086957,28.796250,1.978947,20.000000,0.676056
0.050000,0.713425,3.171429,29.736157,2.124359,40.000000,0.760274
0.050000,0.501883,2.086957,28.796250,1.978947,20.000000,0.676056
0.050000,0.713425,3.171429,29.736157,2.124359,40.000000,0.760274
0.033333,0.463338,2.718750,30.000000,2.177011,30.000000,0.731092
0.033333,0.824143,3.127660,29.720432,2.162415,49.000000,0.757732
0.200000,1.000000,3.000000,25.814379,1.476190,7.000000,0.750000
0.050000,0.713425,3.171429,29.736157,2.124359,40.000000,0.760274
0.050000,0.501883,2.086957,28.796250,1.978947,20.000000,0.676056
0.050000,0.713425,3.171429,29.736157,2.124359,40.000000,0.760274
0.050000,0.501883,2.086957,28.796250,1.978947,20.000000,0.676056
0.033333,0.463338,2.718750,30.000000,2.177011,30.000000,0.731092
0.033333,0.824143,3.127660,29.720432,2.162415,49.000000,0.757732
0.200000,0.936373,3.533333,29.491498,1.988142,23.000000,0.779412
0.100000,0.406295,2.250000,29.647737,1.657143,15.000000,0.692308
0.100000,0.808483,1.818182,27.000000,1.644444,10.000000,0.645161
0.111111,0.000000,1.900000,28.810050,1.527778,9.000000,0.655172
0.111111,0.808483,1.818182,27.000000,1.644444,10.000000,0.645161
0.052632,1.000000,5.142857,25.223966,2.245614,19.000000,0.837209
0.052632,1.000000,1.543478,30.000000,1.685714,21.000000,0.606838
0.052632,1.000000,5.142857,25.223966,2.245614,19.000000,0.837209
0.052632,1.000000,1.543478,30.000000,1.685714,21.000000,0.606838
0.100000,0.813688,1.727273,28.399011,1.577778,10.000000,0.633333
0.100000,1.000000,1.577778,30.000000,1.685714,21.000000,0.612069
0.100000,0.813688,1.727273,28.399011,1.577778,10.000000,0.633333
0.100000,1.000000,1.577778,30.000000,1.685714,21.000000,0.612069
0.041667,0.024843,1.571429,24.333929,1.883191,27.000000,0.611111
0.041667,0.119314,1.730769,29.919644,1.854701,27.000000,0.633803
0.062500,1.000000,1.586207,26.277546,1.816176,17.000000,0.613333
0.062500,0.091960,1.796296,29.295180,1.903226,31.000000,0.642384
0.125000,1.000000,7.066667,29.138406,1.767816,30.000000,0.876033
0.125000,0.999999,2.000000,30.000000,1.571429,8.000000,0.666667
0.100000,0.176076,1.727273,30.000000,1.577778,10.000000,0.633333
0.100000,0.884224,1.500000,22.294744,1.545455,11.000000,0.600000
0.111111,0.711881,2.090909,26.852846,1.638095,15.000000,0.676471
0.100000,0.040686,3.500000,27.000000,1.600000,10.000000,0.777778
0.062500,0.309772,3.040000,27.542072,1.778656,23.000000,0.752475
0.200000,0.803380,2.200000,30.000000,1.476190,7.000000,0.687500
0.100000,1.000000,6.142857,30.000000,1.348485,12.000000,0.860000
0.100000,0.485478,2.666667,24.199809,1.733333,10.000000,0.727273
0.100000,0.115435,1.356164,25.162618,1.956322,30.000000,0.575581
0.100000,0.004049,2.375000,30.000000,1.644444,10.000000,0.703704
0.250000,0.242559,1.454545,26.783877,2.032115,43.000000,0.592593
0.090909,0.115435,1.356164,25.162618,1.956322,30.000000,0.575581
0.166667,0.791274,2.677419,28.304047,2.227586,30.000000,0.728070
0.250000,1.000000,1.750000,21.131783,1.533333,6.000000,0.636364
0.166667,1.000000,1.800000,26.707101,1.590909,12.000000,0.642857
0.125000,0.000000,1.600000,24.047993,1.466667,10.000000,0.615385
0.125000,1.000000,1.800000,24.566571,1.745455,11.000000,0.642857
0.200000,0.908049,2.743590,28.437527,1.775862,29.000000,0.732877
0.055556,1.000000,2.084746,30.000000,2.098151,38.000000,0.675824
0.142857,0.696827,2.196429,29.574107,2.036508,36.000000,0.687151
0.090909,0.717470,1.971429,30.000000,2.142857,42.000000,0.663462
0.090909,1.000000,1.444444,30.000000,1.581818,11.000000,0.590909
0.090909,0.882888,2.224490,29.977523,1.965726,32.000000,0.689873
0.090909,1.000000,1.444444,30.000000,1.581818,11.000000,0.590909
0.090909,0.882888,2.224490,29.977523,1.965726,32.000000,0.689873
0.125000,0.681719,2.123077,27.667608,2.142857,42.000000,0.679803
0.090909,0.717470,1.971429,30.000000,2.142857,42.000000,0.663462
0.055556,1.000000,2.084746,30.000000,2.098151,38.000000,0.675824
0.142857,0.696827,2.196429,29.574107,2.036508,36.000000,0.687151
0.125000,0.681719,2.123077,27.667608,2.142857,42.000000,0.679803
0.250000,1.000000,1.678571,30.000000,1.797386,18.000000,0.626667
0.090909,0.060993,3.133333,29.417594,1.928105,18.000000,0.758065
0.100000,0.434517,2.333333,28.028223,1.490909,11.000000,0.700000
0.090909,0.819183,1.833333,22.069232,1.654545,11.000000,0.647059
0.090909,0.406570,1.592593,29.133785,1.683824,17.000000,0.614286
0.100000,0.555710,2.500000,29.843126,1.622222,10.000000,0.714286
0.083333,0.052790,1.619048,29.484532,1.841667,16.000000,0.618182
0.083333,0.004049,1.344828,29.277618,1.978462,26.000000,0.573529
0.111111,0.166884,2.153846,28.421743,1.490909,11.000000,0.682927
0.090909,0.166884,2.153846,28.603669,1.490909,11.000000,0.682927
0.090909,1.000000,2.272727,30.000000,1.545455,11.000000,0.694444
0.090909,0.255159,1.375000,21.521288,1.764706,18.000000,0.578947
0.055556,0.255159,1.375000,21.521288,1.764706,18.000000,0.578947
0.055556,0.215641,2.750000,29.837860,2.229268,41.000000,0.733333
0.166667,0.916244,2.625000,28.994105,1.894180,28.000000,0.724138
0.125000,1.000000,2.000000,30.000000,1.285714,8.000000,0.666667
0.125000,1.000000,2.422222,30.000000,1.960920,30.000000,0.707792
0.076923,1.000000,2.369565,30.000000,1.960920,30.000000,0.703226
0.076923,0.801128,4.714286,22.376636,1.769231,13.000000,0.825000
0.090909,0.551815,3.170213,27.984773,1.942857,35.000000,0.760204
0.090909,0.248119,1.857143,25.418298,1.581818,11.000000,0.650000
0.125000,1.000000,2.422222,30.000000,1.960920,30.000000,0.707792
0.125000,1.000000,2.000000,30.000000,1.285714,8.000000,0.666667
0.166667,0.846070,2.928571,28.500448,1.753247,22.000000,0.745455
0.052632,0.900124,3.085714,30.000000,1.928571,29.000000,0.755245
0.052632,1.000000,1.645161,22.329472,1.760234,19.000000,0.621951
0.052632,0.900124,3.085714,30.000000,1.928571,29.000000,0.755245
0.052632,1.000000,1.645161,22.329472,1.760234,19.000000,0.621951
0.076923,0.712437,2.214286,27.340194,1.780952,15.000000,0.688889
0.066667,0.381563,2.923077,29.895417,1.752381,15.000000,0.745098
0.076923,0.389929,3.358491,29.702255,1.825028,43.000000,0.770563
0.033333,1.000000,1.478261,30.000000,1.958621,30.000000,0.596491
0.033333,0.741922,2.425000,29.628798,1.885291,47.000000,0.708029
0.038462,0.707546,2.519481,29.498092,1.885291,47.000000,0.715867
0.038462,0.164231,1.800000,28.738064,1.971510,27.000000,0.642857
0.025000,0.012245,1.695652,29.982018,2.111538,40.000000,0.629032
0.025000,0.858772,2.439655,29.504183,1.905341,62.000000,0.709273
0.166667,0.702852,2.518072,29.504631,1.893878,50.000000,0.715753
0.062500,0.628807,2.586667,29.289871,1.885291,47.000000,0.721190
0.062500,1.000000,1.354839,29.804378,1.775000,16.000000,0.575342
0.033333,0.741922,2.425000,29.628798,1.885291,47.000000,0.708029
0.033333,1.000000,1.478261,30.000000,1.958621,30.000000,0.596491
0.052632,0.543630,2.657534,29.034901,1.885291,47.000000,0.726592
0.052632,0.442975,2.242424,30.000000,1.578947,19.000000,0.691589
0.040000,0.590790,2.518868,29.069464,1.910169,60.000000,0.715818
0.090909,0.315508,1.272727,30.000000,1.545455,11.000000,0.560000
0.090909,0.857705,2.439655,29.439602,1.905341,62.000000,0.709273
0.250000,0.405126,2.428571,30.000000,1.672515,19.000000,0.708333
0.055556,0.201611,2.025641,29.068743,1.917749,22.000000,0.669492
0.055556,1.000000,3.043478,29.249732,1.581699,18.000000,0.752688
0.250000,0.405126,2.428571,30.000000,1.672515,19.000000,0.708333
0.055556,0.201611,2.025641,29.068743,1.917749,22.000000,0.669492
0.055556,1.000000,3.043478,29.249732,1.581699,18.000000,0.752688
0.090909,1.000000,1.800000,19.454545,1.509091,11.000000,0.642857
0.090909,1.000000,3.047619,30.000000,1.957895,20.000000,0.752941
0.166667,0.415806,2.078947,30.000000,1.917749,22.000000,0.675214
0.166667,0.415806,2.078947,30.000000,1.917749,22.000000,0.675214
0.166667,0.734398,4.000000,30.000000,1.602941,17.000000,0.800000
0.166667,0.512222,3.600000,29.957494,1.948529,17.000000,0.782609
0.200000,0.240188,2.106061,29.523904,2.013415,41.000000,0.678049
0.076923,0.714378,2.355556,30.000000,1.825397,28.000000,0.701987
0.076923,0.555591,4.571429,30.000000,1.666667,13.000000,0.820513
0.090909,1.000000,3.111111,30.000000,1.490909,11.000000,0.756757
0.090909,1.000000,2.230769,29.069643,1.838624,28.000000,0.690476
0.166667,1.000000,2.968750,30.000000,1.830049,29.000000,0.748031
0.200000,1.000000,2.175000,29.974311,1.838624,28.000000,0.685039
0.200000,1.000000,2.175000,29.974311,1.838624,28.000000,0.685039
0.166667,1.000000,2.968750,30.000000,1.830049,29.000000,0.748031
0.100000,0.004049,3.400000,30.000000,1.484848,12.000000,0.772727
0.100000,0.272511,1.600000,24.047993,1.466667,10.000000,0.615385
0.090909,1.000000,2.230769,29.069643,1.838624,28.000000,0.690476
0.090909,1.000000,3.111111,30.000000,1.490909,11.000000,0.756757
0.200000,0.008264,1.789474,29.059500,1.761905,15.000000,0.641509
0.100000,0.208552,1.860215,29.152858,2.090498,52.000000,0.650376
0.100000,0.309443,3.600000,27.564742,1.644444,10.000000,0.782609
0.040000,0.059318,2.052632,28.851659,2.022222,46.000000,0.672414
0.040000,0.594746,1.714286,27.692308,2.027692,26.000000,0.631579
0.125000,0.241892,2.038462,30.000000,1.992308,40.000000,0.670886
0.125000,1.000000,1.875000,22.477936,1.464286,8.000000,0.652174
0.100000,0.309443,3.600000,27.564742,1.644444,10.000000,0.782609
0.100000,0.208552,1.860215,29.152858,2.090498,52.000000,0.650376
0.083333,0.512652,4.800000,28.434839,1.636364,12.000000,0.827586
0.083333,0.891719,2.458333,30.000000,1.784211,20.000000,0.710843
0.125000,1.000000,1.875000,22.477936,1.464286,8.000000,0.652174
0.125000,0.241892,2.038462,30.000000,1.992308,40.000000,0.670886
0.032258,0.208552,1.860215,29.152858,2.090498,52.000000,0.650376
0.032258,0.241410,2.313725,29.055981,1.855914,31.000000,0.698225
0.166667,0.192298,2.026667,28.662950,2.010101,45.000000,0.669604
0.125000,0.241892,2.038462,30.000000,1.992308,40.000000,0.670886
0.125000,1.000000,1.875000,22.477936,1.464286,8.000000,0.652174
0.083333,0.512652,4.800000,28.434839,1.636364,12.000000,0.827586
0.083333,0.891719,2.458333,30.000000,1.784211,20.000000,0.710843
0.125000,1.000000,2.222222,27.690061,1.888889,10.000000,0.689655
0.125000,1.000000,1.875000,22.477936,1.464286,8.000000,0.652174
0.100000,1.000000,1.000000,18.300373,1.688889,10.000000,0.500000
0.125000,0.764481,2.222222,25.881500,1.285714,8.000000,0.689655
0.062500,0.837880,1.545455,18.333746,1.716667,16.000000,0.607143
0.250000,0.551468,5.250000,29.944416,1.730769,13.000000,0.840000
0.250000,1.000000,2.000000,30.000000,1.333333,4.000000,0.666667
0.045455,0.646775,1.530303,27.822251,1.800493,29.000000,0.604790
0.090909,0.122147,3.294118,27.926023,1.953333,25.000000,0.767123
0.100000,1.000000,4.636364,25.731435,1.801170,19.000000,0.822581
0.100000,0.375681,4.166667,30.000000,1.600000,11.000000,0.806452
0.100000,0.936494,1.769231,29.561156,1.488889,10.000000,0.638889
0.125000,0.920544,1.571429,23.822554,1.600000,11.000000,0.611111
0.090909,0.920544,1.571429,23.822554,1.600000,11.000000,0.611111
0.090909,0.413447,1.500000,30.000000,1.791209,14.000000,0.600000
0.250000,0.108306,2.000000,29.031633,1.611111,9.000000,0.666667
0.066667,0.033369,1.285714,27.368041,1.790476,15.000000,0.562500
0.066667,0.033369,1.285714,27.368041,1.790476,15.000000,0.562500
0.100000,1.000000,1.812500,30.000000,1.355556,10.000000,0.644444
0.090909,0.344116,1.829268,29.386431,1.800725,24.000000,0.646552
0.071429,0.100507,1.260870,27.722561,1.780220,14.000000,0.557692
0.071429,1.000000,2.500000,30.000000,2.177536,24.000000,0.714286
0.200000,1.000000,3.785714,30.000000,1.812865,19.000000,0.791045
0.166667,1.000000,2.666667,27.440060,1.466667,6.000000,0.727273
0.166667,0.839493,3.562500,30.000000,2.129870,22.000000,0.780822
0.071429,1.000000,2.500000,30.000000,2.177536,24.000000,0.714286
0.071429,0.100507,1.260870,27.722561,1.780220,14.000000,0.557692
0.076923,0.050095,1.500000,27.593883,1.679487,13.000000,0.600000
0.076923,0.808394,3.352941,30.000000,2.129870,22.000000,0.770270
0.076923,0.050095,1.500000,27.593883,1.679487,13.000000,0.600000
0.076923,1.000000,3.352941,30.000000,2.129870,22.000000,0.770270
0.166667,1.000000,2.666667,27.440060,1.466667,6.000000,0.727273
0.166667,0.839493,3.562500,30.000000,2.129870,22.000000,0.780822
0.066667,0.161451,2.571429,28.428272,1.771429,15.000000,0.720000
0.071429,0.100507,1.260870,27.722561,1.780220,14.000000,0.557692
0.071429,1.000000,2.500000,30.000000,2.177536,24.000000,0.714286
0.076923,0.050095,1.500000,27.593883,1.679487,13.000000,0.600000
0.076923,0.808394,3.352941,30.000000,2.129870,22.000000,0.770270
0.058824,1.000000,1.625000,17.082278,1.823529,17.000000,0.619048
0.058824,0.292617,2.135135,30.000000,1.786561,23.000000,0.681034
0.111111,0.016905,3.173913,29.896685,1.685714,21.000000,0.760417
0.250000,0.073322,2.833333,30.000000,1.755556,10.000000,0.739130
0.047619,1.000000,5.000000,27.119048,2.266667,21.000000,0.833333
0.047619,0.930176,1.411765,30.000000,1.722944,22.000000,0.585366
0.100000,1.000000,2.428571,18.000016,1.711111,10.000000,0.708333
0.100000,0.296752,2.035714,25.335230,1.989130,24.000000,0.670588
0.090909,0.930176,1.411765,30.000000,1.722944,22.000000,0.585366
0.047619,1.000000,5.000000,27.119048,2.266667,21.000000,0.833333
0.047619,0.930176,1.411765,30.000000,1.722944,22.000000,0.585366
0.250000,1.000000,2.833333,30.000000,1.755556,10.000000,0.739130
0.047619,0.930176,1.411765,30.000000,1.722944,22.000000,0.585366
0.047619,0.819403,5.000000,27.119048,2.266667,21.000000,0.833333
0.090909,0.930176,1.411765,30.000000,1.722944,22.000000,0.585366
0.047619,0.930176,1.411765,30.000000,1.722944,22.000000,0.585366
0.047619,0.819403,5.000000,27.119048,2.266667,21.000000,0.833333
0.026316,0.094086,1.896104,27.945151,1.972125,42.000000,0.654709
0.026316,0.155088,3.210526,30.000000,1.860597,38.000000,0.762500
0.043478,0.352613,1.433962,30.000000,1.731225,23.000000,0.589147
0.043478,0.974529,1.112360,24.545455,2.107955,33.000000,0.526596
0.125000,0.004184,2.166667,30.000000,1.535714,8.000000,0.684211
0.043478,0.352613,1.433962,30.000000,1.731225,23.000000,0.589147
0.043478,0.974529,1.112360,24.545455,2.107955,33.000000,0.526596
0.200000,0.967544,1.750000,26.227001,1.577778,10.000000,0.636364
0.142857,0.008403,2.000000,23.542182,1.428571,7.000000,0.666667
0.125000,0.658826,5.875000,29.057619,1.784314,18.000000,0.854545
0.111111,0.282909,2.000000,29.168022,1.753333,25.000000,0.666667
0.076923,0.269076,1.600000,30.000000,1.695238,15.000000,0.615385
0.250000,0.373591,1.875000,24.590251,1.835165,14.000000,0.652174
0.076923,0.004219,1.545455,30.000000,1.679487,13.000000,0.607143
0.090909,1.000000,1.507937,29.554579,1.886700,29.000000,0.601266
0.250000,0.373591,1.875000,24.590251,1.835165,14.000000,0.652174
0.055556,1.000000,2.687500,26.527784,2.026144,18.000000,0.728814
0.055556,1.000000,2.687500,26.527784,2.026144,18.000000,0.728814
0.055556,1.000000,2.687500,26.527784,2.026144,18.000000,0.728814
0.076923,1.000000,2.687500,26.527784,2.026144,18.000000,0.728814
0.035714,1.000000,1.746032,28.275258,1.798942,28.000000,0.635838
0.035714,0.113585,2.354167,30.000000,2.115966,35.000000,0.701863
0.035714,1.000000,1.746032,28.275258,1.798942,28.000000,0.635838
0.035714,0.113585,2.354167,30.000000,2.115966,35.000000,0.701863
0.076923,1.000000,2.687500,26.527784,2.026144,18.000000,0.728814
0.076923,1.000000,2.387097,29.157374,1.578947,19.000000,0.704762
0.035714,1.000000,1.746032,28.275258,1.798942,28.000000,0.635838
0.035714,0.113585,2.354167,30.000000,2.115966,35.000000,0.701863
0.076923,1.000000,2.687500,26.527784,2.026144,18.000000,0.728814
0.111111,0.106949,2.785714,30.000000,1.809524,22.000000,0.735849
0.142857,0.723826,1.571429,24.879361,1.921569,18.000000,0.611111
0.142857,0.074767,2.956522,27.234922,1.984615,26.000000,0.747253
0.200000,0.124448,3.833333,23.968203,1.488889,10.000000,0.793103
0.058824,0.356873,3.176471,28.235294,1.661765,17.000000,0.760563
0.090909,0.233267,1.881188,27.482423,2.106494,56.000000,0.652921
0.090909,1.000000,3.166667,30.000000,1.727273,11.000000,0.760000
0.047619,0.233267,1.881188,27.482423,2.106494,56.000000,0.652921
0.047619,1.000000,1.454545,29.107983,1.957143,21.000000,0.592593
0.090909,0.841212,3.363636,25.916248,2.266010,29.000000,0.770833
0.090909,0.841212,3.363636,25.916248,2.266010,29.000000,0.770833
0.166667,1.000000,6.200000,25.427317,1.991667,16.000000,0.861111
0.111111,0.609490,2.434783,26.324328,1.745098,18.000000,0.708861
0.062500,0.685942,2.304348,30.000000,1.719298,19.000000,0.697368
0.090909,0.233267,1.881188,27.482423,2.106494,56.000000,0.652921
0.090909,1.000000,3.166667,30.000000,1.727273,11.000000,0.760000
0.250000,0.362185,2.352941,28.948168,1.626374,14.000000,0.701754
0.062500,0.685942,2.304348,30.000000,1.719298,19.000000,0.697368
0.166667,0.734929,6.200000,25.427317,1.991667,16.000000,0.861111
0.166667,0.734929,6.200000,25.427317,1.991667,16.000000,0.861111
0.030303,0.233267,1.881188,27.482423,2.106494,56.000000,0.652921
0.030303,0.199360,2.277778,29.737586,1.899621,33.000000,0.694915
0.111111,0.609490,2.434783,26.324328,1.745098,18.000000,0.708861
0.142857,0.233267,1.881188,27.482423,2.106494,56.000000,0.652921
0.142857,0.004255,2.500000,29.404848,1.523810,7.000000,0.714286
0.166667,1.000000,6.200000,25.427317,1.991667,16.000000,0.861111
0.058824,0.084954,2.900000,29.960924,1.602941,17.000000,0.743590
0.058824,0.800978,2.040000,28.421053,1.853801,19.000000,0.671053
0.100000,0.083313,1.440000,26.581679,1.965726,32.000000,0.590164
0.058824,0.084954,2.900000,29.960924,1.602941,17.000000,0.743590
0.058824,0.800978,2.040000,28.421053,1.853801,19.000000,0.671053
0.058824,0.084954,2.900000,29.960924,1.602941,17.000000,0.743590
0.058824,0.800978,2.040000,28.421053,1.853801,19.000000,0.671053
0.062500,0.142849,2.320755,29.165058,1.899621,33.000000,0.698864
0.058824,0.084954,2.900000,29.960924,1.602941,17.000000,0.743590
0.058824,0.800978,2.040000,28.421053,1.853801,19.000000,0.671053
0.090909,0.083313,1.440000,26.581679,1.965726,32.000000,0.590164
0.125000,1.000000,2.428571,29.943183,1.392857,8.000000,0.708333
0.125000,0.800978,2.040000,28.421053,1.853801,19.000000,0.671053
0.142857,0.503186,1.500000,30.000000,1.791209,14.000000,0.600000
0.142857,1.000000,12.000000,30.000000,1.428571,7.000000,0.923077
0.142857,0.435857,1.615385,28.176242,1.250000,8.000000,0.617647
0.142857,0.819630,1.615385,28.176242,1.250000,8.000000,0.617647
0.142857,0.819630,1.615385,28.176242,1.250000,8.000000,0.617647
0.142857,0.292889,1.615385,28.176242,1.250000,8.000000,0.617647
0.166667,0.903016,1.861111,28.201284,1.753247,22.000000,0.650485
0.166667,0.560197,11.000000,27.847133,1.266667,6.000000,0.916667
0.083333,0.046015,3.230769,29.738660,1.863698,39.000000,0.763636
0.142857,0.302665,1.625000,29.401351,2.032020,29.000000,0.619048
0.200000,0.068515,2.537190,28.180288,2.117016,66.000000,0.717290
0.200000,1.000000,1.423077,30.000000,1.800000,16.000000,0.587302
0.111111,1.000000,2.090909,30.000000,1.361111,9.000000,0.676471
0.062500,0.655821,1.428571,30.000000,1.783333,16.000000,0.588235
0.062500,0.373462,1.633333,26.666669,1.784314,18.000000,0.620253
0.200000,0.574731,2.333333,24.000000,1.300000,5.000000,0.700000
0.200000,0.291843,1.857143,26.378209,1.535714,8.000000,0.650000
0.071429,0.132101,2.942857,29.078713,1.793651,28.000000,0.746377
0.166667,1.000000,4.000000,27.172857,1.466667,6.000000,0.800000
0.166667,0.147679,2.777778,30.000000,1.868132,14.000000,0.735294
0.250000,0.403016,1.500000,29.954838,1.733333,16.000000,0.600000
0.285714,1.000000,2.916667,30.000000,1.615385,14.000000,0.744681
0.083333,1.000000,2.117647,30.000000,1.484848,12.000000,0.679245
0.083333,0.998148,1.578947,27.500000,1.545455,12.000000,0.612245
0.285714,1.000000,2.916667,30.000000,1.615385,14.000000,0.744681
0.100000,1.000000,1.117647,30.000000,1.666667,10.000000,0.527778
0.100000,0.998148,1.578947,27.500000,1.545455,12.000000,0.612245
0.066667,1.000000,1.550000,30.000000,1.790476,15.000000,0.607843
0.083333,0.998148,1.578947,27.500000,1.545455,12.000000,0.612245
0.083333,0.115524,1.625000,29.807667,1.910053,28.000000,0.619048
0.166667,0.757856,1.902439,28.571429,1.714286,21.000000,0.655462
0.166667,0.757856,1.902439,28.571429,1.714286,21.000000,0.655462
0.285714,1.000000,2.916667,30.000000,1.615385,14.000000,0.744681
0.142857,0.943353,2.400000,27.880533,1.615385,13.000000,0.705882
0.066667,0.593093,1.611111,11.710720,1.858333,16.000000,0.617021
0.066667,1.000000,1.655172,23.799678,1.968421,20.000000,0.623377
0.125000,0.554122,1.687500,27.373815,1.514286,15.000000,0.627907
0.200000,0.678832,2.375000,24.648685,1.644444,10.000000,0.703704
0.125000,1.000000,4.000000,30.000000,1.428571,8.000000,0.800000
0.125000,1.000000,4.000000,30.000000,1.428571,8.000000,0.800000
0.125000,1.000000,4.000000,30.000000,1.428571,8.000000,0.800000
0.200000,0.323877,5.000000,30.000000,1.000000,5.000000,0.833333
0.166667,1.000000,3.666667,30.000000,1.266667,6.000000,0.785714
0.142857,1.000000,1.500000,27.907410,1.722222,9.000000,0.600000
0.058824,0.193398,1.607143,28.235294,1.750000,17.000000,0.616438
0.058824,0.190740,2.861111,29.705447,1.793651,28.000000,0.741007
0.058824,0.190740,2.861111,29.705447,1.793651,28.000000,0.741007
0.058824,0.193398,1.607143,28.235294,1.750000,17.000000,0.616438
0.250000,0.155944,1.600000,29.900246,1.644444,10.000000,0.615385
0.100000,1.000000,1.900000,30.000000,1.644444,10.000000,0.655172
0.142857,0.991222,1.900000,23.910925,1.644444,10.000000,0.655172
0.142857,0.527541,5.000000,30.000000,1.285714,7.000000,0.833333
0.100000,1.000000,2.625000,29.471606,1.533333,10.000000,0.724138
0.100000,1.000000,1.375000,21.521288,1.764706,18.000000,0.578947
0.111111,0.229309,5.000000,28.690356,2.112319,24.000000,0.833333
0.111111,1.000000,2.857143,30.000000,1.500000,9.000000,0.740741
0.045455,0.299646,1.800000,30.000000,1.795567,29.000000,0.642857
0.250000,1.000000,4.000000,27.301902,1.333333,4.000000,0.800000
0.083333,0.000000,2.315789,26.320609,1.712418,18.000000,0.698413
0.083333,0.995893,1.578947,29.527013,1.545455,12.000000,0.612245
0.100000,0.995893,1.578947,29.527013,1.545455,12.000000,0.612245
0.083333,0.000000,1.418182,30.000000,1.910053,28.000000,0.586466
0.083333,0.995893,1.578947,29.527013,1.545455,12.000000,0.612245
0.166667,1.000000,2.818182,30.000000,1.780220,14.000000,0.738095
0.166667,1.000000,9.000000,30.000000,1.400000,6.000000,0.900000
0.043478,0.353500,2.541667,29.362184,2.132132,37.000000,0.717647
0.043478,0.805610,1.925000,28.695652,1.861660,23.000000,0.658120
0.050000,1.000000,1.864865,30.000000,1.689474,20.000000,0.650943
0.050000,1.000000,1.500000,29.961768,1.910053,28.000000,0.600000
0.100000,1.000000,1.266667,27.000000,1.666667,10.000000,0.558824
0.200000,0.260807,1.898305,29.336777,1.979839,32.000000,0.654971
0.200000,0.260807,1.898305,29.336777,1.979839,32.000000,0.654971
0.043478,0.353500,2.541667,29.362184,2.132132,37.000000,0.717647
0.043478,0.805610,1.925000,28.695652,1.861660,23.000000,0.658120
0.090909,1.000000,1.750000,29.521585,1.888889,27.000000,0.636364
0.090909,1.000000,2.615385,27.908752,1.626374,14.000000,0.723404
0.066667,1.000000,1.695652,29.388308,1.910053,28.000000,0.629032
0.066667,0.415995,2.437500,30.000000,1.733333,15.000000,0.709091
0.200000,0.260807,1.898305,29.336777,1.979839,32.000000,0.654971
0.045455,0.632414,1.784615,26.921613,2.011380,38.000000,0.640884
0.045455,1.000000,1.365854,27.698224,1.870130,22.000000,0.577320
0.043478,0.353500,2.541667,29.362184,2.132132,37.000000,0.717647
0.043478,0.805610,1.925000,28.695652,1.861660,23.000000,0.658120
0.076923,0.183509,2.500000,29.666213,1.910256,13.000000,0.714286
0.076923,0.562496,1.478261,23.385043,1.602564,13.000000,0.596491
0.142857,0.008000,2.041667,21.428743,1.919048,21.000000,0.671233
0.100000,1.000000,2.857143,28.870150,1.622222,10.000000,0.740741
0.034483,1.000000,2.384615,13.315421,2.187500,32.000000,0.704545
0.034483,0.028624,1.560000,30.000000,2.032020,29.000000,0.609375
0.125000,0.586624,2.050000,26.803889,1.666667,15.000000,0.672131
0.142857,0.899684,5.333333,7.546916,1.911111,10.000000,0.842105
0.071429,1.000000,1.888889,28.066116,1.626374,14.000000,0.653846
0.052632,0.743857,1.806452,20.300388,1.768421,20.000000,0.643678
0.062500,0.224821,3.666667,20.309771,2.216667,16.000000,0.785714
0.062500,0.366964,2.116279,29.430850,1.827652,33.000000,0.679104
0.200000,0.212365,2.782609,24.885915,1.763158,20.000000,0.735632
0.125000,1.000000,1.028986,24.990706,1.870000,25.000000,0.507143
0.052632,0.360358,1.555556,28.575033,1.789474,19.000000,0.608696
0.052632,0.002984,1.588235,28.305567,1.777778,19.000000,0.613636
0.050000,0.736345,2.428571,30.000000,1.668421,20.000000,0.708333
0.050000,0.051532,1.846154,27.662047,1.800000,25.000000,0.648649
0.050000,0.736345,2.428571,30.000000,1.668421,20.000000,0.708333
0.050000,0.051532,1.846154,27.662047,1.800000,25.000000,0.648649
0.050000,0.736345,2.428571,30.000000,1.668421,20.000000,0.708333
0.050000,0.147258,1.846154,27.662047,1.800000,25.000000,0.648649
0.125000,0.350967,1.438596,30.000000,2.036782,30.000000,0.589928
0.083333,0.869102,3.000000,28.348132,2.708333,33.000000,0.750000
0.045455,0.047549,2.481481,29.306885,1.949275,24.000000,0.712766
0.045455,0.947288,2.960000,30.000000,1.748918,22.000000,0.747475
0.083333,0.869102,3.000000,28.348132,2.708333,33.000000,0.750000
