chi,dp_norm,coh,stab,rad,size,ratio
0.083333,1.000000,2.636364,2.184776,1.590909,12.000000,0.725000
0.083333,0.883220,2.578947,2.080865,1.900585,19.000000,0.720588
0.272727,0.984345,6.250000,2.359219,1.750000,33.000000,0.862069
0.166667,0.483409,1.714286,3.739780,1.714286,15.000000,0.631579
0.250000,0.185625,2.666667,5.567236,1.533333,6.000000,0.727273
0.166667,0.297122,4.100000,4.959850,1.836923,26.000000,0.803922
0.125000,0.044786,1.827586,4.177360,1.887446,22.000000,0.646341
0.142857,0.210203,2.307692,7.960453,1.883598,28.000000,0.697674
0.142857,0.098907,2.307692,7.960453,1.883598,28.000000,0.697674
0.125000,0.734209,4.156250,5.157866,2.107962,39.000000,0.806061
0.066667,0.399137,2.375000,12.099241,1.895161,32.000000,0.703704
0.142857,0.476369,2.307692,7.960453,1.883598,28.000000,0.697674
0.142857,0.424174,2.307692,7.960453,1.883598,28.000000,0.697674
0.066667,0.718280,2.375000,12.099241,1.895161,32.000000,0.703704
0.111111,0.702811,2.200000,6.129914,2.032680,18.000000,0.687500
0.250000,0.166663,1.640000,7.726875,1.716667,16.000000,0.621212
0.200000,0.166667,1.625000,12.411135,1.422222,10.000000,0.619048
0.125000,0.692799,1.428571,18.326803,1.666667,10.000000,0.588235
0.125000,1.000000,1.071429,6.473816,1.500000,8.000000,0.517241
0.125000,1.000000,1.071429,6.473816,1.500000,8.000000,0.517241
0.125000,0.066667,1.625000,10.467246,1.071429,8.000000,0.619048
0.125000,1.000000,1.071429,6.473816,1.500000,8.000000,0.517241
0.125000,1.000000,1.428571,18.326803,1.666667,10.000000,0.588235
0.125000,0.779436,2.064516,7.115652,1.876812,24.000000,0.673684
0.125000,0.480887,2.571429,9.991438,2.046942,38.000000,0.720000
0.125000,0.328233,2.200000,6.291314,1.714286,8.000000,0.687500
0.076923,0.034755,3.851064,10.555868,2.274286,50.000000,0.793860
0.076923,0.886753,4.600000,5.327211,2.128205,13.000000,0.821429
0.090909,0.653936,1.315789,7.652839,1.636364,11.000000,0.568182
0.111111,0.012553,3.851064,10.555868,2.274286,50.000000,0.793860
0.111111,0.073797,3.851064,10.555868,2.274286,50.000000,0.793860
0.090909,0.653936,1.315789,7.652839,1.636364,11.000000,0.568182
0.250000,0.818405,1.827586,4.177360,1.887446,22.000000,0.646341
0.285714,0.221211,2.800000,9.039801,2.046942,38.000000,0.736842
0.285714,0.299412,3.851064,10.555868,2.274286,50.000000,0.793860
0.125000,0.250000,1.555556,8.365794,1.500000,8.000000,0.608696
0.062500,0.056090,4.750000,6.737905,1.775000,16.000000,0.826087
0.062500,0.189379,3.321839,15.991877,2.366058,73.000000,0.768617
0.062500,0.056090,4.750000,6.737905,1.775000,16.000000,0.826087
0.062500,0.183244,3.321839,15.991877,2.366058,73.000000,0.768617
0.100000,0.001595,1.809524,12.782695,1.800000,15.000000,0.644068
0.300000,0.000921,2.963855,15.918421,2.256016,63.000000,0.747720
0.300000,0.029156,2.963855,15.918421,2.256016,63.000000,0.747720
0.100000,0.204425,1.827586,6.970922,1.721053,20.000000,0.646341
0.100000,0.294676,2.400000,7.612495,1.533333,10.000000,0.705882
0.111111,0.279006,2.000000,12.145713,1.500000,9.000000,0.666667
0.300000,0.010367,2.775862,17.171429,2.096177,71.000000,0.735160
0.300000,0.000075,2.775862,17.171429,2.096177,71.000000,0.735160
0.058824,0.417811,1.657895,8.768302,1.750988,23.000000,0.623762
0.100000,0.085714,2.500000,6.901677,1.915789,20.000000,0.714286
0.125000,0.267310,2.384615,9.455457,1.743590,13.000000,0.704545
0.125000,0.387667,1.555556,7.298250,1.500000,8.000000,0.608696
0.133333,0.107679,2.000000,10.332249,1.666667,10.000000,0.666667
0.133333,0.122569,3.851064,10.555868,2.274286,50.000000,0.793860
0.100000,0.110948,2.000000,13.542381,1.511111,10.000000,0.666667
0.100000,0.130351,1.512821,13.205591,1.789474,19.000000,0.602041
0.105263,0.130351,1.512821,13.205591,1.789474,19.000000,0.602041
0.105263,0.039497,2.661972,19.494844,2.111652,79.000000,0.726923
0.105263,0.035743,2.661972,19.494844,2.111652,79.000000,0.726923
0.105263,0.130351,1.512821,13.205591,1.789474,19.000000,0.602041
0.200000,0.240625,1.760000,12.882790,1.775000,16.000000,0.637681
0.111111,0.037254,2.833333,8.286273,1.611111,9.000000,0.739130
0.111111,0.704367,3.806452,12.052326,2.345622,63.000000,0.791946
0.100000,0.872121,1.833333,13.316879,1.778947,20.000000,0.647059
0.100000,0.220617,2.500000,8.482034,1.600000,10.000000,0.714286
0.100000,0.494932,2.775862,17.171429,2.096177,71.000000,0.735160
0.100000,0.220617,2.500000,8.482034,1.600000,10.000000,0.714286
0.100000,0.521702,2.775862,17.171429,2.096177,71.000000,0.735160
0.166667,0.539555,1.800000,5.635855,1.400000,6.000000,0.642857
0.111111,0.037254,2.833333,8.286273,1.611111,9.000000,0.739130
0.111111,0.648850,3.806452,12.052326,2.345622,63.000000,0.791946
0.100000,0.149490,1.928571,11.647805,1.400000,10.000000,0.658537
0.100000,0.128362,1.628205,7.712237,1.998578,38.000000,0.619512
0.100000,0.156932,3.285714,11.602958,1.654545,11.000000,0.766667
0.111111,0.776715,2.500000,6.901677,1.915789,20.000000,0.714286
0.033333,0.895897,4.904762,9.214397,2.066667,30.000000,0.830645
0.033333,0.234954,2.022222,19.215371,2.176471,52.000000,0.669118
0.100000,0.012563,1.833333,13.316879,1.778947,20.000000,0.647059
0.100000,0.310369,2.666667,21.185848,2.171613,83.000000,0.727273
0.052632,0.895897,4.904762,9.214397,2.066667,30.000000,0.830645
0.052632,0.950881,2.269231,12.097881,1.701754,19.000000,0.694118
0.100000,0.012563,1.833333,13.316879,1.778947,20.000000,0.647059
0.100000,0.324247,2.666667,21.185848,2.171613,83.000000,0.727273
0.033333,0.238437,2.022222,19.215371,2.176471,52.000000,0.669118
0.033333,0.895897,4.904762,9.214397,2.066667,30.000000,0.830645
0.052632,0.869080,4.904762,9.214397,2.066667,30.000000,0.830645
0.052632,0.950881,2.269231,12.097881,1.701754,19.000000,0.694118
0.027027,0.006188,2.311927,22.561814,2.146483,62.000000,0.698061
0.027027,1.000000,3.351351,17.041315,2.223724,37.000000,0.770186
0.027027,0.007514,2.311927,22.561814,2.146483,62.000000,0.698061
0.027027,0.291644,3.351351,17.041315,2.223724,37.000000,0.770186
0.035714,0.112184,4.545455,13.736100,1.923280,28.000000,0.819672
0.035714,1.000000,3.351351,17.041315,2.223724,37.000000,0.770186
0.027027,0.006188,2.311927,22.561814,2.146483,62.000000,0.698061
0.027027,0.291644,3.351351,17.041315,2.223724,37.000000,0.770186
0.027027,0.007514,2.311927,22.561814,2.146483,62.000000,0.698061
0.027027,1.000000,3.351351,17.041315,2.223724,37.000000,0.770186
0.035714,0.112184,4.545455,13.736100,1.923280,28.000000,0.819672
0.035714,0.291644,3.351351,17.041315,2.223724,37.000000,0.770186
0.043478,0.022879,2.306306,23.008936,2.151562,63.000000,0.697548
0.043478,0.070856,4.166667,14.428412,1.923280,28.000000,0.806452
0.071429,0.049505,6.833333,16.265508,1.825000,16.000000,0.872340
0.071429,0.400122,2.307692,14.071439,1.802198,14.000000,0.697674
0.043478,0.017929,2.306306,23.008936,2.151562,63.000000,0.697548
0.071429,0.680088,1.400000,15.401643,2.019231,40.000000,0.583333
0.071429,0.400122,2.307692,14.071439,1.802198,14.000000,0.697674
0.076923,0.079739,3.727273,15.788182,1.474359,13.000000,0.788462
0.076923,0.159821,3.727273,15.788182,1.474359,13.000000,0.788462
0.034483,0.105929,2.086022,12.888704,2.281567,53.000000,0.675958
0.034483,0.924195,3.923077,14.582608,1.970443,29.000000,0.796875
0.034483,1.000000,2.086022,12.888704,2.281567,53.000000,0.675958
0.034483,0.924195,3.923077,14.582608,1.970443,29.000000,0.796875
0.071429,0.451450,2.482143,22.909055,2.183055,68.000000,0.712821
0.071429,0.155980,1.000000,16.869504,1.714286,14.000000,0.500000
0.100000,0.084358,2.022222,19.215371,2.176471,52.000000,0.669118
0.100000,0.011867,4.500000,12.771174,1.600000,10.000000,0.818182
0.166667,0.402076,2.364407,23.724192,2.182616,68.000000,0.702771
0.071429,0.155980,1.000000,16.869504,1.714286,14.000000,0.500000
0.071429,0.448855,2.482143,22.909055,2.183055,68.000000,0.712821
0.100000,0.011867,4.500000,12.771174,1.600000,10.000000,0.818182
0.100000,0.101221,2.022222,19.215371,2.176471,52.000000,0.669118
0.166667,0.403144,2.364407,23.724192,2.182616,68.000000,0.702771
0.200000,0.155980,1.000000,16.869504,1.714286,14.000000,0.500000
0.200000,0.071429,2.333333,10.751736,1.300000,5.000000,0.700000
0.250000,1.000000,2.086022,12.888704,2.281567,53.000000,0.675958
0.250000,0.284052,2.086022,12.888704,2.281567,53.000000,0.675958
0.100000,0.259506,3.666667,16.479695,1.637363,14.000000,0.785714
0.142857,0.044441,1.761905,15.708751,1.691667,16.000000,0.637931
0.103448,0.033428,1.888889,17.530957,2.188571,50.000000,0.653846
0.250000,1.000000,1.833333,19.092288,2.188571,50.000000,0.647059
0.055556,0.008931,1.545455,13.093915,1.921569,18.000000,0.607143
0.055556,0.876047,2.227273,24.395451,1.732026,18.000000,0.690141
0.066667,0.443170,6.833333,18.608574,1.825000,16.000000,0.872340
0.066667,0.055974,2.352941,13.424522,1.921569,18.000000,0.701754
0.062500,0.195436,2.096154,10.331011,1.847312,31.000000,0.677019
0.103448,1.000000,1.888889,17.530957,2.188571,50.000000,0.653846
0.083333,1.000000,1.803571,19.527651,2.256566,55.000000,0.643312
0.083333,0.406969,2.700000,12.071402,1.651515,12.000000,0.729730
0.071429,0.660617,1.500000,18.191050,1.560440,14.000000,0.600000
0.071429,0.269084,2.018868,7.911341,1.736453,29.000000,0.668750
0.071429,0.707871,1.400000,18.932703,1.560440,14.000000,0.583333
0.071429,0.876047,2.227273,24.395451,1.732026,18.000000,0.690141
0.071429,0.707871,1.400000,18.932703,1.560440,14.000000,0.583333
0.071429,0.743961,2.227273,24.395451,1.732026,18.000000,0.690141
0.250000,0.077225,1.833333,19.092288,2.188571,50.000000,0.647059
0.125000,0.977763,4.000000,16.089698,1.691176,17.000000,0.800000
0.125000,0.497872,3.923077,14.582608,1.970443,29.000000,0.796875
0.083333,0.112120,1.803571,19.527651,2.256566,55.000000,0.643312
0.083333,0.406969,2.700000,12.071402,1.651515,12.000000,0.729730
0.055556,0.008931,1.545455,13.093915,1.921569,18.000000,0.607143
0.055556,0.743961,2.227273,24.395451,1.732026,18.000000,0.690141
0.125000,0.497872,3.923077,14.582608,1.970443,29.000000,0.796875
0.125000,0.924053,4.000000,16.089698,1.691176,17.000000,0.800000
0.166667,0.338922,2.047619,5.865924,1.836601,18.000000,0.671875
0.125000,0.361422,3.666667,17.981561,1.214286,8.000000,0.785714
0.125000,0.102692,1.000000,16.869504,1.714286,14.000000,0.500000
0.200000,0.467577,1.222222,21.913122,1.545455,12.000000,0.550000
0.071429,0.576290,2.277778,21.595553,1.804435,32.000000,0.694915
0.071429,0.198122,2.200000,15.872795,1.703297,14.000000,0.687500
0.071429,0.370026,2.277778,21.595553,1.804435,32.000000,0.694915
0.071429,0.198122,2.200000,15.872795,1.703297,14.000000,0.687500
0.142857,0.619941,1.142857,19.069467,1.675000,16.000000,0.533333
0.142857,0.342354,4.000000,13.106717,1.476190,7.000000,0.800000
0.052632,0.126271,2.400000,16.575500,1.719298,19.000000,0.705882
0.052632,0.069923,4.615385,19.792271,1.801170,19.000000,0.821918
0.100000,0.335231,1.444444,17.603739,1.444444,10.000000,0.590909
0.133333,0.304958,1.968421,15.960511,2.188571,50.000000,0.663121
0.133333,1.000000,1.968421,15.960511,2.188571,50.000000,0.663121
0.250000,0.141867,2.062500,20.798402,1.703297,14.000000,0.673469
0.166667,0.891958,1.800000,8.773993,1.400000,6.000000,0.642857
0.166667,0.284607,2.125000,16.317816,1.716667,16.000000,0.680000
0.142857,0.859224,2.086022,12.888704,2.281567,53.000000,0.675958
0.142857,0.779268,1.611111,19.105657,1.472727,11.000000,0.617021
0.045455,0.084880,1.882353,17.703170,1.948052,22.000000,0.653061
0.045455,0.212895,2.173469,23.679968,2.109351,52.000000,0.684887
0.200000,0.650683,2.173469,23.679968,2.109351,52.000000,0.684887
0.040000,0.085814,1.766667,15.545718,1.953333,25.000000,0.638554
0.040000,0.711182,2.340659,21.147730,2.109351,52.000000,0.700658
0.166667,0.512911,2.000000,15.520083,1.428571,7.000000,0.666667
0.200000,0.693412,2.290323,22.013268,2.109351,52.000000,0.696078
0.142857,0.488878,1.546512,11.938191,2.019231,40.000000,0.607306
0.142857,0.624451,1.933333,15.075338,1.472727,11.000000,0.659091
0.125000,0.212895,2.173469,23.679968,2.109351,52.000000,0.684887
0.045455,0.084880,1.882353,17.703170,1.948052,22.000000,0.653061
0.045455,0.650683,2.173469,23.679968,2.109351,52.000000,0.684887
0.125000,0.650683,2.173469,23.679968,2.109351,52.000000,0.684887
0.200000,0.278007,2.290323,22.013268,2.109351,52.000000,0.696078
0.200000,0.212895,2.173469,23.679968,2.109351,52.000000,0.684887
0.040000,0.305846,2.340659,21.147730,2.109351,52.000000,0.700658
0.040000,0.085814,1.766667,15.545718,1.953333,25.000000,0.638554
0.200000,0.058309,1.700000,20.312365,1.676190,15.000000,0.629630
0.125000,0.029474,4.700000,18.636915,1.974359,27.000000,0.824561
0.076923,0.245055,2.851852,19.052527,1.857143,22.000000,0.740385
0.076923,0.268940,1.766667,15.545718,1.953333,25.000000,0.638554
0.038462,0.449760,4.900000,18.630590,2.021164,28.000000,0.830508
0.038462,0.834297,2.121212,21.624606,1.944615,26.000000,0.679612
0.166667,0.040000,4.000000,17.456275,1.533333,6.000000,0.800000
0.166667,0.195450,1.952381,22.295795,1.786765,17.000000,0.661290
0.250000,0.195450,1.952381,22.295795,1.786765,17.000000,0.661290
0.166667,0.619192,3.666667,16.910425,1.266667,6.000000,0.785714
0.166667,1.000000,4.000000,12.937677,1.533333,6.000000,0.800000
0.166667,1.000000,4.000000,18.816246,1.533333,6.000000,0.800000
0.166667,0.091212,1.842105,18.855132,2.062366,31.000000,0.648148
0.166667,0.512978,2.045455,19.951074,1.931579,20.000000,0.671642
0.166667,0.484962,2.000000,20.768075,1.638889,9.000000,0.666667
0.142857,1.000000,4.000000,8.079654,1.428571,7.000000,0.800000
0.142857,0.222262,4.666667,18.907867,1.571429,8.000000,0.823529
0.250000,0.173676,2.166667,22.092315,1.607143,8.000000,0.684211
0.166667,0.054094,2.000000,21.174248,1.914286,21.000000,0.666667
0.111111,0.147876,3.400000,16.841715,1.583333,9.000000,0.772727
0.111111,0.219514,2.000000,20.768075,1.638889,9.000000,0.666667
0.125000,0.817438,1.454545,12.918277,1.464286,8.000000,0.592593
0.052632,0.087353,1.657895,24.178131,1.695906,19.000000,0.623762
0.086957,0.343869,2.945946,20.259897,1.985222,29.000000,0.746575
0.055556,0.072481,2.433333,23.309815,2.043077,26.000000,0.708738
0.071429,0.111330,2.600000,22.415881,1.666667,15.000000,0.722222
0.041667,0.049412,2.102564,22.663666,2.039683,28.000000,0.677686
0.100000,0.228867,2.060606,13.048631,1.757576,22.000000,0.673267
0.071429,0.167032,3.000000,19.012575,1.802198,14.000000,0.750000
0.090909,0.025210,1.166667,21.470236,1.690909,11.000000,0.538462
0.076923,0.258984,3.625000,18.408815,1.730769,13.000000,0.783784
0.250000,0.044790,1.647059,15.670935,1.575758,12.000000,0.622222
0.111111,0.117817,2.090909,14.400140,1.361111,9.000000,0.676471
0.111111,0.378426,2.030303,20.812274,1.926667,25.000000,0.670000
0.058824,0.050000,1.942857,17.913019,1.757576,22.000000,0.660194
0.058824,0.181969,1.454545,6.438581,1.705882,17.000000,0.592593
0.100000,0.378426,2.030303,20.812274,1.926667,25.000000,0.670000
0.100000,0.301891,1.700000,27.053324,1.711111,10.000000,0.629630
0.090909,0.007634,1.166667,23.596878,1.690909,11.000000,0.538462
0.083333,0.068101,1.869565,22.959043,2.120430,31.000000,0.651515
0.083333,0.875175,2.030303,20.812274,1.926667,25.000000,0.670000
0.125000,0.798043,1.914286,21.601668,1.926667,25.000000,0.656863
0.125000,0.756505,1.666667,22.497811,1.464286,8.000000,0.625000
0.062500,0.177347,2.600000,22.649315,1.775000,16.000000,0.722222
0.062500,0.199678,2.600000,22.649315,1.775000,16.000000,0.722222
0.095238,0.251744,1.942857,18.522011,1.757576,22.000000,0.660194
0.090909,0.007634,1.166667,23.596878,1.690909,11.000000,0.538462
0.090909,0.543416,1.166667,21.470236,1.690909,11.000000,0.538462
0.090909,0.152773,3.000000,19.012575,1.802198,14.000000,0.750000
0.166667,0.081967,2.333333,18.511504,1.600000,6.000000,0.700000
0.166667,0.235223,2.300000,22.700728,1.787879,12.000000,0.696970
0.090909,0.543416,1.166667,21.470236,1.690909,11.000000,0.538462
0.090909,0.008673,3.000000,19.012575,1.802198,14.000000,0.750000
0.125000,0.937115,2.666667,20.935016,1.464286,8.000000,0.727273
0.166667,0.077160,1.937500,25.070831,1.724638,24.000000,0.659574
0.058824,0.043019,2.142857,24.582113,1.757353,17.000000,0.681818
0.080000,0.143082,1.844444,18.464927,1.849003,27.000000,0.648438
0.125000,0.128205,1.545455,19.572381,1.392857,8.000000,0.607143
0.058824,0.083504,2.142857,24.582113,1.757353,17.000000,0.681818
0.125000,0.339881,16.000000,24.273599,1.464286,8.000000,0.941176
0.125000,0.084082,1.470588,16.057122,1.820513,13.000000,0.595238
0.076923,0.005031,1.920000,23.951677,2.111742,33.000000,0.657534
0.076923,0.084082,1.470588,16.057122,1.820513,13.000000,0.595238
0.125000,0.029992,1.844444,17.915088,1.849003,27.000000,0.648438
0.090909,0.393336,1.444444,17.256097,1.912088,14.000000,0.590909
0.090909,0.449111,1.888889,14.658885,1.763636,11.000000,0.653846
0.090909,0.313331,1.638889,19.211666,1.814286,21.000000,0.621053
0.090909,0.034181,2.800000,19.643882,1.490909,11.000000,0.736842
0.100000,0.219340,1.238095,22.771766,1.666667,12.000000,0.553191
0.052632,0.035549,1.540541,8.909835,1.725146,19.000000,0.606383
0.052632,0.793096,1.638889,19.211666,1.814286,21.000000,0.621053
0.100000,0.837885,3.000000,21.199941,2.089127,34.000000,0.750000
0.045455,0.534777,1.826087,22.502899,2.098851,30.000000,0.646154
0.045455,0.052508,2.000000,13.790597,1.757576,22.000000,0.666667
0.052632,0.305506,2.900000,24.660794,1.690058,19.000000,0.743590
0.052632,0.325076,7.875000,18.124489,1.861905,21.000000,0.887324
0.166667,0.777784,2.725000,21.888411,1.985222,29.000000,0.731544
0.142857,0.111111,6.000000,21.930467,1.476190,7.000000,0.857143
0.142857,0.639423,2.039216,23.943686,2.090909,34.000000,0.670968
0.166667,0.433757,2.600000,25.366901,1.692810,18.000000,0.722222
0.125000,0.501841,2.100000,20.940990,1.555556,10.000000,0.677419
0.076923,0.004785,2.727273,21.992776,1.615385,13.000000,0.731707
0.076923,1.000000,2.865385,19.399054,2.232119,39.000000,0.741294
0.083333,0.008850,3.111111,20.570783,1.575758,12.000000,0.756757
0.083333,1.000000,2.865385,19.399054,2.232119,39.000000,0.741294
0.090909,0.837924,1.924528,24.130724,1.809117,27.000000,0.658065
0.090909,0.003043,3.125000,18.398796,1.545455,11.000000,0.757576
0.125000,0.523447,3.250000,18.201247,1.607143,8.000000,0.764706
0.125000,0.829106,1.882353,17.703170,1.948052,22.000000,0.653061
0.055556,0.139871,2.000000,28.370112,1.751634,18.000000,0.666667
0.055556,0.015913,1.510638,15.031110,1.920290,24.000000,0.601695
0.055556,0.162106,2.000000,28.370112,1.751634,18.000000,0.666667
0.055556,0.015913,1.510638,15.031110,1.920290,24.000000,0.601695
0.166667,0.428659,2.000000,20.867378,1.466667,6.000000,0.666667
0.166667,0.232295,2.111111,11.385203,1.321429,8.000000,0.678571
0.045455,0.296997,2.172414,17.145912,1.978462,26.000000,0.684783
0.045455,0.052063,1.642857,16.324710,1.800866,22.000000,0.621622
0.250000,0.001253,1.875000,12.137543,1.952381,21.000000,0.652174
0.083333,0.098710,1.409091,18.716024,1.857143,15.000000,0.584906
0.083333,0.250000,2.100000,15.343128,1.742424,12.000000,0.677419
0.125000,0.999999,1.727273,14.872167,1.321429,8.000000,0.633333
0.125000,0.126510,1.066667,19.750940,1.908333,16.000000,0.516129
0.043478,0.270077,8.222222,18.928125,1.857708,23.000000,0.891566
0.043478,0.169061,4.300000,21.982263,1.679842,23.000000,0.811321
0.142857,0.015385,2.500000,18.372916,1.571429,7.000000,0.714286
0.142857,0.363060,7.090909,19.445457,1.786561,23.000000,0.876404
0.083333,0.745726,1.652174,19.932276,1.830000,25.000000,0.622951
0.083333,0.219373,1.694444,13.120114,1.736842,20.000000,0.628866
0.090909,0.745726,1.652174,19.932276,1.830000,25.000000,0.622951
0.090909,0.075954,1.250000,23.128003,1.666667,13.000000,0.555556
0.142857,0.203710,1.578947,8.939314,1.355556,10.000000,0.612245
0.100000,0.186380,2.272727,24.538058,1.751634,18.000000,0.694444
0.052632,0.196587,1.729167,19.583083,1.849003,27.000000,0.633588
0.052632,0.009861,1.540541,8.909835,1.725146,19.000000,0.606383
0.100000,0.070115,2.272727,24.538058,1.751634,18.000000,0.694444
0.250000,0.529412,2.500000,18.123012,1.166667,4.000000,0.714286
0.076923,0.429522,2.727273,21.992776,1.615385,13.000000,0.731707
0.076923,0.310897,1.777778,21.364203,1.842365,29.000000,0.640000
0.200000,0.743886,2.333333,12.433090,1.300000,5.000000,0.700000
0.041667,0.123741,5.533333,21.126403,1.782609,24.000000,0.846939
0.041667,0.058648,4.666667,22.078420,1.818462,26.000000,0.823529
0.045455,0.156536,1.533333,20.748871,1.800866,22.000000,0.605263
0.045455,0.164191,1.972973,19.086586,2.062069,30.000000,0.663636
0.076923,0.134549,1.833333,24.715840,1.602564,13.000000,0.647059
0.076923,0.164191,1.972973,19.086586,2.062069,30.000000,0.663636
0.200000,0.164191,1.972973,19.086586,2.062069,30.000000,0.663636
0.200000,0.100000,4.500000,23.252273,1.100000,5.000000,0.818182
0.041667,0.160216,2.000000,20.178762,1.995074,29.000000,0.666667
0.041667,0.216128,1.682927,13.702199,1.750000,24.000000,0.627273
0.142857,0.751016,4.000000,19.165142,1.666667,12.000000,0.800000
0.100000,0.503737,5.500000,21.421033,1.577778,10.000000,0.846154
0.100000,0.101223,1.409091,17.506666,1.857143,15.000000,0.584906
0.047619,0.102606,1.971429,22.354753,1.800866,22.000000,0.663462
0.047619,0.724159,1.725490,23.784874,1.834758,27.000000,0.633094
0.111111,0.468314,1.862069,23.930032,2.130159,36.000000,0.650602
0.111111,0.101223,1.409091,17.506666,1.857143,15.000000,0.584906
0.055556,0.071623,1.566667,20.721498,1.732026,18.000000,0.610390
0.055556,0.724159,1.725490,23.784874,1.834758,27.000000,0.633094
0.090909,0.039717,2.055556,23.684634,1.844758,32.000000,0.672727
0.090909,0.011836,3.800000,24.137591,1.638095,21.000000,0.791667
0.090909,0.179395,4.523810,21.922281,1.702899,24.000000,0.818966
0.142857,0.452442,2.100000,20.102141,1.742424,12.000000,0.677419
0.083333,0.889554,3.111111,16.767002,1.666667,12.000000,0.756757
0.038462,0.124514,6.066667,20.369297,1.830769,26.000000,0.858491
0.058824,0.492889,1.366667,21.522592,1.742647,17.000000,0.577465
0.125000,0.248012,3.000000,10.027049,1.642857,8.000000,0.750000
0.047619,0.032787,1.651163,23.516618,1.752381,21.000000,0.622807
0.166667,0.638796,2.000000,9.469942,1.500000,8.000000,0.666667
0.200000,0.012333,2.055556,23.684634,1.844758,32.000000,0.672727
0.125000,0.327692,3.500000,21.020838,1.500000,8.000000,0.777778
0.125000,0.574790,1.923077,16.425762,1.466667,10.000000,0.657895
0.095238,0.474864,1.682927,13.702199,1.750000,24.000000,0.627273
0.250000,0.672067,1.500000,9.994280,1.772727,12.000000,0.600000
0.076923,0.399216,2.200000,22.460833,1.602564,13.000000,0.687500
0.181818,0.863003,5.750000,20.624420,1.178571,8.000000,0.851852
0.181818,0.491422,2.464286,20.923453,1.932806,23.000000,0.711340
0.047619,0.484078,4.454545,22.439921,1.818462,26.000000,0.816667
0.047619,0.425751,1.651163,23.516618,1.752381,21.000000,0.622807
0.200000,0.204406,3.600000,30.000000,1.555556,9.000000,0.782609
0.200000,0.705763,1.750000,11.314321,1.300000,5.000000,0.636364
0.071429,0.269325,2.000000,21.713168,1.802198,14.000000,0.666667
0.071429,0.660024,2.250000,22.385104,1.776190,21.000000,0.692308
0.142857,0.115914,6.066667,20.369297,1.830769,26.000000,0.858491
0.200000,0.202226,3.600000,30.000000,1.555556,9.000000,0.782609
0.200000,0.705763,1.750000,11.314321,1.300000,5.000000,0.636364
0.200000,0.486131,2.000000,13.659819,1.571429,8.000000,0.666667
0.200000,0.182660,2.576923,23.932257,1.770563,22.000000,0.720430
0.200000,0.239385,1.636364,21.199562,1.583333,9.000000,0.620690
0.125000,0.686041,1.795918,25.719352,1.834758,27.000000,0.642336
0.045455,0.464210,1.750000,20.952114,1.761905,22.000000,0.636364
0.045455,0.686041,1.795918,25.719352,1.834758,27.000000,0.642336
0.166667,0.722313,1.666667,23.012522,1.333333,6.000000,0.625000
0.166667,0.014217,4.769231,19.976696,1.747619,21.000000,0.826667
0.050000,0.281858,2.250000,28.942688,1.731579,20.000000,0.692308
0.050000,1.000000,1.682927,13.702199,1.750000,24.000000,0.627273
0.037037,0.029776,2.365854,19.256924,2.121622,37.000000,0.702899
0.037037,1.000000,1.975610,18.494848,1.769231,27.000000,0.663934
0.050000,0.238297,2.250000,28.942688,1.731579,20.000000,0.692308
0.050000,1.000000,1.682927,13.702199,1.750000,24.000000,0.627273
0.045455,0.054809,2.093750,23.567443,1.770563,22.000000,0.676768
0.045455,1.000000,1.682927,13.702199,1.750000,24.000000,0.627273
0.250000,0.576413,1.777778,18.689888,1.464286,8.000000,0.640000
0.066667,0.114634,2.142857,22.425706,1.855914,31.000000,0.681818
0.142857,0.347770,1.547619,24.286303,1.948052,22.000000,0.607477
0.071429,0.588928,1.794872,29.569530,1.723810,21.000000,0.642202
0.071429,0.020408,1.633333,25.362137,1.857471,30.000000,0.620253
0.142857,0.094571,1.727273,25.178360,1.849673,18.000000,0.633333
0.071429,0.617443,1.794872,29.569530,1.723810,21.000000,0.642202
0.100000,0.071429,1.875000,16.830370,1.666667,10.000000,0.652174
0.071429,0.000311,1.310345,22.637286,1.783333,16.000000,0.567164
0.071429,1.000000,1.600000,22.693792,1.626374,14.000000,0.615385
0.200000,0.151229,3.500000,25.327078,1.607143,8.000000,0.777778
0.125000,0.501715,1.750000,24.224676,1.857471,30.000000,0.636364
0.041667,0.284891,2.653846,21.445450,1.804348,24.000000,0.726316
0.041667,0.501715,1.750000,24.224676,1.857471,30.000000,0.636364
0.142857,0.357356,2.173913,25.160717,1.751634,18.000000,0.684932
0.090909,0.094900,2.407407,25.079509,2.279279,37.000000,0.706522
0.090909,0.041533,1.411765,24.354190,1.618182,11.000000,0.585366
0.090909,0.119788,1.500000,23.494336,1.618182,11.000000,0.600000
0.090909,0.303482,2.477273,22.256966,2.093117,39.000000,0.712418
0.142857,0.164009,2.173913,25.160717,1.751634,18.000000,0.684932
0.076923,0.063978,1.619048,17.801177,1.602564,13.000000,0.618182
0.200000,0.189210,1.375000,26.318676,1.714286,14.000000,0.578947
0.083333,0.194685,1.310345,22.637286,1.783333,16.000000,0.567164
0.083333,0.244092,1.511628,24.610964,1.948052,22.000000,0.601852
0.052632,0.028979,2.058824,23.496236,2.000000,24.000000,0.673077
0.052632,0.138592,1.400000,8.066658,1.801170,19.000000,0.583333
0.090909,0.194685,1.310345,22.637286,1.783333,16.000000,0.567164
0.090909,0.047864,3.666667,27.084348,1.672727,11.000000,0.785714
0.200000,0.632653,2.333333,11.858186,1.300000,5.000000,0.700000
0.200000,1.000000,1.562500,14.507192,1.756410,13.000000,0.609756
0.125000,1.000000,1.714286,17.574429,1.654545,11.000000,0.631579
0.125000,1.000000,1.500000,9.994280,1.772727,12.000000,0.600000
0.066667,0.144508,1.844444,17.915088,1.849003,27.000000,0.648438
0.142857,0.930051,1.750000,24.118548,1.333333,7.000000,0.636364
0.033333,0.295124,2.386364,20.680128,2.103841,38.000000,0.704698
0.047619,0.355645,1.538462,9.634090,1.795238,21.000000,0.606061
0.047619,0.246050,1.891892,24.468664,2.000000,24.000000,0.654206
0.050000,0.631014,1.547619,24.286303,1.948052,22.000000,0.607477
0.050000,0.143862,3.500000,22.840594,1.705263,20.000000,0.777778
0.111111,0.291946,2.964286,23.749632,2.018519,28.000000,0.747748
0.111111,0.073171,2.166667,20.954794,1.743590,13.000000,0.684211
0.100000,0.297158,2.333333,22.040331,1.600000,10.000000,0.700000
0.100000,0.097816,1.687500,23.501094,1.703297,14.000000,0.627907
0.100000,1.000000,1.384615,12.647403,1.897059,17.000000,0.580645
0.083333,0.936602,2.700000,20.429739,1.727273,12.000000,0.729730
0.052632,0.308108,2.363636,20.393792,1.830409,19.000000,0.702703
0.153846,0.711486,2.407407,25.079509,2.279279,37.000000,0.706522
0.153846,0.577834,2.500000,26.474461,1.638889,9.000000,0.714286
0.153846,0.020742,1.533333,28.041753,1.619048,15.000000,0.605263
0.153846,0.945689,4.000000,18.623803,2.010989,14.000000,0.800000
0.153846,0.026535,1.533333,28.041753,1.619048,15.000000,0.605263
0.153846,0.945689,4.000000,18.623803,2.010989,14.000000,0.800000
0.153846,0.734491,2.407407,25.079509,2.279279,37.000000,0.706522
0.153846,0.577834,2.500000,26.474461,1.638889,9.000000,0.714286
0.153846,0.548704,2.500000,25.166971,1.638889,9.000000,0.714286
0.153846,0.367285,1.777778,22.530260,1.575758,12.000000,0.640000
0.153846,0.061185,1.533333,28.041753,1.619048,15.000000,0.605263
0.153846,0.945689,4.000000,18.623803,2.010989,14.000000,0.800000
0.250000,0.851253,4.500000,24.117318,1.555556,9.000000,0.818182
0.200000,0.415836,1.800000,23.876310,1.509091,11.000000,0.642857
0.200000,0.056604,1.750000,24.631272,1.300000,5.000000,0.636364
0.125000,0.218248,2.000000,28.528253,1.285714,8.000000,0.666667
0.125000,0.415836,1.800000,23.876310,1.509091,11.000000,0.642857
0.250000,0.861512,4.500000,24.117318,1.555556,9.000000,0.818182
0.200000,0.000000,1.777778,28.449673,1.589744,13.000000,0.640000
0.200000,0.021898,1.785714,27.273360,1.636364,11.000000,0.641026
0.045455,0.678115,2.000000,25.066100,2.029557,29.000000,0.666667
0.045455,0.070502,2.428571,26.210921,1.922078,22.000000,0.708333
0.200000,0.620976,2.500000,18.406375,1.305556,9.000000,0.714286
0.200000,0.381625,1.952381,25.461387,1.500000,13.000000,0.661290
0.250000,0.287030,3.000000,14.721849,1.000000,4.000000,0.750000
0.250000,0.554105,1.750000,20.060160,1.761905,22.000000,0.636364
0.076923,0.839966,2.964286,24.358020,2.018519,28.000000,0.747748
0.076923,0.364903,2.166667,20.954794,1.743590,13.000000,0.684211
0.200000,0.689290,1.800000,24.819159,1.400000,6.000000,0.642857
0.200000,0.794017,2.653846,21.445450,1.804348,24.000000,0.726316
0.166667,0.164422,2.000000,26.512607,1.533333,10.000000,0.666667
0.166667,0.514480,2.000000,28.543757,1.814229,23.000000,0.666667
0.090909,0.329344,3.142857,26.056258,1.714286,22.000000,0.758621
0.090909,0.048046,2.961538,24.834152,1.923913,24.000000,0.747573
0.083333,0.444080,2.947368,25.632700,1.705263,20.000000,0.746667
0.083333,0.719460,1.550000,19.167271,1.606061,12.000000,0.607843
0.125000,0.991831,1.785714,18.503622,1.466667,10.000000,0.641026
0.125000,0.327638,1.181818,21.815476,1.642857,8.000000,0.541667
0.071429,0.999469,1.533333,27.376157,1.619048,15.000000,0.605263
0.071429,0.432654,1.533333,27.376157,1.619048,15.000000,0.605263
0.076923,0.872737,2.407407,25.079509,2.279279,37.000000,0.706522
0.076923,0.001904,1.375000,26.676781,1.714286,14.000000,0.578947
0.076923,0.871836,2.407407,25.079509,2.279279,37.000000,0.706522
0.076923,0.001904,1.375000,26.676781,1.714286,14.000000,0.578947
0.071429,0.443486,1.533333,27.376157,1.619048,15.000000,0.605263
0.071429,0.999455,1.533333,28.041753,1.619048,15.000000,0.605263
0.071429,0.192785,1.111111,20.245024,1.991342,22.000000,0.526316
0.100000,0.871836,2.407407,25.079509,2.279279,37.000000,0.706522
0.100000,0.371926,2.181818,25.921759,1.533333,10.000000,0.685714
0.071429,0.436018,1.533333,28.041753,1.619048,15.000000,0.605263
0.071429,0.192785,1.111111,20.245024,1.991342,22.000000,0.526316
0.076923,0.999117,1.538462,22.017514,1.626374,14.000000,0.606061
0.076923,0.163823,1.500000,25.885718,1.695238,15.000000,0.600000
0.071429,0.400256,1.533333,28.041753,1.619048,15.000000,0.605263
0.071429,0.192785,1.111111,20.245024,1.991342,22.000000,0.526316
0.100000,0.872737,2.407407,25.079509,2.279279,37.000000,0.706522
0.100000,0.371926,2.181818,25.921759,1.533333,10.000000,0.685714
0.125000,0.051180,2.000000,26.232017,1.500000,8.000000,0.666667
0.058824,1.000000,1.727273,16.356340,1.921569,18.000000,0.633333
0.111111,1.000000,2.263158,12.869709,2.052419,32.000000,0.693548
0.111111,0.104401,2.100000,21.663508,1.416667,9.000000,0.677419
0.142857,0.261084,1.488889,18.351378,1.810277,23.000000,0.598214
0.166667,1.000000,2.263158,13.594842,2.052419,32.000000,0.693548
0.166667,0.252204,2.600000,27.117120,1.934066,14.000000,0.722222
0.142857,0.011117,2.774194,26.629362,1.846154,27.000000,0.735043
0.142857,0.538498,1.571429,19.212269,1.476190,7.000000,0.611111
0.166667,0.052827,2.600000,27.117120,1.934066,14.000000,0.722222
0.071429,0.087922,3.115385,28.061203,1.763333,25.000000,0.757009
0.222222,0.009206,13.000000,14.434365,1.571429,8.000000,0.928571
0.222222,0.549373,4.000000,20.276154,1.666667,12.000000,0.800000
0.083333,0.925871,5.090909,22.953815,1.841270,28.000000,0.835821
0.058824,0.878873,4.241379,26.914909,1.722222,28.000000,0.809211
0.071429,0.000000,5.888889,23.938174,1.653595,18.000000,0.854839
0.071429,0.019800,3.380000,24.730650,2.077551,50.000000,0.771689
0.250000,0.939717,4.794872,25.942718,1.941970,39.000000,0.827434
0.062500,0.404640,2.473684,22.093255,1.725000,16.000000,0.712121
0.062500,0.942681,4.921053,25.759790,1.941970,39.000000,0.831111
0.125000,0.561693,1.411765,24.354190,1.618182,11.000000,0.585366
0.125000,0.898073,4.481481,26.405206,1.866667,30.000000,0.817568
0.066667,0.941811,5.027778,26.102302,1.921764,38.000000,0.834101
0.066667,0.333333,2.384615,16.121832,1.933333,15.000000,0.704545
0.166667,0.388072,3.363636,22.503886,1.647619,15.000000,0.770833
0.066667,0.390162,1.382353,25.916916,1.861905,21.000000,0.580247
0.066667,0.769072,1.555556,22.984205,1.733333,15.000000,0.608696
0.066667,0.412121,3.181818,25.067011,1.896104,22.000000,0.760870
0.066667,0.064705,1.266667,21.391747,1.964427,23.000000,0.558824
0.142857,0.187162,2.636364,21.242064,1.958333,16.000000,0.725000
0.100000,0.100577,1.400000,21.178383,1.577778,10.000000,0.583333
0.142857,0.186637,1.288889,26.894998,1.992754,24.000000,0.563107
0.142857,1.000000,1.666667,12.668211,1.523810,7.000000,0.625000
0.071429,0.204301,1.222222,23.971382,1.758242,14.000000,0.550000
0.071429,0.204301,1.222222,23.971382,1.758242,14.000000,0.550000
0.071429,0.156648,3.204082,25.302871,2.080674,48.000000,0.762136
0.045455,0.126239,1.944444,24.166578,2.000000,24.000000,0.660377
0.045455,0.287894,1.111111,20.245024,1.991342,22.000000,0.526316
0.043478,0.165959,2.162162,25.100285,2.039886,27.000000,0.683761
0.043478,0.025815,1.488889,18.926527,1.810277,23.000000,0.598214
0.100000,0.360726,2.571429,25.293392,2.066502,29.000000,0.720000
0.125000,0.043478,1.200000,19.945707,1.642857,8.000000,0.545455
0.125000,0.592644,4.714286,21.975538,2.298462,26.000000,0.825000
0.038462,0.595105,4.714286,21.179193,2.298462,26.000000,0.825000
0.038462,0.118007,2.843750,26.320161,1.874384,29.000000,0.739837
0.071429,0.415014,1.894737,23.932938,1.735294,17.000000,0.654545
0.071429,0.359959,4.833333,20.190497,1.824176,14.000000,0.828571
0.076923,0.437813,1.458333,24.325063,1.900000,16.000000,0.593220
0.076923,0.703240,1.631579,25.592061,1.809524,15.000000,0.620000
0.125000,0.032754,1.375000,26.448373,1.996923,26.000000,0.578947
0.125000,1.000000,1.750000,13.970731,1.500000,8.000000,0.636364
0.083333,0.069640,2.171875,25.344628,1.834993,38.000000,0.684729
0.083333,1.000000,1.562500,18.651941,1.681818,12.000000,0.609756
0.055556,0.263920,1.538462,22.905811,1.947712,18.000000,0.606061
0.055556,0.047729,2.866667,26.910401,2.090980,51.000000,0.741379
0.055556,0.263920,1.538462,22.905811,1.947712,18.000000,0.606061
0.071429,0.434859,2.200000,24.081554,1.758242,14.000000,0.687500
0.071429,0.636454,1.850000,25.176572,1.783333,16.000000,0.649123
0.125000,1.000000,1.714286,14.893721,1.654545,11.000000,0.631579
0.125000,0.620628,1.777778,21.042683,1.833333,16.000000,0.640000
0.200000,1.000000,7.000000,18.278166,1.300000,5.000000,0.875000
0.200000,0.810327,4.666667,24.557699,1.607143,8.000000,0.823529
0.031250,0.078673,3.216216,24.952666,2.058974,40.000000,0.762821
0.166667,0.026263,1.655172,24.341781,1.886700,29.000000,0.623377
0.125000,0.057143,1.714286,25.727266,1.466667,10.000000,0.631579
0.071429,0.585186,5.285714,24.631236,1.615385,14.000000,0.840909
0.071429,0.748200,1.468750,24.153400,1.861905,21.000000,0.594937
0.100000,0.662164,1.456522,20.526130,1.810277,23.000000,0.592920
0.100000,0.761797,1.600000,24.967102,1.886700,29.000000,0.615385
0.071429,0.482582,4.000000,24.331337,1.604396,14.000000,0.800000
0.071429,0.595056,4.416667,25.661141,1.679739,18.000000,0.815385
0.076923,0.134624,1.681818,22.685788,1.525641,13.000000,0.627119
0.076923,0.382635,3.533333,28.421998,1.679739,18.000000,0.779412
0.166667,0.980702,2.285714,26.141516,1.238095,7.000000,0.695652
0.200000,0.007299,7.000000,22.075054,1.300000,5.000000,0.875000
0.200000,0.275400,1.296296,23.198778,1.725275,14.000000,0.564516
0.125000,1.000000,1.666667,6.297446,1.464286,8.000000,0.625000
0.076923,0.006711,1.684211,28.547643,1.714286,14.000000,0.627451
0.076923,0.367586,3.375000,22.688764,1.987179,13.000000,0.771429
0.111111,0.655348,3.166667,20.294865,1.527778,9.000000,0.760000
0.111111,0.380497,2.133333,26.361451,1.714286,14.000000,0.680851
0.250000,0.285623,1.384615,13.769577,1.644444,10.000000,0.580645
0.111111,0.350405,3.200000,19.146242,1.611111,9.000000,0.761905
0.111111,0.005270,1.530612,27.230170,1.907692,26.000000,0.604839
0.066667,0.309492,2.823529,20.348889,1.982684,22.000000,0.738462
0.066667,0.065895,2.400000,24.910637,1.714286,15.000000,0.705882
0.071429,0.337073,1.942857,28.645381,1.814229,23.000000,0.660194
0.250000,0.517121,4.263158,20.682737,1.763333,25.000000,0.810000
0.071429,0.402164,2.076923,19.827240,1.703297,14.000000,0.675000
0.076923,0.761575,9.666667,25.973009,1.794872,13.000000,0.906250
0.076923,0.382162,2.384615,16.121832,1.933333,15.000000,0.704545
0.142857,0.140685,2.527273,26.269190,1.869132,38.000000,0.716495
0.052632,0.360838,1.566667,22.810736,1.905263,20.000000,0.610390
0.052632,0.673661,2.090909,17.597330,1.801170,19.000000,0.676471
0.052632,0.673661,2.090909,17.597330,1.801170,19.000000,0.676471
0.052632,0.231467,1.254237,17.525969,1.935385,26.000000,0.556391
0.200000,0.227792,1.517241,20.051420,1.894737,19.000000,0.602740
0.200000,0.490063,4.000000,27.784216,1.200000,5.000000,0.800000
0.125000,0.287134,1.538462,27.668959,1.705882,17.000000,0.606061
0.200000,0.003007,2.000000,24.911173,1.941176,17.000000,0.666667
0.125000,0.091073,2.350000,25.309406,1.871345,19.000000,0.701493
0.062500,0.083308,2.125000,24.432993,1.941176,17.000000,0.680000
0.250000,0.135626,1.750000,25.844336,1.708333,16.000000,0.636364
0.166667,0.066146,3.352941,27.684895,2.080000,50.000000,0.770270
0.200000,0.125677,1.400000,19.638194,1.654545,11.000000,0.583333
0.200000,0.428885,1.258065,22.772385,2.002646,28.000000,0.557143
0.166667,0.222524,1.833333,14.944017,1.266667,6.000000,0.647059
0.166667,0.898660,3.176471,24.324978,1.705882,17.000000,0.760563
0.076923,0.833554,2.473684,22.093255,1.725000,16.000000,0.712121
0.076923,0.513750,3.875000,24.431657,1.602564,13.000000,0.794872
0.058824,0.008438,2.750000,26.929679,1.802956,29.000000,0.733333
0.200000,0.265263,3.500000,24.097059,1.300000,5.000000,0.777778
0.200000,0.142804,1.392857,22.304462,1.841667,16.000000,0.582090
0.058824,0.361708,2.047619,23.521401,1.882759,30.000000,0.671875
0.214286,0.516785,1.355556,15.584758,1.818182,22.000000,0.575472
0.214286,0.169348,2.000000,22.726264,1.743590,13.000000,0.666667
0.058824,0.259629,1.375000,26.448373,1.996923,26.000000,0.578947
0.043478,0.050685,1.750000,28.791667,1.713768,24.000000,0.636364
0.166667,0.008197,6.000000,27.440060,1.200000,6.000000,0.857143
0.125000,1.000000,2.125000,23.766479,1.638889,9.000000,0.680000
0.071429,0.177983,2.133333,25.680255,1.714286,14.000000,0.680851
0.090909,0.761262,1.254237,14.970255,1.935385,26.000000,0.556391
0.166667,1.000000,1.058824,19.776840,1.583333,9.000000,0.514286
0.083333,0.886433,1.409091,23.020214,1.560606,12.000000,0.584906
0.083333,0.908692,2.555556,27.223667,1.800403,32.000000,0.718750
0.166667,0.342880,1.470588,23.781613,1.654545,11.000000,0.595238
0.166667,0.746091,4.500000,27.147425,1.466667,6.000000,0.818182
0.111111,1.000000,1.058824,19.776840,1.583333,9.000000,0.514286
0.111111,0.161290,2.038462,6.093615,1.904762,21.000000,0.670886
0.035714,0.006931,2.250000,21.958985,2.018519,28.000000,0.692308
0.035714,0.590758,1.380952,21.656204,2.004598,30.000000,0.580000
0.052632,0.277722,1.483871,24.958852,1.771930,19.000000,0.597403
0.052632,0.505529,1.476190,22.319723,2.000000,31.000000,0.596154
0.040000,0.146339,2.096774,24.753707,1.839339,37.000000,0.677083
0.090909,0.490455,1.923077,13.207902,1.545455,11.000000,0.657895
0.045455,0.072808,3.111111,23.963352,1.861472,22.000000,0.756757
0.045455,0.454752,1.507937,22.808759,2.018145,32.000000,0.601266
0.083333,0.773062,1.258065,22.772385,2.002646,28.000000,0.557143
0.076923,0.006061,1.478261,25.496850,1.653846,13.000000,0.596491
0.125000,0.666978,2.950000,24.251863,1.763158,20.000000,0.746835
0.125000,0.195876,2.166667,26.181624,1.607143,8.000000,0.684211
0.125000,0.666978,2.950000,24.251863,1.763158,20.000000,0.746835
0.125000,0.082969,2.166667,26.181624,1.607143,8.000000,0.684211
0.058824,0.619939,2.250000,21.958985,2.018519,28.000000,0.692308
0.058824,0.232986,1.375000,27.252514,1.888889,18.000000,0.578947
0.200000,0.054242,2.000000,24.292827,1.575758,12.000000,0.666667
0.142857,0.619939,2.250000,21.958985,2.018519,28.000000,0.692308
0.142857,0.716879,5.500000,29.605859,1.523810,7.000000,0.846154
0.200000,0.144254,1.500000,24.426613,1.583333,9.000000,0.600000
0.066667,0.221389,2.000000,9.828784,1.676190,15.000000,0.666667
0.066667,0.326363,1.281250,27.453092,1.808824,17.000000,0.561644
0.133333,0.764896,2.947368,24.318813,1.861472,22.000000,0.746667
0.111111,0.012195,2.400000,27.582856,1.904762,42.000000,0.705882
0.111111,1.000000,1.555556,19.625892,1.694444,9.000000,0.608696
0.076923,0.063116,1.491525,26.460111,1.965517,30.000000,0.598639
0.125000,0.978002,3.521739,26.025840,1.763333,25.000000,0.778846
0.062500,0.331173,2.050000,26.745269,1.708333,16.000000,0.672131
0.062500,1.000000,1.590909,18.255705,1.965812,27.000000,0.614035
0.250000,0.133787,2.555556,25.259417,2.029101,28.000000,0.718750
0.100000,0.114371,2.438596,26.726260,1.869132,38.000000,0.709184
0.100000,0.116711,1.636364,13.048692,1.644444,10.000000,0.620690
0.142857,0.763722,1.750000,24.080895,1.333333,7.000000,0.636364
0.166667,1.000000,1.428571,12.663162,1.690909,11.000000,0.588235
0.166667,0.452890,2.200000,29.501232,1.266667,6.000000,0.687500
0.062500,0.331173,2.050000,26.745269,1.708333,16.000000,0.672131
0.062500,0.449121,1.590909,18.255705,1.965812,27.000000,0.614035
0.055556,0.207039,2.136364,26.791669,1.745098,18.000000,0.681159
0.055556,0.133787,2.555556,25.259417,2.029101,28.000000,0.718750
0.166667,0.162812,3.250000,21.866297,1.830409,19.000000,0.764706
0.038462,1.000000,1.590909,18.255705,1.965812,27.000000,0.614035
0.142857,0.175813,2.828571,26.919838,1.864368,30.000000,0.738806
0.100000,0.568000,3.500000,20.947630,1.866667,10.000000,0.777778
0.038462,0.376039,1.590909,18.255705,1.965812,27.000000,0.614035
0.040000,0.435129,2.433333,26.913636,1.863333,25.000000,0.708738
0.055556,0.268005,1.393939,26.724950,1.823529,18.000000,0.582278
0.055556,0.258694,1.892857,12.389029,1.904762,21.000000,0.654321
0.166667,0.095161,1.750000,30.000000,1.533333,6.000000,0.636364
0.166667,0.169173,1.281250,27.453092,1.808824,17.000000,0.561644
0.166667,0.169173,1.281250,27.453092,1.808824,17.000000,0.561644
0.166667,0.167096,1.750000,30.000000,1.533333,6.000000,0.636364
0.083333,0.115265,3.142857,28.657853,2.072941,51.000000,0.758621
0.166667,1.000000,1.750000,30.000000,1.533333,6.000000,0.636364
0.166667,0.169173,1.281250,27.453092,1.808824,17.000000,0.561644
0.125000,1.000000,1.428571,19.087183,1.690909,11.000000,0.588235
0.166667,0.538374,2.038462,6.093615,1.904762,21.000000,0.670886
0.166667,0.760518,2.000000,16.834743,1.533333,6.000000,0.666667
0.083333,0.011067,2.400000,29.214603,1.604396,14.000000,0.705882
0.166667,0.538374,2.038462,6.093615,1.904762,21.000000,0.670886
0.166667,0.169173,1.281250,27.453092,1.808824,17.000000,0.561644
0.250000,0.161109,1.857143,30.000000,1.607143,8.000000,0.650000
0.250000,0.136564,1.857143,30.000000,1.607143,8.000000,0.650000
0.050000,0.102454,1.590909,18.255705,1.965812,27.000000,0.614035
0.050000,0.114554,3.538462,23.556695,2.005263,20.000000,0.779661
0.166667,0.401979,1.555556,19.625892,1.694444,9.000000,0.608696
0.100000,0.102454,1.590909,18.255705,1.965812,27.000000,0.614035
0.100000,0.773520,2.416667,23.484978,1.355556,10.000000,0.707317
0.142857,0.199338,1.972973,20.683128,1.861538,26.000000,0.663636
0.050000,0.191020,1.590909,18.255705,1.965812,27.000000,0.614035
0.050000,0.114554,3.538462,23.556695,2.005263,20.000000,0.779661
0.142857,1.000000,1.972973,20.683128,1.861538,26.000000,0.663636
0.250000,0.759398,2.500000,20.109805,1.166667,4.000000,0.714286
0.250000,0.790500,4.500000,25.487604,1.466667,6.000000,0.818182
0.166667,0.232495,1.800000,29.119343,1.400000,6.000000,0.642857
0.250000,0.257181,2.000000,18.861543,1.333333,7.000000,0.666667
0.100000,0.191020,1.590909,18.255705,1.965812,27.000000,0.614035
0.100000,0.773520,2.416667,23.484978,1.355556,10.000000,0.707317
0.066667,0.097357,3.177419,26.948904,2.078571,56.000000,0.760618
0.250000,1.000000,1.578947,17.703249,1.802198,14.000000,0.612245
0.200000,0.577921,3.500000,22.959088,1.300000,5.000000,0.777778
0.166667,1.000000,1.578947,17.703249,1.802198,14.000000,0.612245
0.166667,0.021097,2.750000,27.679446,1.266667,6.000000,0.733333
0.055556,0.171344,1.150000,24.015483,1.869281,18.000000,0.534884
0.055556,0.223794,2.489362,26.932254,1.898396,34.000000,0.713415
0.166667,0.773590,1.411765,24.689811,1.690909,11.000000,0.585366
0.166667,0.035714,2.142857,16.185485,1.000000,6.000000,0.681818
0.055556,0.295274,1.411765,26.022724,1.877193,19.000000,0.585366
0.055556,0.171344,1.150000,24.015483,1.869281,18.000000,0.534884
0.100000,0.323659,2.400000,24.744162,1.870130,22.000000,0.705882
0.100000,0.369775,1.588235,25.139341,1.809524,21.000000,0.613636
0.055556,0.198625,2.500000,26.265314,1.804348,24.000000,0.714286
0.055556,0.171344,1.150000,24.015483,1.869281,18.000000,0.534884
0.058824,0.127243,2.150000,23.877770,1.683824,17.000000,0.682540
0.058824,0.575934,1.514286,14.647532,1.732026,18.000000,0.602273
0.071429,0.270179,1.434783,28.433255,1.725275,14.000000,0.589286
0.071429,0.132058,2.955882,27.073174,2.078321,57.000000,0.747212
0.076923,0.517933,1.950000,21.789033,1.704762,15.000000,0.661017
0.076923,0.133739,1.785714,12.156451,1.679487,13.000000,0.641026
0.166667,0.086957,2.142857,21.497615,1.615385,13.000000,0.681818
0.100000,0.375770,1.390244,25.265548,1.964427,23.000000,0.581633
0.166667,0.300712,1.640000,21.544092,1.833333,16.000000,0.621212
0.166667,0.271503,3.500000,5.830586,1.066667,6.000000,0.777778
0.166667,0.217342,2.875000,21.388717,1.709091,11.000000,0.741935
0.166667,0.225902,2.200000,29.183434,1.266667,6.000000,0.687500
0.071429,0.546336,2.384615,21.601999,1.933333,15.000000,0.704545
0.153846,0.416241,2.365854,19.256924,2.121622,37.000000,0.702899
0.142857,0.058345,1.491525,25.622533,1.965517,30.000000,0.598639
0.166667,0.174732,2.111111,23.769514,1.527778,9.000000,0.678571
0.166667,0.017751,1.800000,29.689104,1.400000,6.000000,0.642857
0.047619,0.512426,1.111111,20.245024,1.991342,22.000000,0.526316
0.055556,0.607780,2.266667,27.013106,1.814229,23.000000,0.693878
0.083333,0.136111,3.333333,23.922963,1.636364,12.000000,0.769231
0.111111,0.809605,3.500000,19.579920,1.472222,9.000000,0.777778
0.090909,0.508886,1.315789,27.493320,1.581818,11.000000,0.568182
0.250000,0.034889,2.000000,26.403081,1.582418,14.000000,0.666667
0.125000,0.118579,1.785714,20.650534,1.712121,12.000000,0.641026
0.142857,0.864887,2.714286,22.592011,1.644444,10.000000,0.730769
0.166667,0.080667,2.142857,24.642479,1.705882,18.000000,0.681818
0.166667,0.118058,1.666667,16.779875,1.726316,20.000000,0.625000
0.166667,0.155201,1.290323,26.296923,1.980392,18.000000,0.563380
0.200000,0.075472,2.333333,26.988856,1.300000,5.000000,0.700000
0.111111,0.491568,1.653846,25.461850,2.157895,19.000000,0.623188
0.111111,0.008850,1.687500,20.687017,1.250000,9.000000,0.627907
0.066667,0.127022,1.150000,24.940799,1.869281,18.000000,0.534884
0.111111,0.414922,1.653846,25.461850,2.157895,19.000000,0.623188
0.111111,0.008850,1.687500,20.687017,1.250000,9.000000,0.627907
0.166667,0.003861,2.500000,27.428839,1.736842,20.000000,0.714286
0.090909,0.720567,1.571429,25.064968,1.709091,11.000000,0.611111
0.090909,0.005650,1.562500,27.817103,1.651515,12.000000,0.609756
0.200000,0.108571,1.444444,30.000000,1.607143,8.000000,0.590909
0.090909,0.707109,1.571429,25.064968,1.709091,11.000000,0.611111
0.090909,0.005650,1.562500,27.817103,1.651515,12.000000,0.609756
0.200000,0.230921,1.444444,30.000000,1.607143,8.000000,0.590909
0.066667,0.372027,1.947368,20.738009,1.691667,16.000000,0.660714
0.066667,0.251031,1.607143,26.778106,1.676190,15.000000,0.616438
0.200000,0.004292,2.666667,25.630116,1.200000,5.000000,0.727273
0.166667,0.008130,1.571429,26.368149,2.184211,20.000000,0.611111
0.166667,0.011628,1.571429,26.368149,2.184211,20.000000,0.611111
0.166667,0.408405,1.526316,23.222533,1.666667,13.000000,0.604167
0.250000,0.002573,2.892857,25.130423,2.011494,30.000000,0.743119
0.142857,0.008681,2.285714,25.857143,1.238095,7.000000,0.695652
0.142857,0.767119,1.333333,24.197602,1.681818,12.000000,0.571429
0.250000,0.590323,1.483871,24.958852,1.771930,19.000000,0.597403
0.142857,0.112520,2.823529,24.113117,1.982684,22.000000,0.738462
0.111111,0.004970,2.904762,24.151132,2.015385,26.000000,0.743902
0.125000,0.025282,3.100000,25.753257,1.879121,14.000000,0.756098
0.083333,0.444759,2.642857,16.483446,1.647619,15.000000,0.725490
0.083333,0.492105,1.318182,26.322082,1.590909,12.000000,0.568627
0.250000,0.929773,2.833333,30.000000,1.527778,9.000000,0.739130
0.125000,0.044831,1.636364,16.507063,1.357143,8.000000,0.620690
0.125000,0.314007,1.827586,22.658600,1.888889,19.000000,0.646341
0.111111,0.390994,1.571429,26.368149,2.184211,20.000000,0.611111
0.111111,0.097744,1.928571,22.310830,1.250000,9.000000,0.658537
0.090909,0.433497,1.517241,28.603550,2.184211,20.000000,0.602740
0.090909,0.342976,1.517241,28.603550,2.184211,20.000000,0.602740
0.111111,0.290743,1.571429,26.368149,2.184211,20.000000,0.611111
0.111111,0.097744,1.928571,22.310830,1.250000,9.000000,0.658537
0.200000,0.372213,2.333333,28.274337,1.300000,5.000000,0.700000
0.166667,0.497277,1.769231,25.031692,1.581818,11.000000,0.638889
0.090909,0.241371,1.756757,15.524822,1.726316,20.000000,0.637255
0.090909,0.778477,2.250000,23.964221,1.705882,18.000000,0.692308
0.125000,0.942130,1.200000,19.945707,1.642857,8.000000,0.545455
0.125000,0.539607,2.333333,23.691591,1.571429,8.000000,0.700000
0.250000,0.146298,4.085714,25.871216,1.967073,41.000000,0.803371
0.200000,0.447209,3.000000,26.340721,1.666667,7.000000,0.750000
0.095238,0.481756,3.250000,27.611486,1.898396,34.000000,0.764706
0.090909,0.240791,3.500000,26.159125,1.490909,11.000000,0.777778
0.071429,0.177377,1.588235,24.084412,2.055556,36.000000,0.613636
0.083333,0.133333,2.500000,14.779372,1.757576,12.000000,0.714286
0.083333,0.781044,1.645161,27.321142,1.764706,18.000000,0.621951
0.200000,0.003922,1.666667,30.000000,1.555556,10.000000,0.625000
0.166667,1.000000,1.666667,7.304643,1.333333,6.000000,0.625000
0.166667,0.309973,2.125000,14.553226,1.622222,10.000000,0.680000
0.125000,0.373654,1.571429,19.847062,1.607143,8.000000,0.611111
0.125000,0.090404,2.500000,28.529574,1.736842,20.000000,0.714286
0.125000,0.373654,1.571429,19.847062,1.607143,8.000000,0.611111
0.125000,0.469101,2.800000,25.811719,1.666667,16.000000,0.736842
0.166667,0.152778,1.400000,25.005564,1.736264,14.000000,0.583333
0.153846,0.022400,2.187500,27.169457,1.589744,13.000000,0.686275
0.153846,0.467730,1.640000,21.544092,1.833333,16.000000,0.621212
0.153846,0.467730,1.640000,21.544092,1.833333,16.000000,0.621212
0.153846,0.022400,2.187500,27.169457,1.589744,13.000000,0.686275
0.052632,0.072530,4.000000,26.086994,1.968961,39.000000,0.800000
0.052632,0.051149,1.204545,26.349466,1.842105,19.000000,0.546392
0.052632,0.051149,1.204545,26.349466,1.842105,19.000000,0.546392
0.052632,0.064728,1.812500,26.571656,1.900433,22.000000,0.644444
0.166667,1.000000,3.500000,17.823993,1.571429,8.000000,0.777778
0.125000,1.000000,1.666667,6.297446,1.464286,8.000000,0.625000
0.052632,0.163995,2.750000,27.046364,2.017045,33.000000,0.733333
0.052632,0.051149,1.204545,26.349466,1.842105,19.000000,0.546392
0.142857,0.465252,3.000000,26.565724,1.428571,7.000000,0.750000
0.142857,0.283250,2.181818,23.429116,1.794872,13.000000,0.685714
0.076923,0.299972,1.677419,17.796428,1.885714,21.000000,0.626506
0.076923,0.283250,2.181818,23.429116,1.794872,13.000000,0.685714
0.142857,0.407658,1.111111,20.245024,1.991342,22.000000,0.526316
0.125000,0.204713,2.000000,28.107773,1.428571,8.000000,0.666667
0.142857,0.256607,2.000000,27.316866,1.238095,7.000000,0.666667
0.142857,0.580818,2.714286,20.344457,1.763636,11.000000,0.730769
0.142857,1.000000,1.666667,16.519682,1.523810,7.000000,0.625000
0.100000,0.382077,1.666667,27.261949,1.555556,10.000000,0.625000
0.090909,0.123442,3.500000,25.899915,2.049872,69.000000,0.777778
0.090909,0.119709,3.833333,27.272727,1.690909,11.000000,0.793103
0.090909,0.123442,3.500000,25.899915,2.049872,69.000000,0.777778
0.090909,0.127704,3.833333,27.272727,1.690909,11.000000,0.793103
0.090909,0.043627,1.854545,28.866129,1.680000,25.000000,0.649682
0.166667,0.156769,1.571429,30.000000,1.266667,6.000000,0.611111
0.125000,0.151910,1.777778,25.267587,1.428571,8.000000,0.640000
0.125000,0.589632,2.777778,10.373859,1.757576,12.000000,0.735294
0.142857,0.526101,1.379310,24.778028,1.980392,18.000000,0.579710
0.083333,0.191753,1.529412,28.149937,2.164502,22.000000,0.604651
0.083333,0.089189,1.529412,28.149937,2.164502,22.000000,0.604651
0.090909,0.239239,1.479452,27.689765,2.055556,36.000000,0.596685
0.166667,0.302327,1.733333,25.711999,1.743590,13.000000,0.634146
0.250000,0.206350,3.333333,23.922963,1.636364,12.000000,0.769231
0.090909,0.138258,2.375000,23.954897,1.763636,11.000000,0.703704
0.285714,1.000000,1.571429,25.714286,1.476190,7.000000,0.611111
0.285714,0.039500,2.366667,28.460622,1.735931,22.000000,0.702970
0.142857,0.315486,3.000000,23.518318,1.428571,7.000000,0.750000
0.200000,0.672137,3.250000,24.409834,1.647619,15.000000,0.764706
0.111111,0.312451,1.718750,29.728232,1.725146,19.000000,0.632184
0.090909,0.019888,1.387097,28.467647,1.801471,17.000000,0.581081
0.090909,0.019888,1.387097,28.467647,1.801471,17.000000,0.581081
0.090909,0.048035,2.407407,26.501244,1.607843,18.000000,0.706522
0.071429,0.006369,2.052632,28.942953,1.571429,14.000000,0.672414
0.050000,0.156918,1.733333,30.000000,2.164502,22.000000,0.634146
0.111111,0.000000,1.545455,30.000000,1.527778,9.000000,0.607143
0.050000,0.128163,1.733333,30.000000,2.164502,22.000000,0.634146
0.142857,0.452496,1.625000,22.445368,1.380952,7.000000,0.619048
0.111111,0.025293,1.823529,19.839475,1.436364,11.000000,0.645833
0.125000,0.418910,2.000000,26.804858,1.795238,21.000000,0.666667
0.062500,0.615542,2.819672,27.220739,2.090980,51.000000,0.738197
0.050000,0.145873,3.538462,23.556695,2.005263,20.000000,0.779661
0.071429,0.268347,2.400000,24.910637,1.714286,15.000000,0.705882
0.062500,0.318380,1.322581,25.136540,1.708333,16.000000,0.569444
0.066667,0.153329,1.521127,27.299400,2.055556,36.000000,0.603352
0.066667,0.250850,1.666667,26.672512,1.779412,17.000000,0.625000
0.058824,0.203489,2.291667,27.037015,1.732026,18.000000,0.696203
0.058824,0.568185,1.387097,28.123337,1.801471,17.000000,0.581081
0.142857,0.568185,1.387097,28.123337,1.801471,17.000000,0.581081
0.142857,0.699775,1.666667,30.000000,1.523810,7.000000,0.625000
0.058824,0.568185,1.387097,28.123337,1.801471,17.000000,0.581081
0.058824,0.203489,2.291667,27.037015,1.732026,18.000000,0.696203
0.142857,0.699775,1.666667,30.000000,1.523810,7.000000,0.625000
0.142857,0.568185,1.387097,28.123337,1.801471,17.000000,0.581081
0.125000,0.058051,1.777778,23.025497,1.428571,8.000000,0.640000
0.125000,0.761994,1.260870,27.310190,1.590909,12.000000,0.557692
0.250000,0.468988,2.714286,23.077141,1.577778,10.000000,0.730769
0.200000,0.288925,1.558824,18.803508,1.922078,22.000000,0.609195
0.200000,0.602635,1.483871,29.156627,1.746667,25.000000,0.597403
0.062500,0.000000,1.904762,28.088281,2.088235,17.000000,0.655738
0.062500,1.000000,1.466667,10.219023,1.716667,16.000000,0.594595
0.071429,0.263881,1.177778,27.234815,1.842105,19.000000,0.540816
0.142857,0.157882,1.576923,26.177163,1.658333,16.000000,0.611940
0.100000,0.955928,2.000000,20.585197,1.666667,10.000000,0.666667
0.100000,0.353780,1.833333,26.687154,1.511111,10.000000,0.647059
0.125000,0.071655,1.833333,24.742559,1.657143,15.000000,0.647059
0.125000,0.490271,1.210526,20.485154,1.636364,11.000000,0.547619
0.125000,0.490271,1.210526,20.485154,1.636364,11.000000,0.547619
0.125000,0.076092,2.142857,27.627541,1.910053,28.000000,0.681818
0.125000,0.071655,1.833333,24.742559,1.657143,15.000000,0.647059
0.125000,0.490271,1.210526,20.485154,1.636364,11.000000,0.547619
0.125000,0.490271,1.210526,20.485154,1.636364,11.000000,0.547619
0.125000,0.076092,2.142857,27.627541,1.910053,28.000000,0.681818
0.083333,0.706657,1.692308,24.574580,1.742424,12.000000,0.628571
0.083333,0.113149,2.291667,26.544308,1.725146,19.000000,0.696203
0.250000,0.219512,2.125000,25.043458,1.428571,8.000000,0.680000
0.250000,1.000000,2.000000,17.486476,1.333333,4.000000,0.666667
0.200000,0.206030,1.750000,29.993214,1.300000,5.000000,0.636364
0.200000,0.416794,1.343750,29.194186,1.801471,17.000000,0.573333
0.200000,0.186446,4.567568,28.551598,2.089732,47.000000,0.820388
0.200000,0.124067,4.567568,28.551598,2.089732,47.000000,0.820388
0.200000,0.416794,1.343750,29.194186,1.801471,17.000000,0.573333
0.083333,0.415114,2.062500,27.805377,1.685714,21.000000,0.673469
0.062500,0.548323,1.322581,25.136540,1.708333,16.000000,0.569444
0.062500,0.214301,1.869565,29.178964,1.641667,16.000000,0.651515
0.076923,0.094687,2.210526,26.540354,1.750000,17.000000,0.688525
0.062500,0.404632,1.782609,28.248438,1.800000,16.000000,0.640625
0.062500,1.000000,1.515152,12.984194,1.705882,17.000000,0.602410
0.076923,0.373054,3.421875,26.750364,2.073446,60.000000,0.773852
0.083333,0.613794,1.692308,26.988734,1.657143,15.000000,0.628571
0.083333,0.004184,1.227273,21.841298,1.636364,12.000000,0.551020
0.083333,0.004184,1.227273,21.841298,1.636364,12.000000,0.551020
0.083333,0.613794,1.692308,26.988734,1.657143,15.000000,0.628571
0.250000,0.717494,6.000000,27.322501,1.000000,4.000000,0.857143
0.250000,1.000000,1.666667,16.799366,1.752381,15.000000,0.625000
0.066667,0.305108,1.484848,30.000000,1.921053,20.000000,0.597561
0.066667,1.000000,1.666667,16.799366,1.752381,15.000000,0.625000
0.066667,0.305108,1.484848,30.000000,1.921053,20.000000,0.597561
0.066667,1.000000,1.666667,16.799366,1.752381,15.000000,0.625000
0.066667,0.069773,1.857143,25.881804,1.857708,23.000000,0.650000
0.066667,1.000000,1.666667,16.799366,1.752381,15.000000,0.625000
0.181818,1.000000,1.225806,27.377452,1.604396,14.000000,0.550725
0.111111,0.661349,2.000000,17.844523,1.820513,13.000000,0.666667
0.111111,0.645570,3.200000,22.647762,1.555556,9.000000,0.761905
0.250000,0.106239,1.571429,28.804066,1.703557,23.000000,0.611111
0.142857,0.470773,2.058824,26.269371,1.852941,17.000000,0.673077
0.142857,0.039301,1.727273,25.230454,1.321429,8.000000,0.633333
0.142857,0.470773,2.058824,26.269371,1.852941,17.000000,0.673077
0.142857,0.039301,1.727273,25.230454,1.321429,8.000000,0.633333
0.041667,0.312524,1.809524,26.328353,1.815217,24.000000,0.644068
0.041667,0.151401,1.782609,28.518470,2.028450,38.000000,0.640625
0.125000,0.207694,1.736842,19.027226,1.891667,16.000000,0.634615
0.076923,0.927563,1.857143,20.507660,1.883333,16.000000,0.650000
0.076923,0.166260,1.415094,27.629675,1.907692,26.000000,0.585938
0.090909,0.054541,1.275862,29.875642,1.790476,15.000000,0.560606
0.090909,0.234691,1.812500,27.284527,1.472727,11.000000,0.644444
0.083333,0.263940,3.117647,24.723592,2.574899,39.000000,0.757143
0.083333,0.137241,1.533333,19.466452,1.651515,12.000000,0.605263
0.083333,0.137241,1.533333,19.466452,1.651515,12.000000,0.605263
0.083333,0.127786,3.117647,24.723592,2.574899,39.000000,0.757143
0.083333,0.222292,1.676471,28.666667,1.890476,21.000000,0.626374
0.083333,0.137241,1.533333,19.466452,1.651515,12.000000,0.605263
0.083333,0.137241,1.533333,19.466452,1.651515,12.000000,0.605263
0.083333,0.222292,1.676471,28.666667,1.890476,21.000000,0.626374
0.166667,0.826994,1.600000,29.537104,1.555556,9.000000,0.615385
0.166667,0.488075,1.833333,28.301292,1.266667,6.000000,0.647059
0.111111,0.090314,1.888889,26.463431,1.666667,10.000000,0.653846
0.200000,0.423557,1.736842,19.027226,1.891667,16.000000,0.634615
0.111111,0.176387,1.500000,27.764721,1.659341,14.000000,0.600000
0.083333,0.204295,1.428571,18.901153,1.736264,14.000000,0.588235
0.083333,0.198970,1.529412,29.785379,2.164502,22.000000,0.604651
0.083333,0.419210,1.529412,29.785379,2.164502,22.000000,0.604651
0.083333,0.204295,1.428571,18.901153,1.736264,14.000000,0.588235
0.125000,0.096584,2.000000,26.616260,1.357143,8.000000,0.666667
0.125000,0.344213,3.642857,28.843979,2.259740,22.000000,0.784615
0.125000,0.096584,2.000000,26.616260,1.357143,8.000000,0.666667
0.125000,0.444229,3.642857,28.843979,2.259740,22.000000,0.784615
0.142857,0.021524,1.440000,29.425509,2.055556,36.000000,0.590164
0.062500,1.000000,1.481481,26.263918,1.716667,16.000000,0.597015
0.062500,0.145537,2.600000,27.947367,1.696667,25.000000,0.722222
0.125000,0.096584,2.000000,26.616260,1.357143,8.000000,0.666667
0.125000,0.325655,3.642857,28.843979,2.259740,22.000000,0.784615
0.062500,0.139535,2.600000,21.351926,1.600000,16.000000,0.722222
0.062500,0.717012,1.791667,23.753773,1.791667,16.000000,0.641791
0.050000,0.200278,1.857143,24.797985,1.857708,23.000000,0.650000
0.050000,0.339551,2.680000,23.287398,1.945652,24.000000,0.728261
0.125000,0.128242,1.857143,26.596415,1.857708,23.000000,0.650000
0.090909,0.665210,2.294118,27.553251,1.571429,14.000000,0.696429
0.071429,0.253914,3.090909,21.339167,2.597440,38.000000,0.755556
0.071429,0.911270,2.050000,20.236579,1.593407,14.000000,0.672131
0.125000,0.373516,1.857143,28.187696,1.535714,8.000000,0.650000
0.111111,0.326501,4.567568,29.069093,2.089732,47.000000,0.820388
0.111111,0.290468,4.567568,29.069093,2.089732,47.000000,0.820388
0.100000,0.014286,1.777778,20.617999,1.644444,10.000000,0.640000
0.100000,0.060786,2.448276,28.102784,1.735931,22.000000,0.710000
0.100000,0.014286,1.777778,20.617999,1.644444,10.000000,0.640000
0.100000,0.228598,1.909091,28.810178,1.666667,16.000000,0.656250
0.125000,0.336616,1.974359,28.857540,1.800725,24.000000,0.663793
0.076923,0.017177,2.673913,28.634831,2.098516,39.000000,0.727811
0.076923,0.431606,1.263158,22.370665,1.743590,13.000000,0.558140
0.200000,0.175406,2.054054,27.131268,1.873333,25.000000,0.672566
0.111111,0.605359,1.588235,27.717868,1.250000,9.000000,0.613636
0.111111,0.013453,1.583333,30.000000,1.677536,24.000000,0.612903
0.111111,0.037500,1.914286,28.015986,1.776667,25.000000,0.656863
0.111111,0.051644,1.500000,26.277610,1.727941,17.000000,0.600000
0.133333,0.517039,2.500000,27.028662,1.736842,20.000000,0.714286
0.133333,0.724870,1.869565,26.937574,1.628571,15.000000,0.651515
0.058824,0.153976,1.781250,26.616404,2.000000,19.000000,0.640449
0.058824,0.847619,5.363636,26.191124,1.684211,19.000000,0.842857
0.083333,0.021045,3.212121,30.000000,2.574899,39.000000,0.762590
0.083333,0.053578,1.533333,23.216605,1.651515,12.000000,0.605263
0.083333,0.059525,3.212121,30.000000,2.574899,39.000000,0.762590
0.083333,0.053578,1.533333,23.216605,1.651515,12.000000,0.605263
0.083333,0.171095,1.882353,29.564380,1.870130,22.000000,0.653061
0.083333,0.053578,1.533333,23.216605,1.651515,12.000000,0.605263
0.083333,0.053578,1.533333,23.216605,1.651515,12.000000,0.605263
0.083333,0.171095,1.882353,29.564380,1.870130,22.000000,0.653061
0.142857,0.333333,1.600000,21.630541,1.515152,12.000000,0.615385
0.076923,0.004444,1.736842,28.142404,1.615385,13.000000,0.634615
0.076923,0.259838,2.222222,27.232512,1.849754,29.000000,0.689655
0.076923,0.283007,1.705882,29.355094,1.679487,13.000000,0.630435
0.076923,0.258755,1.766667,20.980589,1.747619,21.000000,0.638554
0.100000,0.281504,1.896552,28.841145,1.738095,21.000000,0.654762
0.076923,0.004444,1.736842,28.142404,1.615385,13.000000,0.634615
0.076923,0.259838,2.222222,27.232512,1.849754,29.000000,0.689655
0.200000,0.259838,2.222222,27.232512,1.849754,29.000000,0.689655
0.200000,0.894823,2.250000,30.000000,1.100000,5.000000,0.692308
0.076923,0.223206,1.705882,29.355094,1.679487,13.000000,0.630435
0.076923,0.258755,1.766667,20.980589,1.747619,21.000000,0.638554
0.166667,0.343070,3.071429,29.841029,1.808333,16.000000,0.754386
0.166667,0.816843,3.071429,29.841029,1.808333,16.000000,0.754386
0.166667,0.585586,3.071429,29.841029,1.808333,16.000000,0.754386
0.166667,0.283800,3.913043,28.939186,2.128627,51.000000,0.796460
0.166667,0.219577,3.913043,28.939186,2.128627,51.000000,0.796460
0.066667,0.123012,2.864865,28.317669,2.574899,39.000000,0.741259
0.066667,0.454658,14.000000,24.260290,1.733333,15.000000,0.933333
0.066667,0.454658,14.000000,24.260290,1.733333,15.000000,0.933333
0.066667,0.084670,2.864865,28.317669,2.574899,39.000000,0.741259
0.090909,0.009091,1.818182,30.000000,1.636364,11.000000,0.645161
0.090909,0.421282,1.600000,27.325628,1.742857,15.000000,0.615385
0.024390,0.024884,3.304000,28.341844,1.998358,86.000000,0.767658
0.083333,0.473857,3.000000,26.759949,1.651515,12.000000,0.750000
0.076923,0.009091,1.736842,29.418164,1.615385,13.000000,0.634615
0.076923,0.421282,1.600000,27.325628,1.742857,15.000000,0.615385
0.076923,0.155255,1.969697,29.688244,1.607843,18.000000,0.663265
0.200000,1.000000,2.000000,29.686251,1.200000,5.000000,0.666667
0.200000,0.041538,2.680000,27.910054,2.138211,42.000000,0.728261
0.076923,0.009091,1.736842,29.418164,1.615385,13.000000,0.634615
0.076923,0.421282,1.600000,27.325628,1.742857,15.000000,0.615385
0.035714,0.459432,1.958333,26.590712,1.841270,28.000000,0.661972
0.125000,0.024919,3.398305,27.765309,1.984426,83.000000,0.772640
0.142857,0.789866,3.666667,15.302950,1.571429,7.000000,0.785714
0.125000,0.863911,2.555556,27.096389,1.800403,32.000000,0.718750
0.055556,0.340752,1.546875,27.310784,1.800000,26.000000,0.607362
0.055556,0.014349,1.960000,28.798191,1.692810,18.000000,0.662162
0.166667,0.470863,1.710526,16.158847,1.726316,20.000000,0.631068
0.166667,0.252773,1.585366,21.715077,1.726316,20.000000,0.613208
0.090909,0.312419,1.714286,23.553981,1.563636,11.000000,0.631579
0.090909,0.240430,1.577778,27.336227,1.723810,21.000000,0.612069
0.111111,0.004608,2.250000,30.000000,1.555556,9.000000,0.692308
0.090909,0.004608,1.611111,30.000000,1.472727,11.000000,0.617021
0.029412,0.013877,3.251969,28.567261,1.998358,86.000000,0.764815
0.263158,0.006452,1.705882,18.059515,1.725146,19.000000,0.630435
0.142857,0.469234,1.600000,29.935067,1.238095,7.000000,0.615385
0.142857,0.120587,2.035714,26.773229,1.780952,21.000000,0.670588
0.166667,0.109677,2.400000,24.662581,1.911765,17.000000,0.705882
0.111111,0.004608,1.750000,29.496745,1.416667,9.000000,0.636364
0.062500,0.111087,1.580645,26.887472,1.616667,16.000000,0.612500
0.083333,0.061900,3.000000,27.836711,1.789174,27.000000,0.750000
0.166667,0.177493,2.848485,27.805538,1.841270,28.000000,0.740157
0.200000,0.091105,2.255814,27.977181,1.889163,29.000000,0.692857
0.083333,0.033845,2.313725,27.060591,1.892045,33.000000,0.698225
0.100000,0.779140,1.750000,26.381067,1.766082,19.000000,0.636364
0.142857,0.249587,2.142857,30.000000,1.285714,7.000000,0.681818
0.125000,0.406128,2.142857,29.298549,1.464286,8.000000,0.681818
0.125000,1.000000,4.000000,28.304434,1.618182,11.000000,0.800000
0.142857,0.010158,1.196078,27.852112,1.823810,21.000000,0.544643
0.125000,0.211588,3.300000,27.856479,2.299145,27.000000,0.767442
0.125000,0.063245,3.300000,27.856479,2.299145,27.000000,0.767442
0.166667,0.684965,2.240000,25.402142,1.836257,19.000000,0.691358
0.125000,0.002854,3.300000,27.856479,2.299145,27.000000,0.767442
0.142857,0.558381,3.313725,25.002384,2.077551,50.000000,0.768182
0.200000,0.116254,1.828571,29.688907,1.870130,22.000000,0.646465
0.200000,0.116254,1.828571,29.688907,1.870130,22.000000,0.646465
0.100000,0.112396,1.471429,27.756897,1.710769,26.000000,0.595376
0.090909,0.018086,1.631579,30.000000,1.597403,22.000000,0.620000
0.166667,0.019524,2.360000,26.661246,1.892045,33.000000,0.702381
0.166667,0.144716,1.647059,26.322919,1.490909,11.000000,0.622222
0.285714,0.105353,2.000000,23.243035,1.571429,8.000000,0.666667
0.250000,0.596162,4.250000,25.236198,1.583333,9.000000,0.809524
0.090909,0.142062,2.562500,27.289160,1.888889,18.000000,0.719298
0.200000,0.402145,1.787879,28.473684,1.736842,19.000000,0.641304
0.250000,0.637343,4.250000,25.236198,1.583333,9.000000,0.809524
0.076923,0.760041,2.192982,27.047714,1.924370,35.000000,0.686813
0.038462,0.000000,1.844444,28.373917,1.904615,26.000000,0.648438
0.071429,0.654692,2.105263,26.884626,2.088235,17.000000,0.677966
0.038462,0.000000,1.844444,28.373917,1.904615,26.000000,0.648438
0.083333,0.282420,1.607143,19.412694,1.318182,12.000000,0.616438
0.083333,0.357791,1.440000,27.396799,1.753968,28.000000,0.590164
0.250000,0.166729,3.388889,29.680107,2.026939,50.000000,0.772152
0.250000,0.433616,3.388889,29.680107,2.026939,50.000000,0.772152
0.047619,0.016556,2.136364,22.877002,2.068548,32.000000,0.681159
0.047619,0.487595,2.040000,29.119492,1.823810,21.000000,0.671053
0.047619,0.016556,2.136364,22.877002,2.068548,32.000000,0.681159
0.047619,0.308985,2.040000,29.119492,1.823810,21.000000,0.671053
0.125000,0.330381,3.333333,21.863601,1.285714,8.000000,0.769231
0.111111,0.261128,2.000000,28.220276,1.636364,11.000000,0.666667
0.166667,0.310291,1.583333,30.000000,1.677536,24.000000,0.612903
0.250000,0.148120,3.666667,27.084348,1.672727,11.000000,0.785714
0.230769,0.766206,1.529412,28.149937,2.164502,22.000000,0.604651
0.071429,0.061498,1.888889,21.529139,1.915789,20.000000,0.653846
0.071429,0.366297,1.750000,28.947320,1.538462,14.000000,0.636364
0.230769,0.594939,1.529412,28.149937,2.164502,22.000000,0.604651
0.100000,0.716685,1.266667,24.271121,1.688889,10.000000,0.558824
0.100000,0.276681,3.428571,18.762333,1.511111,10.000000,0.774194
0.111111,0.269176,1.750000,29.183720,1.416667,9.000000,0.636364
0.111111,0.259430,1.657143,14.519637,1.725146,19.000000,0.623656
0.100000,0.716685,1.266667,24.271121,1.688889,10.000000,0.558824
0.100000,0.121071,2.700000,30.000000,2.046757,52.000000,0.729730
0.100000,0.716685,1.266667,24.271121,1.688889,10.000000,0.558824
0.100000,0.223974,2.700000,30.000000,2.046757,52.000000,0.729730
0.090909,0.903191,1.470588,23.781613,1.654545,11.000000,0.595238
0.083333,0.925578,1.562500,29.303918,1.604743,23.000000,0.609756
0.047619,0.810155,1.521739,27.413046,1.692308,26.000000,0.603448
0.047619,0.032968,1.434783,16.420816,1.723810,21.000000,0.589286
0.071429,0.982898,3.307692,27.581930,1.582418,14.000000,0.767857
0.071429,0.856226,1.645161,30.000000,1.680000,25.000000,0.621951
0.083333,0.867860,3.243243,26.900379,2.059908,63.000000,0.764331
0.083333,0.711352,3.222222,25.683772,1.606061,12.000000,0.763158
0.083333,0.000000,1.800000,26.112979,1.769231,13.000000,0.642857
0.028571,0.937845,3.470588,29.117297,1.998358,86.000000,0.776316
0.076923,0.161714,1.866667,28.843636,1.857143,21.000000,0.651163
0.076923,0.914492,3.336842,26.741389,2.058947,76.000000,0.769417
0.083333,0.867860,3.243243,26.900379,2.059908,63.000000,0.764331
0.083333,0.728126,3.222222,25.683772,1.606061,12.000000,0.763158
0.200000,0.698424,2.365854,19.256924,2.121622,37.000000,0.702899
0.200000,0.578787,4.500000,26.492247,1.100000,5.000000,0.818182
0.047619,0.035887,2.076923,23.197275,1.942857,21.000000,0.675000
0.047619,0.928437,3.226562,28.767687,1.998358,86.000000,0.763401
0.250000,0.923341,3.372093,28.465559,1.993871,89.000000,0.771277
0.071429,1.000000,2.142857,13.327952,1.725275,14.000000,0.681818
0.071429,0.934335,3.539683,27.684518,2.040612,92.000000,0.779720
0.111111,0.133365,2.200000,30.000000,1.388889,9.000000,0.687500
0.111111,0.944931,3.843750,26.720791,2.045769,82.000000,0.793548
0.047619,0.916269,3.330709,29.070849,1.995723,87.000000,0.769091
0.047619,0.080824,1.466667,14.710437,1.723810,21.000000,0.594595
0.076923,0.104292,1.450000,13.302071,1.743590,13.000000,0.591837
0.076923,0.932052,3.251969,28.637247,1.998358,86.000000,0.764815
0.250000,0.568494,2.000000,27.247204,1.333333,4.000000,0.666667
0.250000,0.936405,3.369748,28.074825,1.984426,83.000000,0.771154
0.090909,0.101701,4.764706,25.067693,1.923810,36.000000,0.826531
0.090909,0.818837,3.131579,25.202307,2.058974,40.000000,0.757962
0.076923,0.022624,1.208333,24.724429,1.725275,14.000000,0.547170
0.125000,0.008772,1.857143,30.000000,1.607143,8.000000,0.650000
0.034483,0.341907,1.647059,24.794035,1.950739,29.000000,0.622222
0.200000,1.000000,1.750000,30.000000,1.300000,5.000000,0.636364
0.058824,0.086323,2.045455,28.898502,1.720588,17.000000,0.671642
0.058824,0.086323,2.045455,28.898502,1.720588,17.000000,0.671642
0.166667,0.013333,3.666667,24.478342,1.266667,6.000000,0.785714
0.250000,0.109358,2.461538,24.401746,1.844156,22.000000,0.711111
0.071429,0.212469,2.200000,27.033584,1.659341,14.000000,0.687500
0.111111,0.084248,1.750000,29.835417,1.416667,9.000000,0.636364
0.111111,0.218355,1.729730,26.346045,1.726316,20.000000,0.633663
0.166667,0.345335,1.315789,27.187916,1.676471,17.000000,0.568182
0.071429,0.146960,1.214286,30.000000,1.670330,14.000000,0.548387
0.071429,0.399430,2.326923,26.459923,1.961345,35.000000,0.699422
0.166667,0.268175,3.888889,27.193074,1.615385,13.000000,0.795455
0.166667,0.505151,1.625000,26.169711,1.606061,12.000000,0.619048
0.076923,0.859632,1.518519,12.665958,1.923977,19.000000,0.602941
0.076923,0.150404,3.842105,27.932923,2.290640,29.000000,0.793478
0.076923,0.859632,1.518519,12.665958,1.923977,19.000000,0.602941
0.076923,0.173515,3.842105,27.932923,2.290640,29.000000,0.793478
0.076923,0.859632,1.518519,12.665958,1.923977,19.000000,0.602941
0.076923,0.271534,3.842105,27.932923,2.290640,29.000000,0.793478
0.071429,0.399430,2.326923,26.459923,1.961345,35.000000,0.699422
0.071429,0.146960,1.214286,30.000000,1.670330,14.000000,0.548387
0.111111,0.399430,2.326923,26.459923,1.961345,35.000000,0.699422
0.111111,0.008696,2.875000,25.240383,1.361111,9.000000,0.741935
0.111111,0.675073,2.325581,29.034278,1.920635,28.000000,0.699301
0.066667,0.332748,1.930233,28.134984,1.904615,26.000000,0.658730
0.066667,0.241229,1.183333,18.707782,1.910000,25.000000,0.541985
0.066667,0.332748,1.930233,28.134984,1.904615,26.000000,0.658730
0.111111,0.222293,2.181818,27.822422,1.466667,10.000000,0.685714
0.071429,0.229128,2.200000,26.920892,1.659341,14.000000,0.687500
0.166667,0.225614,2.642857,29.946011,2.354023,30.000000,0.725490
0.040000,0.241229,1.183333,18.707782,1.910000,25.000000,0.541985
0.040000,0.043701,2.735294,28.039922,1.923280,28.000000,0.732283
0.166667,0.135165,2.642857,29.946011,2.354023,30.000000,0.725490
0.090909,0.707180,2.339623,27.735143,1.887701,34.000000,0.700565
0.166667,0.173726,2.642857,29.946011,2.354023,30.000000,0.725490
0.047619,0.233502,1.865385,27.031514,2.028226,32.000000,0.651007
0.047619,0.004292,1.700000,30.000000,1.823810,21.000000,0.629630
0.040000,0.241229,1.183333,18.707782,1.910000,25.000000,0.541985
0.040000,0.043701,2.735294,28.039922,1.923280,28.000000,0.732283
0.047619,0.233502,1.865385,27.031514,2.028226,32.000000,0.651007
0.047619,0.004292,1.700000,30.000000,1.823810,21.000000,0.629630
0.166667,0.829147,1.774194,30.000000,1.732026,18.000000,0.639535
0.071429,0.379314,1.067797,26.550218,1.842857,21.000000,0.516393
0.111111,0.793434,1.615385,26.666667,1.416667,9.000000,0.617647
0.111111,1.000000,2.666667,29.209775,1.716667,16.000000,0.727273
0.111111,0.840826,2.000000,27.572287,1.444444,9.000000,0.666667
0.083333,0.058456,1.750000,29.643191,1.538462,14.000000,0.636364
0.142857,0.810728,2.400000,9.029294,1.476190,7.000000,0.705882
0.181818,0.758984,3.111111,21.202347,1.575758,12.000000,0.756757
0.142857,0.468530,3.090909,21.339167,2.597440,38.000000,0.755556
0.142857,0.392254,1.923077,15.954001,1.952381,22.000000,0.657895
0.071429,0.023697,1.482759,23.223625,1.990805,30.000000,0.597222
0.090909,0.185504,2.090909,18.976519,1.581818,11.000000,0.676471
0.166667,0.976220,1.571429,19.865623,1.266667,6.000000,0.611111
0.062500,0.025970,2.333333,27.199350,1.826211,27.000000,0.700000
0.062500,0.033757,2.347826,27.673263,1.625000,16.000000,0.701299
0.090909,0.347115,1.642857,27.831566,1.581818,11.000000,0.621622
0.090909,0.170334,1.750000,17.773785,2.030303,22.000000,0.636364
0.142857,0.890622,2.052632,13.409731,1.771930,19.000000,0.672414
0.142857,0.206897,2.000000,24.497443,1.333333,7.000000,0.666667
0.250000,0.238633,5.000000,25.863695,1.464286,8.000000,0.833333
0.214286,0.139113,2.500000,28.286934,1.859649,19.000000,0.714286
0.076923,0.323968,1.736842,29.742030,1.615385,13.000000,0.634615
0.076923,0.181828,1.485714,28.031376,1.713235,17.000000,0.597701
0.090909,0.693980,1.227273,21.841298,1.636364,12.000000,0.551020
0.090909,0.235833,2.255814,26.798287,1.889163,29.000000,0.692857
0.214286,0.341083,2.500000,28.286934,1.859649,19.000000,0.714286
0.076923,0.181828,1.485714,28.031376,1.713235,17.000000,0.597701
0.076923,0.323968,1.736842,29.742030,1.615385,13.000000,0.634615
0.214286,0.139113,2.500000,28.286934,1.859649,19.000000,0.714286
0.090909,0.235833,2.255814,26.798287,1.889163,29.000000,0.692857
0.090909,0.693980,1.227273,21.841298,1.636364,12.000000,0.551020
0.250000,0.081055,1.153846,23.436731,1.835165,14.000000,0.535714
0.250000,0.544841,2.500000,27.954354,1.166667,4.000000,0.714286
0.250000,0.413945,2.500000,29.886367,1.166667,4.000000,0.714286
0.250000,0.453609,1.894737,26.040763,1.800000,15.000000,0.654545
0.052632,0.170430,1.346154,25.804707,2.057143,35.000000,0.573770
0.058824,0.027392,1.666667,25.473718,1.901478,29.000000,0.625000
0.058824,0.004367,2.045455,30.000000,1.720588,17.000000,0.671642
0.076923,0.171902,3.500000,27.709760,1.615385,13.000000,0.777778
0.052632,0.460257,2.583333,29.511315,1.923280,28.000000,0.720930
0.066667,0.208629,2.045455,28.999569,1.720588,17.000000,0.671642
0.052632,0.460257,2.583333,29.511315,1.923280,28.000000,0.720930
0.066667,0.208629,2.045455,28.999569,1.720588,17.000000,0.671642
0.034483,0.056651,1.515152,26.257820,1.941532,32.000000,0.602410
0.034483,0.027392,1.666667,25.473718,1.901478,29.000000,0.625000
0.058824,0.027392,1.666667,25.473718,1.901478,29.000000,0.625000
0.058824,0.004367,2.045455,30.000000,1.720588,17.000000,0.671642
0.250000,1.000000,1.666667,25.473718,1.901478,29.000000,0.625000
0.250000,0.027392,1.666667,25.473718,1.901478,29.000000,0.625000
0.062500,0.038961,2.533333,22.731519,1.733333,16.000000,0.716981
0.062500,0.027392,1.666667,25.473718,1.901478,29.000000,0.625000
0.037037,0.484729,0.901235,25.025407,1.991453,27.000000,0.474026
0.037037,0.027392,1.666667,25.473718,1.901478,29.000000,0.625000
0.037037,1.000000,1.666667,25.473718,1.901478,29.000000,0.625000
0.037037,0.484729,0.901235,25.025407,1.991453,27.000000,0.474026
0.066667,0.116429,2.428571,15.922732,1.723810,15.000000,0.708333
0.034483,1.000000,1.666667,25.473718,1.901478,29.000000,0.625000
0.034483,0.056651,1.515152,26.257820,1.941532,32.000000,0.602410
0.111111,0.213325,1.485714,28.261410,1.713235,17.000000,0.597701
0.222222,0.961137,1.266667,24.271121,1.688889,10.000000,0.558824
0.222222,0.492784,4.666667,26.997823,1.500000,8.000000,0.823529
0.111111,0.532660,2.500000,23.742012,1.745455,11.000000,0.714286
0.090909,0.625019,2.627907,29.016535,2.096096,37.000000,0.724359
0.090909,0.341247,1.785714,9.438418,1.696970,12.000000,0.641026
0.055556,0.301086,1.586207,30.000000,1.771242,18.000000,0.613333
0.055556,0.102066,1.536585,29.350302,1.631579,19.000000,0.605769
0.066667,0.582972,1.482759,24.848135,1.628571,15.000000,0.597222
0.066667,0.382533,2.200000,28.827283,1.725146,19.000000,0.687500
0.083333,0.550882,1.450000,28.336951,1.666667,13.000000,0.591837
0.083333,0.582972,1.482759,24.848135,1.628571,15.000000,0.597222
0.058824,0.152198,1.435897,29.428652,1.617647,17.000000,0.589474
0.058824,0.420039,2.217391,26.762379,1.823810,21.000000,0.689189
0.055556,0.301086,1.586207,30.000000,1.771242,18.000000,0.613333
0.055556,0.102066,1.536585,29.350302,1.631579,19.000000,0.605769
0.037037,0.009223,2.088889,24.428751,2.068548,32.000000,0.676259
0.037037,0.069048,1.596154,23.165401,1.962963,28.000000,0.614815
0.200000,0.007287,2.273810,29.884438,2.061684,53.000000,0.694545
0.125000,0.069048,1.596154,23.165401,1.962963,28.000000,0.614815
0.043478,0.310647,1.879310,26.516237,2.072269,35.000000,0.652695
0.043478,0.260474,1.866667,28.919555,1.873518,23.000000,0.651163
0.200000,0.007287,2.273810,29.884438,2.061684,53.000000,0.694545
0.043478,0.138759,1.866667,28.919555,1.873518,23.000000,0.651163
0.043478,0.310647,1.879310,26.516237,2.072269,35.000000,0.652695
0.166667,1.000000,2.000000,20.308573,1.466667,6.000000,0.666667
0.166667,0.949586,4.500000,23.757427,1.527778,9.000000,0.818182
0.100000,0.300563,1.600000,29.331981,1.644444,10.000000,0.615385
0.100000,0.583592,2.115385,27.986974,1.690058,19.000000,0.679012
0.066667,0.160370,1.392857,28.170052,1.725000,16.000000,0.582090
0.066667,0.569620,2.362069,26.221016,1.950450,37.000000,0.702564
0.090909,1.000000,4.242424,27.524848,1.925134,34.000000,0.809249
0.066667,0.160370,1.392857,28.170052,1.725000,16.000000,0.582090
0.066667,0.569620,2.362069,26.221016,1.950450,37.000000,0.702564
0.250000,1.000000,1.542857,28.370621,1.727941,17.000000,0.606742
0.111111,0.280866,2.555556,27.655646,1.361111,9.000000,0.718750
0.111111,0.569620,2.362069,26.221016,1.950450,37.000000,0.702564
0.125000,0.128525,1.625000,29.875308,1.607143,8.000000,0.619048
0.125000,1.000000,3.380952,28.262547,1.944538,35.000000,0.771739
0.200000,0.575250,3.090909,21.339167,2.597440,38.000000,0.755556
0.166667,0.029349,1.518519,19.004084,1.698529,17.000000,0.602941
0.025000,0.060472,1.719512,26.121156,1.819231,40.000000,0.632287
0.025000,0.018831,1.361702,26.901855,2.121951,41.000000,0.576577
0.200000,0.228029,1.879310,26.516237,2.072269,35.000000,0.652695
0.250000,0.018831,1.361702,26.901855,2.121951,41.000000,0.576577
0.030303,0.027500,1.719512,27.012275,1.819231,40.000000,0.632287
0.030303,0.329179,3.541667,24.114282,2.386364,33.000000,0.779817
0.031250,0.484728,2.833333,30.000000,2.352823,32.000000,0.739130
0.031250,0.006393,3.015625,21.694109,2.388990,58.000000,0.750973
0.166667,0.057690,1.621622,21.611071,1.726316,20.000000,0.618557
0.166667,0.629227,2.250000,30.000000,1.400000,6.000000,0.692308
0.166667,0.029149,1.950820,26.201518,2.078078,37.000000,0.661111
0.166667,0.014085,2.666667,19.659922,1.466667,6.000000,0.727273
0.125000,0.117241,1.625000,30.000000,1.607143,8.000000,0.619048
0.111111,0.000000,1.800000,28.293373,1.500000,9.000000,0.642857
0.031250,0.006393,3.015625,21.694109,2.388990,58.000000,0.750973
0.031250,0.484728,2.833333,30.000000,2.352823,32.000000,0.739130
0.031250,0.200604,2.833333,30.000000,2.352823,32.000000,0.739130
0.031250,0.006393,3.015625,21.694109,2.388990,58.000000,0.750973
0.166667,0.057690,1.621622,21.611071,1.726316,20.000000,0.618557
0.166667,0.629227,2.250000,30.000000,1.400000,6.000000,0.692308
0.125000,0.082030,1.533333,28.229160,1.719048,21.000000,0.605263
0.125000,0.067730,2.058824,24.293346,1.666667,15.000000,0.673077
0.125000,0.406510,3.500000,27.805477,1.615385,13.000000,0.777778
0.076923,0.095100,2.923077,26.964796,1.512821,13.000000,0.745098
0.142857,0.743186,2.409091,28.662500,1.810458,18.000000,0.706667
0.058824,0.533236,3.913043,28.939186,2.128627,51.000000,0.796460
0.058824,0.058668,3.000000,30.000000,1.845588,17.000000,0.750000
0.142857,0.189189,2.300000,20.804696,1.488889,10.000000,0.696970
0.058824,0.011100,3.000000,30.000000,1.845588,17.000000,0.750000
0.058824,0.591132,3.913043,28.939186,2.128627,51.000000,0.796460
0.058824,0.533236,3.913043,28.939186,2.128627,51.000000,0.796460
0.058824,0.011100,3.000000,30.000000,1.845588,17.000000,0.750000
0.125000,0.153586,2.714286,28.475400,1.321429,8.000000,0.730769
0.142857,0.273334,2.409091,28.662500,1.810458,18.000000,0.706667
0.058824,0.123761,3.000000,30.000000,1.845588,17.000000,0.750000
0.058824,0.591132,3.913043,28.939186,2.128627,51.000000,0.796460
0.058824,0.533236,3.913043,28.939186,2.128627,51.000000,0.796460
0.058824,0.123761,3.000000,30.000000,1.845588,17.000000,0.750000
0.142857,0.743186,2.409091,28.662500,1.810458,18.000000,0.706667
0.142857,0.239015,3.894737,23.703796,2.288177,29.000000,0.795699
0.058824,0.058668,3.000000,30.000000,1.845588,17.000000,0.750000
0.058824,0.591132,3.913043,28.939186,2.128627,51.000000,0.796460
0.100000,0.116065,2.000000,27.649634,1.644444,10.000000,0.666667
0.142857,0.194028,2.400000,29.012449,1.428571,7.000000,0.705882
0.090909,0.774177,2.111111,28.435699,1.654545,11.000000,0.678571
0.071429,0.134714,1.941176,29.153067,1.659341,14.000000,0.660000
0.166667,0.000000,1.960000,28.313845,1.691176,17.000000,0.662162
0.166667,0.005587,0.979381,27.641624,1.978495,31.000000,0.494792
0.030303,0.005327,1.400000,28.272622,2.067476,39.000000,0.583333
0.300000,0.474933,2.083333,26.902252,1.444444,10.000000,0.675676
0.071429,0.264886,2.117647,26.438101,1.659341,14.000000,0.679245
0.080000,0.345757,1.482759,23.223625,1.990805,30.000000,0.597222
0.052632,0.113088,1.692308,24.017768,1.783626,19.000000,0.628571
0.052632,0.263019,1.303571,27.777742,1.858696,24.000000,0.565891
0.083333,0.020632,1.529412,26.814156,1.651515,12.000000,0.604651
0.120000,0.615602,2.217391,26.762379,1.823810,21.000000,0.689189
0.100000,0.004149,2.000000,28.830445,1.733333,10.000000,0.666667
0.100000,0.262115,2.437500,29.754706,1.626374,14.000000,0.709091
0.142857,0.963469,1.196078,27.852112,1.823810,21.000000,0.544643
0.125000,0.578088,3.214286,27.030130,1.538462,14.000000,0.762712
0.125000,0.239569,1.293333,25.129065,2.074866,34.000000,0.563953
0.047619,0.682436,1.482759,23.223625,1.990805,30.000000,0.597222
0.047619,0.930104,1.177419,27.252930,1.858696,24.000000,0.540741
0.125000,0.965820,1.150943,28.883280,1.823810,21.000000,0.535088
0.033333,0.742200,1.293333,25.129065,2.074866,34.000000,0.563953
0.033333,0.219213,2.945946,28.500654,1.818391,30.000000,0.746575
0.090909,0.492812,2.500000,24.278470,1.690909,11.000000,0.714286
0.090909,0.742200,1.293333,25.129065,2.074866,34.000000,0.563953
0.031250,0.655267,1.280000,28.195829,2.107317,41.000000,0.561404
0.031250,0.024984,4.047619,25.590975,2.332661,32.000000,0.801887
0.066667,0.810925,2.923077,27.201963,1.986772,28.000000,0.745098
0.066667,0.237827,1.812500,25.146304,1.866667,15.000000,0.644444
0.071429,0.562657,1.615385,25.323493,1.950739,29.000000,0.617647
0.083333,0.742200,1.293333,25.129065,2.074866,34.000000,0.563953
0.083333,0.499361,1.700000,27.743802,1.484848,12.000000,0.629630
0.090909,0.533176,1.551020,21.393100,1.968254,28.000000,0.608000
0.090909,0.687491,3.625000,28.171538,1.636364,12.000000,0.783784
0.024390,0.602912,1.287037,27.675304,2.140592,44.000000,0.562753
0.024390,0.066849,1.714286,28.137429,1.824390,41.000000,0.631579
0.125000,0.587525,1.426829,26.978274,2.083926,38.000000,0.587940
0.166667,0.742200,1.293333,25.129065,2.074866,34.000000,0.563953
0.066667,0.361570,2.533333,19.115328,1.704762,15.000000,0.716981
0.066667,0.187439,1.571429,23.522955,1.676471,17.000000,0.611111
0.250000,0.602912,1.287037,27.675304,2.140592,44.000000,0.562753
0.066667,0.774841,2.923077,27.201963,1.986772,28.000000,0.745098
0.066667,0.237827,1.812500,25.146304,1.866667,15.000000,0.644444
0.058824,0.004149,3.585366,28.398571,1.887395,35.000000,0.781915
0.076923,0.004149,2.916667,29.809103,1.615385,13.000000,0.744681
0.058824,0.004149,3.585366,28.398571,1.887395,35.000000,0.781915
0.200000,0.055556,3.000000,21.446007,1.100000,5.000000,0.750000
0.125000,0.029130,3.863636,26.596349,2.332661,32.000000,0.794393
0.125000,0.051282,1.916667,28.275389,1.488889,10.000000,0.657143
0.166667,0.386511,1.625000,25.259637,1.651515,12.000000,0.619048
0.062500,0.104319,2.533333,23.811695,1.733333,16.000000,0.716981
0.058824,0.518104,2.045455,30.000000,1.720588,17.000000,0.671642
0.100000,0.115643,2.000000,28.402697,1.622222,10.000000,0.666667
0.058824,0.518104,2.045455,30.000000,1.720588,17.000000,0.671642
0.055556,1.000000,1.333333,29.181323,1.842857,21.000000,0.571429
0.055556,0.095912,1.772727,27.956039,1.908497,18.000000,0.639344
0.125000,0.059721,1.670732,26.511406,1.815115,39.000000,0.625571
0.062500,0.203584,1.857143,29.044465,1.822464,24.000000,0.650000
0.125000,0.575942,2.052632,29.739177,1.967980,29.000000,0.672414
0.125000,0.560961,2.052632,29.739177,1.967980,29.000000,0.672414
0.047619,0.190443,1.352941,30.000000,1.719048,21.000000,0.575000
0.047619,0.450141,2.111111,29.666741,1.938406,24.000000,0.678571
0.047619,0.190443,1.352941,30.000000,1.719048,21.000000,0.575000
0.047619,0.450141,2.111111,29.666741,1.938406,24.000000,0.678571
0.047619,0.450141,2.111111,29.666741,1.938406,24.000000,0.678571
0.047619,0.190443,1.352941,30.000000,1.719048,21.000000,0.575000
0.125000,0.159420,2.125000,16.194191,1.392857,8.000000,0.680000
0.111111,0.967516,1.857143,27.275252,1.783333,16.000000,0.650000
0.100000,0.043785,1.573529,26.381699,1.931818,33.000000,0.611429
0.100000,0.182069,2.000000,29.080475,1.622222,10.000000,0.666667
0.052632,0.236574,1.634146,30.000000,1.608187,19.000000,0.620370
0.052632,0.097989,2.676471,28.029880,1.904615,26.000000,0.728000
0.052632,0.236574,1.634146,30.000000,1.608187,19.000000,0.620370
0.052632,0.097989,2.676471,28.029880,1.904615,26.000000,0.728000
0.052632,0.236574,1.634146,30.000000,1.608187,19.000000,0.620370
0.052632,0.097989,2.676471,28.029880,1.904615,26.000000,0.728000
0.038462,0.027098,1.953488,27.637932,1.861538,26.000000,0.661417
0.038462,0.058809,3.692308,23.433771,2.254355,42.000000,0.786885
0.055556,0.200975,1.594203,27.654607,1.957219,34.000000,0.614525
0.055556,0.469388,1.617647,24.994319,1.679739,18.000000,0.617978
0.031250,0.184908,1.573529,26.381699,1.931818,33.000000,0.611429
0.031250,0.025957,2.361702,27.538206,2.000000,33.000000,0.702532
0.038462,0.910805,3.642857,27.868755,1.891954,30.000000,0.784615
0.038462,0.174099,2.935484,28.252210,1.892308,26.000000,0.745902
0.038462,0.910805,3.642857,27.868755,1.891954,30.000000,0.784615
0.038462,0.174099,2.935484,28.252210,1.892308,26.000000,0.745902
0.045455,0.683654,2.483871,28.902882,2.000000,29.000000,0.712963
0.045455,0.844210,2.461538,24.401746,1.844156,22.000000,0.711111
0.038462,0.174099,2.935484,28.252210,1.892308,26.000000,0.745902
0.038462,0.910805,3.642857,27.868755,1.891954,30.000000,0.784615
0.045455,0.844210,2.461538,24.401746,1.844156,22.000000,0.711111
0.045455,0.747543,2.483871,28.902882,2.000000,29.000000,0.712963
0.100000,0.344744,1.524590,27.963549,1.976344,31.000000,0.603896
0.200000,0.187712,2.417722,29.579339,2.061684,53.000000,0.707407
0.033333,0.357030,2.740741,29.468277,2.354023,30.000000,0.732673
0.033333,0.147607,2.423077,30.000000,2.046757,52.000000,0.707865
0.200000,0.105353,2.417722,29.579339,2.061684,53.000000,0.707407
0.058824,0.369071,3.000000,29.373192,2.046757,52.000000,0.750000
0.058824,0.079190,1.548387,15.541785,1.647059,17.000000,0.607595
0.033333,0.117581,2.423077,30.000000,2.046757,52.000000,0.707865
0.033333,0.284512,2.740741,29.468277,2.354023,30.000000,0.732673
0.058824,0.004975,1.538462,25.017399,1.705882,17.000000,0.606061
0.058824,0.085642,2.384615,29.516129,2.040190,62.000000,0.704545
0.058824,0.004975,1.538462,25.017399,1.705882,17.000000,0.606061
0.058824,0.085642,2.384615,29.516129,2.040190,62.000000,0.704545
0.250000,0.103730,2.438776,29.191587,2.046448,61.000000,0.709199
0.111111,0.199340,2.202128,29.364931,2.052597,56.000000,0.687708
0.043478,0.134377,2.515789,28.286216,2.046448,61.000000,0.715569
0.043478,0.373113,2.884615,27.701547,1.885375,23.000000,0.742574
0.043478,0.066687,2.484211,28.476711,2.042938,60.000000,0.712991
0.043478,0.334203,1.529412,27.100461,1.782609,23.000000,0.604651
0.043478,0.134377,2.515789,28.286216,2.046448,61.000000,0.715569
0.043478,0.373113,2.884615,27.701547,1.885375,23.000000,0.742574
0.250000,0.103730,2.438776,29.191587,2.046448,61.000000,0.709199
0.100000,0.362453,8.333333,27.168689,1.511111,10.000000,0.892857
0.058824,0.191995,1.285714,28.008242,1.794118,17.000000,0.562500
0.058824,0.104798,2.700000,30.000000,2.046757,52.000000,0.729730
0.043478,0.134377,2.515789,28.286216,2.046448,61.000000,0.715569
0.043478,0.373113,2.884615,27.701547,1.885375,23.000000,0.742574
0.033333,0.063589,2.740741,29.468277,2.354023,30.000000,0.732673
0.033333,0.117581,2.423077,30.000000,2.046757,52.000000,0.707865
0.027778,0.527322,4.210526,27.409007,1.980973,44.000000,0.808081
0.027778,0.524854,2.560976,28.013549,2.114286,36.000000,0.719178
0.033333,0.063589,2.740741,29.468277,2.354023,30.000000,0.732673
0.033333,0.147607,2.423077,30.000000,2.046757,52.000000,0.707865
0.043478,0.134377,2.515789,28.286216,2.046448,61.000000,0.715569
0.043478,0.373113,2.884615,27.701547,1.885375,23.000000,0.742574
0.083333,0.285340,2.576923,25.684232,1.770563,22.000000,0.720430
0.058824,0.191995,1.285714,28.008242,1.794118,17.000000,0.562500
0.058824,0.259746,2.700000,30.000000,2.046757,52.000000,0.729730
0.111111,0.199340,2.202128,29.364931,2.052597,56.000000,0.687708
0.043478,0.334203,1.529412,27.100461,1.782609,23.000000,0.604651
0.043478,0.066687,2.484211,28.476711,2.042938,60.000000,0.712991
0.142857,0.330177,2.863636,29.787315,2.046757,52.000000,0.741176
0.142857,0.267759,2.863636,29.787315,2.046757,52.000000,0.741176
0.033333,0.357030,2.740741,29.468277,2.354023,30.000000,0.732673
0.033333,0.117581,2.423077,30.000000,2.046757,52.000000,0.707865
0.033333,0.284512,2.740741,29.468277,2.354023,30.000000,0.732673
0.033333,0.147607,2.423077,30.000000,2.046757,52.000000,0.707865
0.043478,0.134377,2.515789,28.286216,2.046448,61.000000,0.715569
0.043478,0.373113,2.884615,27.701547,1.885375,23.000000,0.742574
0.058824,0.355038,3.000000,29.373192,2.046757,52.000000,0.750000
0.058824,0.079190,1.548387,15.541785,1.647059,17.000000,0.607595
0.043478,0.134377,2.515789,28.286216,2.046448,61.000000,0.715569
0.043478,0.373113,2.884615,27.701547,1.885375,23.000000,0.742574
0.090909,0.076501,1.812500,25.068531,1.904762,15.000000,0.644444
0.100000,0.461434,1.846154,17.309936,1.466667,10.000000,0.648649
0.083333,0.331977,2.200000,25.789341,1.500000,12.000000,0.687500
0.083333,0.980890,8.200000,25.574875,2.196078,18.000000,0.891304
0.083333,0.550812,2.200000,25.789341,1.500000,12.000000,0.687500
0.083333,0.980890,8.200000,25.574875,2.196078,18.000000,0.891304
0.100000,0.283017,1.846154,17.309936,1.466667,10.000000,0.648649
0.125000,0.131942,1.714286,23.205238,1.571429,8.000000,0.631579
0.125000,0.155116,2.079365,28.235321,2.022760,38.000000,0.675258
0.100000,0.234515,2.750000,26.513432,1.511111,10.000000,0.733333
0.200000,0.141653,3.000000,15.818771,1.511111,10.000000,0.750000
0.166667,0.335943,2.000000,21.190790,1.709091,11.000000,0.666667
0.045455,0.123950,3.804878,28.125139,1.879365,36.000000,0.791878
0.045455,0.123950,3.804878,28.125139,1.879365,36.000000,0.791878
0.037037,0.341555,2.913043,23.907422,2.392090,60.000000,0.744444
0.037037,0.806205,2.116279,28.572152,1.826211,27.000000,0.679104
0.071429,0.082565,3.500000,27.785890,1.593407,14.000000,0.777778
0.200000,0.230769,3.000000,23.414348,1.100000,5.000000,0.750000
0.200000,0.046211,2.463918,28.924940,2.046448,61.000000,0.711310
0.200000,0.046211,2.463918,28.924940,2.046448,61.000000,0.711310
0.045455,0.107655,1.563636,27.184289,1.940171,27.000000,0.609929
0.045455,0.004115,2.193548,30.000000,1.809524,22.000000,0.686869
0.045455,0.004115,2.193548,30.000000,1.809524,22.000000,0.686869
0.045455,0.107655,1.563636,27.184289,1.940171,27.000000,0.609929
0.052632,0.233690,1.758621,29.279008,1.766082,19.000000,0.637500
0.052632,0.348122,1.428571,26.952749,1.714286,21.000000,0.588235
0.052632,0.233690,1.758621,29.279008,1.766082,19.000000,0.637500
0.052632,0.348122,1.428571,26.952749,1.714286,21.000000,0.588235
0.045455,0.107655,1.563636,27.184289,1.940171,27.000000,0.609929
0.045455,0.004115,2.193548,30.000000,1.809524,22.000000,0.686869
0.250000,0.076923,2.333333,26.861016,1.933824,17.000000,0.700000
0.250000,0.377419,2.290323,29.925194,1.874644,27.000000,0.696078
0.250000,0.377419,2.290323,29.925194,1.874644,27.000000,0.696078
0.062500,0.127652,0.950000,29.172781,1.978495,31.000000,0.487179
0.062500,0.088351,3.413043,28.653153,1.905405,37.000000,0.773399
0.111111,0.090842,2.545455,30.000000,1.696970,12.000000,0.717949
0.111111,0.145914,1.428571,30.000000,1.472222,9.000000,0.588235
0.062500,0.088351,3.413043,28.653153,1.905405,37.000000,0.773399
0.066667,0.336292,1.636364,14.712467,1.723810,15.000000,0.620690
0.062500,0.024284,1.923077,28.787208,1.771242,18.000000,0.657895
0.045455,0.608249,1.380000,28.069016,1.976667,25.000000,0.579832
0.050000,0.733824,1.725000,27.297037,1.853755,23.000000,0.633028
0.050000,0.733824,1.725000,27.297037,1.853755,23.000000,0.633028
0.050000,0.733824,1.725000,27.297037,1.853755,23.000000,0.633028
0.045455,0.608249,1.380000,28.069016,1.976667,25.000000,0.579832
0.045455,0.608249,1.380000,28.069016,1.976667,25.000000,0.579832
0.125000,0.502366,3.200000,28.146759,1.428571,8.000000,0.761905
0.125000,0.463343,1.722222,24.792042,1.602564,13.000000,0.632653
0.062500,0.373855,2.290323,30.000000,1.874644,27.000000,0.696078
0.062500,0.876103,2.727273,23.488398,2.325000,16.000000,0.731707
0.083333,0.536904,2.727273,23.488398,2.325000,16.000000,0.731707
0.083333,0.274744,1.900000,28.877738,1.712121,12.000000,0.655172
0.062500,0.373855,2.290323,30.000000,1.874644,27.000000,0.696078
0.062500,0.876103,2.727273,23.488398,2.325000,16.000000,0.731707
0.200000,0.143404,1.727273,29.209354,1.712121,12.000000,0.633333
0.100000,0.218117,4.166667,27.973179,1.545455,11.000000,0.806452
0.100000,0.218117,4.166667,27.973179,1.545455,11.000000,0.806452
0.062500,0.536904,2.727273,23.488398,2.325000,16.000000,0.731707
0.062500,0.373855,2.290323,30.000000,1.874644,27.000000,0.696078
0.083333,0.274744,1.900000,28.877738,1.712121,12.000000,0.655172
0.083333,0.876103,2.727273,23.488398,2.325000,16.000000,0.731707
0.062500,0.536904,2.727273,23.488398,2.325000,16.000000,0.731707
0.062500,0.373855,2.290323,30.000000,1.874644,27.000000,0.696078
0.125000,0.010809,1.960000,28.747044,1.691176,17.000000,0.662162
0.166667,0.621114,4.333333,24.879567,1.133333,6.000000,0.812500
0.090909,0.466667,1.923077,11.891428,1.545455,11.000000,0.657895
0.066667,0.080225,3.206897,29.579095,1.976190,28.000000,0.762295
0.066667,0.080225,3.206897,29.579095,1.976190,28.000000,0.762295
0.066667,0.099975,2.090909,27.235066,1.849003,27.000000,0.676471
0.066667,0.080225,3.206897,29.579095,1.976190,28.000000,0.762295
0.125000,0.007390,2.864407,30.000000,1.932051,40.000000,0.741228
0.125000,0.007390,2.864407,30.000000,1.932051,40.000000,0.741228
0.111111,0.071003,1.642857,29.687005,1.488889,10.000000,0.621622
0.111111,0.057909,1.400000,28.192780,1.743083,23.000000,0.583333
0.111111,0.021530,2.588235,30.000000,1.895425,18.000000,0.721311
0.200000,0.633075,8.000000,29.627159,1.200000,5.000000,0.888889
0.200000,0.586555,8.000000,29.627159,1.200000,5.000000,0.888889
0.076923,0.074346,1.049505,28.175624,2.024955,34.000000,0.512077
0.125000,0.260694,4.000000,30.000000,1.638889,9.000000,0.800000
0.125000,0.689378,3.206897,29.579095,1.976190,28.000000,0.762295
0.125000,0.689378,3.206897,29.579095,1.976190,28.000000,0.762295
0.125000,0.260694,4.000000,30.000000,1.638889,9.000000,0.800000
0.125000,0.623951,2.935484,28.252210,1.892308,26.000000,0.745902
0.125000,0.623951,2.935484,28.252210,1.892308,26.000000,0.745902
0.125000,0.260694,4.000000,30.000000,1.638889,9.000000,0.800000
0.125000,0.689378,3.206897,29.579095,1.976190,28.000000,0.762295
0.125000,0.044014,1.800000,29.943183,1.357143,8.000000,0.642857
0.125000,0.477252,2.884615,27.701547,1.885375,23.000000,0.742574
0.125000,0.044014,1.800000,29.943183,1.357143,8.000000,0.642857
0.125000,0.477252,2.884615,27.701547,1.885375,23.000000,0.742574
0.125000,0.623951,2.935484,28.252210,1.892308,26.000000,0.745902
0.125000,0.044014,1.800000,29.943183,1.357143,8.000000,0.642857
0.125000,0.477252,2.884615,27.701547,1.885375,23.000000,0.742574
0.125000,0.603483,4.000000,30.000000,1.638889,9.000000,0.800000
0.125000,0.689378,3.206897,29.579095,1.976190,28.000000,0.762295
0.125000,0.603483,4.000000,30.000000,1.638889,9.000000,0.800000
0.125000,0.689378,3.206897,29.579095,1.976190,28.000000,0.762295
0.125000,0.603483,4.000000,30.000000,1.638889,9.000000,0.800000
0.125000,0.689378,3.206897,29.579095,1.976190,28.000000,0.762295
0.066667,0.467803,1.571429,19.714043,1.742857,15.000000,0.611111
0.066667,0.267129,3.388889,27.450052,2.155797,24.000000,0.772152
0.250000,1.000000,2.625000,26.099579,1.681818,12.000000,0.724138
0.047619,0.749150,2.166667,18.450838,1.942857,21.000000,0.684211
0.047619,0.013644,1.000000,29.011943,2.024955,34.000000,0.500000
0.047619,0.749150,2.166667,18.450838,1.942857,21.000000,0.684211
0.047619,0.008841,3.017857,30.000000,1.932051,40.000000,0.751111
0.047619,0.749150,2.166667,18.450838,1.942857,21.000000,0.684211
0.047619,0.008841,3.017857,30.000000,1.932051,40.000000,0.751111
0.052632,0.749150,2.166667,18.450838,1.942857,21.000000,0.684211
0.052632,0.166675,1.862069,29.202623,1.783626,19.000000,0.650602
0.066667,0.467803,1.571429,19.714043,1.742857,15.000000,0.611111
0.066667,0.443111,3.388889,27.450052,2.155797,24.000000,0.772152
0.100000,0.749150,2.166667,18.450838,1.942857,21.000000,0.684211
0.100000,0.100000,2.142857,18.085544,1.800000,10.000000,0.681818
0.066667,0.514841,1.650000,17.217509,1.685714,15.000000,0.622642
0.066667,0.131637,3.200000,29.513593,1.909091,33.000000,0.761905
0.066667,0.575271,1.714286,23.962259,1.700000,16.000000,0.631579
0.066667,0.761166,1.441176,28.831046,1.727941,17.000000,0.590361
0.066667,0.514841,1.650000,17.217509,1.685714,15.000000,0.622642
0.066667,0.598546,1.902439,30.000000,1.967980,29.000000,0.655462
0.066667,0.514841,1.650000,17.217509,1.685714,15.000000,0.622642
0.066667,0.671975,1.902439,30.000000,1.967980,29.000000,0.655462
0.066667,0.131637,3.200000,29.513593,1.909091,33.000000,0.761905
0.066667,0.514841,1.650000,17.217509,1.685714,15.000000,0.622642
0.200000,0.008333,8.000000,29.019631,1.200000,5.000000,0.888889
0.200000,1.000000,1.800000,23.429378,1.763636,11.000000,0.642857
0.111111,0.800190,3.750000,25.954131,1.583333,9.000000,0.789474
0.029412,0.004219,0.990654,29.051351,2.024955,34.000000,0.497653
0.029412,0.121908,1.785714,20.043220,2.062078,39.000000,0.641026
0.047619,0.004219,1.653061,29.939070,1.652381,21.000000,0.623077
0.047619,0.121908,1.785714,20.043220,2.062078,39.000000,0.641026
0.142857,0.460224,1.300000,30.000000,1.651515,12.000000,0.565217
0.200000,0.005743,1.777778,30.000000,1.733333,10.000000,0.640000
0.100000,0.797905,2.000000,26.128463,1.820513,13.000000,0.666667
0.100000,1.000000,1.800000,23.429378,1.763636,11.000000,0.642857
0.142857,0.121908,1.785714,20.043220,2.062078,39.000000,0.641026
0.142857,0.066667,4.750000,15.648584,1.095238,7.000000,0.826087
0.052632,0.286789,2.391304,27.743979,1.959677,32.000000,0.705128
0.052632,0.067808,1.757576,27.503459,1.760234,19.000000,0.637363
0.052632,0.084530,1.836735,26.813582,1.917553,48.000000,0.647482
0.052632,0.182007,1.911765,30.000000,1.657895,20.000000,0.656566
0.250000,0.612278,1.958333,26.275724,2.068548,32.000000,0.661972
0.040000,0.539228,1.950820,26.201518,2.078078,37.000000,0.661111
0.040000,0.191515,1.941176,28.935795,1.860000,25.000000,0.660000
0.040000,0.657768,1.941176,28.935795,1.860000,25.000000,0.660000
0.040000,0.539228,1.950820,26.201518,2.078078,37.000000,0.661111
0.062500,0.481949,1.828947,27.978186,2.068293,41.000000,0.646512
0.062500,0.433506,2.241379,30.000000,1.657895,20.000000,0.691489
0.142857,0.195652,2.500000,27.601746,1.523810,7.000000,0.714286
0.142857,0.481949,1.828947,27.978186,2.068293,41.000000,0.646512
0.166667,0.068303,1.617647,27.148266,1.679739,18.000000,0.617978
0.166667,0.111835,1.813953,29.089767,1.822464,24.000000,0.644628
0.166667,0.228644,3.435897,22.789569,2.232051,40.000000,0.774566
0.166667,1.000000,2.250000,30.000000,1.400000,6.000000,0.692308
0.166667,0.923413,3.000000,28.305145,1.850000,25.000000,0.750000
0.037037,0.942672,2.962963,29.324772,1.866097,27.000000,0.747664
0.037037,0.193328,1.699115,26.403293,2.013788,53.000000,0.629508
0.037037,0.193328,1.699115,26.403293,2.013788,53.000000,0.629508
0.037037,0.942672,2.962963,29.324772,1.866097,27.000000,0.747664
0.250000,0.644903,3.166667,25.110554,1.321429,8.000000,0.760000
0.200000,0.891907,2.250000,29.302860,2.052597,56.000000,0.692308
0.200000,0.891907,2.250000,29.302860,2.052597,56.000000,0.692308
0.125000,0.191523,2.375000,28.576015,1.321429,8.000000,0.703704
0.125000,0.860556,2.157303,29.962597,2.067086,54.000000,0.683274
0.055556,0.034229,2.407407,26.204099,1.607843,18.000000,0.706522
0.055556,0.975654,4.210526,27.409007,1.980973,44.000000,0.808081
0.142857,0.115042,2.562500,27.871287,1.888889,18.000000,0.719298
0.066667,0.973778,4.000000,26.086994,1.968961,39.000000,0.800000
0.066667,0.448015,1.833333,27.418989,1.628571,15.000000,0.647059
0.125000,0.191523,2.375000,28.576015,1.321429,8.000000,0.703704
0.125000,0.860556,2.157303,29.962597,2.067086,54.000000,0.683274
0.166667,1.000000,2.250000,30.000000,1.400000,6.000000,0.692308
0.166667,0.923413,3.000000,28.305145,1.850000,25.000000,0.750000
0.111111,0.004622,3.017857,30.000000,1.932051,40.000000,0.751111
0.111111,0.137038,2.416667,28.941766,1.731579,20.000000,0.707317
0.111111,0.004622,3.017857,30.000000,1.932051,40.000000,0.751111
0.076923,1.000000,1.666667,11.594006,1.679487,13.000000,0.625000
0.076923,0.113920,2.526316,28.341941,1.725490,18.000000,0.716418
0.200000,1.000000,1.428571,16.516720,1.709091,11.000000,0.588235
0.250000,1.000000,1.578947,28.489977,1.670330,14.000000,0.612245
0.071429,1.000000,1.578947,26.178811,1.670330,14.000000,0.612245
0.071429,0.276892,1.699115,26.403293,2.013788,53.000000,0.629508
0.066667,0.093225,0.979381,28.041233,1.978495,31.000000,0.494792
0.166667,1.000000,1.428571,16.516720,1.709091,11.000000,0.588235
0.166667,0.004184,1.833333,30.000000,1.266667,6.000000,0.647059
0.076923,0.161418,1.529412,27.566937,1.782609,23.000000,0.604651
0.125000,0.201228,1.585366,24.748395,1.666667,19.000000,0.613208
0.200000,0.082394,1.724138,27.318302,1.919048,21.000000,0.632911
0.050000,0.012658,1.263158,29.390290,1.652632,20.000000,0.558140
0.050000,0.338109,2.894737,26.873535,1.794737,20.000000,0.743243
0.045455,1.000000,1.558140,7.996950,1.709957,22.000000,0.609091
0.045455,0.221713,1.833333,30.000000,1.888889,27.000000,0.647059
0.045455,0.031520,1.469388,28.504565,1.841897,23.000000,0.595041
0.045455,1.000000,1.558140,7.996950,1.709957,22.000000,0.609091
0.076923,0.771265,1.409091,26.089802,1.747253,14.000000,0.584906
0.076923,0.219260,1.550000,28.256456,1.641026,13.000000,0.607843
0.090909,0.159420,2.000000,22.642097,1.454545,11.000000,0.666667
0.090909,0.338109,2.894737,26.754908,1.794737,20.000000,0.743243
0.125000,1.000000,1.558140,7.996950,1.709957,22.000000,0.609091
0.045455,0.221713,1.833333,30.000000,1.888889,27.000000,0.647059
0.045455,1.000000,1.558140,7.996950,1.709957,22.000000,0.609091
0.083333,0.765299,1.409091,26.089802,1.747253,14.000000,0.584906
0.083333,0.204086,2.521739,28.779346,1.731579,20.000000,0.716049
0.021739,0.023592,3.711111,27.992017,2.207729,46.000000,0.787736
0.021739,0.186369,2.602151,26.333732,2.456541,68.000000,0.722388
0.062500,0.150509,1.894231,27.629618,1.990566,53.000000,0.654485
0.062500,0.004219,1.521739,24.240444,1.858333,16.000000,0.603448
0.050000,0.204086,2.521739,28.779346,1.731579,20.000000,0.716049
0.050000,0.334115,1.699115,26.403293,2.013788,53.000000,0.629508
0.200000,0.683138,2.666667,30.000000,1.200000,5.000000,0.727273
0.076923,0.045715,1.550000,26.262272,1.602564,13.000000,0.607843
0.076923,0.008547,1.636364,27.629207,1.637363,14.000000,0.620690
0.062500,0.150509,1.894231,27.629618,1.990566,53.000000,0.654485
0.062500,0.004219,1.521739,24.240444,1.858333,16.000000,0.603448
0.100000,1.000000,2.875000,26.908924,1.488889,10.000000,0.741935
0.100000,0.668581,1.800000,28.454201,1.824561,19.000000,0.642857
0.066667,0.027624,1.600000,26.946058,1.695238,15.000000,0.615385
0.066667,0.059979,1.952381,27.556957,1.989518,54.000000,0.661290
0.200000,0.432389,2.666667,30.000000,1.200000,5.000000,0.727273
0.125000,0.774774,1.900000,30.000000,1.321429,8.000000,0.655172
0.125000,0.334115,1.699115,26.403293,2.013788,53.000000,0.629508
0.043478,0.062172,1.744186,28.700387,1.833333,24.000000,0.635593
0.043478,0.402707,1.848485,19.739616,1.905138,23.000000,0.648936
0.066667,0.001355,2.230769,29.592125,1.731579,20.000000,0.690476
0.090909,0.173849,1.914286,28.931120,1.776190,21.000000,0.656863
0.090909,0.327728,1.533333,17.318256,1.654545,11.000000,0.605263
0.125000,0.092391,1.785714,14.340605,1.523810,15.000000,0.641026
0.066667,0.604371,1.954545,29.128853,1.675000,16.000000,0.661538
0.066667,0.076508,1.750000,29.698047,1.561905,15.000000,0.636364
0.250000,1.000000,2.125000,11.990422,1.392857,8.000000,0.680000
0.181818,0.590051,3.454545,27.657835,1.602564,13.000000,0.775510
0.066667,0.604371,1.954545,29.128853,1.675000,16.000000,0.661538
0.066667,0.076508,1.750000,29.698047,1.561905,15.000000,0.636364
0.125000,0.505550,2.357143,29.055262,1.837945,23.000000,0.702128
0.200000,0.326666,2.076923,26.767302,1.861905,21.000000,0.675000
0.200000,1.000000,2.333333,27.054870,1.300000,5.000000,0.700000
0.125000,0.505550,2.357143,29.055262,1.837945,23.000000,0.702128
0.200000,0.326666,2.076923,26.767302,1.861905,21.000000,0.675000
0.200000,1.000000,2.333333,27.054870,1.300000,5.000000,0.700000
0.142857,1.000000,1.555556,30.000000,1.694444,9.000000,0.608696
0.111111,0.160516,1.700000,29.469388,1.676190,15.000000,0.629630
0.027027,0.116611,1.773333,21.843685,2.048718,40.000000,0.639423
0.027027,0.133325,1.042017,28.229548,2.015015,37.000000,0.510288
0.032258,0.116611,1.773333,21.843685,2.048718,40.000000,0.639423
0.032258,0.406037,1.547945,25.884162,1.964706,35.000000,0.607527
0.045455,0.182825,1.456140,28.127758,1.813333,25.000000,0.592857
0.045455,0.167067,1.906250,28.636364,1.818182,22.000000,0.655914
0.200000,0.116611,1.773333,21.843685,2.048718,40.000000,0.639423
0.045455,0.182825,1.456140,28.127758,1.813333,25.000000,0.592857
0.045455,0.167067,1.906250,28.636364,1.818182,22.000000,0.655914
0.142857,0.381540,4.750000,24.358553,1.095238,7.000000,0.826087
0.142857,0.116611,1.773333,21.843685,2.048718,40.000000,0.639423
0.111111,0.867286,1.800000,18.428516,1.555556,9.000000,0.642857
0.111111,0.558715,2.733333,22.764173,1.852941,17.000000,0.732143
0.125000,0.211883,1.156250,15.960230,1.882353,17.000000,0.536232
0.125000,0.822701,1.500000,18.487407,1.772727,12.000000,0.600000
0.166667,0.224362,1.818182,11.340687,1.964912,19.000000,0.645161
0.166667,0.936759,1.833333,12.463648,1.266667,6.000000,0.647059
0.166667,0.234180,3.388889,27.170994,2.155797,24.000000,0.772152
0.250000,0.542593,3.684211,28.632558,2.169231,26.000000,0.786517
0.250000,0.593074,3.684211,28.632558,2.169231,26.000000,0.786517
0.166667,0.936759,1.833333,12.463648,1.266667,6.000000,0.647059
0.166667,0.442729,3.388889,27.170994,2.155797,24.000000,0.772152
0.090909,0.576219,1.521739,24.240444,1.858333,16.000000,0.603448
0.090909,0.124260,1.909091,29.258409,1.618182,11.000000,0.656250
0.090909,0.576219,1.521739,24.240444,1.858333,16.000000,0.603448
0.090909,0.124260,1.909091,29.258409,1.618182,11.000000,0.656250
0.062500,0.573393,1.521739,27.168460,1.858333,16.000000,0.603448
0.062500,0.023152,1.971154,27.951406,1.989518,54.000000,0.663430
0.062500,0.023152,1.971154,27.951406,1.989518,54.000000,0.663430
0.062500,0.573393,1.521739,27.168460,1.858333,16.000000,0.603448
0.125000,0.576219,1.521739,24.240444,1.858333,16.000000,0.603448
0.125000,0.103414,1.545455,29.649787,1.392857,8.000000,0.607143
0.100000,0.576219,1.521739,24.240444,1.858333,16.000000,0.603448
0.100000,0.112299,1.846154,25.407509,1.466667,10.000000,0.648649
0.100000,0.576219,1.521739,24.240444,1.858333,16.000000,0.603448
0.100000,0.112299,1.846154,25.407509,1.466667,10.000000,0.648649
0.090909,0.576219,1.521739,24.240444,1.858333,16.000000,0.603448
0.090909,0.181438,1.866667,24.986589,1.527273,11.000000,0.651163
0.125000,0.576219,1.521739,24.240444,1.858333,16.000000,0.603448
0.125000,0.103414,1.545455,29.649787,1.392857,8.000000,0.607143
0.090909,0.576219,1.521739,24.240444,1.858333,16.000000,0.603448
0.090909,0.181438,1.866667,24.986589,1.527273,11.000000,0.651163
0.100000,0.198258,2.000000,24.200994,1.666667,10.000000,0.666667
0.100000,0.150906,4.750000,29.532560,1.547619,21.000000,0.826087
0.166667,0.010101,3.000000,28.026674,2.031579,20.000000,0.750000
0.166667,0.919742,1.604651,26.962465,1.719048,21.000000,0.616071
0.090909,1.000000,2.181818,28.314960,1.600000,11.000000,0.685714
0.052632,0.851558,1.591549,23.710522,1.964706,35.000000,0.614130
0.052632,0.739451,2.000000,29.408367,1.672515,19.000000,0.666667
0.111111,0.851558,1.591549,23.710522,1.964706,35.000000,0.614130
0.058824,0.067785,1.717949,30.000000,1.757246,24.000000,0.632075
0.058824,0.699173,1.441176,28.831046,1.727941,17.000000,0.590361
0.058824,0.242242,3.388889,27.170994,2.155797,24.000000,0.772152
0.058824,0.289761,1.583333,26.614465,1.720588,17.000000,0.612903
0.058824,0.281876,1.578947,29.397014,1.978947,20.000000,0.612245
0.166667,0.071622,1.538462,28.428687,1.815217,24.000000,0.606061
0.071429,0.263025,2.820000,27.983194,2.091754,42.000000,0.738220
0.058824,0.067785,1.717949,30.000000,1.757246,24.000000,0.632075
0.058824,0.699173,1.441176,28.831046,1.727941,17.000000,0.590361
0.058824,0.355812,3.714286,28.567020,1.879365,36.000000,0.787879
0.058824,0.699173,1.441176,28.831046,1.727941,17.000000,0.590361
0.058824,0.355812,3.714286,28.567020,1.879365,36.000000,0.787879
0.058824,0.699173,1.441176,28.831046,1.727941,17.000000,0.590361
0.050000,0.548762,1.263158,29.750334,1.652632,20.000000,0.558140
0.050000,0.544486,2.030303,23.239308,1.946667,25.000000,0.670000
0.142857,0.477255,1.019231,28.930072,2.024955,34.000000,0.504762
0.071429,0.544486,2.030303,23.239308,1.946667,25.000000,0.670000
0.090909,0.554607,1.263158,29.390290,1.652632,20.000000,0.558140
0.090909,0.114105,2.000000,23.007862,1.454545,11.000000,0.666667
0.142857,0.496982,3.200000,24.173820,1.238095,7.000000,0.761905
0.142857,0.604452,1.862069,29.106534,1.783626,19.000000,0.650602
0.125000,0.779626,1.700000,26.250000,1.392857,8.000000,0.629630
0.125000,0.012876,4.000000,26.349078,1.571429,8.000000,0.800000
0.125000,0.103998,1.692308,17.947599,1.742424,12.000000,0.628571
0.111111,0.313922,1.727273,25.357149,1.527778,9.000000,0.633333
0.111111,0.162468,3.620690,28.494072,1.584980,23.000000,0.783582
0.250000,0.011946,2.971429,27.235419,1.812808,29.000000,0.748201
0.071429,0.087775,1.619048,24.509107,1.626374,14.000000,0.618182
0.071429,0.245491,1.863636,26.260456,1.638095,15.000000,0.650794
0.111111,0.245491,1.863636,25.962347,1.638095,15.000000,0.650794
0.100000,0.387286,1.733333,27.000000,1.444444,10.000000,0.634146
0.100000,0.136321,2.916667,22.495190,1.966667,16.000000,0.744681
0.062500,0.276070,2.666667,28.053835,1.725490,18.000000,0.727273
0.250000,0.527965,2.800000,14.489294,1.333333,7.000000,0.736842
0.055556,0.269983,1.800000,25.614240,1.701299,22.000000,0.642857
0.066667,0.113962,2.418605,28.995122,2.187954,53.000000,0.707483
0.066667,0.140714,1.263889,28.254752,1.857550,27.000000,0.558282
0.125000,0.424827,1.720930,24.683480,1.652632,20.000000,0.632479
0.142857,0.563445,4.200000,27.951234,1.600000,10.000000,0.807692
0.142857,1.000000,1.533333,17.318256,1.654545,11.000000,0.605263
0.142857,0.155223,4.200000,27.951234,1.600000,10.000000,0.807692
0.142857,1.000000,1.533333,17.318256,1.654545,11.000000,0.605263
0.041667,0.177959,1.488372,30.000000,1.884058,24.000000,0.598131
0.041667,0.237782,1.294872,25.573179,1.970115,30.000000,0.564246
0.041667,0.237782,1.294872,25.573179,1.970115,30.000000,0.564246
0.041667,0.177959,1.488372,30.000000,1.884058,24.000000,0.598131
0.033333,0.000000,2.485714,29.361201,2.163218,30.000000,0.713115
0.033333,0.599215,1.532468,23.272057,1.846702,34.000000,0.605128
0.050000,0.753196,1.521739,27.855639,1.837945,23.000000,0.603448
0.050000,0.380009,1.958333,26.245684,1.905263,20.000000,0.661972
0.200000,0.611923,2.153846,26.274229,1.846154,14.000000,0.682927
0.033333,0.011494,2.485714,29.361201,2.163218,30.000000,0.713115
0.033333,0.599215,1.532468,23.272057,1.846702,34.000000,0.605128
0.029412,0.599215,1.532468,23.272057,1.846702,34.000000,0.605128
0.029412,0.000000,2.635135,27.564264,1.972947,46.000000,0.724907
0.055556,0.058826,1.883721,29.265792,1.769231,27.000000,0.653226
0.055556,0.673611,1.400000,28.343092,1.701754,19.000000,0.583333
0.055556,0.020481,1.730769,27.380278,1.736842,19.000000,0.633803
0.055556,0.673611,1.400000,28.343092,1.701754,19.000000,0.583333
0.250000,0.619048,2.000000,18.907253,1.333333,4.000000,0.666667
0.250000,0.298309,1.702703,29.968727,1.845850,23.000000,0.630000
0.062500,0.310403,1.933333,28.399339,1.795238,21.000000,0.659091
0.055556,0.058826,1.883721,29.265792,1.769231,27.000000,0.653226
0.055556,0.673611,1.400000,28.343092,1.701754,19.000000,0.583333
0.055556,0.673611,1.400000,28.343092,1.701754,19.000000,0.583333
0.055556,0.021084,2.840580,28.936472,1.947146,44.000000,0.739623
0.062500,0.310403,1.933333,28.399339,1.795238,21.000000,0.659091
0.055556,0.673611,1.400000,28.343092,1.701754,19.000000,0.583333
0.055556,0.021084,2.840580,28.936472,1.947146,44.000000,0.739623
0.250000,0.619048,2.000000,18.907253,1.333333,4.000000,0.666667
0.250000,0.298309,1.702703,29.968727,1.845850,23.000000,0.630000
0.090909,0.126565,2.357143,29.437949,1.715789,20.000000,0.702128
0.153846,0.611443,1.185185,28.553032,1.757895,20.000000,0.542373
0.076923,0.638273,3.800000,22.322044,2.150327,18.000000,0.791667
0.076923,0.501695,3.800000,26.613886,1.602564,13.000000,0.791667
0.142857,0.391644,1.833333,26.038172,1.727273,12.000000,0.647059
0.111111,1.000000,1.700000,29.002398,1.564103,13.000000,0.629630
0.111111,0.260119,2.100000,28.102522,1.953216,19.000000,0.677419
0.052632,0.294003,1.600000,21.866680,1.789474,19.000000,0.615385
0.052632,0.013422,2.635135,27.564264,1.972947,46.000000,0.724907
0.111111,0.446227,1.700000,29.002398,1.564103,13.000000,0.629630
0.090909,0.390066,1.422222,30.000000,1.884058,24.000000,0.587156
0.090909,0.390066,1.422222,30.000000,1.884058,24.000000,0.587156
0.047619,0.000000,1.882353,28.759524,1.733333,21.000000,0.653061
0.047619,0.065659,1.200000,26.994636,1.995968,32.000000,0.545455
0.047619,0.065659,1.200000,26.994636,1.995968,32.000000,0.545455
0.047619,0.000000,1.882353,28.759524,1.733333,21.000000,0.653061
0.045455,0.333258,2.586207,26.740529,1.916923,26.000000,0.721154
0.045455,0.604008,1.366667,27.427246,1.679654,22.000000,0.577465
0.033333,0.153848,2.698630,28.791733,1.968687,45.000000,0.729630
0.033333,1.000000,2.558824,25.744069,2.163218,30.000000,0.719008
0.100000,0.002853,0.985507,29.237428,2.033333,40.000000,0.496350
0.100000,0.626601,1.750000,24.392563,1.577778,10.000000,0.636364
0.100000,1.000000,2.558824,25.744069,2.163218,30.000000,0.719008
0.033333,0.036332,2.777778,27.467130,2.283450,66.000000,0.735294
0.033333,1.000000,2.558824,25.744069,2.163218,30.000000,0.719008
0.200000,1.000000,2.351351,29.827977,2.163218,30.000000,0.701613
0.071429,0.322098,2.901408,24.220906,2.383060,61.000000,0.743682
0.033333,0.047228,2.100000,29.173914,1.926050,35.000000,0.677419
0.033333,1.000000,2.558824,25.744069,2.163218,30.000000,0.719008
0.200000,0.668207,2.351351,29.827977,2.163218,30.000000,0.701613
0.033333,0.153848,2.698630,28.791733,1.968687,45.000000,0.729630
0.033333,1.000000,2.558824,25.744069,2.163218,30.000000,0.719008
0.071429,0.175258,1.541667,27.346532,1.593407,14.000000,0.606557
0.071429,0.527456,2.048780,25.517553,1.980296,29.000000,0.672000
0.071429,0.009864,2.545455,27.749341,1.786232,24.000000,0.717949
0.055556,0.321486,3.121951,29.938795,1.909091,33.000000,0.757396
0.055556,0.610521,1.617647,24.994319,1.679739,18.000000,0.617978
0.090909,0.709752,2.030303,23.239308,1.946667,25.000000,0.670000
0.090909,0.194021,2.000000,26.198490,1.454545,11.000000,0.666667
0.100000,0.069466,2.662162,29.831914,1.968687,45.000000,0.726937
0.100000,0.069466,2.662162,29.831914,1.968687,45.000000,0.726937
0.055556,0.321486,3.121951,29.938795,1.909091,33.000000,0.757396
0.055556,0.610521,1.617647,24.994319,1.679739,18.000000,0.617978
0.166667,0.371490,2.000000,17.294768,1.333333,6.000000,0.666667
0.166667,0.400697,1.617647,26.907247,1.679739,18.000000,0.617978
0.100000,0.453265,2.428571,27.972314,1.622222,10.000000,0.708333
0.083333,0.192972,2.521739,29.847416,1.866667,21.000000,0.716049
0.047619,0.754635,2.184615,28.943556,1.909910,37.000000,0.685990
0.086957,0.367905,2.444444,29.382787,1.715789,20.000000,0.709677
0.086957,0.803896,2.207547,27.438745,2.067736,34.000000,0.688235
0.125000,0.830359,2.585366,26.300761,2.060215,31.000000,0.721088
0.125000,0.744800,1.571429,20.652351,1.607143,8.000000,0.611111
0.250000,0.101624,2.671233,26.736715,1.972947,46.000000,0.727612
0.045455,0.101624,2.671233,26.883515,1.972947,46.000000,0.727612
0.045455,0.496176,2.000000,26.926192,1.956710,22.000000,0.666667
0.050000,0.727546,2.100000,28.869647,1.926050,35.000000,0.677419
0.050000,0.978433,1.656250,21.206862,1.784211,20.000000,0.623529
0.045455,0.766943,2.464286,28.555528,1.809524,22.000000,0.711340
0.045455,0.796358,0.901235,25.025407,1.991453,27.000000,0.474026
0.083333,0.109778,1.692308,30.000000,1.727273,12.000000,0.628571
0.083333,0.123077,1.744681,27.788323,1.883598,28.000000,0.635659
0.200000,0.123077,1.744681,27.788323,1.883598,28.000000,0.635659
0.083333,0.109778,1.692308,30.000000,1.727273,12.000000,0.628571
0.083333,0.123077,1.744681,27.788323,1.883598,28.000000,0.635659
0.200000,0.123077,1.744681,27.788323,1.883598,28.000000,0.635659
0.166667,0.653350,2.500000,27.998596,2.005398,39.000000,0.714286
0.111111,1.000000,2.222222,27.729043,1.690909,11.000000,0.689655
0.111111,0.766761,2.130435,22.477849,1.691176,17.000000,0.680556
0.028571,0.059670,1.529412,20.028536,1.781513,35.000000,0.604651
0.028571,0.011535,0.978417,29.596578,2.033333,40.000000,0.494545
0.055556,0.640027,1.673469,28.996534,1.464052,18.000000,0.625954
0.055556,0.059670,1.529412,20.028536,1.781513,35.000000,0.604651
0.200000,0.142886,4.056604,27.154965,2.317669,57.000000,0.802239
0.100000,0.021053,7.000000,27.349279,1.222222,10.000000,0.875000
0.100000,0.059670,1.529412,20.028536,1.781513,35.000000,0.604651
0.125000,0.287735,1.944444,26.304470,1.615385,14.000000,0.660377
0.100000,0.196360,1.800000,26.298602,1.755556,10.000000,0.642857
0.100000,0.207891,1.800000,28.649518,1.400000,10.000000,0.642857
0.050000,0.169771,2.030303,27.528967,1.744589,22.000000,0.670000
0.050000,0.084958,1.511628,20.384965,1.781513,35.000000,0.601852
0.031250,0.135540,2.022727,29.395963,2.201613,32.000000,0.669173
0.031250,0.294816,1.562500,21.062690,1.843697,35.000000,0.609756
0.027027,0.190773,1.489130,20.686910,1.818318,37.000000,0.598253
0.027027,0.000000,0.964539,29.821267,2.033333,40.000000,0.490975
0.028571,0.190773,1.489130,20.686910,1.818318,37.000000,0.598253
0.028571,0.283432,1.543210,22.668937,1.843697,35.000000,0.606796
0.031250,0.220847,2.022727,29.395963,2.201613,32.000000,0.669173
0.031250,0.294816,1.562500,21.062690,1.843697,35.000000,0.609756
0.028571,0.000000,2.718310,29.162339,1.900634,44.000000,0.731061
0.028571,0.294816,1.562500,21.062690,1.843697,35.000000,0.609756
0.031250,0.294816,1.562500,21.062690,1.843697,35.000000,0.609756
0.031250,0.179385,2.022727,29.395963,2.201613,32.000000,0.669173
0.100000,0.004831,7.000000,28.385329,1.222222,10.000000,0.875000
0.100000,0.190773,1.489130,20.686910,1.818318,37.000000,0.598253
0.040000,0.081750,2.404762,29.638142,1.996300,47.000000,0.706294
0.040000,0.143159,1.369565,29.740399,1.823333,25.000000,0.577982
0.040000,0.081750,2.404762,29.638142,1.996300,47.000000,0.706294
0.040000,0.143159,1.369565,29.740399,1.823333,25.000000,0.577982
0.076923,0.250888,1.760000,22.518314,1.783626,19.000000,0.637681
0.076923,0.183785,2.888889,27.407628,1.666667,13.000000,0.742857
0.111111,0.250888,1.760000,22.518314,1.783626,19.000000,0.637681
0.111111,0.581931,1.863636,28.810806,1.658333,16.000000,0.650794
0.111111,0.250888,1.760000,22.518314,1.783626,19.000000,0.637681
0.111111,0.581931,1.863636,28.810806,1.658333,16.000000,0.650794
0.200000,0.169174,3.750000,25.867513,1.583333,9.000000,0.789474
0.111111,0.056697,1.842105,29.558474,1.615385,14.000000,0.648148
0.090909,0.060486,1.882353,29.024397,1.733333,21.000000,0.653061
0.047619,0.641835,1.166667,28.231081,1.879570,31.000000,0.538462
0.047619,0.063509,1.882353,29.708344,1.733333,21.000000,0.653061
0.090909,0.060486,1.882353,29.024397,1.733333,21.000000,0.653061
0.200000,1.000000,5.000000,30.000000,1.600000,5.000000,0.833333
0.200000,0.240285,2.875000,29.668829,1.849003,27.000000,0.741935
0.047619,0.641835,1.166667,28.231081,1.879570,31.000000,0.538462
0.047619,0.063509,1.882353,29.708344,1.733333,21.000000,0.653061
0.047619,0.197788,1.166667,28.231081,1.879570,31.000000,0.538462
0.047619,0.063509,1.882353,29.708344,1.733333,21.000000,0.653061
0.047619,0.197788,1.166667,28.231081,1.879570,31.000000,0.538462
0.047619,0.063509,1.882353,29.708344,1.733333,21.000000,0.653061
0.125000,0.400404,2.030303,27.854514,1.744589,22.000000,0.670000
0.125000,0.203916,1.833333,28.182286,1.654545,11.000000,0.647059
0.031250,0.857419,2.069767,28.848622,2.201613,32.000000,0.674242
0.031250,0.009140,2.610390,29.433696,1.977778,46.000000,0.723022
0.100000,0.676945,1.400000,27.641471,1.577778,10.000000,0.583333
0.100000,0.857419,2.069767,28.848622,2.201613,32.000000,0.674242
0.125000,1.000000,1.827586,30.000000,1.705882,18.000000,0.646341
0.100000,0.676945,1.400000,27.415091,1.577778,10.000000,0.583333
0.031250,0.009140,2.610390,29.433696,1.977778,46.000000,0.723022
0.031250,0.857419,2.069767,28.848622,2.201613,32.000000,0.674242
0.125000,0.143283,0.964539,29.821267,2.033333,40.000000,0.490975
0.047619,0.022208,2.644737,29.347826,1.977778,46.000000,0.725632
0.031250,0.009140,2.610390,29.433696,1.977778,46.000000,0.723022
0.031250,0.360864,2.069767,28.848622,2.201613,32.000000,0.674242
0.031250,0.360864,2.069767,28.848622,2.201613,32.000000,0.674242
0.031250,0.009140,2.610390,29.433696,1.977778,46.000000,0.723022
0.047619,0.022208,2.644737,29.347826,1.977778,46.000000,0.725632
0.100000,0.676945,1.400000,27.641471,1.577778,10.000000,0.583333
0.100000,0.360864,2.069767,28.848622,2.201613,32.000000,0.674242
0.071429,0.394406,2.709677,27.946677,1.889655,30.000000,0.730435
0.071429,0.394406,2.709677,27.946677,1.889655,30.000000,0.730435
0.050000,0.319531,2.347826,29.374794,1.911111,36.000000,0.701299
0.050000,0.358860,1.411765,29.197037,1.678947,20.000000,0.585366
0.050000,0.319531,2.347826,29.374794,1.911111,36.000000,0.701299
0.050000,0.353408,1.411765,29.197037,1.678947,20.000000,0.585366
0.100000,0.151118,2.720588,29.278523,1.956811,43.000000,0.731225
0.050000,0.353408,1.411765,29.197037,1.678947,20.000000,0.585366
0.050000,0.319531,2.347826,29.374794,1.911111,36.000000,0.701299
0.058824,0.566730,1.200000,26.994636,1.995968,32.000000,0.545455
0.058824,0.588136,2.587156,28.457971,2.273180,67.000000,0.721228
0.050000,0.358860,1.411765,29.197037,1.678947,20.000000,0.585366
0.050000,0.319531,2.347826,29.374794,1.911111,36.000000,0.701299
0.050000,0.319531,2.347826,29.374794,1.911111,36.000000,0.701299
0.050000,0.394922,1.411765,29.197037,1.678947,20.000000,0.585366
0.058824,1.000000,1.200000,26.994636,1.995968,32.000000,0.545455
0.058824,0.588136,2.587156,28.457971,2.273180,67.000000,0.721228
0.100000,0.151118,2.720588,29.278523,1.956811,43.000000,0.731225
0.100000,0.205661,2.230769,29.990342,1.731579,20.000000,0.690476
0.050000,0.755232,1.166667,28.231081,1.879570,31.000000,0.538462
0.050000,0.226539,2.963964,24.740669,2.539261,86.000000,0.747727
0.050000,0.394922,1.411765,29.197037,1.678947,20.000000,0.585366
0.050000,0.319531,2.347826,29.374794,1.911111,36.000000,0.701299
0.166667,0.509508,1.961538,29.900644,1.823810,21.000000,0.662338
0.166667,0.113383,1.961538,29.900644,1.823810,21.000000,0.662338
0.166667,0.134837,2.000000,17.294768,1.333333,6.000000,0.666667
0.166667,0.587016,3.804878,28.125139,1.879365,36.000000,0.791878
0.125000,0.315175,1.489583,21.862823,1.820768,38.000000,0.598326
0.125000,0.034483,1.571429,22.332828,1.607143,8.000000,0.611111
0.166667,0.134837,2.000000,17.294768,1.333333,6.000000,0.666667
0.166667,0.587016,3.804878,28.125139,1.879365,36.000000,0.791878
0.026316,0.328409,1.505263,20.434659,1.820768,38.000000,0.600840
0.026316,0.057771,0.965035,29.244012,2.048780,41.000000,0.491103
0.052632,0.328409,1.505263,20.434659,1.820768,38.000000,0.600840
0.052632,0.363612,1.780000,28.355504,1.479532,19.000000,0.640288
0.111111,0.117808,1.538462,21.459438,1.444444,9.000000,0.606061
0.111111,0.024691,2.382353,28.765168,1.614286,21.000000,0.704348
0.035714,0.328409,1.505263,20.434659,1.820768,38.000000,0.600840
0.035714,0.310492,1.684211,28.509834,1.835979,28.000000,0.627451
0.100000,0.328409,1.505263,20.434659,1.820768,38.000000,0.600840
0.100000,0.031111,5.833333,28.934033,1.222222,10.000000,0.853659
0.071429,0.102054,1.584906,26.524756,2.045977,30.000000,0.613139
0.062500,0.683787,3.600000,29.116990,2.225071,27.000000,0.782609
0.062500,0.117224,1.833333,19.996158,1.720588,17.000000,0.647059
0.071429,0.019948,1.961538,26.830775,2.073684,20.000000,0.662338
0.071429,0.091893,0.971429,29.665872,2.033333,40.000000,0.492754
0.090909,0.195268,1.692308,20.349195,1.720588,17.000000,0.628571
0.090909,0.583648,2.166667,26.636331,1.581818,11.000000,0.684211
0.250000,0.364130,3.066667,28.895180,1.705882,17.000000,0.754098
0.062500,0.117224,1.833333,19.996158,1.720588,17.000000,0.647059
0.062500,0.661663,3.600000,29.116990,2.225071,27.000000,0.782609
0.200000,0.425968,3.285714,28.150283,1.705882,17.000000,0.766667
0.055556,0.647321,2.478261,26.530626,1.692810,18.000000,0.712500
0.050000,0.836717,1.441176,30.000000,1.921053,20.000000,0.590361
0.055556,0.647321,2.478261,26.530626,1.692810,18.000000,0.712500
0.058824,0.551659,1.583333,26.614465,1.720588,17.000000,0.612903
0.058824,0.551659,1.583333,26.614465,1.720588,17.000000,0.612903
0.050000,0.836717,1.441176,30.000000,1.921053,20.000000,0.590361
0.041667,0.893494,2.114286,29.246470,1.804348,24.000000,0.678899
0.041667,0.893494,2.114286,29.246470,1.804348,24.000000,0.678899
0.050000,0.827537,1.484848,30.000000,1.921053,20.000000,0.597561
0.050000,0.827537,1.484848,30.000000,1.921053,20.000000,0.597561
0.047619,0.122091,1.918919,26.892637,2.027656,68.000000,0.657407
0.047619,0.116655,1.555556,25.039073,1.666667,21.000000,0.608696
0.071429,0.101908,2.204545,26.115318,2.002016,32.000000,0.687943
0.100000,0.032558,1.818182,28.121806,1.555556,10.000000,0.645161
0.100000,0.116655,1.555556,25.039073,1.666667,21.000000,0.608696
0.047619,0.012987,1.830508,27.259050,1.830688,28.000000,0.646707
0.047619,0.116655,1.555556,25.039073,1.666667,21.000000,0.608696
0.047619,0.052704,1.396040,20.785990,1.976829,41.000000,0.582645
0.047619,0.134063,1.521739,25.793804,1.666667,21.000000,0.603448
0.071429,0.235164,1.000000,28.595378,2.030159,36.000000,0.500000
0.263158,1.000000,2.900000,9.294198,1.472727,11.000000,0.743590
0.250000,1.000000,3.666667,27.915399,1.642857,8.000000,0.785714
0.031250,1.000000,3.000000,28.087083,1.875000,32.000000,0.750000
0.031250,0.014311,4.056604,27.154965,2.317669,57.000000,0.802239
0.090909,0.626828,1.526316,30.000000,1.472727,11.000000,0.604167
0.250000,0.092066,2.718310,29.259806,1.900634,44.000000,0.731061
0.050000,0.034620,1.709677,24.161736,1.831579,20.000000,0.630952
0.050000,0.182564,2.535714,28.226889,1.692641,22.000000,0.717172
0.111111,1.000000,1.545455,20.257980,1.583333,9.000000,0.607143
0.111111,0.122889,2.730769,27.219550,1.692641,22.000000,0.731959
0.200000,0.493156,2.069767,28.848622,2.201613,32.000000,0.674242
0.200000,0.792236,2.069767,28.848622,2.201613,32.000000,0.674242
0.200000,0.986440,2.069767,28.848622,2.201613,32.000000,0.674242
0.100000,0.065164,1.396040,20.785990,1.976829,41.000000,0.582645
0.100000,0.427520,1.515152,29.430602,1.800000,21.000000,0.602410
0.153846,0.282883,4.833333,27.858417,1.575000,16.000000,0.828571
0.100000,0.202744,1.603774,27.964119,1.880000,26.000000,0.615942
0.200000,0.367800,1.708333,29.624528,1.883598,28.000000,0.630769
0.066667,0.244570,1.863636,25.962347,1.638095,15.000000,0.650794
0.066667,0.890111,2.809524,21.213397,1.807018,19.000000,0.737500
0.200000,0.682756,2.333333,29.374010,1.300000,5.000000,0.700000
0.200000,0.367800,1.708333,29.624528,1.883598,28.000000,0.630769
0.052632,0.357937,1.770833,28.791356,1.502924,19.000000,0.639098
0.052632,0.768459,2.125000,27.227601,1.785714,21.000000,0.680000
0.066667,0.166298,2.465116,29.496901,1.987589,48.000000,0.711409
0.066667,0.278079,1.785714,30.000000,1.735294,17.000000,0.641026
0.066667,0.278079,1.785714,30.000000,1.735294,17.000000,0.641026
0.066667,0.166298,2.465116,29.496901,1.987589,48.000000,0.711409
0.083333,0.142567,2.000000,27.362950,1.636364,12.000000,0.666667
0.083333,0.161037,4.056604,27.154965,2.317669,57.000000,0.802239
0.041667,0.773576,1.728814,26.718234,1.826211,27.000000,0.633540
0.041667,0.004163,2.204545,26.115318,2.002016,32.000000,0.687943
0.047619,0.406575,1.314815,27.233478,1.747619,21.000000,0.568000
0.047619,0.538462,1.581818,26.158058,1.785714,29.000000,0.612676
0.047619,0.406575,1.314815,27.233478,1.747619,21.000000,0.568000
0.047619,0.004329,1.878788,27.891525,1.807971,24.000000,0.652632
0.250000,0.724910,2.318182,28.885269,1.750000,25.000000,0.698630
0.083333,0.316301,2.062500,28.128656,1.500000,12.000000,0.673469
0.083333,0.931125,1.366667,27.427246,1.679654,22.000000,0.577465
0.125000,1.000000,2.250000,30.000000,1.555556,9.000000,0.692308
0.047619,0.406575,1.314815,27.233478,1.747619,21.000000,0.568000
0.047619,0.038599,2.581395,28.589973,2.020392,51.000000,0.720779
0.047619,0.406575,1.314815,27.233478,1.747619,21.000000,0.568000
0.047619,0.038599,2.581395,28.589973,2.020392,51.000000,0.720779
0.055556,0.784061,1.717949,24.348620,1.689474,20.000000,0.632075
0.125000,1.000000,1.571429,23.846421,1.607143,8.000000,0.611111
0.125000,0.118436,1.551020,22.145766,1.817814,39.000000,0.608000
0.125000,0.187354,3.047619,27.661004,1.905138,23.000000,0.752941
0.125000,1.000000,1.571429,22.332828,1.607143,8.000000,0.611111
0.125000,0.141348,1.014925,29.358168,2.037179,40.000000,0.503704
0.125000,1.000000,1.571429,22.332828,1.607143,8.000000,0.611111
0.043478,0.172726,2.021277,28.914003,2.222816,34.000000,0.669014
0.043478,0.529051,2.523256,28.858889,2.013878,50.000000,0.716172
0.142857,0.568550,1.545455,27.998764,1.392857,8.000000,0.607143
0.142857,0.733873,3.294118,29.789039,1.912281,39.000000,0.767123
0.142857,0.662509,2.913793,30.000000,1.932051,40.000000,0.744493
0.142857,0.568550,1.545455,27.998764,1.392857,8.000000,0.607143
0.142857,0.733873,3.294118,29.789039,1.912281,39.000000,0.767123
0.142857,0.662509,2.913793,30.000000,1.932051,40.000000,0.744493
0.043478,0.529051,2.523256,28.858889,2.013878,50.000000,0.716172
0.043478,0.172726,2.021277,28.914003,2.222816,34.000000,0.669014
0.062500,0.631488,2.891892,28.041737,1.941935,31.000000,0.743056
0.062500,1.000000,2.000000,16.381054,1.783333,16.000000,0.666667
0.062500,0.631488,2.891892,28.041737,1.941935,31.000000,0.743056
0.062500,1.000000,2.000000,16.381054,1.783333,16.000000,0.666667
0.058824,0.550038,1.583333,26.614465,1.720588,17.000000,0.612903
0.058824,0.662509,2.913793,30.000000,1.932051,40.000000,0.744493
0.142857,0.307643,1.875000,27.103306,1.285714,7.000000,0.652174
0.142857,0.322321,2.250000,13.530000,2.175000,16.000000,0.692308
0.043478,0.529051,2.523256,28.858889,2.013878,50.000000,0.716172
0.043478,0.910328,2.021277,28.914003,2.222816,34.000000,0.669014
0.035714,0.529051,2.523256,28.858889,2.013878,50.000000,0.716172
0.043478,0.529051,2.523256,28.858889,2.013878,50.000000,0.716172
0.043478,0.819654,2.021277,28.914003,2.222816,34.000000,0.669014
0.035714,0.529051,2.523256,28.858889,2.013878,50.000000,0.716172
0.043478,0.819654,2.021277,28.914003,2.222816,34.000000,0.669014
0.043478,0.529051,2.523256,28.858889,2.013878,50.000000,0.716172
0.043478,0.910328,2.021277,28.914003,2.222816,34.000000,0.669014
0.043478,0.529051,2.523256,28.858889,2.013878,50.000000,0.716172
0.058824,0.550038,1.583333,26.614465,1.720588,17.000000,0.612903
0.058824,0.662509,2.913793,30.000000,1.932051,40.000000,0.744493
0.052632,0.608459,1.971154,27.951406,1.989518,54.000000,0.663430
0.055556,0.689370,1.888889,27.305850,2.018462,26.000000,0.653846
0.090909,0.196120,1.792453,30.000000,1.868966,30.000000,0.641892
0.090909,0.851472,1.588235,27.047122,1.509091,11.000000,0.613636
0.090909,0.000000,1.928571,28.724040,1.747253,14.000000,0.658537
0.090909,0.851472,1.588235,27.047122,1.509091,11.000000,0.613636
0.090909,0.196120,1.792453,30.000000,1.868966,30.000000,0.641892
0.090909,0.851472,1.588235,27.047122,1.509091,11.000000,0.613636
0.125000,0.004367,1.545455,24.079897,1.392857,8.000000,0.607143
0.125000,0.850266,1.588235,27.719515,1.509091,11.000000,0.613636
0.090909,0.409433,1.400000,27.836910,1.803922,18.000000,0.583333
0.090909,0.851472,1.588235,27.047122,1.509091,11.000000,0.613636
0.142857,0.037090,1.933333,28.796056,1.967391,24.000000,0.659091
0.285714,1.000000,1.483871,24.958852,1.771930,19.000000,0.597403
0.285714,1.000000,2.000000,24.224541,1.466667,6.000000,0.666667
0.250000,0.834469,1.381818,27.955399,1.956923,26.000000,0.580153
0.045455,0.749602,1.911765,29.417765,1.874459,22.000000,0.656566
0.045455,0.247837,1.049505,28.175624,2.024955,34.000000,0.512077
0.050000,0.686836,1.553571,28.499118,1.933862,28.000000,0.608392
0.050000,0.987754,1.656250,21.206862,1.784211,20.000000,0.623529
0.047619,0.970655,1.730769,25.522851,2.019048,21.000000,0.633803
0.047619,0.471511,1.800000,28.003812,1.973485,33.000000,0.642857
0.083333,0.766100,1.838710,26.168051,1.926407,22.000000,0.647727
0.083333,0.000000,1.866667,29.233729,1.621212,12.000000,0.651163
0.111111,0.319034,1.448276,25.947243,1.803922,18.000000,0.591549
0.161290,0.795182,1.936000,28.167789,2.000546,61.000000,0.659401
0.100000,0.928121,2.622951,27.348942,2.025822,72.000000,0.723982
0.100000,0.384615,1.750000,28.599134,1.533333,10.000000,0.636364
0.100000,0.435559,7.000000,26.253609,1.222222,10.000000,0.875000
0.100000,0.766064,1.879032,28.514532,2.005650,60.000000,0.652661
0.161290,0.795634,2.062500,27.942614,2.002922,59.000000,0.673469
0.090909,0.751301,1.971154,27.951406,1.989518,54.000000,0.663430
0.090909,1.000000,1.705882,24.135887,1.621212,12.000000,0.630435
0.052632,0.572683,1.314815,27.233478,1.747619,21.000000,0.568000
0.052632,0.856072,1.987013,27.488915,2.020121,71.000000,0.665217
0.263158,0.420080,1.611111,21.852273,1.725146,19.000000,0.617021
0.076923,0.096246,1.857143,29.336943,1.760000,26.000000,0.650000
0.076923,0.512536,1.521739,25.576062,1.666667,21.000000,0.603448
0.090909,0.199332,2.000000,22.642097,1.454545,11.000000,0.666667
0.200000,0.297239,2.333333,26.675847,1.992647,17.000000,0.700000
0.133333,0.363643,4.823529,26.437457,1.615789,20.000000,0.828283
0.142857,0.122807,2.000000,24.266263,1.238095,7.000000,0.666667
0.200000,0.297239,2.333333,26.675847,1.992647,17.000000,0.700000
0.111111,0.230671,2.864583,25.155083,2.283450,66.000000,0.741240
0.125000,0.259761,1.636364,19.481179,1.357143,8.000000,0.620690
0.125000,0.004367,2.062500,28.443692,1.628205,13.000000,0.673469
0.043478,0.432481,1.804878,30.000000,1.760870,24.000000,0.643478
0.066667,0.563877,1.964286,30.000000,1.514286,15.000000,0.662651
0.066667,1.000000,2.071429,28.168067,1.967391,24.000000,0.674419
0.142857,1.000000,2.500000,28.932051,1.930736,22.000000,0.714286
0.043478,0.432481,1.804878,30.000000,1.760870,24.000000,0.643478
0.045455,0.233767,1.333333,29.167833,1.841897,23.000000,0.571429
0.058824,1.000000,1.200000,26.994636,1.995968,32.000000,0.545455
0.058824,1.000000,2.071429,28.320237,1.967391,24.000000,0.674419
0.038462,1.000000,1.810811,29.249826,1.960000,26.000000,0.644231
0.038462,0.238627,2.103448,29.496214,1.826211,27.000000,0.677778
0.200000,0.507516,2.500000,30.000000,1.000000,5.000000,0.714286
0.058824,0.896862,1.521739,28.068854,1.837945,23.000000,0.603448
0.055556,1.000000,1.933333,29.253157,1.967391,24.000000,0.659091
0.055556,0.691267,1.166667,28.231081,1.879570,31.000000,0.538462
0.200000,0.661253,1.733333,30.000000,1.651515,12.000000,0.634146
0.125000,0.203377,1.416667,29.649787,1.428571,8.000000,0.586207
0.125000,0.296569,3.384615,24.309704,2.058824,18.000000,0.771930
0.076923,0.551783,2.916667,29.620997,1.966667,16.000000,0.744681
0.076923,1.000000,1.750000,26.408586,1.681319,14.000000,0.636364
0.200000,0.629228,1.909091,15.792284,1.618182,11.000000,0.656250
0.125000,0.084495,1.646154,29.340800,1.834483,30.000000,0.622093
0.111111,0.465673,3.047619,24.199285,2.213768,24.000000,0.752941
0.142857,0.029326,2.433735,28.446665,1.843552,44.000000,0.708772
0.043478,0.791224,2.021277,28.914003,2.222816,34.000000,0.669014
0.043478,0.382833,1.521739,23.036566,1.953846,40.000000,0.603448
0.100000,0.635229,1.750000,28.599134,1.533333,10.000000,0.636364
0.100000,0.107151,1.420000,30.000000,1.786561,23.000000,0.586777
0.100000,0.028718,1.420000,30.000000,1.786561,23.000000,0.586777
0.100000,0.635229,1.750000,28.599134,1.533333,10.000000,0.636364
0.111111,0.337751,3.555556,29.476133,1.584416,22.000000,0.780488
0.100000,0.004329,3.714286,25.528678,1.666667,16.000000,0.787879
0.043478,0.066812,2.021277,28.914003,2.222816,34.000000,0.669014
0.043478,0.382833,1.521739,23.036566,1.953846,40.000000,0.603448
0.100000,0.172797,2.250000,13.530000,2.175000,16.000000,0.692308
0.043478,0.915123,2.021277,28.914003,2.222816,34.000000,0.669014
0.043478,0.382833,1.521739,23.036566,1.953846,40.000000,0.603448
0.100000,0.080890,1.420000,30.000000,1.786561,23.000000,0.586777
0.100000,0.635229,1.750000,28.599134,1.533333,10.000000,0.636364
0.052632,0.362715,1.642857,28.561153,1.643275,19.000000,0.621622
0.052632,1.000000,1.535714,17.404225,1.871345,19.000000,0.605634
0.111111,0.627131,2.166667,26.492792,1.725000,16.000000,0.684211
0.111111,0.819649,1.700000,30.000000,1.527778,9.000000,0.629630
0.062500,1.000000,1.535714,17.404225,1.871345,19.000000,0.605634
0.062500,0.074203,1.620690,29.567947,1.633333,16.000000,0.618421
0.062500,0.154796,2.304348,30.000000,1.705882,18.000000,0.697368
0.062500,0.627131,2.166667,26.492792,1.725000,16.000000,0.684211
0.111111,0.441101,2.000000,26.683444,1.864615,26.000000,0.666667
0.200000,0.106633,2.421053,28.483243,1.666667,24.000000,0.707692
0.166667,0.290004,1.588235,26.715270,1.825610,41.000000,0.613636
0.025641,0.409467,1.000000,29.493937,2.037179,40.000000,0.500000
0.025641,0.362505,1.551020,22.145766,1.817814,39.000000,0.608000
0.025641,0.362505,1.551020,22.145766,1.817814,39.000000,0.608000
0.025641,0.459392,1.396040,21.541999,1.976829,41.000000,0.582645
0.125000,0.402267,1.596774,29.045455,1.958333,33.000000,0.614907
0.125000,0.719479,1.555556,22.536638,1.500000,8.000000,0.608696
0.142857,0.960499,1.666667,26.321455,1.523810,7.000000,0.625000
0.142857,1.000000,1.714286,15.974677,1.571429,8.000000,0.631579
0.071429,0.783683,1.031250,26.515576,1.681319,14.000000,0.507692
0.071429,1.000000,1.392157,30.000000,1.786561,23.000000,0.581967
0.071429,0.077717,1.392157,30.000000,1.786561,23.000000,0.581967
0.071429,0.783683,1.031250,26.515576,1.681319,14.000000,0.507692
0.142857,0.012987,2.333333,29.690055,1.333333,7.000000,0.700000
0.142857,0.783683,1.031250,26.515576,1.681319,14.000000,0.507692
0.071429,0.008136,1.392157,30.000000,1.786561,23.000000,0.581967
0.071429,0.783683,1.031250,26.515576,1.681319,14.000000,0.507692
0.125000,0.402267,1.596774,29.045455,1.958333,33.000000,0.614907
0.125000,0.719479,1.555556,22.536638,1.500000,8.000000,0.608696
0.071429,0.041539,2.976923,28.154809,2.551332,97.000000,0.748549
0.071429,0.783683,1.031250,26.515576,1.681319,14.000000,0.507692
0.133333,0.312226,5.611111,26.970838,1.601732,22.000000,0.848739
0.090909,1.000000,1.529412,29.715459,1.600000,11.000000,0.604651
0.090909,0.500893,1.576923,25.220898,1.658333,16.000000,0.611940
0.142857,0.050000,2.000000,27.896336,1.238095,7.000000,0.666667
0.125000,1.000000,2.714286,24.693237,2.066667,10.000000,0.730769
0.125000,0.150985,2.069767,28.848622,2.201613,32.000000,0.674242
0.125000,1.000000,2.714286,24.693237,2.066667,10.000000,0.730769
0.125000,1.000000,2.069767,28.848622,2.201613,32.000000,0.674242
0.125000,1.000000,2.714286,24.693237,2.066667,10.000000,0.730769
0.125000,0.824615,2.069767,28.848622,2.201613,32.000000,0.674242
0.038462,0.539287,2.000000,26.558956,1.864615,26.000000,0.666667
0.038462,0.306249,1.967742,29.871607,1.826211,27.000000,0.663043
0.166667,0.240307,2.047619,27.711347,2.052288,18.000000,0.671875
0.200000,1.000000,2.219512,23.424590,1.992611,29.000000,0.689394
0.200000,1.000000,2.219512,23.424590,1.992611,29.000000,0.689394
0.200000,0.858058,2.219512,23.424590,1.992611,29.000000,0.689394
0.250000,0.445452,1.653846,28.324270,1.638095,15.000000,0.623188
0.142857,0.599259,1.420000,29.652251,1.786561,23.000000,0.586777
0.142857,0.206816,3.724138,29.361118,2.209644,54.000000,0.788321
0.142857,0.648528,1.420000,29.652251,1.786561,23.000000,0.586777
0.142857,0.463271,1.420000,29.652251,1.786561,23.000000,0.586777
0.100000,0.954308,1.730769,25.522851,2.019048,21.000000,0.633803
0.100000,0.004831,2.083333,27.385248,1.466667,10.000000,0.675676
0.142857,0.004292,1.666667,30.000000,1.523810,7.000000,0.625000
0.066667,0.221809,2.782609,22.615500,2.394180,28.000000,0.735632
0.066667,0.193370,1.625000,26.534604,1.657143,15.000000,0.619048
0.062500,0.259695,2.680000,25.826426,2.423645,29.000000,0.728261
0.166667,0.221809,2.782609,22.615500,2.394180,28.000000,0.735632
0.083333,0.175196,1.822581,28.466392,1.939496,35.000000,0.645714
0.083333,0.965745,1.031250,26.515576,1.681319,14.000000,0.507692
0.083333,0.144438,1.928571,29.482530,1.747253,14.000000,0.658537
0.083333,0.965745,1.031250,26.515576,1.681319,14.000000,0.507692
0.083333,0.175196,1.822581,28.466392,1.939496,35.000000,0.645714
0.083333,0.965745,1.031250,26.515576,1.681319,14.000000,0.507692
0.125000,0.008696,1.545455,25.447392,1.392857,8.000000,0.607143
0.125000,0.965745,1.031250,26.515576,1.681319,14.000000,0.507692
0.083333,0.965745,1.031250,26.515576,1.681319,14.000000,0.507692
0.083333,0.418710,1.612903,26.690159,1.800000,20.000000,0.617284
0.066667,0.287848,3.392857,27.573755,1.981609,30.000000,0.772358
0.066667,0.769307,1.625000,26.534604,1.657143,15.000000,0.619048
0.200000,0.769307,1.625000,26.534604,1.657143,15.000000,0.619048
0.066667,0.838013,1.625000,29.354171,1.657143,15.000000,0.619048
0.142857,1.000000,1.666667,28.421053,1.590643,19.000000,0.625000
0.090909,0.164990,3.076923,28.238605,1.600000,25.000000,0.754717
0.166667,0.000000,2.800000,30.000000,1.066667,6.000000,0.736842
0.250000,0.136799,2.227273,28.665476,2.047619,21.000000,0.690141
0.142857,0.676032,1.666667,28.421053,1.590643,19.000000,0.625000
0.142857,0.958166,1.666667,28.421053,1.590643,19.000000,0.625000
0.027027,0.188355,1.852459,25.999836,2.108108,37.000000,0.649425
0.027027,0.000000,1.776471,29.275247,1.952381,42.000000,0.639831
0.090909,0.188355,1.852459,25.999836,2.108108,37.000000,0.649425
0.090909,0.000000,2.888889,28.772289,1.527273,11.000000,0.742857
0.090909,0.000000,2.888889,28.772289,1.527273,11.000000,0.742857
0.090909,0.151088,1.852459,25.999836,2.108108,37.000000,0.649425
0.027027,0.000000,1.776471,29.275247,1.952381,42.000000,0.639831
0.027027,0.032999,1.852459,25.999836,2.108108,37.000000,0.649425
0.090909,0.000000,2.888889,28.772289,1.527273,11.000000,0.742857
0.090909,0.032999,1.852459,25.999836,2.108108,37.000000,0.649425
0.027027,0.000000,1.776471,29.275247,1.952381,42.000000,0.639831
0.027027,0.188355,1.852459,25.999836,2.108108,37.000000,0.649425
0.027027,0.000000,1.776471,29.275247,1.952381,42.000000,0.639831
0.027027,0.151088,1.852459,25.999836,2.108108,37.000000,0.649425
0.090909,0.188355,1.852459,25.999836,2.108108,37.000000,0.649425
0.090909,0.000000,2.888889,28.772289,1.527273,11.000000,0.742857
0.200000,0.107551,2.900000,29.875040,1.866667,21.000000,0.743590
0.047619,0.045202,1.531915,23.605099,2.025641,27.000000,0.605042
0.047619,0.017415,2.521739,28.800738,1.866667,21.000000,0.716049
0.083333,0.212809,1.000000,28.809002,2.033333,40.000000,0.500000
0.100000,0.004329,2.200000,28.263917,1.511111,10.000000,0.687500
0.100000,0.300936,1.633333,26.867354,1.783626,19.000000,0.620253
0.055556,0.004329,1.892857,30.000000,1.705882,18.000000,0.654321
0.055556,0.300936,1.633333,26.867354,1.783626,19.000000,0.620253
0.062500,0.012255,3.234375,28.778290,2.536364,100.000000,0.763838
0.250000,0.076001,2.546512,28.031203,1.940476,49.000000,0.718033
0.055556,0.289538,2.000000,27.454812,1.766382,27.000000,0.666667
0.033333,0.474009,1.701754,28.008615,1.933468,32.000000,0.629870
0.033333,0.474009,1.701754,28.008615,1.933468,32.000000,0.629870
0.125000,1.000000,1.416667,26.250000,1.428571,8.000000,0.586207
0.025000,0.009829,2.643836,29.773298,1.900634,44.000000,0.725564
0.200000,0.622178,1.852459,25.999836,2.108108,37.000000,0.649425
0.200000,0.817483,1.852459,25.999836,2.108108,37.000000,0.649425
0.200000,0.817483,1.852459,25.999836,2.108108,37.000000,0.649425
0.125000,1.000000,2.285714,30.000000,1.428571,8.000000,0.695652
0.200000,0.669212,1.852459,25.999836,2.108108,37.000000,0.649425
0.071429,0.675651,3.877193,29.340250,2.206734,55.000000,0.794964
0.071429,1.000000,1.611111,9.472947,1.681319,14.000000,0.617021
0.111111,0.008475,1.777778,21.909767,1.555556,9.000000,0.640000
0.111111,0.584585,3.564516,29.736321,2.206734,55.000000,0.780919
0.125000,0.000000,2.698795,28.996990,1.844588,47.000000,0.729642
0.083333,0.264646,1.937500,27.938160,1.590909,12.000000,0.659574
0.166667,0.019608,3.666667,28.336265,1.266667,6.000000,0.785714
0.062500,0.085580,1.789474,25.043956,1.716667,16.000000,0.641509
0.166667,0.004219,1.833333,26.989633,1.266667,6.000000,0.647059
0.037037,0.012041,1.868852,28.039606,1.903226,31.000000,0.651429
0.037037,0.329770,1.119048,30.000000,2.014778,29.000000,0.528090
0.037037,0.128191,1.791667,29.875746,1.940256,38.000000,0.641791
0.037037,0.329770,1.119048,30.000000,2.014778,29.000000,0.528090
0.037037,0.128191,1.791667,29.875746,1.940256,38.000000,0.641791
0.142857,0.288542,1.545455,29.387270,1.392857,8.000000,0.607143
0.111111,0.008264,3.228571,28.880258,2.200000,56.000000,0.763514
0.090909,1.000000,1.666667,28.029124,1.894737,19.000000,0.625000
0.038462,0.320866,1.725490,25.407697,1.861538,26.000000,0.633094
0.038462,0.055901,1.551724,29.660258,1.793103,30.000000,0.608108
0.040000,0.047404,2.093750,29.410974,1.806667,25.000000,0.676768
0.040000,0.320866,1.725490,25.407697,1.861538,26.000000,0.633094
0.090909,0.249078,1.687500,24.514158,1.820513,13.000000,0.627907
0.090909,0.405780,1.692308,25.722413,1.654545,11.000000,0.628571
0.090909,0.046632,2.062500,25.527551,1.891667,16.000000,0.673469
0.066667,0.166906,1.739130,26.218429,1.619048,15.000000,0.634921
0.066667,0.617238,1.640000,29.148214,1.638095,15.000000,0.621212
0.100000,0.617238,1.640000,29.548852,1.638095,15.000000,0.621212
0.100000,0.188841,1.666667,23.338647,1.666667,10.000000,0.625000
0.090909,0.363755,3.708333,27.550617,1.931217,28.000000,0.787611
0.090909,0.313483,1.833333,17.585669,1.654545,11.000000,0.647059
0.090909,0.011663,2.062500,28.216998,1.881423,23.000000,0.673469
0.166667,0.375364,1.714286,13.331708,1.600000,16.000000,0.631579
0.076923,1.000000,1.700000,30.000000,1.564103,13.000000,0.629630
0.076923,0.109943,1.700000,30.000000,1.564103,13.000000,0.629630
0.041667,0.156904,2.215686,25.382571,1.868966,30.000000,0.689024
0.041667,0.824785,2.138889,30.000000,1.757246,24.000000,0.681416
0.041667,0.824785,2.138889,30.000000,1.757246,24.000000,0.681416
0.041667,0.137990,2.215686,25.382571,1.868966,30.000000,0.689024
0.041667,0.156904,2.215686,25.382571,1.868966,30.000000,0.689024
0.041667,0.824785,2.138889,30.000000,1.757246,24.000000,0.681416
0.100000,0.890548,1.523810,30.000000,1.884058,24.000000,0.603774
0.100000,0.382857,2.133333,28.842089,1.742857,15.000000,0.680851
0.052632,0.001936,1.297872,27.707538,1.666667,19.000000,0.564815
0.111111,0.682089,14.000000,30.000000,1.222222,9.000000,0.933333
0.250000,0.927955,1.555556,27.497106,1.933333,30.000000,0.608696
0.100000,0.890548,1.523810,30.000000,1.884058,24.000000,0.603774
0.100000,0.382857,2.133333,28.842089,1.742857,15.000000,0.680851
0.041667,0.824785,2.138889,30.000000,1.757246,24.000000,0.681416
0.041667,0.137990,2.215686,25.382571,1.868966,30.000000,0.689024
0.041667,0.824785,2.138889,30.000000,1.757246,24.000000,0.681416
0.041667,0.112432,2.215686,25.382571,1.868966,30.000000,0.689024
0.041667,0.824785,2.138889,30.000000,1.757246,24.000000,0.681416
0.041667,0.112432,2.215686,25.382571,1.868966,30.000000,0.689024
0.250000,0.927955,1.555556,27.497106,1.933333,30.000000,0.608696
0.083333,0.300936,1.406250,26.730448,1.751634,18.000000,0.584416
0.043478,0.099408,2.689655,27.763713,1.966063,52.000000,0.728972
0.043478,0.307284,1.684211,21.118040,1.853755,23.000000,0.627451
0.200000,0.761224,1.952381,28.763854,1.666667,15.000000,0.661290
0.250000,0.092783,2.000000,30.000000,1.333333,4.000000,0.666667
0.033333,0.090017,2.147059,27.930319,1.832184,30.000000,0.682243
0.033333,0.322241,2.302326,25.855524,1.917241,30.000000,0.697183
0.062500,0.448129,4.166667,29.110414,1.777778,18.000000,0.806452
0.062500,0.051282,1.700000,28.661511,1.716667,16.000000,0.629630
0.142857,0.020747,3.000000,26.603182,1.428571,7.000000,0.750000
0.200000,0.026841,1.500000,20.549959,1.808824,17.000000,0.600000
0.034483,0.053002,1.920635,28.095333,1.895161,32.000000,0.657609
0.034483,0.000000,1.840000,29.104505,1.947436,40.000000,0.647887
0.166667,0.000000,1.833333,28.301314,1.266667,6.000000,0.647059
0.034483,0.000000,1.840000,29.104505,1.947436,40.000000,0.647887
0.058824,0.026841,1.500000,20.549959,1.808824,17.000000,0.600000
0.058824,0.090551,3.133858,29.202943,2.550810,98.000000,0.758095
0.250000,0.553576,1.596774,29.379162,1.958333,33.000000,0.614907
0.125000,0.425083,1.928571,29.105194,1.747253,14.000000,0.658537
0.142857,0.907272,1.666667,30.000000,1.285714,7.000000,0.625000
0.250000,0.553576,1.596774,29.379162,1.958333,33.000000,0.614907
0.125000,0.226755,2.300000,27.399615,1.862745,18.000000,0.696970
0.166667,0.138375,2.181818,29.223387,1.862366,31.000000,0.685714
0.166667,0.188577,2.181818,29.223387,1.862366,31.000000,0.685714
0.166667,0.197141,2.181818,29.223387,1.862366,31.000000,0.685714
0.090909,0.310788,1.470588,28.816613,1.800000,20.000000,0.595238
0.062500,0.069517,2.285714,28.323138,1.976285,23.000000,0.695652
0.200000,0.008130,2.000000,23.670156,1.571429,8.000000,0.666667
0.100000,1.000000,1.300000,30.000000,1.636364,12.000000,0.565217
0.111111,0.522501,0.986301,24.505981,1.953846,26.000000,0.496552
0.111111,0.502361,1.580645,18.808295,1.766082,19.000000,0.612500
0.111111,0.522501,0.986301,24.505981,1.953846,26.000000,0.496552
0.111111,0.502361,1.580645,18.808295,1.766082,19.000000,0.612500
0.100000,0.090497,1.174242,29.644866,2.011614,42.000000,0.540070
0.100000,0.586746,2.903226,29.445713,1.970443,29.000000,0.743802
0.100000,0.163932,3.232558,28.560725,2.542970,101.000000,0.763736
0.083333,0.089011,1.383333,30.000000,1.812308,26.000000,0.580420
0.100000,0.984561,2.666667,28.875898,1.777778,10.000000,0.727273
0.100000,0.050777,1.481481,30.000000,1.671429,21.000000,0.597015
0.100000,0.984561,2.666667,28.875898,1.777778,10.000000,0.727273
0.100000,0.029990,1.481481,30.000000,1.671429,21.000000,0.597015
0.083333,0.089011,1.383333,30.000000,1.812308,26.000000,0.580420
0.250000,0.101556,1.521739,26.446125,1.742857,15.000000,0.603448
0.100000,0.427524,1.809524,27.782237,1.638095,15.000000,0.644068
0.083333,0.089011,1.383333,30.000000,1.812308,26.000000,0.580420
0.100000,0.984561,2.666667,28.875898,1.777778,10.000000,0.727273
0.100000,0.080111,1.481481,30.000000,1.671429,21.000000,0.597015
0.083333,0.116913,1.383333,30.000000,1.812308,26.000000,0.580420
0.062500,0.053060,2.823529,29.804378,1.600000,16.000000,0.738462
0.200000,0.033898,3.500000,24.000000,1.300000,5.000000,0.777778
0.090909,0.214286,1.571429,13.869176,1.600000,11.000000,0.611111
0.125000,0.016722,2.700000,27.089492,1.895238,21.000000,0.729730
0.062500,0.176759,1.700000,26.673664,1.716667,16.000000,0.629630
0.062500,0.241130,3.228571,28.880258,2.200000,56.000000,0.763514
0.055556,0.094906,1.636364,26.871818,1.778947,20.000000,0.620690
0.250000,0.718141,3.739130,28.886211,2.203515,47.000000,0.788991
0.250000,1.000000,1.709677,30.000000,1.705882,18.000000,0.630952
0.055556,0.502361,1.580645,18.808295,1.766082,19.000000,0.612500
0.055556,1.000000,2.208333,30.000000,1.705882,18.000000,0.688312
0.083333,0.497061,1.400000,21.423221,1.794872,13.000000,0.583333
0.083333,0.273937,1.553571,29.414816,1.785714,29.000000,0.608392
0.166667,0.359188,1.072072,17.800517,2.036036,37.000000,0.517391
0.083333,0.273937,1.553571,29.414816,1.785714,29.000000,0.608392
0.083333,0.607946,1.400000,21.423221,1.794872,13.000000,0.583333
0.052632,0.023493,2.170213,28.505487,1.992424,33.000000,0.684564
0.052632,1.000000,1.785714,19.549310,1.894737,19.000000,0.641026
0.125000,0.304754,1.431034,30.000000,1.812308,26.000000,0.588652
0.125000,0.203591,1.500000,26.250000,1.500000,8.000000,0.600000
0.090909,0.053653,2.888889,29.073432,1.527273,11.000000,0.742857
0.090909,0.724496,1.900000,28.558197,2.125178,38.000000,0.655172
0.125000,0.303389,1.431034,30.000000,1.812308,26.000000,0.588652
0.125000,0.203591,1.500000,26.250000,1.500000,8.000000,0.600000
0.166667,0.087713,4.000000,29.629319,1.466667,6.000000,0.800000
0.166667,0.561646,4.428571,29.962341,1.590909,12.000000,0.815789
0.090909,0.053653,2.888889,29.073432,1.527273,11.000000,0.742857
0.090909,0.832807,1.900000,28.558197,2.125178,38.000000,0.655172
0.125000,0.304754,1.431034,30.000000,1.812308,26.000000,0.588652
0.125000,0.203591,1.500000,26.250000,1.500000,8.000000,0.600000
0.166667,0.087713,4.000000,29.629319,1.466667,6.000000,0.800000
0.166667,0.521726,4.428571,29.962341,1.590909,12.000000,0.815789
0.125000,0.203591,1.500000,26.250000,1.500000,8.000000,0.600000
0.125000,0.350395,1.431034,30.000000,1.812308,26.000000,0.588652
0.166667,0.087713,4.000000,29.629319,1.466667,6.000000,0.800000
0.166667,0.561646,4.428571,29.962341,1.590909,12.000000,0.815789
0.090909,0.732588,1.900000,28.558197,2.125178,38.000000,0.655172
0.090909,0.053653,2.888889,29.073432,1.527273,11.000000,0.742857
0.090909,0.053653,2.888889,29.073432,1.527273,11.000000,0.742857
0.090909,0.724496,1.900000,28.558197,2.125178,38.000000,0.655172
0.045455,0.734820,1.431373,25.375948,1.740260,22.000000,0.588710
0.045455,0.042235,1.857143,27.923444,1.849802,23.000000,0.650000
0.076923,0.734820,1.431373,25.375948,1.740260,22.000000,0.588710
0.076923,0.000000,1.733333,29.215981,1.666667,13.000000,0.634146
0.200000,0.315213,2.333333,12.506979,1.300000,5.000000,0.700000
0.200000,0.113431,2.333333,26.934634,1.806324,23.000000,0.700000
0.142857,0.106877,1.615385,28.333333,1.888889,18.000000,0.617647
0.200000,0.576416,1.666667,29.967805,1.333333,6.000000,0.625000
0.125000,1.000000,1.571429,13.869176,1.600000,11.000000,0.611111
0.125000,0.000000,2.500000,23.937075,1.750000,8.000000,0.714286
0.090909,0.456613,2.823529,29.844896,1.600000,16.000000,0.738462
0.090909,1.000000,1.571429,13.869176,1.600000,11.000000,0.611111
0.083333,0.016949,2.181818,28.063741,2.053333,25.000000,0.685714
0.062500,1.000000,2.000000,29.293458,1.736842,19.000000,0.666667
0.166667,0.018720,2.689655,27.763713,1.966063,52.000000,0.728972
0.166667,0.297742,2.250000,26.112989,1.400000,6.000000,0.692308
0.100000,0.498431,2.666667,30.000000,1.466667,10.000000,0.727273
0.076923,1.000000,1.562500,18.820554,1.673203,18.000000,0.609756
0.076923,1.000000,2.000000,30.000000,1.641026,13.000000,0.666667
0.076923,1.000000,1.562500,18.820554,1.673203,18.000000,0.609756
0.076923,1.000000,2.000000,30.000000,1.641026,13.000000,0.666667
0.111111,0.112235,1.878788,26.497773,2.070588,35.000000,0.652632
0.111111,0.715019,1.392857,26.878584,1.876923,26.000000,0.582090
0.076923,1.000000,1.562500,18.820554,1.673203,18.000000,0.609756
0.076923,1.000000,2.000000,30.000000,1.641026,13.000000,0.666667
0.076923,1.000000,1.562500,18.820554,1.673203,18.000000,0.609756
0.076923,1.000000,2.000000,30.000000,1.641026,13.000000,0.666667
0.028571,1.000000,3.738095,28.574902,2.220930,44.000000,0.788945
0.028571,0.001497,0.955357,29.142831,2.045378,35.000000,0.488584
0.090909,0.017735,1.431034,28.515561,1.812308,26.000000,0.588652
0.090909,0.647365,1.431034,28.515561,1.812308,26.000000,0.588652
0.090909,0.575465,1.431034,28.515561,1.812308,26.000000,0.588652
0.090909,0.575465,1.431034,28.515561,1.812308,26.000000,0.588652
0.045455,0.235536,1.062500,22.907231,2.036036,37.000000,0.515152
0.045455,0.133023,1.333333,25.921347,1.731602,22.000000,0.571429
0.045455,0.133023,1.333333,25.921347,1.731602,22.000000,0.571429
0.045455,0.006229,1.774194,27.015720,1.885057,30.000000,0.639535
0.066667,0.108529,1.333333,24.847826,1.828571,15.000000,0.571429
0.066667,0.532070,1.390625,28.645087,1.809117,27.000000,0.581699
0.066667,0.532070,1.390625,28.645087,1.809117,27.000000,0.581699
0.066667,0.108529,1.333333,24.847826,1.828571,15.000000,0.571429
0.066667,0.108529,1.333333,24.847826,1.828571,15.000000,0.571429
0.066667,0.532070,1.390625,28.645087,1.809117,27.000000,0.581699
0.066667,0.018284,1.390625,28.645087,1.809117,27.000000,0.581699
0.066667,0.108529,1.333333,24.847826,1.828571,15.000000,0.571429
0.058824,0.137645,1.583333,26.614465,1.720588,17.000000,0.612903
0.058824,0.196369,2.602151,26.333732,2.456541,68.000000,0.722388
0.055556,0.009664,2.612613,28.751462,2.273047,68.000000,0.723192
0.055556,1.000000,2.069767,28.848622,2.201613,32.000000,0.674242
0.055556,0.009664,2.612613,28.579679,2.273047,68.000000,0.723192
0.055556,0.009664,2.612613,28.751462,2.273047,68.000000,0.723192
0.055556,0.201322,2.069767,28.848622,2.201613,32.000000,0.674242
0.055556,0.573214,1.880000,27.694255,1.745098,18.000000,0.652778
0.055556,0.069116,2.892857,25.130423,2.011494,30.000000,0.743119
0.047619,0.417560,1.538462,28.170783,1.671429,21.000000,0.606061
0.047619,0.613803,3.081301,26.784759,2.550280,95.000000,0.754980
0.090909,1.000000,2.181818,27.305637,1.600000,11.000000,0.685714
0.090909,0.186065,2.574468,26.494335,2.456541,68.000000,0.720238
0.047619,0.241230,1.538462,28.170783,1.671429,21.000000,0.606061
0.047619,0.613803,3.081301,26.784759,2.550280,95.000000,0.754980
0.250000,0.499765,2.986667,28.636425,2.577323,107.000000,0.749164
0.047619,0.591254,3.198473,28.431124,2.613745,103.000000,0.761818
0.047619,0.898976,1.852459,25.999836,2.108108,37.000000,0.649425
0.047619,0.138399,1.538462,28.170783,1.671429,21.000000,0.606061
0.047619,0.613803,3.081301,26.784759,2.550280,95.000000,0.754980
0.058824,0.803157,1.285714,28.008242,1.794118,17.000000,0.562500
0.058824,0.417951,2.454545,28.531857,2.005398,39.000000,0.710526
0.043478,0.196312,1.358491,29.109186,1.806324,23.000000,0.576000
0.043478,0.553237,1.765957,27.082283,1.815385,26.000000,0.638462
0.033333,0.298089,1.774194,25.920006,1.885057,30.000000,0.639535
0.033333,0.097706,1.551724,29.957349,1.793103,30.000000,0.608108
0.066667,0.196312,1.358491,29.109186,1.806324,23.000000,0.576000
0.066667,0.067268,3.875000,29.305998,1.704762,15.000000,0.794872
0.038462,0.247429,2.151515,29.131006,1.809231,26.000000,0.682692
0.038462,0.298089,1.774194,25.920006,1.885057,30.000000,0.639535
0.062500,0.817925,2.823529,29.844896,1.600000,16.000000,0.738462
0.062500,0.298089,1.774194,25.920006,1.885057,30.000000,0.639535
0.043478,0.196312,1.358491,29.109186,1.806324,23.000000,0.576000
0.043478,0.105634,1.240000,29.743714,2.011614,42.000000,0.553571
0.071429,0.004082,1.543860,29.577873,1.778462,26.000000,0.606897
0.071429,0.019355,1.543860,29.577873,1.778462,26.000000,0.606897
0.071429,0.004082,1.543860,29.577873,1.778462,26.000000,0.606897
0.071429,0.004082,1.543860,29.577873,1.778462,26.000000,0.606897
0.090909,0.000000,2.600000,28.544556,1.527273,11.000000,0.722222
0.142857,1.000000,1.053097,23.939961,2.036036,37.000000,0.512931
0.058824,0.054872,2.000000,27.826155,1.705882,17.000000,0.666667
0.058824,1.000000,1.072072,17.800517,2.036036,37.000000,0.517391
0.142857,0.272785,3.000000,27.735529,1.428571,7.000000,0.750000
0.142857,1.000000,1.072072,17.800517,2.036036,37.000000,0.517391
0.031250,0.065430,1.861538,28.801819,1.895161,32.000000,0.650538
0.031250,1.000000,1.072072,17.800517,2.036036,37.000000,0.517391
0.027027,0.497842,3.006711,28.617211,2.624091,108.000000,0.750419
0.027027,1.000000,1.072072,17.800517,2.036036,37.000000,0.517391
0.027027,0.111346,1.792208,29.796386,1.947436,40.000000,0.641860
0.027027,1.000000,1.072072,17.800517,2.036036,37.000000,0.517391
0.027027,0.111346,1.792208,29.796386,1.947436,40.000000,0.641860
0.027027,1.000000,1.072072,17.800517,2.036036,37.000000,0.517391
0.058824,0.579410,1.884615,30.000000,1.639706,17.000000,0.653333
0.200000,0.000000,3.500000,26.928072,1.300000,5.000000,0.777778
0.058824,0.391919,1.689655,29.957494,1.639706,17.000000,0.628205
0.052632,0.463705,2.478261,24.150350,1.666667,19.000000,0.712500
0.058824,0.391919,1.689655,29.957494,1.639706,17.000000,0.628205
0.052632,0.463705,2.478261,24.150350,1.666667,19.000000,0.712500
0.111111,1.000000,1.866667,30.000000,1.222222,9.000000,0.651163
0.111111,1.000000,1.866667,30.000000,1.222222,9.000000,0.651163
0.111111,1.000000,1.866667,30.000000,1.222222,9.000000,0.651163
0.111111,1.000000,1.866667,30.000000,1.222222,9.000000,0.651163
0.125000,0.703302,1.390625,28.645087,1.809117,27.000000,0.581699
0.125000,0.096859,2.000000,26.404716,1.357143,8.000000,0.666667
0.090909,1.000000,2.600000,30.000000,1.527273,11.000000,0.722222
0.090909,0.703302,1.390625,28.645087,1.809117,27.000000,0.581699
0.125000,0.096859,2.000000,26.404716,1.357143,8.000000,0.666667
0.125000,0.703302,1.390625,28.645087,1.809117,27.000000,0.581699
0.090909,1.000000,2.600000,30.000000,1.527273,11.000000,0.722222
0.090909,0.703302,1.390625,28.645087,1.809117,27.000000,0.581699
0.125000,0.703302,1.390625,28.645087,1.809117,27.000000,0.581699
0.125000,0.096859,2.000000,26.404716,1.357143,8.000000,0.666667
0.125000,0.118433,1.390625,28.645087,1.809117,27.000000,0.581699
0.125000,0.096859,2.000000,26.404716,1.357143,8.000000,0.666667
0.090909,1.000000,2.600000,30.000000,1.527273,11.000000,0.722222
0.090909,0.118433,1.390625,28.645087,1.809117,27.000000,0.581699
0.090909,1.000000,2.600000,30.000000,1.527273,11.000000,0.722222
0.090909,0.703302,1.390625,28.645087,1.809117,27.000000,0.581699
0.055556,0.562642,2.000000,27.861239,1.838095,21.000000,0.666667
0.055556,0.225355,1.600000,10.050954,1.738562,18.000000,0.615385
0.125000,0.589718,2.000000,21.177804,1.392857,8.000000,0.666667
0.125000,1.000000,2.428571,26.844522,1.392857,8.000000,0.708333
0.090909,0.158272,3.219512,29.550529,1.932773,35.000000,0.763006
0.090909,0.158272,3.219512,29.550529,1.932773,35.000000,0.763006
0.066667,0.008197,2.122807,28.738043,1.974603,36.000000,0.679775
0.090909,0.158272,3.219512,29.550529,1.932773,35.000000,0.763006
0.125000,0.273395,2.650000,29.519537,1.873684,20.000000,0.726027
0.166667,0.137114,1.750000,29.902489,1.533333,6.000000,0.636364
0.076923,0.617526,1.733333,29.532478,1.666667,13.000000,0.634146
0.076923,0.022465,1.519231,25.575023,1.739130,23.000000,0.603053
0.142857,0.442611,2.483871,26.227979,1.984615,26.000000,0.712963
0.166667,0.745098,3.000000,26.034176,1.400000,6.000000,0.750000
0.250000,0.477392,1.473684,30.000000,1.794872,13.000000,0.595745
0.250000,0.168170,1.473684,30.000000,1.794872,13.000000,0.595745
0.200000,0.725985,1.526316,22.996550,1.719298,19.000000,0.604167
0.125000,0.473127,2.333333,29.840059,1.571429,8.000000,0.700000
0.125000,0.754113,2.250000,13.530000,2.175000,16.000000,0.692308
0.062500,0.691847,1.708333,29.624528,1.883598,28.000000,0.630769
0.062500,0.754113,2.250000,13.530000,2.175000,16.000000,0.692308
0.071429,0.757166,1.615385,28.333333,1.888889,18.000000,0.617647
0.071429,0.635776,1.346154,24.649560,1.775000,16.000000,0.573770
0.250000,0.818627,2.058824,26.695335,1.841667,16.000000,0.673077
0.062500,0.691847,1.708333,29.624528,1.883598,28.000000,0.630769
0.062500,0.754113,2.250000,13.530000,2.175000,16.000000,0.692308
0.052632,0.321796,0.951049,29.691393,2.037179,40.000000,0.487455
0.052632,1.000000,1.785714,19.549310,1.894737,19.000000,0.641026
0.038462,0.003012,2.294118,28.264027,2.061538,26.000000,0.696429
0.038462,0.025000,2.122807,28.738043,1.974603,36.000000,0.679775
0.043478,0.018231,1.972973,26.662218,1.856667,25.000000,0.663636
0.043478,0.687988,1.519231,25.575023,1.739130,23.000000,0.603053
0.066667,0.015125,1.196078,29.645407,1.917749,22.000000,0.544643
0.066667,0.508975,1.214286,25.786511,1.828571,15.000000,0.548387
0.062500,0.803254,1.954545,29.716919,1.666667,16.000000,0.661538
0.062500,0.000000,2.634146,30.000000,2.009470,33.000000,0.724832
0.090909,0.001345,1.871795,27.959719,1.856667,25.000000,0.651786
0.100000,0.074702,1.600000,25.272043,1.829710,24.000000,0.615385
0.100000,0.004292,6.000000,29.813462,1.466667,10.000000,0.857143
0.041667,0.004292,1.387597,28.836264,1.987879,45.000000,0.581169
0.041667,0.074702,1.600000,25.272043,1.829710,24.000000,0.615385
0.062500,0.140415,2.115385,29.108033,1.887446,22.000000,0.679012
0.062500,0.803254,1.954545,29.716919,1.666667,16.000000,0.661538
0.100000,0.004219,2.300000,30.000000,1.488889,10.000000,0.696970
0.100000,0.068422,2.090909,26.475119,1.794118,17.000000,0.676471
0.142857,0.437378,1.185185,24.898240,2.049933,39.000000,0.542373
0.050000,0.100133,2.318182,27.136938,1.731579,20.000000,0.698630
0.050000,0.437378,1.185185,24.898240,2.049933,39.000000,0.542373
0.030303,0.154113,1.694444,29.986226,1.929924,33.000000,0.628866
0.030303,0.437378,1.185185,24.898240,2.049933,39.000000,0.542373
0.025641,0.067496,2.709091,29.949544,1.834994,43.000000,0.730392
0.025641,0.437378,1.185185,24.898240,2.049933,39.000000,0.542373
0.100000,0.004219,2.300000,30.000000,1.488889,10.000000,0.696970
0.100000,0.068422,2.090909,26.475119,1.794118,17.000000,0.676471
0.025641,0.036801,2.000000,30.000000,1.929487,40.000000,0.666667
0.025641,0.437378,1.185185,24.898240,2.049933,39.000000,0.542373
0.025641,0.036801,2.000000,30.000000,1.929487,40.000000,0.666667
0.025641,0.437378,1.185185,24.898240,2.049933,39.000000,0.542373
0.142857,0.317073,1.590909,28.659027,1.775000,16.000000,0.614035
0.250000,0.128476,1.897059,28.572442,1.844920,34.000000,0.654822
0.125000,0.438805,1.876923,29.428677,1.929924,33.000000,0.652406
0.050000,0.019414,1.345455,26.088759,1.731225,23.000000,0.573643
0.050000,0.132055,1.196429,27.750585,1.757895,20.000000,0.544715
0.043478,0.019414,1.345455,26.088759,1.731225,23.000000,0.573643
0.043478,0.154987,1.758065,29.117592,1.882759,30.000000,0.637427
0.041667,0.356152,1.327586,28.750000,1.804348,24.000000,0.570370
0.041667,0.270207,2.020408,28.804633,1.852217,29.000000,0.668919
0.062500,0.138694,3.090909,28.999382,1.716667,16.000000,0.755556
0.062500,0.356152,1.327586,28.750000,1.804348,24.000000,0.570370
0.142857,0.004219,2.217391,28.224661,1.731579,20.000000,0.689189
0.142857,0.496248,1.625000,23.575590,1.380952,7.000000,0.619048
0.041667,0.132213,1.387597,28.589250,1.987879,45.000000,0.581169
0.041667,0.356152,1.327586,28.750000,1.804348,24.000000,0.570370
0.111111,0.020703,2.000000,28.686213,1.827692,26.000000,0.666667
0.100000,0.006340,1.456522,21.198681,1.996667,25.000000,0.592920
0.100000,0.427722,1.636364,26.871818,1.778947,20.000000,0.620690
0.040000,0.137395,2.315789,28.247231,1.869875,34.000000,0.698413
0.040000,0.006340,1.456522,21.198681,1.996667,25.000000,0.592920
0.125000,0.773880,1.426471,27.640128,1.827586,29.000000,0.587879
0.125000,0.773880,1.426471,27.640128,1.827586,29.000000,0.587879
0.125000,1.000000,2.888889,29.484015,1.527273,11.000000,0.742857
0.125000,0.773880,1.426471,27.640128,1.827586,29.000000,0.587879
0.125000,0.072961,1.426471,27.640128,1.827586,29.000000,0.587879
0.125000,1.000000,1.960000,30.000000,1.639706,17.000000,0.662162
0.083333,0.048571,2.294118,26.726191,1.911765,17.000000,0.696429
0.090909,0.796247,3.300000,26.413256,1.766667,16.000000,0.767442
0.090909,0.329290,2.750000,20.868035,1.745455,11.000000,0.733333
0.038462,0.356689,1.846154,28.692290,1.828629,32.000000,0.648649
0.038462,0.891159,1.418182,26.340959,1.876923,26.000000,0.586466
0.125000,0.157059,2.166667,30.000000,1.535714,8.000000,0.684211
0.100000,0.758813,2.454545,29.591941,1.750000,24.000000,0.710526
0.050000,1.000000,1.656250,21.206862,1.784211,20.000000,0.623529
0.050000,0.055865,1.088710,28.134702,2.013495,39.000000,0.521236
0.142857,0.661996,1.526316,22.996550,1.719298,19.000000,0.604167
0.200000,0.572596,2.600000,29.828144,1.802956,29.000000,0.722222
0.200000,0.169618,3.818182,30.000000,2.000000,17.000000,0.792453
0.200000,0.058221,2.555556,28.926970,1.847368,20.000000,0.718750
0.200000,0.169618,3.818182,30.000000,2.000000,17.000000,0.792453
0.200000,0.169618,3.818182,30.000000,2.000000,17.000000,0.792453
0.090909,0.000000,2.187500,27.409552,1.515152,12.000000,0.686275
0.090909,0.943709,1.615385,26.201303,1.727273,11.000000,0.617647
0.083333,0.658745,1.580645,20.342407,1.766082,19.000000,0.612500
0.142857,0.376025,2.022222,27.222426,1.862434,28.000000,0.669118
0.062500,0.502982,2.086207,29.578328,1.974603,36.000000,0.675978
0.052632,0.315153,1.580645,18.808295,1.766082,19.000000,0.612500
0.052632,0.215972,0.951049,29.705358,2.037179,40.000000,0.487455
0.040000,0.000000,1.809524,27.578511,1.936667,25.000000,0.644068
0.040000,0.857539,3.054054,28.807897,1.847312,31.000000,0.753333
0.050000,0.006340,1.456522,21.198681,1.996667,25.000000,0.592920
0.050000,0.123164,1.542857,29.843502,1.778947,20.000000,0.606742
0.037037,0.144405,2.361111,25.468429,2.039886,27.000000,0.702479
0.037037,0.527873,2.016667,29.757906,1.974603,36.000000,0.668508
0.041667,0.681941,2.020408,28.325683,1.852217,29.000000,0.668919
0.041667,0.006340,1.456522,21.198681,1.996667,25.000000,0.592920
0.076923,0.830633,1.542857,28.144737,1.684211,19.000000,0.606742
0.076923,0.034555,2.153846,30.000000,1.641026,13.000000,0.682927
0.076923,0.935635,1.333333,24.598166,1.638095,15.000000,0.571429
0.076923,0.034555,2.153846,30.000000,1.641026,13.000000,0.682927
0.076923,0.935635,1.333333,24.598166,1.638095,15.000000,0.571429
0.111111,0.364678,3.125000,17.384948,1.333333,9.000000,0.757576
0.111111,0.223452,2.409091,27.900848,1.826316,20.000000,0.706667
0.076923,0.830633,1.542857,28.144737,1.684211,19.000000,0.606742
0.076923,0.830633,1.542857,28.144737,1.684211,19.000000,0.606742
0.076923,0.830633,1.542857,28.144737,1.684211,19.000000,0.606742
0.125000,0.457457,2.714286,26.747542,1.943723,22.000000,0.730769
0.125000,0.377820,1.857143,29.803907,1.535714,8.000000,0.650000
0.090909,0.040000,2.000000,26.978068,1.563636,11.000000,0.666667
0.090909,0.345928,3.437500,27.617045,1.909677,31.000000,0.774648
0.166667,0.049720,1.822581,28.317179,1.939496,35.000000,0.645714
0.166667,0.049720,1.822581,28.317179,1.939496,35.000000,0.645714
0.032258,0.345928,3.437500,27.617045,1.909677,31.000000,0.774648
0.032258,0.018251,2.000000,29.785383,1.869875,34.000000,0.666667
0.090909,0.102041,1.846154,17.568562,1.563636,11.000000,0.648649
0.090909,0.345928,3.437500,27.617045,1.909677,31.000000,0.774648
0.076923,1.000000,1.708333,29.624528,1.883598,28.000000,0.630769
0.076923,0.489359,1.846154,28.125944,1.743590,13.000000,0.648649
0.200000,1.000000,1.596774,29.324393,1.958333,33.000000,0.614907
0.200000,0.481864,1.733333,22.764577,1.666667,13.000000,0.634146
0.090909,1.000000,1.853659,29.440757,1.867692,26.000000,0.649573
0.166667,0.697447,2.250000,25.000000,1.400000,6.000000,0.692308
0.166667,1.000000,1.816901,29.407699,1.940256,38.000000,0.645000
0.166667,0.697447,2.250000,25.000000,1.400000,6.000000,0.692308
0.166667,1.000000,1.816901,29.407699,1.940256,38.000000,0.645000
0.076923,0.489359,1.846154,28.125944,1.743590,13.000000,0.648649
0.076923,1.000000,1.708333,29.624528,1.883598,28.000000,0.630769
0.083333,0.772553,2.750000,21.310495,1.787879,12.000000,0.733333
0.200000,1.000000,1.596774,29.324393,1.958333,33.000000,0.614907
0.142857,0.017544,2.500000,27.211438,1.523810,7.000000,0.714286
0.071429,0.010223,1.581395,29.199041,1.853755,23.000000,0.612613
0.090909,1.000000,1.853659,29.440757,1.867692,26.000000,0.649573
0.040000,0.383629,1.738095,29.428146,1.856667,25.000000,0.634783
0.040000,0.528499,1.517857,27.481744,1.773333,25.000000,0.602837
0.071429,0.712381,1.578947,25.911779,1.670330,14.000000,0.612245
0.071429,0.541135,1.491228,28.032482,1.773333,25.000000,0.598592
0.200000,0.910103,2.153846,28.111161,1.636364,12.000000,0.682927
0.027027,0.007604,1.450382,29.115846,1.977778,46.000000,0.591900
0.027027,1.000000,1.762712,22.539367,2.082583,37.000000,0.638037
0.100000,1.000000,1.409091,26.532526,1.747253,14.000000,0.584906
0.100000,0.641490,2.272727,26.610059,1.743590,13.000000,0.694444
0.142857,0.000000,2.400000,26.132232,1.428571,7.000000,0.705882
0.142857,1.000000,1.762712,22.539367,2.082583,37.000000,0.638037
0.083333,1.000000,1.780488,29.382714,1.856667,25.000000,0.640351
0.083333,0.602740,1.687500,30.000000,1.636364,12.000000,0.627907
0.125000,0.004292,1.588235,28.724667,1.725490,18.000000,0.613636
0.125000,0.139102,1.538462,30.000000,1.285714,8.000000,0.606061
0.090909,0.626667,2.466667,27.716067,1.589744,13.000000,0.711538
0.055556,0.734659,1.220000,28.066687,1.917749,22.000000,0.549550
0.055556,0.476485,2.434783,28.951537,1.800853,38.000000,0.708861
0.062500,1.000000,3.846154,29.297380,1.777778,18.000000,0.793651
0.062500,0.009553,2.105263,23.413529,1.921569,18.000000,0.677966
0.125000,0.349064,1.525000,30.000000,1.929924,33.000000,0.603960
0.066667,0.805348,1.426471,27.640128,1.827586,29.000000,0.587879
0.066667,0.308301,1.608696,28.347787,1.780952,15.000000,0.616667
0.066667,0.805348,1.426471,27.640128,1.827586,29.000000,0.587879
0.066667,0.308301,1.608696,28.347787,1.780952,15.000000,0.616667
0.066667,0.805348,1.426471,27.640128,1.827586,29.000000,0.587879
0.066667,0.308301,1.608696,28.347787,1.780952,15.000000,0.616667
0.058824,0.420679,1.572816,27.106241,1.870555,38.000000,0.611321
0.058824,0.017970,1.675676,29.618233,1.544118,17.000000,0.626263
0.066667,1.000000,1.426471,27.640128,1.827586,29.000000,0.587879
0.066667,0.308301,1.608696,28.347787,1.780952,15.000000,0.616667
0.062500,0.045919,2.200000,27.466939,1.887446,22.000000,0.687500
0.062500,0.440819,1.652174,29.937654,1.683333,16.000000,0.622951
0.026316,1.000000,3.981481,27.789869,2.317669,57.000000,0.799257
0.026316,0.520194,2.963964,24.051141,2.539261,86.000000,0.747727
0.066667,0.025200,2.896552,29.638405,1.766667,25.000000,0.743363
0.066667,0.204865,1.454545,21.056581,1.742857,15.000000,0.592593
0.066667,0.025200,2.896552,29.638405,1.766667,25.000000,0.743363
0.066667,0.204865,1.454545,21.056581,1.742857,15.000000,0.592593
0.066667,0.025200,2.896552,29.638405,1.766667,25.000000,0.743363
0.066667,0.204865,1.454545,21.056581,1.742857,15.000000,0.592593
0.066667,0.025200,2.896552,29.638405,1.766667,25.000000,0.743363
0.066667,0.204865,1.454545,21.056581,1.742857,15.000000,0.592593
0.111111,0.427908,3.294118,27.492795,1.666667,18.000000,0.767123
0.111111,0.681639,1.642857,26.666667,1.361111,9.000000,0.621622
0.125000,0.243351,1.517857,29.646336,1.880000,26.000000,0.602837
0.142857,1.000000,1.346154,24.649560,1.775000,16.000000,0.573770
0.071429,1.000000,3.437500,28.131667,1.476190,15.000000,0.774648
0.071429,1.000000,1.346154,24.649560,1.775000,16.000000,0.573770
0.166667,0.353063,1.937500,28.717169,1.641026,13.000000,0.659574
0.250000,0.412973,2.210526,23.429378,1.867647,17.000000,0.688525
0.062500,0.557226,1.035714,29.257207,2.024390,41.000000,0.508772
0.062500,0.590836,1.800000,29.036374,2.151515,22.000000,0.642857
0.250000,0.412973,2.210526,23.429378,1.867647,17.000000,0.688525
0.062500,0.416659,1.576471,28.596921,2.063428,39.000000,0.611872
0.250000,0.412973,2.210526,23.429378,1.867647,17.000000,0.688525
0.142857,0.524336,2.333333,26.865673,1.333333,7.000000,0.700000
0.142857,0.375012,1.205882,26.161309,1.791667,16.000000,0.546667
0.125000,0.317365,2.375000,29.024869,1.321429,8.000000,0.703704
0.062500,0.028883,1.250000,29.487580,1.920949,23.000000,0.555556
0.062500,0.375012,1.205882,26.161309,1.791667,16.000000,0.546667
0.066667,0.158628,1.818182,27.026393,1.619048,15.000000,0.645161
0.083333,0.538085,1.687500,30.000000,1.636364,12.000000,0.627907
0.083333,0.850411,1.426471,27.640128,1.827586,29.000000,0.587879
0.083333,0.538085,1.687500,30.000000,1.636364,12.000000,0.627907
0.083333,0.850411,1.426471,27.640128,1.827586,29.000000,0.587879
0.083333,0.538085,1.687500,30.000000,1.636364,12.000000,0.627907
0.083333,1.000000,1.426471,27.640128,1.827586,29.000000,0.587879
0.250000,0.953043,1.593750,29.963870,1.936842,20.000000,0.614458
0.083333,0.538085,1.687500,30.000000,1.636364,12.000000,0.627907
0.083333,0.850411,1.426471,27.640128,1.827586,29.000000,0.587879
0.142857,0.506764,3.250000,14.137981,2.000000,8.000000,0.764706
0.142857,0.202298,1.944444,28.820792,1.795322,19.000000,0.660377
0.050000,0.000000,1.203704,29.578807,1.920949,23.000000,0.546218
0.050000,0.174897,2.066667,29.261735,1.714015,33.000000,0.673913
0.100000,0.000000,1.425532,29.934386,1.996667,25.000000,0.587719
0.083333,0.019355,2.312500,30.000000,1.589744,13.000000,0.698113
0.142857,1.000000,1.196262,24.032378,2.049933,39.000000,0.544681
0.142857,0.006369,1.250000,29.423363,1.836601,18.000000,0.555556
0.111111,0.385528,1.529412,25.352794,1.696970,12.000000,0.604651
0.142857,0.237392,1.846154,28.357965,1.563636,11.000000,0.648649
0.100000,0.021510,1.571429,29.542121,1.949275,24.000000,0.611111
0.142857,0.535657,3.142857,29.626052,1.932773,35.000000,0.758621
0.029412,0.245606,2.306452,27.889109,1.978205,40.000000,0.697561
0.029412,0.025601,1.770492,27.626872,1.950089,34.000000,0.639053
0.142857,0.535657,3.142857,29.626052,1.932773,35.000000,0.758621
0.037037,0.245606,2.306452,27.889109,1.978205,40.000000,0.697561
0.037037,0.004484,2.073171,29.740761,2.039886,27.000000,0.674603
0.142857,0.535657,3.142857,29.626052,1.932773,35.000000,0.758621
0.100000,0.020195,1.523810,29.565922,1.654971,19.000000,0.603774
0.200000,0.476397,2.333333,29.489045,1.757576,22.000000,0.700000
0.055556,1.000000,1.174312,28.186052,2.049933,39.000000,0.540084
0.038462,0.254234,2.586207,25.586484,1.916923,26.000000,0.721154
0.038462,0.658409,2.825397,28.386849,1.898955,42.000000,0.738589
0.166667,0.113949,1.958333,26.924007,1.745098,18.000000,0.661972
0.250000,0.602702,2.463415,28.389353,1.843552,44.000000,0.711268
0.142857,0.595182,2.263636,29.355794,1.936408,54.000000,0.693593
0.142857,0.592032,2.500000,29.189166,1.523810,7.000000,0.714286
0.035714,0.832167,5.730769,26.884122,1.653439,28.000000,0.851429
0.035714,0.695851,2.662921,27.841499,1.968070,53.000000,0.726994
0.166667,0.660450,2.293103,29.275902,1.935464,57.000000,0.696335
0.055556,1.000000,1.195122,26.976865,1.797386,18.000000,0.544444
0.055556,0.564487,2.500000,29.106293,1.842424,45.000000,0.714286
0.095238,0.567441,2.362745,29.341394,1.941219,53.000000,0.702624
0.166667,0.981809,1.571429,30.000000,1.266667,6.000000,0.611111
0.076923,0.116862,3.200000,30.000000,2.035366,41.000000,0.761905
0.076923,0.116862,3.200000,30.000000,2.035366,41.000000,0.761905
0.076923,0.116862,3.200000,30.000000,2.035366,41.000000,0.761905
0.076923,0.918312,2.243243,28.689319,1.758893,23.000000,0.691667
0.047619,0.331342,3.772727,28.637988,1.692473,31.000000,0.790476
0.133333,0.870188,3.571429,27.205520,1.571429,15.000000,0.781250
0.076923,0.479971,2.204545,26.115318,2.002016,32.000000,0.687943
0.125000,0.510204,4.750000,29.508756,1.321429,8.000000,0.826087
0.125000,0.031486,1.891304,22.856431,2.073118,31.000000,0.654135
0.071429,1.000000,1.666667,29.343197,1.802198,14.000000,0.625000
0.071429,0.245841,1.456522,21.198681,1.996667,25.000000,0.592920
0.058824,0.627587,1.489209,22.012941,2.074020,53.000000,0.598266
0.058824,0.502132,1.631579,30.000000,1.544118,17.000000,0.620000
0.200000,0.554970,3.111111,26.026517,1.890476,21.000000,0.756757
0.166667,0.431935,1.212121,22.822777,1.947712,18.000000,0.547945
0.166667,0.351761,1.341463,27.769455,1.795238,21.000000,0.572917
0.066667,0.549442,1.867647,27.668560,1.953654,34.000000,0.651282
0.076923,0.015087,2.073171,29.576712,2.039886,27.000000,0.674603
0.125000,0.204238,1.727273,30.000000,1.321429,8.000000,0.633333
0.066667,0.549442,1.867647,27.668560,1.953654,34.000000,0.651282
0.066667,0.549442,1.867647,27.668560,1.953654,34.000000,0.651282
0.090909,0.103357,1.928571,28.421743,1.509091,11.000000,0.658537
0.090909,1.000000,1.618182,9.263804,1.969892,31.000000,0.618056
0.032258,0.116142,1.626667,30.000000,1.929924,33.000000,0.619289
0.032258,1.000000,1.618182,9.263804,1.969892,31.000000,0.618056
0.043478,0.334003,1.459016,29.135427,2.000000,30.000000,0.593333
0.043478,1.000000,1.618182,9.263804,1.969892,31.000000,0.618056
0.047619,0.810937,2.090909,28.483827,1.733333,21.000000,0.676471
0.047619,1.000000,1.618182,9.263804,1.969892,31.000000,0.618056
0.111111,0.290686,1.605263,30.000000,1.929924,33.000000,0.616162
0.166667,0.762512,2.500000,30.000000,1.333333,6.000000,0.714286
0.166667,1.000000,1.618182,9.263804,1.969892,31.000000,0.618056
0.032258,0.438510,1.728261,29.329041,2.079798,45.000000,0.633466
0.032258,1.000000,1.618182,9.263804,1.969892,31.000000,0.618056
0.250000,0.120831,2.444444,30.000000,1.672727,11.000000,0.709677
0.083333,0.179181,1.428571,28.819914,1.821505,31.000000,0.588235
0.083333,0.179181,1.428571,28.819914,1.821505,31.000000,0.588235
0.083333,0.179181,1.428571,28.819914,1.821505,31.000000,0.588235
0.083333,0.179181,1.428571,28.819914,1.821505,31.000000,0.588235
0.090909,0.350687,2.230769,28.888213,1.723810,15.000000,0.690476
0.062500,0.065611,1.428571,28.819914,1.821505,31.000000,0.588235
0.062500,0.553417,1.357143,29.102153,1.858333,16.000000,0.575758
0.111111,1.000000,1.543860,30.000000,1.778462,26.000000,0.606897
0.100000,0.358801,1.428571,29.286000,1.723810,15.000000,0.588235
0.100000,0.087647,2.500000,25.950741,1.800000,10.000000,0.714286
0.111111,0.038677,1.543860,30.000000,1.778462,26.000000,0.606897
0.111111,0.038677,1.543860,30.000000,1.778462,26.000000,0.606897
0.100000,0.439230,1.933333,28.768470,1.628205,13.000000,0.659091
0.100000,0.804453,2.057143,27.160071,1.855072,24.000000,0.672897
0.111111,0.038677,1.543860,30.000000,1.778462,26.000000,0.606897
0.062500,0.553417,1.357143,29.102153,1.858333,16.000000,0.575758
0.062500,0.065611,1.428571,28.819914,1.821505,31.000000,0.588235
0.062500,0.553417,1.357143,29.102153,1.858333,16.000000,0.575758
0.062500,0.065611,1.428571,28.819914,1.821505,31.000000,0.588235
0.062500,0.065611,1.428571,28.819914,1.821505,31.000000,0.588235
0.062500,0.553417,1.357143,29.102153,1.858333,16.000000,0.575758
0.030303,0.371986,1.487805,30.000000,1.929924,33.000000,0.598039
0.030303,0.247021,1.196262,24.032378,2.049933,39.000000,0.544681
0.090909,1.000000,4.250000,29.447474,1.381818,11.000000,0.809524
0.090909,0.463102,1.529412,18.519589,1.726316,20.000000,0.604651
0.076923,0.421269,1.750000,20.773173,1.641026,13.000000,0.636364
0.076923,0.587795,1.540541,30.000000,1.728571,21.000000,0.606383
0.050000,0.646955,2.986667,29.042126,2.577323,107.000000,0.749164
0.050000,0.463102,1.529412,18.519589,1.726316,20.000000,0.604651
0.111111,1.000000,1.727273,24.352313,1.472222,9.000000,0.633333
0.111111,0.004484,2.444444,28.008010,1.709091,11.000000,0.709677
0.076923,0.421269,1.750000,20.773173,1.641026,13.000000,0.636364
0.076923,0.587795,1.540541,30.000000,1.728571,21.000000,0.606383
0.111111,1.000000,1.727273,24.352313,1.472222,9.000000,0.633333
0.125000,0.349413,2.375000,29.705235,1.321429,8.000000,0.703704
0.125000,0.290211,2.073171,28.613141,2.039886,27.000000,0.674603
0.125000,0.000000,3.600000,30.000000,1.357143,8.000000,0.782609
0.037037,0.632610,2.361111,25.468429,2.039886,27.000000,0.702479
0.037037,0.199277,1.356061,29.349603,1.987879,45.000000,0.575563
0.037037,0.088751,2.023810,30.000000,2.039886,27.000000,0.669291
0.037037,0.000000,2.533333,28.540645,1.993031,42.000000,0.716981
0.052632,0.518528,1.593750,27.458978,1.730994,19.000000,0.614458
0.200000,1.000000,1.750000,26.525386,1.300000,5.000000,0.636364
0.111111,0.000000,3.142857,27.483346,1.388889,9.000000,0.758621
0.111111,0.284840,2.291667,28.085129,1.891767,47.000000,0.696203
0.166667,0.887480,2.250000,24.867656,1.688889,10.000000,0.692308
0.142857,0.496161,3.133333,28.975414,1.980392,18.000000,0.758065
0.142857,0.493317,3.133333,28.975414,1.980392,18.000000,0.758065
0.200000,0.004484,2.000000,30.000000,1.400000,5.000000,0.666667
0.142857,0.496161,3.133333,28.975414,1.980392,18.000000,0.758065
0.142857,1.000000,1.666667,28.599600,2.025397,36.000000,0.625000
0.142857,0.439170,2.714286,29.817211,1.095238,7.000000,0.730769
0.111111,0.019252,2.200000,29.204061,1.738095,21.000000,0.687500
0.111111,0.868139,1.384615,30.000000,1.555556,9.000000,0.580645
0.090909,0.549122,1.550000,28.193441,1.754941,23.000000,0.607843
0.058824,0.114742,1.576923,29.722256,1.735294,17.000000,0.611940
0.058824,0.549122,1.550000,28.193441,1.754941,23.000000,0.607843
0.043478,0.052383,2.291667,28.211192,1.891767,47.000000,0.696203
0.043478,0.549122,1.550000,28.193441,1.754941,23.000000,0.607843
0.058824,0.114742,1.576923,29.722256,1.735294,17.000000,0.611940
0.058824,0.549122,1.550000,28.193441,1.754941,23.000000,0.607843
0.038462,0.400260,2.073171,30.000000,1.824615,26.000000,0.674603
0.038462,0.400260,2.073171,30.000000,1.824615,26.000000,0.674603
0.166667,1.000000,1.666667,30.000000,1.333333,6.000000,0.625000
0.166667,0.199162,1.920455,28.019381,2.131206,48.000000,0.657588
0.250000,0.004484,1.666667,30.000000,1.166667,4.000000,0.625000
0.250000,1.000000,1.346154,16.876427,1.875000,17.000000,0.573770
0.166667,1.000000,1.666667,30.000000,1.333333,6.000000,0.625000
0.166667,0.188889,2.375000,29.380789,1.827094,34.000000,0.703704
0.111111,0.000000,2.000000,30.000000,1.727273,11.000000,0.666667
0.066667,0.158493,0.884956,27.646065,2.078431,34.000000,0.469484
0.066667,0.076923,1.714286,14.585608,1.847619,15.000000,0.631579
0.083333,1.000000,3.714286,28.793400,1.606061,12.000000,0.787879
0.083333,1.000000,1.533333,27.404152,2.035562,38.000000,0.605263
0.083333,0.055340,2.133333,30.000000,1.515152,12.000000,0.680851
0.034483,1.000000,1.533333,27.404152,2.035562,38.000000,0.605263
0.034483,0.300558,1.920635,29.270620,1.790640,29.000000,0.657609
0.030303,1.000000,1.533333,27.404152,2.035562,38.000000,0.605263
0.030303,0.318421,1.430556,27.812434,2.015152,33.000000,0.588571
0.047619,1.000000,1.533333,27.404152,2.035562,38.000000,0.605263
0.047619,0.558675,1.682927,30.000000,1.733333,21.000000,0.627273
0.125000,1.000000,1.533333,27.404152,2.035562,38.000000,0.605263
0.125000,0.000000,4.500000,27.235943,1.357143,8.000000,0.818182
0.100000,1.000000,1.533333,27.404152,2.035562,38.000000,0.605263
0.027778,0.102188,2.095745,29.115893,2.131222,52.000000,0.676976
0.027778,1.000000,1.533333,27.404152,2.035562,38.000000,0.605263
0.250000,0.112485,3.000000,28.236533,1.476190,7.000000,0.750000
0.166667,0.004484,1.571429,15.472602,1.266667,6.000000,0.611111
0.125000,1.000000,1.458333,30.000000,1.775000,16.000000,0.593220
0.166667,0.031013,1.173077,29.704998,1.917749,22.000000,0.539823
0.111111,0.087801,3.333333,28.580357,1.444444,9.000000,0.769231
0.111111,0.213489,1.162791,26.575110,1.823529,18.000000,0.537634
0.125000,0.004484,5.000000,30.000000,1.464286,8.000000,0.833333
0.125000,0.115307,1.600000,21.500381,1.466667,10.000000,0.615385
0.142857,0.479697,2.000000,28.754947,1.238095,7.000000,0.666667
0.142857,0.313302,1.742857,27.589606,1.766667,21.000000,0.635417
0.142857,0.325004,1.333333,27.727868,1.476190,7.000000,0.571429
0.142857,0.506685,2.142857,30.000000,1.285714,7.000000,0.681818
0.117647,0.505658,6.789474,25.489692,1.600000,25.000000,0.871622
0.058824,0.086343,1.557143,21.906498,2.072727,55.000000,0.608939
0.066667,1.000000,1.275862,29.647737,1.723810,15.000000,0.560606
0.066667,0.363413,2.010309,25.706647,2.027569,57.000000,0.667808
0.038462,0.139565,1.611111,28.290954,1.926154,26.000000,0.617021
0.038462,0.363413,2.010309,25.706647,2.027569,57.000000,0.667808
0.083333,0.363413,2.010309,25.706647,2.027569,57.000000,0.667808
0.083333,0.004484,2.400000,30.000000,1.484848,12.000000,0.705882
0.027027,0.363413,2.010309,25.706647,2.027569,57.000000,0.667808
0.027027,0.033459,2.176471,29.666371,1.845345,37.000000,0.685185
0.100000,0.832862,1.608696,7.985380,1.727941,17.000000,0.616667
0.045455,0.038181,1.813559,28.382928,1.834483,30.000000,0.644578
0.062500,1.000000,1.171429,27.488438,1.750000,16.000000,0.539474
0.200000,0.900407,2.333333,24.000000,1.300000,5.000000,0.700000
0.055556,0.437656,1.588235,28.115071,1.725490,18.000000,0.613636
0.071429,0.483379,1.391304,24.352870,1.714286,14.000000,0.581818
0.200000,0.003260,1.338462,26.481233,1.977011,30.000000,0.572368
0.052632,0.013281,3.214286,28.473684,1.736842,19.000000,0.762712
0.052632,0.003260,1.338462,26.481233,1.977011,30.000000,0.572368
0.090909,1.000000,1.500000,22.083308,1.808824,17.000000,0.600000
0.038462,0.559634,1.545455,29.357218,1.880000,26.000000,0.607143
0.062500,0.743714,2.545455,30.000000,1.766667,25.000000,0.717949
0.058824,0.406038,1.619048,27.358737,1.753623,24.000000,0.618182
0.043478,0.023474,1.822581,27.782843,1.963492,36.000000,0.645714
0.043478,1.000000,1.717391,28.653061,1.778656,23.000000,0.632000
0.058824,0.406038,1.619048,27.358737,1.753623,24.000000,0.618182
0.062500,0.743714,2.545455,30.000000,1.766667,25.000000,0.717949
0.055556,1.000000,1.642857,25.646212,1.784314,18.000000,0.621622
0.055556,0.606250,2.986667,28.693303,2.577323,107.000000,0.749164
0.142857,1.000000,1.909091,25.166159,1.444444,9.000000,0.656250
0.062500,0.743714,2.545455,30.000000,1.766667,25.000000,0.717949
0.062500,0.743714,2.545455,30.000000,1.766667,25.000000,0.717949
0.250000,0.013333,2.000000,29.047022,1.333333,4.000000,0.666667
0.100000,0.028037,1.822581,27.782843,1.963492,36.000000,0.645714
0.142857,0.625663,2.208333,28.421053,1.824561,19.000000,0.688312
0.142857,0.004444,2.000000,30.000000,1.523810,7.000000,0.666667
0.166667,0.625663,2.208333,28.421053,1.824561,19.000000,0.688312
0.166667,0.625663,2.208333,28.421053,1.824561,19.000000,0.688312
0.166667,0.625663,2.208333,28.421053,1.824561,19.000000,0.688312
0.142857,0.004444,2.000000,30.000000,1.523810,7.000000,0.666667
0.142857,0.625663,2.208333,28.421053,1.824561,19.000000,0.688312
0.142857,0.004444,2.000000,30.000000,1.523810,7.000000,0.666667
0.142857,0.625663,2.208333,28.421053,1.824561,19.000000,0.688312
0.050000,0.688636,1.786885,28.699411,1.882759,30.000000,0.641176
0.062500,0.936378,1.814815,30.000000,1.639706,17.000000,0.644737
0.083333,1.000000,1.687500,20.370109,1.590909,12.000000,0.627907
0.083333,0.693213,1.821429,27.607694,1.779221,22.000000,0.645570
0.050000,0.664646,1.878788,27.593620,1.807971,24.000000,0.652632
0.050000,0.688558,4.150943,28.877835,2.284461,57.000000,0.805861
0.083333,1.000000,1.687500,20.370109,1.590909,12.000000,0.627907
0.083333,1.000000,2.285714,30.000000,1.600000,16.000000,0.695652
0.100000,1.000000,1.842105,25.884208,1.897059,17.000000,0.648148
0.250000,0.567638,1.107843,27.952690,2.099099,37.000000,0.525581
0.125000,0.806234,3.500000,30.000000,1.600000,10.000000,0.777778
0.066667,0.843396,1.236842,29.835001,1.912281,19.000000,0.552941
0.066667,1.000000,1.423077,25.906548,1.723810,15.000000,0.587302
0.090909,0.144615,1.785714,27.322609,1.600000,11.000000,0.641026
0.090909,1.000000,3.888889,30.000000,2.019048,15.000000,0.795455
0.125000,0.806234,3.500000,30.000000,1.600000,10.000000,0.777778
0.166667,0.053454,1.382353,25.174679,1.912281,19.000000,0.580247
0.166667,0.002925,1.162791,29.412178,1.995238,21.000000,0.537634
0.166667,0.004484,1.571429,29.646582,1.266667,6.000000,0.611111
0.200000,0.892671,1.750000,19.537349,1.300000,5.000000,0.636364
0.200000,0.208972,2.625000,26.876451,1.600000,10.000000,0.724138
0.050000,0.518918,1.425532,30.000000,1.996667,25.000000,0.587719
0.050000,0.674057,1.742857,26.959817,1.766667,21.000000,0.635417
0.047619,0.004484,2.345455,29.588524,1.786207,30.000000,0.701087
0.047619,0.003812,1.615385,30.000000,1.814286,21.000000,0.617647
0.100000,0.730340,1.692308,16.863012,1.511111,10.000000,0.628571
0.100000,0.086792,1.727273,25.231320,1.654545,11.000000,0.633333
0.125000,0.368401,2.909091,28.817647,1.705747,30.000000,0.744186
0.125000,1.000000,2.000000,22.427561,1.357143,8.000000,0.666667
0.200000,0.933539,2.000000,23.670156,1.571429,8.000000,0.666667
0.166667,1.000000,1.523810,21.035375,1.695238,15.000000,0.603774
0.090909,0.097850,1.440299,29.664570,1.987974,47.000000,0.590214
0.100000,0.397468,1.822581,28.569692,1.963492,36.000000,0.645714
0.111111,0.701716,3.222222,27.195130,1.194444,9.000000,0.763158
0.111111,0.284088,1.572816,27.106241,1.870555,38.000000,0.611321
0.142857,1.000000,1.714286,26.264641,1.428571,7.000000,0.631579
0.142857,0.316656,1.777778,28.701451,1.834409,31.000000,0.640000
0.066667,0.154071,1.818182,26.013994,1.723810,15.000000,0.645161
0.066667,0.427863,3.428571,29.196608,1.929924,33.000000,0.774194
0.125000,1.000000,1.793103,29.962143,1.842105,19.000000,0.641975
0.125000,1.000000,1.793103,29.962143,1.842105,19.000000,0.641975
0.142857,0.547064,1.576471,28.742160,2.063428,39.000000,0.611872
0.142857,0.336763,1.916667,29.656866,2.184416,56.000000,0.657143
0.200000,0.391590,1.637931,27.553214,2.087121,33.000000,0.620915
0.200000,0.508415,1.666667,29.744095,1.000000,5.000000,0.625000
0.052632,0.041913,2.019608,29.286242,2.169697,55.000000,0.668831
0.052632,0.056477,1.136364,29.628986,1.995238,21.000000,0.531915
0.222222,0.962228,1.583333,30.000000,1.527778,9.000000,0.612903
0.222222,0.320697,1.818182,30.000000,1.444444,9.000000,0.645161
0.200000,0.532623,1.595238,28.264893,2.063428,39.000000,0.614679
0.125000,0.129099,2.141304,29.205836,2.131222,52.000000,0.681661
0.038462,0.489066,1.531915,23.605099,2.025641,27.000000,0.605042
0.038462,0.309936,2.046512,28.208083,1.818462,26.000000,0.671756
0.037037,0.139714,2.118280,29.020031,2.131222,52.000000,0.679310
0.037037,0.153747,2.645833,30.000000,1.646724,27.000000,0.725714
0.022222,0.865391,1.649485,24.611076,2.098990,45.000000,0.622568
0.022222,0.335376,2.011111,29.042574,2.133061,50.000000,0.667897
0.027778,0.381556,1.822581,27.782843,1.963492,36.000000,0.645714
0.027778,0.021779,2.204301,28.988435,2.153739,54.000000,0.687919
0.088235,0.622661,1.185185,24.750164,2.049933,39.000000,0.542373
0.088235,0.769114,1.572816,27.106241,1.870555,38.000000,0.611321
0.090909,0.090431,1.666667,28.804097,1.792208,22.000000,0.625000
0.090909,0.202362,1.800000,28.330247,1.818182,11.000000,0.642857
0.062500,0.174875,1.909091,29.641414,1.750988,23.000000,0.656250
0.071429,0.827227,1.785714,28.267891,2.078571,56.000000,0.641026
0.071429,0.400000,2.000000,11.384599,1.780220,14.000000,0.666667
0.066667,1.000000,1.615385,28.488929,1.600000,15.000000,0.617647
0.066667,0.104772,3.000000,28.707767,1.736842,19.000000,0.750000
0.166667,0.878350,2.039216,26.881057,1.777778,28.000000,0.670968
0.062500,0.008850,2.157895,28.617802,1.725000,16.000000,0.683333
0.062500,0.644902,2.824561,23.014877,2.181707,41.000000,0.738532
0.071429,1.000000,1.649485,28.671401,2.098990,45.000000,0.622568
0.071429,0.138149,2.146341,29.957349,2.036782,30.000000,0.682171
0.200000,0.878287,1.846154,6.481171,1.563636,11.000000,0.648649
0.200000,0.798404,2.666667,30.000000,1.200000,5.000000,0.727273
0.200000,0.744658,2.172414,29.864434,2.047619,36.000000,0.684783
0.200000,0.391283,4.000000,24.435108,1.200000,5.000000,0.800000
0.200000,0.744658,2.172414,29.864434,2.047619,36.000000,0.684783
0.200000,0.391283,4.000000,24.435108,1.200000,5.000000,0.800000
0.200000,0.744658,2.172414,29.864434,2.047619,36.000000,0.684783
0.200000,0.391283,4.000000,24.435108,1.200000,5.000000,0.800000
0.142857,0.005735,1.880000,28.455565,2.090136,49.000000,0.652778
0.090909,0.221113,1.471831,28.978506,1.986395,49.000000,0.595442
0.071429,0.232831,1.565217,25.556628,1.991903,39.000000,0.610169
0.071429,0.406250,1.779528,28.832224,2.087719,57.000000,0.640227
0.076923,0.529510,2.583333,30.000000,1.666667,13.000000,0.720930
0.076923,0.232831,1.565217,25.556628,1.991903,39.000000,0.610169
0.142857,0.568848,1.454545,29.513376,1.786765,17.000000,0.592593
0.076923,0.232831,1.565217,25.556628,1.991903,39.000000,0.610169
0.076923,0.529510,2.583333,30.000000,1.666667,13.000000,0.720930
0.200000,0.010223,3.500000,28.441740,1.300000,5.000000,0.777778
0.055556,0.520463,2.533333,28.540645,1.993031,42.000000,0.716981
0.055556,0.429971,1.609756,29.540237,1.726316,20.000000,0.616822
0.058824,0.487884,2.636364,27.248036,2.163265,49.000000,0.725000
0.034483,1.000000,1.916667,24.882087,2.068966,29.000000,0.657143
0.034483,0.497136,2.412698,29.764464,1.993031,42.000000,0.706977
0.111111,0.985889,2.555556,30.000000,1.361111,9.000000,0.718750
0.111111,1.000000,1.916667,24.882087,2.068966,29.000000,0.657143
0.076923,0.086792,2.727273,27.753684,1.714286,15.000000,0.731707
0.076923,0.797332,3.250000,22.840149,1.769231,13.000000,0.764706
0.166667,0.789349,1.615385,24.322115,1.836601,18.000000,0.617647
0.166667,0.778144,2.750000,28.625419,1.266667,6.000000,0.733333
0.062500,0.789349,1.615385,24.322115,1.836601,18.000000,0.617647
0.111111,0.017322,3.200000,26.666667,1.638889,9.000000,0.761905
0.111111,0.543679,2.500000,29.499821,1.993355,43.000000,0.714286
0.062500,1.000000,1.680000,30.000000,1.650000,16.000000,0.626866
0.062500,0.093213,2.265060,24.863631,1.982281,43.000000,0.693727
0.034483,1.000000,1.916667,24.882087,2.068966,29.000000,0.657143
0.034483,0.085867,1.451389,29.083072,1.986395,49.000000,0.592068
0.071429,0.356768,1.950000,29.239010,1.725000,16.000000,0.661017
0.250000,0.331994,1.733333,26.635655,2.119048,21.000000,0.634146
0.111111,1.000000,2.366197,29.170076,1.800853,38.000000,0.702929
0.062500,1.000000,1.944444,18.923865,1.833333,16.000000,0.660377
0.062500,0.109140,1.950000,28.733358,1.819355,31.000000,0.661017
0.111111,1.000000,1.842105,19.655905,1.833333,16.000000,0.648148
0.058824,0.513161,1.162791,26.575110,1.823529,18.000000,0.537634
0.066667,1.000000,1.842105,25.884208,1.897059,17.000000,0.648148
0.166667,1.000000,2.421053,30.000000,1.808824,17.000000,0.707692
0.142857,0.096086,6.739130,29.860324,1.979832,35.000000,0.870787
0.142857,0.767827,3.333333,22.059645,1.571429,7.000000,0.769231
0.142857,0.606784,4.035714,29.326341,1.783333,40.000000,0.801418
0.142857,0.767827,3.333333,22.059645,1.571429,7.000000,0.769231
0.111111,0.389549,3.000000,26.991736,1.333333,9.000000,0.750000
0.142857,0.215193,2.708333,28.571429,1.809524,21.000000,0.730337
0.250000,0.078850,7.125000,29.021710,1.972973,37.000000,0.876923
0.166667,0.215193,2.708333,28.571429,1.809524,21.000000,0.730337
0.166667,0.215193,2.708333,28.571429,1.809524,21.000000,0.730337
0.035714,0.116429,1.416667,25.959876,1.894180,28.000000,0.586207
0.058824,0.615789,1.574074,29.168658,1.773333,25.000000,0.611511
0.058824,0.520210,2.315789,25.462353,1.676471,17.000000,0.698413
0.040000,0.202654,1.673469,29.891252,1.908832,27.000000,0.625954
0.166667,0.215193,2.708333,28.571429,1.809524,21.000000,0.730337
0.142857,0.506807,2.285714,30.000000,1.238095,7.000000,0.695652
0.133333,0.104256,1.440678,25.819653,1.894180,28.000000,0.590278
0.083333,1.000000,1.500000,14.789161,1.651515,12.000000,0.600000
0.142857,0.215193,2.708333,28.571429,1.809524,21.000000,0.730337
0.142857,0.215193,2.708333,28.571429,1.809524,21.000000,0.730337
0.055556,0.471483,1.551020,22.145766,1.817814,39.000000,0.608000
0.083333,0.012987,2.157895,28.901748,1.725000,16.000000,0.683333
0.083333,0.127914,2.882353,29.834324,1.766667,21.000000,0.742424
0.062500,0.030579,2.226190,29.290175,1.972125,42.000000,0.690037
0.103448,0.667382,1.021505,29.752927,1.978495,31.000000,0.505319
0.062500,0.008621,2.157895,29.739621,1.725000,16.000000,0.683333
0.062500,0.111616,2.754098,26.324067,2.168409,42.000000,0.733624
0.166667,0.349410,3.368421,30.000000,1.819048,21.000000,0.771084
0.166667,0.349410,3.368421,30.000000,1.819048,21.000000,0.771084
0.166667,0.349410,3.368421,30.000000,1.819048,21.000000,0.771084
0.090909,0.247460,2.407407,26.731297,1.857708,23.000000,0.706522
0.090909,1.000000,1.714286,30.000000,1.618182,11.000000,0.631579
0.083333,1.000000,2.126582,29.896812,1.800853,38.000000,0.680162
0.083333,0.438438,2.187500,27.409552,1.515152,12.000000,0.686275
0.166667,1.000000,3.333333,30.000000,1.333333,6.000000,0.769231
0.055556,0.155691,3.107143,27.737747,2.144558,49.000000,0.756522
0.100000,0.369826,2.555556,29.210220,1.533333,10.000000,0.718750
0.083333,0.343367,2.813953,29.083867,1.627692,26.000000,0.737805
0.111111,0.632005,1.750000,28.534684,1.901587,36.000000,0.636364
0.111111,0.428889,2.754098,26.324067,2.168409,42.000000,0.733624
0.166667,0.006593,1.772727,29.463901,1.745098,18.000000,0.639344
0.062500,0.008475,1.571429,27.351788,1.633333,16.000000,0.611111
0.035714,0.034849,2.515152,27.932104,1.804233,28.000000,0.715517
0.062500,1.000000,1.814815,30.000000,1.639706,17.000000,0.644737
0.047619,0.182270,1.787879,27.121617,1.747619,21.000000,0.641304
0.058824,0.351562,1.551724,25.931969,1.800000,20.000000,0.608108
0.083333,1.000000,2.571429,30.000000,1.484848,12.000000,0.720000
0.111111,0.000000,4.750000,30.000000,1.527778,9.000000,0.826087
0.083333,0.000000,1.432432,27.495364,1.725146,19.000000,0.588889
0.083333,0.000000,6.000000,29.411016,2.001350,39.000000,0.857143
0.076923,0.004219,1.645833,29.536716,1.683983,22.000000,0.622047
0.250000,0.000000,3.666667,30.000000,1.972222,9.000000,0.785714
0.250000,0.816579,2.000000,30.000000,1.333333,4.000000,0.666667
0.066667,0.554037,2.722222,27.451370,2.029240,19.000000,0.731343
0.066667,0.177030,1.777778,26.347883,1.542857,15.000000,0.640000
0.166667,0.004219,1.597222,26.785255,2.004878,41.000000,0.614973
0.250000,0.000000,3.666667,30.000000,1.972222,9.000000,0.785714
0.250000,0.816579,2.000000,30.000000,1.333333,4.000000,0.666667
0.047619,0.113673,1.416667,28.567247,2.104762,21.000000,0.586207
0.047619,0.010210,6.555556,29.512002,1.757692,40.000000,0.867647
0.090909,0.300111,1.887850,26.669624,2.108844,49.000000,0.653722
0.025641,0.046512,2.793103,29.842955,2.013495,39.000000,0.736364
0.025641,0.300111,1.887850,26.669624,2.108844,49.000000,0.653722
0.025641,0.300111,1.887850,26.669624,2.108844,49.000000,0.653722
0.025641,0.000000,2.793103,29.842955,2.013495,39.000000,0.736364
0.166667,0.300111,1.887850,26.669624,2.108844,49.000000,0.653722
0.062500,0.300111,1.887850,26.669624,2.108844,49.000000,0.653722
0.083333,0.032546,2.421053,29.896729,1.943350,29.000000,0.707692
0.066667,0.526435,1.390625,29.868555,1.899015,29.000000,0.581699
0.066667,1.000000,1.631579,16.522616,1.704762,15.000000,0.620000
0.142857,1.000000,1.550000,21.095099,1.704762,15.000000,0.607843
0.055556,0.655848,1.465517,28.364429,1.773333,25.000000,0.594406
0.052632,0.209807,1.424242,23.497736,1.912281,19.000000,0.587500
0.071429,0.825208,1.341463,27.769455,1.795238,21.000000,0.572917
0.100000,0.017390,2.793103,28.028921,2.013495,39.000000,0.736364
0.090909,0.016630,1.788136,29.880828,2.017255,51.000000,0.641337
0.100000,0.276701,2.793103,28.028921,2.013495,39.000000,0.736364
0.125000,0.609417,1.700000,26.250000,1.428571,8.000000,0.629630
0.125000,0.492006,2.444444,29.474054,2.036782,30.000000,0.709677
0.100000,0.008475,2.625000,30.000000,1.533333,10.000000,0.724138
0.071429,0.103587,2.523810,29.118281,1.608333,16.000000,0.716216
0.071429,1.000000,2.052632,23.957875,1.626374,14.000000,0.672414
0.125000,1.000000,3.400000,30.000000,1.428571,8.000000,0.772727
0.125000,0.566904,3.000000,20.510562,2.535385,26.000000,0.750000
0.043478,0.170171,1.055556,28.736707,2.011858,23.000000,0.513514
0.043478,0.052375,3.000000,20.510562,2.535385,26.000000,0.750000
0.125000,1.000000,3.400000,30.000000,1.428571,8.000000,0.772727
0.125000,0.052375,3.000000,20.510562,2.535385,26.000000,0.750000
0.166667,0.954691,5.400000,29.122120,1.563636,11.000000,0.843750
0.043478,0.170171,1.055556,28.736707,2.011858,23.000000,0.513514
0.043478,0.566904,3.000000,20.510562,2.535385,26.000000,0.750000
0.090909,0.238001,4.074074,29.193290,1.909677,31.000000,0.802920
0.090909,0.496913,1.846154,28.928576,1.563636,11.000000,0.648649
0.125000,0.190697,1.777778,25.855980,1.428571,8.000000,0.640000
0.125000,0.057678,3.428571,28.441300,1.929924,33.000000,0.774194
0.058824,0.876534,1.454545,28.807244,1.705882,17.000000,0.592593
0.058824,0.329596,1.899083,26.966543,2.018703,59.000000,0.655063
0.033333,0.281996,2.102041,28.673954,1.970115,30.000000,0.677632
0.033333,0.329596,1.899083,26.966543,2.018703,59.000000,0.655063
0.083333,0.329596,1.899083,26.966543,2.018703,59.000000,0.655063
0.083333,0.238001,4.074074,29.193290,1.909677,31.000000,0.802920
0.083333,1.000000,1.928571,24.696136,1.590909,12.000000,0.658537
0.076923,0.374821,1.714286,30.000000,1.576923,13.000000,0.631579
0.111111,0.608794,6.214286,28.288621,1.542105,20.000000,0.861386
0.111111,0.885555,1.727273,18.022512,1.472222,9.000000,0.633333
0.076923,0.127454,3.444444,26.852877,1.748538,19.000000,0.775000
0.076923,0.176048,2.583333,30.000000,1.666667,13.000000,0.720930
0.076923,0.127454,3.444444,26.852877,1.748538,19.000000,0.775000
0.076923,0.176048,2.583333,30.000000,1.666667,13.000000,0.720930
0.047619,0.503138,5.166667,29.801616,1.857143,21.000000,0.837838
0.047619,0.004219,1.742857,30.000000,1.956522,23.000000,0.635417
0.062500,0.035154,1.757576,29.477739,2.000000,38.000000,0.637363
0.062500,0.449042,3.066667,29.455289,1.700000,16.000000,0.754098
0.034483,0.062674,2.881356,29.574817,2.002564,40.000000,0.742358
0.034483,0.394377,1.250000,17.981933,2.118227,29.000000,0.555556
0.034483,0.118936,2.881356,29.574817,2.002564,40.000000,0.742358
0.034483,0.394377,1.250000,17.981933,2.118227,29.000000,0.555556
0.142857,0.317981,5.500000,28.950497,1.523810,7.000000,0.846154
0.071429,0.486037,2.000000,28.808800,1.945055,14.000000,0.666667
0.071429,0.000000,1.785714,29.879466,1.803922,18.000000,0.641026
0.076923,0.336270,2.176471,29.948386,1.659341,14.000000,0.685185
0.076923,0.932799,2.100000,30.000000,1.923077,13.000000,0.677419
0.055556,0.610534,2.125000,30.000000,1.824615,26.000000,0.680000
0.055556,0.512428,3.018519,30.000000,1.938462,40.000000,0.751152
0.055556,0.512428,3.018519,30.000000,1.938462,40.000000,0.751152
0.055556,0.610534,2.125000,30.000000,1.824615,26.000000,0.680000
0.071429,0.447830,1.818182,27.307011,1.723810,15.000000,0.645161
0.033333,0.692649,1.954545,29.433086,1.786207,30.000000,0.661538
0.055556,0.610534,2.125000,30.000000,1.824615,26.000000,0.680000
0.055556,0.512428,3.018519,30.000000,1.938462,40.000000,0.751152
0.055556,0.512428,3.018519,30.000000,1.938462,40.000000,0.751152
0.055556,0.610534,2.125000,30.000000,1.824615,26.000000,0.680000
0.125000,0.099431,2.032258,30.000000,1.828571,21.000000,0.670213
0.125000,0.999994,1.150000,23.266983,1.636364,11.000000,0.534884
0.166667,0.251939,1.391304,24.352870,1.714286,14.000000,0.581818
0.043478,0.010695,1.354839,29.701581,2.119512,41.000000,0.575342
0.055556,0.610534,2.125000,30.000000,1.824615,26.000000,0.680000
0.055556,0.512428,3.018519,30.000000,1.938462,40.000000,0.751152
0.125000,0.702680,4.500000,29.632976,1.357143,8.000000,0.818182
0.031250,0.729584,2.754098,26.324067,2.168409,42.000000,0.733624
0.055556,0.610534,2.125000,30.000000,1.824615,26.000000,0.680000
0.055556,0.512428,3.018519,30.000000,1.938462,40.000000,0.751152
0.125000,0.099431,2.032258,30.000000,1.828571,21.000000,0.670213
0.125000,0.999994,1.150000,23.266983,1.636364,11.000000,0.534884
0.166667,0.009533,1.846154,27.985577,1.926316,20.000000,0.648649
0.031250,0.045836,1.484848,23.518098,1.913306,32.000000,0.597561
0.071429,0.159834,3.605263,28.178945,1.962462,37.000000,0.782857
0.083333,0.622363,1.800000,29.901575,1.576923,13.000000,0.642857
0.100000,1.000000,2.153846,29.847136,1.800853,38.000000,0.682927
0.076923,0.159834,3.605263,28.178945,1.962462,37.000000,0.782857
0.052632,0.254329,2.342857,28.296851,2.054187,29.000000,0.700855
0.052632,1.000000,1.629630,22.612893,1.742690,19.000000,0.619718
0.142857,0.049186,2.750000,29.363658,1.976285,23.000000,0.733333
0.029412,0.058767,1.818966,29.653695,2.017255,51.000000,0.645260
0.029412,0.116298,2.000000,25.611370,2.174688,34.000000,0.666667
0.047619,0.214629,3.555556,30.000000,1.819048,21.000000,0.780488
0.047619,0.236737,1.244444,28.413553,1.969697,22.000000,0.554455
0.062500,0.712168,1.343750,29.155949,1.708333,16.000000,0.573333
0.062500,0.236737,1.244444,28.413553,1.969697,22.000000,0.554455
0.047619,0.214629,3.555556,30.000000,1.819048,21.000000,0.780488
0.047619,0.236737,1.244444,28.413553,1.969697,22.000000,0.554455
0.047619,0.214629,3.555556,30.000000,1.819048,21.000000,0.780488
0.047619,0.236737,1.244444,28.413553,1.969697,22.000000,0.554455
0.055556,0.412755,1.558140,26.969418,1.782609,23.000000,0.609091
0.055556,0.853056,1.212121,22.822777,1.947712,18.000000,0.547945
0.111111,0.260963,2.222222,27.293030,1.444444,9.000000,0.689655
0.111111,0.236737,1.244444,28.413553,1.969697,22.000000,0.554455
0.200000,1.000000,1.571429,30.000000,1.266667,6.000000,0.611111
0.200000,0.236737,1.244444,28.413553,1.969697,22.000000,0.554455
0.111111,0.020024,1.875000,29.395861,1.666667,9.000000,0.652174
0.111111,0.513100,2.636364,27.248036,2.163265,49.000000,0.725000
0.100000,0.157667,2.881356,29.487809,2.002564,40.000000,0.742358
0.100000,0.127212,2.881356,29.487809,2.002564,40.000000,0.742358
0.111111,0.004184,2.285714,21.105116,1.555556,9.000000,0.695652
0.142857,1.000000,1.580000,30.000000,1.683983,22.000000,0.612403
0.166667,0.858132,2.400000,26.869677,1.200000,6.000000,0.705882
0.100000,1.000000,1.551020,22.145766,1.817814,39.000000,0.608000
0.250000,0.226939,2.218750,29.839767,1.809231,26.000000,0.689320
0.058824,0.104053,1.640000,20.241373,1.757353,17.000000,0.621212
0.058824,0.003825,3.270270,29.252297,1.743842,29.000000,0.765823
0.100000,0.104053,1.640000,20.241373,1.757353,17.000000,0.621212
0.142857,0.308737,2.560976,29.957349,1.850575,30.000000,0.719178
0.050000,0.099790,2.461538,30.000000,1.742105,20.000000,0.711111
0.050000,0.099790,2.461538,30.000000,1.742105,20.000000,0.711111
0.090909,0.025742,1.363636,27.272727,1.490909,11.000000,0.576923
0.050000,0.099790,2.461538,30.000000,1.742105,20.000000,0.711111
0.071429,0.519360,2.636364,29.765887,1.790476,21.000000,0.725000
0.071429,1.000000,1.275862,30.000000,1.670330,14.000000,0.560606
0.125000,0.361206,2.000000,29.909675,1.357143,8.000000,0.666667
0.071429,0.002467,1.796296,23.263258,2.034091,33.000000,0.642384
0.071429,0.004184,3.000000,29.025729,1.736264,14.000000,0.750000
0.142857,0.095023,1.700000,30.000000,1.190476,7.000000,0.629630
0.062500,0.632296,1.571429,27.351788,1.633333,16.000000,0.611111
0.062500,0.004488,1.716981,28.858270,1.774929,27.000000,0.631944
0.083333,1.000000,2.058824,29.017786,1.500000,12.000000,0.673077
0.058824,0.269994,1.552632,29.879466,1.614379,18.000000,0.608247
0.058824,0.175684,1.960000,28.210793,1.735294,17.000000,0.662162
0.058824,0.948283,2.636364,29.906430,1.701299,22.000000,0.725000
0.047619,1.000000,2.391304,28.704632,1.738095,21.000000,0.705128
0.047619,0.451460,1.196262,24.032378,2.049933,39.000000,0.544681
0.200000,1.000000,8.000000,30.000000,1.200000,5.000000,0.888889
0.200000,1.000000,2.100000,29.303918,1.750988,23.000000,0.677419
0.200000,1.000000,8.000000,30.000000,1.200000,5.000000,0.888889
0.200000,1.000000,2.100000,29.303918,1.750988,23.000000,0.677419
0.111111,0.005645,1.725000,29.060562,1.636842,20.000000,0.633028
0.066667,0.263409,2.416667,30.000000,1.972315,43.000000,0.707317
0.066667,0.263409,2.416667,30.000000,1.972315,43.000000,0.707317
0.100000,0.213167,1.692308,20.862578,1.771242,18.000000,0.628571
0.083333,0.621243,2.166667,28.373339,1.606061,12.000000,0.684211
0.090909,0.318075,3.134615,29.861293,1.938462,40.000000,0.758140
0.090909,0.318075,3.134615,29.861293,1.938462,40.000000,0.758140
0.090909,0.318075,3.134615,29.861293,1.938462,40.000000,0.758140
0.066667,0.263409,2.416667,30.000000,1.972315,43.000000,0.707317
0.142857,0.284977,3.500000,29.536426,1.747253,14.000000,0.777778
0.062500,0.124338,3.425000,29.394487,1.962462,37.000000,0.774011
0.076923,1.000000,1.233333,30.000000,1.670330,14.000000,0.552239
0.024390,0.014085,2.692308,29.779515,2.017073,41.000000,0.729167
0.083333,0.008130,2.636364,27.887623,1.560606,12.000000,0.725000
0.062500,0.008130,2.181818,29.330628,1.616667,16.000000,0.685714
0.024390,0.008130,2.692308,29.779515,2.017073,41.000000,0.729167
0.034483,0.178990,1.500000,23.675991,1.862069,29.000000,0.600000
0.034483,0.332213,3.107143,27.909905,2.144558,49.000000,0.756522
0.083333,0.486595,2.629630,27.914750,1.948718,39.000000,0.724490
0.083333,0.447198,2.571429,30.000000,1.484848,12.000000,0.720000
0.250000,0.422222,1.545455,16.475414,1.527778,9.000000,0.607143
0.090909,0.015872,1.818898,29.084530,2.002177,53.000000,0.645251
0.100000,0.617565,3.625000,25.628074,1.355556,10.000000,0.783784
0.100000,0.708668,1.857143,26.449955,1.422222,10.000000,0.650000
0.111111,0.471268,2.660714,29.976801,1.834994,43.000000,0.726829
0.111111,1.000000,4.666667,30.000000,1.666667,9.000000,0.823529
0.083333,0.024590,5.428571,24.689221,2.247368,20.000000,0.844444
0.083333,0.474687,2.333333,30.000000,1.742424,12.000000,0.700000
0.166667,1.000000,3.500000,30.000000,2.000000,17.000000,0.777778
0.066667,1.000000,1.423077,25.906548,1.723810,15.000000,0.587302
0.066667,1.000000,2.937500,29.126029,1.980392,18.000000,0.746032
0.166667,1.000000,3.500000,30.000000,2.000000,17.000000,0.777778
0.066667,1.000000,2.937500,29.126029,1.980392,18.000000,0.746032
0.066667,1.000000,1.423077,25.906548,1.723810,15.000000,0.587302
0.066667,1.000000,2.937500,29.126029,1.980392,18.000000,0.746032
0.066667,1.000000,1.423077,25.906548,1.723810,15.000000,0.587302
0.166667,1.000000,3.500000,30.000000,2.000000,17.000000,0.777778
0.100000,0.165848,1.648649,28.756059,2.015504,43.000000,0.622449
0.200000,0.884883,2.111111,27.880797,1.654545,11.000000,0.678571
0.200000,0.000000,6.200000,30.000000,1.705128,13.000000,0.861111
0.200000,0.830801,6.117647,27.745359,1.843915,28.000000,0.859504
0.083333,0.000000,1.250000,18.794789,1.906433,19.000000,0.555556
0.111111,0.254289,2.265060,26.289338,1.982281,43.000000,0.693727
0.200000,0.278491,2.535714,26.966162,1.942029,24.000000,0.717172
0.200000,0.278491,2.535714,26.966162,1.942029,24.000000,0.717172
0.200000,0.278491,2.535714,26.966162,1.942029,24.000000,0.717172
0.142857,0.412730,2.205128,26.830312,1.869132,38.000000,0.688000
0.142857,0.096969,1.902439,27.247474,1.886040,27.000000,0.655462
0.111111,0.815851,1.545455,16.475414,1.527778,9.000000,0.607143
0.111111,0.326861,1.868852,29.738839,2.174688,34.000000,0.651429
0.100000,0.304014,1.289474,25.301399,2.007576,33.000000,0.563218
0.045455,0.030946,2.600000,29.981944,1.964251,46.000000,0.722222
0.050000,0.496887,1.710526,29.807373,1.752632,20.000000,0.631068
0.023810,0.017093,3.000000,29.051759,2.068525,42.000000,0.750000
0.023810,0.930649,1.597701,19.522822,2.090821,46.000000,0.615044
0.083333,0.930649,1.597701,19.522822,2.090821,46.000000,0.615044
0.083333,0.095023,2.636364,29.608442,1.560606,12.000000,0.725000
0.045455,0.030946,2.600000,29.981944,1.964251,46.000000,0.722222
0.045455,0.243085,1.469136,29.678828,1.899160,35.000000,0.595000
0.062500,0.365303,2.181818,29.920031,1.616667,16.000000,0.685714
0.062500,0.930649,1.597701,19.522822,2.090821,46.000000,0.615044
0.045455,0.030946,2.600000,29.981944,1.964251,46.000000,0.722222
0.023810,0.930649,1.597701,19.522822,2.090821,46.000000,0.615044
0.023810,0.017093,3.000000,29.051759,2.068525,42.000000,0.750000
0.166667,1.000000,1.833333,15.548850,1.266667,6.000000,0.647059
0.166667,0.930649,1.597701,19.522822,2.090821,46.000000,0.615044
0.055556,0.930649,1.597701,19.522822,2.090821,46.000000,0.615044
0.045455,0.357593,2.062500,28.762621,1.797101,24.000000,0.673469
0.045455,0.119952,3.000000,27.853380,2.019763,23.000000,0.750000
0.076923,0.008264,1.777778,29.438778,1.771429,21.000000,0.640000
0.062500,0.061959,2.086957,29.660138,1.777778,28.000000,0.676056
0.062500,0.460540,1.289474,25.301399,2.007576,33.000000,0.563218
0.083333,0.044776,3.000000,27.500000,1.742424,12.000000,0.750000
0.066667,0.744534,2.909091,28.887988,1.893590,40.000000,0.744186
0.066667,0.352127,1.714286,25.978942,1.967320,18.000000,0.631579
0.055556,0.046335,2.975610,29.095634,1.777011,30.000000,0.748466
0.055556,0.928525,1.692308,20.862578,1.771242,18.000000,0.628571
0.083333,1.000000,2.630435,29.433065,1.627692,26.000000,0.724551
0.041667,1.000000,4.296296,28.406355,1.590580,24.000000,0.811189
0.041667,0.460109,4.849057,29.248456,1.781838,43.000000,0.829032
0.083333,0.636217,1.941176,27.182341,1.545455,12.000000,0.660000
0.083333,1.000000,3.177778,29.665950,1.655172,29.000000,0.760638
0.050000,0.001790,2.952381,28.358803,2.507123,27.000000,0.746988
0.050000,0.144533,1.089286,28.419451,2.025362,24.000000,0.521368
0.050000,0.237546,1.142857,29.603847,1.969697,22.000000,0.533333
0.050000,1.000000,2.754098,26.324067,2.168409,42.000000,0.733624
0.166667,0.822750,1.212121,22.822777,1.947712,18.000000,0.547945
0.050000,0.144533,1.089286,28.419451,2.025362,24.000000,0.521368
0.050000,1.000000,2.952381,28.358803,2.507123,27.000000,0.746988
0.055556,0.621135,1.626667,30.000000,1.929924,33.000000,0.619289
0.055556,0.822750,1.212121,22.822777,1.947712,18.000000,0.547945
0.076923,0.138418,1.244444,28.413553,1.969697,22.000000,0.554455
0.083333,1.000000,1.615385,28.488929,1.600000,15.000000,0.617647
0.100000,0.495051,1.822581,22.865817,2.088589,37.000000,0.645714
0.100000,0.259615,1.857143,28.875898,1.422222,10.000000,0.650000
0.041667,0.073451,2.410959,27.879773,1.892857,49.000000,0.706827
0.083333,0.127058,1.628866,27.177885,2.006342,44.000000,0.619608
0.083333,1.000000,2.000000,26.668004,1.818182,12.000000,0.666667
0.111111,0.267322,1.405941,25.553318,2.025552,42.000000,0.584362
0.125000,1.000000,2.333333,29.339507,1.250000,8.000000,0.700000
0.200000,0.399442,3.857143,29.958679,1.509091,11.000000,0.794118
0.200000,0.543642,2.490196,26.816786,1.962121,33.000000,0.713483
0.125000,0.162052,2.427083,26.918803,1.905314,46.000000,0.708207
0.125000,0.016667,1.230769,30.000000,1.464286,8.000000,0.551724
0.071429,1.000000,4.000000,28.003570,1.615385,14.000000,0.800000
0.052632,0.483521,2.648649,27.113676,1.827957,31.000000,0.725926
0.052632,0.045535,2.250000,28.590392,1.898551,24.000000,0.692308
0.076923,0.498537,3.625000,27.422494,1.628205,13.000000,0.783784
0.076923,0.742974,3.500000,19.393571,1.961538,13.000000,0.777778
0.076923,1.000000,3.964286,29.826905,1.772487,28.000000,0.798561
0.250000,0.000000,4.000000,29.783574,1.333333,4.000000,0.800000
0.250000,0.060872,3.153846,28.135488,1.896667,25.000000,0.759259
0.037037,0.001826,3.270270,29.084450,1.743842,29.000000,0.765823
0.043478,0.128645,1.212766,26.213440,2.130435,23.000000,0.548077
0.038462,0.023710,2.692308,30.000000,1.784615,26.000000,0.729167
0.125000,1.000000,2.000000,30.000000,1.428571,8.000000,0.666667
0.037037,1.000000,2.786885,29.881959,2.002564,40.000000,0.735931
0.041667,0.267704,1.539683,27.962423,1.858065,31.000000,0.606250
0.076923,0.479775,2.571429,30.000000,1.602564,13.000000,0.720000
0.037037,0.043667,2.786885,29.881959,2.002564,40.000000,0.735931
0.034483,0.012729,1.170940,29.438042,2.144820,44.000000,0.539370
0.142857,0.274234,2.600000,25.684693,1.380952,7.000000,0.722222
0.028571,0.354108,2.300000,29.938011,1.971429,35.000000,0.696970
0.028571,0.086242,1.639344,22.068997,2.100840,35.000000,0.621118
0.125000,1.000000,2.285714,27.400068,1.428571,8.000000,0.695652
0.076923,0.554138,1.409091,27.692308,1.692308,13.000000,0.584906
0.166667,0.263787,1.129032,29.156069,1.780952,15.000000,0.530303
0.166667,0.612104,1.857143,30.000000,1.133333,6.000000,0.650000
0.045455,0.275521,1.652174,29.178982,1.792208,22.000000,0.622951
0.045455,0.699741,1.928571,28.341827,1.880435,24.000000,0.658537
0.076923,0.030384,1.758621,30.000000,1.725146,19.000000,0.637500
0.200000,0.728418,2.130435,28.667562,1.870130,22.000000,0.680556
0.250000,1.000000,2.000000,19.524067,1.333333,4.000000,0.666667
0.250000,0.952126,12.000000,25.996429,1.428571,7.000000,0.923077
0.100000,0.210903,2.166667,27.563727,1.422222,10.000000,0.684211
0.100000,1.000000,1.217391,22.511806,1.717949,13.000000,0.549020
0.083333,0.097645,2.970588,29.431174,2.088235,52.000000,0.748148
0.083333,0.174633,2.454545,26.220030,1.651515,12.000000,0.710526
0.125000,0.403660,3.636364,28.932674,1.761905,15.000000,0.784314
0.090909,1.000000,1.909091,30.000000,1.727273,11.000000,0.656250
0.250000,0.026844,1.500000,23.222558,1.816176,17.000000,0.600000
0.125000,0.004219,1.920000,28.797702,1.777778,18.000000,0.657534
0.125000,0.268657,1.884615,26.331153,1.658333,16.000000,0.653333
0.071429,0.143521,1.785714,16.128113,1.725275,14.000000,0.641026
0.111111,0.404230,2.071429,27.490812,1.933333,31.000000,0.674419
0.083333,0.097304,1.289474,25.301399,2.007576,33.000000,0.563218
0.166667,0.222981,2.179104,29.877118,1.891473,43.000000,0.685446
0.076923,0.971966,1.950000,28.246789,1.626374,14.000000,0.661017
0.076923,0.121066,1.619718,26.234683,2.004878,41.000000,0.618280
0.071429,0.792886,1.884615,26.331153,1.658333,16.000000,0.653333
0.071429,1.000000,3.400000,25.890474,1.758242,14.000000,0.772727
0.083333,0.765941,2.384615,30.000000,1.666667,13.000000,0.704545
0.083333,0.121066,1.619718,26.234683,2.004878,41.000000,0.618280
0.090909,0.101685,3.425000,28.939309,1.962462,37.000000,0.774011
0.027778,0.296252,1.725806,24.350150,2.129129,37.000000,0.633136
0.027778,0.032344,1.985714,29.557904,1.995238,36.000000,0.665072
0.076923,0.579289,1.937500,26.416702,2.033898,60.000000,0.659574
0.083333,0.121066,1.619718,26.234683,2.004878,41.000000,0.618280
0.083333,0.765941,2.384615,30.000000,1.666667,13.000000,0.704545
0.083333,0.217172,1.681818,29.948386,1.626374,14.000000,0.627119
0.100000,0.576221,4.111111,25.130597,1.564103,13.000000,0.804348
0.050000,0.140334,2.352941,29.588009,1.709957,22.000000,0.701754
0.050000,0.436836,2.894737,24.427914,1.915789,20.000000,0.743243
0.125000,0.915513,1.928571,7.054888,1.756410,13.000000,0.658537
0.058824,0.219836,2.269231,29.930757,1.602941,17.000000,0.694118
0.058824,0.436836,2.894737,24.427914,1.915789,20.000000,0.743243
0.111111,0.008264,2.741935,27.660034,1.980057,27.000000,0.732759
0.142857,0.236817,1.615385,29.374387,2.028541,44.000000,0.617647
0.076923,0.389269,6.000000,30.000000,1.538462,13.000000,0.857143
0.076923,0.389269,6.000000,30.000000,1.538462,13.000000,0.857143
0.076923,0.389269,6.000000,30.000000,1.538462,13.000000,0.857143
0.111111,0.308405,1.750000,29.456167,1.733333,15.000000,0.636364
0.045455,0.003482,2.200000,28.458165,1.887446,22.000000,0.687500
0.083333,0.425047,2.600000,29.981944,1.964251,46.000000,0.722222
0.083333,0.425047,2.600000,29.981944,1.964251,46.000000,0.722222
0.083333,0.425047,2.600000,29.981944,1.964251,46.000000,0.722222
0.071429,1.000000,1.514706,29.309727,1.878788,33.000000,0.602339
0.100000,0.178006,1.100000,22.952349,1.772059,17.000000,0.523810
0.083333,1.000000,1.450704,30.000000,1.878788,33.000000,0.591954
0.142857,0.341317,2.000000,17.050206,1.571429,8.000000,0.666667
0.030303,0.985384,1.450704,30.000000,1.878788,33.000000,0.591954
0.030303,0.131162,2.972973,28.115054,2.120130,56.000000,0.748299
0.125000,0.994505,8.363636,28.635875,1.717391,24.000000,0.893204
0.111111,0.045436,2.741935,27.329247,1.980057,27.000000,0.732759
0.111111,0.016667,1.900000,27.481548,1.472222,9.000000,0.655172
0.083333,0.189573,2.122807,29.486856,1.989916,35.000000,0.679775
0.083333,1.000000,1.466667,25.009820,1.742424,12.000000,0.594595
0.200000,0.291106,3.000000,30.000000,1.742857,15.000000,0.750000
0.071429,1.000000,1.660377,25.734297,1.862434,28.000000,0.624113
0.066667,0.000000,1.936170,26.682956,1.766154,26.000000,0.659420
0.066667,1.000000,1.307692,14.098207,1.742857,15.000000,0.566667
0.062500,0.301006,3.413043,28.786898,1.986585,41.000000,0.773399
0.062500,0.315109,2.427083,26.918803,1.905314,46.000000,0.708207
0.062500,1.000000,1.535714,12.015820,1.641667,16.000000,0.605634
0.062500,0.071919,1.842105,28.266160,1.696970,22.000000,0.648148
0.250000,0.289682,1.490566,25.449817,2.006342,44.000000,0.598485
0.090909,0.473569,2.000000,26.813426,1.654545,11.000000,0.666667
0.090909,0.710204,2.909091,30.000000,1.418182,11.000000,0.744186
0.058824,0.124889,3.413043,28.730777,1.986585,41.000000,0.773399
0.111111,0.147139,3.605263,28.178945,1.962462,37.000000,0.782857
0.111111,1.000000,2.000000,30.000000,1.444444,9.000000,0.666667
0.100000,0.374735,3.034483,30.000000,1.976190,28.000000,0.752137
0.100000,0.374735,3.034483,30.000000,1.976190,28.000000,0.752137
0.125000,1.000000,2.500000,29.387270,1.285714,8.000000,0.714286
0.125000,0.153632,1.250000,18.794789,1.906433,19.000000,0.555556
0.052632,0.398060,2.584906,29.047278,1.946524,34.000000,0.721053
0.052632,0.153632,1.250000,18.794789,1.906433,19.000000,0.555556
0.100000,0.374735,3.034483,30.000000,1.976190,28.000000,0.752137
0.250000,1.000000,1.468750,25.916755,1.764706,18.000000,0.594937
0.200000,0.491327,5.806452,29.572514,2.001350,39.000000,0.853081
0.200000,0.162426,1.600000,29.527806,1.766082,19.000000,0.615385
0.125000,0.228261,1.800000,30.000000,1.756410,13.000000,0.642857
0.066667,0.087283,2.000000,28.000000,1.609524,15.000000,0.666667
0.037037,0.379175,1.796296,30.000000,1.798030,29.000000,0.642384
0.037037,1.000000,1.222222,29.065043,1.817664,27.000000,0.550000
0.125000,1.000000,1.528302,29.795757,1.742754,24.000000,0.604478
0.125000,0.261640,2.000000,23.380552,1.500000,8.000000,0.666667
0.083333,1.000000,1.222222,29.603334,1.817664,27.000000,0.550000
0.100000,1.000000,1.363636,25.164721,1.994652,34.000000,0.576923
0.076923,1.000000,1.797468,26.790504,2.078627,43.000000,0.642534
0.041667,1.000000,1.603774,29.797291,1.933862,28.000000,0.615942
0.041667,1.000000,1.793651,24.035465,2.088589,37.000000,0.642045
0.250000,1.000000,2.095238,30.000000,2.036782,30.000000,0.676923
0.090909,1.000000,1.959184,27.183705,1.894089,29.000000,0.662069
0.090909,0.101507,2.888889,29.098906,1.727273,12.000000,0.742857
0.142857,0.527450,1.823529,28.681787,1.719298,19.000000,0.645833
0.200000,1.000000,2.250000,0.833555,1.400000,6.000000,0.692308
0.125000,0.280000,3.833333,29.559671,1.772727,12.000000,0.793103
0.038462,1.000000,1.632653,11.575863,1.753846,26.000000,0.620155
0.038462,0.080319,2.164948,28.732889,1.720648,39.000000,0.684039
0.066667,0.117862,1.542373,27.252027,1.790805,30.000000,0.606667
0.066667,0.455106,1.700000,29.834556,1.542857,15.000000,0.629630
0.142857,0.036147,2.666667,28.886957,1.238095,7.000000,0.727273
0.142857,1.000000,1.632653,11.575863,1.753846,26.000000,0.620155
0.166667,1.000000,3.617647,28.171009,1.893145,32.000000,0.783439
0.166667,1.000000,1.857143,30.000000,1.133333,6.000000,0.650000
0.142857,1.000000,1.632653,11.575863,1.753846,26.000000,0.620155
0.250000,1.000000,1.791667,29.800951,1.940256,38.000000,0.641791
0.250000,1.000000,1.791667,29.800951,1.940256,38.000000,0.641791
0.166667,0.905363,1.588235,29.640645,1.705128,13.000000,0.613636
0.100000,0.132371,3.333333,29.900246,1.622222,10.000000,0.769231
0.100000,0.675795,1.857143,21.889405,1.858974,13.000000,0.650000
0.071429,0.775740,1.928571,28.442435,1.719298,19.000000,0.658537
0.066667,0.675129,1.333333,26.587238,1.942857,15.000000,0.571429
0.066667,0.513514,2.042553,28.002891,1.769231,27.000000,0.671329
0.066667,0.680136,1.333333,26.739223,1.942857,15.000000,0.571429
0.066667,0.255697,2.085106,27.803716,2.293443,61.000000,0.675862
0.125000,0.062324,1.400000,28.930279,1.735294,17.000000,0.583333
0.125000,1.000000,1.777778,30.000000,1.428571,8.000000,0.640000
0.080000,1.000000,0.853659,21.281298,1.920000,25.000000,0.460526
0.080000,1.000000,1.582090,29.616288,1.945565,32.000000,0.612717
0.062500,0.000694,1.952381,30.000000,1.725000,16.000000,0.661290
0.062500,0.102266,1.676471,27.281232,2.109531,38.000000,0.626374
0.090909,0.272645,4.000000,30.000000,1.490909,11.000000,0.800000
0.090909,0.301215,1.466667,23.532360,2.151717,43.000000,0.594595
0.100000,0.676697,2.250000,27.621058,1.659341,14.000000,0.692308
0.125000,1.000000,2.571429,28.957358,1.700000,16.000000,0.720000
0.100000,0.676697,2.250000,27.621058,1.659341,14.000000,0.692308
0.076923,0.008264,1.791667,29.801616,1.628571,21.000000,0.641791
0.166667,0.347795,1.395833,26.180418,1.936759,23.000000,0.582609
0.166667,0.237359,1.419118,29.116755,1.987974,47.000000,0.586626
0.071429,0.024419,4.985507,28.904654,1.849832,55.000000,0.832930
0.125000,0.129363,1.170732,28.661112,2.184089,47.000000,0.539326
0.045455,0.658113,2.269231,19.780860,2.013333,25.000000,0.694118
0.250000,0.000000,1.785714,25.487647,1.757576,12.000000,0.641026
0.055556,0.246867,1.814815,28.495868,1.732026,18.000000,0.644737
0.083333,0.260223,1.818182,28.113648,1.700000,16.000000,0.645161
0.083333,1.000000,2.000000,19.763600,1.833333,12.000000,0.666667
0.020833,0.286579,2.916667,28.180661,2.658163,49.000000,0.744681
0.020833,0.381701,3.530303,29.250340,2.021277,48.000000,0.779264
0.166667,1.000000,1.823529,30.000000,1.653846,13.000000,0.645833
0.166667,1.000000,2.000000,30.000000,1.333333,6.000000,0.666667
0.020833,0.286579,2.916667,28.180661,2.658163,49.000000,0.744681
0.020833,0.381701,3.530303,29.250340,2.021277,48.000000,0.779264
0.058824,1.000000,2.754098,26.324067,2.168409,42.000000,0.733624
0.058824,1.000000,1.960000,28.931686,1.735294,17.000000,0.662162
0.045455,0.490161,1.868421,26.806819,1.835498,22.000000,0.651376
0.045455,0.883563,2.114754,30.000000,1.786207,30.000000,0.678947
0.250000,0.722332,1.984615,28.571850,1.786207,30.000000,0.664948
0.166667,1.000000,2.000000,30.000000,1.333333,6.000000,0.666667
0.166667,1.000000,1.823529,30.000000,1.653846,13.000000,0.645833
0.133333,0.796518,1.730769,28.933792,1.888889,27.000000,0.633803
0.133333,1.000000,2.782609,22.343736,2.394180,28.000000,0.735632
0.250000,1.000000,2.754098,26.324067,2.168409,42.000000,0.733624
0.045455,0.486837,1.868421,27.245696,1.835498,22.000000,0.651376
0.045455,1.000000,2.754098,26.324067,2.168409,42.000000,0.733624
0.047619,0.106469,2.000000,28.847468,2.034135,65.000000,0.666667
0.047619,0.314857,2.300000,29.699441,1.786561,23.000000,0.696970
0.066667,0.320694,1.444444,28.464254,1.733333,15.000000,0.590909
0.050000,0.382279,2.826087,28.886309,1.779221,22.000000,0.738636
0.047619,0.264929,1.869565,29.491192,1.628571,21.000000,0.651515
0.125000,0.236136,2.192308,23.232022,1.550000,16.000000,0.686747
0.062500,0.123306,1.740741,27.781891,1.700000,16.000000,0.635135
0.125000,0.324234,1.555556,21.765290,1.500000,8.000000,0.608696
0.062500,0.379233,1.848485,27.399442,1.809524,21.000000,0.648936
0.090909,1.000000,1.176471,30.000000,1.781818,11.000000,0.540541
0.100000,0.160461,1.236364,19.161455,1.870000,25.000000,0.552846
0.100000,0.905327,1.384615,20.134259,1.688889,10.000000,0.580645
0.055556,1.000000,0.853659,21.281298,1.920000,25.000000,0.460526
0.040000,1.000000,0.853659,21.281298,1.920000,25.000000,0.460526
0.040000,0.254090,1.983871,29.200497,2.037762,66.000000,0.664865
0.100000,0.362833,3.015385,29.522579,2.163522,54.000000,0.750958
0.100000,0.323307,1.857143,21.889405,1.858974,13.000000,0.650000
0.142857,0.373456,2.333333,28.821787,1.333333,7.000000,0.700000
0.058824,1.000000,0.853659,21.281298,1.920000,25.000000,0.460526
0.058824,0.619513,1.558824,30.000000,1.691176,17.000000,0.609195
0.066667,0.838527,1.648649,28.414565,1.948052,22.000000,0.622449
0.076923,0.400364,5.142857,30.000000,1.538462,13.000000,0.837209
0.076923,0.019952,1.521739,29.603671,1.736264,14.000000,0.603448
0.076923,0.400364,5.142857,30.000000,1.538462,13.000000,0.837209
0.076923,0.019952,1.521739,29.603671,1.736264,14.000000,0.603448
0.076923,0.400364,5.142857,30.000000,1.538462,13.000000,0.837209
0.076923,0.019952,1.521739,29.603671,1.736264,14.000000,0.603448
0.111111,0.781955,1.800000,28.564756,1.555556,9.000000,0.642857
0.111111,1.000000,2.952381,28.358803,2.507123,27.000000,0.746988
0.111111,0.849893,2.952381,28.358803,2.507123,27.000000,0.746988
0.111111,0.781955,1.800000,28.564756,1.555556,9.000000,0.642857
0.200000,0.669589,2.384615,30.000000,2.650624,34.000000,0.704545
0.200000,0.669589,2.384615,30.000000,2.650624,34.000000,0.704545
0.111111,0.513566,1.283019,6.819369,1.870000,25.000000,0.561983
0.100000,0.183128,2.870968,28.475758,2.004926,29.000000,0.741667
0.166667,0.093750,1.750000,28.833116,1.533333,6.000000,0.636364
0.166667,0.113863,1.237288,27.696318,1.987692,26.000000,0.553030
0.100000,0.183128,2.870968,28.475758,2.004926,29.000000,0.741667
0.100000,0.183128,2.870968,28.475758,2.004926,29.000000,0.741667
0.166667,0.093750,1.750000,28.833116,1.533333,6.000000,0.636364
0.166667,0.113863,1.237288,27.696318,1.987692,26.000000,0.553030
0.032258,0.743453,1.932773,29.828095,1.732869,42.000000,0.659026
0.032258,1.000000,1.573770,28.514132,1.793548,31.000000,0.611465
0.052632,1.000000,1.573770,28.514132,1.793548,31.000000,0.611465
0.052632,0.309975,1.550000,28.717751,1.742690,19.000000,0.607843
0.125000,0.104843,2.625000,27.742202,1.250000,8.000000,0.724138
0.125000,1.000000,1.573770,28.514132,1.793548,31.000000,0.611465
0.142857,1.000000,1.573770,28.514132,1.793548,31.000000,0.611465
0.111111,0.193863,1.236364,18.616877,1.870000,25.000000,0.552846
0.076923,0.228036,1.850746,29.041519,2.107692,40.000000,0.649215
0.142857,0.058824,1.875000,25.450718,1.285714,7.000000,0.652174
0.076923,0.203922,2.333333,28.443728,1.718954,18.000000,0.700000
0.076923,0.581258,1.857143,29.555483,1.807692,13.000000,0.650000
0.133333,0.023901,1.854839,30.000000,1.732869,42.000000,0.649718
0.076923,0.000000,3.250000,27.381720,1.769231,13.000000,0.764706
0.074074,0.507330,2.925926,28.764884,1.811594,24.000000,0.745283
0.142857,0.636101,1.625000,15.351644,1.380952,7.000000,0.619048
0.030303,0.654548,1.170940,29.438042,2.144820,44.000000,0.539370
0.083333,0.929715,2.272727,30.000000,1.712121,12.000000,0.694444
0.083333,0.032259,2.500000,28.970515,1.964349,34.000000,0.714286
0.250000,0.564803,2.500000,22.675215,1.712121,12.000000,0.714286
0.250000,1.000000,2.000000,30.000000,1.238095,7.000000,0.666667
0.043478,0.801648,2.916667,28.180661,2.658163,49.000000,0.744681
0.043478,0.995278,3.034483,30.000000,1.976190,28.000000,0.752137
0.142857,0.771771,0.853659,21.281298,1.920000,25.000000,0.460526
0.043478,0.801648,2.916667,28.180661,2.658163,49.000000,0.744681
0.043478,0.995278,3.034483,30.000000,1.976190,28.000000,0.752137
0.052632,0.983963,2.448276,28.664572,1.942029,24.000000,0.710000
0.052632,1.000000,1.821429,30.000000,1.871345,19.000000,0.645570
0.043478,0.989811,2.888889,30.000000,1.766798,23.000000,0.742857
0.043478,0.836124,2.085106,27.803716,2.293443,61.000000,0.675862
0.052632,1.000000,1.821429,30.000000,1.871345,19.000000,0.645570
0.052632,0.983963,2.448276,28.664572,1.942029,24.000000,0.710000
0.043478,0.155150,2.085106,27.803716,2.293443,61.000000,0.675862
0.043478,0.989811,2.888889,30.000000,1.766798,23.000000,0.742857
0.200000,0.012552,1.666667,25.466786,1.500000,5.000000,0.625000
0.200000,0.993706,2.781250,29.973069,2.004926,29.000000,0.735537
0.142857,0.111111,1.488889,25.186361,1.822464,24.000000,0.598214
0.200000,0.993706,2.781250,29.973069,2.004926,29.000000,0.735537
0.200000,0.012552,1.666667,25.466786,1.500000,5.000000,0.625000
0.200000,0.993706,2.781250,29.973069,2.004926,29.000000,0.735537
0.200000,0.012552,1.666667,25.466786,1.500000,5.000000,0.625000
0.055556,0.492033,3.428571,27.423567,1.747368,20.000000,0.774194
0.055556,0.957456,2.208333,28.421053,1.824561,19.000000,0.688312
0.055556,0.492033,3.428571,27.423567,1.747368,20.000000,0.774194
0.055556,0.957456,2.208333,28.421053,1.824561,19.000000,0.688312
0.055556,0.492033,3.428571,27.423567,1.747368,20.000000,0.774194
0.055556,0.957456,2.208333,28.421053,1.824561,19.000000,0.688312
0.043478,0.989811,2.888889,30.000000,1.766798,23.000000,0.742857
0.043478,0.836124,2.085106,27.803716,2.293443,61.000000,0.675862
0.052632,0.983963,2.448276,28.664572,1.942029,24.000000,0.710000
0.052632,1.000000,1.821429,30.000000,1.871345,19.000000,0.645570
0.043478,0.801648,2.916667,28.180661,2.658163,49.000000,0.744681
0.043478,0.995278,3.034483,30.000000,1.976190,28.000000,0.752137
0.043478,0.155150,2.085106,27.803716,2.293443,61.000000,0.675862
0.043478,0.989811,2.888889,30.000000,1.766798,23.000000,0.742857
0.043478,0.155150,2.085106,27.803716,2.293443,61.000000,0.675862
0.043478,0.989811,2.888889,30.000000,1.766798,23.000000,0.742857
0.043478,0.989811,2.888889,30.000000,1.766798,23.000000,0.742857
0.043478,0.836124,2.085106,27.803716,2.293443,61.000000,0.675862
0.027027,0.207662,1.734177,28.093743,1.930931,37.000000,0.634259
0.027027,0.014511,2.701031,30.000000,2.015780,59.000000,0.729805
0.027027,0.207662,1.734177,28.093743,1.930931,37.000000,0.634259
0.027027,0.014511,2.701031,30.000000,2.015780,59.000000,0.729805
0.027027,0.207662,1.734177,28.093743,1.930931,37.000000,0.634259
0.027027,0.014511,2.701031,30.000000,2.015780,59.000000,0.729805
0.142857,0.762650,1.636364,29.978537,1.555556,9.000000,0.620690
0.125000,0.143003,2.085106,27.803716,2.293443,61.000000,0.675862
0.142857,1.000000,1.603053,29.263218,2.048218,54.000000,0.615836
0.062500,1.000000,1.504762,29.602269,2.006342,44.000000,0.600760
0.062500,0.830496,1.782609,29.425297,1.825000,16.000000,0.640625
0.040000,1.000000,1.645161,28.810474,2.033183,52.000000,0.621951
0.040000,0.063551,2.133333,28.952421,2.020000,25.000000,0.680851
0.090909,1.000000,1.523364,28.784167,2.048309,46.000000,0.603704
0.111111,0.227102,4.000000,26.584905,1.696970,12.000000,0.800000
0.111111,1.000000,1.739130,20.786559,1.753846,26.000000,0.634921
0.043478,1.000000,1.484848,23.518098,1.913306,32.000000,0.597561
0.043478,0.603403,1.966667,27.483498,1.806324,23.000000,0.662921
0.090909,1.000000,1.666667,28.144911,2.032313,49.000000,0.625000
0.090909,0.450008,1.866667,26.907161,1.509091,11.000000,0.651163
0.166667,1.000000,1.597222,28.987783,1.893048,34.000000,0.614973
0.166667,1.000000,1.750000,30.000000,1.533333,6.000000,0.636364
0.076923,1.000000,1.645161,28.810474,2.033183,52.000000,0.621951
0.076923,0.144444,1.846154,17.282143,1.846154,13.000000,0.648649
0.166667,1.000000,1.597222,28.987783,1.893048,34.000000,0.614973
0.166667,1.000000,1.750000,30.000000,1.533333,6.000000,0.636364
0.090909,1.000000,1.622807,29.372949,2.032313,49.000000,0.618729
0.142857,0.197090,2.727273,30.000000,1.590909,12.000000,0.731707
0.133333,0.353740,1.156250,25.324276,1.685714,15.000000,0.536232
0.050000,0.296368,1.851852,28.500315,1.884211,20.000000,0.649351
0.050000,0.933285,5.045455,29.215847,1.851852,54.000000,0.834586
0.052632,0.929205,5.111111,29.631699,1.854136,53.000000,0.836364
0.052632,0.125000,1.800000,29.122273,1.736842,19.000000,0.642857
0.041667,0.675836,3.500000,26.772729,1.847826,24.000000,0.777778
0.041667,0.966396,5.608696,26.830024,1.600000,25.000000,0.848684
0.166667,0.875133,3.557692,28.572848,1.734403,34.000000,0.780591
0.032258,0.726159,1.977273,29.220951,1.933333,31.000000,0.664122
0.032258,0.971921,4.784615,29.536716,1.829020,51.000000,0.827128
0.030303,0.746424,3.250000,28.998015,1.758730,36.000000,0.764706
0.030303,1.000000,2.039474,29.408487,1.714015,33.000000,0.670996
0.043478,0.384790,1.212766,26.213440,2.130435,23.000000,0.548077
0.043478,0.975173,5.344828,29.301739,1.814694,50.000000,0.842391
0.043478,0.644218,1.212766,26.213440,2.130435,23.000000,0.548077
0.043478,0.975173,5.344828,29.301739,1.814694,50.000000,0.842391
0.111111,0.884376,4.078431,28.443680,1.785206,38.000000,0.803089
0.058824,0.558247,1.550000,28.421053,1.742690,19.000000,0.607843
0.058824,0.288735,8.500000,27.232636,1.669118,17.000000,0.894737
0.083333,0.865947,1.759259,26.388255,1.854680,29.000000,0.637584
0.083333,0.937208,1.200000,21.497309,1.717949,13.000000,0.545455
0.166667,0.361612,2.000000,25.317134,1.555556,9.000000,0.666667
0.166667,0.356322,2.000000,27.916282,1.466667,6.000000,0.666667
0.250000,1.000000,3.000000,29.819199,1.742424,12.000000,0.750000
0.040000,0.356397,1.636364,28.796720,1.869875,34.000000,0.620690
0.040000,0.804853,2.000000,20.592404,1.973333,25.000000,0.666667
0.200000,0.180384,2.620690,28.723315,1.930000,25.000000,0.723810
0.076923,0.020733,2.250000,29.177049,1.647619,15.000000,0.692308
0.076923,0.471735,1.823529,23.008072,1.653846,13.000000,0.645833
0.125000,0.004255,2.333333,29.909675,1.571429,8.000000,0.700000
0.125000,0.218788,1.636364,29.768892,1.704762,15.000000,0.620690
0.066667,0.199403,1.714286,28.970117,1.704762,15.000000,0.631579
0.066667,0.040175,2.136364,27.765398,1.670290,24.000000,0.681159
0.041667,1.000000,1.864865,30.000000,1.793478,24.000000,0.650943
0.031250,0.088953,2.916667,28.180661,2.658163,49.000000,0.744681
0.090909,0.753787,1.050000,28.458335,2.027027,38.000000,0.512195
0.071429,0.603991,2.111111,29.594583,1.670330,14.000000,0.678571
0.200000,0.866450,1.750000,29.372503,1.300000,5.000000,0.636364
0.045455,0.328648,2.318182,29.507321,1.963441,31.000000,0.698630
0.058824,0.232525,2.915254,27.512125,2.004228,44.000000,0.744589
0.142857,0.636312,2.466667,28.380524,1.576923,13.000000,0.711538
0.090909,0.545684,2.272727,27.889194,1.545455,11.000000,0.694444
0.050000,0.431125,1.687500,30.000000,1.800000,20.000000,0.627907
0.066667,0.357399,1.580645,28.453392,1.807018,19.000000,0.612500
0.166667,1.000000,4.500000,25.000000,1.466667,6.000000,0.818182
0.055556,0.152452,1.593750,27.657938,1.794355,32.000000,0.614458
0.055556,0.321100,1.512195,29.761616,1.742690,19.000000,0.601942
0.125000,0.008547,2.100000,29.766828,1.250000,8.000000,0.677419
0.125000,0.152452,1.593750,27.657938,1.794355,32.000000,0.614458
0.166667,1.000000,4.500000,25.000000,1.466667,6.000000,0.818182
0.142857,0.152452,1.593750,27.657938,1.794355,32.000000,0.614458
0.066667,1.000000,3.545455,26.234370,1.801471,17.000000,0.780000
0.250000,0.851272,1.750000,30.000000,1.300000,5.000000,0.636364
0.076923,1.000000,1.928571,7.054888,1.756410,13.000000,0.658537
0.076923,1.000000,1.250000,22.364947,1.906433,19.000000,0.555556
0.076923,0.095971,4.216216,29.317734,1.837838,37.000000,0.808290
0.125000,0.060606,3.200000,30.000000,1.428571,8.000000,0.761905
0.125000,1.000000,2.555556,27.829897,1.178571,8.000000,0.718750
0.125000,0.055645,7.800000,28.554105,1.615385,14.000000,0.886364
0.071429,0.375442,2.833333,24.291334,1.714286,14.000000,0.739130
0.058824,0.017241,1.750000,28.714740,1.750000,17.000000,0.636364
0.043478,0.081863,2.109489,29.206657,2.025822,72.000000,0.678404
0.125000,0.360353,3.833333,29.216387,1.709091,11.000000,0.793103
0.111111,0.635853,2.677419,29.510598,1.614286,21.000000,0.728070
0.111111,0.725725,2.285714,27.293030,1.638889,9.000000,0.695652
0.076923,0.623645,2.888889,29.274528,1.769231,13.000000,0.742857
0.076923,0.564950,1.621622,21.685328,1.887701,34.000000,0.618557
0.111111,0.365693,2.281250,29.000218,1.891473,43.000000,0.695238
0.125000,1.000000,3.000000,28.236562,1.571429,8.000000,0.750000
0.076923,0.623645,2.888889,29.274528,1.769231,13.000000,0.742857
0.076923,1.000000,1.621622,21.685328,1.887701,34.000000,0.618557
0.041667,0.583528,1.933333,29.372306,1.933333,31.000000,0.659091
0.041667,1.000000,2.625000,25.785567,2.014245,27.000000,0.724138
0.071429,1.000000,2.642857,30.000000,1.670330,14.000000,0.725490
0.166667,0.200406,2.437500,28.456612,1.725000,16.000000,0.709091
0.250000,0.722135,4.590909,29.956619,2.038760,43.000000,0.821138
0.045455,0.131032,2.269841,28.841913,1.989204,39.000000,0.694175
0.045455,1.000000,5.818182,28.446997,2.090909,22.000000,0.853333
0.083333,0.599512,1.212766,26.213440,2.130435,23.000000,0.548077
0.083333,1.000000,2.545455,25.496335,1.575758,12.000000,0.717949
0.045455,0.105274,2.064516,30.000000,2.020000,25.000000,0.673684
0.045455,1.000000,5.818182,28.446997,2.090909,22.000000,0.853333
0.071429,0.627670,1.962963,19.338415,2.031621,23.000000,0.662500
0.071429,0.960901,2.428571,27.557594,1.670330,14.000000,0.708333
0.111111,0.411928,2.358974,29.984326,1.943350,29.000000,0.702290
0.142857,0.087471,1.253968,18.370917,1.907407,28.000000,0.556338
0.034483,1.000000,2.654321,29.764121,2.287981,65.000000,0.726351
0.034483,0.141159,2.714286,26.690966,2.318182,33.000000,0.730769
0.027778,0.141851,2.827586,27.213112,2.492063,36.000000,0.738739
0.027778,0.012121,2.768293,29.795540,2.275441,67.000000,0.734628
0.027778,0.131117,2.768293,29.795540,2.275441,67.000000,0.734628
0.027778,0.141851,2.827586,27.213112,2.492063,36.000000,0.738739
0.250000,0.068955,1.483871,25.176838,1.895425,18.000000,0.597403
0.058824,0.068955,1.483871,25.176838,1.895425,18.000000,0.597403
0.058824,0.068955,1.483871,25.176838,1.895425,18.000000,0.597403
0.034483,0.143685,2.654321,29.764121,2.287981,65.000000,0.726351
0.034483,0.141159,2.714286,26.690966,2.318182,33.000000,0.730769
0.090909,0.439128,2.454545,30.000000,2.114286,15.000000,0.710526
0.090909,0.544769,2.424242,25.799496,1.840000,25.000000,0.707965
0.090909,0.004484,1.714286,30.000000,1.636364,11.000000,0.631579
0.100000,0.107016,1.833333,30.000000,1.727273,11.000000,0.647059
0.040000,0.544769,2.424242,25.799496,1.840000,25.000000,0.707965
0.040000,0.017987,2.170455,29.025216,1.902857,50.000000,0.684588
0.040000,0.544769,2.424242,25.799496,1.840000,25.000000,0.707965
0.040000,0.013214,2.089286,30.000000,1.794355,32.000000,0.676301
0.090909,1.000000,3.000000,19.452442,2.428571,22.000000,0.750000
0.090909,0.370730,3.833333,29.192713,1.772727,12.000000,0.793103
0.250000,0.867095,1.805556,29.963870,1.768421,20.000000,0.643564
0.090909,0.199456,2.400000,28.229409,1.563636,11.000000,0.705882
0.071429,0.587125,1.750000,25.899809,1.758242,14.000000,0.636364
0.071429,1.000000,2.800000,28.894699,1.582418,14.000000,0.736842
0.142857,0.124473,1.571429,20.010511,1.476190,7.000000,0.611111
0.142857,0.609775,2.654321,29.657000,2.287981,65.000000,0.726351
0.066667,1.000000,2.000000,30.000000,2.020000,25.000000,0.666667
0.071429,0.662970,2.702381,29.908585,2.275441,67.000000,0.729904
0.062500,0.322940,1.458333,23.908157,1.941176,17.000000,0.593220
0.062500,0.582086,2.654321,29.813748,2.287981,65.000000,0.726351
0.066667,1.000000,2.000000,30.000000,2.020000,25.000000,0.666667
0.066667,0.417297,6.909091,27.541667,2.101449,24.000000,0.873563
0.058824,0.466020,2.071429,25.763975,2.216883,56.000000,0.674419
0.058824,0.383403,2.687500,30.000000,1.772059,17.000000,0.728814
0.066667,0.868647,6.909091,27.541667,2.101449,24.000000,0.873563
0.066667,1.000000,2.000000,30.000000,2.020000,25.000000,0.666667
0.071429,1.000000,2.702381,29.908585,2.275441,67.000000,0.729904
0.052632,0.427821,2.450000,27.989724,1.830409,19.000000,0.710145
0.052632,0.960548,2.085106,27.803716,2.293443,61.000000,0.675862
0.142857,0.124473,1.571429,20.010511,1.476190,7.000000,0.611111
0.142857,0.584893,2.654321,29.657000,2.287981,65.000000,0.726351
0.062500,0.322940,1.458333,23.908157,1.941176,17.000000,0.593220
0.062500,0.584610,2.654321,29.813748,2.287981,65.000000,0.726351
0.062500,0.701483,3.076923,29.079647,1.791667,16.000000,0.754717
0.062500,1.000000,1.962963,19.338415,2.031621,23.000000,0.662500
0.055556,1.000000,1.468750,25.916755,1.764706,18.000000,0.594937
0.050000,1.000000,1.880000,24.452027,2.200000,20.000000,0.652778
0.050000,0.047659,1.500000,22.841884,1.986772,28.000000,0.600000
0.055556,0.431280,1.580645,30.000000,1.679739,18.000000,0.612500
0.055556,1.000000,1.880000,22.421295,2.200000,20.000000,0.652778
0.142857,0.018349,1.847826,29.790421,1.987685,29.000000,0.648855
0.100000,0.097305,1.633333,29.844350,1.679739,18.000000,0.620253
0.062500,0.755480,1.531250,30.000000,1.679739,18.000000,0.604938
0.200000,0.892112,1.714286,25.267150,1.428571,7.000000,0.631579
0.090909,0.015652,1.631579,29.857387,1.472727,11.000000,0.620000
0.047619,0.004695,2.388889,26.727839,2.061905,21.000000,0.704918
0.050000,1.000000,2.466667,28.433089,2.581609,30.000000,0.711538
0.100000,0.218630,3.222222,26.465723,1.355556,10.000000,0.763158
0.050000,1.000000,2.466667,28.433089,2.581609,30.000000,0.711538
0.043478,0.404154,2.800000,23.784157,2.227957,31.000000,0.736842
0.041667,0.382335,2.827586,27.213112,2.492063,36.000000,0.738739
0.142857,0.450091,1.862069,29.236348,1.800000,20.000000,0.650602
0.142857,0.468132,2.000000,28.686392,1.428571,7.000000,0.666667
0.083333,0.210345,3.333333,28.424949,1.560440,14.000000,0.769231
0.100000,1.000000,2.444444,28.706598,1.709091,11.000000,0.709677
0.111111,0.394059,1.888889,25.350079,1.611111,9.000000,0.653846
0.047619,0.426838,2.783133,29.343186,2.013468,55.000000,0.735669
0.071429,0.432286,1.588235,30.000000,1.813187,14.000000,0.613636
0.071429,0.013736,2.166667,28.207194,2.038760,43.000000,0.684211
0.111111,1.000000,3.107143,27.556647,2.144558,49.000000,0.756522
0.111111,1.000000,11.500000,28.432861,1.361111,9.000000,0.920000
0.111111,1.000000,2.890411,29.485310,2.104822,54.000000,0.742958
0.111111,0.867146,1.727273,14.901400,1.472222,9.000000,0.633333
0.021739,0.890717,3.138889,29.515815,2.014493,46.000000,0.758389
0.021739,1.000000,2.851351,29.588388,2.104822,54.000000,0.740351
0.045455,1.000000,2.505376,29.923873,2.038847,57.000000,0.714724
0.045455,0.006152,1.647059,28.185201,1.796537,22.000000,0.622222
0.058824,1.000000,3.224138,27.593130,2.168175,52.000000,0.763265
0.200000,1.000000,2.412698,29.809894,1.993031,42.000000,0.706977
0.023810,1.000000,3.060606,29.217115,2.088235,52.000000,0.753731
0.023810,0.557016,1.295238,29.370363,2.119601,43.000000,0.564315
0.250000,1.000000,6.000000,30.000000,1.000000,4.000000,0.857143
0.250000,1.000000,2.783133,29.343186,2.013468,55.000000,0.735669
0.034483,1.000000,2.427083,30.000000,2.038847,57.000000,0.708207
0.200000,1.000000,2.549451,29.688737,2.017532,56.000000,0.718266
0.200000,0.151033,8.000000,30.000000,1.200000,5.000000,0.888889
0.125000,0.087820,1.833333,22.761100,1.750000,8.000000,0.647059
0.125000,0.448435,1.238095,28.564966,1.905263,20.000000,0.553191
0.023810,0.932425,2.040000,29.472484,1.900000,45.000000,0.671053
0.023810,0.286825,2.017544,29.475270,1.732869,42.000000,0.668605
0.100000,0.054674,1.840909,17.209186,1.940171,27.000000,0.648000
0.166667,0.861850,2.125000,29.250444,1.886905,49.000000,0.680000
0.062500,0.903333,1.878788,26.354759,1.807971,24.000000,0.652632
0.062500,0.638048,1.500000,25.621323,1.803922,18.000000,0.600000
0.055556,0.830719,2.666667,29.981935,1.893590,40.000000,0.727273
0.041667,0.067524,1.395833,30.000000,1.822464,24.000000,0.582609
0.041667,0.032491,1.840909,15.293363,1.940171,27.000000,0.648000
0.100000,0.736179,2.915254,27.512125,2.004228,44.000000,0.744589
0.142857,1.000000,1.423077,25.906548,1.723810,15.000000,0.587302
0.142857,1.000000,2.500000,29.951827,1.628571,15.000000,0.714286
0.166667,0.029307,1.900000,28.268790,1.766667,16.000000,0.655172
0.100000,0.300946,1.900000,27.110688,1.766667,16.000000,0.655172
0.100000,0.077762,2.000000,26.350555,1.666667,10.000000,0.666667
0.166667,0.443626,5.375000,30.000000,1.733333,16.000000,0.843137
0.083333,0.129252,1.625000,21.801763,1.666667,13.000000,0.619048
0.083333,0.569964,1.952000,29.244147,1.993012,54.000000,0.661247
0.076923,0.000000,1.628571,30.000000,1.900000,20.000000,0.619565
0.083333,1.000000,1.696429,28.961485,1.854680,29.000000,0.629139
0.200000,0.667755,7.000000,27.054870,1.300000,5.000000,0.875000
0.076923,0.000000,1.628571,30.000000,1.900000,20.000000,0.619565
0.076923,0.030004,1.179487,22.789966,1.884211,20.000000,0.541176
0.047619,0.052831,1.777778,30.000000,1.978836,28.000000,0.640000
0.047619,1.000000,1.636364,21.291145,1.780952,21.000000,0.620690
0.076923,0.551220,2.266667,29.939827,1.963441,31.000000,0.693878
0.076923,0.287597,3.095238,28.922933,1.721053,20.000000,0.755814
0.100000,1.000000,1.891892,28.270732,1.752381,21.000000,0.654206
0.100000,0.584685,4.200000,25.531682,1.622222,10.000000,0.807692
0.062500,1.000000,1.629630,30.000000,1.700000,16.000000,0.619718
0.058824,0.072733,2.931818,30.000000,1.961616,55.000000,0.745665
0.111111,1.000000,3.428571,28.892603,2.181818,22.000000,0.774194
0.111111,0.729742,2.428571,26.991736,1.527778,9.000000,0.708333
0.058824,0.072733,2.931818,30.000000,1.961616,55.000000,0.745665
0.058824,0.072733,2.931818,30.000000,1.961616,55.000000,0.745665
0.066667,0.334486,1.558140,19.739694,1.965812,27.000000,0.609091
0.066667,1.000000,3.461538,28.866178,1.590476,15.000000,0.775862
0.125000,0.334486,1.558140,19.739694,1.965812,27.000000,0.609091
0.125000,0.087078,1.909091,29.433838,1.250000,8.000000,0.656250
0.062500,0.334486,1.558140,19.739694,1.965812,27.000000,0.609091
0.062500,1.000000,2.136364,28.780004,1.691667,16.000000,0.681159
0.066667,0.334486,1.558140,19.739694,1.965812,27.000000,0.609091
0.066667,1.000000,3.461538,28.866178,1.590476,15.000000,0.775862
0.100000,0.672649,1.425532,24.203084,1.936759,23.000000,0.587719
0.125000,1.000000,2.600000,29.608756,1.535714,8.000000,0.722222
0.100000,0.672649,1.425532,24.203084,1.936759,23.000000,0.587719
0.125000,0.758694,1.680000,30.000000,1.882353,17.000000,0.626866
0.125000,1.000000,2.100000,29.766828,1.250000,8.000000,0.677419
0.125000,0.698590,1.222222,29.030411,1.944615,26.000000,0.550000
0.100000,0.749263,1.727273,30.000000,1.896667,25.000000,0.633333
0.100000,0.749263,1.727273,30.000000,1.896667,25.000000,0.633333
0.125000,1.000000,2.100000,29.766828,1.250000,8.000000,0.677419
0.125000,0.698590,1.222222,29.030411,1.944615,26.000000,0.550000
0.125000,0.577206,3.062500,27.446168,1.766667,21.000000,0.753846
0.090909,0.073973,2.384615,28.125000,2.083333,16.000000,0.704545
0.090909,0.776182,0.853659,21.281298,1.920000,25.000000,0.460526
0.111111,0.700025,1.966667,29.480264,1.874459,22.000000,0.662921
0.111111,0.930956,13.000000,23.184060,1.888889,9.000000,0.928571
0.090909,0.073973,2.384615,28.125000,2.083333,16.000000,0.704545
0.052632,0.958532,1.431818,30.000000,1.800000,20.000000,0.588785
0.133333,0.459820,1.593750,27.657938,1.794355,32.000000,0.614458
0.034483,0.794680,1.338235,25.452763,2.027094,29.000000,0.572327
0.111111,1.000000,1.777778,30.000000,1.555556,9.000000,0.640000
0.187500,0.129951,1.900000,27.110688,1.766667,16.000000,0.655172
0.142857,1.000000,1.303030,27.974838,1.816176,17.000000,0.565789
0.050000,0.841221,1.860000,28.699546,1.954545,33.000000,0.650350
0.050000,0.063926,1.851852,28.500315,1.884211,20.000000,0.649351
0.142857,0.032967,1.444444,20.495008,1.607143,8.000000,0.590909
0.050000,1.000000,2.197917,30.000000,2.292659,64.000000,0.687296
0.050000,0.509414,1.302326,28.500000,1.863158,20.000000,0.565657
0.043478,1.000000,2.428571,29.330244,2.005698,27.000000,0.708333
0.125000,0.745380,1.875000,23.973139,1.464286,8.000000,0.652174
0.125000,0.861674,2.050847,29.474676,1.904184,39.000000,0.672222
0.166667,0.009091,11.000000,27.729368,1.266667,6.000000,0.916667
0.076923,0.018349,2.307692,27.057101,1.692308,13.000000,0.697674
0.111111,0.872248,1.983607,30.000000,1.904184,39.000000,0.664835
0.027027,1.000000,2.857143,29.762767,2.658163,49.000000,0.740741
0.027027,1.000000,2.085106,27.803716,2.293443,61.000000,0.675862
0.166667,1.000000,2.654321,29.789249,2.287981,65.000000,0.726351
0.027027,0.623000,2.085106,27.803716,2.293443,61.000000,0.675862
0.027027,1.000000,2.857143,29.762767,2.658163,49.000000,0.740741
0.050000,0.620516,2.085106,28.344745,2.293443,61.000000,0.675862
0.066667,0.877431,2.768293,29.481766,2.275441,67.000000,0.734628
0.066667,0.432228,2.400000,24.662808,1.800000,15.000000,0.705882
0.250000,1.000000,2.500000,30.000000,1.166667,4.000000,0.714286
0.027027,0.708719,2.857143,29.762767,2.658163,49.000000,0.740741
0.027027,1.000000,2.085106,27.803716,2.293443,61.000000,0.675862
0.055556,0.909378,1.830508,30.000000,1.912913,37.000000,0.646707
0.055556,0.602462,2.806452,27.705170,2.683333,40.000000,0.737288
0.055556,0.909378,1.830508,30.000000,1.912913,37.000000,0.646707
0.055556,0.453577,2.806452,27.705170,2.683333,40.000000,0.737288
0.066667,0.300045,2.768293,29.481766,2.275441,67.000000,0.734628
0.066667,0.432228,2.400000,24.662808,1.800000,15.000000,0.705882
0.066667,0.623000,2.085106,27.803716,2.293443,61.000000,0.675862
0.066667,1.000000,2.272727,26.547495,1.633333,16.000000,0.694444
0.055556,0.909378,1.830508,30.000000,1.912913,37.000000,0.646707
0.055556,0.602462,2.806452,27.705170,2.683333,40.000000,0.737288
0.166667,0.523862,2.654321,29.789249,2.287981,65.000000,0.726351
0.058824,0.623000,2.085106,27.803716,2.293443,61.000000,0.675862
0.058824,0.019136,2.823529,30.000000,1.720588,17.000000,0.738462
0.050000,1.000000,2.085106,28.344745,2.293443,61.000000,0.675862
0.055556,0.182468,2.100000,26.241992,1.976608,19.000000,0.677419
0.062500,0.233728,2.588235,28.719522,1.716667,16.000000,0.721311
0.050000,0.622767,2.197917,30.000000,2.292659,64.000000,0.687296
0.050000,0.509414,1.302326,28.500000,1.863158,20.000000,0.565657
0.066667,1.000000,2.000000,30.000000,1.609524,15.000000,0.666667
0.062500,0.233728,2.588235,28.719522,1.716667,16.000000,0.721311
0.125000,0.745380,1.875000,23.973139,1.464286,8.000000,0.652174
0.125000,0.861674,2.050847,29.474676,1.904184,39.000000,0.672222
0.250000,1.000000,2.500000,30.000000,1.166667,4.000000,0.714286
0.027027,0.623000,2.085106,27.803716,2.293443,61.000000,0.675862
0.027027,0.708719,2.857143,29.762767,2.658163,49.000000,0.740741
0.111111,0.872248,1.983607,30.000000,1.904184,39.000000,0.664835
0.055556,0.909378,1.830508,30.000000,1.912913,37.000000,0.646707
0.055556,0.453577,2.806452,27.705170,2.683333,40.000000,0.737288
0.043478,0.009091,1.885714,20.701573,1.881423,23.000000,0.653465
0.058824,0.623000,2.085106,27.803716,2.293443,61.000000,0.675862
0.058824,0.019136,2.823529,30.000000,1.720588,17.000000,0.738462
0.200000,1.000000,2.333333,27.968262,1.300000,5.000000,0.700000
0.100000,0.489619,1.971429,30.000000,1.793478,24.000000,0.663462
0.076923,1.000000,2.916667,28.180661,2.658163,49.000000,0.744681
0.142857,0.263128,1.253968,18.370917,1.907407,28.000000,0.556338
0.052632,0.258607,2.125000,25.275501,1.824561,19.000000,0.680000
0.052632,0.080013,2.228916,28.136893,2.062626,45.000000,0.690299
0.142857,0.061125,1.734694,30.000000,1.987685,29.000000,0.634328
0.111111,0.304360,1.846154,24.932919,1.846154,13.000000,0.648649
0.100000,0.125254,1.900000,29.701195,1.666667,19.000000,0.655172
0.166667,0.157058,2.045455,29.879466,1.836601,18.000000,0.671642
0.125000,0.070497,1.444444,20.495008,1.607143,8.000000,0.590909
0.071429,1.000000,1.846154,27.985577,1.926316,20.000000,0.648649
0.071429,0.740237,1.391304,24.352870,1.714286,14.000000,0.581818
0.058824,1.000000,1.770833,30.000000,1.987685,29.000000,0.639098
0.230769,0.987049,1.142857,29.687005,1.511111,10.000000,0.533333
0.230769,1.000000,2.000000,29.061104,1.867647,17.000000,0.666667
0.142857,0.111265,2.041667,29.408367,1.713450,19.000000,0.671233
0.142857,1.000000,1.666667,25.714286,1.285714,7.000000,0.625000
0.041667,1.000000,1.734694,30.000000,1.987685,29.000000,0.634328
0.041667,1.000000,1.575000,25.132065,1.807971,24.000000,0.611650
0.125000,1.000000,3.600000,26.416571,1.357143,8.000000,0.782609
0.125000,1.000000,1.777778,29.477668,1.978836,28.000000,0.640000
0.028571,0.012435,2.827586,27.213112,2.492063,36.000000,0.738739
0.028571,0.667973,1.837500,29.558255,1.860360,37.000000,0.647577
0.028571,0.232133,2.827586,27.213112,2.492063,36.000000,0.738739
0.028571,0.667973,1.837500,29.558255,1.860360,37.000000,0.647577
0.125000,0.243709,1.750000,29.682805,2.119628,42.000000,0.636364
0.250000,0.752637,4.666667,29.745300,1.490909,11.000000,0.823529
0.142857,1.000000,2.142857,30.000000,1.464286,8.000000,0.681818
0.066667,0.004367,1.379310,29.647738,1.752381,15.000000,0.579710
0.066667,1.000000,2.560000,25.787746,3.061836,46.000000,0.719101
0.142857,0.309668,1.666667,30.000000,1.285714,7.000000,0.625000
0.062500,1.000000,1.463768,26.153269,2.002299,30.000000,0.594118
0.142857,0.857015,2.560000,25.787746,3.061836,46.000000,0.719101
0.142857,0.242047,1.666667,30.000000,1.285714,7.000000,0.625000
0.062500,0.288013,2.600000,26.182471,1.825000,16.000000,0.722222
0.066667,1.000000,2.560000,25.787746,3.061836,46.000000,0.719101
0.066667,0.004367,1.379310,29.647738,1.752381,15.000000,0.579710
0.142857,1.000000,2.560000,25.787746,3.061836,46.000000,0.719101
0.142857,0.242047,1.666667,30.000000,1.285714,7.000000,0.625000
0.142857,0.492343,2.560000,25.787746,3.061836,46.000000,0.719101
0.142857,0.242047,1.666667,30.000000,1.285714,7.000000,0.625000
0.066667,0.857015,2.560000,25.787746,3.061836,46.000000,0.719101
0.066667,0.004367,1.379310,29.647738,1.752381,15.000000,0.579710
0.062500,0.288013,2.600000,26.182471,1.825000,16.000000,0.722222
0.142857,0.309668,1.666667,30.000000,1.285714,7.000000,0.625000
0.142857,1.000000,2.560000,25.787746,3.061836,46.000000,0.719101
0.142857,0.242047,1.666667,30.000000,1.285714,7.000000,0.625000
0.047619,1.000000,1.442857,26.748484,2.002299,30.000000,0.590643
0.066667,0.004367,1.379310,29.647738,1.752381,15.000000,0.579710
0.066667,0.492343,2.560000,25.787746,3.061836,46.000000,0.719101
0.090909,0.104242,1.625000,22.006275,1.527273,11.000000,0.619048
0.090909,0.765134,3.363636,30.000000,1.723810,15.000000,0.770833
0.090909,0.104242,1.625000,22.006275,1.527273,11.000000,0.619048
0.090909,0.736467,3.363636,30.000000,1.723810,15.000000,0.770833
0.071429,0.370616,1.873239,28.822404,2.119628,42.000000,0.651961
0.055556,0.726482,1.459459,29.161844,1.699346,18.000000,0.593407
0.055556,0.046210,1.682927,26.419706,1.770563,22.000000,0.627273
0.200000,0.120679,2.023256,29.530907,2.028973,68.000000,0.669231
0.200000,0.866411,2.000000,24.000000,1.400000,5.000000,0.666667
0.200000,0.866411,2.000000,24.000000,1.400000,5.000000,0.666667
0.200000,0.624059,1.987013,29.511284,2.018893,39.000000,0.665217
0.027027,0.628778,2.083333,28.872796,1.978979,37.000000,0.675676
0.027027,0.601977,1.796875,24.862396,2.110953,38.000000,0.642458
0.166667,0.682784,4.428571,30.000000,1.705128,13.000000,0.815789
0.090909,1.000000,3.363636,30.000000,1.723810,15.000000,0.770833
0.090909,0.104242,1.625000,22.006275,1.527273,11.000000,0.619048
0.142857,0.334017,1.777778,23.478615,1.238095,7.000000,0.640000
0.142857,0.117586,1.969697,29.214679,1.972332,23.000000,0.663265
0.040000,0.160141,3.809524,29.157873,1.786667,25.000000,0.792079
0.040000,0.404695,1.923077,26.046477,1.855385,26.000000,0.657895
0.076923,0.651227,1.722222,10.459788,1.780220,14.000000,0.632653
0.111111,0.103600,1.650000,20.206826,1.742857,15.000000,0.622642
0.142857,0.523196,1.761905,28.477329,1.741667,16.000000,0.637931
0.200000,1.000000,1.750000,9.103079,1.300000,5.000000,0.636364
0.071429,1.000000,2.200000,17.171419,1.637363,14.000000,0.687500
0.071429,0.019446,2.238636,27.692724,2.096939,49.000000,0.691228
0.062500,0.086765,2.615385,29.761755,1.850000,16.000000,0.723404
0.062500,0.502783,2.318182,22.700547,2.059289,23.000000,0.698630
0.043478,1.000000,1.974684,29.765542,2.039627,66.000000,0.663830
0.043478,0.502783,2.318182,22.700547,2.059289,23.000000,0.698630
0.166667,0.490111,2.333333,29.278956,1.750000,9.000000,0.700000
0.043478,0.187768,1.681818,29.917633,1.886202,38.000000,0.627119
0.043478,0.502783,2.318182,22.700547,2.059289,23.000000,0.698630
0.076923,1.000000,1.800000,24.924275,1.730769,13.000000,0.642857
0.076923,0.359305,2.065789,29.264124,2.056025,44.000000,0.673820
0.100000,1.000000,1.733333,30.000000,1.422222,10.000000,0.634146
0.050000,0.163341,1.967742,26.215665,1.815789,20.000000,0.663043
0.090909,1.000000,1.073171,24.479084,1.772059,17.000000,0.517647
0.090909,0.596360,2.406977,29.720881,1.973639,49.000000,0.706485
0.090909,0.596360,2.406977,29.720881,1.973639,49.000000,0.706485
0.090909,0.596360,2.406977,29.720881,1.973639,49.000000,0.706485
0.090909,0.091721,1.708333,29.620139,1.825000,16.000000,0.630769
0.166667,0.017241,1.526316,22.394444,1.660819,19.000000,0.604167
0.166667,0.391633,1.800000,20.337430,1.400000,6.000000,0.642857
0.090909,1.000000,3.500000,30.000000,1.768473,29.000000,0.777778
0.090909,0.507931,1.875000,27.952048,1.657143,15.000000,0.652174
0.090909,1.000000,1.760000,29.864399,1.700000,16.000000,0.637681
0.050000,1.000000,3.612903,29.488012,1.822989,30.000000,0.783217
0.142857,0.224934,4.666667,28.442882,1.666667,13.000000,0.823529
0.200000,0.911434,1.800000,29.689104,1.400000,6.000000,0.642857
0.083333,0.308620,2.076923,20.634921,2.321429,49.000000,0.675000
0.083333,1.000000,4.111111,28.185732,1.454545,12.000000,0.804348
0.200000,0.017241,1.666667,26.250000,1.285714,8.000000,0.625000
0.200000,0.064974,4.166667,25.995035,1.651515,12.000000,0.806452
0.250000,0.914144,2.200000,25.487604,1.266667,6.000000,0.687500
0.020408,1.000000,2.000000,29.639711,2.031731,65.000000,0.666667
0.020408,0.308620,2.076923,20.634921,2.321429,49.000000,0.675000
0.250000,0.914144,2.200000,25.487604,1.266667,6.000000,0.687500
0.142857,0.493002,2.800000,28.394140,1.333333,7.000000,0.736842
0.250000,0.920485,1.600000,26.731561,1.464286,8.000000,0.615385
0.111111,0.308620,2.076923,20.634921,2.321429,49.000000,0.675000
0.111111,1.000000,1.533333,24.594748,1.361111,9.000000,0.605263
0.142857,0.493002,2.800000,28.394140,1.333333,7.000000,0.736842
0.250000,0.920485,1.600000,26.731561,1.464286,8.000000,0.615385
0.166667,0.718852,2.750000,29.879567,1.266667,6.000000,0.733333
0.052632,0.492451,1.526316,21.835396,1.660819,19.000000,0.604167
0.052632,0.250119,2.259259,29.380789,1.819964,34.000000,0.693182
0.050000,0.041649,1.659574,28.976379,1.905128,40.000000,0.624000
0.050000,1.000000,1.513514,16.852834,1.705263,20.000000,0.602151
0.250000,0.004219,6.100000,29.071343,1.595588,17.000000,0.859155
0.100000,0.978110,1.080000,30.000000,2.144558,49.000000,0.519231
0.100000,0.661800,1.793103,20.869618,1.695906,19.000000,0.641975
0.090909,1.000000,1.000000,16.649585,1.745455,11.000000,0.500000
0.090909,0.004219,2.393443,30.000000,2.754717,53.000000,0.705314
0.090909,0.004219,2.393443,30.000000,2.754717,53.000000,0.705314
0.090909,1.000000,1.000000,16.649585,1.745455,11.000000,0.500000
0.100000,0.294988,1.469388,28.800000,1.820000,25.000000,0.595041
0.166667,0.136236,1.785714,27.106561,1.757576,12.000000,0.641026
0.100000,0.675717,6.600000,26.438931,1.400000,11.000000,0.868421
0.050000,1.000000,1.826923,30.000000,1.881048,32.000000,0.646259
0.050000,1.000000,6.000000,28.280449,1.784211,20.000000,0.857143
0.052632,0.209803,2.142857,29.298779,1.866667,21.000000,0.681818
0.052632,0.004184,1.857143,28.421053,1.812865,19.000000,0.650000
0.125000,0.045189,2.823529,29.666559,2.020390,48.000000,0.738462
0.076923,0.000000,2.277778,27.817564,1.941520,19.000000,0.694915
0.071429,0.471448,1.500000,16.878691,1.836601,18.000000,0.600000
0.200000,1.000000,4.000000,24.071856,1.200000,5.000000,0.800000
0.142857,0.193520,1.632653,20.820751,1.899471,28.000000,0.620155
0.142857,0.762327,2.142857,30.000000,1.285714,7.000000,0.681818
0.125000,0.568253,2.375000,26.250000,1.321429,8.000000,0.703704
0.125000,0.708414,2.125000,24.024362,1.622222,10.000000,0.680000
0.125000,1.000000,1.214286,25.435020,1.428571,8.000000,0.548387
0.071429,0.745997,1.496124,29.263298,1.987974,47.000000,0.599379
0.071429,0.735354,1.500000,28.759941,1.626374,14.000000,0.600000
0.047619,0.743281,5.931034,29.120473,2.002845,38.000000,0.855721
0.047619,1.000000,2.722222,29.916099,1.766667,21.000000,0.731343
0.083333,0.455251,0.944444,29.757814,2.037179,40.000000,0.485714
0.071429,1.000000,2.928571,29.476048,1.732026,18.000000,0.745455
0.071429,0.735354,1.500000,28.759941,1.626374,14.000000,0.600000
0.200000,0.801907,1.666667,22.909817,1.583333,9.000000,0.625000
0.111111,1.000000,1.965517,30.000000,1.666667,19.000000,0.662791
0.111111,0.795403,1.583333,19.031625,1.472222,9.000000,0.612903
0.166667,0.155970,3.219512,27.495069,1.882576,33.000000,0.763006
0.166667,0.516321,11.000000,28.467458,1.266667,6.000000,0.916667
0.166667,0.928775,2.000000,29.076122,2.030210,63.000000,0.666667
0.111111,0.258736,4.250000,30.000000,1.735294,17.000000,0.809524
0.090909,0.000000,2.090909,28.235294,1.720588,17.000000,0.676471
0.090909,0.776775,1.500000,29.073432,1.763636,11.000000,0.600000
0.071429,1.000000,2.659574,16.932703,2.024291,39.000000,0.726744
0.071429,1.000000,2.659574,16.932703,2.024291,39.000000,0.726744
0.142857,1.000000,2.600000,28.133246,1.681319,14.000000,0.722222
0.200000,0.238360,3.011765,29.980440,2.040000,51.000000,0.750733
0.083333,1.000000,8.142857,26.382569,1.457143,15.000000,0.890625
0.083333,0.843832,2.750000,26.993518,1.545455,12.000000,0.733333
0.055556,0.401949,3.538462,28.547360,1.699346,18.000000,0.779661
0.055556,0.753225,1.500000,16.878691,1.836601,18.000000,0.600000
0.125000,0.859604,1.722222,10.459788,1.780220,14.000000,0.632653
0.125000,1.000000,1.987261,29.661324,2.039627,66.000000,0.665245
0.200000,0.770563,3.250000,27.495483,1.783550,22.000000,0.764706
0.035714,0.810760,2.210526,26.123472,1.920635,28.000000,0.688525
0.035714,0.004115,2.340426,28.654029,1.885714,35.000000,0.700637
0.200000,0.930317,1.379310,29.621612,1.752381,15.000000,0.579710
0.052632,0.565293,1.179487,22.789966,1.884211,20.000000,0.541176
0.052632,0.299642,2.000000,28.735956,2.044135,42.000000,0.666667
0.142857,0.515409,2.157143,29.346754,2.002439,41.000000,0.683258
0.125000,0.319018,1.727273,30.000000,1.321429,8.000000,0.633333
0.100000,0.999998,1.319149,30.000000,1.736842,19.000000,0.568807
0.100000,0.016667,2.333333,29.743521,1.709091,11.000000,0.700000
0.100000,0.960654,1.291667,28.058167,1.692308,13.000000,0.563636
0.100000,0.637064,1.461538,30.000000,1.666667,10.000000,0.593750
0.105263,0.802590,1.529412,28.623828,1.853801,19.000000,0.604651
0.111111,0.196550,1.802198,28.768542,2.070732,41.000000,0.643137
0.111111,0.625331,1.805556,29.534348,1.972332,23.000000,0.643564
0.058824,0.756956,1.750000,28.294118,1.750000,17.000000,0.636364
0.052632,0.937480,1.444444,29.589938,1.853801,19.000000,0.590909
0.052632,0.442352,1.777778,28.910520,1.844203,24.000000,0.640000
0.071429,1.000000,1.521739,17.195078,1.736264,14.000000,0.603448
0.071429,0.550722,1.125000,29.961931,2.144558,49.000000,0.529412
0.066667,0.099341,1.411765,28.990247,1.820000,25.000000,0.585366
0.066667,1.000000,1.758621,23.453679,1.842105,19.000000,0.637500
0.066667,0.474039,1.326923,29.320062,1.880435,24.000000,0.570248
0.066667,1.000000,1.760000,30.000000,1.580952,15.000000,0.637681
0.100000,1.000000,2.589286,30.000000,2.718703,52.000000,0.721393
0.100000,1.000000,2.222222,18.373524,1.555556,10.000000,0.689655
0.100000,1.000000,2.589286,30.000000,2.718703,52.000000,0.721393
0.100000,1.000000,2.222222,18.373524,1.555556,10.000000,0.689655
0.090909,1.000000,1.800000,29.023289,1.884058,24.000000,0.642857
0.050000,0.403884,3.487805,30.000000,1.976622,59.000000,0.777174
0.050000,0.844522,1.690476,30.000000,1.652632,20.000000,0.628319
0.090909,0.765894,2.153846,30.000000,1.490909,11.000000,0.682927
0.090909,1.000000,1.944444,29.463566,1.614035,19.000000,0.660377
0.062500,0.608185,2.100000,25.260997,2.091168,27.000000,0.677419
0.062500,0.143852,2.428571,30.000000,1.850000,16.000000,0.708333
0.037037,0.608185,2.100000,25.260997,2.091168,27.000000,0.677419
0.037037,1.000000,1.913043,29.570248,1.998976,63.000000,0.656716
0.050000,0.844522,1.690476,30.000000,1.652632,20.000000,0.628319
0.050000,0.403884,3.487805,30.000000,1.976622,59.000000,0.777174
0.037037,0.608185,2.100000,25.260997,2.091168,27.000000,0.677419
0.037037,0.106473,1.591837,29.375570,1.905128,40.000000,0.614173
0.076923,0.608185,2.100000,25.260997,2.091168,27.000000,0.677419
0.076923,0.103547,6.400000,28.664552,1.589744,13.000000,0.864865
0.050000,0.403884,3.487805,30.000000,1.976622,59.000000,0.777174
0.050000,0.844522,1.690476,30.000000,1.652632,20.000000,0.628319
0.076923,0.341573,1.717391,28.757046,1.891304,24.000000,0.632000
0.250000,0.530384,2.642857,28.569766,1.538462,13.000000,0.725490
0.076923,0.904015,1.388889,25.578254,1.782051,13.000000,0.581395
0.076923,1.000000,2.192308,25.757271,1.550000,16.000000,0.686747
0.117647,1.000000,2.259259,29.240165,1.573529,17.000000,0.693182
0.066667,1.000000,6.909091,27.541667,2.101449,24.000000,0.873563
0.111111,0.008130,2.400000,29.369351,1.333333,9.000000,0.705882
0.038462,0.674331,1.528302,25.537269,1.911330,29.000000,0.604478
0.100000,0.228903,1.714286,28.756204,1.511111,10.000000,0.631579
0.100000,0.923001,1.800000,29.806957,1.985740,34.000000,0.642857
0.066667,0.897949,6.909091,27.541667,2.101449,24.000000,0.873563
0.111111,1.000000,1.111111,23.377936,1.717949,13.000000,0.526316
0.045455,1.000000,2.378378,29.593598,1.891626,29.000000,0.704000
0.045455,0.057313,1.828571,29.928694,1.930736,22.000000,0.646465
0.058824,1.000000,2.045455,16.620102,1.912281,19.000000,0.671642
0.058824,1.000000,2.647059,25.989360,1.838235,17.000000,0.725806
0.052632,0.016129,1.500000,29.224966,1.853801,19.000000,0.600000
0.052632,1.000000,1.777778,30.000000,1.930736,22.000000,0.640000
0.166667,0.498929,4.666667,27.967490,1.777778,9.000000,0.823529
0.058824,0.369851,2.500000,27.484576,1.816176,17.000000,0.714286
0.058824,0.599637,1.561644,29.869810,1.858871,32.000000,0.609626
0.062500,0.421374,4.000000,26.314548,2.375000,16.000000,0.800000
0.062500,0.142170,1.833333,29.222347,1.773399,29.000000,0.647059
0.083333,1.000000,2.037037,29.906731,1.926316,20.000000,0.670732
0.166667,0.343778,1.672727,29.220121,1.772308,26.000000,0.625850
0.125000,1.000000,1.500000,29.825695,1.666667,9.000000,0.600000
0.037037,0.832826,1.087248,30.000000,2.144558,49.000000,0.520900
0.037037,1.000000,1.360000,29.677208,1.888889,27.000000,0.576271
0.052632,0.085822,2.107143,27.948086,1.951636,38.000000,0.678161
0.052632,0.052341,2.136364,29.203273,1.725146,19.000000,0.681159
0.250000,0.085470,1.575000,25.132065,1.807971,24.000000,0.611650
0.125000,0.084757,1.720000,29.519597,1.888889,19.000000,0.632353
0.040000,1.000000,1.809524,27.076120,1.880000,25.000000,0.644068
0.090909,1.000000,1.809524,27.076120,1.880000,25.000000,0.644068
0.062500,0.391076,1.871795,25.775607,2.401299,56.000000,0.651786
0.062500,0.693873,4.500000,28.089454,1.633333,16.000000,0.818182
0.142857,1.000000,1.888889,25.901268,1.809524,15.000000,0.653846
0.142857,1.000000,1.600000,30.000000,1.238095,7.000000,0.615385
0.017857,1.000000,2.060403,29.920938,1.987308,62.000000,0.673246
0.017857,0.391076,1.871795,25.775607,2.401299,56.000000,0.651786
0.166667,0.331386,1.656250,28.500000,1.868421,20.000000,0.623529
0.050000,0.200374,2.551724,30.000000,2.113757,28.000000,0.718447
0.050000,0.331386,1.656250,28.500000,1.868421,20.000000,0.623529
0.090909,0.789066,2.400000,29.909315,1.345455,11.000000,0.705882
0.090909,0.391076,1.871795,25.775607,2.401299,56.000000,0.651786
0.066667,1.000000,1.888889,25.901268,1.809524,15.000000,0.653846
0.066667,0.796869,1.979167,30.000000,1.881048,32.000000,0.664336
0.050000,0.200374,2.551724,30.000000,2.113757,28.000000,0.718447
0.050000,0.331386,1.656250,28.500000,1.868421,20.000000,0.623529
0.100000,0.449374,1.185185,28.962037,1.843305,27.000000,0.542373
0.035714,0.439235,1.808824,28.649180,2.003788,33.000000,0.643979
0.100000,1.000000,2.000000,30.000000,1.666667,10.000000,0.666667
0.076923,0.169390,1.701149,29.829210,1.886202,38.000000,0.629787
0.035714,0.063054,2.068493,29.846234,2.030729,74.000000,0.674107
0.200000,0.089528,2.650000,30.000000,1.873684,20.000000,0.726027
0.047619,0.331861,3.000000,29.333135,1.642857,21.000000,0.750000
0.200000,0.089528,2.650000,30.000000,1.873684,20.000000,0.726027
0.047619,0.328953,1.571429,29.844941,1.819048,21.000000,0.611111
0.047619,1.000000,2.297297,27.568342,1.844828,29.000000,0.696721
0.083333,0.278989,3.000000,30.000000,1.469697,12.000000,0.750000
0.083333,1.000000,1.763636,29.581884,1.959002,34.000000,0.638158
0.142857,1.000000,1.851064,30.000000,1.933333,31.000000,0.649254
0.125000,1.000000,2.448276,29.304766,2.150246,29.000000,0.710000
0.125000,1.000000,2.827586,27.213112,2.492063,36.000000,0.738739
0.142857,1.000000,1.600000,30.000000,1.238095,7.000000,0.615385
0.142857,1.000000,2.827586,27.213112,2.492063,36.000000,0.738739
0.125000,1.000000,2.016129,28.068923,1.801587,36.000000,0.668449
0.125000,0.614012,2.125000,25.039070,1.428571,8.000000,0.680000
0.090909,0.612698,2.625000,26.914653,2.000000,11.000000,0.724138
0.090909,1.000000,2.016129,28.415429,1.801587,36.000000,0.668449
0.200000,0.327986,1.488372,27.319062,1.866667,21.000000,0.598131
0.047619,0.338580,2.619048,30.000000,1.904762,21.000000,0.723684
0.047619,0.327986,1.488372,27.319062,1.866667,21.000000,0.598131
0.034483,0.813491,1.109589,30.000000,2.144558,49.000000,0.525974
0.047619,1.000000,1.783333,27.767439,1.797348,33.000000,0.640719
0.047619,0.795341,3.611111,30.000000,1.964427,23.000000,0.783133
0.058824,0.644437,2.050000,30.000000,1.742647,17.000000,0.672131
0.047619,0.327986,1.488372,27.319062,1.866667,21.000000,0.598131
0.047619,0.338580,2.619048,30.000000,1.904762,21.000000,0.723684
0.200000,0.214387,4.285714,29.160516,1.794872,27.000000,0.810811
0.111111,0.357245,2.538462,26.578029,1.841379,30.000000,0.717391
0.047619,0.000000,2.181818,28.698962,1.870370,28.000000,0.685714
0.047619,1.000000,2.173913,14.887709,2.133333,21.000000,0.684932
0.125000,0.730456,1.600000,30.000000,1.428571,8.000000,0.615385
0.125000,1.000000,2.173913,14.887709,2.133333,21.000000,0.684932
0.058824,1.000000,2.360000,29.636961,1.852381,21.000000,0.702381
0.058824,0.960419,2.000000,21.386374,1.911765,17.000000,0.666667
0.055556,0.886709,3.166667,28.525000,1.666667,19.000000,0.760000
0.055556,0.361758,1.826087,26.666667,1.901961,18.000000,0.646154
0.125000,0.130615,3.571429,26.880456,1.783626,19.000000,0.781250
0.055556,0.886709,3.166667,28.525000,1.666667,19.000000,0.760000
0.055556,0.361758,1.826087,26.666667,1.901961,18.000000,0.646154
0.038462,0.538648,1.855932,26.867705,2.401299,56.000000,0.649852
0.090909,0.558337,2.071429,30.000000,1.472727,11.000000,0.674419
0.038462,1.000000,1.180328,29.057389,1.944615,26.000000,0.541353
0.038462,0.008748,2.300000,29.821242,2.060606,34.000000,0.696970
0.045455,0.230890,1.633663,29.861565,1.898780,41.000000,0.620301
0.045455,0.005341,1.635514,29.510391,1.906977,43.000000,0.620567
0.250000,0.632616,2.090909,28.761577,1.720588,17.000000,0.676471
0.250000,0.632616,2.090909,28.761577,1.720588,17.000000,0.676471
0.062500,0.126540,2.423077,29.071040,2.021739,24.000000,0.707865
0.062500,0.157334,2.090909,30.000000,1.650000,16.000000,0.676471
0.055556,1.000000,1.424242,27.709294,1.823529,18.000000,0.587500
0.055556,0.591838,2.916667,28.180661,2.658163,49.000000,0.744681
0.058824,0.238300,2.000000,29.733571,1.772059,17.000000,0.666667
0.041667,0.229165,2.241379,28.930012,2.070769,26.000000,0.691489
0.043478,0.220689,2.609756,28.962037,1.766382,27.000000,0.722973
0.043478,0.685019,2.433333,30.000000,2.754717,53.000000,0.708738
0.062500,0.126540,2.423077,29.071040,2.021739,24.000000,0.707865
0.062500,0.157334,2.090909,30.000000,1.650000,16.000000,0.676471
0.076923,0.539201,2.000000,28.811322,1.704762,15.000000,0.666667
0.076923,0.492117,1.785714,29.879466,1.803922,18.000000,0.641026
0.041667,0.229165,2.241379,28.930012,2.070769,26.000000,0.691489
0.076923,0.591838,2.916667,28.180661,2.658163,49.000000,0.744681
0.076923,0.374216,1.925926,27.800755,1.742690,19.000000,0.658228
0.043478,0.685019,2.433333,30.000000,2.754717,53.000000,0.708738
0.043478,0.220689,2.609756,28.962037,1.766382,27.000000,0.722973
0.090909,0.478411,1.666667,30.000000,1.803922,18.000000,0.625000
0.090909,1.000000,1.217391,22.511806,1.717949,13.000000,0.549020
0.062500,0.044319,2.960000,27.874490,2.295385,26.000000,0.747475
0.142857,0.611083,1.606061,29.924734,1.691176,17.000000,0.616279
0.083333,0.449208,3.125000,29.739171,1.742424,12.000000,0.757576
0.083333,0.723723,1.818182,19.604668,1.757353,17.000000,0.645161
0.200000,0.000000,1.350000,29.244427,1.923077,27.000000,0.574468
0.200000,0.012500,2.119497,29.916924,2.049691,81.000000,0.679435
0.166667,0.551077,2.000000,29.857495,1.238095,7.000000,0.666667
0.166667,0.276655,2.666667,23.616355,1.466667,6.000000,0.727273
0.142857,1.000000,1.791667,12.615505,1.992611,29.000000,0.641791
0.166667,1.000000,1.583333,14.331504,1.472222,9.000000,0.612903
0.166667,0.065578,1.933333,23.952794,1.651515,12.000000,0.659091
0.071429,0.002856,1.650943,29.669537,1.906977,43.000000,0.622776
0.071429,0.255593,1.650943,29.669537,1.906977,43.000000,0.622776
0.066667,0.391870,1.565217,18.306096,1.657143,15.000000,0.610169
0.200000,0.206361,1.750000,19.175496,1.300000,5.000000,0.636364
0.200000,0.784706,1.909091,29.813428,2.091168,27.000000,0.656250
0.045455,1.000000,1.942857,27.636068,1.870130,22.000000,0.660194
0.030303,0.459138,3.333333,23.349040,2.155303,33.000000,0.769231
0.142857,0.184242,3.195652,28.209072,1.900000,36.000000,0.761658
0.142857,0.423482,2.250000,26.642334,1.142857,7.000000,0.692308
0.076923,0.895191,2.357143,28.121690,1.685714,15.000000,0.702128
0.076923,0.698120,9.333333,29.274528,1.769231,13.000000,0.903226
0.083333,0.326500,1.444444,27.443709,1.696970,12.000000,0.590909
0.111111,0.600763,2.315789,29.354171,1.580952,15.000000,0.698413
0.062500,0.369467,1.648649,30.000000,1.673203,18.000000,0.622449
0.062500,1.000000,1.253968,18.370917,1.907407,28.000000,0.556338
0.200000,1.000000,1.500000,30.000000,1.772059,17.000000,0.600000
0.100000,1.000000,1.253968,18.370917,1.907407,28.000000,0.556338
0.100000,1.000000,2.000000,28.527435,1.555556,10.000000,0.666667
0.142857,1.000000,1.253968,18.370917,1.907407,28.000000,0.556338
0.076923,0.203928,1.823529,27.593775,1.602564,13.000000,0.645833
0.076923,0.256933,1.469136,29.636933,1.877005,34.000000,0.595000
0.037037,1.000000,1.253968,18.370917,1.907407,28.000000,0.556338
0.037037,0.433436,2.079137,29.349949,2.025822,72.000000,0.675234
0.041667,0.086846,1.588235,29.100682,1.760870,24.000000,0.613636
0.041667,1.000000,1.253968,18.370917,1.907407,28.000000,0.556338
0.032258,1.000000,1.410959,29.477044,1.892473,31.000000,0.585227
0.032258,0.172423,1.986842,28.886087,2.005690,38.000000,0.665198
0.071429,1.000000,1.588235,15.285903,1.912088,14.000000,0.613636
0.046512,1.000000,1.635514,29.510391,1.906977,43.000000,0.620567
0.046512,0.211266,1.426471,29.313462,2.154882,55.000000,0.587879
0.027778,1.000000,1.635514,29.510391,1.906977,43.000000,0.620567
0.027778,0.276265,1.816667,28.150331,2.034921,36.000000,0.644970
0.035714,0.585387,1.660377,25.734297,1.862434,28.000000,0.624113
0.035714,0.839790,1.715447,30.000000,2.017255,51.000000,0.631737
0.023256,1.000000,1.635514,29.510391,1.906977,43.000000,0.620567
0.023256,0.162595,1.805310,29.093843,2.149492,53.000000,0.643533
0.023256,1.000000,1.635514,29.510391,1.906977,43.000000,0.620567
0.023256,0.665114,2.293333,29.288269,1.970673,65.000000,0.696356
0.030303,0.198542,1.811321,23.822701,2.015152,33.000000,0.644295
0.030303,1.000000,1.681818,29.860949,1.886202,38.000000,0.627119
0.064516,1.000000,1.487179,29.771726,1.719298,19.000000,0.597938
0.064516,1.000000,1.072072,17.800517,2.036036,37.000000,0.517391
0.090909,1.000000,1.534884,24.126300,1.685714,21.000000,0.605505
0.090909,1.000000,2.000000,27.486151,1.786765,17.000000,0.666667
0.058824,0.403934,1.944444,18.503714,1.897059,17.000000,0.660377
0.058824,1.000000,1.965517,30.000000,1.666667,19.000000,0.662791
0.090909,1.000000,5.600000,30.000000,1.490909,11.000000,0.848485
0.090909,1.000000,1.562500,30.000000,1.608333,16.000000,0.609756
0.200000,0.356692,2.052632,23.957875,1.626374,14.000000,0.672414
0.041667,0.330754,2.562500,26.569633,2.401478,29.000000,0.719298
0.041667,0.195566,2.310345,28.457016,2.018116,24.000000,0.697917
0.076923,0.973508,0.879121,26.648732,2.012315,29.000000,0.467836
0.045455,0.509017,2.131579,29.756889,1.886667,25.000000,0.680672
0.045455,0.840489,2.057143,27.467443,1.783550,22.000000,0.672897
0.200000,0.735927,2.333333,30.000000,1.300000,5.000000,0.700000
0.111111,0.290757,5.250000,27.388482,1.444444,9.000000,0.840000
0.111111,1.000000,2.700000,30.000000,1.653846,13.000000,0.729730
0.050000,1.000000,4.777778,27.141967,2.463158,20.000000,0.826923
0.050000,0.441126,1.913043,29.204132,1.770161,32.000000,0.656716
0.111111,0.440218,1.937500,29.559392,1.772043,31.000000,0.659574
0.055556,0.081912,2.371429,29.824236,2.068548,32.000000,0.703390
0.055556,0.336601,2.050000,29.181908,1.915033,18.000000,0.672131
0.052632,0.253903,2.515152,23.149000,1.989247,31.000000,0.715517
0.052632,0.011593,2.291667,28.457715,1.748538,19.000000,0.696203
0.083333,0.846253,2.176471,29.450167,1.723810,15.000000,0.685185
0.062500,0.401386,2.133333,28.421053,1.701754,19.000000,0.680851
0.062500,0.686702,3.230769,27.164394,1.650000,16.000000,0.763636
0.200000,1.000000,2.600000,28.787885,1.730769,13.000000,0.722222
0.050000,0.441126,1.913043,29.204132,1.770161,32.000000,0.656716
0.050000,1.000000,4.777778,27.141967,2.463158,20.000000,0.826923
0.076923,1.000000,2.647059,29.093411,1.423077,13.000000,0.725806
0.076923,0.081912,2.371429,29.824236,2.068548,32.000000,0.703390
0.062500,0.084383,2.315789,28.686311,1.764706,17.000000,0.698413
0.062500,0.439889,2.125000,29.616248,1.875000,16.000000,0.680000
0.125000,0.004016,2.000000,26.250000,1.571429,8.000000,0.666667
0.166667,0.377970,2.590909,29.621482,2.176667,25.000000,0.721519
0.166667,1.000000,2.590909,29.621482,2.176667,25.000000,0.721519
0.142857,0.004016,2.400000,30.000000,1.476190,7.000000,0.705882
0.055556,1.000000,2.040000,26.329012,1.758170,18.000000,0.671053
0.055556,0.707009,1.937888,29.957550,2.039627,66.000000,0.659619
0.058824,0.400897,1.500000,29.680117,1.853801,19.000000,0.600000
0.083333,0.692700,2.461538,29.856509,1.666667,13.000000,0.711111
0.200000,0.901814,1.500000,30.000000,1.476190,7.000000,0.600000
0.200000,1.000000,1.750000,26.250000,1.535714,8.000000,0.636364
0.066667,0.050517,1.391304,28.195042,1.800000,15.000000,0.581818
0.200000,0.173288,3.181818,30.000000,1.692308,14.000000,0.760870
0.111111,1.000000,1.800000,28.786528,1.527778,9.000000,0.642857
0.111111,0.441390,2.625000,26.914653,2.000000,11.000000,0.724138
0.041667,0.167334,2.138462,29.224512,1.873440,34.000000,0.681373
0.058824,0.000000,2.600000,29.593361,1.830882,17.000000,0.722222
0.041667,0.060032,1.831858,28.872468,2.156534,54.000000,0.646875
0.125000,0.008065,1.571429,30.000000,1.607143,8.000000,0.611111
0.125000,1.000000,1.545455,18.628865,1.392857,8.000000,0.607143
0.250000,0.109207,2.963636,30.000000,1.938462,40.000000,0.747706
0.111111,0.299445,3.166667,27.765118,1.766667,16.000000,0.760000
0.111111,1.000000,2.000000,30.000000,1.666667,10.000000,0.666667
0.250000,0.109207,2.963636,30.000000,1.938462,40.000000,0.747706
0.250000,0.109207,2.963636,30.000000,1.938462,40.000000,0.747706
0.125000,0.504336,2.846154,26.666443,1.808333,16.000000,0.740000
0.062500,0.484661,2.689655,29.899939,1.793651,28.000000,0.728972
0.041667,0.300539,2.310345,28.537257,2.018116,24.000000,0.697917
0.041667,0.018830,2.733333,25.068764,2.128079,29.000000,0.732143
0.058824,0.482202,1.480000,23.471783,1.794118,17.000000,0.596774
0.062500,1.000000,3.606061,30.000000,1.768473,29.000000,0.782895
0.166667,0.378327,2.753623,28.097428,2.340136,49.000000,0.733591
0.200000,0.143371,2.333333,30.000000,1.300000,5.000000,0.700000
0.200000,0.220828,2.428571,27.376495,2.180000,25.000000,0.708333
0.200000,0.662451,1.750000,30.000000,1.300000,5.000000,0.636364
0.100000,0.064677,1.642857,22.872808,1.654545,11.000000,0.621622
0.100000,1.000000,1.166667,15.485337,1.622222,10.000000,0.538462
0.200000,0.391411,3.000000,30.000000,1.400000,5.000000,0.750000
0.083333,1.000000,1.396552,28.908487,1.923077,27.000000,0.582734
0.083333,0.185108,2.625000,30.000000,1.901961,18.000000,0.724138
0.083333,0.185108,2.625000,30.000000,1.901961,18.000000,0.724138
0.100000,0.341323,1.227273,27.857143,1.824176,14.000000,0.551020
0.100000,0.116269,2.272727,27.894682,1.444444,10.000000,0.694444
0.100000,0.083747,2.500000,27.484576,1.816176,17.000000,0.714286
0.100000,0.095047,2.272727,29.392222,1.444444,10.000000,0.694444
0.090909,0.935725,1.473684,28.438092,1.807018,19.000000,0.595745
0.090909,0.249770,2.619048,29.693895,1.800725,24.000000,0.723684
0.250000,0.528091,1.680851,29.728270,1.891304,24.000000,0.626984
0.062500,0.021978,1.681818,29.689180,1.727941,17.000000,0.627119
0.142857,1.000000,1.357143,22.306733,1.676190,15.000000,0.575758
0.200000,1.000000,2.000000,25.283967,2.348571,50.000000,0.666667
0.111111,1.000000,2.712329,29.220168,2.275102,50.000000,0.730627
0.090909,1.000000,1.836538,28.600773,2.372549,51.000000,0.647458
0.090909,0.282017,2.071429,27.860603,1.472727,11.000000,0.674419
0.166667,0.720509,3.054945,28.488146,2.065993,55.000000,0.753388
0.062500,0.125148,1.366197,28.416812,2.154882,55.000000,0.577381
0.083333,0.566196,2.428571,27.376495,2.180000,25.000000,0.708333
0.083333,0.793828,1.933333,27.753329,1.606061,12.000000,0.659091
0.062500,0.356718,1.661017,29.230955,2.040998,34.000000,0.624204
0.058824,0.108902,2.378378,27.311555,2.347126,30.000000,0.704000
0.100000,0.240194,1.846154,22.516622,1.466667,10.000000,0.648649
0.100000,0.240194,1.846154,22.516622,1.466667,10.000000,0.648649
0.100000,0.417655,1.444444,27.119543,1.956710,22.000000,0.590909
0.142857,1.000000,1.631579,20.999385,1.769231,14.000000,0.620000
0.200000,0.048402,2.645161,27.400390,2.128079,29.000000,0.725664
0.076923,0.232680,2.468354,30.000000,1.964251,46.000000,0.711679
0.076923,0.094316,3.555556,26.937247,1.705128,13.000000,0.780488
0.100000,0.580208,2.333333,20.213245,1.577778,10.000000,0.700000
0.100000,1.000000,7.250000,30.000000,1.355556,10.000000,0.878788
0.105263,0.397389,0.853659,21.281298,1.920000,25.000000,0.460526
0.105263,1.000000,4.545455,29.053113,1.742647,17.000000,0.819672
0.076923,0.094316,3.555556,26.937247,1.705128,13.000000,0.780488
0.076923,0.232680,2.468354,30.000000,1.964251,46.000000,0.711679
0.076923,0.094316,3.555556,26.937247,1.705128,13.000000,0.780488
0.076923,0.232680,2.468354,30.000000,1.964251,46.000000,0.711679
0.090909,0.264850,2.372093,29.278265,1.893145,32.000000,0.703448
0.066667,0.153802,1.909091,29.145724,1.714286,15.000000,0.656250
0.047619,0.064917,1.733333,28.022508,1.969697,22.000000,0.634146
0.250000,0.746478,2.000000,30.000000,1.333333,4.000000,0.666667
0.166667,1.000000,3.333333,30.000000,1.523810,7.000000,0.769231
0.090909,0.770611,2.153846,27.155348,1.885714,15.000000,0.682927
0.090909,0.000000,1.500000,25.337549,1.727273,11.000000,0.600000
0.200000,0.400792,1.730769,28.986157,1.936842,20.000000,0.633803
0.200000,0.368636,2.390244,27.718824,2.176387,38.000000,0.705036
0.090909,0.170265,2.545455,30.000000,1.490909,11.000000,0.717949
0.250000,0.222792,2.000000,30.000000,1.333333,4.000000,0.666667
0.250000,0.756310,1.720000,30.000000,1.888889,19.000000,0.632353
0.100000,1.000000,2.500000,28.585447,1.804348,24.000000,0.714286
0.066667,0.464811,2.473684,30.000000,1.698529,17.000000,0.712121
0.066667,0.464811,2.473684,30.000000,1.698529,17.000000,0.712121
0.200000,0.355539,5.500000,28.625419,1.266667,6.000000,0.846154
0.166667,1.000000,3.666667,29.704811,1.769231,13.000000,0.785714
0.142857,1.000000,4.333333,28.756854,1.380952,7.000000,0.812500
0.142857,0.463217,3.250000,21.300674,1.934066,14.000000,0.764706
0.125000,1.000000,1.807692,28.861623,1.816993,18.000000,0.643836
0.100000,0.178295,1.259259,19.937934,1.714286,14.000000,0.557377
0.125000,0.417941,2.428571,30.000000,1.611111,9.000000,0.708333
0.071429,0.463217,3.250000,21.300674,1.934066,14.000000,0.764706
0.071429,1.000000,1.161290,28.725464,1.944615,26.000000,0.537313
0.050000,0.076146,2.723881,28.758708,2.040825,68.000000,0.731463
0.050000,0.472325,1.964286,29.407734,1.857895,20.000000,0.662651
0.111111,0.206203,3.344828,27.018978,2.056980,27.000000,0.769841
0.111111,0.099194,1.857143,29.313118,1.795322,19.000000,0.650000
0.055556,0.027274,2.039216,22.093061,2.080214,34.000000,0.670968
0.055556,0.121806,2.050000,30.000000,1.921569,18.000000,0.672131
0.058824,0.027274,2.039216,22.093061,2.080214,34.000000,0.670968
0.058824,0.008065,1.896552,27.522289,1.691176,17.000000,0.654762
0.125000,0.393728,2.250000,30.000000,1.357143,8.000000,0.692308
0.100000,0.493293,2.694444,28.459732,1.899471,28.000000,0.729323
0.090909,0.004049,2.300000,27.272727,1.672727,11.000000,0.696970
0.125000,0.321868,1.385714,28.352908,2.154882,55.000000,0.580838
0.125000,1.000000,1.416667,30.000000,1.428571,8.000000,0.586207
0.111111,0.004082,1.666667,26.991736,1.583333,9.000000,0.625000
0.111111,0.646149,1.400000,27.124021,1.787879,12.000000,0.583333
0.125000,0.232194,3.250000,29.608733,1.742857,15.000000,0.764706
0.125000,0.450121,1.714286,24.135592,1.678571,8.000000,0.631579
0.047619,0.469873,2.475000,29.961633,1.772308,26.000000,0.712230
0.047619,1.000000,2.625000,25.791030,1.885714,21.000000,0.724138
0.090909,0.091104,2.625000,28.127904,1.690909,11.000000,0.724138
0.090909,0.587752,2.157895,25.462216,1.695238,15.000000,0.683333
0.047619,1.000000,1.820513,30.000000,1.761905,21.000000,0.645455
0.047619,1.000000,2.625000,25.791030,1.885714,21.000000,0.724138
0.043478,0.135256,2.022099,29.145124,2.046218,85.000000,0.669104
0.043478,1.000000,1.238095,15.514456,1.920949,23.000000,0.553191
0.125000,1.000000,1.238095,15.514456,1.920949,23.000000,0.553191
0.125000,0.000000,2.166667,26.774516,1.727273,12.000000,0.684211
0.125000,0.091060,1.631579,28.392401,1.754386,19.000000,0.620000
0.111111,0.227858,2.567568,29.145726,2.051346,70.000000,0.719697
0.111111,0.009524,1.800000,27.660757,1.500000,9.000000,0.642857
0.066667,0.227858,2.567568,29.145726,2.051346,70.000000,0.719697
0.066667,0.000000,1.600000,30.000000,1.619048,15.000000,0.615385
0.090909,0.978934,2.333333,30.000000,1.709091,11.000000,0.700000
0.200000,0.102303,2.006536,29.844925,2.044912,76.000000,0.667391
0.125000,1.000000,1.400000,25.490277,1.571429,8.000000,0.583333
0.125000,1.000000,1.700000,30.000000,1.428571,8.000000,0.629630
0.058824,0.008197,3.928571,30.000000,1.705882,17.000000,0.797101
0.083333,1.000000,6.750000,29.819199,1.590909,12.000000,0.870968
0.166667,1.000000,2.750000,29.054027,1.266667,6.000000,0.733333
0.125000,0.922810,2.352941,29.835194,1.816176,17.000000,0.701754
0.111111,0.012346,2.111111,30.000000,1.527778,9.000000,0.678571
0.111111,0.955939,2.277778,30.000000,1.869281,18.000000,0.694915
0.200000,0.016529,3.000000,30.000000,1.400000,5.000000,0.750000
0.200000,0.526788,1.600000,27.913498,1.996377,24.000000,0.615385
0.200000,0.526788,1.600000,27.913498,1.996377,24.000000,0.615385
0.052632,0.753206,1.193548,26.573487,1.881423,23.000000,0.544118
0.200000,1.000000,3.500000,30.000000,1.300000,5.000000,0.777778
0.200000,0.526788,1.600000,27.913498,1.996377,24.000000,0.615385
0.142857,0.769443,1.174603,27.440881,1.881423,23.000000,0.540146
0.142857,0.151268,3.165049,30.000000,1.987019,65.000000,0.759907
0.142857,0.151268,3.165049,30.000000,1.987019,65.000000,0.759907
0.142857,0.151268,3.165049,30.000000,1.987019,65.000000,0.759907
0.250000,0.208122,1.888889,27.913124,1.583333,9.000000,0.653846
0.050000,0.389699,1.705882,24.824832,1.814286,21.000000,0.630435
0.200000,0.222719,2.034483,30.000000,1.931034,30.000000,0.670455
0.166667,0.004184,2.333333,30.000000,1.512821,13.000000,0.700000
0.166667,0.027167,1.627907,29.788642,1.906667,25.000000,0.619469
0.066667,0.326037,2.076923,25.031456,2.087395,35.000000,0.675000
0.066667,1.000000,1.909091,29.932657,1.964912,19.000000,0.656250
0.142857,0.673908,1.677419,29.414563,1.969697,22.000000,0.626506
0.058824,0.326037,2.076923,25.031456,2.087395,35.000000,0.675000
0.058824,0.385886,1.896552,29.562147,1.691176,17.000000,0.654762
0.047619,0.392503,1.358974,23.211720,1.828571,21.000000,0.576087
0.047619,0.293348,1.801653,29.720734,2.143434,55.000000,0.643068
0.090909,0.020408,1.333333,29.320517,1.800000,15.000000,0.571429
0.090909,0.346658,3.352941,28.761430,1.833333,21.000000,0.770270
0.166667,0.000000,2.962963,30.000000,1.880000,25.000000,0.747664
0.062500,0.425467,3.875000,28.769347,1.800866,22.000000,0.794872
0.090909,0.774077,2.293333,29.258185,1.970673,65.000000,0.696356
0.090909,0.390014,3.500000,28.915575,1.763636,11.000000,0.777778
0.100000,0.208648,3.000000,30.000000,1.409091,12.000000,0.750000
0.040000,0.238985,2.341463,29.761626,2.000000,29.000000,0.700730
0.040000,0.968483,3.132075,29.878815,1.984615,66.000000,0.757991
0.142857,0.209067,2.066298,29.133266,2.042955,86.000000,0.673874
0.142857,0.723536,1.666667,21.060469,1.523810,7.000000,0.625000
0.040000,0.968483,3.132075,29.878815,1.984615,66.000000,0.757991
0.040000,0.238985,2.341463,29.761626,2.000000,29.000000,0.700730
0.100000,0.958410,2.435294,29.645697,1.973639,49.000000,0.708904
0.100000,0.111087,3.800000,27.656139,1.577778,10.000000,0.791667
0.055556,0.915852,0.971429,29.723991,2.033333,40.000000,0.492754
0.055556,0.675523,1.166667,28.231081,1.879570,31.000000,0.538462
0.100000,0.958410,2.435294,29.645697,1.973639,49.000000,0.708904
0.100000,0.111087,3.800000,27.656139,1.577778,10.000000,0.791667
0.100000,0.976047,0.888889,25.650827,2.012315,29.000000,0.470588
0.100000,0.536090,1.833333,28.331772,1.266667,10.000000,0.647059
0.142857,0.723536,1.666667,21.060469,1.523810,7.000000,0.625000
0.142857,0.382584,1.923077,30.000000,2.134007,55.000000,0.657895
0.040000,0.238985,2.341463,29.761626,2.000000,29.000000,0.700730
0.040000,0.968483,3.132075,29.878815,1.984615,66.000000,0.757991
0.111111,0.393312,2.833333,25.162144,1.583333,9.000000,0.739130
0.100000,0.958410,2.435294,29.645697,1.973639,49.000000,0.708904
0.100000,0.111087,3.800000,27.656139,1.577778,10.000000,0.791667
0.058824,1.000000,1.200000,26.994636,1.995968,32.000000,0.545455
0.058824,0.913501,0.985507,29.281493,2.033333,40.000000,0.496350
0.250000,1.000000,1.576923,27.365874,1.666667,15.000000,0.611940
0.181818,0.424950,2.235294,28.933524,2.351852,28.000000,0.690909
0.111111,1.000000,3.000000,30.000000,1.833333,9.000000,0.750000
0.083333,0.374420,1.895522,28.270970,2.075610,41.000000,0.654639
0.071429,0.474162,1.740741,18.954097,1.650000,16.000000,0.635135
0.055556,0.013643,2.171875,28.906401,1.873440,34.000000,0.684729
0.142857,0.226609,2.500000,27.484576,1.816176,17.000000,0.714286
0.142857,0.039271,1.555556,25.560288,1.769231,13.000000,0.608696
0.090909,0.345785,2.105263,30.000000,1.783333,16.000000,0.677966
0.090909,0.732227,2.333333,27.885397,1.745455,11.000000,0.700000
0.125000,1.000000,1.700000,30.000000,1.428571,8.000000,0.629630
0.058824,0.570013,2.176471,29.872375,1.727941,17.000000,0.685185
0.058824,0.868986,5.315789,29.043542,2.038760,43.000000,0.841667
0.090909,0.490190,3.111111,29.463566,1.701754,19.000000,0.756757
0.090909,0.590475,3.308824,29.480969,1.992929,45.000000,0.767918
0.041667,0.892651,1.725490,30.000000,1.818841,24.000000,0.633094
0.041667,0.007090,2.648352,30.000000,2.037415,49.000000,0.725904
0.071429,0.753575,4.926829,29.465539,2.038760,43.000000,0.831276
0.125000,0.445077,3.047619,29.932027,2.040000,51.000000,0.752941
0.250000,0.553110,2.989247,29.401473,2.065993,55.000000,0.749326
0.166667,0.629041,2.747368,30.000000,2.030588,51.000000,0.733146
0.142857,0.618151,1.750000,28.754947,1.333333,7.000000,0.636364
0.200000,0.582352,1.333333,30.000000,1.476190,7.000000,0.571429
0.142857,0.007516,2.378378,27.925328,2.347126,30.000000,0.704000
0.142857,0.195181,2.020202,29.645092,2.134007,55.000000,0.668896
0.166667,0.898621,1.571429,20.315798,1.476190,7.000000,0.611111
0.052632,0.842780,1.500000,22.867258,1.754941,23.000000,0.600000
0.052632,0.104167,1.814815,27.637706,1.713450,19.000000,0.644737
0.047619,0.842780,1.500000,22.867258,1.754941,23.000000,0.600000
0.047619,0.000000,2.521739,28.798135,1.814286,21.000000,0.716049
0.111111,0.352436,2.272727,28.720030,1.696970,12.000000,0.694444
0.200000,1.000000,1.578947,23.376583,1.887701,34.000000,0.612245
0.047619,1.000000,6.857143,30.000000,2.354978,22.000000,0.872727
0.047619,0.552516,6.857143,30.000000,2.354978,22.000000,0.872727
0.200000,1.000000,1.578947,23.376583,1.887701,34.000000,0.612245
0.117647,0.084733,1.409091,26.873574,1.780220,14.000000,0.584906
0.200000,1.000000,1.578947,23.376583,1.887701,34.000000,0.612245
0.200000,0.408470,4.000000,24.200000,1.200000,5.000000,0.800000
0.090909,0.177681,2.956522,27.643208,1.753247,22.000000,0.747253
0.200000,1.000000,1.578947,23.376583,1.887701,34.000000,0.612245
0.047619,1.000000,6.857143,30.000000,2.354978,22.000000,0.872727
0.047619,0.552516,6.857143,30.000000,2.354978,22.000000,0.872727
0.071429,0.205764,2.516129,29.273056,1.894587,27.000000,0.715596
0.125000,0.506265,2.333333,30.000000,1.571429,8.000000,0.700000
0.076923,0.744738,1.937500,26.416702,2.033898,60.000000,0.659574
0.076923,0.213005,1.421053,29.393620,1.699346,18.000000,0.586957
0.100000,0.050297,2.281250,29.538207,1.802372,23.000000,0.695238
0.100000,0.308108,1.727273,29.583393,1.622222,10.000000,0.633333
0.100000,0.151804,2.086957,26.061283,2.065217,24.000000,0.676056
0.111111,0.547224,3.833333,28.632487,1.822511,22.000000,0.793103
0.250000,0.176425,3.000000,28.138756,1.000000,4.000000,0.750000
0.076923,0.063726,3.294118,28.566898,1.625000,17.000000,0.767123
0.076923,0.541430,2.157895,29.879466,1.823529,18.000000,0.683333
0.142857,1.000000,6.500000,28.940773,2.194332,39.000000,0.866667
0.142857,1.000000,2.400000,28.886957,1.428571,7.000000,0.705882
0.200000,0.343148,1.720930,22.876338,1.803077,26.000000,0.632479
0.142857,0.455559,3.285714,28.597565,1.777778,18.000000,0.766667
0.272727,0.388613,1.812500,30.000000,1.472727,11.000000,0.644444
0.142857,0.458337,2.125000,23.838329,1.392857,8.000000,0.680000
0.142857,0.450653,2.500000,29.213343,1.523810,7.000000,0.714286
0.125000,1.000000,4.777778,27.141967,2.463158,20.000000,0.826923
0.142857,0.450653,2.500000,29.213343,1.523810,7.000000,0.714286
0.142857,0.098653,1.923077,29.924253,2.134007,55.000000,0.657895
0.142857,0.265746,2.750000,29.607840,1.714286,8.000000,0.733333
0.142857,1.000000,2.400000,29.599757,1.476190,7.000000,0.705882
0.125000,0.005606,3.500000,29.537104,1.694444,9.000000,0.777778
0.125000,1.000000,4.000000,26.314548,2.375000,16.000000,0.800000
0.166667,0.839132,2.125000,30.000000,1.428571,8.000000,0.680000
0.166667,0.839132,2.125000,30.000000,1.428571,8.000000,0.680000
0.090909,0.236061,2.173077,29.062956,2.166667,57.000000,0.684848
0.250000,0.362553,1.571429,30.000000,1.266667,6.000000,0.611111
0.058824,0.103534,1.807018,29.079865,2.184687,59.000000,0.643750
0.076923,0.477018,4.285714,27.692308,1.679487,13.000000,0.810811
0.076923,0.313991,2.176471,30.000000,1.862366,31.000000,0.685185
0.076923,0.288387,2.513514,29.120806,1.866097,27.000000,0.715385
0.076923,0.449349,3.000000,29.110837,1.679739,18.000000,0.750000
0.076923,0.477018,4.285714,27.692308,1.679487,13.000000,0.810811
0.076923,0.313991,2.176471,30.000000,1.862366,31.000000,0.685185
0.200000,0.373019,2.060440,29.398778,2.042681,86.000000,0.673250
0.200000,1.000000,7.000000,28.445546,1.300000,5.000000,0.875000
0.071429,0.181349,2.125654,29.011388,2.059829,91.000000,0.680067
0.071429,0.503761,1.600000,28.506587,1.714286,14.000000,0.615385
0.071429,0.336725,2.352941,28.936190,1.810000,25.000000,0.701754
0.071429,0.824727,1.590909,22.005304,1.670330,14.000000,0.614035
0.045455,0.348548,2.000000,28.383334,1.960784,34.000000,0.666667
0.071429,0.395657,1.711111,29.096013,1.892308,26.000000,0.631148
0.071429,0.824727,1.590909,22.005304,1.670330,14.000000,0.614035
0.043478,0.178053,2.675676,25.424011,2.098485,33.000000,0.727941
0.043478,0.012552,1.565217,25.435976,1.754941,23.000000,0.610169
0.111111,0.684215,1.562500,29.700335,1.769231,26.000000,0.609756
0.111111,0.434748,2.000000,26.666667,1.583333,9.000000,0.666667
0.125000,0.881594,1.720000,30.000000,1.888889,19.000000,0.632353
0.142857,0.177067,2.851852,26.914347,2.126984,28.000000,0.740385
0.076923,0.295929,2.500000,27.357884,2.051383,23.000000,0.714286
0.066667,0.318140,2.352941,28.146438,1.810000,25.000000,0.701754
0.066667,0.291184,2.350000,25.690424,2.043290,22.000000,0.701493
0.111111,0.252152,2.600000,29.380789,2.000000,34.000000,0.722222
0.111111,0.850599,1.076923,23.905751,1.777778,9.000000,0.518519
0.058824,0.012552,1.703704,30.000000,1.786765,17.000000,0.630137
0.058824,0.993275,1.392157,26.478642,1.631579,19.000000,0.581967
0.052632,0.012552,1.750000,28.783446,1.705263,20.000000,0.636364
0.052632,0.993275,1.392157,26.478642,1.631579,19.000000,0.581967
0.111111,0.850599,1.076923,23.905751,1.777778,9.000000,0.518519
0.111111,0.252152,2.600000,29.380789,2.000000,34.000000,0.722222
0.200000,0.036107,2.666667,30.000000,1.200000,5.000000,0.727273
0.125000,0.000761,5.555556,25.493406,1.847953,19.000000,0.847458
0.125000,0.579296,2.888889,30.000000,1.563636,11.000000,0.742857
0.100000,0.773233,2.200000,27.297529,1.577778,10.000000,0.687500
0.111111,0.651243,4.166667,30.000000,1.846154,13.000000,0.806452
0.090909,1.000000,2.666667,27.321168,1.672727,11.000000,0.727273
0.250000,1.000000,1.730769,29.457820,1.708333,16.000000,0.633803
0.090909,0.139897,1.186813,22.835597,2.132132,37.000000,0.542714
0.071429,0.641506,4.000000,23.575876,1.846154,14.000000,0.800000
0.071429,1.000000,3.000000,26.470634,1.676471,17.000000,0.750000
0.166667,0.716765,2.074074,29.908192,1.935065,22.000000,0.674699
0.250000,0.139897,1.186813,22.835597,2.132132,37.000000,0.542714
0.166667,0.716765,2.074074,29.908192,1.935065,22.000000,0.674699
0.083333,1.000000,0.977778,21.323401,1.843137,18.000000,0.494382
0.083333,1.000000,1.304348,30.000000,1.679487,13.000000,0.566038
0.200000,1.000000,1.750000,28.204613,1.300000,5.000000,0.636364
0.200000,0.315202,3.555556,25.100539,1.692308,13.000000,0.780488
0.071429,0.006106,1.944444,28.914365,2.189831,60.000000,0.660377
0.071429,0.440389,3.125000,27.726263,1.802198,14.000000,0.757576
0.111111,0.326231,1.392157,27.209286,1.757576,22.000000,0.581967
0.066667,0.000000,1.850000,29.386983,1.704762,15.000000,0.649123
0.066667,0.099615,2.059113,29.296986,2.066346,94.000000,0.673108
0.055556,1.000000,2.333333,29.555655,1.797386,18.000000,0.700000
0.055556,0.046288,2.285714,29.944369,1.774704,23.000000,0.695652
0.250000,1.000000,2.750000,30.000000,1.786765,17.000000,0.733333
0.055556,1.000000,2.333333,29.555655,1.797386,18.000000,0.700000
0.055556,0.046288,2.285714,29.944369,1.774704,23.000000,0.695652
0.250000,1.000000,2.750000,30.000000,1.786765,17.000000,0.733333
0.250000,1.000000,2.750000,30.000000,1.786765,17.000000,0.733333
0.055556,1.000000,2.333333,29.555655,1.797386,18.000000,0.700000
0.055556,0.046288,2.285714,29.944369,1.774704,23.000000,0.695652
0.100000,1.000000,2.188889,28.807830,2.096939,49.000000,0.686411
0.166667,1.000000,2.228916,28.859862,2.062626,45.000000,0.690299
0.080000,1.000000,1.809091,29.800152,2.129412,51.000000,0.644013
0.080000,0.035153,1.361111,30.000000,1.906433,19.000000,0.576471
0.043478,0.338893,2.137931,26.201490,2.023715,23.000000,0.681319
0.043478,1.000000,1.821429,28.936941,2.149492,53.000000,0.645570
0.029412,1.000000,2.362069,29.783926,1.946524,34.000000,0.702564
0.029412,0.779377,1.937500,26.416702,2.033898,60.000000,0.659574
0.125000,1.000000,1.611111,28.162233,1.926154,26.000000,0.617021
0.125000,0.199238,6.000000,29.080337,1.357143,8.000000,0.857143
0.090909,1.000000,1.831858,28.872468,2.156534,54.000000,0.646875
0.166667,0.895032,1.800000,25.000000,1.400000,6.000000,0.642857
0.166667,1.000000,1.816667,29.524591,2.143434,55.000000,0.644970
0.038462,0.086862,3.033333,30.000000,1.898462,26.000000,0.752066
0.038462,1.000000,2.152381,29.300618,2.166667,57.000000,0.682779
0.100000,0.028163,2.657143,30.000000,1.866097,27.000000,0.726562
0.071429,0.078356,5.000000,29.934254,1.829545,33.000000,0.833333
0.111111,0.497003,1.764706,29.527013,1.545455,12.000000,0.638298
0.066667,0.313787,1.333333,30.000000,1.800000,15.000000,0.571429
0.066667,1.000000,1.538462,15.579426,1.738562,18.000000,0.606061
0.200000,0.844312,2.250000,28.750998,1.583333,9.000000,0.692308
0.250000,0.201277,3.235294,27.821561,1.699346,18.000000,0.763889
0.055556,0.201277,3.235294,27.821561,1.699346,18.000000,0.763889
0.055556,0.113637,2.318182,28.734099,2.028571,21.000000,0.698630
0.200000,0.718716,2.625000,28.928576,1.618182,11.000000,0.724138
0.142857,1.000000,1.307692,20.737135,1.711111,10.000000,0.566667
0.142857,0.115138,1.714286,30.000000,1.428571,7.000000,0.631579
0.100000,1.000000,1.307692,28.248387,1.711111,10.000000,0.566667
0.100000,1.000000,1.307692,20.737135,1.711111,10.000000,0.566667
0.100000,0.052015,3.081633,30.000000,1.810084,35.000000,0.755000
0.166667,0.694567,1.673469,29.974193,1.962963,28.000000,0.625954
0.166667,0.726982,1.800000,15.374560,1.400000,6.000000,0.642857
0.166667,0.029046,2.272727,28.711852,1.878307,28.000000,0.694444
0.100000,0.183823,2.800000,29.548464,2.054382,72.000000,0.736842
0.111111,1.000000,1.916667,26.243203,1.388889,9.000000,0.657143
0.111111,1.000000,1.642857,30.000000,1.654545,11.000000,0.621622
0.125000,0.089115,2.142857,28.805127,1.888889,18.000000,0.681818
0.125000,0.008065,1.600000,30.000000,1.428571,8.000000,0.615385
0.142857,1.000000,1.642857,30.000000,1.654545,11.000000,0.621622
0.142857,1.000000,3.666667,30.000000,1.523810,7.000000,0.785714
0.090909,0.919594,3.125000,24.289826,1.545455,11.000000,0.757576
0.090909,1.000000,1.645161,29.815885,1.625000,17.000000,0.621951
0.090909,0.067452,1.421053,24.588961,1.581818,11.000000,0.586957
0.083333,0.815372,2.750000,14.214332,1.848485,12.000000,0.733333
0.083333,0.272357,4.200000,30.000000,1.833333,21.000000,0.807692
0.083333,0.458643,2.052632,30.000000,1.666667,15.000000,0.672414
0.083333,0.815372,2.750000,14.214332,1.848485,12.000000,0.733333
0.200000,0.183461,1.714286,29.354171,1.657143,15.000000,0.631579
0.250000,0.417466,1.764706,30.000000,1.454545,11.000000,0.638298
0.111111,1.000000,1.400000,26.666667,1.444444,9.000000,0.583333
0.111111,1.000000,1.900000,30.000000,1.720588,17.000000,0.655172
0.142857,0.700925,1.590909,28.440755,1.752381,15.000000,0.614035
0.166667,1.000000,1.833333,25.792695,1.266667,6.000000,0.647059
0.090909,0.131999,2.057143,28.867615,2.061311,44.000000,0.672897
0.125000,0.313542,2.333333,28.412014,1.500000,8.000000,0.700000
0.166667,0.207116,5.500000,25.939545,1.266667,6.000000,0.846154
0.166667,0.125524,1.553571,28.770213,1.971510,27.000000,0.608392
0.041667,0.125524,1.553571,28.770213,1.971510,27.000000,0.608392
0.041667,0.432554,2.103448,30.000000,1.974638,24.000000,0.677778
0.041667,0.432554,2.103448,30.000000,1.974638,24.000000,0.677778
0.041667,0.125524,1.553571,28.770213,1.971510,27.000000,0.608392
0.055556,0.125524,1.553571,28.770213,1.971510,27.000000,0.608392
0.055556,1.000000,2.086957,30.000000,1.686275,18.000000,0.676056
0.200000,1.000000,1.714286,29.690055,1.428571,7.000000,0.631579
0.058824,0.677931,2.041667,29.852542,1.713450,19.000000,0.671233
0.047619,0.423086,2.521739,30.000000,1.814286,21.000000,0.716049
0.200000,0.000000,1.800000,30.000000,1.400000,6.000000,0.642857
0.166667,1.000000,3.666667,28.638786,1.266667,6.000000,0.785714
0.166667,1.000000,1.800000,30.000000,1.400000,6.000000,0.642857
0.250000,0.000000,2.666667,27.385249,1.644444,10.000000,0.727273
0.090909,0.375833,1.191489,25.039527,2.137980,38.000000,0.543689
0.125000,0.022391,1.481481,27.963934,1.723810,15.000000,0.597015
0.125000,1.000000,5.000000,30.000000,1.464286,8.000000,0.833333
0.047619,0.322816,2.147059,30.000000,1.652381,21.000000,0.682243
0.047619,1.000000,2.375000,30.000000,1.968379,23.000000,0.703704
0.200000,0.000000,5.666667,30.000000,1.711111,10.000000,0.850000
0.250000,0.375833,1.191489,25.039527,2.137980,38.000000,0.543689
0.125000,1.000000,3.750000,30.000000,1.464286,8.000000,0.789474
0.125000,0.430876,1.916667,29.083612,1.361111,9.000000,0.657143
0.050000,1.000000,3.266667,28.922181,1.900000,20.000000,0.765625
0.050000,1.000000,1.655172,29.919946,2.159140,31.000000,0.623377
0.055556,1.000000,1.350000,30.000000,1.699346,18.000000,0.574468
0.055556,0.834021,1.937500,26.416702,2.033898,60.000000,0.659574
0.071429,1.000000,1.913043,29.941707,1.770161,32.000000,0.656716
0.027027,1.000000,2.050000,28.717740,1.785285,37.000000,0.672131
0.027027,0.003808,3.272727,27.331903,1.865047,39.000000,0.765957
0.142857,0.003984,5.000000,25.714286,1.523810,7.000000,0.833333
0.142857,0.003984,5.000000,25.714286,1.523810,7.000000,0.833333
0.100000,0.338306,1.347826,30.000000,1.780220,14.000000,0.574074
0.090909,0.558209,2.000000,26.247543,1.833333,13.000000,0.666667
0.100000,0.344189,1.625000,28.666861,1.867647,17.000000,0.619048
0.090909,0.558209,2.000000,26.247543,1.833333,13.000000,0.666667
0.250000,0.260642,1.952381,29.941321,1.742647,17.000000,0.661290
0.045455,0.020961,2.162162,29.756929,1.944444,36.000000,0.683761
0.052632,1.000000,2.461538,24.057235,2.321719,42.000000,0.711111
0.052632,0.127661,2.461538,24.057235,2.321719,42.000000,0.711111
0.071429,0.011858,2.916667,29.035370,1.703297,14.000000,0.744681
0.071429,1.000000,2.304348,18.653408,2.542393,42.000000,0.697368
0.035714,0.696956,1.978723,29.404400,1.857143,28.000000,0.664286
0.035714,0.959639,2.441860,28.241706,2.383244,34.000000,0.709459
0.062500,0.757075,2.115385,28.358058,1.857895,20.000000,0.679012
0.062500,0.783717,1.790698,19.035714,1.873333,25.000000,0.641667
0.100000,1.000000,2.304348,18.653408,2.542393,42.000000,0.697368
0.100000,0.011858,3.000000,30.000000,1.622222,10.000000,0.750000
0.071429,0.011858,2.916667,29.035370,1.703297,14.000000,0.744681
0.071429,1.000000,2.304348,18.653408,2.542393,42.000000,0.697368
0.100000,1.000000,2.304348,18.653408,2.542393,42.000000,0.697368
0.100000,0.011858,3.000000,30.000000,1.622222,10.000000,0.750000
0.166667,0.380587,2.375000,30.000000,1.622222,10.000000,0.703704
0.166667,0.327127,1.714286,25.714286,1.428571,7.000000,0.631579
0.142857,0.815727,3.700000,28.696746,1.670330,14.000000,0.787234
0.142857,0.287369,2.200000,29.711461,1.476190,7.000000,0.687500
0.142857,0.815727,3.700000,28.696746,1.670330,14.000000,0.787234
0.142857,0.287369,2.200000,29.711461,1.476190,7.000000,0.687500
0.047619,1.000000,1.515152,19.087904,1.809524,21.000000,0.602410
0.047619,0.013599,2.190244,29.423401,2.058279,98.000000,0.686544
0.083333,0.403948,1.452381,28.460184,2.072546,38.000000,0.592233
0.076923,0.535362,1.812500,27.692308,1.730769,13.000000,0.644444
0.076923,1.000000,2.800000,27.018192,1.512821,13.000000,0.736842
0.076923,1.000000,1.655172,29.919946,2.159140,31.000000,0.623377
0.250000,1.000000,1.655172,29.919946,2.159140,31.000000,0.623377
0.083333,1.000000,1.655172,29.919946,2.159140,31.000000,0.623377
0.083333,1.000000,3.166667,28.385427,1.454545,12.000000,0.760000
0.090909,1.000000,1.633333,29.707699,2.210227,33.000000,0.620253
0.090909,0.699735,1.409091,25.694470,1.490909,11.000000,0.584906
0.066667,0.273599,1.312500,30.000000,1.733333,16.000000,0.567568
0.066667,0.354418,1.423077,25.138869,1.723810,15.000000,0.587302
0.125000,1.000000,2.000000,29.188746,1.214286,8.000000,0.666667
0.125000,0.905127,1.733333,29.729582,1.873188,24.000000,0.634146
0.200000,0.767919,2.081081,29.956629,1.841897,23.000000,0.675439
0.250000,0.946845,1.642857,29.456722,1.960317,28.000000,0.621622
0.090909,0.981341,1.633333,29.707699,2.210227,33.000000,0.620253
0.090909,0.699735,1.409091,25.694470,1.490909,11.000000,0.584906
0.200000,1.000000,1.857143,30.000000,1.642857,8.000000,0.650000
0.200000,1.000000,3.500000,30.000000,1.300000,5.000000,0.777778
0.062500,1.000000,2.461538,24.057235,2.321719,42.000000,0.711111
0.066667,0.239504,2.720000,26.210592,2.125616,29.000000,0.731183
0.066667,0.108225,1.958333,28.256832,1.552381,15.000000,0.661972
0.062500,0.068079,3.538462,29.425297,1.741667,16.000000,0.779661
0.062500,0.239504,2.720000,26.210592,2.125616,29.000000,0.731183
0.166667,0.581688,1.576923,30.000000,1.962963,28.000000,0.611940
0.062500,1.000000,1.640000,28.692624,1.838235,17.000000,0.621212
0.062500,0.325279,1.873563,28.388707,2.042308,40.000000,0.652000
0.125000,0.000000,6.900000,29.412855,1.805195,22.000000,0.873418
0.250000,1.000000,2.500000,17.980834,1.989474,20.000000,0.714286
0.083333,1.000000,2.846154,27.831443,1.808333,16.000000,0.740000
0.083333,0.008798,2.461538,29.310792,1.803077,26.000000,0.711111
0.083333,0.502227,1.695652,27.500000,1.424242,12.000000,0.629032
0.100000,0.374210,2.000000,30.000000,1.902116,28.000000,0.666667
0.166667,0.771297,5.000000,30.000000,1.333333,6.000000,0.833333
0.166667,0.942701,2.000000,25.689211,2.009231,26.000000,0.666667
0.250000,0.007634,1.320000,25.255224,2.167247,42.000000,0.568966
0.166667,0.743264,2.684211,29.490388,1.894737,20.000000,0.728571
0.200000,0.942701,2.000000,25.689211,2.009231,26.000000,0.666667
0.142857,0.676145,2.166667,28.571758,1.428571,7.000000,0.684211
0.142857,0.942701,2.000000,25.689211,2.009231,26.000000,0.666667
0.076923,0.056732,2.341176,29.745000,1.878049,42.000000,0.700704
0.055556,0.606005,1.440000,28.690378,2.046154,26.000000,0.590164
0.055556,0.584442,3.727273,27.373249,1.928105,18.000000,0.788462
0.142857,0.676230,12.000000,24.106612,1.428571,7.000000,0.923077
0.142857,0.465239,3.000000,25.038226,1.820513,13.000000,0.750000
0.200000,0.376313,2.903226,28.624063,1.936508,28.000000,0.743802
0.200000,1.000000,8.000000,24.951234,1.200000,5.000000,0.888889
0.083333,0.346232,2.272727,28.041361,1.651515,12.000000,0.694444
0.083333,0.531277,6.428571,30.000000,1.638095,15.000000,0.865385
0.066667,1.000000,2.411765,27.975898,1.752381,15.000000,0.706897
0.100000,0.095023,3.300000,29.135259,1.692308,14.000000,0.767442
0.100000,0.562267,1.636364,18.000000,1.600000,10.000000,0.620690
0.100000,0.095023,3.300000,29.135259,1.692308,14.000000,0.767442
0.100000,0.562267,1.636364,18.000000,1.600000,10.000000,0.620690
0.250000,1.000000,3.125000,29.701272,1.777778,19.000000,0.757576
0.250000,0.034995,2.609467,28.615990,2.103213,79.000000,0.722951
0.058824,0.239941,2.440000,28.095387,2.350769,26.000000,0.709302
0.058824,1.000000,1.916667,30.000000,1.705882,17.000000,0.657143
0.166667,0.181089,3.666667,30.000000,1.266667,6.000000,0.785714
0.166667,0.181089,3.666667,30.000000,1.266667,6.000000,0.785714
0.142857,1.000000,2.000000,19.841260,1.915033,18.000000,0.666667
0.200000,1.000000,1.935484,25.828552,1.761905,21.000000,0.659341
0.250000,0.672472,2.005952,30.000000,2.049691,81.000000,0.667327
0.142857,0.459763,2.783784,27.954231,1.982759,29.000000,0.735714
0.040000,0.480534,2.710526,28.566064,1.982759,29.000000,0.730496
0.040000,0.974580,1.942857,27.167379,1.970000,25.000000,0.660194
0.111111,0.757147,4.666667,28.293373,1.777778,9.000000,0.823529
0.111111,1.000000,3.714286,29.857387,1.563636,11.000000,0.787879
0.166667,0.953579,2.060403,29.791658,1.987308,62.000000,0.673246
0.250000,1.000000,1.772727,23.333724,1.993464,18.000000,0.639344
0.142857,1.000000,0.977778,21.323401,1.843137,18.000000,0.494382
0.066667,0.042643,2.181395,29.151653,2.076684,102.000000,0.685673
0.111111,0.304401,4.909091,28.121588,1.793103,30.000000,0.830769
0.055556,0.559328,3.272727,27.331903,1.865047,39.000000,0.765957
0.055556,1.000000,2.833333,29.402000,1.797386,18.000000,0.739130
0.272727,1.000000,1.545455,18.628865,1.392857,8.000000,0.607143
0.250000,0.003922,1.375000,29.193248,1.940711,23.000000,0.578947
0.200000,0.109924,2.000000,28.016460,1.795322,19.000000,0.666667
0.142857,0.468597,4.000000,29.195270,1.829545,33.000000,0.800000
0.142857,0.230106,16.000000,30.000000,1.238095,7.000000,0.941176
0.166667,1.000000,2.750000,30.000000,1.266667,6.000000,0.733333
0.166667,1.000000,1.363636,30.000000,1.836601,18.000000,0.576923
0.040000,0.693883,3.809524,29.277505,1.786667,25.000000,0.792079
0.040000,0.876138,2.256410,24.782110,1.846561,28.000000,0.692913
0.125000,0.568893,4.000000,29.319703,1.916667,25.000000,0.800000
0.058824,0.206776,2.928571,29.266166,1.971510,27.000000,0.745455
0.071429,0.416112,2.285714,26.614265,1.777778,18.000000,0.695652
0.050000,0.143887,2.486486,29.384235,1.818462,26.000000,0.713178
0.050000,1.000000,2.307692,30.000000,1.705263,20.000000,0.697674
0.200000,1.000000,1.642857,29.096498,1.786765,17.000000,0.621622
0.111111,0.783032,2.361446,29.916241,1.859756,41.000000,0.702509
0.111111,0.399883,1.636364,30.000000,1.500000,9.000000,0.620690
0.125000,1.000000,1.166667,15.485337,1.622222,10.000000,0.538462
0.125000,0.835491,2.223881,29.439215,1.863866,35.000000,0.689815
0.083333,0.114878,3.764706,29.559662,1.818182,22.000000,0.790123
0.083333,1.000000,1.333333,30.000000,1.800000,15.000000,0.571429
0.055556,0.630564,2.030303,28.781863,1.715789,20.000000,0.670000
0.055556,0.623769,2.490909,29.203008,1.946524,34.000000,0.713542
0.166667,1.000000,1.615385,20.030463,1.600000,15.000000,0.617647
0.166667,0.011673,1.750000,26.989602,1.533333,6.000000,0.636364
0.250000,0.289214,3.000000,25.097629,1.622222,10.000000,0.750000
0.125000,1.000000,1.571429,30.000000,1.214286,8.000000,0.611111
0.076923,0.035254,1.440000,23.471617,2.019608,18.000000,0.590164
0.076923,0.432104,1.200000,25.173483,1.756410,13.000000,0.545455
0.041667,0.975536,1.942857,27.167379,1.970000,25.000000,0.660194
0.076923,1.000000,1.473684,27.546294,1.653846,13.000000,0.595745
0.090909,0.088861,3.600000,28.543372,1.819048,15.000000,0.782609
0.076923,1.000000,2.285714,28.192426,1.708333,16.000000,0.695652
0.050000,0.147951,2.026786,29.097317,2.192012,63.000000,0.669617
0.058824,0.124192,1.521739,19.528778,1.985294,17.000000,0.603448
0.058824,0.073877,1.974359,29.941840,1.666667,22.000000,0.663793
0.045455,1.000000,1.843750,25.206380,1.913420,22.000000,0.648352
0.045455,0.658312,2.278146,29.527340,1.970673,65.000000,0.694949
0.045455,1.000000,1.843750,25.206380,1.913420,22.000000,0.648352
0.045455,0.658312,2.278146,29.527340,1.970673,65.000000,0.694949
0.055556,0.146321,1.500000,21.306945,2.019608,18.000000,0.600000
0.055556,0.006342,2.027027,29.389396,1.986063,42.000000,0.669643
0.083333,0.146623,2.014286,28.876843,2.053156,43.000000,0.668246
0.125000,0.826955,3.200000,30.000000,1.555556,9.000000,0.761905
0.100000,0.395376,2.367347,30.000000,2.022523,37.000000,0.703030
0.166667,0.857188,2.250000,24.245119,1.400000,6.000000,0.692308
0.166667,0.933826,1.800000,29.119343,1.400000,6.000000,0.642857
0.066667,0.200601,2.376623,28.933047,2.040816,50.000000,0.703846
0.058824,0.163357,2.823529,30.000000,1.720588,17.000000,0.738462
0.047619,0.159560,2.121212,29.850955,1.752381,21.000000,0.679612
0.047619,0.589642,1.463415,4.571590,1.779221,22.000000,0.594059
0.058824,0.163357,2.823529,30.000000,1.720588,17.000000,0.738462
0.200000,0.609015,3.222222,20.947481,1.934066,14.000000,0.763158
0.250000,1.000000,2.500000,30.000000,2.353535,45.000000,0.714286
0.250000,0.785438,2.500000,30.000000,2.353535,45.000000,0.714286
0.090909,0.053232,3.937500,30.000000,1.833333,21.000000,0.797468
0.090909,1.000000,1.818182,30.000000,1.745455,11.000000,0.645161
0.250000,0.205980,3.333333,26.997918,1.783626,19.000000,0.769231
0.071429,1.000000,2.400000,30.000000,1.705263,20.000000,0.705882
0.142857,0.614506,2.903846,30.000000,2.334875,47.000000,0.743842
0.066667,1.000000,2.117647,28.932674,1.714286,15.000000,0.679245
0.066667,0.460000,2.461538,24.057235,2.321719,42.000000,0.711111
0.142857,0.614506,2.903846,30.000000,2.334875,47.000000,0.743842
0.066667,1.000000,2.117647,28.932674,1.714286,15.000000,0.679245
0.066667,1.000000,2.461538,24.057235,2.321719,42.000000,0.711111
0.200000,0.147712,2.000000,23.166787,1.400000,5.000000,0.666667
0.166667,1.000000,1.714286,16.723365,1.428571,7.000000,0.631579
0.142857,0.876065,1.909091,26.213599,2.017544,19.000000,0.656250
0.166667,0.526136,2.250000,29.691105,1.976608,19.000000,0.692308
0.125000,1.000000,2.411765,27.549610,1.921569,18.000000,0.706897
0.166667,0.351999,2.011111,29.269601,2.039013,84.000000,0.667897
0.166667,0.667654,2.125000,30.000000,1.527778,9.000000,0.680000
0.166667,1.000000,1.833333,25.000000,1.266667,6.000000,0.647059
0.052632,1.000000,1.705882,24.824832,1.814286,21.000000,0.630435
0.052632,1.000000,3.100000,28.473213,1.761905,21.000000,0.756098
0.033333,0.908433,1.196262,24.032378,2.049933,39.000000,0.544681
0.033333,0.404124,2.442623,30.000000,1.834994,43.000000,0.709524
0.200000,1.000000,4.187500,29.490388,1.684211,20.000000,0.807229
0.062500,0.016366,1.791667,29.394535,1.641667,16.000000,0.641791
0.083333,0.417393,1.611111,25.170556,1.628205,13.000000,0.617021
0.083333,0.100568,3.300000,29.143770,1.791209,14.000000,0.767442
0.166667,1.000000,2.555556,29.122273,1.847953,19.000000,0.718750
0.166667,0.999998,1.600000,30.000000,1.238095,7.000000,0.615385
0.166667,0.007812,1.833333,27.847133,1.266667,6.000000,0.647059
0.166667,0.785828,6.428571,27.269163,2.036842,20.000000,0.865385
0.166667,0.007812,1.833333,27.847133,1.266667,6.000000,0.647059
0.166667,0.785828,6.428571,27.269163,2.036842,20.000000,0.865385
0.166667,0.094133,1.714286,30.000000,1.476190,7.000000,0.631579
0.166667,0.124371,1.981132,29.877378,2.189831,60.000000,0.664557
0.111111,0.232974,2.179487,27.750568,1.950769,26.000000,0.685484
0.111111,1.000000,1.666667,30.000000,1.583333,9.000000,0.625000
0.071429,0.694095,1.703704,29.567856,1.786765,17.000000,0.630137
0.071429,1.000000,2.500000,27.857143,1.791209,14.000000,0.714286
0.090909,0.769031,2.295082,28.866039,1.899194,32.000000,0.696517
0.090909,1.000000,1.875000,21.321968,1.454545,11.000000,0.652174
0.250000,0.173050,1.905660,29.546705,1.843077,26.000000,0.655844
0.166667,0.836178,2.409091,28.805692,1.910924,35.000000,0.706667
0.250000,1.000000,2.333333,23.997322,2.277056,22.000000,0.700000
0.047619,0.653742,2.629630,27.925268,2.139601,27.000000,0.724490
0.047619,0.270633,2.593750,29.560956,2.029101,28.000000,0.721739
0.166667,1.000000,1.041667,26.649211,1.764706,18.000000,0.510204
0.083333,1.000000,2.666667,29.526174,1.515152,12.000000,0.727273
0.083333,1.000000,1.063830,25.972103,1.764706,18.000000,0.515464
0.071429,0.337556,2.400000,29.804281,1.866995,29.000000,0.705882
0.071429,0.430450,1.450000,26.654276,1.824176,14.000000,0.591837
0.055556,0.177259,1.610169,29.750076,2.115530,33.000000,0.616883
0.055556,1.000000,1.063830,25.972103,1.764706,18.000000,0.515464
0.071429,0.203940,2.000000,29.895639,1.976827,34.000000,0.666667
0.071429,0.430450,1.450000,26.654276,1.824176,14.000000,0.591837
0.083333,0.235343,2.071429,27.259213,1.560606,12.000000,0.674419
0.083333,0.430450,1.450000,26.654276,1.824176,14.000000,0.591837
0.055556,0.575041,4.380952,29.709488,1.862069,30.000000,0.814159
0.055556,1.000000,1.063830,25.972103,1.764706,18.000000,0.515464
0.111111,0.132743,2.857143,26.210302,1.444444,9.000000,0.740741
0.250000,1.000000,2.000000,28.709257,1.333333,4.000000,0.666667
0.250000,0.002258,2.120000,27.698986,1.690058,19.000000,0.679487
0.090909,0.000000,5.666667,29.931818,2.036364,11.000000,0.850000
0.125000,1.000000,1.416667,30.000000,1.428571,8.000000,0.586207
0.111111,0.673547,2.500000,29.257500,1.789474,19.000000,0.714286
0.083333,0.052243,2.125000,27.886755,1.691667,16.000000,0.680000
0.142857,0.558917,2.400000,25.714286,1.428571,7.000000,0.705882
0.166667,0.995603,1.800000,22.215574,1.600000,10.000000,0.642857
0.200000,1.000000,1.527778,26.976449,1.884211,20.000000,0.604396
0.111111,1.000000,2.111111,30.000000,1.500000,9.000000,0.678571
0.058824,0.063545,2.250000,29.359605,1.886667,25.000000,0.692308
0.058824,0.838519,3.333333,30.000000,1.794118,17.000000,0.769231
0.100000,0.012944,2.142857,30.000000,1.355556,10.000000,0.681818
0.100000,0.072402,1.521739,19.528778,1.985294,17.000000,0.603448
0.142857,0.072402,1.521739,19.528778,1.985294,17.000000,0.603448
0.166667,0.514680,1.965714,29.812687,2.046372,82.000000,0.662813
0.166667,0.770098,1.800000,25.000000,1.400000,6.000000,0.642857
0.125000,0.000000,3.000000,29.857387,1.545455,11.000000,0.750000
0.100000,0.442577,1.888889,24.000091,1.733333,10.000000,0.653846
0.100000,0.086207,2.962963,30.000000,1.956923,26.000000,0.747664
0.100000,0.442577,1.888889,24.000091,1.733333,10.000000,0.653846
0.100000,0.086207,2.962963,30.000000,1.956923,26.000000,0.747664
0.047619,0.004833,1.960000,29.643884,2.193007,66.000000,0.662162
0.100000,0.442577,1.888889,24.000091,1.733333,10.000000,0.653846
0.100000,0.086207,2.962963,30.000000,1.956923,26.000000,0.747664
0.166667,0.095277,2.782609,30.000000,1.861472,22.000000,0.735632
0.166667,0.049782,1.750000,24.176356,1.533333,6.000000,0.636364
0.166667,0.439741,2.565714,29.180480,2.120370,81.000000,0.719551
0.125000,0.054819,3.200000,30.000000,1.861472,22.000000,0.761905
0.076923,0.086581,1.888889,28.990841,1.757143,21.000000,0.653846
0.076923,0.154903,2.000000,28.996534,1.745098,18.000000,0.666667
0.111111,0.420541,2.025000,30.000000,1.886667,25.000000,0.669421
0.250000,0.271960,3.636364,29.184058,1.739130,24.000000,0.784314
0.066667,0.638942,1.944444,26.232968,1.830882,17.000000,0.660377
0.058824,1.000000,2.440000,27.023949,1.887446,22.000000,0.709302
0.058824,1.000000,1.840000,29.012360,1.705882,17.000000,0.647887
0.055556,0.478995,1.807692,28.745712,1.771242,18.000000,0.643836
0.055556,0.209670,2.400000,27.422720,2.352217,29.000000,0.705882
0.100000,0.518924,3.000000,29.018284,1.797386,18.000000,0.750000
0.111111,0.739096,7.000000,28.978305,1.416667,9.000000,0.875000
0.111111,0.180916,1.172414,28.365780,1.925000,16.000000,0.539683
0.142857,0.139535,5.000000,16.663083,1.809524,7.000000,0.833333
0.066667,0.131527,2.248848,29.174215,2.080586,105.000000,0.692199
0.083333,1.000000,1.521739,23.369631,1.469697,12.000000,0.603448
0.083333,0.078881,1.533333,29.158167,1.516484,14.000000,0.605263
0.142857,0.139535,5.000000,16.663083,1.809524,7.000000,0.833333
0.090909,0.123783,1.882353,30.000000,1.931034,29.000000,0.653061
0.035714,0.237711,2.043478,30.000000,1.902116,28.000000,0.671429
0.035714,0.512909,2.818182,28.759878,2.075723,73.000000,0.738095
0.250000,0.439417,1.913043,28.524392,1.676471,17.000000,0.656716
0.071429,0.734055,1.944444,22.476321,1.830882,17.000000,0.660377
0.071429,1.000000,1.600000,27.768713,1.714286,14.000000,0.615385
0.066667,0.722077,3.000000,26.742188,1.771429,15.000000,0.750000
0.066667,0.395046,3.000000,26.637967,1.963158,20.000000,0.750000
0.111111,1.000000,1.411765,30.000000,1.488889,10.000000,0.585366
0.111111,0.207547,3.611111,28.901963,1.657895,20.000000,0.783133
0.250000,0.734055,1.944444,22.476321,1.830882,17.000000,0.660377
0.100000,1.000000,3.909091,28.055784,2.385714,21.000000,0.796296
0.100000,1.000000,5.200000,30.000000,1.422222,10.000000,0.838710
0.111111,0.310829,2.857143,30.000000,1.666667,16.000000,0.740741
0.111111,0.517844,1.777778,30.000000,1.611111,9.000000,0.640000
0.250000,0.072755,2.071429,30.000000,1.681319,14.000000,0.674419
0.111111,0.310829,2.857143,30.000000,1.666667,16.000000,0.740741
0.111111,0.517844,1.777778,30.000000,1.611111,9.000000,0.640000
0.111111,0.310829,2.857143,30.000000,1.666667,16.000000,0.740741
0.111111,0.517844,1.777778,30.000000,1.611111,9.000000,0.640000
0.142857,0.541987,1.600000,27.367715,2.197628,23.000000,0.615385
0.090909,0.264159,2.310345,27.071715,1.887446,22.000000,0.697917
0.066667,0.351096,2.375000,28.000000,1.676190,15.000000,0.703704
0.055556,0.157895,1.357143,14.593675,1.831169,22.000000,0.575758
0.076923,1.000000,2.200000,30.000000,1.628571,15.000000,0.687500
0.166667,0.510771,3.000000,30.000000,1.400000,6.000000,0.750000
0.142857,1.000000,1.227273,27.857143,1.824176,14.000000,0.551020
0.125000,0.103850,1.960526,29.612040,1.974529,43.000000,0.662222
0.111111,0.602509,1.357143,14.593675,1.831169,22.000000,0.575758
0.111111,0.602509,1.357143,14.593675,1.831169,22.000000,0.575758
0.047619,0.602509,1.357143,14.593675,1.831169,22.000000,0.575758
0.047619,1.000000,1.274510,30.000000,1.804762,21.000000,0.560345
0.100000,0.574794,2.451613,29.272804,1.812808,29.000000,0.710280
0.066667,0.293891,4.875000,28.000000,1.761905,15.000000,0.829787
0.066667,0.449594,3.230769,30.000000,1.742647,17.000000,0.763636
0.142857,0.633977,4.000000,28.951262,1.846154,14.000000,0.800000
0.142857,0.402636,5.333333,30.000000,1.238095,7.000000,0.842105
0.076923,0.000000,1.733333,30.000000,1.757353,17.000000,0.634146
0.142857,0.402636,5.333333,30.000000,1.238095,7.000000,0.842105
0.125000,0.000000,2.600000,30.000000,1.607143,8.000000,0.722222
0.090909,0.508083,2.272727,29.719557,1.878307,28.000000,0.694444
0.090909,0.510880,2.217391,30.000000,1.778947,20.000000,0.689189
0.250000,0.280124,1.795918,29.827827,1.818841,24.000000,0.642336
0.142857,1.000000,5.000000,21.988534,1.809524,7.000000,0.833333
0.125000,1.000000,1.300000,30.000000,1.642857,8.000000,0.565217
0.125000,1.000000,1.300000,30.000000,1.642857,8.000000,0.565217
0.111111,1.000000,1.941176,30.000000,1.728571,21.000000,0.660000
0.111111,1.000000,2.000000,27.319457,1.500000,9.000000,0.666667
0.111111,1.000000,1.596491,29.810069,2.122984,32.000000,0.614865
0.058824,0.055168,5.222222,29.205599,1.654412,17.000000,0.839286
0.058824,0.371562,1.468750,29.685934,2.224806,43.000000,0.594937
0.166667,0.027668,2.250000,17.865080,1.400000,6.000000,0.692308
0.166667,0.155641,1.875000,21.805527,1.583333,9.000000,0.652174
0.142857,1.000000,2.469388,29.850881,2.394026,38.000000,0.711765
0.142857,0.707612,2.469388,29.850881,2.394026,38.000000,0.711765
0.250000,0.027619,3.136364,28.364886,1.914141,45.000000,0.758242
0.100000,0.536584,1.400000,22.310445,1.745455,11.000000,0.583333
0.100000,0.485281,1.666667,29.926403,1.622222,10.000000,0.625000
0.083333,0.100919,1.727273,28.367440,1.897059,17.000000,0.633333
0.083333,0.991971,1.526316,28.130030,1.560606,12.000000,0.604167
0.250000,0.542067,1.880000,27.265599,2.157895,20.000000,0.652778
0.200000,0.816640,2.870968,29.337896,2.003788,33.000000,0.741667
0.200000,1.000000,1.400000,30.000000,1.571429,8.000000,0.583333
0.250000,0.870832,3.514286,29.674372,1.893145,32.000000,0.778481
0.142857,0.015602,1.320000,25.255224,2.167247,42.000000,0.568966
0.142857,0.270825,5.000000,30.000000,1.285714,7.000000,0.833333
0.040000,0.015602,1.320000,25.255224,2.167247,42.000000,0.568966
0.040000,0.655099,1.937500,30.000000,1.996667,25.000000,0.659574
0.040000,0.655099,1.937500,30.000000,1.996667,25.000000,0.659574
0.040000,0.015602,1.320000,25.255224,2.167247,42.000000,0.568966
0.055556,0.015602,1.320000,25.255224,2.167247,42.000000,0.568966
0.047619,0.758961,2.076923,24.630099,1.947619,21.000000,0.675000
0.047619,0.585578,3.384615,29.721739,1.857143,28.000000,0.771930
0.111111,0.758961,2.076923,24.630099,1.947619,21.000000,0.675000
0.250000,0.674453,2.608696,29.620295,1.940000,25.000000,0.722892
0.083333,0.758961,2.076923,24.630099,1.947619,21.000000,0.675000
0.250000,0.699938,2.727273,29.059474,1.940000,25.000000,0.731707
0.111111,0.460803,2.000000,29.532478,1.589744,13.000000,0.666667
0.111111,0.906750,2.038462,28.246814,2.043333,25.000000,0.670886
0.125000,0.008197,2.833333,30.000000,1.392857,8.000000,0.739130
0.125000,0.008197,2.833333,30.000000,1.392857,8.000000,0.739130
0.083333,0.624922,1.333333,30.000000,1.590909,12.000000,0.571429
0.083333,0.004115,1.500000,19.761436,2.057143,21.000000,0.600000
0.040000,0.521240,2.636364,30.000000,1.876667,25.000000,0.725000
0.040000,0.586875,2.173745,27.756556,2.145238,122.000000,0.684915
0.125000,1.000000,1.692308,20.817060,1.758170,18.000000,0.628571
0.055556,0.384681,2.279817,29.568604,2.077448,106.000000,0.695105
0.055556,1.000000,1.692308,20.817060,1.758170,18.000000,0.628571
0.142857,1.000000,3.500000,23.818422,1.963235,17.000000,0.777778
0.058824,0.044883,2.111111,29.775793,1.852941,17.000000,0.678571
0.058824,1.000000,2.160000,28.636364,1.995671,22.000000,0.683544
0.090909,0.147354,2.571429,30.000000,1.836257,19.000000,0.720000
0.100000,0.388201,2.272727,30.000000,1.444444,10.000000,0.694444
0.100000,1.000000,2.160000,28.636364,1.995671,22.000000,0.683544
0.055556,0.345642,2.625000,30.000000,1.901961,18.000000,0.724138
0.052632,0.908510,1.940000,28.151296,1.980296,29.000000,0.659864
0.052632,1.000000,2.666667,30.000000,1.963158,20.000000,0.727273
0.055556,0.345642,2.625000,30.000000,1.901961,18.000000,0.724138
0.058824,1.000000,3.500000,23.818422,1.963235,17.000000,0.777778
0.058824,1.000000,1.625000,28.809382,2.147177,32.000000,0.619048
0.250000,0.313942,2.791667,28.177445,2.276923,26.000000,0.736264
0.142857,0.320058,4.400000,21.845697,1.769231,13.000000,0.814815
0.142857,0.146801,1.708333,29.366127,1.683333,16.000000,0.630769
0.142857,0.012245,1.888889,27.419659,1.190476,7.000000,0.653846
0.071429,0.008130,4.750000,30.000000,1.648352,14.000000,0.826087
0.071429,0.360481,2.294118,20.689662,2.263547,29.000000,0.696429
0.090909,0.633779,1.566667,30.000000,1.908497,18.000000,0.610390
0.090909,0.829535,1.478261,25.630692,1.400000,11.000000,0.596491
0.066667,0.101316,2.040000,30.000000,1.718954,18.000000,0.671053
0.066667,0.364615,1.720000,25.653941,1.714286,15.000000,0.632353
0.200000,0.676769,7.666667,26.936065,2.221053,20.000000,0.884615
0.200000,1.000000,6.000000,30.000000,1.400000,5.000000,0.857143
0.250000,0.641670,7.833333,30.000000,2.295238,21.000000,0.886792
0.100000,0.490670,2.794118,29.191952,1.937931,30.000000,0.736434
0.250000,1.000000,7.833333,30.000000,2.295238,21.000000,0.886792
0.200000,1.000000,6.000000,30.000000,1.400000,5.000000,0.857143
0.200000,1.000000,7.666667,26.936065,2.221053,20.000000,0.884615
0.142857,0.015748,2.500000,26.992402,1.285714,7.000000,0.714286
0.076923,0.279474,2.086957,29.928915,1.686275,18.000000,0.676056
0.166667,0.045288,2.375000,30.000000,1.638095,15.000000,0.703704
0.142857,0.275191,2.162562,28.930384,2.061641,97.000000,0.683801
0.100000,0.091216,2.250000,28.664552,1.743590,13.000000,0.692308
0.200000,1.000000,1.125000,25.928921,1.913420,22.000000,0.529412
0.050000,1.000000,1.125000,25.928921,1.913420,22.000000,0.529412
0.050000,0.020243,2.240000,30.000000,1.705263,20.000000,0.691358
0.045455,1.000000,1.125000,25.928921,1.913420,22.000000,0.529412
0.045455,0.052986,2.200000,28.908106,1.833333,25.000000,0.687500
0.142857,0.436537,1.840000,26.839915,1.745098,18.000000,0.647887
0.111111,0.020243,1.500000,30.000000,1.577778,10.000000,0.600000
0.200000,0.906404,1.954955,26.970494,2.033898,60.000000,0.661585
0.166667,0.414323,2.250000,27.942622,1.400000,6.000000,0.692308
0.166667,0.303043,2.742857,29.431124,1.905983,27.000000,0.732824
0.100000,0.101168,3.153846,28.808522,1.863248,27.000000,0.759259
0.200000,0.866211,1.189189,28.970516,2.138824,51.000000,0.543210
0.250000,0.769918,3.083333,29.490114,1.816667,16.000000,0.755102
0.181818,0.732059,2.086957,29.394535,1.708333,16.000000,0.676056
0.100000,0.076285,4.000000,29.478008,1.695906,19.000000,0.800000
0.066667,0.155307,2.272727,30.000000,1.878307,28.000000,0.694444
0.071429,0.324798,2.240000,29.184252,1.773684,20.000000,0.691358
0.083333,0.136879,2.461538,30.000000,1.515152,12.000000,0.711111
0.142857,0.004115,4.375000,29.799878,1.714286,14.000000,0.813953
0.100000,0.922133,2.555556,27.815058,1.488889,10.000000,0.718750
0.111111,0.677382,5.666667,30.000000,2.036364,11.000000,0.850000
0.111111,0.886526,5.666667,30.000000,2.036364,11.000000,0.850000
0.200000,0.514412,1.829787,29.593663,1.907407,28.000000,0.646617
0.200000,0.795467,2.333333,24.000000,1.300000,5.000000,0.700000
0.166667,1.000000,8.000000,30.000000,1.238095,7.000000,0.888889
0.166667,0.908939,3.000000,30.000000,1.400000,6.000000,0.750000
0.142857,0.003256,2.333333,27.857143,1.505495,14.000000,0.700000
0.050000,0.020442,1.966667,29.167558,2.152300,62.000000,0.662921
0.050000,1.000000,2.210526,18.002530,1.989474,20.000000,0.688525
0.142857,0.441394,1.755102,29.775661,1.907407,28.000000,0.637037
0.100000,0.012146,2.200000,29.175251,1.511111,10.000000,0.687500
0.100000,1.000000,2.210526,18.002530,1.989474,20.000000,0.688525
0.100000,0.624655,4.000000,27.772680,1.666667,10.000000,0.800000
0.100000,0.033012,6.296296,29.048479,1.859175,38.000000,0.862944
0.200000,0.012146,1.666667,30.000000,1.500000,5.000000,0.625000
0.200000,0.012146,1.666667,30.000000,1.500000,5.000000,0.625000
0.166667,0.786400,4.500000,26.746678,1.400000,6.000000,0.818182
0.166667,0.494327,2.000000,17.767672,1.692308,13.000000,0.666667
0.142857,0.928497,4.400000,5.245041,1.956522,24.000000,0.814815
0.166667,0.393945,2.666667,4.469681,1.466667,6.000000,0.727273
0.250000,0.651126,4.000000,4.455775,1.333333,4.000000,0.800000
0.142857,0.433255,2.200000,3.835978,1.476190,7.000000,0.687500
0.111111,0.013581,2.636364,3.891917,1.890110,14.000000,0.725000
0.090909,0.934243,2.545455,6.042550,1.905263,20.000000,0.717949
0.090909,0.541039,25.000000,5.047719,1.581818,11.000000,0.961538
0.153846,0.934243,2.545455,6.042550,1.905263,20.000000,0.717949
0.200000,0.947937,2.000000,6.610243,1.200000,5.000000,0.666667
0.166667,0.934243,2.545455,6.042550,1.905263,20.000000,0.717949
0.166667,0.242663,1.666667,5.877721,1.772727,12.000000,0.625000
0.166667,1.000000,2.666667,3.831268,1.711111,10.000000,0.727273
0.250000,0.578683,5.000000,3.333446,1.166667,4.000000,0.833333
0.090909,0.525307,5.750000,6.372044,1.581818,11.000000,0.851852
0.090909,0.608331,1.666667,5.877721,1.772727,12.000000,0.625000
0.200000,0.253990,1.947368,8.266878,1.794118,17.000000,0.660714
0.142857,0.404427,5.000000,8.280922,1.685714,15.000000,0.833333
0.142857,0.767562,4.500000,8.334179,1.666667,7.000000,0.818182
0.066667,0.376617,1.526316,12.732039,1.723810,15.000000,0.604167
0.066667,0.018868,4.777778,9.556586,1.647619,15.000000,0.826923
0.200000,0.615794,7.000000,6.496819,1.300000,5.000000,0.875000
0.166667,0.025258,2.750000,13.477447,1.266667,6.000000,0.733333
0.066667,0.074224,4.777778,11.256396,1.647619,15.000000,0.826923
0.125000,0.103044,3.294118,11.075142,1.773684,20.000000,0.767123
0.111111,0.003481,2.545455,8.016163,1.692308,14.000000,0.717949
0.090909,0.241509,2.000000,8.915906,1.654545,11.000000,0.666667
0.166667,0.976214,11.500000,6.346331,2.121212,12.000000,0.920000
0.100000,0.133668,1.604651,13.019425,2.039886,27.000000,0.616071
0.100000,0.264812,1.815789,12.061709,2.039886,27.000000,0.644860
0.100000,0.067074,3.333333,6.116898,1.555556,10.000000,0.769231
0.100000,0.506180,1.888889,13.404168,1.644444,10.000000,0.653846
0.250000,0.264812,1.815789,12.061709,2.039886,27.000000,0.644860
0.250000,0.264812,1.815789,12.061709,2.039886,27.000000,0.644860
0.100000,0.264812,1.815789,12.061709,2.039886,27.000000,0.644860
0.100000,0.485881,2.285714,15.518884,1.644444,10.000000,0.695652
0.250000,0.485881,2.285714,15.518884,1.644444,10.000000,0.695652
0.100000,0.196539,2.300000,9.477311,1.690909,11.000000,0.696970
0.166667,0.396704,2.500000,8.911732,1.333333,6.000000,0.714286
0.166667,0.131024,2.857143,8.184876,1.555556,10.000000,0.740741
0.166667,0.610360,7.333333,8.280952,1.741667,16.000000,0.880000
0.090909,0.454384,2.000000,8.915906,1.654545,11.000000,0.666667
0.090909,0.032393,4.300000,12.108320,1.647619,15.000000,0.811321
0.142857,0.043174,2.166667,13.432665,2.119318,33.000000,0.684211
0.142857,0.568156,2.750000,9.407498,1.600000,11.000000,0.733333
0.166667,0.043174,2.166667,13.432665,2.119318,33.000000,0.684211
0.166667,0.322751,3.500000,10.261429,1.066667,6.000000,0.777778
0.076923,0.043174,2.166667,13.432665,2.119318,33.000000,0.684211
0.076923,0.309534,2.800000,14.525224,1.641026,13.000000,0.736842
0.142857,0.620768,1.920000,13.303028,1.738562,18.000000,0.657534
0.142857,0.695364,1.333333,8.773937,1.476190,7.000000,0.571429
0.066667,0.057229,2.266667,15.960873,1.676190,15.000000,0.693878
0.142857,0.266113,4.666667,14.305352,1.333333,7.000000,0.823529
0.052632,0.078872,3.238095,15.617726,1.826840,22.000000,0.764045
0.250000,0.600403,3.666667,6.639695,1.266667,6.000000,0.785714
0.166667,0.799699,1.562500,10.909152,1.757576,12.000000,0.609756
0.166667,0.071429,2.800000,15.225414,1.066667,6.000000,0.736842
0.071429,0.096730,2.000000,16.331262,1.772059,17.000000,0.666667
0.071429,0.181969,4.500000,15.503683,1.703297,14.000000,0.818182
0.076923,0.505869,2.406250,16.801329,1.833333,24.000000,0.706422
0.090909,0.664660,1.428571,14.532100,1.636364,12.000000,0.588235
0.083333,0.118811,1.671642,17.763420,2.033613,35.000000,0.625698
0.166667,0.259640,1.833333,11.910711,1.266667,6.000000,0.647059
0.142857,0.235910,12.000000,10.546631,1.833333,9.000000,0.923077
0.200000,0.250000,3.125000,8.386145,1.757576,12.000000,0.757576
0.066667,0.112887,1.682927,18.064750,2.155039,43.000000,0.627273
0.166667,0.124569,1.571429,14.611221,1.266667,6.000000,0.611111
0.153846,0.720039,1.708333,17.103552,1.474359,13.000000,0.630769
0.125000,0.272727,1.555556,9.233081,1.500000,8.000000,0.608696
0.125000,0.306228,2.312500,16.656030,1.930000,25.000000,0.698113
0.250000,0.825293,1.750000,16.603985,1.615385,14.000000,0.636364
0.090909,0.691604,1.722222,13.858300,1.436364,11.000000,0.632653
0.090909,0.730524,1.648649,16.143495,1.920290,24.000000,0.622449
0.142857,0.793714,1.714286,16.964221,1.472527,14.000000,0.631579
0.142857,0.119109,1.640000,5.930050,1.609524,15.000000,0.621212
0.045455,0.186713,3.105263,13.814959,1.969697,22.000000,0.756410
0.090909,0.690289,4.187500,12.853463,2.105413,27.000000,0.807229
0.090909,0.758226,4.187500,12.853463,2.105413,27.000000,0.807229
0.125000,0.443345,1.600000,16.346537,1.428571,8.000000,0.615385
0.062500,0.049180,5.777778,16.396409,1.591667,16.000000,0.852459
0.166667,0.725471,1.428571,14.532100,1.636364,12.000000,0.588235
0.040000,0.463945,2.312500,16.656030,1.930000,25.000000,0.698113
0.071429,0.597148,2.500000,19.301175,1.571429,14.000000,0.714286
0.071429,0.126133,3.535714,19.459036,1.899015,29.000000,0.779528
0.071429,0.049200,3.812500,15.109830,1.996047,23.000000,0.792208
0.071429,0.597148,2.500000,19.301175,1.571429,14.000000,0.714286
0.142857,0.035756,1.571429,22.229484,1.678571,8.000000,0.611111
0.142857,0.274252,3.000000,20.287204,1.571429,7.000000,0.750000
0.142857,0.117868,1.571429,22.229484,1.678571,8.000000,0.611111
0.142857,0.274252,3.000000,20.287204,1.571429,7.000000,0.750000
0.117647,0.846299,1.567568,19.028221,1.573529,17.000000,0.610526
0.117647,0.085263,2.133333,13.043520,1.700000,20.000000,0.680851
0.166667,0.409845,2.000000,20.089991,1.571429,7.000000,0.666667
0.083333,0.639935,3.000000,11.121268,1.803030,12.000000,0.750000
0.083333,0.589194,5.200000,15.181096,1.990476,15.000000,0.838710
0.166667,0.427352,2.000000,20.089991,1.571429,7.000000,0.666667
0.250000,0.166543,2.133333,26.014285,1.782609,23.000000,0.680851
0.250000,0.247853,2.133333,26.014285,1.782609,23.000000,0.680851
0.100000,0.552253,5.076923,18.840080,1.649123,19.000000,0.835443
0.074074,0.013293,2.370370,24.471838,1.782609,23.000000,0.703297
0.074074,0.078558,2.370370,24.471838,1.782609,23.000000,0.703297
0.111111,0.033333,2.500000,19.230893,1.583333,9.000000,0.714286
0.111111,0.846091,2.000000,24.076322,1.666667,9.000000,0.666667
0.043478,0.539374,3.842105,15.854391,2.043077,26.000000,0.793478
0.111111,0.873677,2.000000,24.076322,1.666667,9.000000,0.666667
0.111111,0.033333,2.500000,19.230893,1.583333,9.000000,0.714286
0.250000,0.071392,2.270270,28.753303,1.769231,26.000000,0.694215
0.250000,0.063087,2.270270,28.753303,1.769231,26.000000,0.694215
0.090909,0.841044,2.153846,8.868602,1.666667,12.000000,0.682927
0.090909,0.397204,3.600000,14.262386,1.771429,15.000000,0.782609
0.111111,0.841044,2.153846,8.868602,1.666667,12.000000,0.682927
0.111111,0.866662,1.545455,16.882081,1.527778,9.000000,0.607143
0.050000,0.158057,2.179487,27.510718,1.829060,27.000000,0.685484
0.050000,0.185277,2.179487,27.510718,1.829060,27.000000,0.685484
0.166667,0.283249,2.812500,16.431988,1.875817,18.000000,0.737705
0.166667,0.206597,4.500000,9.585505,1.400000,6.000000,0.818182
0.125000,0.109462,3.416667,14.812981,1.609524,15.000000,0.773585
0.125000,0.009123,1.555556,15.870392,1.500000,8.000000,0.608696
0.166667,0.434160,2.200000,19.979007,1.266667,6.000000,0.687500
0.166667,0.256695,2.787879,24.705204,1.760870,24.000000,0.736000
0.166667,0.434160,2.200000,19.979007,1.266667,6.000000,0.687500
0.166667,0.264252,2.787879,24.705204,1.760870,24.000000,0.736000
0.166667,0.332970,1.200000,22.125313,1.476190,7.000000,0.545455
0.166667,0.094472,1.871795,29.435312,1.760870,24.000000,0.651786
0.166667,0.332970,1.200000,22.125313,1.476190,7.000000,0.545455
0.166667,0.015844,1.871795,29.435312,1.760870,24.000000,0.651786
0.166667,0.046778,3.289474,24.067883,1.743386,28.000000,0.766871
0.166667,0.045946,3.289474,24.067883,1.743386,28.000000,0.766871
0.100000,0.354439,3.153846,16.384924,1.609524,15.000000,0.759259
0.100000,0.238831,1.818182,13.441436,1.555556,10.000000,0.645161
0.200000,0.567538,2.782609,21.124537,1.686275,18.000000,0.735632
0.200000,0.239564,1.571429,23.809997,1.266667,6.000000,0.611111
0.066667,0.376569,3.416667,14.812981,1.609524,15.000000,0.773585
0.066667,0.545028,3.117647,22.445391,1.552381,15.000000,0.757143
0.166667,0.110708,3.714286,9.546104,1.527273,11.000000,0.787879
0.136364,0.169012,2.424242,18.714878,1.981538,26.000000,0.707965
0.136364,0.425748,2.666667,22.510439,1.686275,18.000000,0.727273
0.111111,0.670268,3.000000,14.707499,1.747253,14.000000,0.750000
0.076923,0.457483,1.842105,20.906368,1.576923,13.000000,0.648148
0.076923,0.283414,1.842105,20.906368,1.576923,13.000000,0.648148
0.200000,0.900398,2.000000,10.772766,1.400000,5.000000,0.666667
0.200000,0.146533,3.515152,22.577844,1.749288,27.000000,0.778523
0.200000,0.152268,3.515152,22.577844,1.749288,27.000000,0.778523
0.200000,0.900398,2.000000,10.772766,1.400000,5.000000,0.666667
0.111111,0.146284,1.142857,15.647584,1.618182,11.000000,0.533333
0.111111,0.329488,1.400000,28.450973,1.576923,13.000000,0.583333
0.200000,0.159052,2.360000,20.591651,1.660131,18.000000,0.702381
0.250000,0.001534,3.727273,25.123419,1.791444,34.000000,0.788462
0.142857,0.046875,1.222222,20.932965,1.523810,7.000000,0.550000
0.076923,0.284652,1.458333,28.115396,1.576923,13.000000,0.593220
0.047619,0.202000,1.509804,17.215256,2.089947,28.000000,0.601562
0.200000,0.051237,2.315789,22.341108,1.676471,17.000000,0.698413
0.250000,0.002832,3.727273,25.123419,1.791444,34.000000,0.788462
0.076923,0.217876,1.458333,28.115396,1.576923,13.000000,0.593220
0.111111,0.275364,1.400000,28.450973,1.576923,13.000000,0.583333
0.111111,0.146284,1.142857,15.647584,1.618182,11.000000,0.533333
0.111111,0.022672,1.953488,28.575398,1.786325,27.000000,0.661417
0.111111,0.244456,1.312500,21.483747,1.444444,9.000000,0.567568
0.111111,0.012589,1.953488,28.575398,1.786325,27.000000,0.661417
0.111111,0.244456,1.312500,21.483747,1.444444,9.000000,0.567568
0.200000,0.080414,2.100000,29.266453,1.769231,26.000000,0.677419
0.200000,0.089182,2.100000,29.266453,1.769231,26.000000,0.677419
0.166667,0.344682,1.636364,14.197315,1.500000,9.000000,0.620690
0.166667,0.329193,2.375000,19.839030,1.735178,23.000000,0.703704
0.125000,0.230913,2.482759,19.832455,1.657143,21.000000,0.712871
0.058824,0.271216,1.073171,18.684290,1.830882,17.000000,0.517647
0.058824,0.049598,1.596491,27.164708,1.818391,30.000000,0.614865
0.058824,0.271216,1.073171,18.684290,1.830882,17.000000,0.517647
0.058824,0.056651,1.596491,27.164708,1.818391,30.000000,0.614865
0.111111,0.227591,1.542373,28.101331,1.818391,30.000000,0.606667
0.142857,0.280625,1.596491,27.164708,1.818391,30.000000,0.614865
0.142857,0.938098,12.000000,11.471503,1.428571,7.000000,0.923077
0.200000,0.402477,1.750000,18.560078,1.300000,5.000000,0.636364
0.142857,0.938098,12.000000,11.471503,1.428571,7.000000,0.923077
0.142857,0.236263,1.596491,27.164708,1.818391,30.000000,0.614865
0.111111,0.188878,1.542373,28.101331,1.818391,30.000000,0.606667
0.166667,0.113963,2.086957,24.409613,1.686275,18.000000,0.676056
0.142857,0.026246,1.509804,17.215256,2.089947,28.000000,0.601562
0.055556,0.301031,1.542373,27.804784,1.818391,30.000000,0.606667
0.055556,0.024661,1.448276,20.182629,2.008602,31.000000,0.591549
0.142857,0.007751,2.222222,22.143248,1.047619,7.000000,0.689655
0.142857,0.024661,1.448276,20.182629,2.008602,31.000000,0.591549
0.062500,0.192185,2.044444,18.712454,1.817664,27.000000,0.671533
0.090909,0.337503,2.967742,23.255702,1.760870,24.000000,0.747967
0.055556,0.024661,1.448276,20.182629,2.008602,31.000000,0.591549
0.055556,0.248165,1.542373,27.804784,1.818391,30.000000,0.606667
0.142857,0.901411,1.600000,11.892965,1.618182,11.000000,0.615385
0.062500,0.192185,2.044444,18.712454,1.817664,27.000000,0.671533
0.142857,0.786444,2.125000,14.461716,2.058333,16.000000,0.680000
0.210526,0.068774,4.642857,24.938090,1.380952,15.000000,0.822785
0.210526,0.026246,1.509804,17.215256,2.089947,28.000000,0.601562
0.090909,0.328442,2.967742,23.255702,1.760870,24.000000,0.747967
0.055556,0.668984,2.212121,19.524785,1.809524,22.000000,0.688679
0.055556,0.390723,2.179487,27.510718,1.829060,27.000000,0.685484
0.055556,0.323721,1.181818,19.258984,1.797386,18.000000,0.541667
0.055556,0.130156,1.707317,29.737686,1.542484,18.000000,0.630631
0.142857,0.618921,1.171429,5.886521,1.862745,18.000000,0.539474
0.142857,0.256737,4.333333,9.655325,1.380952,7.000000,0.812500
0.055556,0.655615,2.212121,19.524785,1.809524,22.000000,0.688679
0.055556,0.390723,2.179487,27.510718,1.829060,27.000000,0.685484
0.125000,0.441105,1.307692,24.320672,1.428571,8.000000,0.566667
0.125000,1.000000,1.733333,28.421053,1.543860,19.000000,0.634146
0.055556,1.000000,2.179487,27.510718,1.829060,27.000000,0.685484
0.055556,0.655615,2.212121,19.524785,1.809524,22.000000,0.688679
0.055556,1.000000,2.179487,27.510718,1.829060,27.000000,0.685484
0.055556,0.668984,2.212121,19.524785,1.809524,22.000000,0.688679
0.125000,0.029785,1.733333,28.421053,1.543860,19.000000,0.634146
0.125000,0.441105,1.307692,24.320672,1.428571,8.000000,0.566667
0.055556,1.000000,1.707317,29.737686,1.542484,18.000000,0.630631
0.055556,0.323721,1.181818,19.258984,1.797386,18.000000,0.541667
0.142857,0.060858,3.780488,25.965470,1.752016,32.000000,0.790816
0.142857,0.076848,3.780488,25.965470,1.752016,32.000000,0.790816
0.166667,0.311094,2.875000,24.004605,1.760870,24.000000,0.741935
0.250000,0.517344,1.590909,15.628599,1.714286,14.000000,0.614035
0.166667,0.335332,2.875000,24.004605,1.760870,24.000000,0.741935
0.125000,0.074188,3.781250,21.328532,1.865079,36.000000,0.790850
0.125000,0.361115,1.083333,23.744953,1.571429,8.000000,0.520000
0.066667,0.524936,4.642857,24.253525,1.380952,15.000000,0.822785
0.066667,0.209307,2.363636,20.913469,1.669118,17.000000,0.702703
0.076923,0.134432,4.000000,16.793350,1.857143,29.000000,0.800000
0.071429,0.253763,1.580645,27.447746,1.713450,19.000000,0.612500
0.071429,0.016129,2.470588,18.742907,1.615385,14.000000,0.711864
0.058824,0.171706,0.885246,22.289570,1.894737,20.000000,0.469565
0.285714,0.055866,2.600000,14.913180,1.535714,8.000000,0.722222
0.125000,0.197116,2.411765,22.732541,1.826087,23.000000,0.706897
0.125000,0.573932,5.333333,9.360509,1.428571,8.000000,0.842105
0.043478,0.197116,2.411765,22.732541,1.826087,23.000000,0.706897
0.043478,0.200161,2.567568,21.399804,1.707692,26.000000,0.719697
0.166667,1.000000,1.600000,13.719276,1.619048,15.000000,0.615385
0.250000,0.307433,4.000000,22.078651,1.472727,11.000000,0.800000
0.200000,0.721824,1.171429,5.886521,1.862745,18.000000,0.539474
0.250000,0.345714,2.000000,16.444001,1.871795,13.000000,0.666667
0.076923,0.345714,2.000000,16.444001,1.871795,13.000000,0.666667
0.076923,0.019102,3.545455,11.030279,2.058480,19.000000,0.780000
0.083333,0.471755,1.933333,22.615427,1.835165,14.000000,0.659091
0.083333,0.130555,1.800000,23.481654,1.636364,12.000000,0.642857
0.071429,0.008793,5.666667,11.441506,1.958333,16.000000,0.850000
0.125000,0.834402,3.333333,14.522757,1.779412,17.000000,0.769231
0.066667,0.407307,2.400000,16.778585,1.657143,15.000000,0.705882
0.066667,0.902421,4.000000,12.326612,1.779412,17.000000,0.800000
0.100000,0.453619,4.363636,17.688646,1.750000,17.000000,0.813559
0.166667,0.049506,1.089286,15.582223,1.944664,23.000000,0.521368
0.166667,0.340513,3.333333,20.276798,1.615385,13.000000,0.769231
0.111111,0.736990,1.640000,11.644835,1.843137,18.000000,0.621212
0.111111,0.393709,2.222222,6.528658,1.444444,9.000000,0.689655
0.222222,0.599370,1.333333,27.077776,1.611111,9.000000,0.571429
0.166667,0.822489,5.000000,15.814092,1.444444,9.000000,0.833333
0.142857,0.529614,2.600000,15.528116,1.380952,7.000000,0.722222
0.125000,0.133698,1.419355,22.573826,1.810458,18.000000,0.586667
0.200000,0.081081,3.000000,10.615008,1.400000,5.000000,0.750000
0.083333,0.252376,3.300000,23.840511,1.606061,12.000000,0.767442
0.083333,0.212961,4.083333,19.154316,2.086580,22.000000,0.803279
0.100000,0.527896,2.894737,21.874571,1.732026,18.000000,0.743243
0.125000,0.455525,2.600000,22.420328,1.607143,8.000000,0.722222
0.125000,0.922257,3.125000,23.167860,1.877667,38.000000,0.757576
0.250000,0.069581,3.545455,11.030279,2.058480,19.000000,0.780000
0.142857,0.715196,10.333333,5.991005,1.923810,15.000000,0.911765
0.045455,0.460855,1.522727,20.957662,1.878788,22.000000,0.603604
0.045455,0.038397,3.157895,25.110222,1.910873,34.000000,0.759494
0.058824,0.460855,1.522727,20.957662,1.878788,22.000000,0.603604
0.058824,0.040509,2.777778,23.120659,1.727941,17.000000,0.735294
0.041667,0.021326,1.203704,22.056529,1.990000,25.000000,0.546218
0.041667,0.055686,3.312500,24.204197,2.123188,24.000000,0.768116
0.047619,0.203845,1.944444,24.881294,1.966667,25.000000,0.660377
0.047619,0.146843,1.536585,11.828979,1.700000,21.000000,0.605769
0.047619,0.203845,1.944444,24.881294,1.966667,25.000000,0.660377
0.047619,0.206035,1.270833,19.560774,1.944664,23.000000,0.559633
0.047619,0.203845,1.944444,24.881294,1.966667,25.000000,0.660377
0.047619,0.333524,1.072464,26.011573,1.885375,23.000000,0.517483
0.071429,0.677071,2.115385,20.511805,1.640523,18.000000,0.679012
0.071429,0.008737,1.590909,15.628599,1.714286,14.000000,0.614035
0.100000,0.355745,4.200000,23.689227,1.600000,10.000000,0.807692
0.100000,0.830222,4.037037,19.408856,1.850379,33.000000,0.801471
0.090909,0.413342,1.176471,23.312348,1.690909,11.000000,0.540541
0.050000,0.498321,0.927536,25.963159,1.917749,22.000000,0.481203
0.100000,0.246688,1.750000,27.504215,1.758242,14.000000,0.636364
0.100000,0.125113,2.555556,25.040824,1.533333,10.000000,0.718750
0.062500,0.175888,1.720000,20.578321,1.641667,16.000000,0.632353
0.130435,0.210093,1.051724,17.006050,1.944664,23.000000,0.512605
0.200000,0.090909,3.000000,15.735411,1.400000,5.000000,0.750000
0.043478,0.088902,1.781250,20.493419,1.988142,23.000000,0.640449
0.043478,0.028567,3.000000,24.760112,1.777778,28.000000,0.750000
0.043478,0.088902,1.781250,20.493419,1.988142,23.000000,0.640449
0.043478,0.035955,1.343284,25.694029,1.945869,27.000000,0.573248
0.066667,0.088902,1.781250,20.493419,1.988142,23.000000,0.640449
0.066667,0.168757,2.166667,23.869887,1.666667,15.000000,0.684211
0.090909,0.425733,1.511628,22.325670,1.842857,21.000000,0.601852
0.090909,0.040000,1.529412,18.185576,1.527273,11.000000,0.604651
0.166667,0.499726,3.666667,16.205180,1.266667,6.000000,0.785714
0.166667,0.448686,3.052632,22.974673,1.795322,19.000000,0.753247
0.047619,0.411654,1.270833,20.104363,1.944664,23.000000,0.559633
0.047619,0.815906,1.476190,9.937017,1.776190,21.000000,0.596154
0.222222,0.024096,2.111111,27.239697,1.577778,10.000000,0.678571
0.125000,0.375405,0.984375,24.267610,1.861905,21.000000,0.496063
0.142857,0.000000,2.156250,23.100648,1.785714,21.000000,0.683168
0.250000,1.000000,1.476190,9.937017,1.776190,21.000000,0.596154
0.076923,0.586633,1.823529,24.339102,1.653846,13.000000,0.645833
0.076923,1.000000,1.476190,9.937017,1.776190,21.000000,0.596154
0.055556,1.000000,1.476190,9.937017,1.776190,21.000000,0.596154
0.055556,0.055431,2.888889,23.068898,1.777778,27.000000,0.742857
0.040000,0.000000,2.838710,25.645141,1.783251,29.000000,0.739496
0.040000,0.278797,2.000000,21.334096,2.020000,25.000000,0.666667
0.040000,0.024415,1.223529,26.492988,1.970115,30.000000,0.550265
0.040000,0.278797,2.000000,21.334096,2.020000,25.000000,0.666667
0.076923,0.285856,5.272727,24.650986,1.718954,18.000000,0.840580
0.076923,0.000000,1.625000,26.113378,1.717949,13.000000,0.619048
0.062500,0.278797,2.000000,21.334096,2.020000,25.000000,0.666667
0.062500,0.010526,2.157895,24.728345,1.708333,16.000000,0.683333
0.166667,0.041096,2.200000,24.720289,1.266667,6.000000,0.687500
0.076923,0.639973,1.625000,26.306698,1.717949,13.000000,0.619048
0.071429,0.386817,1.337662,25.437549,1.948276,29.000000,0.572222
0.071429,0.413582,2.538462,25.443996,1.703297,14.000000,0.717391
0.066667,0.714963,1.526316,7.277901,1.723810,15.000000,0.604167
0.066667,0.642150,1.072464,26.011573,1.885375,23.000000,0.517483
0.038462,0.026904,2.156250,21.420240,2.003077,26.000000,0.683168
0.038462,0.385371,1.277778,26.332459,1.948387,31.000000,0.560976
0.071429,0.629335,1.072464,25.126511,1.885375,23.000000,0.517483
0.043478,0.410911,1.268293,25.955418,1.970115,30.000000,0.559140
0.047619,0.192024,1.101695,25.820942,1.990000,25.000000,0.524194
0.142857,0.372056,1.226415,23.988242,1.990000,25.000000,0.550847
0.166667,0.058824,1.875000,26.141794,1.464286,8.000000,0.652174
0.038462,0.376843,2.156250,21.420240,2.003077,26.000000,0.683168
0.038462,0.011953,2.838710,26.402697,1.783251,29.000000,0.739496
0.200000,0.301115,2.250000,29.739467,1.100000,5.000000,0.692308
0.062500,0.135840,1.952381,25.717629,1.708333,16.000000,0.661290
0.062500,0.376843,2.156250,21.420240,2.003077,26.000000,0.683168
0.125000,0.239539,2.600000,16.001737,1.571429,8.000000,0.722222
0.125000,0.461676,3.275862,17.050080,2.100379,33.000000,0.766129
0.055556,0.007747,1.857143,24.169460,1.660131,18.000000,0.650000
0.066667,0.263149,1.700000,12.634572,1.790476,15.000000,0.629630
0.066667,0.461676,3.275862,17.050080,2.100379,33.000000,0.766129
0.200000,0.715895,1.833333,23.952570,1.214286,8.000000,0.647059
0.071429,0.453431,1.600000,9.921464,1.714286,14.000000,0.615385
0.071429,0.450832,1.341463,24.161977,1.910526,20.000000,0.572917
0.047619,0.617667,1.818182,25.945327,1.813333,25.000000,0.645161
0.047619,0.007634,2.440000,27.515169,1.833333,21.000000,0.709302
0.071429,0.617667,1.818182,25.945327,1.813333,25.000000,0.645161
0.071429,0.019608,1.928571,21.041841,1.769231,14.000000,0.658537
0.125000,0.452565,3.800000,23.384657,1.357143,8.000000,0.791667
0.125000,0.120061,2.680000,24.551349,1.883117,22.000000,0.728261
0.250000,0.339174,4.583333,26.533418,1.683824,17.000000,0.820896
0.090909,0.562767,2.454545,18.227319,1.769231,14.000000,0.710526
0.090909,0.213773,1.850000,24.545667,1.604396,14.000000,0.649123
0.045455,0.072944,1.906250,24.468852,1.878788,22.000000,0.655914
0.045455,0.153841,3.045455,26.494215,1.883117,22.000000,0.752809
0.037037,0.050222,1.121212,26.333388,2.008547,27.000000,0.528571
0.166667,0.115283,2.000000,26.953636,1.466667,6.000000,0.666667
0.125000,0.189189,1.875000,26.897812,1.464286,8.000000,0.652174
0.066667,0.476285,1.969697,25.119651,1.773684,20.000000,0.663265
0.066667,0.130627,1.400000,24.011652,1.808333,16.000000,0.583333
0.166667,0.014925,1.666667,25.047970,1.333333,6.000000,0.625000
0.166667,0.219089,1.285714,16.987743,1.727273,11.000000,0.562500
0.200000,0.493450,3.500000,28.420155,1.300000,5.000000,0.777778
0.200000,0.776230,2.500000,14.725369,1.571429,7.000000,0.714286
0.090909,0.019108,1.869565,25.899578,1.600000,15.000000,0.651515
0.125000,0.023652,2.720000,26.016922,1.913333,25.000000,0.731183
0.125000,0.611628,1.666667,26.250000,1.464286,8.000000,0.625000
0.200000,0.391101,3.500000,28.420155,1.300000,5.000000,0.777778
0.200000,0.776230,2.500000,14.725369,1.571429,7.000000,0.714286
0.125000,0.611628,1.666667,26.250000,1.464286,8.000000,0.625000
0.125000,0.015219,2.720000,26.016922,1.913333,25.000000,0.731183
0.125000,0.611628,1.666667,26.250000,1.464286,8.000000,0.625000
0.125000,0.038095,4.842105,22.419591,1.716923,26.000000,0.828829
0.090909,0.501157,1.555556,22.994971,1.800000,15.000000,0.608696
0.083333,0.387229,1.906250,24.468852,1.878788,22.000000,0.655914
0.062500,0.409468,2.157895,24.665326,1.845588,17.000000,0.683333
0.062500,0.649924,1.740741,24.608129,1.683333,16.000000,0.635135
0.083333,0.218310,2.114286,21.856721,1.840580,24.000000,0.678899
0.083333,1.000000,1.600000,5.909340,1.636364,12.000000,0.615385
0.043478,0.066068,2.692308,22.702701,2.004032,32.000000,0.729167
0.043478,0.101941,1.888889,24.766315,1.913043,23.000000,0.653846
0.038462,1.000000,1.104478,27.535296,2.008547,27.000000,0.524823
0.038462,0.180126,1.795918,9.571850,2.037879,33.000000,0.642336
0.166667,0.537353,6.200000,25.657615,1.647059,18.000000,0.861111
0.166667,0.285456,2.000000,21.061809,1.333333,6.000000,0.666667
0.125000,0.258603,2.555556,26.720197,1.834409,31.000000,0.718750
0.125000,0.188008,19.000000,27.205919,1.321429,8.000000,0.950000
0.111111,0.531717,1.578947,15.508595,1.670330,14.000000,0.612245
0.071429,0.452967,1.666667,14.125224,1.670330,14.000000,0.625000
0.071429,0.091378,2.263158,23.641570,1.836923,26.000000,0.693548
0.083333,0.085862,1.733333,25.049284,1.853755,23.000000,0.634146
0.083333,1.000000,1.600000,5.909340,1.636364,12.000000,0.615385
0.066667,0.235931,2.382353,25.007643,1.679842,23.000000,0.704348
0.066667,0.270718,1.400000,24.011652,1.808333,16.000000,0.583333
0.200000,0.080178,5.187500,25.048627,1.851449,24.000000,0.838384
0.125000,0.830824,1.666667,10.505761,1.733333,10.000000,0.625000
0.125000,0.021570,3.000000,22.981519,1.798942,28.000000,0.750000
0.166667,0.090909,4.500000,19.175876,1.400000,6.000000,0.818182
0.166667,0.001430,2.040000,25.511130,1.691176,17.000000,0.671053
0.200000,0.018470,2.790698,24.171240,1.798942,28.000000,0.736196
0.200000,0.185202,2.545455,26.341366,1.666667,13.000000,0.717949
0.200000,0.101558,2.428571,25.384221,1.628205,13.000000,0.708333
0.200000,0.020401,1.343284,17.165364,2.008602,31.000000,0.573248
0.076923,0.029844,2.151515,25.592419,1.802372,23.000000,0.682692
0.125000,0.176471,1.300000,14.663699,1.607143,8.000000,0.565217
0.200000,0.380226,2.060000,14.021222,2.036508,36.000000,0.673203
0.200000,0.045977,1.666667,29.655372,1.500000,5.000000,0.625000
0.041667,0.230117,2.523810,22.417457,2.030303,33.000000,0.716216
0.041667,1.000000,1.553191,8.106310,1.735507,24.000000,0.608333
0.038462,0.118975,1.541667,14.694603,2.034139,38.000000,0.606557
0.038462,0.099926,2.000000,25.301286,1.836923,26.000000,0.666667
0.038462,0.554070,1.343284,17.165364,2.008602,31.000000,0.573248
0.038462,0.076991,2.000000,25.514908,1.836923,26.000000,0.666667
0.083333,0.207425,2.085714,27.436577,1.880435,24.000000,0.675926
0.083333,0.617758,3.090909,15.187889,1.575758,12.000000,0.755556
0.058824,0.139909,2.150000,23.963992,1.836923,26.000000,0.682540
0.111111,0.179287,2.555556,16.658944,1.361111,9.000000,0.718750
0.090909,0.148529,2.483871,21.768340,1.829710,24.000000,0.712963
0.090909,0.021739,2.500000,21.154335,1.636364,11.000000,0.714286
0.200000,0.661250,12.250000,22.861435,1.483516,14.000000,0.924528
0.100000,0.173744,3.500000,22.135534,2.044444,10.000000,0.777778
0.100000,0.065656,2.257143,24.391657,2.058201,28.000000,0.692982
0.166667,0.039658,1.918919,23.943109,1.934783,24.000000,0.657407
0.076923,0.027880,4.419355,23.710019,1.755793,34.000000,0.815476
0.076923,0.383684,1.129032,20.069660,1.589744,13.000000,0.530303
0.052632,0.985289,2.675676,24.630180,1.932308,26.000000,0.727941
0.052632,0.130437,1.514286,22.484232,1.871345,19.000000,0.602273
0.030303,0.041763,1.561644,24.276547,1.967803,33.000000,0.609626
0.030303,0.481616,1.402778,19.442838,1.971591,33.000000,0.583815
0.142857,0.500399,2.615385,22.395500,1.679487,13.000000,0.723404
0.083333,0.782756,2.083333,25.260438,1.742424,12.000000,0.675676
0.083333,0.163819,1.400000,24.011652,1.808333,16.000000,0.583333
0.142857,0.004715,1.777778,14.279640,1.238095,7.000000,0.640000
0.142857,0.471875,1.875000,28.259584,1.464286,8.000000,0.652174
0.066667,0.123499,1.561644,23.989931,1.967803,33.000000,0.609626
0.066667,0.201200,1.789474,27.286300,1.752381,15.000000,0.641509
0.250000,0.859493,1.888889,24.987790,1.428571,8.000000,0.653846
0.166667,0.010325,2.333333,21.542747,1.535714,8.000000,0.700000
0.166667,0.525268,2.200000,19.781643,1.266667,6.000000,0.687500
0.166667,0.201783,3.000000,25.333333,1.400000,6.000000,0.750000
0.166667,0.490745,2.200000,17.804465,1.266667,6.000000,0.687500
0.166667,0.240823,3.000000,25.333333,1.400000,6.000000,0.750000
0.166667,0.490745,2.200000,17.804465,1.266667,6.000000,0.687500
0.125000,1.000000,1.300000,14.021337,1.607143,8.000000,0.565217
0.125000,0.001819,2.135135,23.052883,2.058201,28.000000,0.681034
0.166667,0.257841,2.333333,21.542747,1.535714,8.000000,0.700000
0.166667,0.052316,3.000000,26.585391,1.400000,6.000000,0.750000
0.166667,0.257841,2.333333,21.542747,1.535714,8.000000,0.700000
0.166667,0.014568,3.000000,26.585391,1.400000,6.000000,0.750000
0.250000,0.550095,3.333333,24.354962,1.910873,34.000000,0.769231
0.125000,1.000000,1.300000,14.021337,1.607143,8.000000,0.565217
0.125000,0.102180,1.888889,26.551695,1.691176,17.000000,0.653846
0.125000,0.509279,1.312500,19.006035,1.727273,12.000000,0.567568
0.166667,0.917552,2.333333,26.619939,1.533333,6.000000,0.700000
0.076923,0.168288,1.600000,23.152767,1.602564,13.000000,0.615385
0.076923,0.047484,2.555556,13.821924,1.782051,13.000000,0.718750
0.125000,0.089877,3.588235,28.941115,1.551471,17.000000,0.782051
0.050000,0.005314,3.176471,21.479899,1.957143,21.000000,0.760563
0.066667,0.210068,2.523810,22.417457,2.030303,33.000000,0.716216
0.076923,0.004405,2.851852,27.131700,1.829710,24.000000,0.740385
0.076923,0.630704,2.642857,18.867036,1.628205,13.000000,0.725490
0.058824,0.217522,3.411765,21.905913,1.573529,17.000000,0.773333
0.052632,0.042526,2.775000,21.952087,2.211876,39.000000,0.735099
0.052632,0.024187,2.775000,21.952087,2.211876,39.000000,0.735099
0.031250,0.000000,1.705882,26.011413,1.909274,32.000000,0.630435
0.200000,0.883787,1.666667,30.000000,1.500000,5.000000,0.625000
0.200000,0.356991,1.519481,19.417827,2.036437,39.000000,0.603093
0.090909,0.103972,2.500000,22.702299,1.636364,11.000000,0.714286
0.200000,0.300478,2.333333,12.653486,1.300000,5.000000,0.700000
0.142857,0.253924,1.962963,20.652688,1.797386,18.000000,0.662500
0.040000,0.059285,3.818182,26.638814,1.900000,25.000000,0.792453
0.040000,0.356991,1.519481,19.417827,2.036437,39.000000,0.603093
0.031250,0.356991,1.519481,19.417827,2.036437,39.000000,0.603093
0.031250,0.084254,1.561644,24.819271,1.967803,33.000000,0.609626
0.142857,0.229381,2.300000,29.490623,1.802151,31.000000,0.696970
0.166667,0.008065,3.250000,26.686423,1.581818,11.000000,0.764706
0.050000,0.296534,1.627907,24.121790,1.736842,20.000000,0.619469
0.050000,0.016348,3.652174,27.309261,1.900000,25.000000,0.785047
0.125000,0.241658,2.500000,23.033571,2.004032,32.000000,0.714286
0.125000,0.099912,2.775000,21.952087,2.211876,39.000000,0.735099
0.100000,0.089068,2.024390,26.070964,2.131034,30.000000,0.669355
0.125000,0.123215,2.775000,21.952087,2.211876,39.000000,0.735099
0.052632,0.038934,3.818182,25.699399,1.900000,25.000000,0.792453
0.052632,0.067643,1.514286,22.143072,1.871345,19.000000,0.602273
0.200000,0.358150,1.133333,24.885418,1.666667,10.000000,0.531250
0.090909,0.105048,3.250000,28.238749,1.581818,11.000000,0.764706
0.090909,0.015392,2.346939,25.722303,1.917679,39.000000,0.701220
0.166667,0.271125,1.530120,21.901572,2.031707,41.000000,0.604762
0.166667,0.008547,2.666667,26.491136,1.466667,6.000000,0.727273
0.076923,0.092849,1.631579,23.114644,1.823810,21.000000,0.620000
0.035714,0.271125,1.530120,21.901572,2.031707,41.000000,0.604762
0.035714,0.085370,3.576923,26.610365,1.976190,28.000000,0.781513
0.031250,0.271125,1.530120,21.901572,2.031707,41.000000,0.604762
0.031250,0.013985,1.633803,27.542854,1.909274,32.000000,0.620321
0.052632,0.015053,1.561644,23.989931,1.967803,33.000000,0.609626
0.052632,0.225661,1.571429,18.960827,1.771930,19.000000,0.611111
0.111111,0.675193,3.800000,22.754204,1.472222,9.000000,0.791667
0.100000,0.446062,3.222222,21.423882,1.355556,10.000000,0.763158
0.100000,0.225661,1.571429,18.960827,1.771930,19.000000,0.611111
0.117647,0.820874,2.666667,24.439757,1.798942,28.000000,0.727273
0.111111,0.325924,2.500000,27.747016,1.444444,9.000000,0.714286
0.043478,0.043466,1.373494,27.353342,1.825397,28.000000,0.578680
0.043478,0.127232,1.965517,19.240008,2.007905,23.000000,0.662791
0.071429,0.573082,3.000000,26.261389,1.840000,25.000000,0.750000
0.071429,0.672388,2.933333,18.203478,1.604396,14.000000,0.745763
0.045455,0.034277,3.913043,29.296495,1.923077,27.000000,0.796460
0.100000,0.474721,1.266667,21.627882,1.644444,10.000000,0.558824
0.100000,0.323948,1.764706,26.742689,1.700000,20.000000,0.638298
0.100000,0.432906,1.266667,19.882995,1.644444,10.000000,0.558824
0.100000,0.223951,1.838710,27.602497,1.633987,18.000000,0.647727
0.142857,0.011628,2.000000,26.144133,1.428571,7.000000,0.666667
0.166667,0.708024,2.400000,26.187422,1.666667,16.000000,0.705882
0.111111,0.913073,1.189189,26.538685,1.810458,18.000000,0.543210
0.222222,0.511160,1.426471,25.914332,1.849231,26.000000,0.587879
0.173913,0.791703,2.071429,26.344422,1.666667,12.000000,0.674419
0.111111,0.201970,2.250000,24.306906,1.583333,9.000000,0.692308
0.111111,0.355231,1.764706,26.742689,1.700000,20.000000,0.638298
0.125000,0.254058,3.092593,26.485185,2.078261,46.000000,0.755656
0.100000,0.323755,2.139535,26.133647,1.917989,28.000000,0.681481
0.100000,0.355231,1.764706,26.742689,1.700000,20.000000,0.638298
0.181818,1.000000,1.106383,13.063856,1.919048,21.000000,0.525253
0.181818,0.750318,5.000000,14.327046,1.444444,9.000000,0.833333
0.125000,0.230733,3.092593,26.485185,2.078261,46.000000,0.755656
0.125000,0.192875,1.900000,26.299729,1.633987,18.000000,0.655172
0.125000,0.092076,2.428571,23.083827,1.428571,8.000000,0.708333
0.125000,0.077329,3.000000,26.393664,2.077419,31.000000,0.750000
0.142857,0.345850,2.477273,22.625268,1.746667,25.000000,0.712418
0.142857,0.250000,2.285714,14.118592,1.238095,7.000000,0.695652
0.142857,0.073900,1.493976,27.082829,1.978151,35.000000,0.599034
0.071429,0.215544,1.789474,26.902967,1.752381,15.000000,0.641509
0.071429,0.231587,1.514286,22.143072,1.871345,19.000000,0.602273
0.100000,0.557585,2.851852,26.923030,1.911681,27.000000,0.740385
0.100000,0.498812,2.851852,26.923030,1.911681,27.000000,0.740385
0.166667,0.212439,2.736842,25.477886,2.067736,34.000000,0.732394
0.181818,0.319897,2.545455,25.541530,1.666667,13.000000,0.717949
0.100000,0.237790,4.695652,22.436894,1.733990,29.000000,0.824427
0.035714,0.004184,2.440000,28.582044,1.817734,29.000000,0.709302
0.250000,0.017953,1.857143,10.939046,1.607143,8.000000,0.650000
0.055556,0.017410,1.493976,27.082829,1.978151,35.000000,0.599034
0.055556,1.000000,1.740741,21.500701,1.692810,18.000000,0.635135
0.055556,1.000000,1.740741,21.500701,1.692810,18.000000,0.635135
0.055556,0.657932,1.469697,25.906161,2.047348,33.000000,0.595092
0.100000,0.502066,1.416667,19.366258,1.711111,10.000000,0.586207
0.055556,1.000000,1.740741,21.500701,1.692810,18.000000,0.635135
0.055556,0.020200,2.489796,28.412184,1.817734,29.000000,0.713450
0.200000,0.596685,1.750000,9.052974,1.300000,5.000000,0.636364
0.142857,0.832236,2.125000,24.786245,1.428571,8.000000,0.680000
0.200000,0.714865,2.391304,27.069169,1.932806,23.000000,0.705128
0.142857,0.002227,1.266667,19.882995,1.644444,10.000000,0.558824
0.142857,0.363399,2.105263,27.481034,1.840000,25.000000,0.677966
0.200000,0.672282,2.391304,27.069169,1.932806,23.000000,0.705128
0.090909,0.294686,2.135135,23.052883,2.058201,28.000000,0.681034
0.090909,0.209081,2.047619,25.082187,1.836923,26.000000,0.671875
0.076923,0.228781,3.000000,24.226816,2.025641,13.000000,0.750000
0.076923,0.385729,2.051282,28.156460,1.840000,25.000000,0.672269
0.111111,0.140737,2.348837,27.520985,1.903226,31.000000,0.701389
0.166667,0.505496,3.600000,15.179100,1.604396,14.000000,0.782609
0.090909,0.569401,2.090909,17.016624,1.581818,11.000000,0.676471
0.090909,0.790526,1.714286,24.051261,1.960000,25.000000,0.631579
0.166667,0.235073,1.644444,21.176339,2.050505,45.000000,0.621849
0.166667,0.739472,2.666667,27.648749,1.466667,6.000000,0.727273
0.142857,0.825684,2.250000,26.922901,1.777778,18.000000,0.692308
0.034483,0.161871,2.911765,27.194091,2.077419,31.000000,0.744361
0.034483,0.235073,1.644444,21.176339,2.050505,45.000000,0.621849
0.029412,0.180303,1.493976,27.082829,1.978151,35.000000,0.599034
0.029412,0.235073,1.644444,21.176339,2.050505,45.000000,0.621849
0.035714,0.520267,2.611111,17.238620,1.973545,28.000000,0.723077
0.166667,0.592051,1.714286,25.612278,1.836842,20.000000,0.631579
0.083333,0.177391,3.000000,27.167799,1.957143,21.000000,0.750000
0.083333,0.415701,1.632353,21.709622,1.826211,27.000000,0.620112
0.125000,0.173866,4.750000,24.142785,1.357143,8.000000,0.826087
0.142857,0.494725,2.520000,24.528674,1.668421,20.000000,0.715909
0.066667,0.520371,2.214286,25.526027,1.829060,27.000000,0.688889
0.066667,0.279699,4.166667,22.414443,1.561905,15.000000,0.806452
0.250000,0.754918,1.640000,28.032931,1.935829,34.000000,0.621212
0.111111,0.333333,1.615385,14.369397,1.416667,9.000000,0.617647
0.111111,0.720386,1.722222,27.544319,1.978151,35.000000,0.632653
0.027027,0.327387,1.639175,22.444681,2.046253,47.000000,0.621094
0.027027,0.608493,1.902778,26.677799,1.963964,37.000000,0.655502
0.105263,0.647605,1.873239,26.956941,1.965079,36.000000,0.651961
0.105263,0.151782,1.533333,25.551227,1.842105,19.000000,0.605263
0.111111,0.060856,3.400000,24.123307,1.583333,9.000000,0.772727
0.200000,0.691335,5.866667,25.766211,1.863333,25.000000,0.854369
0.250000,0.870670,1.700000,21.756544,1.527778,9.000000,0.629630
0.250000,0.085482,2.538462,25.443996,1.703297,14.000000,0.717391
0.142857,0.798441,1.812500,22.523234,1.621212,12.000000,0.644444
0.090909,0.286596,1.645161,21.758225,2.054106,46.000000,0.621951
0.090909,0.048270,1.785714,23.375892,1.618182,11.000000,0.641026
0.166667,0.048270,1.785714,23.375892,1.618182,11.000000,0.641026
0.111111,0.085969,3.176471,21.479899,1.957143,21.000000,0.760563
0.111111,0.105212,1.461538,20.502616,1.833333,12.000000,0.593750
0.100000,1.000000,2.440000,27.515169,1.833333,21.000000,0.709302
0.100000,0.719335,2.083333,20.849736,1.488889,10.000000,0.675676
0.166667,0.015075,2.363636,23.445206,1.760234,19.000000,0.702703
0.166667,0.535811,2.541667,15.795151,1.876812,24.000000,0.717647
0.090909,0.043355,1.526316,24.998718,1.712418,18.000000,0.604167
0.090909,0.476473,2.750000,23.257435,1.654545,11.000000,0.733333
0.142857,0.031811,2.526316,25.921133,2.014113,32.000000,0.716418
0.034483,0.007613,4.720930,25.976621,1.873171,41.000000,0.825203
0.034483,0.117763,2.473684,29.291127,2.000000,29.000000,0.712121
0.100000,0.639531,2.592593,29.049348,1.608187,19.000000,0.721649
0.090909,0.669989,1.631579,22.597461,1.990476,21.000000,0.620000
0.083333,0.236794,1.529412,23.214003,1.696970,12.000000,0.604651
0.052632,0.006751,1.615385,23.987477,1.988604,27.000000,0.617647
0.052632,0.004115,1.352941,27.462695,1.842105,19.000000,0.575000
0.142857,0.283519,1.636364,12.328461,1.600000,10.000000,0.620690
0.142857,0.766324,1.777778,19.083801,1.238095,7.000000,0.640000
0.250000,0.061379,2.125000,20.087361,1.527778,9.000000,0.680000
0.142857,0.065907,5.344828,25.914202,1.759470,33.000000,0.842391
0.250000,0.444790,4.500000,17.155539,1.400000,6.000000,0.818182
0.083333,0.132115,2.187500,29.869386,1.608187,19.000000,0.686275
0.052632,0.798734,2.363636,23.445206,1.760234,19.000000,0.702703
0.052632,0.112067,2.538462,18.186920,1.870000,25.000000,0.717391
0.111111,0.859454,2.833333,22.875835,1.705882,18.000000,0.739130
0.111111,0.302496,1.473684,22.763557,1.743590,13.000000,0.595745
0.200000,0.872933,1.750000,24.954682,1.300000,5.000000,0.636364
0.037037,0.064745,3.600000,28.984795,1.923077,27.000000,0.782609
0.083333,0.426828,3.407407,23.896511,2.304435,32.000000,0.773109
0.100000,0.040674,3.285714,27.370850,1.909677,31.000000,0.766667
0.100000,0.876343,2.285714,27.673097,2.066667,10.000000,0.695652
0.200000,0.872933,1.750000,24.954682,1.300000,5.000000,0.636364
0.037037,0.064745,3.600000,28.984795,1.923077,27.000000,0.782609
0.125000,0.107447,3.033333,29.893956,1.952381,28.000000,0.752066
0.125000,0.241755,1.750000,29.608756,1.500000,8.000000,0.636364
0.083333,0.462648,1.916667,28.577533,1.651515,12.000000,0.657143
0.083333,0.426828,3.407407,23.896511,2.304435,32.000000,0.773109
0.052632,0.415426,2.309524,28.796359,1.804435,32.000000,0.697842
0.125000,0.470710,2.400000,13.876733,1.533333,10.000000,0.705882
0.100000,0.280331,1.562500,23.522726,1.488889,10.000000,0.609756
0.125000,0.131349,1.639175,22.444681,2.046253,47.000000,0.621094
0.125000,0.581751,4.000000,22.867294,1.571429,8.000000,0.800000
0.018868,0.014184,2.704225,26.380018,2.752597,56.000000,0.730038
0.018868,0.405244,2.043956,25.524638,2.078374,53.000000,0.671480
0.037037,0.131349,1.639175,22.444681,2.046253,47.000000,0.621094
0.037037,0.274614,2.764706,28.822305,2.000000,29.000000,0.734375
0.250000,0.127534,2.640000,15.734261,1.870000,25.000000,0.725275
0.200000,0.031796,2.250000,23.557992,1.763636,11.000000,0.692308
0.045455,0.253545,3.625000,25.803298,1.897479,35.000000,0.783784
0.076923,0.117241,1.777778,23.043254,1.758242,14.000000,0.640000
0.100000,0.572755,2.555556,26.314249,1.488889,10.000000,0.718750
0.100000,0.141184,4.703704,25.753526,1.775862,29.000000,0.824675
0.100000,0.722195,5.000000,25.768322,1.488889,10.000000,0.833333
0.100000,0.194794,1.857143,26.214968,1.801136,33.000000,0.650000
0.083333,0.025641,2.000000,23.341537,1.636364,12.000000,0.666667
0.071429,0.087831,2.904762,26.218347,2.233333,25.000000,0.743902
0.125000,0.292471,3.000000,22.208242,1.357143,8.000000,0.750000
0.037037,0.412053,3.625000,25.986787,1.897479,35.000000,0.783784
0.142857,0.056180,4.500000,22.079724,1.714286,7.000000,0.818182
0.071429,0.019572,1.777778,23.774690,1.758242,14.000000,0.640000
0.250000,0.197971,1.777778,23.043254,1.758242,14.000000,0.640000
0.076923,0.040414,2.727273,28.290558,2.188406,24.000000,0.731707
0.076923,0.269633,1.928571,22.615288,1.782051,13.000000,0.658537
0.200000,0.126429,2.333333,27.376856,1.533333,6.000000,0.700000
0.125000,0.507506,2.187500,29.658419,1.608187,19.000000,0.686275
0.125000,0.972489,1.545455,21.360554,1.392857,8.000000,0.607143
0.100000,0.117833,2.704225,26.380018,2.752597,56.000000,0.730038
0.111111,0.695839,3.689655,23.450545,2.522523,37.000000,0.786765
0.111111,0.104118,2.704225,26.380018,2.752597,56.000000,0.730038
0.100000,0.104118,2.704225,26.380018,2.752597,56.000000,0.730038
0.142857,0.896000,1.588235,26.428393,1.790850,18.000000,0.613636
0.111111,0.082430,1.533333,25.551227,1.842105,19.000000,0.605263
0.250000,0.067961,6.000000,21.310296,1.000000,4.000000,0.857143
0.250000,0.949634,2.000000,27.251220,1.333333,4.000000,0.666667
0.125000,1.000000,1.555556,19.410002,1.571429,8.000000,0.608696
0.125000,0.044541,4.367347,26.338800,1.970048,46.000000,0.813688
0.021277,0.110409,2.737500,28.612323,2.798115,64.000000,0.732441
0.021277,0.011854,4.192308,27.014411,1.972248,47.000000,0.807407
0.021277,0.011854,4.192308,27.014411,1.972248,47.000000,0.807407
0.021277,0.140803,2.737500,28.612323,2.798115,64.000000,0.732441
0.142857,0.491970,2.295455,27.216314,2.018939,33.000000,0.696552
0.083333,0.133950,4.720930,25.976621,1.873171,41.000000,0.825203
0.083333,0.371635,1.916667,28.498324,1.651515,12.000000,0.657143
0.166667,0.453377,1.916667,28.516526,1.581818,11.000000,0.657143
0.166667,0.809599,2.666667,19.098916,1.533333,6.000000,0.727273
0.062500,1.000000,1.518519,25.585938,1.775000,16.000000,0.602941
0.062500,0.020093,3.000000,20.959163,1.912698,28.000000,0.750000
0.076923,0.852817,2.611111,17.238620,1.973545,28.000000,0.723077
0.200000,0.482119,2.200000,20.997386,1.607143,8.000000,0.687500
0.022222,0.362804,2.707317,29.122499,2.798558,65.000000,0.730263
0.022222,0.035222,4.340000,27.829315,1.942995,46.000000,0.812734
0.142857,0.249815,3.714286,19.832066,1.600000,11.000000,0.787879
0.083333,0.620038,1.527273,24.752306,1.988604,27.000000,0.604317
0.083333,0.437193,1.533333,24.005862,1.742424,12.000000,0.605263
0.022222,0.035222,4.340000,27.829315,1.942995,46.000000,0.812734
0.022222,0.350949,2.707317,29.122499,2.798558,65.000000,0.730263
0.083333,0.332733,1.437500,26.755488,1.742424,12.000000,0.589744
0.083333,0.147895,2.704225,26.380018,2.752597,56.000000,0.730038
0.052632,0.322918,1.352941,28.958233,1.842105,19.000000,0.575000
0.052632,0.147895,2.704225,26.380018,2.752597,56.000000,0.730038
0.052632,0.444001,1.684211,24.071553,2.016092,30.000000,0.627451
0.052632,0.319286,1.352941,28.877540,1.842105,19.000000,0.575000
0.250000,0.626827,1.800000,28.841854,1.666667,7.000000,0.642857
0.250000,0.038300,3.100000,29.915346,1.768421,20.000000,0.756098
0.250000,0.502798,1.800000,28.841854,1.666667,7.000000,0.642857
0.142857,0.568122,3.000000,29.023810,1.935961,29.000000,0.750000
0.142857,1.000000,1.631579,22.597461,1.990476,21.000000,0.620000
0.142857,0.112002,2.196078,22.410373,2.133690,34.000000,0.687117
0.166667,0.033652,1.294118,22.750067,1.696970,12.000000,0.564103
0.071429,0.300664,2.363636,29.096253,1.714286,14.000000,0.702703
0.071429,0.222177,2.333333,25.289532,1.681319,14.000000,0.700000
0.142857,0.143464,1.631579,22.597461,1.990476,21.000000,0.620000
0.125000,0.221531,1.447368,28.175761,1.828571,21.000000,0.591398
0.125000,0.002398,2.454545,28.313471,2.830642,70.000000,0.710526
0.125000,0.022807,2.454545,28.313471,2.830642,70.000000,0.710526
0.100000,0.570779,4.000000,21.208445,1.644444,10.000000,0.800000
0.100000,0.352979,3.689655,23.450545,2.522523,37.000000,0.786765
0.064516,0.941048,2.458333,28.530624,1.909388,50.000000,0.710843
0.064516,0.638419,1.275862,18.593361,1.843011,31.000000,0.560606
0.142857,0.172638,1.435897,24.556865,1.877470,23.000000,0.589474
0.111111,0.054432,2.707317,29.122499,2.798558,65.000000,0.730263
0.100000,0.736156,1.814815,24.642934,1.713450,19.000000,0.644737
0.100000,0.540525,6.250000,18.196410,1.444444,10.000000,0.862069
0.111111,0.359600,2.454545,28.313471,2.830642,70.000000,0.710526
0.071429,0.308163,2.363636,29.225990,1.714286,14.000000,0.702703
0.071429,0.202860,3.898305,26.957096,1.990646,49.000000,0.795848
0.111111,0.000000,1.575000,27.057914,1.873518,23.000000,0.611650
0.200000,0.942173,2.630769,26.789396,1.910714,49.000000,0.724576
0.027778,0.907375,2.285714,27.122638,1.822222,36.000000,0.695652
0.027778,0.186594,3.500000,25.686093,1.828610,39.000000,0.777778
0.111111,0.048714,2.707317,29.122499,2.798558,65.000000,0.730263
0.050000,0.285518,3.875000,27.608286,1.768421,20.000000,0.794872
0.050000,0.884876,2.322034,27.522749,1.914729,43.000000,0.698980
0.090909,0.821822,2.888889,28.664359,1.581818,11.000000,0.742857
0.090909,0.915229,2.283019,25.724237,1.914103,40.000000,0.695402
0.071429,0.947073,2.671875,26.460727,1.910714,49.000000,0.727660
0.071429,0.376920,1.941176,25.545294,1.838095,15.000000,0.660000
0.066667,0.008589,2.076923,26.434866,1.812821,40.000000,0.675000
0.066667,0.312794,3.153846,23.073838,1.695238,15.000000,0.759259
0.111111,0.864626,2.166667,27.279949,1.915215,42.000000,0.684211
0.111111,0.661309,1.875000,22.906228,1.583333,9.000000,0.652174
0.083333,0.239583,1.352941,29.728647,1.742424,12.000000,0.575000
0.083333,0.091757,2.454545,28.313471,2.830642,70.000000,0.710526
0.052632,0.322306,1.516129,13.937058,1.766082,19.000000,0.602564
0.052632,0.040816,1.411765,19.241835,1.789474,20.000000,0.585366
0.071429,0.180980,2.196078,22.410373,2.133690,34.000000,0.687117
0.071429,1.000000,1.619048,26.276273,1.714286,14.000000,0.618182
0.083333,0.231778,1.352941,29.627987,1.742424,12.000000,0.575000
0.083333,0.180980,2.196078,22.410373,2.133690,34.000000,0.687117
0.083333,0.258090,2.857143,27.881506,2.188406,24.000000,0.740741
0.142857,0.007287,4.118644,26.036770,1.999216,51.000000,0.804636
0.250000,0.034188,2.000000,30.000000,1.000000,4.000000,0.666667
0.111111,0.600000,1.736842,23.060881,1.641026,13.000000,0.634615
0.083333,0.023275,2.454545,28.313471,2.830642,70.000000,0.710526
0.083333,0.239583,1.352941,29.728647,1.742424,12.000000,0.575000
0.047619,0.575987,2.620690,27.552793,1.657143,21.000000,0.723810
0.047619,0.180980,2.196078,22.410373,2.133690,34.000000,0.687117
0.125000,0.429171,2.487179,27.254930,1.896552,30.000000,0.713235
0.100000,0.194998,2.111111,19.737956,1.577778,10.000000,0.678571
0.066667,0.162117,1.590909,28.185410,1.830882,17.000000,0.614035
0.050000,0.049057,2.507692,26.076771,1.939092,43.000000,0.714912
0.050000,0.038927,1.575000,27.393705,1.873518,23.000000,0.611650
0.083333,0.075492,1.500000,26.384921,1.947712,18.000000,0.600000
0.100000,0.239320,1.950000,22.139196,1.901961,18.000000,0.661017
0.166667,0.107242,11.000000,28.330945,1.266667,6.000000,0.916667
0.083333,0.408285,1.620690,15.857093,1.766082,19.000000,0.618421
0.090909,0.968051,12.250000,22.861435,1.483516,14.000000,0.924528
0.100000,0.795651,1.571429,17.059587,1.555556,10.000000,0.611111
0.100000,0.027873,2.346667,23.093896,2.204898,50.000000,0.701195
0.100000,0.384597,1.800000,10.178295,1.600000,10.000000,0.642857
0.047619,0.719677,2.454545,28.313471,2.830642,70.000000,0.710526
0.047619,0.340266,1.447368,28.336369,1.828571,21.000000,0.591398
0.047619,0.340266,1.447368,28.336369,1.828571,21.000000,0.591398
0.047619,0.117621,2.454545,28.313471,2.830642,70.000000,0.710526
0.076923,0.182945,2.454545,28.313471,2.830642,70.000000,0.710526
0.076923,0.042393,2.166667,27.155041,1.666667,13.000000,0.684211
0.047619,0.340266,1.447368,28.336369,1.828571,21.000000,0.591398
0.047619,0.182945,2.454545,28.313471,2.830642,70.000000,0.710526
0.076923,0.719677,2.454545,28.313471,2.830642,70.000000,0.710526
0.076923,0.042393,2.166667,27.155041,1.666667,13.000000,0.684211
0.076923,0.042393,2.166667,27.155041,1.666667,13.000000,0.684211
0.076923,0.117621,2.454545,28.313471,2.830642,70.000000,0.710526
0.050000,0.119573,2.136364,25.476445,1.910526,20.000000,0.681159
0.050000,0.122023,2.372549,19.448842,1.854167,33.000000,0.703488
0.050000,0.119573,2.136364,25.476445,1.910526,20.000000,0.681159
0.050000,0.078171,2.346667,23.093896,2.204898,50.000000,0.701195
0.250000,0.051834,1.657895,27.910395,1.873518,23.000000,0.623762
0.100000,0.028710,1.657895,28.089692,1.873518,23.000000,0.623762
0.100000,0.208118,2.311321,29.689428,2.846278,71.000000,0.698006
0.111111,0.190834,2.153846,24.906411,1.790476,15.000000,0.682927
0.111111,0.587171,1.571429,14.188366,1.555556,10.000000,0.611111
0.100000,0.104593,2.311321,29.689428,2.846278,71.000000,0.698006
0.125000,0.072909,4.275862,27.657731,1.934694,50.000000,0.810458
0.100000,0.331069,2.311321,29.689428,2.846278,71.000000,0.698006
0.083333,1.000000,2.500000,28.811509,1.772727,12.000000,0.714286
0.083333,0.328934,2.000000,27.468253,1.743333,25.000000,0.666667
0.034483,0.040237,2.218182,27.598225,1.778325,29.000000,0.689266
0.034483,0.037433,2.527778,28.304329,1.937931,30.000000,0.716535
0.034483,0.060118,2.218182,27.598225,1.778325,29.000000,0.689266
0.034483,0.037433,2.527778,28.304329,1.937931,30.000000,0.716535
0.083333,1.000000,2.500000,28.811509,1.772727,12.000000,0.714286
0.083333,0.084663,2.000000,27.468253,1.743333,25.000000,0.666667
0.250000,0.054054,1.750000,21.517915,1.300000,5.000000,0.636364
0.071429,0.046486,2.238095,29.745199,2.730288,65.000000,0.691176
0.071429,0.008156,1.208333,27.295711,1.802198,14.000000,0.547170
0.071429,0.145809,2.238095,29.745199,2.730288,65.000000,0.691176
0.071429,0.008156,1.208333,27.295711,1.802198,14.000000,0.547170
0.071429,0.103163,2.238095,29.745199,2.730288,65.000000,0.691176
0.071429,0.008156,1.208333,27.295711,1.802198,14.000000,0.547170
0.142857,0.441132,1.533333,24.992831,1.742424,12.000000,0.605263
0.166667,0.229024,2.200000,22.716215,1.848485,12.000000,0.687500
0.022727,0.183375,2.523077,27.938808,1.949260,44.000000,0.716157
0.022727,0.222988,2.155963,29.838292,2.730288,65.000000,0.683140
0.111111,0.623397,2.333333,29.194907,2.846278,71.000000,0.700000
0.039216,0.510635,2.454545,28.313471,2.830642,70.000000,0.710526
0.039216,0.404981,4.050000,26.376964,1.999216,51.000000,0.801980
0.111111,0.361527,2.333333,29.194907,2.846278,71.000000,0.700000
0.125000,0.214292,2.136364,29.914642,2.730288,65.000000,0.681159
0.166667,0.066485,4.636364,25.019883,1.995671,22.000000,0.822581
0.125000,0.119337,2.136364,29.914642,2.730288,65.000000,0.681159
0.039216,0.866682,2.454545,28.313471,2.830642,70.000000,0.710526
0.039216,0.404981,4.050000,26.376964,1.999216,51.000000,0.801980
0.125000,0.224033,2.136364,29.914642,2.730288,65.000000,0.681159
0.022727,0.183375,2.523077,27.938808,1.949260,44.000000,0.716157
0.022727,0.176397,2.155963,29.838292,2.730288,65.000000,0.683140
0.111111,0.502101,2.333333,29.194907,2.846278,71.000000,0.700000
0.022727,0.183375,2.523077,27.938808,1.949260,44.000000,0.716157
0.022727,0.232689,2.155963,29.838292,2.730288,65.000000,0.683140
0.039216,0.404981,4.050000,26.376964,1.999216,51.000000,0.801980
0.039216,0.421289,2.454545,28.313471,2.830642,70.000000,0.710526
0.250000,0.574200,2.500000,26.383794,1.571429,7.000000,0.714286
0.090909,0.000767,1.789474,27.682305,1.869565,24.000000,0.641509
0.142857,0.697922,1.666667,21.957294,1.523810,7.000000,0.625000
0.142857,0.470763,2.931034,24.791164,1.948276,29.000000,0.745614
0.166667,0.088044,3.000000,23.420097,1.809524,15.000000,0.750000
0.166667,0.093596,2.666667,28.403014,1.466667,6.000000,0.727273
0.166667,0.308008,2.200000,22.716215,1.848485,12.000000,0.687500
0.090909,0.304208,2.155963,29.838292,2.730288,65.000000,0.683140
0.090909,0.245841,2.155963,29.838292,2.730288,65.000000,0.683140
0.090909,0.231528,2.155963,29.838292,2.730288,65.000000,0.683140
0.166667,0.013758,2.666667,28.403014,1.466667,6.000000,0.727273
0.166667,0.308008,2.200000,22.716215,1.848485,12.000000,0.687500
0.142857,1.000000,1.404762,28.553814,1.760234,19.000000,0.584158
0.111111,0.753995,1.692308,24.986924,1.600000,11.000000,0.628571
0.142857,0.198029,1.404762,28.553814,1.760234,19.000000,0.584158
0.045455,0.308133,2.606061,23.513556,2.437500,32.000000,0.722689
0.045455,0.225401,3.526316,29.037969,1.839827,22.000000,0.779070
0.045455,0.225401,3.526316,29.037969,1.839827,22.000000,0.779070
0.045455,0.594702,2.606061,23.513556,2.437500,32.000000,0.722689
0.142857,0.389996,1.384615,25.019339,1.685714,15.000000,0.580645
0.142857,0.072755,2.142857,28.786675,1.670330,14.000000,0.681818
0.090909,0.035176,5.285714,26.350176,1.345455,11.000000,0.840909
0.111111,0.830226,1.214286,24.360071,1.666667,10.000000,0.548387
0.111111,0.053064,1.536585,27.711532,1.873518,23.000000,0.605769
0.100000,0.322107,1.833333,25.432319,1.511111,10.000000,0.647059
0.100000,0.252370,2.736842,26.260317,1.952569,23.000000,0.732394
0.125000,0.011583,1.687500,23.697422,1.717949,13.000000,0.627907
0.125000,0.011583,2.230769,28.019608,1.681319,14.000000,0.690476
0.047619,0.066229,3.450000,26.034007,1.728571,21.000000,0.775281
0.047619,0.111865,2.750000,28.354430,2.014141,55.000000,0.733333
0.023256,0.148335,2.013333,29.440116,2.148394,43.000000,0.668142
0.023256,0.111865,2.750000,28.354430,2.014141,55.000000,0.733333
0.047619,0.129121,2.393443,23.738622,1.886202,38.000000,0.705314
0.047619,0.413286,1.529412,19.136193,1.790476,21.000000,0.604651
0.023256,0.111865,2.750000,28.354430,2.014141,55.000000,0.733333
0.023256,0.208102,2.013333,29.440116,2.148394,43.000000,0.668142
0.076923,0.011765,1.846154,16.814305,2.051282,13.000000,0.648649
0.076923,0.458592,1.529412,21.647600,1.790476,21.000000,0.604651
0.023256,0.160370,2.013333,29.440116,2.148394,43.000000,0.668142
0.023256,0.111865,2.750000,28.354430,2.014141,55.000000,0.733333
0.076923,0.005988,1.846154,16.814305,2.051282,13.000000,0.648649
0.076923,0.458592,1.529412,21.647600,1.790476,21.000000,0.604651
0.125000,0.391434,1.600000,27.794528,1.428571,8.000000,0.615385
0.142857,0.371885,3.000000,26.832163,1.576923,13.000000,0.750000
0.142857,0.301968,1.307692,30.000000,1.428571,8.000000,0.566667
0.142857,0.686190,3.647059,28.240333,1.768421,20.000000,0.784810
0.142857,0.199197,1.545455,24.553554,1.428571,8.000000,0.607143
0.200000,0.649302,1.857143,30.000000,1.535714,8.000000,0.650000
0.037037,0.712970,3.034483,26.371768,1.914530,27.000000,0.752137
0.037037,0.053366,1.878788,29.513067,1.753695,29.000000,0.652632
0.037037,0.712970,3.034483,26.371768,1.914530,27.000000,0.752137
0.037037,0.009103,1.878788,29.513067,1.753695,29.000000,0.652632
0.200000,0.649302,1.857143,30.000000,1.535714,8.000000,0.650000
0.034483,0.866837,5.593750,26.954866,1.765079,36.000000,0.848341
0.034483,0.620216,1.711864,27.418412,1.766010,29.000000,0.631250
0.035714,0.286082,2.277778,27.551651,1.708995,28.000000,0.694915
0.035714,0.517545,3.192308,28.322302,1.946667,51.000000,0.761468
0.035714,0.362829,2.277778,27.551651,1.708995,28.000000,0.694915
0.035714,0.517545,3.192308,28.322302,1.946667,51.000000,0.761468
0.020000,0.785747,4.428571,27.267725,1.934694,50.000000,0.815789
0.020000,0.081813,3.298701,26.146269,1.919192,55.000000,0.767372
0.062500,0.422615,2.750000,28.354430,2.014141,55.000000,0.733333
0.062500,0.137806,2.909091,28.078711,1.733333,16.000000,0.744186
0.111111,0.356118,2.666667,28.925479,2.014141,55.000000,0.727273
0.025000,0.365250,1.968254,23.660812,2.257692,40.000000,0.663102
0.025000,0.756458,4.196078,26.811735,1.970048,46.000000,0.807547
0.111111,0.711837,4.133333,27.995884,1.934694,50.000000,0.805195
0.111111,0.331083,1.208333,27.295711,1.802198,14.000000,0.547170
0.125000,0.804061,4.404255,26.733115,1.923588,43.000000,0.814961
0.142857,0.238095,4.500000,20.796935,1.733333,10.000000,0.818182
0.142857,0.201889,5.000000,26.285372,1.619048,7.000000,0.833333
0.200000,0.055644,1.865672,28.970518,1.779310,30.000000,0.651042
0.200000,0.061191,1.865672,28.970518,1.779310,30.000000,0.651042
0.027027,0.964041,2.454545,28.313471,2.830642,70.000000,0.710526
0.027027,0.401184,2.346154,28.028672,2.027027,37.000000,0.701149
0.043478,0.464464,2.523810,22.417457,2.030303,33.000000,0.716216
0.043478,1.000000,1.088235,27.062081,2.008547,27.000000,0.521127
0.020408,0.707344,2.280374,29.242147,2.780948,68.000000,0.695157
0.020408,0.027460,2.836364,27.127376,2.306973,49.000000,0.739336
0.142857,0.249217,1.416667,19.366258,1.711111,10.000000,0.586207
0.142857,0.249217,1.416667,19.366258,1.711111,10.000000,0.586207
0.027027,0.791614,2.704225,26.380018,2.752597,56.000000,0.730038
0.027027,0.002376,3.194444,24.295325,2.253711,39.000000,0.761589
0.066667,0.088685,2.393443,24.346626,1.886202,38.000000,0.705314
0.066667,0.472898,1.428571,22.851310,1.771429,15.000000,0.588235
0.066667,0.472898,1.428571,22.851310,1.771429,15.000000,0.588235
0.066667,0.124941,2.176471,26.757675,2.341089,62.000000,0.685185
0.076923,0.111056,2.629032,27.090951,1.939092,43.000000,0.724444
0.066667,0.028431,2.943396,25.661073,2.306973,49.000000,0.746411
0.066667,0.472898,1.428571,22.851310,1.771429,15.000000,0.588235
0.037037,0.124814,1.767442,26.708601,1.954416,27.000000,0.638655
0.037037,0.079380,1.753425,29.707302,1.886364,33.000000,0.636816
0.111111,0.472898,1.428571,22.851310,1.771429,15.000000,0.588235
0.111111,0.084383,3.600000,25.387941,1.733333,10.000000,0.782609
0.037037,0.124814,1.767442,26.708601,1.954416,27.000000,0.638655
0.037037,0.004139,1.753425,29.707302,1.886364,33.000000,0.636816
0.100000,0.673670,1.833333,25.432319,1.511111,10.000000,0.647059
0.100000,0.472898,1.428571,22.851310,1.771429,15.000000,0.588235
0.043478,0.468846,1.473684,24.308564,1.877470,23.000000,0.595745
0.043478,0.052031,3.142857,26.530263,2.280177,43.000000,0.758621
0.062500,0.211993,1.750000,26.283688,1.720000,25.000000,0.636364
0.062500,0.890298,1.548387,25.795941,2.034274,32.000000,0.607595
0.250000,1.000000,1.089286,14.008215,1.944664,23.000000,0.521368
0.066667,0.316025,3.357143,23.326556,1.692810,18.000000,0.770492
0.032258,0.763302,1.275862,18.593361,1.843011,31.000000,0.560606
0.032258,0.559751,2.346154,27.938254,2.027027,37.000000,0.701149
0.100000,0.598318,2.346154,28.271695,2.027027,37.000000,0.701149
0.100000,1.000000,1.909091,26.193711,1.622222,10.000000,0.656250
0.086957,1.000000,1.120690,25.527130,1.990000,25.000000,0.528455
0.086957,0.588111,2.958333,25.895025,1.883333,25.000000,0.747368
0.052632,0.707967,2.133333,27.325349,2.014113,32.000000,0.680851
0.052632,1.000000,1.631579,22.597461,1.990476,21.000000,0.620000
0.250000,0.254831,2.836364,26.187398,2.306973,49.000000,0.739336
0.029412,0.208427,2.694915,27.252497,2.326531,50.000000,0.729358
0.250000,0.300118,3.103448,29.578421,2.403409,33.000000,0.756303
0.062500,0.026367,3.583333,24.272112,1.766667,16.000000,0.781818
0.062500,0.365622,1.753425,29.707302,1.886364,33.000000,0.636816
0.142857,0.485509,2.250000,13.280103,1.392857,8.000000,0.692308
0.142857,0.625913,2.000000,10.149678,1.238095,7.000000,0.666667
0.062500,0.026367,3.583333,24.272112,1.766667,16.000000,0.781818
0.062500,0.290721,1.753425,29.707302,1.886364,33.000000,0.636816
0.250000,0.433372,2.187500,24.233265,1.681319,14.000000,0.686275
0.250000,0.327365,2.606061,23.513556,2.437500,32.000000,0.722689
0.111111,0.478034,2.219512,29.546329,1.937931,30.000000,0.689394
0.111111,0.343307,1.888889,24.164066,1.527778,9.000000,0.653846
0.076923,0.198739,2.538462,22.171297,1.576923,13.000000,0.717391
0.076923,0.215395,2.565217,26.299049,1.931159,24.000000,0.719512
0.020000,0.139800,3.414286,26.698667,1.902715,52.000000,0.773463
0.020000,0.309216,2.346667,23.093896,2.204898,50.000000,0.701195
0.083333,0.286767,2.306818,25.625561,2.332728,58.000000,0.697595
0.083333,0.421951,1.562500,20.943275,1.742424,12.000000,0.609756
0.125000,0.043137,2.000000,30.000000,1.428571,8.000000,0.666667
0.125000,0.337309,1.482759,27.447111,1.856209,18.000000,0.597222
0.062500,0.378806,2.279412,27.289291,1.879892,39.000000,0.695067
0.062500,0.096938,2.543478,28.274262,2.344742,64.000000,0.717791
0.100000,0.082273,3.500000,23.162458,1.533333,10.000000,0.777778
0.076923,0.165418,2.357143,23.025204,1.576923,13.000000,0.702128
0.045455,0.220886,1.600000,21.122291,1.796537,22.000000,0.615385
0.045455,0.206505,2.212121,25.924210,1.886202,38.000000,0.688679
0.200000,0.753986,7.000000,20.998535,1.300000,5.000000,0.875000
0.200000,0.741116,7.000000,20.998535,1.300000,5.000000,0.875000
0.066667,0.103422,1.857143,27.807338,1.789474,19.000000,0.650000
0.071429,0.180288,3.304348,28.537867,1.722944,22.000000,0.767677
0.142857,0.248731,2.250000,27.536870,1.600000,10.000000,0.692308
0.076923,0.107289,2.357143,24.782617,1.576923,13.000000,0.702128
0.076923,0.403697,2.307692,26.372084,1.970000,25.000000,0.697674
0.041667,0.009478,1.695238,26.482138,1.918605,44.000000,0.628975
0.041667,0.313110,1.500000,24.972574,1.804348,24.000000,0.600000
0.090909,0.313110,1.500000,24.972574,1.804348,24.000000,0.600000
0.250000,0.029651,1.666667,13.743972,1.166667,4.000000,0.625000
0.250000,0.225903,2.900000,26.188163,2.047619,15.000000,0.743590
0.052632,0.000000,2.112676,29.474807,1.931721,38.000000,0.678733
0.100000,0.185836,3.000000,24.226816,2.025641,13.000000,0.750000
0.100000,0.196274,2.888889,29.108833,1.581818,11.000000,0.742857
0.250000,0.619834,1.888889,28.677996,1.761905,15.000000,0.653846
0.052632,0.000000,2.112676,29.474807,1.931721,38.000000,0.678733
0.125000,0.239141,2.209677,28.802268,1.941176,35.000000,0.688442
0.125000,0.024390,2.250000,30.000000,1.600000,10.000000,0.692308
0.111111,0.385475,2.777778,26.922434,1.738462,26.000000,0.735294
0.111111,0.980467,1.692308,26.555829,1.388889,9.000000,0.628571
0.200000,0.535540,1.600000,15.044367,1.683333,16.000000,0.615385
0.200000,0.302326,3.500000,17.799012,1.300000,5.000000,0.777778
0.100000,0.054264,2.500000,26.527796,1.555556,10.000000,0.714286
0.100000,0.110579,4.947368,26.544066,2.358871,32.000000,0.831858
0.035714,0.129496,1.592105,29.477214,2.003361,35.000000,0.614213
0.035714,0.110579,4.947368,26.544066,2.358871,32.000000,0.831858
0.035714,0.110579,4.947368,26.544066,2.358871,32.000000,0.831858
0.035714,0.236517,1.592105,29.477214,2.003361,35.000000,0.614213
0.035714,0.110579,4.947368,26.544066,2.358871,32.000000,0.831858
0.035714,0.142037,1.592105,29.477214,2.003361,35.000000,0.614213
0.035714,0.110579,4.947368,26.544066,2.358871,32.000000,0.831858
0.035714,0.120373,1.592105,29.477214,2.003361,35.000000,0.614213
0.045455,0.061658,3.361111,29.339784,2.442645,39.000000,0.770701
0.045455,0.320994,3.166667,25.176659,1.787879,22.000000,0.760000
0.055556,0.069845,2.238806,27.439412,1.931721,38.000000,0.691244
0.055556,0.169215,4.230769,23.380440,1.751634,18.000000,0.808824
0.055556,0.217756,2.238806,27.439412,1.931721,38.000000,0.691244
0.055556,0.169215,4.230769,23.380440,1.751634,18.000000,0.808824
0.045455,0.031196,3.361111,29.339784,2.442645,39.000000,0.770701
0.045455,0.320994,3.166667,25.176659,1.787879,22.000000,0.760000
0.045455,0.039150,3.361111,29.339784,2.442645,39.000000,0.770701
0.045455,0.320994,3.166667,25.176659,1.787879,22.000000,0.760000
0.045455,0.026970,3.361111,29.339784,2.442645,39.000000,0.770701
0.045455,0.320994,3.166667,25.176659,1.787879,22.000000,0.760000
0.035714,0.986542,3.103448,29.578421,2.403409,33.000000,0.756303
0.035714,0.009418,2.207547,27.222641,2.344742,64.000000,0.688235
0.083333,0.538462,1.923077,11.738802,1.666667,12.000000,0.657895
0.083333,1.000000,3.228571,29.210526,2.463727,38.000000,0.763514
0.090909,0.992265,3.272727,29.560872,2.454955,37.000000,0.765957
0.062500,1.000000,3.228571,29.210526,2.463727,38.000000,0.763514
0.062500,0.183233,2.666667,29.920030,1.733333,16.000000,0.727273
0.050000,0.940078,2.394737,28.639664,2.479501,34.000000,0.705426
0.050000,0.045772,2.127451,26.495014,2.337705,61.000000,0.680251
0.090909,0.964976,3.272727,29.560872,2.454955,37.000000,0.765957
0.066667,0.369538,2.636364,28.794438,1.723810,15.000000,0.725000
0.066667,0.974220,2.606061,23.513556,2.437500,32.000000,0.722689
0.050000,0.045772,2.127451,26.495014,2.337705,61.000000,0.680251
0.050000,0.989382,2.394737,28.639664,2.479501,34.000000,0.705426
0.062500,0.986542,3.103448,29.578421,2.403409,33.000000,0.756303
0.062500,0.293739,2.909091,29.025152,1.733333,16.000000,0.744186
0.090909,0.946720,3.272727,29.560872,2.454955,37.000000,0.765957
0.026316,1.000000,3.228571,29.210526,2.463727,38.000000,0.763514
0.026316,0.271560,2.407767,28.090776,2.352404,65.000000,0.706553
0.066667,0.369538,2.636364,28.794438,1.723810,15.000000,0.725000
0.066667,0.992145,2.606061,23.513556,2.437500,32.000000,0.722689
0.062500,0.203110,2.050000,24.966649,1.700000,16.000000,0.672131
0.125000,0.073065,3.000000,29.689793,1.464286,8.000000,0.750000
0.125000,0.697555,2.356436,29.699376,2.716766,64.000000,0.702065
0.111111,0.186791,1.437500,27.560509,1.742424,12.000000,0.589744
0.111111,0.009415,2.547619,22.360223,1.963218,30.000000,0.718121
0.125000,0.600810,2.356436,29.699376,2.716766,64.000000,0.702065
0.125000,0.073065,3.000000,29.689793,1.464286,8.000000,0.750000
0.075000,0.003650,2.343284,25.292004,2.269565,46.000000,0.700893
0.075000,0.775167,1.275862,18.593361,1.843011,31.000000,0.560606
0.200000,0.945487,3.333333,25.127454,1.000000,5.000000,0.769231
0.125000,0.073065,3.000000,29.689793,1.464286,8.000000,0.750000
0.125000,0.687100,2.356436,29.699376,2.716766,64.000000,0.702065
0.125000,0.716699,2.356436,29.699376,2.716766,64.000000,0.702065
0.125000,0.073065,3.000000,29.689793,1.464286,8.000000,0.750000
0.111111,0.534932,2.280374,29.242147,2.780948,68.000000,0.695157
0.111111,0.079242,2.000000,20.479705,1.555556,9.000000,0.666667
0.111111,0.079242,2.000000,20.479705,1.555556,9.000000,0.666667
0.111111,0.508097,2.280374,29.242147,2.780948,68.000000,0.695157
0.111111,0.079242,2.000000,20.479705,1.555556,9.000000,0.666667
0.111111,0.573994,2.280374,29.242147,2.780948,68.000000,0.695157
0.250000,1.000000,1.666667,26.785436,1.583333,9.000000,0.625000
0.166667,1.000000,1.833333,27.741220,1.266667,6.000000,0.647059
0.100000,0.150436,2.050000,22.932948,1.732026,18.000000,0.672131
0.076923,0.718668,1.666667,27.787007,1.679487,13.000000,0.625000
0.100000,0.174753,4.434783,25.914363,2.388592,34.000000,0.816000
0.100000,0.023256,2.222222,29.372905,1.555556,10.000000,0.689655
0.028571,0.294536,4.739130,25.468667,2.391597,35.000000,0.825758
0.028571,0.054024,1.654321,28.453297,2.018492,38.000000,0.623256
0.028571,0.294536,4.739130,25.468667,2.391597,35.000000,0.825758
0.028571,0.054024,1.654321,28.453297,2.018492,38.000000,0.623256
0.125000,0.518084,1.555556,24.142398,1.500000,8.000000,0.608696
0.028571,0.020671,1.654321,28.453297,2.018492,38.000000,0.623256
0.028571,0.294536,4.739130,25.468667,2.391597,35.000000,0.825758
0.028571,0.294536,4.739130,25.468667,2.391597,35.000000,0.825758
0.028571,0.024314,1.654321,28.453297,2.018492,38.000000,0.623256
0.100000,0.481395,3.000000,28.975216,1.576923,13.000000,0.750000
0.100000,0.236727,1.400000,21.991595,1.696970,12.000000,0.583333
0.166667,0.449085,2.900000,24.867636,1.857143,15.000000,0.743590
0.076923,0.269680,3.000000,26.832163,1.576923,13.000000,0.750000
0.083333,0.741901,1.444444,15.810903,1.666667,12.000000,0.590909
0.045455,0.540735,1.295455,21.718170,1.878788,22.000000,0.564356
0.045455,0.033851,1.634146,29.803923,2.018492,38.000000,0.620370
0.045455,0.540735,1.295455,21.718170,1.878788,22.000000,0.564356
0.045455,0.037620,1.634146,29.803923,2.018492,38.000000,0.620370
0.045455,0.540735,1.295455,21.718170,1.878788,22.000000,0.564356
0.045455,0.139201,1.634146,29.803923,2.018492,38.000000,0.620370
0.045455,0.540735,1.295455,21.718170,1.878788,22.000000,0.564356
0.045455,0.037620,1.634146,29.803923,2.018492,38.000000,0.620370
0.142857,0.519482,1.615385,20.715857,1.444444,9.000000,0.617647
0.083333,1.000000,1.923077,18.560960,1.666667,12.000000,0.657895
0.250000,0.108924,2.111111,29.967155,1.831169,22.000000,0.678571
0.041667,0.970905,4.176471,25.084952,2.065217,24.000000,0.806818
0.041667,0.179944,2.226190,23.901432,2.338047,55.000000,0.690037
0.111111,0.968636,4.300000,29.517439,2.166667,28.000000,0.811321
0.083333,0.347558,2.642857,25.938017,1.741667,16.000000,0.725490
0.083333,0.303416,1.352941,29.030418,1.842105,19.000000,0.575000
0.166667,0.473154,4.833333,24.159693,1.846154,14.000000,0.828571
0.100000,0.009497,1.654321,28.453297,2.018492,38.000000,0.623256
0.100000,0.441199,2.222222,29.471606,1.555556,10.000000,0.689655
0.125000,0.511962,1.979167,25.504792,2.528571,36.000000,0.664336
0.125000,0.027888,2.833333,27.465393,1.392857,8.000000,0.739130
0.166667,0.374229,2.222222,29.900246,1.555556,10.000000,0.689655
0.142857,0.288185,4.833333,26.193542,1.846154,14.000000,0.828571
0.142857,0.031746,1.571429,23.747566,1.476190,7.000000,0.611111
0.166667,0.473154,4.833333,24.159693,1.846154,14.000000,0.828571
0.100000,0.069011,1.654321,28.453297,2.018492,38.000000,0.623256
0.100000,0.441199,2.222222,29.471606,1.555556,10.000000,0.689655
0.071429,0.178133,2.397059,27.913782,1.978205,40.000000,0.705628
0.071429,0.332070,1.714286,19.969022,1.703297,14.000000,0.631579
0.100000,0.009497,1.654321,28.453297,2.018492,38.000000,0.623256
0.100000,0.441199,2.222222,29.471606,1.555556,10.000000,0.689655
0.052632,0.016143,1.718750,27.705884,1.701754,19.000000,0.632184
0.052632,0.511962,1.979167,25.504792,2.528571,36.000000,0.664336
0.100000,0.007230,1.654321,28.453297,2.018492,38.000000,0.623256
0.100000,0.441199,2.222222,29.471606,1.555556,10.000000,0.689655
0.052632,0.016143,1.718750,27.705884,1.701754,19.000000,0.632184
0.052632,0.447797,1.979167,25.504792,2.528571,36.000000,0.664336
0.125000,0.447797,1.979167,25.504792,2.528571,36.000000,0.664336
0.125000,0.027888,2.833333,27.465393,1.392857,8.000000,0.739130
0.055556,0.511962,1.979167,25.504792,2.528571,36.000000,0.664336
0.055556,0.152922,1.739130,23.501618,1.738562,18.000000,0.634921
0.055556,0.447797,1.979167,25.504792,2.528571,36.000000,0.664336
0.055556,0.152922,1.739130,23.501618,1.738562,18.000000,0.634921
0.100000,0.124809,2.000000,23.392489,1.377778,10.000000,0.666667
0.100000,0.501738,1.370370,21.476199,1.790476,15.000000,0.578125
0.125000,0.747250,4.500000,29.565101,1.357143,8.000000,0.818182
0.052632,0.147952,4.500000,25.057353,1.633333,21.000000,0.818182
0.125000,0.027888,2.166667,23.902258,1.607143,8.000000,0.684211
0.090909,0.853014,3.000000,28.621621,1.818182,11.000000,0.750000
0.090909,0.576916,2.608696,27.798670,2.057971,24.000000,0.722892
0.047619,0.238077,1.976190,28.937703,2.086681,44.000000,0.664000
0.083333,0.475344,2.428571,26.289435,1.560606,12.000000,0.708333
0.047619,0.360273,1.976190,28.937703,2.086681,44.000000,0.664000
0.125000,0.226028,2.714286,27.166741,1.321429,8.000000,0.730769
0.047619,0.360273,1.976190,28.937703,2.086681,44.000000,0.664000
0.090909,0.004082,2.000000,28.086074,1.636364,11.000000,0.666667
0.090909,0.040391,2.312500,27.195931,1.920290,24.000000,0.698113
0.200000,0.216104,3.500000,27.258904,1.533333,10.000000,0.777778
0.200000,0.345093,2.000000,20.867689,1.400000,5.000000,0.666667
0.142857,0.186332,1.760000,25.235050,1.742690,19.000000,0.637681
0.250000,0.148386,3.280000,27.623025,1.683983,22.000000,0.766355
0.058824,0.415980,1.645161,30.000000,1.710000,25.000000,0.621951
0.058824,0.336119,1.645161,30.000000,1.710000,25.000000,0.621951
0.058824,0.415980,1.645161,30.000000,1.710000,25.000000,0.621951
0.058824,0.356193,1.645161,30.000000,1.710000,25.000000,0.621951
0.071429,0.127644,1.490566,28.787051,1.903134,27.000000,0.598485
0.071429,0.106304,1.178571,22.261185,1.692308,14.000000,0.540984
0.071429,0.324562,1.178571,22.261185,1.692308,14.000000,0.540984
0.071429,0.127644,1.490566,28.787051,1.903134,27.000000,0.598485
0.083333,1.000000,2.733333,14.449414,1.933333,15.000000,0.732143
0.083333,0.106304,1.178571,22.261185,1.692308,14.000000,0.540984
0.021277,0.014531,3.072000,27.782319,1.967018,76.000000,0.754420
0.021277,0.086514,1.831776,28.585401,1.938020,47.000000,0.646865
0.083333,0.324562,1.178571,22.261185,1.692308,14.000000,0.540984
0.083333,1.000000,2.733333,14.449414,1.933333,15.000000,0.732143
0.125000,0.999999,1.750000,25.653311,1.500000,8.000000,0.636364
0.125000,0.122262,1.687500,25.675355,1.717949,13.000000,0.627907
0.250000,1.000000,1.178571,22.261185,1.692308,14.000000,0.540984
0.250000,0.824272,1.178571,22.261185,1.692308,14.000000,0.540984
0.250000,0.824272,1.178571,22.261185,1.692308,14.000000,0.540984
0.250000,0.338235,4.000000,23.231406,1.333333,4.000000,0.800000
0.250000,1.000000,1.178571,22.261185,1.692308,14.000000,0.540984
0.250000,0.338235,4.000000,23.231406,1.333333,4.000000,0.800000
0.142857,0.022592,1.500000,26.384921,1.947712,18.000000,0.600000
0.076923,0.384480,1.702703,24.586442,1.804348,24.000000,0.630000
0.076923,1.000000,1.222222,30.000000,1.692308,14.000000,0.550000
0.076923,0.384480,1.702703,24.586442,1.804348,24.000000,0.630000
0.076923,0.809562,1.222222,30.000000,1.692308,14.000000,0.550000
0.125000,0.037780,1.750000,25.653311,1.500000,8.000000,0.636364
0.125000,0.122262,1.687500,25.675355,1.717949,13.000000,0.627907
0.083333,0.737821,1.857143,28.144227,1.901961,18.000000,0.650000
0.025641,0.533181,1.721649,29.253984,2.102020,45.000000,0.632576
0.025641,0.533181,1.721649,29.253984,2.102020,45.000000,0.632576
0.068966,0.278874,1.591837,28.435798,1.858462,26.000000,0.614173
0.055556,0.370327,2.208333,27.471830,1.686275,18.000000,0.688312
0.038462,0.378883,2.226190,23.901432,2.338047,55.000000,0.690037
0.100000,0.295665,2.100000,29.751834,1.533333,10.000000,0.677419
0.025641,0.192671,1.721649,29.253984,2.102020,45.000000,0.632576
0.083333,0.020984,1.368421,23.581818,1.666667,12.000000,0.577778
0.071429,0.044590,2.937500,27.820183,1.692810,18.000000,0.746032
0.105263,0.233848,3.517241,27.450515,1.847475,45.000000,0.778626
0.105263,0.571006,1.555556,21.630979,1.756410,13.000000,0.608696
0.200000,1.000000,3.500000,28.297149,1.300000,5.000000,0.777778
0.250000,0.133643,1.950000,30.000000,1.783333,16.000000,0.661017
0.050000,0.245462,3.008696,27.899829,1.959420,70.000000,0.750542
0.250000,0.008130,4.666667,21.388780,2.163743,19.000000,0.823529
0.166667,0.612698,3.500000,24.478342,1.666667,6.000000,0.777778
0.166667,0.612698,3.500000,24.478342,1.666667,6.000000,0.777778
0.200000,0.012146,3.250000,28.911746,1.642857,8.000000,0.764706
0.250000,0.507782,2.294118,29.623209,1.783333,16.000000,0.696429
0.250000,0.913173,1.645161,28.663272,1.853801,19.000000,0.621951
0.111111,0.203980,2.100000,26.580631,1.533333,10.000000,0.677419
0.111111,0.469713,1.666667,26.666667,1.305556,9.000000,0.625000
0.111111,0.022600,2.317460,26.514378,2.016162,45.000000,0.698565
0.142857,0.606974,2.833333,27.166741,1.392857,8.000000,0.739130
0.142857,0.705859,1.571429,23.747566,1.476190,7.000000,0.611111
0.250000,0.701560,1.609756,28.606763,1.889328,23.000000,0.616822
0.071429,1.000000,4.055556,24.046742,1.792063,36.000000,0.802198
0.071429,0.386726,1.312500,20.005771,1.571429,14.000000,0.567568
0.200000,1.000000,5.000000,24.822191,1.600000,5.000000,0.833333
0.200000,1.000000,2.950413,27.876567,1.960485,72.000000,0.746862
0.023810,1.000000,2.950413,27.876567,1.960485,72.000000,0.746862
0.023810,0.346600,1.937500,29.330339,2.082462,42.000000,0.659574
0.052632,1.000000,2.965517,28.590503,1.853659,41.000000,0.747826
0.052632,1.000000,1.631579,22.597461,1.990476,21.000000,0.620000
0.250000,1.000000,4.055556,24.046742,1.792063,36.000000,0.802198
0.250000,0.116014,5.000000,19.887905,1.166667,4.000000,0.833333
0.027778,0.225968,2.269841,28.087130,1.950794,36.000000,0.694175
0.027778,1.000000,3.149533,27.294118,1.953907,68.000000,0.759009
0.062500,1.000000,2.878378,28.040094,1.895390,48.000000,0.742160
0.062500,0.001384,2.272727,26.173342,1.633333,16.000000,0.694444
0.090909,1.000000,2.992806,28.321687,1.959104,79.000000,0.749550
0.090909,0.730209,1.500000,30.000000,1.654545,11.000000,0.600000
0.083333,0.005108,1.519231,28.329263,1.903134,27.000000,0.603053
0.083333,0.380595,1.571429,29.583141,2.003361,35.000000,0.611111
0.100000,0.508715,1.444444,15.810903,1.666667,12.000000,0.590909
0.064516,0.528530,1.486111,29.849482,1.979839,32.000000,0.597765
0.064516,0.254823,1.486111,29.849482,1.979839,32.000000,0.597765
0.064516,0.490823,1.486111,29.849482,1.979839,32.000000,0.597765
0.064516,0.498408,1.486111,29.849482,1.979839,32.000000,0.597765
0.083333,0.331705,1.571429,29.583141,2.003361,35.000000,0.611111
0.083333,0.282045,1.571429,29.583141,2.003361,35.000000,0.611111
0.083333,0.194402,1.571429,29.583141,2.003361,35.000000,0.611111
0.166667,0.017957,2.246154,26.931853,2.016162,45.000000,0.691943
0.076923,0.290171,1.519231,28.473417,1.903134,27.000000,0.603053
0.038462,0.175286,2.238806,27.439412,1.931721,38.000000,0.691244
0.038462,0.212347,1.659574,27.951530,1.858462,26.000000,0.624000
0.037037,0.419004,1.462963,29.010886,1.903134,27.000000,0.593985
0.037037,0.364077,1.937500,29.330339,2.082462,42.000000,0.659574
0.038462,0.212347,1.659574,27.951530,1.858462,26.000000,0.624000
0.038462,0.317132,2.238806,27.439412,1.931721,38.000000,0.691244
0.100000,0.716481,5.250000,27.406423,2.151515,22.000000,0.840000
0.100000,0.186598,3.266667,28.027417,1.633333,16.000000,0.765625
0.111111,0.147660,1.806452,28.959551,1.733333,21.000000,0.643678
0.111111,1.000000,2.000000,20.142714,1.722222,9.000000,0.666667
0.166667,0.183293,4.100000,24.443769,1.609524,15.000000,0.803922
0.166667,0.120986,4.888889,26.332146,1.713235,17.000000,0.830189
0.166667,0.004339,1.907407,29.192165,1.931738,48.000000,0.656051
0.166667,0.153949,1.896552,26.955655,1.784211,20.000000,0.654762
0.125000,0.092715,1.703704,26.131085,1.683824,17.000000,0.630137
0.040000,0.147452,2.294118,29.334744,1.877778,36.000000,0.696429
0.090909,0.054666,2.300000,26.159211,1.581818,11.000000,0.696970
0.090909,0.054666,2.300000,26.159211,1.581818,11.000000,0.696970
0.166667,0.444022,4.500000,24.588340,1.400000,6.000000,0.818182
0.040000,0.174699,1.491525,27.946911,1.908867,29.000000,0.598639
0.071429,0.329087,1.666667,23.695965,1.670330,14.000000,0.625000
0.052632,0.023867,1.875000,26.918003,1.883041,19.000000,0.652174
0.052632,0.023867,1.875000,26.918003,1.883041,19.000000,0.652174
0.066667,0.016949,2.086957,29.855359,1.542857,15.000000,0.676056
0.166667,0.444022,4.500000,24.588340,1.400000,6.000000,0.818182
0.071429,0.329087,1.666667,23.695965,1.670330,14.000000,0.625000
0.066667,0.016949,2.086957,29.855359,1.542857,15.000000,0.676056
0.040000,0.174699,1.491525,27.946911,1.908867,29.000000,0.598639
0.050000,0.011263,1.516129,28.785533,1.752632,20.000000,0.602564
0.050000,0.011263,1.516129,28.785533,1.752632,20.000000,0.602564
0.040000,0.147452,2.294118,29.334744,1.877778,36.000000,0.696429
0.076923,0.346642,1.923077,23.778721,1.833333,13.000000,0.657895
0.076923,0.197352,2.083333,26.004995,1.784314,18.000000,0.675676
0.142857,0.599815,2.400000,29.352957,1.428571,7.000000,0.705882
0.142857,0.115077,2.575000,27.408988,1.866667,30.000000,0.720280
0.250000,0.582292,1.590909,25.477639,1.615385,14.000000,0.614035
0.250000,0.582292,1.590909,25.477639,1.615385,14.000000,0.614035
0.062500,0.248815,2.937500,28.351166,1.692810,18.000000,0.746032
0.250000,0.984855,3.441176,27.520763,1.761084,29.000000,0.774834
0.250000,0.078534,5.000000,25.659793,1.166667,4.000000,0.833333
0.111111,0.990438,3.866667,25.784931,1.727513,28.000000,0.794521
0.111111,0.021097,3.000000,27.397982,1.333333,9.000000,0.750000
0.166667,0.549982,2.700000,26.137285,1.846154,13.000000,0.729730
0.142857,0.886655,2.378788,24.405091,2.269565,46.000000,0.704036
0.142857,0.003233,2.000000,21.317862,1.333333,7.000000,0.666667
0.034483,0.869710,2.552381,27.839552,2.333626,68.000000,0.718499
0.055556,0.308064,3.294118,25.025529,1.686275,18.000000,0.767123
0.055556,0.874488,2.226190,23.901432,2.338047,55.000000,0.690037
0.062500,0.706444,2.466667,27.965812,1.916221,34.000000,0.711538
0.062500,0.317018,4.777778,28.834874,1.708333,16.000000,0.826923
0.090909,0.663404,2.560000,27.329848,1.828571,21.000000,0.719101
0.090909,0.784947,2.918919,26.467378,1.883065,32.000000,0.744828
0.071429,0.786448,2.918919,26.626006,1.883065,32.000000,0.744828
0.052632,0.397995,1.956522,23.135267,1.883041,19.000000,0.661765
0.052632,0.730389,2.581395,28.360018,1.916221,34.000000,0.720779
0.250000,1.000000,1.404762,26.637508,1.760234,19.000000,0.584158
0.100000,0.465558,1.937500,29.330339,2.082462,42.000000,0.659574
0.250000,0.152937,1.404762,26.637508,1.760234,19.000000,0.584158
0.142857,1.000000,1.714286,20.925167,1.428571,7.000000,0.631579
0.142857,0.334285,1.842105,25.639030,1.666667,15.000000,0.648148
0.142857,1.000000,1.714286,20.925167,1.428571,7.000000,0.631579
0.142857,0.154558,2.566667,28.017874,1.882614,43.000000,0.719626
0.125000,0.221869,1.566667,28.259200,1.752632,20.000000,0.610390
0.250000,0.108537,2.250000,27.855448,1.939394,34.000000,0.692308
0.125000,0.225697,2.652174,25.635874,2.000000,38.000000,0.726190
0.125000,1.000000,2.166667,17.541990,1.535714,8.000000,0.684211
0.166667,0.138035,3.600000,29.339507,1.357143,8.000000,0.782609
0.100000,0.555312,1.636364,26.709440,1.993548,31.000000,0.620690
0.200000,0.249988,1.750000,24.639202,1.300000,5.000000,0.636364
0.200000,0.161522,1.800000,27.887821,1.883041,19.000000,0.642857
0.166667,1.000000,3.000000,29.663557,1.400000,6.000000,0.750000
0.166667,0.519299,2.923077,26.926881,1.602564,13.000000,0.745098
0.166667,0.487626,1.722892,29.333333,2.005398,39.000000,0.632743
0.043478,0.638340,1.735632,29.813727,1.994872,40.000000,0.634454
0.043478,0.805105,1.347826,23.658547,1.869565,23.000000,0.574074
0.040000,0.757181,2.280374,29.242147,2.780948,68.000000,0.695157
0.040000,0.626690,2.766667,29.294089,1.973737,45.000000,0.734513
0.076923,0.462303,1.654321,28.453297,2.018492,38.000000,0.623256
0.076923,1.000000,1.923077,25.673364,1.833333,13.000000,0.657895
0.166667,0.487626,1.722892,29.333333,2.005398,39.000000,0.632743
0.076923,0.071431,1.526316,23.057996,1.628205,13.000000,0.604167
0.076923,0.745052,2.300000,29.904413,2.009292,42.000000,0.696970
0.076923,0.071431,1.526316,23.057996,1.628205,13.000000,0.604167
0.076923,0.745052,2.300000,29.904413,2.009292,42.000000,0.696970
0.076923,0.521832,1.654321,28.453297,2.018492,38.000000,0.623256
0.076923,1.000000,1.923077,25.673364,1.833333,13.000000,0.657895
0.043478,0.536846,1.735632,29.813727,1.994872,40.000000,0.634454
0.043478,0.805105,1.347826,23.658547,1.869565,23.000000,0.574074
0.076923,0.071431,1.526316,23.057996,1.628205,13.000000,0.604167
0.076923,0.745052,2.300000,29.904413,2.009292,42.000000,0.696970
0.040000,0.626690,2.766667,29.294089,1.973737,45.000000,0.734513
0.040000,0.776801,2.280374,29.242147,2.780948,68.000000,0.695157
0.166667,0.647384,1.722892,29.333333,2.005398,39.000000,0.632743
0.076923,0.071431,1.526316,23.057996,1.628205,13.000000,0.604167
0.076923,0.745052,2.300000,29.904413,2.009292,42.000000,0.696970
0.043478,0.536846,1.735632,29.813727,1.994872,40.000000,0.634454
0.043478,0.805105,1.347826,23.658547,1.869565,23.000000,0.574074
0.040000,0.626690,2.766667,29.294089,1.973737,45.000000,0.734513
0.040000,0.780249,2.280374,29.242147,2.780948,68.000000,0.695157
0.043478,0.522338,2.342857,28.468599,1.949260,44.000000,0.700855
0.043478,0.805105,1.347826,23.658547,1.869565,23.000000,0.574074
0.043478,0.536846,1.735632,29.813727,1.994872,40.000000,0.634454
0.076923,0.462303,1.654321,28.453297,2.018492,38.000000,0.623256
0.076923,1.000000,1.923077,25.673364,1.833333,13.000000,0.657895
0.166667,0.487626,1.722892,29.333333,2.005398,39.000000,0.632743
0.076923,1.000000,1.923077,25.673364,1.833333,13.000000,0.657895
0.076923,0.638616,1.654321,28.453297,2.018492,38.000000,0.623256
0.250000,0.816514,4.500000,18.823400,1.600000,10.000000,0.818182
0.125000,0.104580,1.526316,23.057996,1.628205,13.000000,0.604167
0.125000,0.582747,1.666667,29.683866,1.701754,19.000000,0.625000
0.076923,0.074724,2.371429,27.551970,1.889855,46.000000,0.703390
0.076923,0.368069,2.900000,28.480322,1.628205,13.000000,0.743590
0.050000,0.012876,1.531250,29.244531,1.862366,31.000000,0.604938
0.050000,0.012876,1.531250,29.244531,1.862366,31.000000,0.604938
0.050000,0.012876,1.531250,29.244531,1.862366,31.000000,0.604938
0.050000,0.012876,1.531250,29.244531,1.862366,31.000000,0.604938
0.250000,0.696427,1.833333,27.741220,1.266667,6.000000,0.647059
0.166667,1.000000,3.150000,26.047623,1.731579,20.000000,0.759036
0.250000,1.000000,3.114286,28.116570,1.812808,29.000000,0.756944
0.250000,1.000000,2.413043,29.420094,1.875269,31.000000,0.707006
0.032258,0.025007,2.179104,28.677136,2.016162,45.000000,0.685446
0.032258,1.000000,2.522727,28.687391,1.875269,31.000000,0.716129
0.200000,0.348267,3.200000,18.568345,2.166667,25.000000,0.761905
0.200000,0.179104,1.750000,28.757533,1.300000,5.000000,0.636364
0.040000,0.120951,1.790698,28.906713,1.811966,27.000000,0.641667
0.040000,0.348267,3.200000,18.568345,2.166667,25.000000,0.761905
0.142857,0.012876,2.500000,30.000000,1.619048,7.000000,0.714286
0.062500,0.081600,1.700000,28.682447,2.023810,21.000000,0.629630
0.062500,0.840670,1.588235,23.727424,1.583333,16.000000,0.613636
0.050000,0.352780,1.181818,22.884010,1.900000,20.000000,0.541667
0.050000,0.004566,1.789474,28.153359,1.753623,24.000000,0.641509
0.090909,0.004255,1.736842,27.998809,1.628205,13.000000,0.634615
0.200000,0.824701,2.333333,25.694199,1.300000,5.000000,0.700000
0.062500,0.864615,1.863636,24.209745,1.700000,16.000000,0.650794
0.050000,0.092001,1.492537,28.974767,1.939394,33.000000,0.598802
0.050000,0.259643,1.696970,28.285236,1.778947,20.000000,0.629213
0.055556,0.726736,2.750000,28.141204,1.790850,18.000000,0.733333
0.166667,0.170093,5.000000,22.419270,1.000000,6.000000,0.833333
0.030303,0.051359,2.028846,29.122295,2.078966,54.000000,0.669841
0.030303,0.092001,1.492537,28.974767,1.939394,33.000000,0.598802
0.035714,0.250401,3.033333,25.822011,1.937931,30.000000,0.752066
0.018519,0.041718,2.048544,28.658471,2.078966,54.000000,0.671975
0.030303,1.000000,2.028846,29.122295,2.078966,54.000000,0.669841
0.030303,0.092001,1.492537,28.974767,1.939394,33.000000,0.598802
0.041667,0.491315,1.702703,24.586442,1.804348,24.000000,0.630000
0.125000,0.438688,3.571429,30.000000,1.107143,8.000000,0.781250
0.018519,1.000000,2.048544,28.658471,2.078966,54.000000,0.671975
0.018519,0.041718,2.048544,28.658471,2.078966,54.000000,0.671975
0.030303,0.014377,1.700000,23.826116,2.071970,33.000000,0.629630
0.125000,0.438688,3.571429,30.000000,1.107143,8.000000,0.781250
0.030303,0.051359,2.028846,29.122295,2.078966,54.000000,0.669841
0.030303,0.092001,1.492537,28.974767,1.939394,33.000000,0.598802
0.045455,0.477007,1.304348,28.510313,1.852814,22.000000,0.566038
0.045455,0.073129,3.081081,28.656828,1.793548,31.000000,0.754967
0.090909,0.921765,1.500000,21.453388,1.875000,17.000000,0.600000
0.090909,0.277750,2.090909,26.571261,1.654545,11.000000,0.676471
0.090909,0.442218,2.333333,28.106596,1.781818,11.000000,0.700000
0.090909,0.921765,1.500000,21.453388,1.875000,17.000000,0.600000
0.200000,0.149882,1.966667,28.828651,1.744589,22.000000,0.662921
0.200000,0.210228,1.538462,28.341083,1.666667,10.000000,0.606061
0.076923,0.041960,1.526316,23.057996,1.628205,13.000000,0.604167
0.166667,0.569344,2.700000,27.262977,1.846154,13.000000,0.729730
0.200000,0.042688,4.500000,29.257768,1.861905,21.000000,0.818182
0.200000,0.075864,2.000000,24.041142,1.947712,18.000000,0.666667
0.166667,0.443275,3.700000,27.585825,1.647619,15.000000,0.787234
0.250000,1.000000,1.533333,21.249505,1.730994,19.000000,0.605263
0.125000,0.377178,2.500000,27.901723,1.978858,44.000000,0.714286
0.125000,0.023901,1.555556,23.545920,1.750000,16.000000,0.608696
0.100000,0.546807,2.250000,28.663492,1.711111,10.000000,0.692308
0.100000,0.266694,2.250000,28.663492,1.711111,10.000000,0.692308
0.090909,0.276615,2.000000,29.982439,1.636364,11.000000,0.666667
0.090909,0.064231,1.700000,23.826116,2.071970,33.000000,0.629630
0.043478,0.143275,3.184211,27.865287,2.022222,36.000000,0.761006
0.043478,0.481220,2.312500,27.195931,1.920290,24.000000,0.698113
0.052632,0.045053,1.956522,23.135267,1.883041,19.000000,0.661765
0.052632,0.391762,2.354839,28.126099,1.865613,23.000000,0.701923
0.250000,0.372772,1.617647,29.829301,2.016913,44.000000,0.617978
0.250000,1.000000,1.617647,29.829301,2.016913,44.000000,0.617978
0.250000,0.372772,1.617647,29.829301,2.016913,44.000000,0.617978
0.200000,0.426044,2.428571,26.676277,1.845850,23.000000,0.708333
0.125000,0.540577,1.181818,27.706121,1.642857,8.000000,0.541667
0.125000,0.541088,8.142857,25.112253,1.669118,17.000000,0.890625
0.142857,0.000000,2.700000,27.460908,1.727273,12.000000,0.729730
0.200000,1.000000,1.200000,30.000000,1.476190,7.000000,0.545455
0.200000,1.000000,1.200000,30.000000,1.476190,7.000000,0.545455
0.041667,0.164348,1.910714,28.274593,2.049911,34.000000,0.656442
0.041667,0.115850,2.108108,26.653265,1.920290,24.000000,0.678261
0.050000,0.031608,1.555556,29.658165,1.778947,20.000000,0.608696
0.090909,0.691118,1.555556,21.630979,1.756410,13.000000,0.608696
0.200000,0.174310,1.964286,26.023923,1.718954,18.000000,0.662651
0.125000,0.127397,1.930233,28.183544,1.809524,28.000000,0.658730
0.125000,0.826042,2.800000,24.697515,1.607143,8.000000,0.736842
0.125000,0.278073,2.285714,30.000000,1.733333,16.000000,0.695652
0.166667,0.279470,2.529412,22.117282,1.970760,19.000000,0.716667
0.200000,0.704572,3.500000,15.654512,1.300000,5.000000,0.777778
0.090909,0.083871,1.583333,30.000000,1.800000,11.000000,0.612903
0.090909,0.081761,1.583333,30.000000,1.800000,11.000000,0.612903
0.090909,0.236204,3.018182,26.982021,2.136910,47.000000,0.751131
0.062500,0.358759,1.465116,19.789045,1.800000,21.000000,0.594340
0.062500,0.112164,2.076923,27.153750,1.583333,16.000000,0.675000
0.166667,0.276332,2.527027,27.191396,1.916735,50.000000,0.716475
0.090909,0.045977,2.125000,11.704248,2.090909,11.000000,0.680000
0.090909,0.358759,1.465116,19.789045,1.800000,21.000000,0.594340
0.090909,0.045977,2.125000,11.704248,2.090909,11.000000,0.680000
0.090909,0.358759,1.465116,19.789045,1.800000,21.000000,0.594340
0.062500,0.358759,1.465116,19.789045,1.800000,21.000000,0.594340
0.062500,0.112164,2.076923,27.153750,1.583333,16.000000,0.675000
0.090909,0.045977,2.125000,11.704248,2.090909,11.000000,0.680000
0.090909,0.358759,1.465116,19.789045,1.800000,21.000000,0.594340
0.090909,0.045977,2.125000,11.704248,2.090909,11.000000,0.680000
0.090909,0.358759,1.465116,19.789045,1.800000,21.000000,0.594340
0.062500,0.358759,1.465116,19.789045,1.800000,21.000000,0.594340
0.062500,0.112164,2.076923,27.153750,1.583333,16.000000,0.675000
0.062500,0.358759,1.465116,19.789045,1.800000,21.000000,0.594340
0.062500,0.112164,2.076923,27.153750,1.583333,16.000000,0.675000
0.055556,0.688758,4.727273,27.490136,1.725490,18.000000,0.825397
0.055556,0.017093,2.000000,23.490858,1.995733,38.000000,0.666667
0.066667,0.461625,3.600000,25.374353,1.704762,15.000000,0.782609
0.066667,0.282530,2.257143,25.424263,1.926154,26.000000,0.692982
0.100000,0.704627,1.368421,29.279111,1.666667,12.000000,0.577778
0.100000,1.000000,2.363636,27.255166,1.618182,11.000000,0.702703
0.200000,1.000000,2.166667,28.013689,1.618182,11.000000,0.684211
0.250000,0.545769,1.689655,28.281231,1.984211,20.000000,0.628205
0.045455,0.331569,1.564103,22.911071,1.922078,22.000000,0.610000
0.166667,1.000000,1.545455,12.258263,1.527778,9.000000,0.607143
0.200000,0.034808,2.153846,29.584914,2.109498,58.000000,0.682927
0.200000,0.034808,2.153846,29.584914,2.109498,58.000000,0.682927
0.200000,0.034808,2.153846,29.584914,2.109498,58.000000,0.682927
0.200000,0.523988,1.909091,28.293040,1.533333,10.000000,0.656250
0.125000,0.092330,1.666667,26.160090,1.500000,8.000000,0.625000
0.125000,0.788694,2.153846,29.634084,2.109498,58.000000,0.682927
0.125000,0.092330,1.666667,26.160090,1.500000,8.000000,0.625000
0.125000,0.788694,2.153846,29.634084,2.109498,58.000000,0.682927
0.058824,0.418083,1.653846,14.754807,1.757353,17.000000,0.623188
0.058824,1.000000,1.937500,29.330339,2.082462,42.000000,0.659574
0.250000,1.000000,2.179775,29.355155,2.034864,49.000000,0.685512
0.125000,0.092330,1.666667,26.160090,1.500000,8.000000,0.625000
0.125000,0.788694,2.153846,29.634084,2.109498,58.000000,0.682927
0.029412,0.133494,1.507042,28.672945,1.930481,34.000000,0.601124
0.029412,0.733524,2.151515,29.808891,2.092256,55.000000,0.682692
0.142857,0.788694,2.153846,29.584914,2.109498,58.000000,0.682927
0.250000,0.775665,2.179775,29.355155,2.034864,49.000000,0.685512
0.062500,0.149071,2.285714,30.000000,1.733333,16.000000,0.695652
0.062500,1.000000,1.937500,29.330339,2.082462,42.000000,0.659574
0.029412,0.133494,1.507042,28.672945,1.930481,34.000000,0.601124
0.029412,0.733524,2.151515,29.808891,2.092256,55.000000,0.682692
0.125000,0.788694,2.153846,29.634084,2.109498,58.000000,0.682927
0.125000,0.092330,1.666667,26.160090,1.500000,8.000000,0.625000
0.066667,0.447885,1.679487,29.255714,1.934454,35.000000,0.626794
0.045455,0.099871,2.953488,27.238880,1.957143,36.000000,0.747059
0.045455,1.000000,2.473684,25.050600,2.095238,22.000000,0.712121
0.200000,0.720453,1.937500,29.330339,2.082462,42.000000,0.659574
0.125000,0.788694,2.153846,29.634084,2.109498,58.000000,0.682927
0.125000,0.092330,1.666667,26.160090,1.500000,8.000000,0.625000
0.071429,0.260531,2.600000,28.781506,1.714286,14.000000,0.722222
0.071429,0.585949,1.866667,29.184407,1.758893,23.000000,0.651163
0.125000,0.788694,2.153846,29.634084,2.109498,58.000000,0.682927
0.125000,0.092330,1.666667,26.160090,1.500000,8.000000,0.625000
0.142857,0.788694,2.153846,29.584914,2.109498,58.000000,0.682927
0.066667,0.506509,2.378788,27.307551,1.968961,39.000000,0.704036
0.066667,1.000000,1.937500,29.330339,2.082462,42.000000,0.659574
0.125000,0.117241,2.000000,19.261910,1.428571,8.000000,0.666667
0.125000,0.631352,1.625000,29.513044,1.675000,16.000000,0.619048
0.027778,0.114830,2.314815,28.921702,2.004049,39.000000,0.698324
0.027778,1.000000,1.937500,29.330339,2.082462,42.000000,0.659574
0.066667,0.582584,1.679487,29.255714,1.934454,35.000000,0.626794
0.142857,0.788694,2.153846,29.584914,2.109498,58.000000,0.682927
0.200000,0.720453,1.937500,29.330339,2.082462,42.000000,0.659574
0.076923,0.688672,2.054795,29.927920,1.931721,38.000000,0.672646
0.030303,0.376214,2.590909,25.786076,2.003175,36.000000,0.721519
0.030303,0.382089,1.753425,29.707302,1.886364,33.000000,0.636816
0.071429,0.207238,2.230769,17.882451,1.681319,14.000000,0.690476
0.071429,0.738179,2.173469,29.762033,2.092256,55.000000,0.684887
0.250000,0.775665,2.179775,29.355155,2.034864,49.000000,0.685512
0.030303,0.376214,2.590909,25.786076,2.003175,36.000000,0.721519
0.030303,0.579844,1.753425,29.707302,1.886364,33.000000,0.636816
0.062500,0.499420,2.473684,25.050600,2.095238,22.000000,0.712121
0.062500,0.056448,2.304348,27.628781,1.558333,16.000000,0.697368
0.045455,0.099871,2.953488,27.238880,1.957143,36.000000,0.747059
0.045455,0.499420,2.473684,25.050600,2.095238,22.000000,0.712121
0.071429,0.207238,2.230769,17.882451,1.681319,14.000000,0.690476
0.071429,0.738179,2.173469,29.762033,2.092256,55.000000,0.684887
0.076923,0.688672,2.054795,29.927920,1.931721,38.000000,0.672646
0.076923,0.513769,1.588235,21.553875,1.653846,13.000000,0.613636
0.076923,0.315177,2.179104,27.526990,2.016162,45.000000,0.685446
0.062500,1.000000,2.473684,25.050600,2.095238,22.000000,0.712121
0.062500,0.056448,2.304348,27.628781,1.558333,16.000000,0.697368
0.029412,0.133494,1.507042,28.672945,1.930481,34.000000,0.601124
0.029412,0.733524,2.151515,29.808891,2.092256,55.000000,0.682692
0.071429,0.207238,2.230769,17.882451,1.681319,14.000000,0.690476
0.071429,0.738179,2.173469,29.762033,2.092256,55.000000,0.684887
0.071429,0.260531,2.600000,28.781506,1.714286,14.000000,0.722222
0.071429,0.261866,1.866667,29.184407,1.758893,23.000000,0.651163
0.200000,1.000000,1.937500,29.330339,2.082462,42.000000,0.659574
0.166667,0.011748,1.571429,22.291722,1.266667,6.000000,0.611111
0.166667,0.012766,3.000000,30.000000,1.428571,7.000000,0.750000
0.166667,0.423365,1.878788,24.091620,1.752632,20.000000,0.652632
0.166667,0.513514,2.333333,19.437969,1.533333,6.000000,0.700000
0.090909,0.000000,2.000000,29.148663,2.004598,30.000000,0.666667
0.125000,0.569417,4.500000,30.000000,1.861905,21.000000,0.818182
0.125000,0.002560,2.400000,20.040340,1.642857,8.000000,0.705882
0.166667,1.000000,4.500000,23.597665,1.400000,6.000000,0.818182
0.062500,0.047836,1.714286,28.502754,2.035573,23.000000,0.631579
0.062500,0.969074,2.076923,26.117116,1.583333,16.000000,0.675000
0.100000,0.283313,1.200000,16.516490,1.711111,10.000000,0.545455
0.100000,0.961411,1.833333,28.437824,1.669118,17.000000,0.647059
0.250000,0.183550,2.202247,17.490257,2.298393,54.000000,0.687719
0.250000,0.144410,1.482759,28.238582,1.862745,18.000000,0.597222
0.111111,0.012766,2.571429,27.993068,1.555556,9.000000,0.720000
0.090909,0.079910,2.689655,29.600206,1.715415,23.000000,0.728972
0.090909,0.454539,2.405405,26.469670,1.868946,27.000000,0.706349
0.071429,0.194293,2.857143,30.000000,1.604396,14.000000,0.740741
0.071429,0.432424,1.352941,23.750187,1.903333,25.000000,0.575000
0.166667,0.177666,1.833333,27.220532,1.266667,6.000000,0.647059
0.166667,0.989041,3.509091,27.371829,2.157617,52.000000,0.778226
0.052632,0.649963,1.956522,23.135267,1.883041,19.000000,0.661765
0.052632,0.973020,3.102564,28.766014,2.022222,36.000000,0.756250
0.035714,0.953191,3.833333,27.474116,2.510490,66.000000,0.793103
0.035714,0.389258,2.486486,26.542684,1.899471,28.000000,0.713178
0.250000,0.249335,1.750000,24.490247,1.708333,16.000000,0.636364
0.200000,0.958922,3.926471,29.396362,2.520887,69.000000,0.797015
0.166667,0.177666,1.833333,27.831686,1.266667,6.000000,0.647059
0.166667,0.953191,3.833333,27.474116,2.510490,66.000000,0.793103
0.166667,0.252396,1.833333,27.831686,1.266667,6.000000,0.647059
0.166667,0.953191,3.833333,27.474116,2.510490,66.000000,0.793103
0.250000,0.941770,2.891304,28.474594,2.067476,39.000000,0.743017
0.062500,0.239842,3.727273,27.633604,1.725000,16.000000,0.788462
0.062500,0.955925,2.813953,29.594788,2.022222,36.000000,0.737805
0.100000,0.482870,2.000000,25.771555,1.466667,10.000000,0.666667
0.100000,0.974203,3.102564,28.629783,2.022222,36.000000,0.756250
0.047619,0.025735,3.578947,29.749910,1.680952,21.000000,0.781609
0.047619,0.953191,3.833333,27.474116,2.510490,66.000000,0.793103
0.200000,0.958922,3.926471,29.396362,2.520887,69.000000,0.797015
0.047619,0.114525,4.750000,24.252158,1.920000,25.000000,0.826087
0.047619,0.953191,3.833333,27.474116,2.510490,66.000000,0.793103
0.035714,0.953191,3.833333,27.474116,2.510490,66.000000,0.793103
0.035714,0.389258,2.486486,26.542684,1.899471,28.000000,0.713178
0.166667,0.177666,1.833333,27.831686,1.266667,6.000000,0.647059
0.166667,0.953191,3.833333,27.474116,2.510490,66.000000,0.793103
0.083333,0.953191,3.833333,27.474116,2.510490,66.000000,0.793103
0.083333,0.084135,2.333333,29.971098,1.606061,12.000000,0.700000
0.166667,0.177666,1.833333,27.831686,1.266667,6.000000,0.647059
0.166667,0.953191,3.833333,27.474116,2.510490,66.000000,0.793103
0.200000,0.993219,3.926471,29.396362,2.520887,69.000000,0.797015
0.047619,0.953191,3.833333,27.474116,2.510490,66.000000,0.793103
0.047619,0.025735,3.578947,29.749910,1.680952,21.000000,0.781609
0.083333,0.993416,3.985075,29.165079,2.520887,69.000000,0.799401
0.047619,0.114525,4.750000,24.252158,1.920000,25.000000,0.826087
0.047619,0.953191,3.833333,27.474116,2.510490,66.000000,0.793103
0.083333,0.953191,3.833333,27.474116,2.510490,66.000000,0.793103
0.083333,0.084135,2.333333,29.971098,1.606061,12.000000,0.700000
0.166667,0.177666,1.833333,27.831686,1.266667,6.000000,0.647059
0.166667,0.953191,3.833333,27.474116,2.510490,66.000000,0.793103
0.166667,0.953191,3.833333,27.474116,2.510490,66.000000,0.793103
0.166667,0.177666,1.833333,27.831686,1.266667,6.000000,0.647059
0.142857,0.004292,2.000000,26.794293,1.476190,7.000000,0.666667
0.142857,0.953191,3.833333,27.474116,2.510490,66.000000,0.793103
0.166667,0.177666,1.833333,27.831686,1.266667,6.000000,0.647059
0.166667,0.953191,3.833333,27.474116,2.510490,66.000000,0.793103
0.166667,0.252396,1.833333,27.831686,1.266667,6.000000,0.647059
0.166667,0.953191,3.833333,27.474116,2.510490,66.000000,0.793103
0.035714,0.953191,3.833333,27.474116,2.510490,66.000000,0.793103
0.035714,0.389258,2.486486,26.542684,1.899471,28.000000,0.713178
0.050000,0.486131,1.592593,30.000000,1.773684,20.000000,0.614286
0.050000,0.953191,3.833333,27.474116,2.510490,66.000000,0.793103
0.047619,0.025735,3.578947,29.749910,1.680952,21.000000,0.781609
0.047619,0.953191,3.833333,27.474116,2.510490,66.000000,0.793103
0.166667,0.177666,1.833333,27.831686,1.266667,6.000000,0.647059
0.166667,0.953191,3.833333,27.474116,2.510490,66.000000,0.793103
0.166667,0.953191,3.833333,27.474116,2.510490,66.000000,0.793103
0.166667,0.177666,1.833333,27.831686,1.266667,6.000000,0.647059
0.083333,0.960097,3.985075,29.165079,2.520887,69.000000,0.799401
0.083333,0.960097,3.985075,29.165079,2.520887,69.000000,0.799401
0.083333,0.953191,3.833333,27.474116,2.510490,66.000000,0.793103
0.083333,0.084135,2.333333,29.971098,1.606061,12.000000,0.700000
0.035714,0.953191,3.833333,27.474116,2.510490,66.000000,0.793103
0.035714,0.389258,2.486486,26.542684,1.899471,28.000000,0.713178
0.200000,0.958922,3.926471,29.396362,2.520887,69.000000,0.797015
0.142857,0.004292,2.000000,26.794293,1.476190,7.000000,0.666667
0.142857,0.953191,3.833333,27.474116,2.510490,66.000000,0.793103
0.047619,0.114525,4.750000,24.252158,1.920000,25.000000,0.826087
0.047619,0.953191,3.833333,27.474116,2.510490,66.000000,0.793103
0.166667,0.177666,1.833333,27.831686,1.266667,6.000000,0.647059
0.166667,0.953191,3.833333,27.474116,2.510490,66.000000,0.793103
0.050000,0.486131,1.592593,30.000000,1.773684,20.000000,0.614286
0.050000,0.953191,3.833333,27.474116,2.510490,66.000000,0.793103
0.166667,0.989041,3.509091,27.371829,2.157617,52.000000,0.778226
0.166667,0.177666,1.833333,27.220532,1.266667,6.000000,0.647059
0.083333,0.960097,3.985075,29.165079,2.520887,69.000000,0.799401
0.166667,0.953191,3.833333,27.474116,2.510490,66.000000,0.793103
0.166667,0.177666,1.833333,27.831686,1.266667,6.000000,0.647059
0.050000,0.486131,1.592593,30.000000,1.773684,20.000000,0.614286
0.050000,0.953191,3.833333,27.474116,2.510490,66.000000,0.793103
0.200000,0.958922,3.926471,29.396362,2.520887,69.000000,0.797015
0.050000,0.486131,1.592593,30.000000,1.773684,20.000000,0.614286
0.050000,0.953191,3.833333,27.474116,2.510490,66.000000,0.793103
0.062500,0.613332,4.545455,27.914579,1.583333,16.000000,0.819672
0.062500,0.979200,3.235294,26.538962,2.124638,46.000000,0.763889
0.142857,0.004292,2.000000,26.794293,1.476190,7.000000,0.666667
0.142857,0.953191,3.833333,27.474116,2.510490,66.000000,0.793103
0.166667,0.252396,1.833333,27.831686,1.266667,6.000000,0.647059
0.166667,0.953191,3.833333,27.474116,2.510490,66.000000,0.793103
0.047619,0.114525,4.750000,24.252158,1.920000,25.000000,0.826087
0.047619,0.953191,3.833333,27.474116,2.510490,66.000000,0.793103
0.062500,0.592280,2.285714,30.000000,1.733333,16.000000,0.695652
0.166667,0.989041,3.509091,27.371829,2.157617,52.000000,0.778226
0.166667,0.177666,1.833333,27.220532,1.266667,6.000000,0.647059
0.166667,0.177666,1.833333,27.831686,1.266667,6.000000,0.647059
0.166667,0.953191,3.833333,27.474116,2.510490,66.000000,0.793103
0.166667,0.953191,3.833333,27.474116,2.510490,66.000000,0.793103
0.166667,0.177666,1.833333,27.831686,1.266667,6.000000,0.647059
0.142857,0.004292,2.000000,26.794293,1.476190,7.000000,0.666667
0.142857,0.953191,3.833333,27.474116,2.510490,66.000000,0.793103
0.083333,0.960097,3.985075,29.165079,2.520887,69.000000,0.799401
0.166667,0.252396,1.833333,27.831686,1.266667,6.000000,0.647059
0.166667,0.953191,3.833333,27.474116,2.510490,66.000000,0.793103
0.083333,0.084135,2.333333,29.971098,1.606061,12.000000,0.700000
0.083333,0.953191,3.833333,27.474116,2.510490,66.000000,0.793103
0.047619,0.953191,3.833333,27.474116,2.510490,66.000000,0.793103
0.047619,0.025735,3.578947,29.749910,1.680952,21.000000,0.781609
0.200000,0.772923,1.611111,29.822739,1.802198,14.000000,0.617021
0.250000,0.706624,2.388889,27.016671,1.855385,26.000000,0.704918
0.250000,0.146736,2.493333,28.105517,1.916735,50.000000,0.713740
0.250000,0.354412,3.117647,29.249032,1.747619,21.000000,0.757143
0.071429,0.024420,2.206522,25.367912,2.312987,56.000000,0.688136
0.100000,0.086957,1.714286,29.350997,1.466667,10.000000,0.631579
0.041667,0.151659,1.500000,26.653981,1.898551,24.000000,0.600000
0.041667,0.126491,2.244444,24.341385,2.304377,55.000000,0.691781
0.125000,0.335308,1.750000,28.456966,1.500000,8.000000,0.636364
0.125000,0.000000,1.600000,26.777206,1.792208,22.000000,0.615385
0.050000,0.212653,2.202247,17.490257,2.298393,54.000000,0.687719
0.050000,0.392505,1.470588,28.550000,1.868421,20.000000,0.595238
0.200000,0.643064,2.818182,28.222428,1.659341,14.000000,0.738095
0.076923,0.841642,1.863636,24.209745,1.700000,16.000000,0.650794
0.076923,0.182945,2.000000,29.282016,2.004598,30.000000,0.666667
0.100000,0.507846,1.762712,26.067892,2.083779,34.000000,0.638037
0.052632,0.197858,2.555556,28.267892,1.614035,19.000000,0.718750
0.052632,0.293619,3.866667,28.753985,1.901961,34.000000,0.794521
0.071429,0.610143,1.450000,29.151848,1.890110,14.000000,0.591837
0.071429,0.233591,3.625000,28.888118,1.901961,34.000000,0.783784
0.100000,0.117303,3.000000,28.843358,1.793103,30.000000,0.750000
0.125000,0.107212,2.285714,23.277091,2.066667,10.000000,0.695652
0.125000,0.485580,3.857143,26.159384,1.590909,12.000000,0.794118
0.062500,0.424176,2.529412,29.804378,1.641667,16.000000,0.716667
0.062500,0.134054,2.833333,25.917114,2.220588,17.000000,0.739130
0.066667,0.464445,1.400000,23.752898,1.723810,15.000000,0.583333
0.200000,0.931887,8.000000,24.397421,1.200000,5.000000,0.888889
0.090909,0.853651,1.583333,30.000000,1.800000,11.000000,0.612903
0.090909,0.703253,1.583333,30.000000,1.800000,11.000000,0.612903
0.142857,0.000000,1.913043,30.000000,1.516484,14.000000,0.656716
0.142857,0.277338,2.000000,24.928508,1.428571,7.000000,0.666667
0.125000,0.223515,1.666667,30.000000,1.464286,8.000000,0.625000
0.125000,0.079593,1.863636,29.035185,1.937322,27.000000,0.650794
0.125000,0.079593,1.863636,29.035185,1.937322,27.000000,0.650794
0.125000,0.223515,1.666667,30.000000,1.464286,8.000000,0.625000
0.111111,0.118923,2.529412,28.904421,1.641667,16.000000,0.716667
0.111111,0.843571,2.142857,15.394642,1.638889,9.000000,0.681818
0.250000,0.766283,2.428571,29.099679,1.676190,15.000000,0.708333
0.043478,0.146696,1.476190,24.726375,1.964427,23.000000,0.596154
0.043478,1.000000,1.880952,29.032518,1.926154,26.000000,0.652893
0.142857,1.000000,2.025641,27.905892,1.926154,26.000000,0.669492
0.090909,1.000000,1.684211,24.998278,1.941667,16.000000,0.627451
0.038462,1.000000,1.863636,29.105602,1.937322,27.000000,0.650794
0.210526,1.000000,2.050000,28.675362,1.700000,16.000000,0.672131
0.058824,1.000000,2.095238,28.411453,1.720588,17.000000,0.676923
0.058824,0.211282,1.739130,27.106736,1.784314,18.000000,0.634921
0.200000,1.000000,1.978723,28.837184,1.960591,29.000000,0.664286
0.200000,0.029586,6.000000,24.200000,1.400000,5.000000,0.857143
0.076923,0.154422,1.758065,28.254360,2.073084,34.000000,0.637427
0.076923,0.110842,1.529412,28.355905,1.666667,13.000000,0.604651
0.071429,0.075511,1.826087,24.580705,2.055914,31.000000,0.646154
0.055556,0.963232,4.500000,27.248893,1.699346,18.000000,0.818182
0.055556,0.331820,2.066667,27.958866,1.938424,29.000000,0.673913
0.111111,0.000409,1.805556,26.747566,1.978261,24.000000,0.643564
0.250000,0.066667,2.000000,30.000000,1.000000,4.000000,0.666667
0.250000,0.122523,1.850000,29.458712,2.085714,36.000000,0.649123
0.125000,0.109865,1.460674,28.540526,1.938834,38.000000,0.593607
0.125000,0.106967,2.600000,24.124084,1.607143,8.000000,0.722222
0.125000,0.109865,1.460674,28.540526,1.938834,38.000000,0.593607
0.125000,0.095834,2.600000,24.124084,1.607143,8.000000,0.722222
0.200000,0.924858,1.470588,27.786868,1.738562,18.000000,0.595238
0.111111,0.836875,1.727273,15.086288,1.472222,9.000000,0.633333
0.111111,0.225715,2.260870,28.213463,1.929412,35.000000,0.693333
0.029412,0.321965,1.758065,28.254360,2.073084,34.000000,0.637427
0.029412,0.033767,3.546875,29.326573,2.177858,58.000000,0.780069
0.032258,0.321965,1.758065,28.254360,2.073084,34.000000,0.637427
0.032258,0.041355,2.476190,27.295088,1.933333,31.000000,0.712329
0.029412,0.321965,1.758065,28.254360,2.073084,34.000000,0.637427
0.029412,0.148864,2.329670,26.764339,2.293506,56.000000,0.699670
0.250000,0.411272,4.000000,30.000000,1.333333,4.000000,0.800000
0.055556,0.164109,1.555556,29.818498,1.862366,31.000000,0.608696
0.055556,0.164109,1.555556,29.818498,1.862366,31.000000,0.608696
0.250000,0.411272,4.000000,30.000000,1.333333,4.000000,0.800000
0.071429,0.640576,1.833333,28.508631,1.811966,27.000000,0.647059
0.071429,0.640576,1.833333,28.508631,1.811966,27.000000,0.647059
0.066667,0.330442,1.837838,27.309782,1.794466,23.000000,0.647619
0.066667,1.000000,1.620690,26.540711,1.742647,17.000000,0.618421
0.125000,0.168045,2.384615,27.287167,2.342938,60.000000,0.704545
0.100000,0.843042,1.423077,29.155949,1.875000,16.000000,0.587302
0.125000,0.816626,1.888889,27.100000,1.622222,10.000000,0.653846
0.058824,0.161103,2.550000,26.727915,1.807018,19.000000,0.718310
0.250000,0.178368,1.714286,30.000000,1.571429,8.000000,0.631579
0.200000,0.879219,5.000000,25.422121,1.933333,10.000000,0.833333
0.200000,0.832958,2.000000,25.299267,1.400000,5.000000,0.666667
0.111111,0.248711,1.142857,21.861198,1.638889,9.000000,0.533333
0.125000,0.360982,1.555556,23.328510,1.575758,12.000000,0.608696
0.125000,0.090731,2.200000,26.844522,1.214286,8.000000,0.687500
0.045455,1.000000,3.684211,29.146276,1.705628,22.000000,0.786517
0.250000,0.853337,2.500000,29.924734,1.676471,17.000000,0.714286
0.250000,0.853337,2.500000,29.924734,1.676471,17.000000,0.714286
0.111111,0.004329,2.103448,27.007389,1.752632,20.000000,0.677778
0.200000,0.273577,3.085714,28.128612,1.793103,30.000000,0.755245
0.200000,0.399461,1.278481,29.953861,2.048128,34.000000,0.561111
0.200000,0.189124,1.320388,29.113893,1.933873,39.000000,0.569038
0.250000,1.000000,4.000000,23.826109,1.500000,9.000000,0.800000
0.142857,0.337051,1.714286,23.145891,1.571429,8.000000,0.631579
0.142857,1.000000,6.000000,30.000000,1.428571,7.000000,0.857143
0.142857,0.337051,1.714286,23.145891,1.571429,8.000000,0.631579
0.142857,1.000000,6.000000,30.000000,1.428571,7.000000,0.857143
0.041667,0.557332,1.950000,28.810007,1.920290,24.000000,0.661017
0.041667,0.278540,2.000000,29.148663,2.004598,30.000000,0.666667
0.035714,0.037138,1.780488,29.324814,2.074074,28.000000,0.640351
0.035714,0.188799,2.190476,28.248820,2.363095,64.000000,0.686567
0.111111,0.121379,2.511111,28.244790,1.935484,32.000000,0.715190
0.166667,0.186427,2.470588,26.981812,1.860294,17.000000,0.711864
0.166667,0.377935,2.500000,29.738543,1.333333,6.000000,0.714286
0.142857,0.754957,3.666667,29.192675,1.633333,16.000000,0.785714
0.250000,0.056398,2.096154,29.757475,2.024955,34.000000,0.677019
0.034483,0.960307,1.281690,25.621743,1.965517,29.000000,0.561728
0.034483,0.095362,2.468085,27.416223,1.921922,37.000000,0.711656
0.111111,0.960307,1.281690,25.621743,1.965517,29.000000,0.561728
0.111111,0.960307,1.281690,25.621743,1.965517,29.000000,0.561728
0.034483,0.095362,2.468085,27.416223,1.921922,37.000000,0.711656
0.034483,0.960307,1.281690,25.621743,1.965517,29.000000,0.561728
0.111111,0.960307,1.281690,25.621743,1.965517,29.000000,0.561728
0.111111,0.960307,1.281690,25.621743,1.965517,29.000000,0.561728
0.034483,0.095362,2.468085,27.416223,1.921922,37.000000,0.711656
0.034483,0.993675,1.281690,25.621743,1.965517,29.000000,0.561728
0.111111,0.993675,1.281690,25.621743,1.965517,29.000000,0.561728
0.034483,0.095362,2.468085,27.416223,1.921922,37.000000,0.711656
0.034483,0.960307,1.281690,25.621743,1.965517,29.000000,0.561728
0.034483,0.960307,1.281690,25.621743,1.965517,29.000000,0.561728
0.034483,0.095362,2.468085,27.416223,1.921922,37.000000,0.711656
0.200000,0.004292,2.200000,30.000000,1.266667,6.000000,0.687500
0.200000,0.004292,2.200000,30.000000,1.266667,6.000000,0.687500
0.200000,1.000000,1.347826,26.693145,1.747253,14.000000,0.574074
0.083333,0.962538,1.703704,30.000000,1.303030,12.000000,0.630137
0.083333,0.243308,1.540984,25.187291,2.064394,33.000000,0.606452
0.076923,0.066648,2.363636,30.000000,1.666667,13.000000,0.702703
0.076923,0.963358,1.265823,30.000000,1.982796,31.000000,0.558659
0.200000,0.982902,1.772727,28.336591,1.290909,11.000000,0.639344
0.142857,0.066303,3.833333,27.474116,2.510490,66.000000,0.793103
0.142857,1.000000,2.500000,29.504769,1.285714,7.000000,0.714286
0.076923,0.066648,2.363636,30.000000,1.666667,13.000000,0.702703
0.076923,0.963358,1.265823,30.000000,1.982796,31.000000,0.558659
0.083333,0.962538,1.703704,30.000000,1.303030,12.000000,0.630137
0.083333,0.243308,1.540984,25.187291,2.064394,33.000000,0.606452
0.083333,0.962538,1.703704,30.000000,1.303030,12.000000,0.630137
0.083333,0.243308,1.540984,25.187291,2.064394,33.000000,0.606452
0.076923,0.066648,2.363636,30.000000,1.666667,13.000000,0.702703
0.076923,0.963358,1.265823,30.000000,1.982796,31.000000,0.558659
0.083333,0.962538,1.703704,30.000000,1.303030,12.000000,0.630137
0.083333,0.243308,1.540984,25.187291,2.064394,33.000000,0.606452
0.200000,0.982902,1.772727,28.336591,1.290909,11.000000,0.639344
0.200000,0.958759,1.772727,28.336591,1.290909,11.000000,0.639344
0.076923,0.963358,1.265823,30.000000,1.982796,31.000000,0.558659
0.076923,0.066648,2.363636,30.000000,1.666667,13.000000,0.702703
0.076923,0.066648,2.363636,30.000000,1.666667,13.000000,0.702703
0.076923,1.000000,1.265823,30.000000,1.982796,31.000000,0.558659
0.076923,0.118895,3.554348,29.408172,2.602077,79.000000,0.780430
0.076923,0.020261,2.166667,30.000000,1.666667,13.000000,0.684211
0.200000,0.982902,1.772727,28.336591,1.290909,11.000000,0.639344
0.076923,0.001943,1.578125,27.074332,2.048128,34.000000,0.612121
0.076923,0.066303,3.833333,27.474116,2.510490,66.000000,0.793103
0.026316,0.026472,1.314607,27.389361,2.091038,38.000000,0.567961
0.026316,0.118895,3.554348,29.408172,2.602077,79.000000,0.780430
0.142857,0.118895,3.554348,29.408172,2.602077,79.000000,0.780430
0.125000,0.093764,2.111111,29.659924,1.964015,33.000000,0.678571
0.200000,0.346683,3.666667,24.077356,1.672727,11.000000,0.785714
0.111111,0.772811,6.500000,29.159570,1.805556,9.000000,0.866667
0.111111,0.741456,6.500000,29.159570,1.805556,9.000000,0.866667
0.200000,0.966044,3.500000,24.131561,1.300000,5.000000,0.777778
0.200000,0.015194,1.966667,23.970519,1.995733,38.000000,0.662921
0.166667,0.172046,2.000000,26.055074,1.523810,7.000000,0.666667
0.111111,0.289274,1.142857,24.866916,1.638889,9.000000,0.533333
0.090909,0.264835,1.571429,24.376243,1.400000,11.000000,0.611111
0.090909,0.217189,3.526882,29.553396,2.609810,80.000000,0.779097
0.090909,0.264835,1.571429,24.376243,1.400000,11.000000,0.611111
0.090909,0.102425,3.526882,29.553396,2.609810,80.000000,0.779097
0.090909,0.264835,1.571429,24.376243,1.400000,11.000000,0.611111
0.090909,0.102425,3.526882,29.553396,2.609810,80.000000,0.779097
0.090909,0.264835,1.571429,24.376243,1.400000,11.000000,0.611111
0.090909,0.102425,3.526882,29.553396,2.609810,80.000000,0.779097
0.250000,0.013902,1.644444,28.175862,1.804233,28.000000,0.621849
0.090909,0.264835,1.571429,24.376243,1.400000,11.000000,0.611111
0.090909,0.102425,3.526882,29.553396,2.609810,80.000000,0.779097
0.090909,0.264835,1.571429,24.376243,1.400000,11.000000,0.611111
0.090909,0.333115,3.526882,29.553396,2.609810,80.000000,0.779097
0.200000,0.264688,1.857143,28.823889,1.989919,32.000000,0.650000
0.111111,1.000000,1.700000,19.041889,1.527778,9.000000,0.629630
0.111111,1.000000,1.400000,25.382394,1.795322,19.000000,0.583333
0.142857,1.000000,1.700000,19.041889,1.527778,9.000000,0.629630
0.142857,0.043721,1.459459,29.862130,1.725490,18.000000,0.593407
0.166667,1.000000,1.571429,26.989602,1.266667,6.000000,0.611111
0.166667,1.000000,1.571429,26.989602,1.266667,6.000000,0.611111
0.166667,0.546970,1.352941,29.030418,1.842105,19.000000,0.575000
0.142857,0.512799,1.615385,10.145601,1.444444,9.000000,0.617647
0.200000,0.039614,1.875000,27.293030,1.583333,9.000000,0.652174
0.166667,0.433987,1.606061,27.238788,1.732026,18.000000,0.616279
0.166667,0.470922,2.923077,29.564231,1.615789,20.000000,0.745098
0.125000,0.141082,3.391304,27.747067,1.803077,26.000000,0.772277
0.050000,0.216884,2.851064,28.334853,1.970128,38.000000,0.740331
0.050000,1.000000,2.208333,26.461883,1.721053,20.000000,0.688312
0.100000,0.494790,3.461538,27.077158,1.666667,16.000000,0.775862
0.076923,0.472845,1.428571,29.382787,1.868421,20.000000,0.588235
0.076923,1.000000,3.153846,27.178971,1.538462,13.000000,0.759259
0.111111,0.895064,2.077922,28.177567,1.983575,46.000000,0.675105
0.142857,0.487115,1.625000,28.616080,1.380952,7.000000,0.619048
0.142857,0.872329,2.041667,27.467020,1.995772,44.000000,0.671233
0.100000,0.871129,1.985915,27.580752,2.002215,43.000000,0.665094
0.062500,0.882118,2.179104,27.526990,2.016162,45.000000,0.685446
0.062500,0.232291,1.838710,27.753988,1.826316,20.000000,0.647727
0.166667,0.562797,1.800000,27.910427,1.400000,6.000000,0.642857
0.200000,0.527943,1.517241,29.307913,1.783626,19.000000,0.602740
0.111111,0.614162,4.846154,27.406481,1.766082,19.000000,0.828947
0.111111,0.597058,2.285714,26.666667,1.611111,9.000000,0.695652
0.166667,1.000000,2.200000,30.000000,1.266667,6.000000,0.687500
0.166667,1.000000,2.200000,30.000000,1.266667,6.000000,0.687500
0.076923,0.100726,2.600000,27.692308,1.807692,13.000000,0.722222
0.200000,1.000000,2.733333,26.828429,1.939092,43.000000,0.732143
0.166667,1.000000,2.166667,25.853029,1.886243,28.000000,0.684211
0.250000,1.000000,2.555556,29.439694,1.845345,37.000000,0.718750
0.052632,0.248126,8.285714,27.793651,1.766082,19.000000,0.892308
0.052632,0.177832,1.376812,25.252393,2.011364,33.000000,0.579268
0.043478,1.000000,2.977778,27.166255,1.970128,38.000000,0.748603
0.043478,0.163243,1.352941,23.750187,1.903333,25.000000,0.575000
0.200000,1.000000,2.688525,26.942602,1.939092,43.000000,0.728889
0.166667,0.686275,1.750000,7.773000,1.533333,6.000000,0.636364
0.166667,1.000000,2.509091,29.915407,1.845345,37.000000,0.715026
0.083333,0.427847,1.823529,28.494801,1.530303,12.000000,0.645833
0.083333,0.125138,1.682927,27.083701,1.787879,22.000000,0.627273
0.100000,0.284597,1.214286,25.040485,1.733333,10.000000,0.548387
0.100000,0.503759,6.333333,24.733393,1.711111,10.000000,0.863636
0.100000,0.193239,1.875000,28.210066,1.840000,25.000000,0.652174
0.090909,0.201630,2.222222,30.000000,1.763636,11.000000,0.689655
0.200000,0.186478,1.285714,27.742179,2.091038,38.000000,0.562500
0.200000,0.096689,5.000000,26.243613,1.600000,5.000000,0.833333
0.076923,0.338373,2.035714,29.943473,1.964015,33.000000,0.670588
0.090909,1.000000,2.222222,30.000000,1.763636,11.000000,0.689655
0.076923,0.077420,2.437500,27.597721,1.834677,32.000000,0.709091
0.142857,1.000000,2.333333,29.744095,1.600000,10.000000,0.700000
0.250000,0.432408,5.076923,27.269431,1.709524,21.000000,0.835443
0.076923,0.517779,1.600000,23.714469,1.615385,13.000000,0.615385
0.055556,0.120362,4.200000,27.307933,2.111111,18.000000,0.807692
0.055556,0.179900,2.900000,28.550000,1.789474,20.000000,0.743590
0.055556,0.181838,4.200000,27.307933,2.111111,18.000000,0.807692
0.055556,0.179900,2.900000,28.550000,1.789474,20.000000,0.743590
0.040000,0.467870,3.554348,29.408172,2.602077,79.000000,0.780430
0.040000,0.467870,3.554348,29.408172,2.602077,79.000000,0.780430
0.040000,0.467870,3.554348,29.408172,2.602077,79.000000,0.780430
0.040000,0.467870,3.554348,29.408172,2.602077,79.000000,0.780430
0.040000,0.282657,3.554348,29.408172,2.602077,79.000000,0.780430
0.038462,0.014354,1.510204,29.943973,1.804233,28.000000,0.601626
0.100000,0.164546,1.780488,28.986146,2.074074,28.000000,0.640351
0.100000,0.552029,4.142857,25.685533,1.355556,10.000000,0.805556
0.100000,0.079346,1.252174,28.184991,2.120709,43.000000,0.555985
0.076923,0.047841,4.750000,29.006369,1.512821,13.000000,0.826087
0.076923,0.238260,1.287037,25.069011,2.113821,42.000000,0.562753
0.250000,0.346199,1.833333,26.992900,1.600000,11.000000,0.647059
0.100000,0.181048,6.333333,24.733393,1.711111,10.000000,0.863636
0.100000,0.092773,1.981818,30.000000,2.024955,34.000000,0.664634
0.076923,0.138054,2.312500,29.449490,1.883598,28.000000,0.698113
0.050000,0.307963,1.351351,29.936024,1.868421,20.000000,0.574713
0.111111,0.942482,4.750000,24.761644,1.872727,11.000000,0.826087
0.111111,0.153036,1.642857,24.101443,1.361111,9.000000,0.621622
0.111111,0.153036,1.642857,24.101443,1.361111,9.000000,0.621622
0.111111,0.942482,4.750000,24.761644,1.872727,11.000000,0.826087
0.200000,1.000000,3.000000,28.887771,1.400000,6.000000,0.750000
0.200000,0.357843,1.928571,29.793195,1.651515,12.000000,0.658537
0.090909,1.000000,2.000000,21.675364,1.818182,11.000000,0.666667
0.090909,0.108212,2.066667,28.246499,1.876190,15.000000,0.673913
0.142857,0.425741,3.333333,30.000000,1.523810,7.000000,0.769231
0.142857,1.000000,2.000000,21.675364,1.818182,11.000000,0.666667
0.142857,1.000000,2.000000,21.675364,1.818182,11.000000,0.666667
0.142857,0.425741,3.333333,30.000000,1.523810,7.000000,0.769231
0.090909,1.000000,2.000000,21.675364,1.818182,11.000000,0.666667
0.111111,1.000000,2.714286,28.923618,1.527778,9.000000,0.730769
0.050000,0.102341,1.734694,27.563279,1.826211,27.000000,0.634328
0.050000,0.898852,2.263158,14.242331,1.984211,20.000000,0.693548
0.050000,0.104682,2.413043,29.321499,1.883598,28.000000,0.707006
0.050000,0.898852,2.263158,14.242331,1.984211,20.000000,0.693548
0.076923,0.095023,3.200000,26.716326,1.736264,14.000000,0.761905
0.076923,0.004501,2.372549,28.538189,1.905747,30.000000,0.703488
0.050000,1.000000,1.954545,26.051983,2.005263,20.000000,0.661538
0.050000,0.385742,2.202247,17.490257,2.298393,54.000000,0.687719
0.043478,1.000000,1.375000,29.905669,1.988142,23.000000,0.578947
0.090909,1.000000,1.487805,28.863852,1.967391,24.000000,0.598039
0.062500,1.000000,2.105263,23.831371,1.947712,18.000000,0.677966
0.062500,0.487099,1.740741,30.000000,1.675000,16.000000,0.635135
0.090909,0.173367,3.554348,29.408172,2.602077,79.000000,0.780430
0.090909,0.041613,3.554348,29.408172,2.602077,79.000000,0.780430
0.090909,0.041613,3.554348,29.408172,2.602077,79.000000,0.780430
0.100000,0.162306,2.900000,24.235963,2.137681,24.000000,0.743590
0.050000,0.191234,2.384615,27.287167,2.342938,60.000000,0.704545
0.050000,0.469086,1.351351,29.791697,1.868421,20.000000,0.574713
0.090909,0.041613,3.554348,29.408172,2.602077,79.000000,0.780430
0.100000,0.066536,2.900000,24.235963,2.137681,24.000000,0.743590
0.083333,0.584207,1.846154,24.657217,1.757576,12.000000,0.648649
0.083333,0.064414,1.294118,29.989833,1.888889,19.000000,0.564103
0.100000,0.496572,1.894737,25.497441,1.812308,26.000000,0.654545
0.076923,0.072294,1.428571,29.564231,1.868421,20.000000,0.588235
0.076923,0.186456,2.833333,25.917114,2.220588,17.000000,0.739130
0.100000,0.214977,1.526316,23.057996,1.628205,13.000000,0.604167
0.100000,0.650492,2.222222,28.137129,1.604396,14.000000,0.689655
0.090909,0.041613,3.554348,29.408172,2.602077,79.000000,0.780430
0.100000,0.693119,1.533333,24.000000,1.511111,10.000000,0.605263
0.100000,0.618878,2.181818,27.947298,1.862745,18.000000,0.685714
0.142857,0.669086,1.785714,26.712308,1.444444,10.000000,0.641026
0.142857,1.000000,1.833333,14.394505,1.476190,7.000000,0.647059
0.066667,1.000000,1.384615,28.245360,1.733333,15.000000,0.580645
0.166667,0.106157,1.666667,30.000000,1.333333,6.000000,0.625000
0.166667,0.190210,3.000000,29.826669,1.805263,20.000000,0.750000
0.166667,0.106157,1.666667,30.000000,1.333333,6.000000,0.625000
0.166667,0.190210,3.000000,29.826669,1.805263,20.000000,0.750000
0.111111,0.646889,1.828125,28.885481,2.018487,35.000000,0.646409
0.111111,0.137783,1.256198,27.648442,2.106765,44.000000,0.556777
0.111111,0.534627,2.500000,25.627629,1.444444,9.000000,0.714286
0.111111,0.182361,1.405405,28.693036,1.483516,14.000000,0.584270
0.111111,0.534627,2.500000,25.627629,1.444444,9.000000,0.714286
0.111111,0.182361,1.405405,28.693036,1.483516,14.000000,0.584270
0.111111,0.534627,2.500000,25.627629,1.444444,9.000000,0.714286
0.111111,0.182361,1.405405,28.693036,1.483516,14.000000,0.584270
0.111111,0.534627,2.500000,25.627629,1.444444,9.000000,0.714286
0.111111,0.339250,1.405405,28.693036,1.483516,14.000000,0.584270
0.090909,0.136035,1.642857,22.840290,1.636364,11.000000,0.621622
0.090909,0.795940,1.500000,26.682337,1.800000,20.000000,0.600000
0.050000,0.795940,1.500000,24.718082,1.800000,20.000000,0.600000
0.050000,0.253077,1.112903,25.786882,1.963333,25.000000,0.526718
0.062500,1.000000,1.541667,9.279130,1.691667,16.000000,0.606557
0.062500,0.123665,1.444444,29.250539,2.041252,38.000000,0.590909
0.062500,1.000000,2.300000,29.693635,1.616667,16.000000,0.696970
0.062500,0.602983,2.777778,29.447474,1.696970,22.000000,0.735294
0.055556,1.000000,2.363636,27.248893,1.660131,18.000000,0.702703
0.055556,0.314939,1.826087,24.181947,2.055914,31.000000,0.646154
0.250000,1.000000,2.454545,29.508850,1.730000,25.000000,0.710526
0.083333,0.086852,2.571429,28.550050,1.515152,12.000000,0.720000
0.083333,0.098462,1.417476,28.874753,1.917949,40.000000,0.586345
0.166667,0.163368,2.056604,29.821242,2.024955,34.000000,0.672840
0.076923,0.228649,1.540541,28.622502,2.030030,37.000000,0.606383
0.142857,0.191919,2.000000,29.299737,1.238095,7.000000,0.666667
0.250000,1.000000,1.705882,30.000000,1.472727,11.000000,0.630435
0.125000,0.401922,3.458333,28.217875,1.806268,27.000000,0.775701
0.083333,0.189841,1.641026,20.384428,1.997151,27.000000,0.621359
0.083333,0.140625,3.000000,28.485490,1.545455,12.000000,0.750000
0.083333,0.140625,3.000000,28.485490,1.545455,12.000000,0.750000
0.083333,0.189841,1.641026,20.384428,1.997151,27.000000,0.621359
0.037037,0.189841,1.641026,20.384428,1.997151,27.000000,0.621359
0.037037,0.033041,1.444444,29.217826,2.041252,38.000000,0.590909
0.037037,0.189841,1.641026,20.384428,1.997151,27.000000,0.621359
0.037037,0.033041,1.444444,29.217826,2.041252,38.000000,0.590909
0.083333,0.066305,2.000000,29.506225,1.791209,14.000000,0.666667
0.083333,0.348837,2.200000,18.146741,1.985294,17.000000,0.687500
0.083333,0.056310,3.187500,28.421053,1.906433,19.000000,0.761194
0.083333,0.056310,3.187500,28.421053,1.906433,19.000000,0.761194
0.250000,0.114717,1.750000,27.371562,1.758242,14.000000,0.636364
0.250000,0.266779,1.461538,29.932928,2.030030,37.000000,0.593750
0.142857,0.158416,2.000000,29.504769,1.238095,7.000000,0.666667
0.100000,0.624927,1.615385,27.269697,1.533333,10.000000,0.617647
0.166667,0.733375,1.956522,23.135267,1.883041,19.000000,0.661765
0.037037,0.040908,3.411111,30.000000,2.235412,71.000000,0.773300
0.037037,0.020337,3.411111,30.000000,2.235412,71.000000,0.773300
0.090909,0.420798,3.857143,27.664583,1.590909,12.000000,0.794118
0.090909,1.000000,2.444444,24.276703,1.600000,11.000000,0.709677
0.037037,0.109156,1.576923,27.744780,1.823656,31.000000,0.611940
0.037037,0.020337,3.411111,30.000000,2.235412,71.000000,0.773300
0.037037,0.020337,3.411111,30.000000,2.235412,71.000000,0.773300
0.037037,0.020337,3.411111,30.000000,2.235412,71.000000,0.773300
0.125000,0.181613,1.828571,28.502870,2.019915,38.000000,0.646465
0.037037,0.020337,3.411111,30.000000,2.235412,71.000000,0.773300
0.043478,0.028034,1.900000,28.695652,1.778656,23.000000,0.655172
0.125000,0.178394,1.455696,29.652098,2.034921,36.000000,0.592784
0.083333,1.000000,1.411765,28.909239,1.757576,12.000000,0.585366
0.083333,0.004255,1.605263,25.933310,1.839827,22.000000,0.616162
0.083333,0.183286,2.200000,26.237657,1.958621,30.000000,0.687500
0.083333,0.513698,1.411765,22.892368,1.757576,12.000000,0.585366
0.166667,0.910255,2.750000,25.329167,1.266667,6.000000,0.733333
0.166667,0.022047,2.588235,25.753950,1.683333,16.000000,0.721311
0.071429,0.691446,1.761194,28.564196,2.041270,36.000000,0.637838
0.090909,0.739509,2.000000,30.000000,1.709091,11.000000,0.666667
0.090909,0.519529,2.000000,30.000000,1.709091,11.000000,0.666667
0.071429,0.599190,2.250000,29.342991,1.834677,32.000000,0.692308
0.083333,0.201379,1.526882,28.568815,2.210410,43.000000,0.604255
0.025641,0.009167,1.824324,29.087611,2.009447,39.000000,0.645933
0.025641,0.251036,1.426230,26.987320,2.290816,49.000000,0.587838
0.166667,0.422093,2.549020,27.434853,1.920513,40.000000,0.718232
0.058824,0.241815,1.484848,27.739522,1.862366,31.000000,0.597561
0.058824,1.000000,5.166667,26.511178,1.810526,20.000000,0.837838
0.095238,1.000000,1.468085,28.993915,1.790000,25.000000,0.594828
0.095238,0.472272,1.394737,22.678555,1.952381,21.000000,0.582418
0.200000,1.000000,5.000000,26.428880,1.000000,5.000000,0.833333
0.200000,1.000000,1.820000,28.193641,1.775132,28.000000,0.645390
0.062500,1.000000,1.754098,29.183900,1.802419,32.000000,0.636905
0.062500,0.519800,1.406250,29.744771,1.650000,16.000000,0.584416
0.166667,0.279225,3.074074,29.422444,1.806268,27.000000,0.754545
0.111111,0.078069,3.449438,29.154947,2.235412,71.000000,0.775253
0.111111,0.078069,3.449438,29.154947,2.235412,71.000000,0.775253
0.111111,0.078069,3.449438,29.154947,2.235412,71.000000,0.775253
0.111111,0.078069,3.449438,29.154947,2.235412,71.000000,0.775253
0.111111,0.078069,3.449438,29.154947,2.235412,71.000000,0.775253
0.111111,0.076076,3.449438,29.154947,2.235412,71.000000,0.775253
0.142857,0.313042,1.743590,26.893083,1.733333,21.000000,0.635514
0.052632,0.556182,1.620690,29.030418,1.725146,19.000000,0.618421
0.066667,0.272949,1.944444,30.000000,1.766234,22.000000,0.660377
0.066667,0.666667,1.458333,8.197035,1.714286,15.000000,0.593220
0.058824,0.223911,1.641026,20.384428,1.997151,27.000000,0.621359
0.100000,0.418626,2.928571,27.481548,1.849673,18.000000,0.745455
0.100000,0.425067,1.363636,26.992997,1.771429,15.000000,0.576923
0.058824,0.223911,1.641026,20.384428,1.997151,27.000000,0.621359
0.100000,0.425067,1.363636,26.992997,1.771429,15.000000,0.576923
0.100000,0.418626,2.928571,27.481548,1.849673,18.000000,0.745455
0.100000,0.388785,2.736842,30.000000,1.936842,20.000000,0.732394
0.100000,0.331034,1.545455,21.848108,1.666667,10.000000,0.607143
0.100000,0.331034,1.545455,21.848108,1.666667,10.000000,0.607143
0.100000,0.394073,2.736842,30.000000,1.936842,20.000000,0.732394
0.250000,0.017399,3.631579,27.067351,1.916996,23.000000,0.784091
0.250000,0.017399,3.631579,27.067351,1.916996,23.000000,0.784091
0.250000,0.545455,1.666667,15.885885,1.333333,6.000000,0.625000
0.125000,1.000000,1.444444,24.865808,1.607143,8.000000,0.590909
0.125000,0.748380,7.500000,22.441997,1.955556,10.000000,0.882353
0.062500,0.629605,2.888889,29.236232,1.936842,20.000000,0.742857
0.058824,0.347620,1.815789,30.000000,1.787879,22.000000,0.644860
0.062500,0.423270,2.888889,29.236232,1.936842,20.000000,0.742857
0.058824,0.264719,2.365385,28.820526,1.935484,31.000000,0.702857
0.066667,1.000000,1.458333,8.197035,1.714286,15.000000,0.593220
0.066667,0.199987,2.188406,29.073399,1.947475,45.000000,0.686364
0.100000,1.000000,1.458333,8.197035,1.714286,15.000000,0.593220
0.181818,0.963929,1.571429,30.000000,1.266667,6.000000,0.611111
0.181818,0.987580,3.554348,29.408172,2.602077,79.000000,0.780430
0.181818,0.431799,3.222222,27.111111,1.194444,9.000000,0.763158
0.031250,0.890327,2.404255,29.478699,1.935484,32.000000,0.706250
0.031250,0.987580,3.554348,29.408172,2.602077,79.000000,0.780430
0.031250,0.991932,3.554348,29.408172,2.602077,79.000000,0.780430
0.031250,0.890327,2.404255,29.478699,1.935484,32.000000,0.706250
0.250000,0.991266,3.411111,29.806070,2.235412,71.000000,0.773300
0.250000,0.392857,4.000000,24.553177,1.333333,4.000000,0.800000
0.285714,0.990394,3.605634,29.799368,2.170809,62.000000,0.782875
0.285714,0.983059,3.605634,29.799368,2.170809,62.000000,0.782875
0.166667,0.991932,3.554348,29.408172,2.602077,79.000000,0.780430
0.166667,0.363124,2.500000,29.305656,1.000000,6.000000,0.714286
0.181818,0.991932,3.554348,29.408172,2.602077,79.000000,0.780430
0.181818,0.434485,3.222222,27.111111,1.194444,9.000000,0.763158
0.181818,0.991932,3.554348,29.408172,2.602077,79.000000,0.780430
0.181818,0.431799,3.222222,27.111111,1.194444,9.000000,0.763158
0.125000,1.000000,1.857143,27.702718,1.535714,8.000000,0.650000
0.125000,0.987580,3.554348,29.408172,2.602077,79.000000,0.780430
0.181818,0.434485,3.222222,27.111111,1.194444,9.000000,0.763158
0.181818,0.987580,3.554348,29.408172,2.602077,79.000000,0.780430
0.035714,0.921208,2.421053,28.330998,1.899471,28.000000,0.707692
0.166667,0.363124,2.500000,29.305656,1.000000,6.000000,0.714286
0.166667,0.991932,3.554348,29.408172,2.602077,79.000000,0.780430
0.031250,0.890327,2.404255,29.478699,1.935484,32.000000,0.706250
0.031250,0.991932,3.554348,29.408172,2.602077,79.000000,0.780430
0.181818,0.991932,3.554348,29.408172,2.602077,79.000000,0.780430
0.181818,0.431799,3.222222,27.111111,1.194444,9.000000,0.763158
0.181818,0.431799,3.222222,27.111111,1.194444,9.000000,0.763158
0.181818,0.991932,3.554348,29.408172,2.602077,79.000000,0.780430
0.166667,0.363124,2.500000,29.305656,1.000000,6.000000,0.714286
0.166667,0.987580,3.554348,29.408172,2.602077,79.000000,0.780430
0.250000,0.991266,3.411111,29.806070,2.235412,71.000000,0.773300
0.250000,0.392857,4.000000,24.553177,1.333333,4.000000,0.800000
0.083333,0.987580,3.554348,29.408172,2.602077,79.000000,0.780430
0.181818,0.939047,1.571429,30.000000,1.266667,6.000000,0.611111
0.181818,0.431799,3.222222,27.111111,1.194444,9.000000,0.763158
0.181818,0.991932,3.554348,29.408172,2.602077,79.000000,0.780430
0.181818,0.991932,3.554348,29.408172,2.602077,79.000000,0.780430
0.181818,0.431799,3.222222,27.111111,1.194444,9.000000,0.763158
0.166667,1.000000,2.000000,28.813706,1.476190,7.000000,0.666667
0.062500,0.783048,3.250000,24.642399,1.948529,17.000000,0.764706
0.062500,0.990019,3.506849,30.000000,2.170809,62.000000,0.778116
0.125000,1.000000,1.857143,27.702718,1.535714,8.000000,0.650000
0.125000,0.991932,3.554348,29.408172,2.602077,79.000000,0.780430
0.181818,0.991932,3.554348,29.408172,2.602077,79.000000,0.780430
0.181818,0.431799,3.222222,27.111111,1.194444,9.000000,0.763158
0.062500,0.783048,3.250000,24.642399,1.948529,17.000000,0.764706
0.062500,0.945348,3.506849,30.000000,2.170809,62.000000,0.778116
0.181818,0.991932,3.554348,29.408172,2.602077,79.000000,0.780430
0.181818,0.434485,3.222222,27.111111,1.194444,9.000000,0.763158
0.031250,0.890327,2.404255,29.478699,1.935484,32.000000,0.706250
0.031250,0.991932,3.554348,29.408172,2.602077,79.000000,0.780430
0.181818,0.431799,3.222222,27.111111,1.194444,9.000000,0.763158
0.181818,0.991932,3.554348,29.408172,2.602077,79.000000,0.780430
0.142857,0.804772,3.000000,25.324243,1.285714,7.000000,0.750000
0.142857,0.987580,3.554348,29.408172,2.602077,79.000000,0.780430
0.250000,0.969581,3.411111,29.806070,2.235412,71.000000,0.773300
0.250000,0.392857,4.000000,24.553177,1.333333,4.000000,0.800000
0.142857,0.991932,3.554348,29.408172,2.602077,79.000000,0.780430
0.142857,0.804772,3.000000,25.324243,1.285714,7.000000,0.750000
0.181818,0.431799,3.222222,27.111111,1.194444,9.000000,0.763158
0.181818,0.991932,3.554348,29.408172,2.602077,79.000000,0.780430
0.083333,0.991932,3.554348,29.408172,2.602077,79.000000,0.780430
0.083333,0.991932,3.554348,29.408172,2.602077,79.000000,0.780430
0.031250,0.991932,3.554348,29.408172,2.602077,79.000000,0.780430
0.031250,0.890327,2.404255,29.478699,1.935484,32.000000,0.706250
0.200000,0.986978,3.783333,29.129134,2.177858,58.000000,0.790941
0.142857,0.804772,3.000000,25.324243,1.285714,7.000000,0.750000
0.142857,0.991932,3.554348,29.408172,2.602077,79.000000,0.780430
0.166667,0.991932,3.554348,29.408172,2.602077,79.000000,0.780430
0.166667,0.363124,2.500000,29.305656,1.000000,6.000000,0.714286
0.125000,1.000000,1.857143,27.702718,1.535714,8.000000,0.650000
0.125000,0.991932,3.554348,29.408172,2.602077,79.000000,0.780430
0.142857,0.804772,3.000000,25.324243,1.285714,7.000000,0.750000
0.142857,0.991932,3.554348,29.408172,2.602077,79.000000,0.780430
0.285714,0.990394,3.605634,29.799368,2.170809,62.000000,0.782875
0.285714,0.953845,3.605634,29.799368,2.170809,62.000000,0.782875
0.181818,0.431799,3.222222,27.111111,1.194444,9.000000,0.763158
0.181818,0.991932,3.554348,29.408172,2.602077,79.000000,0.780430
0.083333,0.991932,3.554348,29.408172,2.602077,79.000000,0.780430
0.181818,0.987580,3.554348,29.408172,2.602077,79.000000,0.780430
0.181818,0.431799,3.222222,27.111111,1.194444,9.000000,0.763158
0.285714,0.990394,3.605634,29.799368,2.170809,62.000000,0.782875
0.285714,0.990394,3.605634,29.799368,2.170809,62.000000,0.782875
0.181818,0.991932,3.554348,29.408172,2.602077,79.000000,0.780430
0.181818,0.431799,3.222222,27.111111,1.194444,9.000000,0.763158
0.250000,0.991266,3.411111,29.806070,2.235412,71.000000,0.773300
0.250000,0.392857,4.000000,24.553177,1.333333,4.000000,0.800000
0.181818,0.939047,1.571429,30.000000,1.266667,6.000000,0.611111
0.166667,0.363124,2.500000,29.305656,1.000000,6.000000,0.714286
0.166667,0.991932,3.554348,29.408172,2.602077,79.000000,0.780430
0.125000,1.000000,1.857143,27.702718,1.535714,8.000000,0.650000
0.125000,0.991932,3.554348,29.408172,2.602077,79.000000,0.780430
0.181818,0.939047,1.571429,30.000000,1.266667,6.000000,0.611111
0.181818,0.434485,3.222222,27.111111,1.194444,9.000000,0.763158
0.181818,0.991932,3.554348,29.408172,2.602077,79.000000,0.780430
0.062500,0.783048,3.250000,24.642399,1.948529,17.000000,0.764706
0.062500,0.990019,3.506849,30.000000,2.170809,62.000000,0.778116
0.062500,0.783048,3.250000,24.642399,1.948529,17.000000,0.764706
0.062500,0.990019,3.506849,30.000000,2.170809,62.000000,0.778116
0.062500,0.783048,3.250000,24.642399,1.948529,17.000000,0.764706
0.062500,0.978405,3.506849,30.000000,2.170809,62.000000,0.778116
0.062500,0.783048,3.250000,24.642399,1.948529,17.000000,0.764706
0.062500,0.990019,3.506849,30.000000,2.170809,62.000000,0.778116
0.181818,0.987580,3.554348,29.408172,2.602077,79.000000,0.780430
0.181818,0.431799,3.222222,27.111111,1.194444,9.000000,0.763158
0.181818,0.991932,3.554348,29.408172,2.602077,79.000000,0.780430
0.181818,0.431799,3.222222,27.111111,1.194444,9.000000,0.763158
0.250000,0.991266,3.411111,29.806070,2.235412,71.000000,0.773300
0.250000,0.392857,4.000000,24.553177,1.333333,4.000000,0.800000
0.181818,0.991932,3.554348,29.408172,2.602077,79.000000,0.780430
0.181818,0.431799,3.222222,27.111111,1.194444,9.000000,0.763158
0.142857,0.991932,3.554348,29.408172,2.602077,79.000000,0.780430
0.142857,0.804772,3.000000,25.324243,1.285714,7.000000,0.750000
0.125000,0.991932,3.554348,29.408172,2.602077,79.000000,0.780430
0.125000,1.000000,1.857143,27.702718,1.535714,8.000000,0.650000
0.250000,0.991266,3.411111,29.806070,2.235412,71.000000,0.773300
0.250000,0.392857,4.000000,24.553177,1.333333,4.000000,0.800000
0.083333,0.991932,3.554348,29.408172,2.602077,79.000000,0.780430
0.181818,0.434485,3.222222,27.111111,1.194444,9.000000,0.763158
0.181818,0.991932,3.554348,29.408172,2.602077,79.000000,0.780430
0.166667,0.426468,2.166667,29.766828,1.535714,8.000000,0.684211
0.166667,1.000000,1.333333,29.656909,1.533333,6.000000,0.571429
0.200000,0.347108,1.769231,30.000000,1.787879,22.000000,0.638889
0.166667,0.700634,1.783784,28.684636,1.833333,24.000000,0.640777
0.166667,0.136551,9.000000,25.142431,1.400000,6.000000,0.900000
0.200000,1.000000,3.000000,30.000000,1.400000,5.000000,0.750000
0.055556,0.440987,2.181818,27.113802,1.862745,18.000000,0.685714
0.055556,0.634536,1.862069,18.010480,2.000000,22.000000,0.650602
0.200000,1.000000,1.804878,28.859032,1.920000,25.000000,0.643478
0.100000,0.342794,1.714286,27.963934,1.657143,15.000000,0.631579
0.250000,0.096183,1.750000,27.989212,2.058072,42.000000,0.636364
0.090909,0.190476,1.727273,22.906769,1.727273,11.000000,0.633333
0.090909,0.793757,2.736842,29.365807,1.936842,20.000000,0.732394
0.090909,0.783937,2.736842,29.365807,1.936842,20.000000,0.732394
0.090909,0.190476,1.727273,22.906769,1.727273,11.000000,0.633333
0.142857,0.302069,2.677419,30.000000,1.806268,27.000000,0.728070
0.142857,0.546465,1.714286,26.992402,1.428571,7.000000,0.631579
0.142857,0.099311,2.500000,27.046630,1.712121,12.000000,0.714286
0.125000,0.054541,2.050000,24.396139,1.830882,17.000000,0.672131
0.076923,0.072712,2.517241,29.258540,1.914530,27.000000,0.715686
0.083333,0.157143,3.666667,27.434170,1.973333,25.000000,0.785714
0.142857,0.217766,1.540541,27.264025,2.030030,37.000000,0.606383
0.083333,0.157143,3.666667,27.434170,1.973333,25.000000,0.785714
0.142857,0.022472,2.600000,26.944956,1.428571,7.000000,0.722222
0.125000,0.966722,1.615385,30.000000,1.818182,12.000000,0.617647
0.125000,0.809782,1.615385,30.000000,1.818182,12.000000,0.617647
0.200000,0.258362,1.653846,30.000000,1.834758,27.000000,0.623188
0.038462,0.022373,2.657895,29.572500,1.933712,33.000000,0.726619
0.038462,0.388216,1.785714,27.171460,1.947692,26.000000,0.641026
0.083333,0.700594,4.200000,22.500000,2.075758,12.000000,0.807692
0.083333,0.664483,1.517241,28.969614,1.783626,19.000000,0.602740
0.038462,0.031680,2.111111,28.341392,1.852308,26.000000,0.678571
0.038462,0.388216,1.785714,27.171460,1.947692,26.000000,0.641026
0.250000,0.269510,2.078947,27.875410,1.790000,25.000000,0.675214
0.043478,0.245193,2.177778,21.926007,2.298393,54.000000,0.685315
0.043478,0.344674,1.352941,23.750187,1.903333,25.000000,0.575000
0.043478,0.050233,1.708333,28.706862,2.018893,39.000000,0.630769
0.043478,0.528640,1.658537,26.455724,1.986772,28.000000,0.623853
0.043478,0.050233,1.708333,28.706862,2.018893,39.000000,0.630769
0.043478,0.528640,1.658537,26.455724,1.986772,28.000000,0.623853
0.090909,0.066431,1.705882,27.202484,1.490909,11.000000,0.630435
0.090909,0.105989,1.500000,27.622953,1.709091,11.000000,0.600000
0.100000,0.162635,1.923077,20.543264,1.444444,10.000000,0.657895
0.166667,0.054912,1.560345,28.763737,1.918841,46.000000,0.609428
0.166667,0.607524,1.571429,25.000000,1.266667,6.000000,0.611111
0.142857,0.742373,2.600000,27.647940,1.428571,7.000000,0.722222
0.166667,0.080569,2.057143,26.781762,1.826087,23.000000,0.672897
0.166667,0.230490,1.267176,29.349574,2.117874,46.000000,0.558923
0.083333,0.007195,1.551020,26.582234,1.811594,24.000000,0.608000
0.083333,0.115887,2.500000,25.168288,1.712121,12.000000,0.714286
0.083333,0.700293,1.642857,22.290754,1.712121,12.000000,0.621622
0.083333,0.008333,2.111111,26.000016,1.809524,15.000000,0.678571
0.250000,0.627115,2.200000,28.126497,1.266667,6.000000,0.687500
0.250000,0.365447,1.633333,15.786816,1.847368,20.000000,0.620253
0.083333,0.700293,1.642857,22.290754,1.712121,12.000000,0.621622
0.083333,0.018088,1.480392,29.041493,2.239394,45.000000,0.596838
0.142857,0.632926,2.375000,29.085755,1.666667,10.000000,0.703704
0.200000,0.007195,1.551020,26.582234,1.811594,24.000000,0.608000
0.090909,0.891606,1.458333,26.317696,1.771429,15.000000,0.593220
0.090909,0.264203,1.882353,28.918149,1.625731,19.000000,0.653061
0.100000,0.141659,1.680000,28.921820,1.771242,18.000000,0.626866
0.100000,0.094439,1.769231,28.589249,1.555556,10.000000,0.638889
0.125000,0.150651,2.187500,29.461649,1.752381,15.000000,0.686275
0.125000,0.262527,1.545455,30.000000,1.428571,8.000000,0.607143
0.125000,0.262527,1.545455,30.000000,1.428571,8.000000,0.607143
0.125000,0.150651,2.187500,29.461649,1.752381,15.000000,0.686275
0.125000,0.015623,1.857143,27.517777,1.657143,15.000000,0.650000
0.125000,0.262527,1.545455,30.000000,1.428571,8.000000,0.607143
0.100000,0.638001,2.723881,27.587587,2.442268,88.000000,0.731463
0.250000,0.638001,2.723881,27.587587,2.442268,88.000000,0.731463
0.032258,0.030486,3.444444,27.742869,2.064516,31.000000,0.775000
0.032258,0.638001,2.723881,27.587587,2.442268,88.000000,0.731463
0.090909,0.242311,2.301887,29.590526,2.342788,65.000000,0.697143
0.111111,1.000000,1.600000,10.339903,1.647059,17.000000,0.615385
0.250000,0.487173,2.357143,30.000000,1.628205,13.000000,0.702128
0.076923,0.147948,2.166667,29.669754,1.800000,16.000000,0.684211
0.076923,0.233516,3.833333,23.579621,1.858974,13.000000,0.793103
0.200000,0.051906,1.571429,30.000000,1.476190,7.000000,0.611111
0.200000,0.051906,1.571429,30.000000,1.476190,7.000000,0.611111
0.066667,0.474214,2.350000,28.534343,1.916256,29.000000,0.701493
0.083333,0.739704,1.555556,20.903961,1.651515,12.000000,0.608696
0.125000,0.185968,2.183333,28.702160,2.035294,35.000000,0.685864
0.047619,0.200653,1.571429,17.742508,1.928571,21.000000,0.611111
0.047619,0.279763,1.433962,29.000751,2.255072,46.000000,0.589147
0.125000,0.269826,2.250000,29.962122,1.727273,12.000000,0.692308
0.125000,0.342035,1.833333,30.000000,1.607143,8.000000,0.647059
0.142857,0.218901,2.292683,29.192278,1.862069,30.000000,0.696296
0.055556,0.269327,1.507042,28.672945,1.930481,34.000000,0.601124
0.055556,0.130687,1.600000,29.409609,1.778947,20.000000,0.615385
0.090909,0.885139,6.200000,26.819021,1.472727,11.000000,0.861111
0.181818,0.392048,1.875000,28.486467,1.509091,11.000000,0.652174
0.250000,0.951378,4.500000,26.254417,1.758242,14.000000,0.818182
0.166667,0.815476,4.571429,27.219500,1.590909,12.000000,0.820513
0.058824,0.161308,2.350000,28.408214,2.017460,36.000000,0.701493
0.058824,0.008333,1.720000,30.000000,1.683824,17.000000,0.632353
0.058824,0.008333,1.720000,30.000000,1.683824,17.000000,0.632353
0.058824,0.223161,2.200000,28.345226,1.783333,25.000000,0.687500
0.250000,0.213675,3.600000,25.230800,1.555556,9.000000,0.782609
0.043478,0.699386,2.054054,29.753224,1.778656,23.000000,0.672566
0.066667,0.029895,1.555556,25.223187,2.015873,36.000000,0.608696
0.066667,1.000000,1.631579,28.000000,1.752381,15.000000,0.620000
0.035714,0.093690,1.759259,28.932387,1.820076,33.000000,0.637584
0.047619,0.176712,1.758621,19.415779,1.904762,21.000000,0.637500
0.047619,1.000000,2.193548,29.020911,1.894928,24.000000,0.686869
0.038462,0.217566,2.171429,27.388692,1.852308,26.000000,0.684685
0.066667,1.000000,1.631579,28.066667,1.752381,15.000000,0.620000
0.052632,1.000000,1.629630,19.451782,1.859649,19.000000,0.619718
0.052632,0.246833,2.365854,28.985266,1.864516,31.000000,0.702899
0.111111,0.405075,1.454545,24.183437,1.611111,9.000000,0.592593
0.100000,0.097926,3.320000,28.839870,1.628571,21.000000,0.768519
0.100000,0.281390,1.411765,24.275791,1.511111,10.000000,0.585366
0.111111,0.000000,4.285714,26.168776,1.809524,15.000000,0.810811
0.030303,0.191649,1.480392,28.654850,2.239394,45.000000,0.596838
0.030303,0.544460,1.696429,29.279642,1.820076,33.000000,0.629139
0.083333,0.633158,1.928571,29.652828,1.651515,12.000000,0.658537
0.250000,0.112388,2.888889,29.072816,1.905747,30.000000,0.742857
0.250000,0.303140,1.602273,29.473670,2.001282,40.000000,0.615721
0.083333,0.349470,1.457143,27.141282,1.877419,31.000000,0.593023
0.083333,0.000000,2.272727,30.000000,1.712121,12.000000,0.694444
0.250000,0.172510,1.555556,27.880697,1.722222,9.000000,0.608696
0.055556,0.046486,2.047619,28.743348,1.875817,18.000000,0.671875
0.055556,0.349470,1.457143,27.141282,1.877419,31.000000,0.593023
0.250000,0.302366,1.571429,30.000000,1.266667,6.000000,0.611111
0.200000,0.349470,1.457143,27.141282,1.877419,31.000000,0.593023
0.090909,0.349470,1.457143,27.141282,1.877419,31.000000,0.593023
0.090909,0.000000,1.866667,30.000000,1.545455,11.000000,0.651163
0.090909,0.298459,2.035088,29.308716,1.989305,34.000000,0.670520
0.200000,1.000000,2.400000,28.567967,1.757576,12.000000,0.705882
0.052632,0.352552,2.312500,25.413292,2.309942,19.000000,0.698113
0.052632,0.258831,5.416667,29.835266,1.619883,19.000000,0.844156
0.052632,0.269620,2.312500,25.413292,2.309942,19.000000,0.698113
0.052632,0.258831,5.416667,29.835266,1.619883,19.000000,0.844156
0.200000,0.586279,2.086957,27.154887,1.894737,20.000000,0.676056
0.090909,0.000000,1.530612,27.646269,1.764493,24.000000,0.604839
0.090909,0.758063,5.750000,21.675569,1.800000,11.000000,0.851852
0.200000,0.314440,1.353535,29.414140,2.009957,38.000000,0.575107
0.142857,1.000000,1.439024,30.000000,1.800000,21.000000,0.590000
0.125000,1.000000,1.519380,28.177777,1.936224,49.000000,0.603077
0.125000,0.015248,2.125000,23.958068,1.392857,8.000000,0.680000
0.166667,1.000000,1.484848,27.739522,1.862366,31.000000,0.597561
0.066667,1.000000,1.461538,28.248780,1.914634,41.000000,0.593750
0.066667,0.684588,1.363636,26.992997,1.771429,15.000000,0.576923
0.045455,1.000000,1.486111,28.954355,1.930481,34.000000,0.597765
0.111111,0.797228,1.600000,24.470295,1.800000,10.000000,0.615385
0.111111,1.000000,1.410714,29.561148,1.903134,27.000000,0.585185
0.025641,1.000000,1.507692,28.471212,1.936224,49.000000,0.601227
0.025641,1.000000,2.222222,26.790177,2.117409,39.000000,0.689655
0.060606,0.830876,1.783784,28.684636,1.833333,24.000000,0.640777
0.060606,1.000000,1.492537,29.240798,1.939394,33.000000,0.598802
0.111111,0.093878,2.055556,29.646988,2.309942,19.000000,0.672727
0.111111,0.106916,2.055556,29.646988,2.309942,19.000000,0.672727
0.125000,0.776818,1.700000,24.706966,1.392857,8.000000,0.629630
0.125000,0.172577,2.729730,29.735898,1.933712,33.000000,0.731884
0.166667,0.000000,5.250000,29.774395,1.727273,11.000000,0.840000
0.090909,0.025312,1.923077,28.431972,1.829710,24.000000,0.657895
0.090909,0.581209,1.866667,30.000000,1.545455,11.000000,0.651163
0.166667,1.000000,1.812500,30.000000,1.472727,11.000000,0.644444
0.100000,1.000000,1.750000,26.756214,1.718954,18.000000,0.636364
0.111111,0.015707,1.916667,27.021894,1.782051,13.000000,0.657143
0.062500,0.159851,1.697674,26.932241,1.844203,24.000000,0.629310
0.100000,0.848619,2.833333,28.649518,1.622222,10.000000,0.739130
0.200000,0.037383,2.500000,30.000000,1.000000,5.000000,0.714286
0.200000,0.092238,3.000000,30.000000,2.031746,28.000000,0.750000
0.200000,0.092238,3.000000,30.000000,2.031746,28.000000,0.750000
0.111111,0.207014,2.222222,26.790177,2.117409,39.000000,0.689655
0.111111,1.000000,1.888889,30.000000,1.381818,11.000000,0.653846
0.142857,0.325666,2.600000,24.188783,1.607143,8.000000,0.722222
0.100000,0.947522,3.500000,26.783038,1.422222,10.000000,0.777778
0.100000,0.375565,2.000000,27.858994,1.920290,24.000000,0.666667
0.047619,0.935621,2.357143,28.913825,1.943571,47.000000,0.702128
0.047619,1.000000,1.137255,29.158629,1.838095,21.000000,0.532110
0.062500,0.963384,2.521127,28.148493,1.946939,50.000000,0.716000
0.062500,0.521248,1.520000,21.526769,1.733333,16.000000,0.603175
0.111111,0.948429,2.489796,28.119312,1.917496,38.000000,0.713450
0.045455,0.008152,2.117647,28.303619,1.722944,22.000000,0.679245
0.045455,0.962673,2.486111,29.211151,1.946939,50.000000,0.713147
0.100000,0.963620,2.576923,27.963430,1.919512,41.000000,0.720430
0.100000,0.887419,1.615385,22.198593,1.533333,10.000000,0.617647
0.030303,0.963620,2.576923,27.963430,1.919512,41.000000,0.720430
0.200000,0.442529,12.000000,28.875898,1.533333,10.000000,0.923077
0.200000,0.217949,2.000000,16.458033,1.400000,5.000000,0.666667
0.125000,0.563063,1.545455,18.597251,1.392857,8.000000,0.607143
0.125000,0.209289,1.452632,29.594593,2.013495,39.000000,0.592275
0.050000,0.149156,2.432432,25.898819,1.988636,33.000000,0.708661
0.050000,0.011783,1.727273,25.450796,1.752632,20.000000,0.633333
0.166667,0.851604,2.200000,23.987036,1.266667,6.000000,0.687500
0.045455,0.149156,2.432432,25.898819,1.988636,33.000000,0.708661
0.045455,0.000000,3.210526,26.554887,1.774892,22.000000,0.762500
0.045455,0.000000,3.210526,26.554887,1.774892,22.000000,0.762500
0.045455,0.149156,2.432432,25.898819,1.988636,33.000000,0.708661
0.058824,0.009762,2.076923,29.199506,1.884211,20.000000,0.675000
0.200000,0.149156,2.432432,25.898819,1.988636,33.000000,0.708661
0.200000,0.149156,2.432432,25.898819,1.988636,33.000000,0.708661
0.033333,0.149156,2.432432,26.293207,1.988636,33.000000,0.708661
0.033333,0.000000,1.166667,23.050879,2.029885,30.000000,0.538462
0.058824,0.009762,2.076923,29.199506,1.884211,20.000000,0.675000
0.166667,0.851604,2.200000,23.987036,1.266667,6.000000,0.687500
0.050000,0.011783,1.727273,25.450796,1.752632,20.000000,0.633333
0.050000,0.149156,2.432432,25.898819,1.988636,33.000000,0.708661
0.033333,0.149156,2.432432,26.293207,1.988636,33.000000,0.708661
0.033333,0.000000,1.166667,23.050879,2.029885,30.000000,0.538462
0.111111,0.289429,1.800000,20.828195,1.500000,9.000000,0.642857
0.111111,0.413243,2.333333,28.498467,1.756410,13.000000,0.700000
0.100000,0.375065,1.551724,30.000000,1.941520,19.000000,0.608108
0.100000,0.271817,2.500000,20.920572,1.555556,10.000000,0.714286
0.100000,0.271817,2.500000,20.920572,1.555556,10.000000,0.714286
0.100000,0.375065,1.551724,30.000000,1.941520,19.000000,0.608108
0.071429,0.092951,2.535714,25.410999,1.695238,21.000000,0.717172
0.071429,0.961328,2.125000,30.000000,1.780220,14.000000,0.680000
0.090909,0.164579,1.829268,29.209371,1.829710,24.000000,0.646552
0.090909,0.422173,1.250000,21.523221,1.764706,17.000000,0.555556
0.125000,0.021277,2.142857,30.000000,1.464286,8.000000,0.681818
0.090909,0.422173,1.250000,21.523221,1.764706,17.000000,0.555556
0.090909,0.353012,1.033333,26.281727,1.705128,13.000000,0.508197
0.200000,0.469659,1.916667,28.369820,1.782051,13.000000,0.657143
0.125000,0.217159,3.200000,27.088566,1.428571,8.000000,0.761905
0.125000,0.002132,2.363636,28.061741,1.771242,18.000000,0.702703
0.125000,0.009040,2.707317,27.242589,1.885918,34.000000,0.730263
0.166667,0.080612,2.344828,25.454301,1.845850,23.000000,0.701031
0.125000,0.231116,3.800000,30.000000,1.626316,20.000000,0.791667
0.125000,0.529864,3.750000,29.134300,1.583333,9.000000,0.789474
0.250000,0.198673,1.777778,8.457512,1.711111,10.000000,0.640000
0.052632,1.000000,1.600000,14.067141,1.719298,19.000000,0.615385
0.052632,0.160304,1.900000,29.122741,1.783476,27.000000,0.655172
0.052632,0.157979,2.500000,29.245285,2.043290,22.000000,0.714286
0.052632,1.000000,1.600000,14.067141,1.719298,19.000000,0.615385
0.052632,1.000000,1.600000,14.067141,1.719298,19.000000,0.615385
0.052632,0.147954,1.767857,28.576950,1.823529,34.000000,0.638710
0.066667,0.143515,3.285714,29.177049,1.580952,15.000000,0.766667
0.066667,1.000000,1.600000,14.067141,1.719298,19.000000,0.615385
0.052632,1.000000,1.600000,14.067141,1.719298,19.000000,0.615385
0.052632,0.054687,2.500000,29.245285,2.043290,22.000000,0.714286
0.071429,1.000000,1.600000,14.067141,1.719298,19.000000,0.615385
0.071429,0.028377,1.233333,25.344972,1.681319,14.000000,0.552239
0.200000,0.217503,2.116279,29.118379,1.891954,30.000000,0.679104
0.250000,0.803286,1.650602,27.526446,2.069231,40.000000,0.622727
0.100000,0.682417,1.250000,22.727824,1.705128,13.000000,0.555556
0.045455,0.264953,1.838710,22.671897,1.887446,22.000000,0.647727
0.045455,0.412601,2.375000,27.962952,1.898462,26.000000,0.703704
0.200000,0.250604,0.872340,24.808675,1.766667,16.000000,0.465909
0.062500,0.548702,2.183333,28.702160,2.035294,35.000000,0.685864
0.166667,0.487948,1.827586,26.845217,1.801170,19.000000,0.646341
0.166667,0.706851,1.571429,30.000000,1.266667,6.000000,0.611111
0.166667,0.480013,1.776316,29.800223,2.009447,39.000000,0.639810
0.090909,0.279698,2.187500,28.459860,1.877470,23.000000,0.686275
0.142857,1.000000,1.026316,21.634796,1.648352,14.000000,0.506494
0.083333,0.410959,1.642857,22.181161,1.742424,12.000000,0.621622
0.083333,0.255211,4.111111,28.514102,1.681319,14.000000,0.804348
0.041667,1.000000,2.153846,28.760429,2.117409,39.000000,0.682927
0.041667,0.483285,2.153846,28.760429,2.117409,39.000000,0.682927
0.071429,0.066432,1.256198,27.648442,2.106765,44.000000,0.556777
0.166667,0.541280,1.750000,28.974302,1.533333,6.000000,0.636364
0.166667,0.701051,2.636364,25.766866,1.846154,14.000000,0.725000
0.166667,0.551971,3.333333,28.467458,1.333333,6.000000,0.769231
0.166667,0.609891,1.800000,25.541456,1.400000,6.000000,0.642857
0.285714,0.345902,3.200000,30.000000,1.238095,7.000000,0.761905
0.157895,0.183379,1.923077,28.431972,1.829710,24.000000,0.657895
0.100000,0.423934,2.666667,29.350997,1.288889,10.000000,0.727273
0.285714,0.345902,3.200000,30.000000,1.238095,7.000000,0.761905
0.111111,0.557202,2.862069,30.000000,1.628571,21.000000,0.741071
0.200000,0.051546,2.000000,30.000000,1.200000,5.000000,0.666667
0.111111,0.174603,2.125000,28.978305,1.527778,9.000000,0.680000
0.050000,0.071067,2.441860,25.592248,2.018018,37.000000,0.709459
0.050000,0.476825,1.838710,29.743793,1.752632,20.000000,0.647727
0.041667,0.071067,2.441860,25.592248,2.018018,37.000000,0.709459
0.041667,0.203662,2.538462,28.915097,1.800725,24.000000,0.717391
0.071429,0.071067,2.441860,25.592248,2.018018,37.000000,0.709459
0.071429,0.022026,1.650000,30.000000,1.802198,14.000000,0.622642
0.166667,0.071067,2.441860,25.592248,2.018018,37.000000,0.709459
0.071429,0.071067,2.441860,25.592248,2.018018,37.000000,0.709459
0.071429,0.022026,1.650000,30.000000,1.802198,14.000000,0.622642
0.041667,0.071067,2.441860,25.592248,2.018018,37.000000,0.709459
0.041667,0.203662,2.538462,28.915097,1.800725,24.000000,0.717391
0.166667,0.071067,2.441860,25.592248,2.018018,37.000000,0.709459
0.032258,0.289028,1.147059,28.792987,2.045161,31.000000,0.534247
0.032258,0.071067,2.441860,25.592248,2.018018,37.000000,0.709459
0.071429,0.112129,2.441860,25.592248,2.018018,37.000000,0.709459
0.071429,0.022026,1.650000,30.000000,1.802198,14.000000,0.622642
0.083333,0.772569,1.550000,19.461018,1.530303,12.000000,0.607843
0.083333,0.281038,1.147059,28.613012,2.045161,31.000000,0.534247
0.050000,0.112129,2.441860,25.592248,2.018018,37.000000,0.709459
0.050000,0.476825,1.838710,29.743793,1.752632,20.000000,0.647727
0.083333,0.772569,1.550000,19.461018,1.530303,12.000000,0.607843
0.083333,0.157316,2.640000,28.750540,1.800725,24.000000,0.725275
0.166667,0.112129,2.441860,25.592248,2.018018,37.000000,0.709459
0.050000,0.071067,2.441860,25.592248,2.018018,37.000000,0.709459
0.050000,0.476825,1.838710,29.743793,1.752632,20.000000,0.647727
0.032258,0.289028,1.147059,28.792987,2.045161,31.000000,0.534247
0.032258,0.071067,2.441860,25.592248,2.018018,37.000000,0.709459
0.250000,0.401411,1.560000,20.981370,1.895425,18.000000,0.609375
0.055556,0.401411,1.560000,20.981370,1.895425,18.000000,0.609375
0.055556,0.209795,2.311111,27.589718,2.020833,33.000000,0.697987
0.250000,0.505905,1.579439,29.547536,2.253401,49.000000,0.612319
0.090909,0.067352,1.724490,28.782596,2.057576,45.000000,0.632959
0.090909,0.022422,1.923077,25.510193,1.618182,11.000000,0.657895
0.111111,0.965885,1.538462,26.666667,1.444444,9.000000,0.606061
0.111111,0.156847,2.957447,28.231146,1.921795,40.000000,0.747312
0.250000,0.312706,1.735632,28.078523,2.061556,42.000000,0.634454
0.111111,0.153581,1.805556,28.098903,1.764493,24.000000,0.643564
0.166667,0.551147,1.535714,21.980681,2.015789,20.000000,0.605634
0.125000,0.085741,1.800000,28.905394,1.966667,25.000000,0.642857
0.125000,1.000000,2.500000,30.000000,1.464286,8.000000,0.714286
0.076923,0.489093,1.769231,29.748372,1.745098,18.000000,0.638889
0.142857,0.763256,1.090909,17.963474,1.476190,7.000000,0.521739
0.142857,0.278702,2.904762,28.120019,1.924925,37.000000,0.743902
0.111111,0.158938,2.142857,29.488730,1.801587,28.000000,0.681818
0.142857,1.000000,2.071429,26.587146,1.866667,15.000000,0.674419
0.071429,1.000000,1.192308,23.371108,1.791209,14.000000,0.543860
0.100000,0.377324,1.363636,29.653338,1.355556,10.000000,0.576923
0.076923,1.000000,2.444444,29.881122,1.934641,18.000000,0.709677
0.125000,0.834565,2.277778,30.000000,1.947368,19.000000,0.694915
0.076923,0.384176,2.010989,29.007301,2.263198,52.000000,0.667883
0.142857,1.000000,1.485714,26.383578,1.880952,21.000000,0.597701
0.071429,1.000000,1.512821,29.881826,1.800000,21.000000,0.602041
0.071429,1.000000,1.192308,23.371108,1.791209,14.000000,0.543860
0.100000,1.000000,1.520000,23.649001,1.733333,16.000000,0.603175
0.050000,0.487556,1.775000,28.384264,1.902174,24.000000,0.639640
0.050000,0.134390,1.605263,25.933310,1.839827,22.000000,0.616162
0.125000,1.000000,1.485714,26.383578,1.880952,21.000000,0.597701
0.125000,1.000000,3.250000,30.000000,1.642857,8.000000,0.764706
0.100000,0.665891,2.050000,29.148767,1.947368,19.000000,0.672131
0.090909,1.000000,0.872340,23.922349,1.766667,16.000000,0.465909
0.090909,0.873445,33.000000,29.519642,1.436364,11.000000,0.970588
0.071429,0.350193,2.317460,29.307042,2.046942,38.000000,0.698565
0.071429,1.000000,0.872340,23.922349,1.766667,16.000000,0.465909
0.083333,0.050000,1.300000,23.031684,1.666667,12.000000,0.565217
0.045455,0.000000,1.551020,30.000000,1.670996,22.000000,0.608000
0.071429,0.000000,1.818182,30.000000,1.582418,14.000000,0.645161
0.040000,0.082885,2.741935,28.354754,2.107822,44.000000,0.732759
0.040000,0.000000,2.073171,28.833263,1.873846,26.000000,0.674603
0.125000,0.141996,2.652174,29.948184,1.890476,36.000000,0.726190
0.062500,0.000000,1.585366,29.872650,1.822511,22.000000,0.613208
0.040000,0.037722,2.769231,28.923711,1.796667,25.000000,0.734694
0.062500,0.065984,2.062500,27.955099,1.685714,21.000000,0.673469
0.200000,1.000000,2.000000,30.000000,1.000000,5.000000,0.666667
0.111111,0.224387,2.714286,25.924823,1.527778,9.000000,0.730769
0.142857,0.096050,2.000000,29.592086,1.919786,34.000000,0.666667
0.090909,0.152383,2.000000,27.272727,1.527273,11.000000,0.666667
0.090909,0.007047,1.709677,28.500000,1.905263,20.000000,0.630952
0.090909,1.000000,1.888889,21.819528,1.836364,11.000000,0.653846
0.090909,0.356747,3.269231,29.358750,1.666667,22.000000,0.765766
0.090909,0.152383,2.000000,27.272727,1.527273,11.000000,0.666667
0.090909,0.007047,1.709677,28.500000,1.905263,20.000000,0.630952
0.090909,0.152383,2.000000,27.272727,1.527273,11.000000,0.666667
0.090909,0.881457,1.750000,30.000000,1.816176,17.000000,0.636364
0.100000,0.210469,2.333333,27.917356,1.756410,13.000000,0.700000
0.100000,0.125591,1.562500,27.329011,1.764493,24.000000,0.609756
0.250000,0.054178,1.304688,29.699600,2.003322,43.000000,0.566102
0.055556,0.125591,1.562500,27.329011,1.764493,24.000000,0.609756
0.055556,1.000000,1.954545,29.186237,1.875817,18.000000,0.661538
0.200000,0.125591,1.562500,27.329011,1.764493,24.000000,0.609756
0.117647,0.431386,1.866667,30.000000,1.545455,11.000000,0.651163
0.117647,0.125591,1.562500,27.329011,1.764493,24.000000,0.609756
0.090909,0.343396,2.428571,29.684676,1.718954,18.000000,0.708333
0.090909,0.664022,1.769231,29.588246,1.690909,11.000000,0.638889
0.111111,0.009174,3.166667,27.723594,1.472222,9.000000,0.760000
0.166667,0.347951,2.250000,25.000000,1.400000,6.000000,0.692308
0.166667,1.000000,4.166667,28.603669,1.654545,11.000000,0.806452
0.111111,0.009174,3.166667,27.723594,1.472222,9.000000,0.760000
0.200000,1.000000,1.758065,25.034615,2.058712,33.000000,0.637427
0.125000,0.463641,3.666667,29.618809,1.600000,10.000000,0.785714
0.142857,1.000000,1.166667,23.050879,2.029885,30.000000,0.538462
0.125000,0.157632,1.466667,28.403820,1.820106,28.000000,0.594595
0.050000,0.400807,2.965517,29.407041,1.754986,27.000000,0.747826
0.050000,1.000000,1.250000,25.791480,1.966667,21.000000,0.555556
0.052632,1.000000,1.913043,29.636944,1.935673,19.000000,0.656716
0.052632,0.615329,2.644444,28.319327,1.878992,35.000000,0.725610
0.166667,0.004566,3.250000,28.701450,1.133333,6.000000,0.764706
0.166667,0.355720,2.703704,27.901530,1.924925,37.000000,0.730000
0.166667,0.293333,2.200000,13.217533,1.266667,6.000000,0.687500
0.166667,0.141795,1.857143,26.922625,1.666667,13.000000,0.650000
0.166667,0.293333,2.200000,13.217533,1.266667,6.000000,0.687500
0.166667,0.141795,1.857143,26.922625,1.666667,13.000000,0.650000
0.125000,1.000000,2.181818,30.000000,1.692308,13.000000,0.685714
0.125000,1.000000,2.181818,30.000000,1.692308,13.000000,0.685714
0.125000,1.000000,2.181818,30.000000,1.692308,13.000000,0.685714
0.111111,0.276689,0.918919,24.706615,1.758242,14.000000,0.478873
0.111111,0.940728,6.666667,28.867528,1.444444,9.000000,0.869565
0.142857,0.396386,1.222222,25.714286,1.523810,7.000000,0.550000
0.125000,0.661924,1.607595,28.421069,2.055477,38.000000,0.616505
0.200000,0.620710,2.456522,28.774111,1.935484,32.000000,0.710692
0.200000,0.900772,2.333333,24.000000,1.300000,5.000000,0.700000
0.142857,0.040399,1.776471,26.838939,2.061556,42.000000,0.639831
0.066667,0.040399,1.776471,26.838939,2.061556,42.000000,0.639831
0.090909,0.586263,1.630952,27.638285,2.069231,40.000000,0.619910
0.111111,0.445970,1.707547,28.271054,2.073582,48.000000,0.630662
0.090909,0.495630,3.000000,27.705107,1.454545,11.000000,0.750000
0.090909,0.336582,1.875000,26.004900,1.883041,19.000000,0.652174
0.083333,0.040462,1.769231,24.457837,1.742424,12.000000,0.638889
0.090909,0.445970,1.707547,28.127150,2.073582,48.000000,0.630662
0.090909,0.257851,1.923077,28.929702,1.618182,11.000000,0.657895
0.058824,0.490813,2.750000,25.974302,1.853801,19.000000,0.733333
0.083333,0.005726,2.292683,29.447043,1.862069,30.000000,0.696296
0.083333,0.080295,3.444444,28.796165,1.702899,24.000000,0.775000
0.250000,0.453949,2.058824,30.000000,1.752381,15.000000,0.673077
0.250000,0.453949,2.058824,30.000000,1.752381,15.000000,0.673077
0.200000,0.334140,3.636364,29.928747,1.648352,14.000000,0.784314
0.250000,0.676064,2.222222,28.877794,1.709091,11.000000,0.689655
0.090909,1.000000,1.485714,26.533512,1.880952,21.000000,0.597701
0.090909,0.827922,2.600000,24.566184,1.581818,11.000000,0.722222
0.200000,0.526805,1.620690,29.231114,1.692810,18.000000,0.618421
0.111111,0.114411,3.000000,30.000000,2.006667,25.000000,0.750000
0.111111,0.114411,3.000000,30.000000,2.006667,25.000000,0.750000
0.038462,0.325312,2.341463,28.602356,1.775385,26.000000,0.700730
0.111111,0.264994,3.500000,29.080475,1.600000,10.000000,0.777778
0.111111,0.955307,1.300000,20.063649,1.666667,12.000000,0.565217
0.083333,0.955307,1.300000,20.063649,1.666667,12.000000,0.565217
0.083333,0.042573,2.311111,28.295430,2.020833,33.000000,0.697987
0.125000,0.112824,4.000000,27.815058,1.844444,10.000000,0.800000
0.125000,1.000000,1.750000,23.233273,1.500000,8.000000,0.636364
0.200000,0.325312,2.341463,28.330426,1.775385,26.000000,0.700730
0.200000,0.667136,1.750000,15.539900,1.300000,5.000000,0.636364
0.250000,0.110299,2.900000,27.072496,1.901210,32.000000,0.743590
0.090909,0.069601,1.900000,23.205457,1.763636,11.000000,0.655172
0.111111,0.294361,1.700000,26.880881,1.811494,30.000000,0.629630
0.111111,0.266315,2.135417,28.806641,2.270130,56.000000,0.681063
0.111111,0.097750,1.916667,30.000000,1.361111,9.000000,0.657143
0.166667,1.000000,1.833333,20.958815,1.266667,6.000000,0.647059
0.111111,0.904258,1.900000,27.150425,1.472222,9.000000,0.655172
0.100000,0.447497,1.571429,28.777770,1.869565,23.000000,0.611111
0.166667,0.088235,1.571429,19.290501,1.266667,6.000000,0.611111
0.166667,0.920297,1.900000,21.981080,1.472222,9.000000,0.655172
0.166667,1.000000,3.333333,30.000000,1.333333,6.000000,0.769231
0.062500,1.000000,1.130435,26.869029,2.045161,31.000000,0.530612
0.062500,0.601669,4.200000,30.000000,1.650000,16.000000,0.807692
0.055556,0.408181,2.684211,28.455724,1.718954,18.000000,0.728571
0.055556,0.230464,2.363636,27.133209,2.020833,33.000000,0.702703
0.090909,1.000000,2.107692,30.000000,2.139744,40.000000,0.678218
0.090909,0.643030,1.733333,29.004331,1.618182,11.000000,0.634146
0.090909,0.643030,1.733333,29.004331,1.618182,11.000000,0.634146
0.090909,0.883852,2.107692,30.000000,2.139744,40.000000,0.678218
0.041667,1.000000,2.107692,30.000000,2.139744,40.000000,0.678218
0.041667,1.000000,1.676471,19.859494,1.920290,24.000000,0.626374
0.041667,1.000000,2.107692,30.000000,2.139744,40.000000,0.678218
0.041667,1.000000,1.676471,19.859494,1.920290,24.000000,0.626374
0.090909,0.822630,2.222222,26.790177,2.117409,39.000000,0.689655
0.100000,1.000000,1.937500,28.872807,2.100000,25.000000,0.659574
0.100000,0.701204,2.562500,28.620298,2.356545,73.000000,0.719298
0.166667,1.000000,2.075758,30.000000,2.139744,40.000000,0.674877
0.100000,0.822630,2.222222,26.790177,2.117409,39.000000,0.689655
0.100000,0.366569,1.440000,29.804378,1.750000,16.000000,0.590164
0.090909,0.115287,1.564516,26.412512,1.789174,27.000000,0.610063
0.025000,0.246198,1.890244,28.740810,1.964634,41.000000,0.654008
0.025000,1.000000,1.933333,28.610479,2.188261,43.000000,0.659091
0.166667,1.000000,2.075758,30.000000,2.139744,40.000000,0.674877
0.025000,0.327467,1.933333,28.610479,2.188261,43.000000,0.659091
0.025000,0.246198,1.890244,28.740810,1.964634,41.000000,0.654008
0.166667,0.822630,2.222222,26.790177,2.117409,39.000000,0.689655
0.166667,0.319955,3.666667,28.493482,1.266667,6.000000,0.785714
0.031250,1.000000,1.758065,25.034615,2.058712,33.000000,0.637427
0.031250,0.822630,2.222222,26.790177,2.117409,39.000000,0.689655
0.037037,1.000000,1.928571,22.706490,2.040323,32.000000,0.658537
0.037037,0.115287,1.564516,26.412512,1.789174,27.000000,0.610063
0.166667,0.115287,1.564516,26.412512,1.789174,27.000000,0.610063
0.166667,0.323737,3.666667,27.699495,1.266667,6.000000,0.785714
0.071429,1.000000,3.111111,27.423016,1.923077,14.000000,0.756757
0.071429,0.807019,2.303030,29.214705,1.898462,26.000000,0.697248
0.111111,0.621707,3.095238,30.000000,1.733333,21.000000,0.755814
0.083333,0.023526,1.714286,29.530623,1.715415,23.000000,0.631579
0.062500,0.127646,2.166667,28.150375,1.775000,16.000000,0.684211
0.142857,1.000000,1.222222,25.714286,1.523810,7.000000,0.550000
0.142857,0.871054,1.714286,30.000000,1.476190,7.000000,0.631579
0.062500,0.063143,1.076923,28.479859,1.808333,16.000000,0.518519
0.142857,1.000000,1.222222,30.000000,1.523810,7.000000,0.550000
0.083333,0.279648,2.655172,28.831054,1.810000,25.000000,0.726415
0.045455,0.343913,2.225000,28.975195,1.854701,27.000000,0.689922
0.043478,0.119325,3.018182,28.865929,1.983349,47.000000,0.751131
0.058824,1.000000,1.833333,30.000000,1.935673,19.000000,0.647059
0.166667,0.249185,2.250000,29.364681,1.400000,6.000000,0.692308
0.090909,1.000000,2.200000,30.000000,1.400000,11.000000,0.687500
0.083333,0.079812,1.769231,26.412715,1.742424,12.000000,0.638889
0.052632,0.402843,3.217391,29.773157,2.011396,27.000000,0.762887
0.052632,1.000000,1.515152,20.327760,1.707602,19.000000,0.602410
0.052632,0.158420,2.209677,28.829061,1.840883,42.000000,0.688442
0.052632,1.000000,1.515152,20.327760,1.707602,19.000000,0.602410
0.058824,0.017699,3.117647,27.468117,1.632353,17.000000,0.757143
0.058824,1.000000,1.515152,20.327760,1.707602,19.000000,0.602410
0.125000,0.213404,2.929825,27.687164,1.921795,40.000000,0.745536
0.125000,0.116998,1.800000,26.615703,1.357143,8.000000,0.642857
0.052632,1.000000,1.515152,20.327760,1.707602,19.000000,0.602410
0.052632,0.402843,3.217391,29.773157,2.011396,27.000000,0.762887
0.166667,0.031390,1.625000,27.437371,1.535714,8.000000,0.619048
0.125000,0.000000,1.846154,28.991136,1.818182,12.000000,0.648649
0.125000,0.000000,2.178571,29.309303,1.906349,36.000000,0.685393
0.166667,0.504422,1.800000,25.000000,1.400000,6.000000,0.642857
0.166667,0.992146,2.882353,29.756004,2.096774,31.000000,0.742424
0.166667,0.504422,1.800000,25.000000,1.400000,6.000000,0.642857
0.166667,0.992146,2.882353,29.756004,2.096774,31.000000,0.742424
0.125000,0.000000,1.846154,28.991136,1.818182,12.000000,0.648649
0.125000,1.000000,2.600000,29.262005,1.607143,8.000000,0.722222
0.125000,0.305189,2.652174,28.685278,1.890476,36.000000,0.726190
0.125000,0.698899,1.800000,26.250000,1.357143,8.000000,0.642857
0.125000,0.280846,2.945455,29.249068,1.984541,46.000000,0.746544
0.125000,0.013333,2.600000,28.385384,1.642857,8.000000,0.722222
0.111111,0.010394,1.362745,29.110424,2.017544,39.000000,0.576763
0.090909,1.000000,2.058824,30.000000,1.363636,11.000000,0.673077
0.090909,0.244191,1.666667,14.675182,1.636364,11.000000,0.625000
0.200000,0.134432,2.596154,29.916654,2.045519,38.000000,0.721925
0.100000,0.359577,1.678571,27.296634,1.988506,30.000000,0.626667
0.100000,0.103935,1.750000,29.687005,1.533333,10.000000,0.636364
0.100000,0.776044,1.333333,26.997456,2.094203,24.000000,0.571429
0.090909,0.227092,1.367347,29.069609,2.009957,38.000000,0.577586
0.142857,1.000000,1.687500,29.854466,2.009447,39.000000,0.627907
0.090909,1.000000,1.867470,28.886425,1.964634,41.000000,0.651261
0.090909,0.062048,2.000000,28.899421,1.563636,11.000000,0.666667
0.125000,1.000000,1.639535,29.390932,2.001282,40.000000,0.621145
0.125000,1.000000,1.833333,30.000000,1.214286,8.000000,0.647059
0.142857,1.000000,1.824324,29.430265,2.009447,39.000000,0.645933
0.200000,0.396367,2.000000,24.000000,1.400000,5.000000,0.666667
0.200000,0.209834,5.000000,27.563727,1.622222,10.000000,0.833333
0.142857,1.000000,1.753247,29.697804,2.009447,39.000000,0.636792
0.142857,1.000000,1.753425,29.682128,2.019915,38.000000,0.636816
0.090909,0.062048,2.000000,28.899421,1.563636,11.000000,0.666667
0.090909,1.000000,1.867470,28.886425,1.964634,41.000000,0.651261
0.142857,0.750649,1.863636,29.133785,1.786765,17.000000,0.650794
0.040000,1.000000,2.086207,29.093858,2.003175,36.000000,0.675978
0.040000,0.367851,2.655172,28.424243,1.810000,25.000000,0.726415
0.055556,0.584131,2.933333,26.286189,1.790850,18.000000,0.745763
0.055556,1.000000,1.500000,26.384921,1.947712,18.000000,0.600000
0.066667,1.000000,1.636364,27.807990,1.923810,21.000000,0.620690
0.066667,1.000000,1.500000,30.000000,1.800000,15.000000,0.600000
0.100000,0.070897,1.650000,30.000000,1.802198,14.000000,0.622642
0.200000,0.517526,2.333333,23.216020,1.300000,5.000000,0.700000
0.400000,0.594600,2.384615,26.925566,1.602564,13.000000,0.704545
0.166667,0.377186,1.785714,27.511805,1.876667,25.000000,0.641026
0.040000,0.037666,2.882353,29.993561,1.917241,30.000000,0.742424
0.040000,0.356331,1.829268,26.709888,1.876667,25.000000,0.646552
0.047619,0.635452,3.200000,28.124635,2.235729,44.000000,0.761905
0.047619,0.320753,2.129032,27.799421,1.685714,21.000000,0.680412
0.071429,0.635452,3.200000,28.124635,2.235729,44.000000,0.761905
0.071429,0.088229,1.650000,30.000000,1.802198,14.000000,0.622642
0.142857,0.079887,2.400000,27.519882,1.428571,7.000000,0.705882
0.142857,0.635452,3.200000,28.124635,2.235729,44.000000,0.761905
0.071429,0.730237,3.200000,28.124635,2.235729,44.000000,0.761905
0.071429,0.088229,1.650000,30.000000,1.802198,14.000000,0.622642
0.083333,0.584442,1.658537,26.455724,1.986772,28.000000,0.623853
0.083333,1.000000,3.000000,30.000000,1.545455,12.000000,0.750000
0.071429,0.635452,3.200000,28.124635,2.235729,44.000000,0.761905
0.071429,0.088229,1.650000,30.000000,1.802198,14.000000,0.622642
0.083333,0.730237,3.200000,28.124635,2.235729,44.000000,0.761905
0.142857,0.079887,2.400000,27.519882,1.428571,7.000000,0.705882
0.142857,0.730237,3.200000,28.124635,2.235729,44.000000,0.761905
0.142857,0.635452,3.200000,28.124635,2.235729,44.000000,0.761905
0.142857,0.079887,2.400000,27.519882,1.428571,7.000000,0.705882
0.083333,0.584442,1.658537,26.455724,1.986772,28.000000,0.623853
0.083333,1.000000,3.000000,30.000000,1.545455,12.000000,0.750000
0.071429,0.002921,3.200000,28.124635,2.235729,44.000000,0.761905
0.071429,0.088229,1.650000,30.000000,1.802198,14.000000,0.622642
0.047619,0.730237,3.200000,28.124635,2.235729,44.000000,0.761905
0.047619,0.320753,2.129032,27.799421,1.685714,21.000000,0.680412
0.047619,0.002921,3.200000,28.124635,2.235729,44.000000,0.761905
0.047619,0.320753,2.129032,27.799421,1.685714,21.000000,0.680412
0.047619,0.635452,3.200000,28.124635,2.235729,44.000000,0.761905
0.047619,0.320753,2.129032,27.799421,1.685714,21.000000,0.680412
0.142857,0.079887,2.400000,27.519882,1.428571,7.000000,0.705882
0.142857,0.002921,3.200000,28.124635,2.235729,44.000000,0.761905
0.083333,1.000000,2.441860,25.592248,2.018018,37.000000,0.709459
0.142857,0.688633,1.769231,28.893147,1.742424,12.000000,0.638889
0.083333,0.695344,1.769231,29.846557,1.742424,12.000000,0.638889
0.200000,1.000000,2.153846,28.717499,1.490909,11.000000,0.682927
0.166667,0.658538,1.750000,26.281038,1.654545,11.000000,0.636364
0.166667,0.447754,1.600000,23.621540,1.466667,6.000000,0.615385
0.166667,0.658538,1.750000,26.281038,1.654545,11.000000,0.636364
0.166667,0.447754,1.600000,23.621540,1.466667,6.000000,0.615385
0.166667,0.658538,1.750000,26.281038,1.654545,11.000000,0.636364
0.166667,0.447754,1.600000,23.621540,1.466667,6.000000,0.615385
0.090909,0.004255,2.454545,29.830420,1.527273,11.000000,0.710526
0.166667,0.447754,1.600000,23.621540,1.466667,6.000000,0.615385
0.166667,0.658538,1.750000,26.281038,1.654545,11.000000,0.636364
0.166667,0.447754,1.600000,23.621540,1.466667,6.000000,0.615385
0.166667,0.658538,1.750000,26.281038,1.654545,11.000000,0.636364
0.166667,0.658538,1.750000,26.281038,1.654545,11.000000,0.636364
0.166667,0.447754,1.600000,23.621540,1.466667,6.000000,0.615385
0.200000,0.232238,2.183673,28.479911,2.318527,59.000000,0.685897
0.200000,0.129689,2.511628,28.536175,1.878161,30.000000,0.715232
0.142857,0.057778,1.857143,18.750074,1.535714,8.000000,0.650000
0.037037,0.055883,2.085106,28.437458,1.867725,28.000000,0.675862
0.037037,0.145657,2.652778,29.231189,2.083092,46.000000,0.726236
0.100000,0.874439,1.888889,28.399011,1.755556,10.000000,0.653846
0.100000,0.456054,2.210526,30.000000,1.994737,20.000000,0.688525
0.090909,0.246148,2.000000,23.683693,1.781818,11.000000,0.666667
0.090909,0.181933,3.117647,29.441390,1.632353,17.000000,0.757143
0.142857,0.360573,1.875000,29.599757,1.285714,7.000000,0.652174
0.038462,0.052140,2.821429,29.433629,1.790769,26.000000,0.738318
0.200000,0.195875,1.454545,24.313404,1.800000,16.000000,0.592593
0.076923,0.017094,1.866667,29.135306,1.641026,13.000000,0.651163
0.200000,1.000000,2.333333,30.000000,1.300000,5.000000,0.700000
0.200000,0.500296,2.837209,28.405205,1.924925,37.000000,0.739394
0.166667,0.539728,3.285714,26.122018,1.969697,12.000000,0.766667
0.166667,0.463522,1.875000,27.775100,1.285714,7.000000,0.652174
0.043478,0.359690,2.227273,29.073035,1.841270,28.000000,0.690141
0.050000,0.021999,1.423077,29.201252,2.026829,41.000000,0.587302
0.250000,1.000000,2.000000,27.945598,1.333333,4.000000,0.666667
0.250000,0.617725,1.535714,21.980681,2.015789,20.000000,0.605634
0.062500,0.053351,1.619048,22.064831,1.783333,16.000000,0.618182
0.062500,0.135678,2.142857,29.137756,1.691667,16.000000,0.681818
0.100000,0.235945,5.000000,28.180774,1.444444,10.000000,0.833333
0.100000,0.053351,1.619048,22.064831,1.783333,16.000000,0.618182
0.062500,0.135678,2.142857,29.137756,1.691667,16.000000,0.681818
0.062500,0.053351,1.619048,22.064831,1.783333,16.000000,0.618182
0.100000,0.235945,5.000000,28.180774,1.444444,10.000000,0.833333
0.100000,0.053351,1.619048,22.064831,1.783333,16.000000,0.618182
0.083333,0.082165,2.695652,30.000000,1.742857,21.000000,0.729412
0.083333,0.492734,6.500000,30.000000,1.769231,13.000000,0.866667
0.142857,0.347718,3.047619,30.000000,1.573529,17.000000,0.752941
0.142857,0.347718,3.047619,30.000000,1.573529,17.000000,0.752941
0.142857,0.347718,3.047619,30.000000,1.573529,17.000000,0.752941
0.066667,0.012766,1.958333,28.500000,1.971429,21.000000,0.661972
0.142857,0.347718,3.047619,30.000000,1.573529,17.000000,0.752941
0.090909,0.450743,2.652174,27.477008,1.900433,22.000000,0.726190
0.111111,1.000000,1.727273,30.000000,1.472222,9.000000,0.633333
0.076923,0.226952,2.818182,30.000000,1.742857,21.000000,0.738095
0.142857,0.044423,2.704545,29.816664,2.128205,39.000000,0.730061
0.028571,0.279114,3.236364,27.911735,1.890244,41.000000,0.763948
0.028571,0.067990,2.800000,24.917668,2.228571,35.000000,0.736842
0.028571,0.279114,3.236364,27.911735,1.890244,41.000000,0.763948
0.028571,0.067990,2.800000,24.917668,2.228571,35.000000,0.736842
0.083333,0.540760,1.648649,27.936815,1.913333,25.000000,0.622449
0.043478,0.228983,1.600000,30.000000,1.715415,23.000000,0.615385
0.043478,0.439152,3.163636,28.491424,2.272727,55.000000,0.759825
0.083333,0.007905,1.476190,29.064993,2.034228,47.000000,0.596154
0.125000,0.393069,1.625000,30.000000,1.535714,8.000000,0.619048
0.125000,0.896001,3.163636,28.491424,2.272727,55.000000,0.759825
0.071429,0.439152,3.163636,28.491424,2.272727,55.000000,0.759825
0.071429,1.000000,1.571429,30.000000,1.802198,14.000000,0.611111
0.125000,0.245621,1.680000,28.819647,1.856209,18.000000,0.626866
0.125000,0.455597,1.875000,29.975854,1.464286,8.000000,0.652174
0.125000,0.393069,1.625000,30.000000,1.535714,8.000000,0.619048
0.125000,0.439152,3.163636,28.491424,2.272727,55.000000,0.759825
0.071429,0.397233,3.163636,28.491424,2.272727,55.000000,0.759825
0.071429,1.000000,1.571429,30.000000,1.802198,14.000000,0.611111
0.083333,0.439152,3.163636,28.491424,2.272727,55.000000,0.759825
0.071429,0.439152,3.163636,28.491424,2.272727,55.000000,0.759825
0.071429,1.000000,1.571429,30.000000,1.802198,14.000000,0.611111
0.083333,0.397233,3.163636,28.491424,2.272727,55.000000,0.759825
0.125000,0.393069,1.625000,30.000000,1.535714,8.000000,0.619048
0.125000,0.397233,3.163636,28.491424,2.272727,55.000000,0.759825
0.125000,0.393069,1.625000,30.000000,1.535714,8.000000,0.619048
0.125000,0.439152,3.163636,28.491424,2.272727,55.000000,0.759825
0.083333,0.439152,3.163636,28.491424,2.272727,55.000000,0.759825
0.071429,0.193208,3.163636,28.491424,2.272727,55.000000,0.759825
0.071429,1.000000,1.571429,30.000000,1.802198,14.000000,0.611111
0.043478,0.228983,1.600000,30.000000,1.715415,23.000000,0.615385
0.043478,0.397233,3.163636,28.491424,2.272727,55.000000,0.759825
0.043478,0.228983,1.600000,30.000000,1.715415,23.000000,0.615385
0.043478,0.896001,3.163636,28.491424,2.272727,55.000000,0.759825
0.043478,0.228983,1.600000,30.000000,1.715415,23.000000,0.615385
0.043478,0.193208,3.163636,28.491424,2.272727,55.000000,0.759825
0.071429,0.896001,3.163636,28.491424,2.272727,55.000000,0.759825
0.071429,1.000000,1.571429,30.000000,1.802198,14.000000,0.611111
0.043478,0.228983,1.600000,30.000000,1.715415,23.000000,0.615385
0.043478,0.439152,3.163636,28.491424,2.272727,55.000000,0.759825
0.125000,0.393069,1.625000,30.000000,1.535714,8.000000,0.619048
0.125000,0.193208,3.163636,28.491424,2.272727,55.000000,0.759825
0.083333,0.193208,3.163636,28.491424,2.272727,55.000000,0.759825
0.250000,0.074355,2.464286,29.160728,1.956522,24.000000,0.711340
0.125000,1.000000,2.000000,27.579400,1.644444,10.000000,0.666667
0.250000,0.024012,2.464286,29.160728,1.956522,24.000000,0.711340
0.111111,0.384615,15.000000,20.000000,1.916667,9.000000,0.937500
0.090909,0.944791,1.923077,24.086394,1.618182,11.000000,0.657895
0.090909,0.049092,1.338983,29.633642,2.013937,42.000000,0.572464
0.100000,0.646939,4.000000,30.000000,1.672727,11.000000,0.800000
0.100000,0.012658,4.250000,30.000000,1.755556,10.000000,0.809524
0.166667,1.000000,1.829268,27.772892,1.876667,25.000000,0.646552
0.090909,1.000000,2.260870,26.329930,2.034274,32.000000,0.693333
0.090909,1.000000,1.866667,24.577551,1.651515,12.000000,0.651163
0.200000,0.261164,2.326923,27.479830,2.088589,37.000000,0.699422
0.200000,1.000000,1.829268,27.772892,1.876667,25.000000,0.646552
0.142857,0.972480,3.300000,14.407211,1.876190,15.000000,0.767442
0.066667,0.255859,2.283019,29.151285,2.088589,37.000000,0.695402
0.066667,0.255859,2.283019,29.151285,2.088589,37.000000,0.695402
0.071429,0.277846,18.000000,27.261263,1.406593,14.000000,0.947368
0.071429,0.880557,10.000000,29.874149,1.648352,14.000000,0.909091
0.090909,0.038964,2.357143,29.684853,1.400000,11.000000,0.702128
0.090909,0.605398,2.896552,29.435700,1.813333,25.000000,0.743363
0.047619,0.855255,3.111111,23.287344,1.938095,21.000000,0.756757
0.047619,0.058138,3.208333,28.601209,1.806324,23.000000,0.762376
0.047619,0.855255,3.111111,23.287344,1.938095,21.000000,0.756757
0.047619,0.138889,3.208333,28.601209,1.806324,23.000000,0.762376
0.047619,0.140093,3.208333,28.601209,1.806324,23.000000,0.762376
0.047619,0.855255,3.111111,23.287344,1.938095,21.000000,0.756757
0.062500,0.955256,1.333333,26.997456,2.094203,24.000000,0.571429
0.062500,1.000000,2.315789,24.649765,1.675000,16.000000,0.698413
0.047619,0.855255,3.111111,23.287344,1.938095,21.000000,0.756757
0.047619,0.140093,3.208333,28.601209,1.806324,23.000000,0.762376
0.047619,0.855255,3.111111,23.287344,1.938095,21.000000,0.756757
0.047619,0.140093,3.208333,28.601209,1.806324,23.000000,0.762376
0.043478,0.955256,1.333333,26.997456,2.094203,24.000000,0.571429
0.043478,0.994545,3.421053,29.764449,1.884384,37.000000,0.773810
0.062500,0.203476,2.166667,27.905776,1.775000,16.000000,0.684211
0.062500,0.252956,4.375000,28.851769,1.860294,17.000000,0.813953
0.052632,0.994697,2.549020,29.584875,1.884384,37.000000,0.718232
0.052632,0.744603,1.113636,23.327258,1.906433,19.000000,0.526882
0.166667,0.022355,2.837838,29.062500,1.969758,32.000000,0.739437
0.055556,0.123266,2.440678,28.926833,2.030030,37.000000,0.709360
0.055556,0.665328,2.232558,29.070167,1.775385,26.000000,0.690647
0.083333,0.448732,1.100000,29.766525,1.727273,12.000000,0.523810
0.111111,1.000000,1.727273,30.000000,1.472222,9.000000,0.633333
0.111111,1.000000,1.727273,30.000000,1.472222,9.000000,0.633333
0.111111,0.790800,3.000000,28.464036,1.533333,10.000000,0.750000
0.111111,1.000000,2.111111,30.000000,1.472222,9.000000,0.678571
0.100000,0.834972,2.666667,29.783038,1.533333,10.000000,0.727273
0.111111,0.790800,3.000000,28.464036,1.533333,10.000000,0.750000
0.111111,1.000000,2.111111,30.000000,1.472222,9.000000,0.678571
0.250000,0.247102,4.857143,28.586033,1.908333,16.000000,0.829268
0.062500,0.730502,1.440000,13.699578,1.750000,16.000000,0.590164
0.062500,0.232679,3.047619,30.000000,1.573529,17.000000,0.752941
0.062500,0.730502,1.440000,13.699578,1.750000,16.000000,0.590164
0.062500,0.232679,3.047619,30.000000,1.573529,17.000000,0.752941
0.058824,1.000000,2.043478,28.478305,1.732026,18.000000,0.671429
0.062500,0.730502,1.440000,13.699578,1.750000,16.000000,0.590164
0.062500,0.232679,3.047619,30.000000,1.573529,17.000000,0.752941
0.062500,0.730502,1.440000,13.699578,1.750000,16.000000,0.590164
0.062500,0.232679,3.047619,30.000000,1.573529,17.000000,0.752941
0.200000,0.795533,2.500000,30.000000,1.000000,5.000000,0.714286
0.200000,0.011355,1.565217,24.854921,1.794118,17.000000,0.610169
0.200000,0.389838,1.833333,27.353483,1.708333,16.000000,0.647059
0.083333,0.458880,4.142857,28.292607,1.681818,12.000000,0.805556
0.083333,0.951908,1.333333,26.997456,2.094203,24.000000,0.571429
0.200000,0.004115,10.000000,21.963329,2.018182,11.000000,0.909091
0.250000,0.160663,1.650000,30.000000,1.802198,14.000000,0.622642
0.076923,0.493213,1.950000,27.803571,1.604396,14.000000,0.661017
0.076923,0.557371,5.714286,29.023604,1.525641,13.000000,0.851064
0.028571,0.363767,2.880952,28.167820,2.297297,38.000000,0.742331
0.028571,0.391067,2.626667,29.193779,1.967150,46.000000,0.724265
0.028571,0.391067,2.626667,29.193779,1.967150,46.000000,0.724265
0.028571,0.363767,2.880952,28.167820,2.297297,38.000000,0.742331
0.047619,0.046114,2.350000,26.773663,2.014286,21.000000,0.701493
0.045455,0.757958,1.536585,29.148843,1.926407,22.000000,0.605769
0.047619,0.277103,2.350000,26.773663,2.014286,21.000000,0.701493
0.045455,0.757958,1.536585,29.148843,1.926407,22.000000,0.605769
0.076923,0.036559,5.000000,27.157043,2.102564,13.000000,0.833333
0.076923,0.030826,1.681818,27.572547,1.807971,24.000000,0.627119
0.076923,0.036559,5.000000,27.157043,2.102564,13.000000,0.833333
0.076923,0.695744,2.500000,29.754937,1.801471,17.000000,0.714286
0.166667,0.295603,2.647059,30.000000,1.647619,15.000000,0.725806
0.111111,0.023913,2.760000,28.538282,1.875630,35.000000,0.734043
0.142857,0.646676,1.756757,28.891639,1.764493,24.000000,0.637255
0.142857,1.000000,1.555556,25.714286,1.333333,7.000000,0.608696
0.166667,0.729031,1.113636,25.936669,1.906433,19.000000,0.526882
0.142857,0.716513,2.600000,29.777542,1.277778,9.000000,0.722222
0.200000,1.000000,2.000000,30.000000,1.476190,7.000000,0.666667
0.200000,1.000000,2.000000,30.000000,1.476190,7.000000,0.666667
0.076923,0.190597,3.529412,29.166797,1.899621,33.000000,0.779221
0.166667,0.514801,3.666667,30.000000,1.500000,12.000000,0.785714
0.100000,0.004115,4.400000,23.202995,1.511111,10.000000,0.814815
0.100000,0.032693,2.127273,26.927789,2.032086,34.000000,0.680233
0.166667,0.461771,2.000000,29.427241,1.919786,34.000000,0.666667
0.100000,0.032693,2.127273,26.927789,2.032086,34.000000,0.680233
0.100000,0.004115,4.400000,23.202995,1.511111,10.000000,0.814815
0.200000,0.124698,2.688889,27.626737,1.872984,32.000000,0.728916
0.166667,1.000000,2.193548,26.705298,2.175610,41.000000,0.686869
0.250000,1.000000,1.977273,27.757570,1.965608,28.000000,0.664122
0.250000,0.112921,2.255319,27.249233,1.875223,34.000000,0.692810
0.166667,0.537199,2.741935,28.778801,2.107822,44.000000,0.732759
0.023810,0.174783,2.135417,28.227060,2.270130,56.000000,0.681063
0.023810,0.553826,2.741935,28.117316,2.107822,44.000000,0.732759
0.200000,0.318660,2.312500,29.136295,2.062078,39.000000,0.698113
0.066667,0.132642,3.117647,26.843251,1.580952,15.000000,0.757143
0.066667,0.080766,2.575000,29.356018,2.099490,49.000000,0.720280
0.142857,0.170632,2.333333,28.545907,1.959677,32.000000,0.700000
0.166667,0.596600,3.036364,28.847434,2.080139,42.000000,0.752252
0.142857,0.857170,4.250000,29.189166,1.190476,7.000000,0.809524
0.142857,0.653824,3.213115,27.467738,1.949495,45.000000,0.762646
0.027027,0.370056,3.000000,29.142318,1.984541,46.000000,0.750000
0.027027,0.339509,2.904762,29.576424,2.166667,40.000000,0.743902
0.100000,0.202782,3.240000,28.289762,1.984541,46.000000,0.764151
0.100000,0.971593,1.714286,26.927740,1.466667,10.000000,0.631579
0.125000,0.759413,1.857143,30.000000,1.277778,9.000000,0.650000
0.066667,0.125121,3.666667,27.674171,1.780952,15.000000,0.785714
0.066667,1.000000,1.400000,29.394634,1.841667,16.000000,0.583333
0.071429,0.286801,1.500000,30.000000,1.725275,14.000000,0.600000
0.166667,0.017977,2.250000,25.840165,1.400000,6.000000,0.692308
0.083333,0.464699,1.666667,16.073933,1.621212,12.000000,0.625000
0.250000,0.770645,2.174603,28.642717,1.840883,42.000000,0.685000
0.125000,0.008333,5.000000,29.430060,1.464286,8.000000,0.833333
0.111111,0.269815,3.071429,29.338763,1.735294,17.000000,0.754386
0.111111,0.367169,3.750000,27.934718,1.638889,9.000000,0.789474
0.111111,0.595686,3.266667,28.468977,1.789474,20.000000,0.765625
0.166667,0.004149,1.511628,28.918909,1.743083,23.000000,0.601852
0.200000,1.000000,2.600000,25.714286,1.428571,7.000000,0.722222
0.200000,0.904906,1.166667,23.050879,2.029885,30.000000,0.538462
0.200000,0.008333,2.375000,25.690724,1.644444,10.000000,0.703704
0.083333,0.471154,1.666667,16.073933,1.621212,12.000000,0.625000
0.076923,0.918170,1.611111,23.301971,1.679487,13.000000,0.617021
0.076923,0.190632,1.625000,28.540678,1.743083,23.000000,0.619048
0.055556,0.268083,1.985915,29.615358,1.828049,41.000000,0.665094
0.025641,0.489894,2.436364,26.556947,2.207827,39.000000,0.708995
0.025641,0.206679,2.250000,29.750905,1.967623,47.000000,0.692308
0.025641,0.489894,2.436364,26.556947,2.207827,39.000000,0.708995
0.025641,0.206679,2.250000,29.750905,1.967623,47.000000,0.692308
0.125000,0.918170,1.611111,23.301971,1.679487,13.000000,0.617021
0.125000,0.008264,5.000000,28.905712,1.464286,8.000000,0.833333
0.055556,0.327654,2.275862,29.617837,1.967623,47.000000,0.694737
0.142857,1.000000,1.090909,23.234203,1.476190,7.000000,0.521739
0.200000,0.384592,7.000000,24.307506,1.300000,5.000000,0.875000
0.090909,0.385708,3.857143,28.042818,1.509091,11.000000,0.794118
0.111111,0.376417,1.875000,27.660757,1.583333,9.000000,0.652174
0.111111,0.807573,2.111111,29.900246,1.688889,10.000000,0.678571
0.076923,0.012146,1.866667,30.000000,1.641026,13.000000,0.651163
0.076923,0.330110,4.250000,25.806107,1.588235,17.000000,0.809524
0.200000,0.239089,4.411765,28.051260,1.608187,19.000000,0.815217
0.166667,0.009643,2.500000,29.058706,2.066532,32.000000,0.714286
0.066667,0.582621,2.283019,28.923375,2.088589,37.000000,0.695402
0.083333,0.745815,2.076923,28.806235,1.919786,34.000000,0.675000
0.083333,0.480373,3.000000,30.000000,1.783333,16.000000,0.750000
0.166667,1.000000,1.833333,25.155036,1.654545,11.000000,0.647059
0.076923,0.369360,1.590909,25.394504,1.615385,13.000000,0.614035
0.076923,0.445098,1.920000,29.844350,1.797386,18.000000,0.657534
0.200000,0.409569,2.750000,30.000000,1.266667,6.000000,0.733333
0.111111,0.014566,1.500000,30.000000,1.583333,9.000000,0.600000
0.083333,0.723508,1.785714,28.418976,1.769231,26.000000,0.641026
0.111111,0.014566,1.500000,30.000000,1.583333,9.000000,0.600000
0.200000,0.333115,2.960000,30.000000,2.011396,27.000000,0.747475
0.200000,0.333115,2.960000,30.000000,2.011396,27.000000,0.747475
0.076923,0.364552,1.780488,28.695652,1.893281,23.000000,0.640351
0.076923,0.136287,1.590909,25.394504,1.615385,13.000000,0.614035
0.111111,0.300599,1.833333,29.585594,1.388889,9.000000,0.647059
0.076923,0.136287,1.590909,25.394504,1.615385,13.000000,0.614035
0.076923,0.364552,1.780488,28.695652,1.893281,23.000000,0.640351
0.071429,0.245427,1.633333,25.901618,1.942857,21.000000,0.620253
0.076923,0.529706,1.612903,29.799373,1.707602,19.000000,0.617284
0.025641,0.514436,2.362319,29.066538,1.924426,39.000000,0.702586
0.025641,0.000000,2.355932,27.585395,2.252439,41.000000,0.702020
0.025641,0.450013,2.397059,28.708087,1.924426,39.000000,0.705628
0.025641,0.280080,2.314607,29.321985,1.968972,48.000000,0.698305
0.025641,0.514436,2.362319,29.066538,1.924426,39.000000,0.702586
0.025641,0.000000,2.355932,27.585395,2.252439,41.000000,0.702020
0.142857,1.000000,2.357143,29.651592,1.692308,13.000000,0.702128
0.142857,0.029551,3.500000,29.599757,1.333333,7.000000,0.777778
0.083333,0.000000,1.446667,29.307152,2.047511,52.000000,0.591281
0.076923,0.000000,3.600000,28.189657,1.825806,31.000000,0.782609
0.125000,0.123582,2.500000,30.000000,1.666667,9.000000,0.714286
0.125000,1.000000,1.875000,30.000000,1.464286,8.000000,0.652174
0.250000,0.617166,3.259259,27.654259,2.025287,30.000000,0.765217
0.037037,1.000000,1.467153,28.663564,2.034864,49.000000,0.594675
0.037037,0.191318,1.509434,28.663786,1.914530,27.000000,0.601504
0.025641,1.000000,1.456522,29.025542,2.034864,49.000000,0.592920
0.025641,0.684822,2.200000,16.896706,2.267206,39.000000,0.687500
0.111111,0.405475,2.500000,22.078346,1.444444,9.000000,0.714286
0.111111,1.000000,1.320755,29.152006,2.029487,40.000000,0.569106
0.062500,1.000000,1.396226,29.313190,2.026829,41.000000,0.582677
0.062500,0.248844,3.263158,29.088121,1.516667,16.000000,0.765432
0.024390,0.086777,2.288889,29.476260,1.968972,48.000000,0.695946
0.024390,0.540070,2.355932,27.585395,2.252439,41.000000,0.702020
0.055556,0.719179,1.285714,27.742179,2.091038,38.000000,0.562500
0.024390,0.086777,2.288889,29.476260,1.968972,48.000000,0.695946
0.024390,0.540070,2.355932,27.585395,2.252439,41.000000,0.702020
0.200000,1.000000,1.488889,28.412379,2.034864,49.000000,0.598214
0.062500,1.000000,1.396226,29.313190,2.026829,41.000000,0.582677
0.062500,0.248844,3.263158,29.088121,1.516667,16.000000,0.765432
0.200000,1.000000,1.317829,29.774594,2.017970,44.000000,0.568562
0.062500,0.248844,3.263158,29.088121,1.516667,16.000000,0.765432
0.062500,1.000000,1.396226,29.313190,2.026829,41.000000,0.582677
0.062500,1.000000,1.396226,29.313190,2.026829,41.000000,0.582677
0.062500,0.248844,3.263158,29.088121,1.516667,16.000000,0.765432
0.200000,1.000000,1.500000,28.970417,2.044444,46.000000,0.600000
0.076923,1.000000,1.430769,29.286721,2.034228,47.000000,0.588608
0.076923,0.008250,2.000000,27.523522,1.717949,13.000000,0.666667
0.041667,0.061809,3.508772,27.705936,1.968070,53.000000,0.778210
0.200000,0.594740,1.642857,28.021796,1.737892,27.000000,0.621622
0.062500,0.690763,1.235294,29.937654,1.808333,16.000000,0.552632
0.125000,0.650408,2.522727,29.023666,1.998106,33.000000,0.716129
0.142857,0.568248,1.606061,29.263718,1.721053,20.000000,0.616279
0.033333,0.265233,2.176471,29.824486,1.929032,31.000000,0.685185
0.033333,0.455044,2.821429,30.000000,2.071264,30.000000,0.738318
0.033333,0.265233,2.176471,29.824486,1.929032,31.000000,0.685185
0.033333,0.455044,2.821429,30.000000,2.071264,30.000000,0.738318
0.033333,0.265233,2.176471,29.824486,1.929032,31.000000,0.685185
0.033333,0.455044,2.821429,30.000000,2.071264,30.000000,0.738318
0.033333,0.265233,2.176471,29.824486,1.929032,31.000000,0.685185
0.033333,0.455044,2.821429,30.000000,2.071264,30.000000,0.738318
0.222222,0.479082,1.526316,30.000000,1.194444,9.000000,0.604167
0.222222,0.741780,1.290323,28.125000,1.750000,16.000000,0.563380
0.111111,0.392206,5.000000,29.133217,1.472222,9.000000,0.833333
0.111111,0.339892,2.973684,28.041976,2.128023,38.000000,0.748344
0.166667,0.004082,1.833333,30.000000,1.266667,6.000000,0.647059
0.166667,0.188850,2.273438,28.021724,2.230228,70.000000,0.694511
0.111111,0.188850,2.273438,28.021724,2.230228,70.000000,0.694511
0.166667,1.000000,2.000000,22.025363,1.476190,7.000000,0.666667
0.100000,0.258911,1.720930,28.582403,1.956923,26.000000,0.632479
0.142857,0.839194,1.555556,29.131745,1.333333,7.000000,0.608696
0.066667,1.000000,20.333333,27.481926,1.419048,15.000000,0.953125
0.090909,1.000000,1.538462,27.406781,1.636364,11.000000,0.606061
0.090909,0.397965,2.470588,23.759380,1.838235,17.000000,0.711864
0.083333,0.234513,1.764706,28.610266,1.545455,12.000000,0.638298
0.090909,0.311408,3.714286,30.000000,2.034483,29.000000,0.787879
0.090909,0.311408,3.714286,30.000000,2.034483,29.000000,0.787879
0.052632,0.141356,1.636364,28.653145,1.931034,29.000000,0.620690
0.052632,0.108022,2.752294,28.361616,2.232786,72.000000,0.733496
0.142857,0.818996,2.074074,29.274028,1.798030,29.000000,0.674699
0.166667,0.236325,1.906250,28.950846,1.917749,22.000000,0.655914
0.166667,0.000000,2.111111,28.348188,1.577778,10.000000,0.678571
0.062500,1.000000,2.736842,29.594373,1.633333,16.000000,0.732394
0.062500,0.090134,2.148148,28.639397,2.198319,35.000000,0.682353
0.125000,0.338820,2.878049,29.561939,2.215126,35.000000,0.742138
0.062500,1.000000,2.736842,29.594373,1.633333,16.000000,0.732394
0.062500,0.090134,2.148148,28.639397,2.198319,35.000000,0.682353
0.125000,0.338820,2.878049,29.561939,2.215126,35.000000,0.742138
0.200000,0.253175,2.710526,30.000000,1.827692,26.000000,0.730496
0.200000,0.253175,2.710526,30.000000,1.827692,26.000000,0.730496
0.200000,0.060822,4.500000,30.000000,1.357143,8.000000,0.818182
0.200000,0.881487,4.500000,30.000000,1.357143,8.000000,0.818182
0.111111,0.530919,2.000000,28.825709,1.490909,11.000000,0.666667
0.111111,0.205287,2.100000,28.221124,1.416667,9.000000,0.677419
0.111111,0.621209,1.875000,22.072330,1.666667,9.000000,0.652174
0.111111,0.040173,2.324324,30.000000,1.870769,26.000000,0.699187
0.142857,1.000000,1.090909,23.234203,1.476190,7.000000,0.521739
0.142857,1.000000,1.833333,30.000000,1.654545,11.000000,0.647059
0.111111,0.621209,1.875000,22.072330,1.666667,9.000000,0.652174
0.111111,0.003300,1.412698,29.779935,2.042781,34.000000,0.585526
0.250000,0.104093,2.800000,27.682805,1.535714,8.000000,0.736842
0.111111,0.040173,2.324324,30.000000,1.870769,26.000000,0.699187
0.111111,0.621209,1.875000,22.072330,1.666667,9.000000,0.652174
0.142857,0.778899,1.090909,28.070740,1.476190,7.000000,0.521739
0.166667,0.662211,3.333333,29.305656,1.333333,6.000000,0.769231
0.142857,1.000000,2.000000,30.000000,1.476190,7.000000,0.666667
0.071429,0.511722,1.375000,21.113406,2.105072,24.000000,0.578947
0.071429,0.261069,3.875000,30.000000,1.747253,14.000000,0.794872
0.083333,0.287799,1.647059,24.215395,1.575758,12.000000,0.622222
0.083333,0.511722,1.375000,21.113406,2.105072,24.000000,0.578947
0.071429,0.261069,3.875000,30.000000,1.747253,14.000000,0.794872
0.071429,0.328090,1.375000,21.113406,2.105072,24.000000,0.578947
0.083333,0.287799,1.647059,24.215395,1.575758,12.000000,0.622222
0.083333,0.328090,1.375000,21.113406,2.105072,24.000000,0.578947
0.076923,0.495963,1.866667,30.000000,1.641026,13.000000,0.651163
0.076923,0.118992,2.400000,28.608508,1.538462,13.000000,0.705882
0.066667,0.753858,5.000000,27.446542,1.866667,15.000000,0.833333
0.066667,0.060706,2.304348,29.706448,1.686275,18.000000,0.697368
0.090909,0.393139,1.666667,29.267284,1.885714,21.000000,0.625000
0.090909,0.212353,2.000000,30.000000,1.636364,11.000000,0.666667
0.125000,0.624925,6.000000,24.492281,1.642857,8.000000,0.857143
0.125000,0.775955,5.333333,26.847615,1.758242,14.000000,0.842105
0.125000,0.008333,2.166667,30.000000,1.780952,15.000000,0.684211
0.125000,1.000000,1.857143,30.000000,1.607143,8.000000,0.650000
0.125000,1.000000,1.857143,30.000000,1.607143,8.000000,0.650000
0.125000,0.008333,2.166667,30.000000,1.780952,15.000000,0.684211
0.083333,0.390738,3.236364,28.445149,1.890244,41.000000,0.763948
0.083333,0.571413,1.666667,16.073933,1.621212,12.000000,0.625000
0.025000,0.256883,2.394366,28.760782,1.925641,40.000000,0.705394
0.025000,0.635307,2.340909,29.686601,1.968972,48.000000,0.700680
0.041667,0.364974,2.000000,22.567464,1.938406,24.000000,0.666667
0.041667,0.362409,2.359551,29.404165,1.989796,49.000000,0.702341
0.111111,1.000000,23.000000,30.000000,1.388889,9.000000,0.958333
0.111111,0.377022,2.313953,29.520764,2.007092,48.000000,0.698246
0.041667,0.362409,2.359551,29.404165,1.989796,49.000000,0.702341
0.041667,0.364974,2.000000,22.567464,1.938406,24.000000,0.666667
0.020833,0.243884,1.988889,22.413719,2.216471,51.000000,0.665428
0.020833,0.609246,2.288889,29.476260,1.968972,48.000000,0.695946
0.142857,0.123142,1.571429,20.637166,1.476190,7.000000,0.611111
0.100000,0.310362,2.329412,29.586937,1.967623,47.000000,0.699647
0.100000,0.511708,1.666667,24.100000,1.555556,10.000000,0.625000
0.166667,0.008403,2.000000,30.000000,1.200000,6.000000,0.666667
0.076923,0.326349,1.375000,21.113406,2.105072,24.000000,0.578947
0.076923,0.524050,1.450000,29.500767,1.743590,13.000000,0.591837
0.076923,0.524050,1.450000,29.500767,1.743590,13.000000,0.591837
0.076923,0.100001,1.375000,21.113406,2.105072,24.000000,0.578947
0.066667,0.672762,1.687500,28.704165,2.055336,23.000000,0.627907
0.066667,0.000000,4.125000,28.488929,1.780952,15.000000,0.804878
0.076923,0.672762,1.687500,28.704165,2.055336,23.000000,0.627907
0.076923,0.000000,1.571429,27.648629,1.576923,13.000000,0.611111
0.066667,0.000000,4.125000,28.488929,1.780952,15.000000,0.804878
0.066667,0.640272,1.687500,28.704165,2.055336,23.000000,0.627907
0.076923,0.603248,1.687500,28.704165,2.055336,23.000000,0.627907
0.076923,0.000000,1.571429,27.648629,1.576923,13.000000,0.611111
0.066667,0.603248,1.687500,28.704165,2.055336,23.000000,0.627907
0.066667,0.000000,4.125000,28.488929,1.780952,15.000000,0.804878
0.076923,0.640272,1.687500,28.704165,2.055336,23.000000,0.627907
0.076923,0.000000,1.571429,27.648629,1.576923,13.000000,0.611111
0.200000,0.253408,1.894737,24.361508,1.833333,16.000000,0.654545
0.200000,0.676948,3.375000,29.766525,1.651515,12.000000,0.771429
0.166667,0.047672,1.714286,30.000000,1.563636,11.000000,0.631579
0.125000,0.243466,4.200000,29.715459,1.781818,11.000000,0.807692
0.100000,0.596677,2.000000,30.000000,1.555556,10.000000,0.666667
0.200000,0.106030,1.588235,28.746004,1.730769,13.000000,0.613636
0.100000,1.000000,2.428571,25.238039,1.688889,10.000000,0.708333
0.100000,0.221589,1.642857,30.000000,1.742424,12.000000,0.621622
0.142857,0.208574,2.058824,29.263396,1.833333,16.000000,0.673077
0.200000,0.663450,1.600000,30.000000,1.200000,5.000000,0.615385
0.166667,0.245152,2.755102,28.541835,2.045519,38.000000,0.733696
0.200000,0.774949,1.178571,29.883414,1.775000,16.000000,0.540984
0.200000,0.181715,2.786885,29.364408,2.029598,44.000000,0.735931
0.083333,1.000000,6.166667,30.000000,1.454545,12.000000,0.860465
0.083333,0.210234,3.133333,28.175852,1.740000,25.000000,0.758065
0.083333,1.000000,6.166667,30.000000,1.454545,12.000000,0.860465
0.083333,0.210234,3.133333,28.175852,1.740000,25.000000,0.758065
0.250000,0.349105,3.500000,29.888174,1.825806,31.000000,0.777778
0.200000,1.000000,3.750000,29.245151,1.285714,7.000000,0.789474
0.200000,0.492777,3.166667,30.000000,1.626316,20.000000,0.760000
0.125000,0.110654,1.857143,30.000000,1.535714,8.000000,0.650000
0.041667,0.018768,3.133333,29.845761,1.740000,25.000000,0.758065
0.041667,1.000000,1.681818,26.391565,1.807971,24.000000,0.627119
0.058824,0.281516,1.040816,24.015608,1.750000,17.000000,0.510000
0.058824,0.437903,1.520833,29.934636,1.735507,24.000000,0.603306
0.111111,0.340162,1.500000,30.000000,1.583333,9.000000,0.600000
0.111111,1.000000,1.680000,30.000000,1.777778,28.000000,0.626866
0.111111,0.340162,1.500000,30.000000,1.583333,9.000000,0.600000
0.111111,1.000000,1.680000,30.000000,1.777778,28.000000,0.626866
0.166667,0.003954,1.659091,28.834748,1.735507,24.000000,0.623932
0.250000,0.779799,3.000000,30.000000,1.000000,4.000000,0.750000
0.181818,0.468615,1.526316,29.861783,1.636364,12.000000,0.604167
0.111111,1.000000,5.333333,9.852328,2.066667,10.000000,0.842105
0.076923,1.000000,2.642857,24.076235,1.723810,15.000000,0.725490
0.111111,1.000000,7.750000,27.745090,2.142857,14.000000,0.885714
0.050000,0.262350,2.434783,28.500000,1.826316,20.000000,0.708861
0.050000,0.379747,1.509091,28.434070,1.818841,24.000000,0.601449
0.058824,0.344006,1.200000,28.558874,1.882353,17.000000,0.545455
0.058824,0.004219,3.214286,29.639443,1.803922,18.000000,0.762712
0.058824,0.344006,1.200000,28.558874,1.882353,17.000000,0.545455
0.125000,0.516769,1.750000,30.000000,1.801471,17.000000,0.636364
0.071429,0.410944,1.988889,22.413719,2.216471,51.000000,0.665428
0.083333,1.000000,2.200000,29.176154,1.628205,13.000000,0.687500
0.083333,0.637431,1.916667,27.608906,1.787879,12.000000,0.657143
0.166667,0.047592,3.651163,28.785620,1.904184,39.000000,0.785000
0.285714,0.174417,1.454545,26.402073,1.638889,9.000000,0.592593
0.076923,0.702652,2.043478,25.847927,1.957895,20.000000,0.671429
0.111111,0.104348,2.736842,29.567947,1.633333,16.000000,0.732394
0.166667,0.235774,1.857143,26.421157,1.756410,13.000000,0.650000
0.142857,0.974993,2.500000,29.980683,1.666667,10.000000,0.714286
0.142857,0.728244,3.277778,29.500255,1.533333,16.000000,0.766234
0.090909,0.330758,1.459016,29.532429,2.042781,34.000000,0.593333
0.090909,0.825294,1.625000,28.929639,1.563636,11.000000,0.619048
0.111111,1.000000,1.538462,30.000000,1.644444,10.000000,0.606061
0.125000,0.012658,2.375000,30.000000,1.527778,9.000000,0.703704
0.125000,0.970596,4.200000,30.000000,1.285714,8.000000,0.807692
0.250000,0.970596,4.200000,30.000000,1.285714,8.000000,0.807692
0.083333,0.000000,2.250000,26.568531,1.916996,23.000000,0.692308
0.083333,0.219512,1.800000,30.000000,1.743590,13.000000,0.642857
0.142857,0.031746,3.333333,29.218055,1.523810,7.000000,0.769231
0.166667,0.000000,2.200000,30.000000,1.266667,6.000000,0.687500
0.047619,0.359546,2.800000,30.000000,1.917241,30.000000,0.736842
0.047619,0.140896,1.628571,28.571429,1.880952,21.000000,0.619565
0.166667,0.202371,1.724138,30.000000,1.905263,20.000000,0.632911
0.166667,1.000000,2.000000,25.000000,1.333333,6.000000,0.666667
0.038462,0.143209,1.879310,29.142857,2.087395,35.000000,0.652695
0.038462,0.399261,1.681818,29.972208,1.956923,26.000000,0.627119
0.038462,0.399261,1.681818,29.972208,1.956923,26.000000,0.627119
0.038462,0.143209,1.879310,29.142857,2.087395,35.000000,0.652695
0.066667,0.388656,1.681818,29.484206,1.956923,26.000000,0.627119
0.166667,0.282861,1.829268,30.000000,2.013228,28.000000,0.646552
0.166667,0.607047,2.875000,30.000000,1.786765,17.000000,0.741935
0.166667,0.716359,1.829268,30.000000,2.013228,28.000000,0.646552
0.200000,0.920707,1.666667,19.338609,1.464286,8.000000,0.625000
0.166667,0.607047,2.875000,30.000000,1.786765,17.000000,0.741935
0.250000,0.656772,1.866667,23.767376,1.866667,21.000000,0.651163
0.076923,1.000000,1.130435,29.395437,2.045161,31.000000,0.530612
0.058824,1.000000,3.200000,28.124635,2.235729,44.000000,0.761905
0.058824,0.454297,2.769231,28.923711,1.796667,25.000000,0.734694
0.043478,0.644931,1.305085,29.513534,1.958128,29.000000,0.566176
0.043478,1.000000,3.163636,28.491424,2.272727,55.000000,0.759825
0.125000,0.008475,2.272727,27.692845,1.725490,18.000000,0.694444
0.100000,1.000000,3.208333,26.044176,1.806324,23.000000,0.762376
0.100000,1.000000,1.916667,15.642129,1.488889,10.000000,0.657143
0.076923,0.447052,2.769231,28.322852,1.796667,25.000000,0.734694
0.058824,1.000000,3.200000,28.124635,2.235729,44.000000,0.761905
0.058824,0.454297,2.769231,28.923711,1.796667,25.000000,0.734694
0.100000,1.000000,3.208333,26.044176,1.806324,23.000000,0.762376
0.100000,1.000000,1.916667,15.642129,1.488889,10.000000,0.657143
0.058824,1.000000,3.200000,28.124635,2.235729,44.000000,0.761905
0.058824,1.000000,1.114286,29.861150,2.045161,31.000000,0.527027
0.100000,1.000000,3.208333,26.044176,1.806324,23.000000,0.762376
0.100000,1.000000,1.916667,15.642129,1.488889,10.000000,0.657143
0.043478,1.000000,3.163636,28.491424,2.272727,55.000000,0.759825
0.043478,0.147370,2.724138,29.588077,1.790769,26.000000,0.731481
0.058824,1.000000,3.200000,28.124635,2.235729,44.000000,0.761905
0.058824,1.000000,1.114286,29.861150,2.045161,31.000000,0.527027
0.100000,1.000000,3.208333,26.044176,1.806324,23.000000,0.762376
0.100000,1.000000,1.916667,15.642129,1.488889,10.000000,0.657143
0.100000,1.000000,1.916667,15.642129,1.488889,10.000000,0.657143
0.100000,1.000000,3.208333,26.044176,1.806324,23.000000,0.762376
0.058824,1.000000,3.200000,28.124635,2.235729,44.000000,0.761905
0.058824,0.454297,2.769231,28.923711,1.796667,25.000000,0.734694
0.058824,1.000000,3.200000,28.124635,2.235729,44.000000,0.761905
0.058824,1.000000,1.114286,29.861150,2.045161,31.000000,0.527027
0.090909,0.209040,1.520000,22.941176,1.830882,17.000000,0.603175
0.090909,0.325653,3.355556,29.790401,1.846774,32.000000,0.770408
0.090909,0.325653,3.355556,29.790401,1.846774,32.000000,0.770408
0.076923,0.346943,1.588235,27.058539,1.805195,22.000000,0.613636
0.076923,0.955902,1.571429,28.597981,1.576923,13.000000,0.611111
0.076923,0.955902,1.571429,28.597981,1.576923,13.000000,0.611111
0.076923,0.955902,1.571429,28.597981,1.576923,13.000000,0.611111
0.076923,0.439251,1.588235,27.058539,1.805195,22.000000,0.613636
0.200000,0.922913,1.647059,22.609016,1.575758,12.000000,0.622222
0.200000,1.000000,4.000000,30.000000,1.200000,5.000000,0.800000
0.076923,0.186808,1.588235,27.058539,1.805195,22.000000,0.613636
0.076923,0.955902,1.571429,28.597981,1.576923,13.000000,0.611111
0.076923,0.955902,1.571429,28.597981,1.576923,13.000000,0.611111
0.076923,0.107865,1.588235,27.058539,1.805195,22.000000,0.613636
0.071429,1.000000,7.000000,30.000000,2.120879,14.000000,0.875000
0.062500,0.740151,1.609524,29.308496,2.253401,49.000000,0.616788
0.250000,0.875164,1.741176,29.123077,1.992683,41.000000,0.635193
0.083333,0.391940,3.500000,25.640216,1.963158,20.000000,0.777778
0.083333,0.203252,1.181818,30.000000,1.727273,12.000000,0.541667
0.083333,0.759004,9.000000,27.328124,1.666667,12.000000,0.900000
0.083333,0.462939,1.607143,28.632099,1.941520,19.000000,0.616438
0.083333,0.462939,1.607143,28.632099,1.941520,19.000000,0.616438
0.083333,0.759004,9.000000,27.328124,1.666667,12.000000,0.900000
0.250000,0.836763,2.812500,29.320517,1.647619,15.000000,0.737705
0.166667,0.265526,2.824561,29.289302,2.192892,74.000000,0.738532
0.166667,1.000000,1.833333,30.000000,1.266667,6.000000,0.647059
0.100000,0.265526,2.824561,29.289302,2.192892,74.000000,0.738532
0.100000,0.069739,1.769231,29.618809,1.488889,10.000000,0.638889
0.166667,1.000000,2.200000,8.758302,1.266667,6.000000,0.687500
0.166667,1.000000,2.818182,30.000000,1.742857,21.000000,0.738095
0.035714,1.000000,1.755102,27.511497,1.875661,28.000000,0.637037
0.035714,0.000000,3.163462,29.573299,2.244561,76.000000,0.759815
0.111111,1.000000,1.755102,27.511497,1.875661,28.000000,0.637037
0.111111,0.000000,2.250000,30.000000,1.583333,9.000000,0.692308
0.111111,0.889615,2.125000,27.481548,1.527778,9.000000,0.680000
0.045455,0.509090,1.866667,28.860845,1.822222,36.000000,0.651163
0.166667,0.189143,2.222222,28.642438,1.757353,17.000000,0.689655
0.062500,0.697097,1.988889,24.589483,2.216471,51.000000,0.665428
0.062500,0.773991,1.894737,24.361508,1.833333,16.000000,0.654545
0.166667,0.296009,1.541667,29.847523,1.846667,25.000000,0.606557
0.027778,0.769327,2.060606,29.256935,1.825641,40.000000,0.673267
0.027778,0.471749,3.333333,29.427846,1.968070,53.000000,0.769231
0.142857,0.439239,3.389831,29.180571,1.968070,53.000000,0.772201
0.142857,0.611678,1.750000,23.610622,1.333333,7.000000,0.636364
0.125000,1.000000,1.875000,28.402100,1.500000,8.000000,0.652174
0.125000,0.102457,1.842105,29.933498,1.666667,15.000000,0.648148
0.125000,0.090804,1.700000,27.053585,1.392857,8.000000,0.629630
0.125000,0.947703,1.545455,23.819998,1.527778,9.000000,0.607143
0.058824,0.096896,1.769231,28.253045,1.745098,18.000000,0.638889
0.058824,0.810755,4.000000,29.988637,1.617647,17.000000,0.800000
0.200000,0.947703,1.545455,23.819998,1.527778,9.000000,0.607143
0.200000,0.070189,1.700000,22.500000,1.392857,8.000000,0.629630
0.090909,0.188324,2.538462,28.319275,1.641026,13.000000,0.717391
0.090909,1.000000,1.333333,30.000000,1.800000,11.000000,0.571429
0.142857,1.000000,1.529412,27.500000,1.651515,12.000000,0.604651
0.062500,0.046260,4.625000,30.000000,1.900000,16.000000,0.822222
0.062500,0.177235,2.844828,29.180214,2.258031,77.000000,0.739910
0.142857,1.000000,1.529412,27.500000,1.651515,12.000000,0.604651
0.090909,0.188324,2.538462,28.319275,1.641026,13.000000,0.717391
0.090909,1.000000,1.333333,30.000000,1.800000,11.000000,0.571429
0.166667,0.861373,3.666667,25.792695,1.266667,6.000000,0.785714
0.100000,0.735389,3.600000,24.001142,1.733333,10.000000,0.782609
0.100000,0.558344,2.325581,30.000000,2.043561,33.000000,0.699301
0.250000,1.000000,2.000000,25.850078,1.333333,4.000000,0.666667
0.090909,0.683050,1.309091,29.737794,1.885375,23.000000,0.566929
0.200000,0.728673,1.833333,25.155036,1.654545,11.000000,0.647059
0.200000,0.866393,1.750000,19.813338,1.790476,15.000000,0.636364
0.125000,0.355176,3.000000,25.369007,1.500000,8.000000,0.750000
0.142857,1.000000,1.000000,30.000000,1.476190,7.000000,0.500000
0.142857,0.698528,1.900000,25.830921,1.676190,15.000000,0.655172
0.250000,0.427198,2.375000,26.666667,1.527778,9.000000,0.703704
0.142857,0.387826,2.500000,29.083626,1.666667,9.000000,0.714286
0.166667,1.000000,1.051282,27.565450,1.733333,15.000000,0.512500
0.125000,0.698528,1.900000,25.830921,1.676190,15.000000,0.655172
0.090909,0.427375,2.500000,29.110562,1.738562,18.000000,0.714286
0.166667,0.439661,2.379310,30.000000,1.956522,24.000000,0.704082
0.111111,0.225108,1.625000,27.704724,2.060729,39.000000,0.619048
0.111111,0.114904,2.555556,30.000000,1.361111,9.000000,0.718750
0.041667,0.012658,2.750000,30.000000,1.938406,24.000000,0.733333
0.041667,0.512169,2.787879,29.090909,2.056818,33.000000,0.736000
0.041667,0.512169,2.787879,29.090909,2.056818,33.000000,0.736000
0.041667,0.012658,2.750000,30.000000,1.938406,24.000000,0.733333
0.041667,0.512169,2.787879,29.090909,2.056818,33.000000,0.736000
0.041667,0.012658,2.750000,30.000000,1.938406,24.000000,0.733333
0.041667,0.012658,2.750000,30.000000,1.938406,24.000000,0.733333
0.041667,0.512169,2.787879,29.090909,2.056818,33.000000,0.736000
0.166667,0.005030,2.379310,30.000000,1.956522,24.000000,0.704082
0.100000,0.355183,3.105263,30.000000,1.533333,16.000000,0.756410
0.100000,1.000000,1.217391,30.000000,1.666667,12.000000,0.549020
0.142857,1.000000,2.230769,16.358473,1.355556,10.000000,0.690476
0.142857,0.540307,1.254545,27.316061,1.963333,25.000000,0.556452
0.200000,0.924855,1.377049,29.473051,1.860000,25.000000,0.579310
0.062500,1.000000,1.431034,30.000000,1.818841,24.000000,0.588652
0.062500,0.572465,1.040816,24.015608,1.750000,17.000000,0.510000
0.076923,0.448450,1.900000,24.815056,1.911765,17.000000,0.655172
0.058824,0.508651,3.000000,30.000000,1.757576,22.000000,0.750000
0.058824,0.448450,1.900000,24.815056,1.911765,17.000000,0.655172
0.058824,0.508651,3.000000,30.000000,1.757576,22.000000,0.750000
0.058824,0.448450,1.900000,24.815056,1.911765,17.000000,0.655172
0.058824,0.508651,3.000000,30.000000,1.757576,22.000000,0.750000
0.058824,0.448450,1.900000,24.815056,1.911765,17.000000,0.655172
0.058824,0.508651,3.000000,30.000000,1.757576,22.000000,0.750000
0.058824,0.448450,1.900000,24.815056,1.911765,17.000000,0.655172
0.142857,0.949302,2.214286,30.000000,1.653846,13.000000,0.688889
0.166667,1.000000,1.636364,8.181790,1.500000,9.000000,0.620690
0.142857,0.561891,2.777778,25.888290,1.444444,10.000000,0.735294
0.142857,1.000000,2.000000,27.986129,1.476190,7.000000,0.666667
0.142857,0.174352,2.142857,29.742008,1.877193,19.000000,0.681818
0.111111,0.348871,5.428571,20.280556,2.044118,17.000000,0.844444
0.058824,0.348871,5.428571,20.280556,2.044118,17.000000,0.844444
0.058824,0.247516,3.355556,30.000000,1.846774,32.000000,0.770408
0.058824,0.348871,5.428571,20.280556,2.044118,17.000000,0.844444
0.058824,0.247516,3.355556,30.000000,1.846774,32.000000,0.770408
0.125000,0.100134,4.822222,28.944761,1.853333,51.000000,0.828244
0.125000,0.384530,1.700000,26.250000,1.392857,8.000000,0.629630
0.090909,0.300511,1.368421,30.000000,1.727273,12.000000,0.577778
0.090909,0.577873,1.916667,22.507511,1.636364,11.000000,0.657143
0.250000,0.673698,2.050000,28.094991,1.786765,17.000000,0.672131
0.142857,1.000000,2.000000,16.565784,1.238095,7.000000,0.666667
0.142857,0.289027,4.361702,28.687069,1.908235,51.000000,0.813492
0.250000,0.433231,3.666667,25.785118,1.266667,6.000000,0.785714
0.076923,1.000000,1.452830,29.804281,1.958128,29.000000,0.592308
0.076923,1.000000,1.350000,16.287899,1.756410,13.000000,0.574468
0.200000,1.000000,2.170732,29.756252,1.845977,30.000000,0.684615
0.250000,1.000000,1.508475,27.407131,2.042781,34.000000,0.601351
0.166667,1.000000,1.671429,28.972845,2.060729,39.000000,0.625668
0.142857,0.494532,2.000000,27.479500,1.511111,10.000000,0.666667
0.047619,0.191577,3.187500,27.391335,1.804762,21.000000,0.761194
0.047619,1.000000,1.305085,27.944977,1.958128,29.000000,0.566176
0.111111,1.000000,1.625000,27.787747,2.060729,39.000000,0.619048
0.076923,0.326523,3.228571,29.125319,1.960227,33.000000,0.763514
0.166667,1.000000,1.657895,28.670753,1.849802,23.000000,0.623762
0.083333,0.536028,2.058824,30.000000,1.551282,13.000000,0.673077
0.083333,0.224528,1.718750,29.471909,2.000000,22.000000,0.632184
0.083333,1.000000,1.692308,20.695473,1.803030,12.000000,0.628571
0.043478,0.312741,1.196078,28.256868,2.003953,23.000000,0.544643
0.043478,0.044099,2.781250,30.000000,2.000000,29.000000,0.735537
0.142857,0.566984,2.470588,23.759380,1.838235,17.000000,0.711864
0.142857,1.000000,2.166667,29.715459,1.527273,11.000000,0.684211
0.076923,1.000000,1.807692,30.000000,1.894737,19.000000,0.643836
0.071429,0.000000,1.593750,27.462420,1.948052,22.000000,0.614458
0.200000,0.129412,3.500000,27.531146,1.300000,5.000000,0.777778
0.200000,0.448792,1.735294,25.176982,1.896104,22.000000,0.634409
0.142857,0.701963,1.950000,29.673605,1.780952,15.000000,0.661017
0.200000,1.000000,2.230769,29.688626,2.296703,14.000000,0.690476
0.200000,0.152299,1.500000,30.000000,1.488889,10.000000,0.600000
0.200000,0.152299,1.500000,30.000000,1.488889,10.000000,0.600000
0.200000,1.000000,2.230769,29.688626,2.296703,14.000000,0.690476
0.285714,0.283153,1.714286,30.000000,1.488889,10.000000,0.631579
0.285714,0.283153,1.714286,30.000000,1.488889,10.000000,0.631579
0.090909,0.000000,2.159091,30.000000,1.904762,28.000000,0.683453
0.090909,0.000000,2.159091,30.000000,1.904762,28.000000,0.683453
0.083333,0.296478,2.714286,28.589301,1.439394,12.000000,0.730769
0.066667,0.159836,3.163462,29.530634,2.244561,76.000000,0.759815
0.125000,1.000000,2.103448,30.000000,1.906349,36.000000,0.677778
0.076923,0.560171,1.823529,23.319347,1.602564,13.000000,0.645833
0.076923,0.436547,2.173913,28.163233,1.708333,16.000000,0.684932
0.125000,0.202492,2.250000,30.000000,1.357143,8.000000,0.692308
0.125000,1.000000,1.227273,30.000000,1.581818,11.000000,0.551020
0.076923,0.466473,2.020408,16.414691,2.102418,38.000000,0.668919
0.100000,0.926691,2.272727,30.000000,1.466667,10.000000,0.694444
0.100000,0.666754,2.842105,30.000000,1.905138,23.000000,0.739726
0.142857,1.000000,1.000000,30.000000,1.476190,7.000000,0.500000
0.250000,0.055493,2.076923,30.000000,1.835165,14.000000,0.675000
0.125000,0.423658,1.866667,26.513315,1.692308,14.000000,0.651163
0.055556,0.039665,1.741935,29.165489,1.692810,18.000000,0.635294
0.187500,0.229005,2.466667,29.866759,1.637363,14.000000,0.711538
0.111111,0.500497,3.750000,30.000000,1.638889,9.000000,0.789474
0.047619,0.157397,2.482759,26.666667,1.948718,27.000000,0.712871
0.111111,1.000000,1.550000,26.481178,1.530303,12.000000,0.607843
0.250000,0.003922,1.857143,28.385350,1.607143,8.000000,0.650000
0.100000,1.000000,1.727273,28.162349,1.622222,10.000000,0.633333
0.250000,0.490688,1.384615,30.000000,1.583333,9.000000,0.580645
0.125000,0.415596,1.461538,30.000000,1.711111,10.000000,0.593750
0.111111,1.000000,1.871429,30.000000,1.897898,37.000000,0.651741
0.111111,0.199502,1.818182,30.000000,1.800000,11.000000,0.645161
0.111111,0.105655,1.500000,26.813440,1.824176,14.000000,0.600000
0.125000,0.415596,1.461538,30.000000,1.711111,10.000000,0.593750
0.250000,0.490688,1.384615,30.000000,1.583333,9.000000,0.580645
0.111111,0.199502,1.818182,30.000000,1.800000,11.000000,0.645161
0.111111,0.105655,1.500000,26.813440,1.824176,14.000000,0.600000
0.142857,0.007874,1.333333,30.000000,1.476190,7.000000,0.571429
0.142857,0.008673,1.478261,27.750000,1.733333,15.000000,0.596491
0.071429,0.645961,1.757576,29.095770,1.969697,22.000000,0.637363
0.071429,0.004777,3.904762,29.279955,1.953659,41.000000,0.796117
0.200000,1.000000,1.984848,29.941362,1.897898,37.000000,0.664975
0.250000,1.000000,2.046875,29.906308,1.897898,37.000000,0.671795
0.125000,0.343378,1.790698,27.949040,2.057471,30.000000,0.641667
0.125000,0.672171,1.857143,28.385350,1.607143,8.000000,0.650000
0.166667,0.983115,1.666667,27.078775,1.333333,6.000000,0.625000
0.166667,0.573775,2.230769,29.688626,2.296703,14.000000,0.690476
0.166667,1.000000,3.000000,30.000000,1.400000,6.000000,0.750000
0.050000,0.620858,4.000000,29.570133,1.905643,47.000000,0.800000
0.050000,1.000000,6.000000,28.500190,1.652632,20.000000,0.857143
0.166667,1.000000,1.307692,28.220024,1.428571,8.000000,0.566667
0.166667,0.982978,1.666667,21.923372,1.333333,6.000000,0.625000
0.071429,0.177868,3.431818,28.034914,2.171981,46.000000,0.774359
0.071429,1.000000,1.442308,30.000000,1.883077,26.000000,0.590551
0.222222,0.975660,1.214286,30.000000,1.555556,9.000000,0.548387
0.125000,0.221638,2.285714,27.915399,1.428571,8.000000,0.695652
0.200000,0.623135,2.333333,29.237617,1.300000,5.000000,0.700000
0.083333,0.211894,1.555556,30.000000,1.651515,12.000000,0.608696
0.200000,0.544215,7.800000,27.652275,1.825000,16.000000,0.886364
0.142857,0.247343,1.925000,24.006689,2.057471,30.000000,0.658120
0.111111,1.000000,2.666667,29.880326,1.638889,9.000000,0.727273
0.111111,0.638551,1.588235,27.058539,1.805195,22.000000,0.613636
0.111111,1.000000,2.666667,29.880326,1.638889,9.000000,0.727273
0.111111,0.193682,1.588235,27.058539,1.805195,22.000000,0.613636
0.111111,1.000000,2.666667,29.880326,1.638889,9.000000,0.727273
0.111111,0.492711,1.588235,27.058539,1.805195,22.000000,0.613636
0.111111,0.759522,1.588235,27.058539,1.805195,22.000000,0.613636
0.111111,1.000000,2.666667,29.880326,1.638889,9.000000,0.727273
0.142857,0.079030,2.800000,30.000000,1.380952,7.000000,0.736842
0.200000,0.048378,1.500000,30.000000,2.060606,22.000000,0.600000
0.066667,0.624207,1.571429,26.886593,1.883333,16.000000,0.611111
0.200000,0.064396,2.062500,29.257529,1.780952,15.000000,0.673469
0.200000,0.048378,1.500000,30.000000,2.060606,22.000000,0.600000
0.166667,0.102627,1.812500,30.000000,1.747253,14.000000,0.644444
0.166667,0.102627,1.812500,30.000000,1.747253,14.000000,0.644444
0.062500,0.605159,1.370370,15.288649,1.791667,16.000000,0.578125
0.062500,0.019608,4.685714,29.968792,1.953659,41.000000,0.824121
0.071429,0.048120,1.927273,29.385933,2.087719,39.000000,0.658385
0.041667,1.000000,2.000000,22.567464,1.938406,24.000000,0.666667
0.041667,0.140473,2.394366,29.365857,1.925641,40.000000,0.705394
0.041667,0.140473,2.394366,29.365857,1.925641,40.000000,0.705394
0.041667,1.000000,2.000000,22.567464,1.938406,24.000000,0.666667
0.058824,0.334690,1.925000,24.006689,2.057471,30.000000,0.658120
0.058824,1.000000,2.142857,29.924734,1.669118,17.000000,0.681818
0.100000,0.406869,1.857143,28.986237,1.777778,27.000000,0.650000
0.125000,0.393328,1.588235,25.498188,1.563636,11.000000,0.613636
0.125000,0.560852,4.333333,26.375000,1.535714,8.000000,0.812500
0.071429,0.105101,2.863636,28.321474,1.839901,29.000000,0.741176
0.125000,0.694915,1.538462,28.080045,1.285714,8.000000,0.606061
0.125000,0.393328,1.588235,25.498188,1.563636,11.000000,0.613636
0.071429,0.105101,2.863636,28.321474,1.839901,29.000000,0.741176
0.090909,0.393328,1.588235,25.498188,1.563636,11.000000,0.613636
0.090909,0.944139,2.076923,30.000000,1.743590,13.000000,0.675000
0.166667,0.568538,2.177966,29.979690,2.199181,63.000000,0.685333
0.200000,0.374512,2.307692,28.083386,2.232786,72.000000,0.697674
0.037037,0.341420,2.482759,26.666667,1.948718,27.000000,0.712871
0.111111,0.335694,2.235294,28.328538,2.036946,29.000000,0.690909
0.111111,0.003891,2.250000,28.005798,1.583333,9.000000,0.692308
0.100000,0.501288,1.538462,30.000000,1.622222,10.000000,0.606061
0.090909,0.057165,1.400000,27.272727,1.745455,11.000000,0.583333
0.142857,0.628640,1.600000,30.000000,1.238095,7.000000,0.615385
0.166667,0.364048,3.032258,29.549839,1.997701,30.000000,0.752000
0.166667,0.153846,1.583333,6.365883,1.512821,13.000000,0.612903
0.100000,0.189356,2.500000,27.000000,1.622222,10.000000,0.714286
0.100000,0.736891,1.487179,30.000000,1.873188,24.000000,0.597938
0.100000,0.189356,2.500000,27.000000,1.622222,10.000000,0.714286
0.100000,0.627808,1.487179,30.000000,1.873188,24.000000,0.597938
0.066667,0.507735,4.125000,28.932674,1.780952,15.000000,0.804878
0.066667,0.734215,1.588235,27.058539,1.805195,22.000000,0.613636
0.076923,0.199312,1.588235,27.058539,1.805195,22.000000,0.613636
0.142857,0.509072,2.020408,16.414691,2.102418,38.000000,0.668919
0.066667,0.507735,4.125000,28.932674,1.780952,15.000000,0.804878
0.066667,0.760349,1.588235,27.058539,1.805195,22.000000,0.613636
0.100000,0.189356,2.500000,27.000000,1.622222,10.000000,0.714286
0.100000,0.015283,1.487179,30.000000,1.873188,24.000000,0.597938
0.076923,0.734215,1.588235,27.058539,1.805195,22.000000,0.613636
0.055556,0.044457,1.800000,29.179209,2.012802,38.000000,0.642857
0.066667,0.507735,4.125000,28.932674,1.780952,15.000000,0.804878
0.066667,0.937318,1.588235,27.058539,1.805195,22.000000,0.613636
0.066667,0.507735,4.125000,28.932674,1.780952,15.000000,0.804878
0.066667,0.199312,1.588235,27.058539,1.805195,22.000000,0.613636
0.076923,0.760349,1.588235,27.058539,1.805195,22.000000,0.613636
0.100000,0.189356,2.500000,27.000000,1.622222,10.000000,0.714286
0.100000,0.627808,1.487179,30.000000,1.873188,24.000000,0.597938
0.076923,0.937318,1.588235,27.058539,1.805195,22.000000,0.613636
0.111111,0.781227,2.375000,26.103410,1.800000,11.000000,0.703704
0.111111,0.932905,1.941176,26.471960,1.813187,14.000000,0.660000
0.111111,0.781227,2.375000,26.103410,1.800000,11.000000,0.703704
0.111111,0.932905,1.941176,26.471960,1.813187,14.000000,0.660000
0.200000,0.306866,2.280000,27.230374,1.842105,20.000000,0.695122
0.200000,0.306866,2.280000,27.230374,1.842105,20.000000,0.695122
0.200000,0.296093,2.866197,29.075968,2.261236,89.000000,0.741348
0.066667,0.296093,2.866197,29.075968,2.261236,89.000000,0.741348
0.066667,0.000000,2.588235,29.467605,1.580952,15.000000,0.721311
0.125000,1.000000,2.000000,29.576454,1.555556,9.000000,0.666667
0.066667,1.000000,1.000000,24.386708,1.714286,15.000000,0.500000
0.062500,0.008668,2.117647,26.648300,1.758333,16.000000,0.679245
0.066667,1.000000,1.950000,16.809428,1.780952,15.000000,0.661017
0.250000,0.116815,1.933333,28.496201,1.681319,14.000000,0.659091
0.250000,0.116815,1.933333,28.496201,1.681319,14.000000,0.659091
0.045455,0.420377,1.965517,27.929517,1.935065,22.000000,0.662791
0.166667,1.000000,2.076923,20.004929,1.835165,14.000000,0.675000
0.166667,1.000000,3.000000,30.000000,1.400000,6.000000,0.750000
0.100000,0.275097,1.666667,29.557068,1.763636,11.000000,0.625000
0.090909,0.466955,4.849057,28.046789,1.860902,57.000000,0.829032
0.090909,0.600000,1.625000,27.272727,1.618182,11.000000,0.619048
0.100000,0.045240,3.185185,29.258165,2.231435,78.000000,0.761062
0.166667,0.126700,2.625000,29.270632,1.726316,20.000000,0.724138
0.050000,0.122809,2.625000,29.397119,1.726316,20.000000,0.724138
0.050000,0.349837,3.285714,21.709894,2.266667,21.000000,0.766667
0.050000,0.122809,2.625000,29.397119,1.726316,20.000000,0.724138
0.050000,0.349837,3.285714,21.709894,2.266667,21.000000,0.766667
0.076923,0.144196,1.863636,24.890888,1.958128,29.000000,0.650794
0.076923,0.482842,1.583333,28.654077,1.512821,13.000000,0.612903
0.166667,0.461150,1.514286,25.551435,1.558333,16.000000,0.602273
0.111111,0.042747,2.200000,23.634846,1.388889,9.000000,0.687500
0.076923,1.000000,2.583333,30.000000,1.742857,21.000000,0.720930
0.076923,0.935941,2.333333,30.000000,1.756410,13.000000,0.700000
0.076923,1.000000,2.583333,30.000000,1.742857,21.000000,0.720930
0.076923,0.935941,2.333333,30.000000,1.756410,13.000000,0.700000
0.100000,0.590596,1.500000,21.895101,1.511111,10.000000,0.600000
0.100000,1.000000,2.161290,29.979339,1.748918,22.000000,0.683673
0.166667,1.000000,1.714286,20.736261,1.618182,11.000000,0.631579
0.100000,1.000000,1.545455,30.000000,1.622222,10.000000,0.607143
0.100000,1.000000,2.243243,25.721885,1.963054,29.000000,0.691667
0.125000,0.925348,1.777778,24.818030,1.428571,8.000000,0.640000
0.125000,1.000000,2.060606,29.326056,1.802372,23.000000,0.673267
0.166667,0.261352,1.400000,26.935535,1.666667,12.000000,0.583333
0.047619,1.000000,2.222222,30.000000,2.043561,33.000000,0.689655
0.047619,1.000000,3.160000,30.000000,1.704762,21.000000,0.759615
0.142857,1.000000,2.347826,29.809404,1.884211,20.000000,0.701299
0.142857,1.000000,2.500000,29.857495,1.285714,7.000000,0.714286
0.200000,1.000000,2.000000,29.354140,1.884211,20.000000,0.666667
0.050000,1.000000,2.500000,29.058706,2.066532,32.000000,0.714286
0.050000,0.906441,3.900000,28.781863,1.652632,20.000000,0.795918
0.083333,0.741742,1.878788,29.883680,1.822511,22.000000,0.652632
0.058824,1.000000,5.428571,28.113169,1.838235,17.000000,0.844444
0.058824,1.000000,2.480000,29.320877,1.948617,23.000000,0.712644
0.166667,1.000000,1.692308,29.708344,2.028571,21.000000,0.628571
0.166667,1.000000,1.692308,29.708344,2.028571,21.000000,0.628571
0.050000,0.014686,3.000000,28.892815,2.267365,89.000000,0.750000
0.050000,0.027971,3.500000,28.997940,2.084211,20.000000,0.777778
0.071429,0.015748,2.105263,30.000000,1.560440,14.000000,0.677966
0.076923,0.379295,2.400000,27.645602,1.859649,19.000000,0.705882
0.083333,0.177541,2.320000,29.287077,1.857143,21.000000,0.698795
0.125000,0.303009,2.950000,30.000000,1.533333,16.000000,0.746835
0.200000,0.472900,4.823529,29.774875,1.953659,41.000000,0.828283
0.111111,0.221671,3.818182,28.992321,1.538462,14.000000,0.792453
0.111111,1.000000,1.615385,25.724087,1.444444,9.000000,0.617647
0.125000,0.202809,1.148148,27.015310,1.813187,14.000000,0.534483
0.125000,0.003984,4.333333,30.000000,1.535714,8.000000,0.812500
0.071429,0.003984,1.842105,29.083108,1.850000,16.000000,0.648148
0.071429,0.202809,1.148148,27.015310,1.813187,14.000000,0.534483
0.200000,0.232480,2.153846,17.787347,1.857143,14.000000,0.682927
0.047619,1.000000,1.548387,24.333361,1.957143,21.000000,0.607595
0.047619,0.643067,1.967742,29.872650,1.909091,22.000000,0.663043
0.083333,0.153917,2.347826,28.666469,1.966667,21.000000,0.701299
0.083333,0.498571,4.200000,27.899293,2.120879,14.000000,0.807692
0.166667,0.648010,1.967742,29.794123,1.909091,22.000000,0.663043
0.125000,0.299383,1.972973,29.665784,1.956667,25.000000,0.663636
0.125000,0.709745,1.555556,24.007292,1.500000,8.000000,0.608696
0.200000,0.143599,3.071429,29.968583,1.735178,23.000000,0.754386
0.166667,0.047236,2.000000,25.384635,1.743590,13.000000,0.666667
0.090909,0.427000,1.633333,27.040788,1.909677,31.000000,0.620253
0.090909,0.011858,3.000000,29.745515,1.745455,11.000000,0.750000
0.076923,1.000000,2.000000,29.826731,1.831169,22.000000,0.666667
0.076923,0.029621,1.333333,28.111273,1.692308,13.000000,0.571429
0.076923,0.029621,1.333333,28.111273,1.692308,13.000000,0.571429
0.076923,0.051805,1.740741,29.148177,1.768473,29.000000,0.635135
0.041667,0.244160,1.196429,27.862699,2.023333,25.000000,0.544715
0.041667,0.003922,3.250000,29.055746,1.991935,32.000000,0.764706
0.076923,0.602897,1.363636,30.000000,1.666667,13.000000,0.576923
0.076923,0.244160,1.196429,27.862699,2.023333,25.000000,0.544715
0.200000,0.268553,2.333333,30.000000,1.300000,5.000000,0.700000
0.055556,0.758749,2.233333,25.409324,2.256667,25.000000,0.690722
0.200000,1.000000,2.140625,30.000000,2.139744,40.000000,0.681592
0.066667,0.775699,1.000000,24.386708,1.714286,15.000000,0.500000
0.083333,0.084062,2.000000,30.000000,1.692308,13.000000,0.666667
0.083333,1.000000,1.600000,19.345183,1.636364,12.000000,0.615385
0.200000,0.987874,2.140625,30.000000,2.139744,40.000000,0.681592
0.040000,0.284457,2.150000,29.950788,1.941538,26.000000,0.682540
0.040000,0.758749,2.233333,25.409324,2.256667,25.000000,0.690722
0.040000,0.945483,2.233333,25.409324,2.256667,25.000000,0.690722
0.040000,0.284457,2.150000,29.950788,1.941538,26.000000,0.682540
0.166667,0.939345,3.571429,28.660421,1.600000,16.000000,0.781250
0.142857,1.000000,2.266667,27.245207,1.894928,24.000000,0.693878
0.142857,0.645326,3.000000,30.000000,1.428571,7.000000,0.750000
0.125000,1.000000,2.000000,29.455351,1.638889,9.000000,0.666667
0.142857,0.519911,2.400000,27.896336,1.428571,7.000000,0.705882
0.250000,0.543562,3.142857,27.376615,1.577778,10.000000,0.758621
0.250000,0.120893,3.142857,27.376615,1.577778,10.000000,0.758621
0.166667,1.000000,1.548387,24.333361,1.957143,21.000000,0.607595
0.055556,0.057489,1.439024,29.608236,1.904762,21.000000,0.590000
0.055556,0.847538,1.978261,29.033333,1.954023,30.000000,0.664234
0.083333,0.007519,2.714286,28.976502,1.753247,22.000000,0.730769
0.071429,0.240899,2.681818,28.297864,1.909091,22.000000,0.728395
0.090909,0.930395,1.548387,24.333361,1.957143,21.000000,0.607595
0.090909,0.300950,3.203883,29.466340,2.258031,77.000000,0.762125
0.071429,0.070489,2.181818,30.000000,1.754941,23.000000,0.685714
0.058824,0.953812,2.750000,30.000000,1.938406,24.000000,0.733333
0.058824,0.296555,3.000000,28.612139,2.083926,38.000000,0.750000
0.142857,0.898676,1.295455,30.000000,1.785714,21.000000,0.564356
0.142857,0.673469,1.750000,13.077257,1.333333,7.000000,0.636364
0.058824,0.296555,3.000000,28.612139,2.083926,38.000000,0.750000
0.058824,0.953812,2.750000,30.000000,1.938406,24.000000,0.733333
0.058824,0.953812,2.750000,30.000000,1.938406,24.000000,0.733333
0.058824,0.296555,3.000000,28.612139,2.083926,38.000000,0.750000
0.058824,0.296555,3.000000,28.612139,2.083926,38.000000,0.750000
0.058824,0.953812,2.750000,30.000000,1.938406,24.000000,0.733333
0.200000,0.519288,2.666667,24.109093,1.200000,5.000000,0.727273
0.111111,0.301340,1.540541,29.377656,1.785714,21.000000,0.606383
0.200000,0.024793,4.000000,30.000000,1.200000,5.000000,0.800000
0.200000,0.143343,1.618182,19.002981,2.044355,32.000000,0.618056
0.200000,0.556621,1.750000,28.567117,1.300000,5.000000,0.636364
0.076923,0.143343,1.618182,19.002981,2.044355,32.000000,0.618056
0.076923,0.141159,1.823529,27.792468,1.602564,13.000000,0.645833
0.125000,0.311475,2.333333,9.341158,1.571429,8.000000,0.700000
0.125000,0.688333,2.222222,28.300469,1.757353,17.000000,0.689655
0.125000,1.000000,1.583333,30.000000,1.688889,10.000000,0.612903
0.100000,0.427423,2.062500,25.917719,1.813187,14.000000,0.673469
0.100000,0.427423,2.062500,25.917719,1.813187,14.000000,0.673469
0.111111,0.701328,1.428571,13.846154,1.717949,13.000000,0.588235
0.111111,1.000000,2.925926,30.000000,1.704762,21.000000,0.745283
0.062500,0.164256,3.916667,28.919664,1.692810,18.000000,0.796610
0.066667,0.003953,1.391304,28.648210,1.800000,15.000000,0.581818
0.066667,0.731652,3.260870,12.711943,2.182540,28.000000,0.765306
0.125000,0.011765,1.444444,27.117064,1.642857,8.000000,0.590909
0.111111,1.000000,2.925926,30.000000,1.704762,21.000000,0.745283
0.111111,0.701328,1.428571,13.846154,1.717949,13.000000,0.588235
0.076923,0.731652,3.260870,12.711943,2.182540,28.000000,0.765306
0.076923,0.022556,1.722222,29.453383,1.602564,13.000000,0.632653
0.050000,0.341804,1.250000,24.120812,1.894737,20.000000,0.555556
0.050000,0.104895,3.050000,28.969724,1.839827,22.000000,0.753086
0.050000,0.019117,2.150000,29.673941,1.941538,26.000000,0.682540
0.050000,0.341804,1.250000,24.120812,1.894737,20.000000,0.555556
0.083333,0.698409,1.611111,30.000000,1.679487,13.000000,0.617021
0.250000,1.000000,2.000000,28.394140,1.238095,7.000000,0.666667
0.142857,0.867929,2.384615,28.583400,1.436364,11.000000,0.704545
0.142857,0.078053,1.375000,21.113406,2.105072,24.000000,0.578947
0.142857,0.872646,1.588235,27.058539,1.805195,22.000000,0.613636
0.045455,0.057096,3.411765,29.324041,2.103896,22.000000,0.773333
0.045455,0.575004,2.800000,26.603946,2.046667,25.000000,0.736842
0.142857,0.881832,1.687500,28.704165,2.055336,23.000000,0.627907
0.125000,0.815207,1.804348,29.735749,1.683794,23.000000,0.643411
0.058824,0.821430,3.500000,25.122905,2.056650,29.000000,0.777778
0.058824,0.013345,3.785714,28.325001,1.625000,17.000000,0.791045
0.200000,0.008000,3.000000,27.290510,1.606061,12.000000,0.750000
0.062500,0.397183,1.576923,28.125000,1.850000,16.000000,0.611940
0.062500,0.396842,1.952381,28.307852,1.658333,16.000000,0.661290
0.142857,0.108108,1.625000,26.761990,1.380952,7.000000,0.619048
0.062500,0.396842,1.952381,28.307852,1.658333,16.000000,0.661290
0.062500,0.397183,1.576923,28.125000,1.850000,16.000000,0.611940
0.083333,1.000000,1.594595,28.372009,1.566176,17.000000,0.614583
0.166667,0.028112,1.787879,26.771843,1.857143,21.000000,0.641304
0.083333,0.787949,1.714286,29.838239,1.777778,28.000000,0.631579
0.083333,0.222289,1.411765,23.230146,1.772727,12.000000,0.585366
0.250000,0.279670,3.066667,29.229444,2.266667,21.000000,0.754098
0.200000,1.000000,2.250000,28.062512,1.100000,5.000000,0.692308
0.200000,0.875128,1.625000,27.272727,1.618182,11.000000,0.619048
0.250000,0.279670,3.066667,29.229444,2.266667,21.000000,0.754098
0.166667,0.661549,2.833333,25.756135,2.160000,25.000000,0.739130
0.166667,0.263526,2.136364,28.830379,1.816993,18.000000,0.681159
0.142857,0.125917,3.250000,29.031923,1.816667,16.000000,0.764706
0.142857,0.137506,1.414634,30.000000,1.873188,24.000000,0.585859
0.111111,0.361603,2.351351,24.811822,2.068548,32.000000,0.701613
0.111111,0.409129,2.250000,30.000000,1.583333,9.000000,0.692308
0.250000,0.361603,2.351351,24.811822,2.068548,32.000000,0.701613
0.142857,0.125917,3.250000,29.031923,1.816667,16.000000,0.764706
0.142857,0.534313,1.414634,30.000000,1.873188,24.000000,0.585859
0.142857,0.125917,3.250000,29.031923,1.816667,16.000000,0.764706
0.142857,0.269933,1.414634,30.000000,1.873188,24.000000,0.585859
0.142857,0.065433,1.414634,30.000000,1.873188,24.000000,0.585859
0.142857,0.125917,3.250000,29.031923,1.816667,16.000000,0.764706
0.166667,0.744353,2.200000,25.939545,1.266667,6.000000,0.687500
0.200000,0.622032,2.050000,21.704046,1.758333,16.000000,0.672131
0.250000,0.810951,1.600000,20.284380,1.618182,11.000000,0.615385
0.200000,0.594579,2.727273,29.845027,1.670330,14.000000,0.731707
0.250000,0.941093,1.763158,28.683980,2.037037,27.000000,0.638095
0.250000,0.486135,1.763158,28.683980,2.037037,27.000000,0.638095
0.090909,0.315508,2.727273,29.273719,1.590909,12.000000,0.731707
0.100000,1.000000,1.583333,27.815058,1.711111,10.000000,0.612903
0.100000,0.293247,2.307692,26.998979,2.068182,33.000000,0.697674
0.250000,0.293247,2.307692,26.998979,2.068182,33.000000,0.697674
0.153846,0.158911,2.000000,30.000000,1.743590,13.000000,0.666667
0.153846,0.810326,1.687500,20.344643,1.590909,12.000000,0.627907
0.166667,0.663952,1.526316,29.974562,1.887302,36.000000,0.604167
0.083333,0.815524,2.862069,29.076015,1.894118,35.000000,0.741071
0.166667,0.558454,2.023810,17.081525,1.901478,29.000000,0.669291
0.083333,0.815524,2.862069,29.076015,1.894118,35.000000,0.741071
0.076923,0.012552,1.673913,20.854304,2.009852,29.000000,0.626016
0.166667,1.000000,1.638889,26.322926,1.566176,17.000000,0.621053
0.083333,0.239326,2.114754,25.238248,2.072939,44.000000,0.678947
0.250000,0.026055,2.388889,30.000000,2.064327,19.000000,0.704918
0.166667,0.574872,3.285714,21.709894,2.266667,21.000000,0.766667
0.166667,0.574872,3.285714,21.709894,2.266667,21.000000,0.766667
0.100000,0.333435,2.000000,29.591513,1.666667,12.000000,0.666667
0.100000,0.758355,3.000000,29.527381,1.577778,10.000000,0.750000
0.090909,0.470426,2.181818,27.018027,1.618182,11.000000,0.685714
0.090909,0.000972,2.388889,30.000000,2.064327,19.000000,0.704918
0.250000,0.026055,2.388889,30.000000,2.064327,19.000000,0.704918
0.090909,0.000972,2.388889,30.000000,2.064327,19.000000,0.704918
0.090909,0.470426,2.181818,27.018027,1.618182,11.000000,0.685714
0.125000,0.006982,4.333333,30.000000,1.535714,8.000000,0.812500
0.125000,0.526670,1.285714,25.646669,1.790476,15.000000,0.562500
0.066667,1.000000,1.888889,30.000000,1.761905,15.000000,0.653846
0.066667,0.790630,2.233333,25.409324,2.256667,25.000000,0.690722
0.100000,0.587394,1.200000,27.478164,1.790476,15.000000,0.545455
0.125000,0.790630,2.233333,25.409324,2.256667,25.000000,0.690722
0.125000,0.006982,4.333333,30.000000,1.535714,8.000000,0.812500
0.066667,1.000000,1.888889,30.000000,1.761905,15.000000,0.653846
0.066667,0.526670,1.285714,25.646669,1.790476,15.000000,0.562500
0.100000,0.613344,1.200000,27.478164,1.790476,15.000000,0.545455
0.043478,0.021097,1.736842,23.306489,1.926923,40.000000,0.634615
0.142857,0.612083,5.750000,27.042497,1.742424,12.000000,0.851852
0.142857,0.068273,3.500000,30.000000,1.333333,7.000000,0.777778
0.250000,1.000000,1.444444,28.937520,1.860294,17.000000,0.590909
0.166667,0.466566,1.879310,29.142857,2.087395,35.000000,0.652695
0.166667,0.466566,1.879310,29.142857,2.087395,35.000000,0.652695
0.200000,0.724073,3.241379,28.473895,2.098790,32.000000,0.764228
0.090909,0.012893,1.666667,28.902883,1.692308,14.000000,0.625000
0.090909,0.651551,1.428571,30.000000,1.490909,11.000000,0.588235
0.062500,0.676166,2.170732,29.334951,1.854701,27.000000,0.684615
0.062500,0.019767,4.363636,26.802465,1.794118,17.000000,0.813559
0.142857,0.595841,2.500000,26.233322,1.571429,7.000000,0.714286
0.090909,0.267512,1.562500,30.000000,1.636364,11.000000,0.609756
0.083333,0.533290,3.571429,28.677117,2.057143,35.000000,0.781250
0.083333,0.533290,3.571429,28.677117,2.057143,35.000000,0.781250
0.083333,0.473006,3.181818,28.665843,1.469697,12.000000,0.760870
0.090909,0.267512,1.562500,30.000000,1.636364,11.000000,0.609756
0.200000,0.728869,1.720000,30.000000,1.978947,20.000000,0.632353
0.142857,0.584352,1.857143,25.518805,2.000000,40.000000,0.650000
0.200000,0.728869,1.720000,30.000000,1.978947,20.000000,0.632353
0.083333,1.000000,1.444444,28.851783,1.860294,17.000000,0.590909
0.250000,0.026857,2.307692,27.715086,2.068182,33.000000,0.697674
0.200000,0.454447,2.166667,29.160397,1.743590,13.000000,0.684211
0.142857,0.117506,2.545455,28.478502,1.641026,13.000000,0.717949
0.100000,0.123476,3.666667,29.175251,1.577778,10.000000,0.785714
0.100000,0.047215,3.078947,30.000000,2.056680,39.000000,0.754839
0.090909,1.000000,1.894737,29.118281,1.866667,16.000000,0.654545
0.100000,0.123476,3.666667,29.175251,1.577778,10.000000,0.785714
0.100000,0.047215,3.078947,30.000000,2.056680,39.000000,0.754839
0.166667,0.021097,3.230769,27.495742,1.704762,15.000000,0.763636
0.166667,0.021097,3.230769,27.495742,1.704762,15.000000,0.763636
0.100000,0.737677,3.250000,28.125000,1.741667,16.000000,0.764706
0.076923,0.165622,1.931034,29.584676,1.894737,20.000000,0.658824
0.200000,1.000000,2.333333,24.000000,1.300000,5.000000,0.700000
0.125000,1.000000,1.777778,30.000000,1.428571,8.000000,0.640000
0.066667,0.083324,3.000000,28.892815,2.267365,89.000000,0.750000
0.066667,0.498787,1.851064,29.734121,1.732308,26.000000,0.649254
0.045455,0.123088,2.744048,29.373531,2.285925,98.000000,0.732909
0.045455,1.000000,3.625000,22.583949,2.125541,22.000000,0.783784
0.142857,0.183709,2.740506,29.419601,2.283230,94.000000,0.732657
0.142857,0.407220,1.714286,25.714286,1.428571,7.000000,0.631579
0.100000,1.000000,1.709677,28.500000,1.905263,20.000000,0.630952
0.100000,0.833741,2.000000,29.340047,1.555556,10.000000,0.666667
0.100000,1.000000,1.709677,28.500000,1.905263,20.000000,0.630952
0.100000,0.833741,2.000000,29.340047,1.555556,10.000000,0.666667
0.066667,0.296243,6.500000,28.661263,1.825000,16.000000,0.866667
0.066667,1.000000,2.814815,30.000000,1.878788,33.000000,0.737864
0.200000,1.000000,2.150000,29.802729,1.808824,17.000000,0.682540
0.200000,1.000000,2.150000,29.802729,1.808824,17.000000,0.682540
0.142857,1.000000,2.964286,28.455714,1.894118,35.000000,0.747748
0.142857,1.000000,2.964286,28.455714,1.894118,35.000000,0.747748
0.066667,1.000000,2.814815,30.000000,1.878788,33.000000,0.737864
0.066667,0.296243,6.500000,28.661263,1.825000,16.000000,0.866667
0.047619,0.868638,1.783784,28.571429,1.823810,21.000000,0.640777
0.047619,0.235732,1.945455,29.615359,1.948864,33.000000,0.660494
0.047619,0.868638,1.783784,28.571429,1.823810,21.000000,0.640777
0.047619,0.235732,1.945455,29.615359,1.948864,33.000000,0.660494
0.166667,0.668238,1.410256,29.684676,1.764706,18.000000,0.585106
0.166667,1.000000,1.736842,30.000000,1.780952,15.000000,0.634615
0.090909,0.004329,1.592593,22.742560,1.772059,17.000000,0.614286
0.090909,1.000000,1.642857,30.000000,1.833333,12.000000,0.621622
0.200000,0.861347,2.333333,30.000000,1.300000,5.000000,0.700000
0.200000,0.691099,1.666667,24.545522,1.636364,11.000000,0.625000
0.200000,1.000000,2.333333,30.000000,1.300000,5.000000,0.700000
0.200000,0.691099,1.666667,24.545522,1.636364,11.000000,0.625000
0.047619,0.174762,1.333333,17.408080,1.869565,23.000000,0.571429
0.047619,0.048751,4.050000,30.000000,1.619048,21.000000,0.801980
0.200000,0.861347,2.333333,30.000000,1.300000,5.000000,0.700000
0.200000,0.691099,1.666667,24.545522,1.636364,11.000000,0.625000
0.200000,1.000000,2.333333,30.000000,1.300000,5.000000,0.700000
0.200000,0.691099,1.666667,24.545522,1.636364,11.000000,0.625000
0.100000,0.004292,2.222222,27.000000,1.555556,10.000000,0.689655
0.100000,0.825424,1.538462,27.000000,1.600000,10.000000,0.606061
0.100000,0.004292,2.222222,27.000000,1.555556,10.000000,0.689655
0.100000,0.825424,1.538462,27.000000,1.600000,10.000000,0.606061
0.100000,0.825424,1.538462,27.000000,1.600000,10.000000,0.606061
0.100000,0.068722,2.333333,28.532573,1.752381,15.000000,0.700000
0.166667,0.763553,2.833333,30.000000,1.392857,8.000000,0.739130
0.100000,1.000000,1.250000,30.000000,1.577778,10.000000,0.555556
0.100000,0.012766,2.000000,29.813462,1.688889,10.000000,0.666667
0.058824,0.531016,3.431818,28.305843,2.171981,46.000000,0.774359
0.058824,0.015661,2.000000,22.567464,1.938406,24.000000,0.666667
0.058824,0.531016,3.431818,28.305843,2.171981,46.000000,0.774359
0.058824,0.015661,2.000000,22.567464,1.938406,24.000000,0.666667
0.090909,0.862057,3.500000,25.122905,2.056650,29.000000,0.777778
0.090909,1.000000,2.571429,29.265459,1.515152,12.000000,0.720000
0.100000,0.513802,4.000000,28.940916,2.208945,54.000000,0.800000
0.100000,0.248473,3.142857,27.502063,1.577778,10.000000,0.758621
0.111111,1.000000,1.714286,22.725855,1.618182,11.000000,0.631579
0.111111,0.957478,2.586957,29.902259,2.128205,39.000000,0.721212
0.250000,1.000000,2.000000,30.000000,1.555556,9.000000,0.666667
0.166667,0.382734,1.333333,30.000000,1.476190,7.000000,0.571429
0.111111,0.922889,1.368421,30.000000,1.727273,12.000000,0.577778
0.200000,0.978427,1.833333,29.516116,1.266667,6.000000,0.647059
0.200000,1.000000,1.700000,29.958295,1.428571,8.000000,0.629630
0.200000,0.978427,1.833333,29.516116,1.266667,6.000000,0.647059
0.200000,1.000000,1.700000,29.958295,1.428571,8.000000,0.629630
0.200000,1.000000,1.600000,12.558330,1.654545,11.000000,0.615385
0.200000,1.000000,1.600000,12.558330,1.654545,11.000000,0.615385
0.100000,0.016949,3.428571,29.496464,1.466667,10.000000,0.774194
0.038462,0.016949,1.906977,29.879617,1.975385,26.000000,0.656000
0.142857,0.717529,3.500000,29.896772,1.333333,7.000000,0.777778
0.083333,0.606649,1.500000,19.191997,1.636364,12.000000,0.600000
0.125000,0.515973,1.777778,30.000000,1.428571,8.000000,0.640000
0.200000,0.008403,3.000000,26.243613,1.400000,5.000000,0.750000
0.100000,0.680979,1.826087,29.930353,1.990148,29.000000,0.646154
0.100000,0.388806,1.826087,29.930353,1.990148,29.000000,0.646154
0.041667,0.240807,1.714286,26.722434,1.926923,40.000000,0.631579
0.125000,0.884583,2.000000,29.649787,1.571429,8.000000,0.666667
0.058824,1.000000,1.750000,28.364884,1.705882,17.000000,0.636364
0.083333,0.016949,1.857143,25.484739,1.742424,12.000000,0.650000
0.090909,0.109225,2.181818,29.026364,1.618182,11.000000,0.685714
0.125000,0.515973,1.777778,30.000000,1.428571,8.000000,0.640000
0.200000,0.012658,1.764706,23.391192,1.590909,12.000000,0.638298
0.166667,1.000000,2.296296,29.110256,1.932806,23.000000,0.696629
0.041667,0.304490,9.750000,30.000000,2.084656,28.000000,0.906977
0.041667,0.032530,1.245614,28.460643,1.887681,24.000000,0.554688
0.142857,0.032530,1.245614,28.460643,1.887681,24.000000,0.554688
0.142857,0.016949,1.800000,30.000000,1.666667,7.000000,0.642857
0.142857,1.000000,1.666667,30.000000,1.500000,8.000000,0.625000
0.142857,1.000000,1.666667,30.000000,1.500000,8.000000,0.625000
0.142857,0.016949,1.800000,30.000000,1.666667,7.000000,0.642857
0.142857,0.016949,1.800000,30.000000,1.666667,7.000000,0.642857
0.142857,1.000000,1.666667,30.000000,1.500000,8.000000,0.625000
0.142857,1.000000,1.666667,30.000000,1.500000,8.000000,0.625000
0.142857,0.016949,1.800000,30.000000,1.666667,7.000000,0.642857
0.125000,0.565455,1.625000,26.487429,1.535714,8.000000,0.619048
0.125000,0.025181,2.761628,29.544165,2.263245,99.000000,0.734158
0.142857,0.016949,1.800000,30.000000,1.666667,7.000000,0.642857
0.142857,1.000000,1.666667,30.000000,1.500000,8.000000,0.625000
0.142857,0.016949,1.800000,30.000000,1.666667,7.000000,0.642857
0.142857,1.000000,1.666667,30.000000,1.500000,8.000000,0.625000
0.142857,0.353270,1.200000,30.000000,1.533333,10.000000,0.545455
0.142857,1.000000,1.571429,25.714286,1.476190,7.000000,0.611111
0.058824,0.000000,1.138462,17.398638,2.057471,30.000000,0.532374
0.058824,0.596605,1.791667,25.221626,1.772059,17.000000,0.641791
0.142857,0.594189,1.571429,30.000000,1.607143,8.000000,0.611111
0.142857,1.000000,1.571429,25.714286,1.476190,7.000000,0.611111
0.142857,1.000000,1.571429,25.714286,1.476190,7.000000,0.611111
0.142857,0.353270,1.200000,30.000000,1.533333,10.000000,0.545455
0.200000,1.000000,1.571429,25.714286,1.476190,7.000000,0.611111
0.071429,0.008410,2.076923,26.921073,2.090821,46.000000,0.675000
0.071429,0.135140,2.788235,29.297531,2.255207,98.000000,0.736025
0.083333,1.000000,2.137931,27.298722,1.768421,20.000000,0.681319
0.083333,0.096412,1.916667,24.472510,1.818182,12.000000,0.657143
0.083333,1.000000,2.137931,27.298722,1.768421,20.000000,0.681319
0.083333,0.096412,1.916667,24.472510,1.818182,12.000000,0.657143
0.142857,0.006893,2.500000,26.519610,1.523810,7.000000,0.714286
0.142857,1.000000,1.363636,30.000000,1.535714,8.000000,0.576923
0.071429,0.332873,2.368421,30.000000,1.666667,16.000000,0.703125
0.071429,0.332873,2.368421,30.000000,1.666667,16.000000,0.703125
0.111111,0.021334,1.920000,28.223931,1.683824,17.000000,0.657534
0.142857,0.945329,4.000000,29.157231,1.238095,7.000000,0.800000
0.142857,0.963629,2.407407,30.000000,1.640523,18.000000,0.706522
0.111111,1.000000,2.375000,24.413683,1.500000,9.000000,0.703704
0.111111,0.410512,2.000000,28.966316,2.087719,39.000000,0.666667
0.142857,0.869188,3.434783,23.001804,2.119048,28.000000,0.774510
0.142857,0.256777,2.750000,25.519599,1.476190,7.000000,0.733333
0.142857,0.826479,3.000000,30.000000,1.928775,27.000000,0.750000
0.142857,1.000000,3.000000,30.000000,1.285714,7.000000,0.750000
0.200000,0.958526,2.482759,30.000000,1.637427,19.000000,0.712871
0.200000,0.958526,2.482759,30.000000,1.637427,19.000000,0.712871
0.142857,0.826479,3.000000,30.000000,1.928775,27.000000,0.750000
0.142857,1.000000,3.000000,30.000000,1.285714,7.000000,0.750000
0.142857,0.826479,3.000000,30.000000,1.928775,27.000000,0.750000
0.142857,1.000000,3.000000,30.000000,1.285714,7.000000,0.750000
0.142857,0.945329,4.000000,29.157231,1.238095,7.000000,0.800000
0.142857,0.963629,2.407407,30.000000,1.640523,18.000000,0.706522
0.142857,0.963629,2.407407,30.000000,1.640523,18.000000,0.706522
0.142857,0.945329,4.000000,29.157231,1.238095,7.000000,0.800000
0.200000,0.958526,2.482759,30.000000,1.637427,19.000000,0.712871
0.250000,0.198274,3.000000,30.000000,1.000000,4.000000,0.750000
0.250000,0.944912,2.354839,30.000000,1.689474,20.000000,0.701923
0.142857,0.945329,4.000000,29.157231,1.238095,7.000000,0.800000
0.142857,0.963629,2.407407,30.000000,1.640523,18.000000,0.706522
0.250000,0.198274,3.000000,30.000000,1.000000,4.000000,0.750000
0.250000,0.944912,2.354839,30.000000,1.689474,20.000000,0.701923
0.200000,0.958526,2.482759,30.000000,1.637427,19.000000,0.712871
0.250000,0.198274,3.000000,30.000000,1.000000,4.000000,0.750000
0.250000,0.944912,2.354839,30.000000,1.689474,20.000000,0.701923
0.250000,0.198274,3.000000,30.000000,1.000000,4.000000,0.750000
0.250000,0.944912,2.354839,30.000000,1.689474,20.000000,0.701923
0.142857,0.826479,3.000000,30.000000,1.928775,27.000000,0.750000
0.142857,1.000000,3.000000,30.000000,1.285714,7.000000,0.750000
0.125000,0.363679,2.428571,26.250000,1.428571,8.000000,0.708333
0.200000,1.000000,1.571429,27.440060,1.266667,6.000000,0.611111
0.142857,0.036884,2.543860,29.058103,2.069231,40.000000,0.717822
0.250000,1.000000,2.000000,30.000000,1.333333,4.000000,0.666667
0.250000,0.710642,1.901961,29.286695,1.944086,31.000000,0.655405
0.142857,1.000000,2.192308,28.325360,1.842105,20.000000,0.686747
0.142857,0.036884,2.543860,29.058103,2.069231,40.000000,0.717822
0.071429,0.568080,3.222222,25.349292,1.868132,14.000000,0.763158
0.071429,0.105528,2.760000,30.000000,1.843333,25.000000,0.734043
0.142857,1.000000,2.192308,28.325360,1.842105,20.000000,0.686747
0.100000,1.000000,2.428571,22.633925,1.755556,10.000000,0.708333
0.100000,0.164124,2.000000,27.657280,1.803030,12.000000,0.666667
0.111111,0.889143,1.138462,17.398638,2.057471,30.000000,0.532374
0.111111,0.799569,1.583333,27.704186,1.472222,9.000000,0.612903
0.033333,0.058631,4.166667,30.000000,1.973173,47.000000,0.806452
0.033333,0.889143,1.138462,17.398638,2.057471,30.000000,0.532374
0.071429,0.938973,1.571429,30.000000,1.802198,14.000000,0.611111
0.071429,0.934856,2.833333,25.756135,2.160000,25.000000,0.739130
0.083333,0.682876,3.090909,27.702952,1.809524,15.000000,0.755556
0.083333,0.172696,2.454545,25.819323,1.727273,12.000000,0.710526
0.125000,0.381074,2.500000,29.676479,1.736264,14.000000,0.714286
0.111111,1.000000,1.687500,29.793617,1.791209,14.000000,0.627907
0.111111,0.536497,3.800000,30.000000,1.527778,9.000000,0.791667
0.033333,0.329856,2.731707,26.947134,1.926437,30.000000,0.732026
0.033333,0.201440,3.157895,29.123732,1.967572,52.000000,0.759494
0.166667,0.790746,5.400000,29.135306,1.884615,13.000000,0.843750
0.166667,0.507099,1.625000,30.000000,1.380952,7.000000,0.619048
0.142857,1.000000,1.857143,26.125304,1.380952,7.000000,0.650000
0.166667,0.474347,1.625000,30.000000,1.380952,7.000000,0.619048
0.066667,1.000000,1.766667,27.163686,1.923810,21.000000,0.638554
0.066667,0.012552,3.230769,30.000000,1.704762,15.000000,0.763636
0.066667,0.012552,3.230769,30.000000,1.704762,15.000000,0.763636
0.066667,1.000000,1.766667,27.163686,1.923810,21.000000,0.638554
0.125000,1.000000,1.766667,27.163686,1.923810,21.000000,0.638554
0.125000,0.060135,2.000000,30.000000,1.428571,8.000000,0.666667
0.050000,0.436184,2.681818,28.598750,1.789474,20.000000,0.728395
0.050000,1.000000,1.766667,27.163686,1.923810,21.000000,0.638554
0.166667,0.387070,1.653846,30.000000,1.978947,20.000000,0.623188
0.166667,0.387070,1.653846,30.000000,1.978947,20.000000,0.623188
0.125000,0.643235,2.538462,24.001992,1.876190,15.000000,0.717391
0.058824,1.000000,2.166667,22.175939,1.889706,17.000000,0.684211
0.058824,0.554802,3.600000,24.257818,2.143791,18.000000,0.782609
0.050000,0.518405,2.983607,29.000170,1.926829,42.000000,0.748971
0.050000,1.000000,1.869565,23.527637,2.233766,22.000000,0.651515
0.071429,0.004184,1.476190,26.508756,1.747253,14.000000,0.596154
0.071429,0.004184,1.476190,26.508756,1.747253,14.000000,0.596154
0.125000,0.643235,2.538462,24.001992,1.876190,15.000000,0.717391
0.050000,0.518405,2.983607,29.000170,1.926829,42.000000,0.748971
0.050000,1.000000,1.869565,23.527637,2.233766,22.000000,0.651515
0.076923,0.758982,2.714286,29.518500,1.753247,22.000000,0.730769
0.076923,0.004219,3.538462,28.288125,2.334454,35.000000,0.779661
0.111111,1.000000,1.960000,22.490925,1.639706,17.000000,0.662162
0.083333,1.000000,1.916667,22.765064,1.818182,12.000000,0.657143
0.076923,1.000000,3.000000,30.000000,1.888889,19.000000,0.750000
0.076923,0.418040,1.823529,23.319347,1.602564,13.000000,0.645833
0.166667,1.000000,3.538462,28.288125,2.334454,35.000000,0.779661
0.250000,1.000000,3.000000,30.000000,1.888889,19.000000,0.750000
0.028571,1.000000,3.538462,28.288125,2.334454,35.000000,0.779661
0.028571,0.307068,2.607843,29.238987,1.958974,40.000000,0.722826
0.037037,0.024834,1.729167,30.000000,2.014245,27.000000,0.633588
0.037037,1.000000,3.538462,28.288125,2.334454,35.000000,0.779661
0.030303,1.000000,3.538462,28.288125,2.334454,35.000000,0.779661
0.030303,0.354098,1.842105,29.250126,1.956439,33.000000,0.648148
0.050000,1.000000,2.526316,29.437949,1.747368,20.000000,0.716418
0.050000,0.376591,1.863636,24.890888,1.958128,29.000000,0.650794
0.028571,1.000000,3.538462,28.288125,2.334454,35.000000,0.779661
0.028571,0.307068,2.607843,29.238987,1.958974,40.000000,0.722826
0.125000,0.497282,1.280000,29.329587,1.692308,13.000000,0.561404
0.125000,0.210812,2.089552,27.868960,2.116135,48.000000,0.676329
0.125000,0.008264,2.000000,23.157154,1.500000,8.000000,0.666667
0.250000,0.210812,2.089552,28.222492,2.116135,48.000000,0.676329
0.166667,0.503376,2.047619,29.621679,1.772487,28.000000,0.671875
0.133333,0.603664,1.600000,26.886842,1.862745,18.000000,0.615385
0.100000,0.985650,1.692308,30.000000,1.714286,22.000000,0.628571
0.100000,0.600239,3.600000,30.000000,1.711111,10.000000,0.782609
0.200000,1.000000,1.607143,30.000000,1.786765,17.000000,0.616438
0.200000,1.000000,1.607143,30.000000,1.786765,17.000000,0.616438
0.200000,0.830760,2.400000,30.000000,1.476190,7.000000,0.705882
0.058824,0.094928,1.825397,30.000000,2.089076,35.000000,0.646067
0.058824,0.953353,1.607143,17.554898,1.720588,17.000000,0.616438
0.071429,0.956446,1.551724,19.206745,1.720588,17.000000,0.608108
0.071429,0.961781,1.451613,22.745793,1.720588,17.000000,0.592105
0.071429,0.012346,1.476190,26.508756,1.747253,14.000000,0.596154
0.058824,0.953353,1.607143,17.554898,1.720588,17.000000,0.616438
0.058824,0.094928,1.825397,30.000000,2.089076,35.000000,0.646067
0.090909,0.137780,2.519231,30.000000,2.230303,45.000000,0.715847
0.090909,0.137653,3.000000,27.272727,1.618182,11.000000,0.750000
0.090909,0.137653,3.000000,27.272727,1.618182,11.000000,0.750000
0.090909,0.238859,2.519231,30.000000,2.230303,45.000000,0.715847
0.166667,1.000000,1.545455,15.503649,1.626374,14.000000,0.607143
0.111111,0.580224,2.111111,30.000000,1.527778,9.000000,0.678571
0.250000,1.000000,1.333333,30.000000,1.472222,9.000000,0.571429
0.250000,1.000000,1.727273,30.000000,1.527778,9.000000,0.633333
0.100000,1.000000,1.545455,15.503649,1.626374,14.000000,0.607143
0.071429,0.345737,1.476190,26.508756,1.747253,14.000000,0.596154
0.090909,0.238859,2.519231,30.000000,2.230303,45.000000,0.715847
0.090909,0.137653,3.000000,27.272727,1.618182,11.000000,0.750000
0.250000,0.921853,1.739130,28.235294,2.029412,17.000000,0.634921
0.100000,0.016393,1.466667,25.343426,1.555556,10.000000,0.594595
0.100000,0.034491,1.138462,18.954195,2.057471,30.000000,0.532374
0.058824,0.175239,2.000000,29.839525,1.958748,38.000000,0.666667
0.058824,0.900698,1.560000,29.240165,1.713235,17.000000,0.609375
0.090909,0.106399,2.255814,30.000000,1.962963,28.000000,0.692857
0.125000,0.102584,0.875000,30.000000,1.794872,13.000000,0.466667
0.142857,0.146133,2.631868,29.728451,2.265455,100.000000,0.724660
0.083333,0.159254,1.000000,27.666667,1.712121,12.000000,0.500000
0.083333,0.403266,1.703704,30.000000,1.700000,16.000000,0.630137
0.125000,0.102584,0.875000,30.000000,1.794872,13.000000,0.466667
0.083333,0.159254,1.000000,27.666667,1.712121,12.000000,0.500000
0.083333,0.403266,1.703704,30.000000,1.700000,16.000000,0.630137
0.200000,1.000000,2.333333,29.371559,1.618182,11.000000,0.700000
0.200000,0.479066,2.000000,24.000000,1.400000,5.000000,0.666667
0.090909,0.806050,4.200000,28.321167,1.538462,14.000000,0.807692
0.090909,0.014459,1.500000,25.032099,1.672727,11.000000,0.600000
0.125000,0.373418,2.277778,24.304572,1.658333,16.000000,0.694915
0.052632,0.118972,1.882353,29.899034,1.933333,31.000000,0.653061
0.052632,1.000000,2.137931,24.254199,1.812865,19.000000,0.681319
0.142857,1.000000,2.000000,30.000000,1.333333,7.000000,0.666667
0.142857,0.633433,1.875000,29.189166,1.285714,7.000000,0.652174
0.166667,0.718282,2.692308,28.147018,1.551282,13.000000,0.729167
0.166667,1.000000,1.833333,30.000000,1.266667,6.000000,0.647059
0.125000,0.227658,2.474227,29.904458,2.270495,101.000000,0.712166
0.062500,0.247911,2.277778,28.199667,1.658333,16.000000,0.694915
0.062500,0.393802,3.384615,27.968865,1.735294,17.000000,0.771930
0.062500,0.063278,1.863636,28.720623,1.658333,16.000000,0.650794
0.062500,1.000000,1.681818,19.744704,1.845588,17.000000,0.627119
0.125000,0.078807,4.333333,18.538178,1.607143,8.000000,0.812500
0.125000,0.447575,2.678571,29.477500,1.903134,27.000000,0.728155
0.058824,1.000000,1.681818,19.744704,1.845588,17.000000,0.627119
0.058824,0.158749,2.863636,29.704331,1.750988,23.000000,0.741176
0.111111,0.577970,1.424242,24.489148,1.993952,32.000000,0.587500
0.111111,0.722431,2.647059,29.286000,1.609524,15.000000,0.725806
0.100000,0.273537,1.916667,25.598269,1.923645,29.000000,0.657143
0.050000,0.469264,1.350000,11.599592,2.066502,29.000000,0.574468
0.050000,0.390761,1.828571,28.598750,1.663158,20.000000,0.646465
0.090909,1.000000,1.875000,15.635089,1.505495,14.000000,0.652174
0.250000,0.519037,1.606061,29.166160,1.721053,20.000000,0.616279
0.083333,0.181486,1.647059,30.000000,1.575758,12.000000,0.622222
0.125000,0.224779,2.109589,27.632985,2.137255,51.000000,0.678414
0.125000,0.000000,1.750000,30.000000,1.500000,8.000000,0.636364
0.250000,0.224779,2.109589,27.632985,2.137255,51.000000,0.678414
0.125000,0.807487,1.416667,30.000000,1.428571,8.000000,0.586207
0.250000,0.224779,2.109589,27.632985,2.137255,51.000000,0.678414
0.125000,0.807487,1.416667,30.000000,1.428571,8.000000,0.586207
0.142857,0.936439,2.400000,25.714286,1.476190,7.000000,0.705882
0.142857,1.000000,2.714286,30.000000,1.555556,9.000000,0.730769
0.142857,0.936439,2.400000,25.714286,1.476190,7.000000,0.705882
0.142857,1.000000,2.714286,30.000000,1.555556,9.000000,0.730769
0.142857,0.936439,2.400000,25.714286,1.476190,7.000000,0.705882
0.142857,1.000000,2.714286,30.000000,1.555556,9.000000,0.730769
0.142857,0.936439,2.400000,25.714286,1.476190,7.000000,0.705882
0.142857,1.000000,2.714286,30.000000,1.555556,9.000000,0.730769
0.142857,0.936439,2.400000,25.714286,1.476190,7.000000,0.705882
0.142857,1.000000,2.714286,30.000000,1.555556,9.000000,0.730769
0.142857,1.000000,2.000000,30.000000,1.333333,7.000000,0.666667
0.058824,0.081686,4.255319,29.808754,1.973173,47.000000,0.809717
0.083333,0.100546,2.671875,28.992276,2.058693,43.000000,0.727660
0.083333,1.000000,1.733333,30.000000,1.717949,13.000000,0.634146
0.083333,0.399872,2.800000,28.406193,1.700000,16.000000,0.736842
0.083333,1.000000,1.555556,29.669117,1.866667,15.000000,0.608696
0.083333,0.100546,2.671875,28.992276,2.058693,43.000000,0.727660
0.083333,1.000000,1.733333,30.000000,1.717949,13.000000,0.634146
0.090909,0.891554,1.562500,28.289563,1.897436,13.000000,0.609756
0.090909,0.557099,2.750000,23.109161,1.709091,11.000000,0.733333
0.090909,0.571129,2.750000,26.965786,1.709091,11.000000,0.733333
0.090909,0.006546,3.777778,28.846154,2.609231,26.000000,0.790698
0.090909,0.571129,2.750000,26.965786,1.709091,11.000000,0.733333
0.090909,0.006546,3.777778,28.846154,2.609231,26.000000,0.790698
0.062500,0.426961,1.555556,20.027216,1.815385,26.000000,0.608696
0.062500,0.044177,2.352941,29.754928,1.783333,16.000000,0.701754
0.062500,0.044177,2.352941,29.754928,1.783333,16.000000,0.701754
0.062500,0.426961,1.555556,20.027216,1.815385,26.000000,0.608696
0.250000,0.196809,2.323529,29.095477,1.695238,21.000000,0.699115
0.250000,0.642174,2.000000,27.053584,1.333333,4.000000,0.666667
0.058824,0.428940,1.548387,29.430151,1.647059,17.000000,0.607595
0.058824,0.426961,1.555556,20.027216,1.815385,26.000000,0.608696
0.062500,0.044177,2.352941,29.754928,1.783333,16.000000,0.701754
0.062500,0.426961,1.555556,20.027216,1.815385,26.000000,0.608696
0.058824,0.428940,1.548387,29.430151,1.647059,17.000000,0.607595
0.058824,0.426961,1.555556,20.027216,1.815385,26.000000,0.608696
0.058824,0.428940,1.548387,29.430151,1.647059,17.000000,0.607595
0.058824,0.426961,1.555556,20.027216,1.815385,26.000000,0.608696
0.062500,0.044177,2.352941,29.754928,1.783333,16.000000,0.701754
0.062500,0.426961,1.555556,20.027216,1.815385,26.000000,0.608696
0.058824,0.428940,1.548387,29.430151,1.647059,17.000000,0.607595
0.058824,0.426961,1.555556,20.027216,1.815385,26.000000,0.608696
0.250000,0.802899,6.500000,25.955228,1.642857,8.000000,0.866667
0.050000,0.388953,1.217391,27.411854,1.876190,21.000000,0.549020
0.050000,0.307581,5.000000,28.762540,2.026316,20.000000,0.833333
0.222222,0.337433,2.833333,30.000000,1.611111,9.000000,0.739130
0.125000,0.045641,2.357143,28.000000,1.971429,15.000000,0.702128
0.125000,0.045641,2.357143,28.000000,1.971429,15.000000,0.702128
0.166667,0.073465,3.714286,26.942265,1.600000,11.000000,0.787879
0.250000,0.314417,4.555556,28.467647,2.007353,17.000000,0.820000
0.250000,0.160355,4.555556,28.467647,2.007353,17.000000,0.820000
0.090909,0.000000,3.437500,29.463566,1.812865,19.000000,0.774648
0.090909,0.428652,1.548387,28.895180,1.647059,17.000000,0.607595
0.090909,0.000000,3.437500,29.463566,1.812865,19.000000,0.774648
0.125000,0.003831,2.200000,28.033486,1.607143,8.000000,0.687500
0.111111,0.222855,2.111111,26.777778,1.472222,9.000000,0.678571
0.055556,0.177846,2.000000,30.000000,2.002463,29.000000,0.666667
0.166667,0.071450,1.271186,27.326541,1.996923,26.000000,0.559701
0.062500,0.270323,2.788235,29.404498,2.255207,98.000000,0.736025
0.055556,0.272831,1.730769,28.773769,1.771242,18.000000,0.633803
0.055556,0.468582,1.903846,29.509145,2.039080,30.000000,0.655629
0.200000,1.000000,1.954545,29.824816,1.683824,17.000000,0.661538
0.076923,0.427793,1.867925,30.000000,2.039080,30.000000,0.651316
0.083333,0.683399,1.526316,22.685723,1.560606,12.000000,0.604167
0.166667,0.425777,2.074074,26.392798,1.894737,20.000000,0.674699
0.047619,0.382455,1.217391,27.411854,1.876190,21.000000,0.549020
0.047619,0.374246,2.255814,30.000000,1.962963,28.000000,0.692857
0.125000,0.370867,2.250000,29.376489,1.806324,23.000000,0.692308
0.125000,0.245246,1.730769,29.514280,1.771242,18.000000,0.633803
0.250000,1.000000,1.857143,26.758646,1.782051,13.000000,0.650000
0.125000,0.041096,2.200000,26.400088,1.607143,8.000000,0.687500
0.062500,0.036801,1.739130,22.957573,1.733333,16.000000,0.634921
0.062500,0.076508,2.565217,29.901822,1.736842,19.000000,0.719512
0.125000,0.462620,1.714286,19.426861,1.571429,8.000000,0.631579
0.125000,1.000000,2.054795,29.685774,1.922481,43.000000,0.672646
0.050000,0.703252,2.159091,28.784049,1.935484,32.000000,0.683453
0.111111,1.000000,1.710526,30.000000,1.690476,21.000000,0.631068
0.111111,1.000000,2.125000,25.609606,1.527778,9.000000,0.680000
0.083333,1.000000,1.692308,20.695473,1.803030,12.000000,0.628571
0.083333,0.020957,2.434783,28.550000,1.826316,20.000000,0.708861
0.071429,0.232499,1.271186,27.326541,1.996923,26.000000,0.559701
0.071429,0.358887,1.500000,28.496201,1.692308,14.000000,0.600000
0.142857,1.000000,1.988889,22.413719,2.216471,51.000000,0.665428
0.142857,0.518645,3.000000,28.470001,1.428571,7.000000,0.750000
0.043478,0.172446,2.250000,29.863915,1.754941,23.000000,0.692308
0.090909,1.000000,4.285714,28.086074,1.454545,11.000000,0.810811
0.062500,0.332944,1.424242,30.000000,1.871345,19.000000,0.587500
0.062500,1.000000,1.736842,19.421361,1.926923,40.000000,0.634615
0.062500,0.332944,1.424242,30.000000,1.871345,19.000000,0.587500
0.062500,1.000000,1.736842,19.421361,1.926923,40.000000,0.634615
0.142857,0.993725,3.000000,25.649376,1.476190,7.000000,0.750000
0.090909,0.656933,1.666667,30.000000,1.454545,11.000000,0.625000
0.090909,0.466399,2.375000,24.854222,1.818182,23.000000,0.703704
0.071429,0.165060,1.500000,24.855962,1.918129,19.000000,0.600000
0.100000,0.070190,1.714286,29.064031,1.466667,10.000000,0.631579
0.166667,0.581445,1.571429,29.391583,1.266667,6.000000,0.611111
0.066667,0.338650,1.906977,29.839767,1.975385,26.000000,0.656000
0.066667,0.173839,4.975000,29.760573,1.944928,46.000000,0.832636
0.100000,1.000000,4.000000,29.783038,1.622222,10.000000,0.800000
0.100000,0.063995,1.677419,16.524652,1.905797,24.000000,0.626506
0.166667,0.418537,1.888889,28.571429,1.804762,21.000000,0.653846
0.076923,1.000000,5.200000,30.000000,1.816993,18.000000,0.838710
0.071429,0.580750,1.763158,29.534348,1.936759,23.000000,0.638095
0.100000,1.000000,1.777778,30.000000,1.628205,13.000000,0.640000
0.100000,0.309815,1.200000,27.000000,1.533333,10.000000,0.545455
0.100000,0.309815,1.200000,27.000000,1.533333,10.000000,0.545455
0.100000,1.000000,1.777778,30.000000,1.628205,13.000000,0.640000
0.100000,1.000000,1.777778,30.000000,1.628205,13.000000,0.640000
0.100000,0.309815,1.200000,27.000000,1.533333,10.000000,0.545455
0.100000,0.309815,1.200000,27.000000,1.533333,10.000000,0.545455
0.100000,1.000000,1.777778,30.000000,1.628205,13.000000,0.640000
0.200000,0.673862,2.000000,30.000000,1.400000,5.000000,0.666667
0.200000,0.199254,2.813084,28.587543,2.207646,71.000000,0.737745
0.125000,0.031250,3.000000,30.000000,2.257895,20.000000,0.750000
0.125000,0.092867,1.531915,26.989827,1.863333,25.000000,0.605042
0.125000,0.031250,3.000000,30.000000,2.257895,20.000000,0.750000
0.142857,0.511599,2.055556,17.559704,1.695238,15.000000,0.672727
0.142857,1.000000,1.666667,26.992402,1.523810,7.000000,0.625000
0.111111,0.325888,2.590909,29.418816,2.253760,103.000000,0.721519
0.090909,0.267376,2.312500,27.636840,1.791667,16.000000,0.698113
0.090909,0.199331,1.923077,26.045016,1.581818,11.000000,0.657895
0.200000,0.862926,2.187500,28.738112,1.752381,15.000000,0.686275
0.200000,0.311385,2.793548,29.065436,2.283230,94.000000,0.736395
0.142857,0.252908,2.641509,28.850820,1.987224,42.000000,0.725389
0.142857,0.000000,1.750000,27.012549,1.863158,20.000000,0.636364
0.071429,0.865062,2.176471,11.670596,1.695238,15.000000,0.685185
0.142857,0.305176,2.539604,29.482628,2.253760,103.000000,0.717483
0.066667,0.469554,2.117647,28.375818,1.809524,15.000000,0.679245
0.066667,0.479849,2.055556,21.312469,1.695238,15.000000,0.672727
0.062500,1.000000,1.904762,30.000000,1.783333,16.000000,0.655738
0.062500,0.474012,1.450980,24.971192,1.870370,28.000000,0.592000
0.062500,1.000000,1.904762,30.000000,1.783333,16.000000,0.655738
0.062500,0.474012,1.450980,24.971192,1.870370,28.000000,0.592000
0.250000,1.000000,5.000000,28.475344,1.500000,5.000000,0.833333
0.062500,0.474012,1.450980,24.971192,1.870370,28.000000,0.592000
0.062500,1.000000,1.904762,30.000000,1.783333,16.000000,0.655738
0.062500,1.000000,1.904762,30.000000,1.783333,16.000000,0.655738
0.062500,0.474012,1.450980,24.971192,1.870370,28.000000,0.592000
0.083333,0.653816,1.320000,30.000000,1.703297,14.000000,0.568966
0.083333,0.653816,1.320000,30.000000,1.703297,14.000000,0.568966
0.250000,0.038979,2.093333,27.075249,2.145551,52.000000,0.676724
0.166667,1.000000,1.304348,19.177050,1.590909,12.000000,0.566038
0.200000,0.000000,1.375000,30.000000,1.577778,10.000000,0.578947
0.200000,0.000000,1.375000,30.000000,1.577778,10.000000,0.578947
0.125000,1.000000,1.777778,25.406798,1.628205,13.000000,0.640000
0.125000,0.916314,2.285714,28.456966,1.428571,8.000000,0.695652
0.125000,0.916314,2.285714,28.456966,1.428571,8.000000,0.695652
0.125000,1.000000,1.777778,25.406798,1.628205,13.000000,0.640000
0.083333,1.000000,1.304348,19.177050,1.590909,12.000000,0.566038
0.083333,0.007692,1.108108,29.605226,1.615385,14.000000,0.525641
0.111111,1.000000,1.673913,20.854304,2.009852,29.000000,0.626016
0.200000,1.000000,3.428571,27.040599,1.466667,10.000000,0.774194
0.100000,0.047100,1.750000,27.012549,1.863158,20.000000,0.636364
0.111111,0.350314,1.787879,28.322905,1.857143,21.000000,0.641304
0.166667,0.098072,2.000000,26.153860,1.530303,12.000000,0.666667
0.111111,0.509541,1.555556,29.128416,1.774713,30.000000,0.608696
0.111111,0.916837,1.678571,28.786143,1.725490,18.000000,0.626667
0.200000,0.591627,2.309524,30.000000,1.962963,28.000000,0.697842
0.200000,1.000000,2.294118,24.004956,1.628571,15.000000,0.696429
0.111111,0.388734,1.250000,27.470300,1.996923,26.000000,0.555556
0.055556,0.910842,1.740741,28.333333,1.725490,18.000000,0.635135
0.055556,0.770923,1.833333,28.901963,1.752632,20.000000,0.647059
0.111111,0.126516,2.437500,29.479445,1.512821,13.000000,0.709091
0.142857,0.023323,2.000000,27.742202,1.642857,8.000000,0.666667
0.142857,0.090289,2.333333,27.000000,1.577778,10.000000,0.700000
0.142857,0.023323,2.000000,27.742202,1.642857,8.000000,0.666667
0.142857,0.090289,2.333333,27.000000,1.577778,10.000000,0.700000
0.125000,0.280423,2.000000,27.653218,1.666667,13.000000,0.666667
0.142857,0.011915,4.333333,30.000000,1.428571,7.000000,0.812500
0.058824,1.000000,1.366667,26.775045,1.823529,17.000000,0.577465
0.058824,0.123541,2.250000,29.818480,1.904762,21.000000,0.692308
0.058824,0.123541,2.250000,29.818480,1.904762,21.000000,0.692308
0.058824,1.000000,1.366667,26.775045,1.823529,17.000000,0.577465
0.035714,0.000000,1.214286,26.785714,1.944444,28.000000,0.548387
0.035714,0.256599,5.111111,29.406759,2.151515,33.000000,0.836364
0.058824,0.019305,2.939394,29.291361,1.681159,24.000000,0.746154
0.058824,0.669470,2.000000,16.260345,1.750000,17.000000,0.666667
0.058824,0.019305,2.939394,29.291361,1.681159,24.000000,0.746154
0.058824,0.669470,2.000000,16.260345,1.750000,17.000000,0.666667
0.058824,0.642727,2.149254,29.378594,1.947368,39.000000,0.682464
0.071429,0.942757,1.391304,28.795841,1.800000,15.000000,0.581818
0.250000,0.414199,1.800000,28.524662,1.771242,18.000000,0.642857
0.166667,0.306805,1.823529,28.492321,1.841667,16.000000,0.645833
0.066667,0.693368,3.875000,29.338763,2.036765,17.000000,0.794872
0.125000,0.015385,3.000000,30.000000,1.357143,8.000000,0.750000
0.125000,0.140201,1.823529,23.934107,1.841667,16.000000,0.645833
0.083333,0.070870,2.000000,26.153860,1.530303,12.000000,0.666667
0.142857,0.065734,1.458333,26.554063,1.703297,14.000000,0.593220
0.142857,0.689278,2.000000,30.000000,1.476190,7.000000,0.666667
0.055556,0.892302,3.461538,28.723754,1.803922,18.000000,0.775862
0.055556,0.019476,3.000000,29.194019,1.905138,23.000000,0.750000
0.142857,0.301753,2.818182,29.238202,1.932308,26.000000,0.738095
0.142857,0.065734,1.458333,26.554063,1.703297,14.000000,0.593220
0.142857,0.689278,2.000000,30.000000,1.476190,7.000000,0.666667
0.052632,0.652728,3.475000,29.756930,1.877778,36.000000,0.776536
0.083333,0.188024,4.333333,27.348054,1.606061,12.000000,0.812500
0.071429,0.072942,3.000000,29.883871,1.871795,27.000000,0.750000
0.142857,0.541216,1.788462,29.158539,1.786207,30.000000,0.641379
0.142857,0.091671,1.214286,26.785714,1.944444,28.000000,0.548387
0.142857,1.000000,1.750000,30.000000,1.333333,7.000000,0.636364
0.200000,0.407978,2.636364,30.000000,2.318681,14.000000,0.725000
0.083333,0.338980,2.900000,29.386145,1.865801,22.000000,0.743590
0.200000,0.407978,2.636364,30.000000,2.318681,14.000000,0.725000
0.125000,0.334531,2.672619,29.659261,2.283553,96.000000,0.727715
0.111111,0.367121,1.465116,13.858238,1.876667,25.000000,0.594340
0.055556,0.019889,4.125000,28.150687,1.927273,56.000000,0.804878
0.250000,0.050957,1.833333,30.000000,1.736264,14.000000,0.647059
0.142857,1.000000,2.200000,29.733519,1.476190,7.000000,0.687500
0.142857,1.000000,3.250000,29.299737,1.380952,7.000000,0.764706
0.047619,0.766733,1.756757,26.400406,1.940000,25.000000,0.637255
0.047619,0.003861,1.238095,30.000000,1.885714,21.000000,0.553191
0.055556,0.416255,1.519481,28.679173,1.763218,30.000000,0.603093
0.080000,0.766733,1.756757,26.400406,1.940000,25.000000,0.637255
0.080000,0.148011,2.549763,29.753016,2.253571,107.000000,0.718291
0.083333,0.464196,1.588235,27.858556,1.681818,12.000000,0.613636
0.050000,0.113205,2.492891,29.550539,2.267325,107.000000,0.713704
0.050000,1.000000,1.750000,27.012549,1.863158,20.000000,0.636364
0.125000,0.466436,2.850000,27.513799,1.801170,19.000000,0.740260
0.125000,0.495959,2.285714,25.824896,1.644444,10.000000,0.695652
0.200000,0.003705,2.446512,29.191899,2.267325,107.000000,0.709852
0.076923,1.000000,3.000000,30.000000,1.692308,13.000000,0.750000
0.076923,1.000000,3.000000,30.000000,1.692308,13.000000,0.750000
0.033333,0.011185,1.444444,29.494655,1.763218,30.000000,0.590909
0.250000,1.000000,1.192308,23.371108,1.791209,14.000000,0.543860
0.250000,0.363802,2.517241,28.207353,1.744589,22.000000,0.715686
0.034483,1.000000,1.673913,20.854304,2.009852,29.000000,0.626016
0.033333,0.011185,1.444444,29.494655,1.763218,30.000000,0.590909
0.076923,0.832962,3.235294,28.664484,1.878161,30.000000,0.763889
0.076923,1.000000,1.583333,6.365883,1.512821,13.000000,0.612903
0.034483,1.000000,1.673913,20.854304,2.009852,29.000000,0.626016
0.071429,0.959739,2.057143,30.000000,1.754941,23.000000,0.672897
0.043478,0.110286,3.000000,27.471021,1.782609,23.000000,0.750000
0.043478,0.174549,1.677419,16.524652,1.905797,24.000000,0.626506
0.083333,0.019157,2.000000,28.720030,1.606061,12.000000,0.666667
0.125000,1.000000,2.125000,30.000000,1.428571,8.000000,0.680000
0.125000,0.068514,1.102564,26.046697,1.991398,31.000000,0.524390
0.100000,1.000000,1.466667,29.719830,1.555556,10.000000,0.594595
0.100000,0.068514,1.102564,26.046697,1.991398,31.000000,0.524390
0.090909,0.697127,5.833333,24.392314,1.363636,11.000000,0.853659
0.076923,0.979673,1.652174,30.000000,1.780952,15.000000,0.622951
0.076923,0.957702,1.928571,30.000000,1.743590,13.000000,0.658537
0.166667,0.331015,2.545455,29.944416,1.717949,13.000000,0.717949
0.125000,0.637419,3.608696,30.000000,2.040860,31.000000,0.783019
0.125000,0.888423,1.714286,12.331592,1.571429,8.000000,0.631579
0.071429,0.109938,1.611111,27.647190,1.736264,14.000000,0.617021
0.071429,0.788571,2.954545,29.900841,2.208245,44.000000,0.747126
0.071429,0.101628,1.611111,26.913983,1.736264,14.000000,0.617021
0.125000,0.637419,3.608696,30.000000,2.040860,31.000000,0.783019
0.125000,0.888423,1.714286,12.331592,1.571429,8.000000,0.631579
0.125000,1.000000,2.428571,27.438871,1.428571,8.000000,0.708333
0.090909,0.879353,1.857143,30.000000,1.743590,13.000000,0.650000
0.125000,1.000000,2.428571,27.438871,1.428571,8.000000,0.708333
0.142857,0.027027,2.666667,30.000000,1.238095,7.000000,0.727273
0.090909,0.879353,1.857143,30.000000,1.743590,13.000000,0.650000
0.055556,1.000000,3.266667,28.786920,1.777778,18.000000,0.765625
0.055556,0.403461,1.974359,26.456199,1.916667,25.000000,0.663793
0.090909,0.028455,2.916667,29.791697,1.689474,20.000000,0.744681
0.090909,0.026450,2.129870,29.738613,2.134978,53.000000,0.680498
0.090909,0.011765,1.492063,29.492219,1.987685,29.000000,0.598726
0.200000,0.015873,1.647059,18.445636,1.809524,21.000000,0.622222
0.200000,0.751803,2.571429,29.406950,1.947368,39.000000,0.720000
0.066667,0.140262,1.225806,30.000000,1.833333,16.000000,0.550725
0.066667,0.364195,1.681818,26.932674,1.752381,15.000000,0.627119
0.066667,0.364195,1.681818,26.932674,1.752381,15.000000,0.627119
0.066667,0.278362,3.020833,29.899306,1.926050,35.000000,0.751295
0.100000,0.325879,3.268908,28.974736,2.237535,85.000000,0.765748
0.100000,1.000000,1.555556,27.000000,1.377778,10.000000,0.608696
0.090909,0.026292,1.652174,26.997405,1.750000,16.000000,0.622951
0.090909,1.000000,1.500000,25.020841,1.600000,11.000000,0.600000
0.166667,0.072024,1.032967,26.598503,1.984946,31.000000,0.508108
0.090909,0.171180,2.563636,29.565680,2.257548,110.000000,0.719388
0.090909,1.000000,1.500000,25.020841,1.600000,11.000000,0.600000
0.090909,0.442830,1.440000,28.313551,1.880435,24.000000,0.590164
0.090909,1.000000,1.500000,25.020841,1.600000,11.000000,0.600000
0.100000,1.000000,1.555556,27.000000,1.377778,10.000000,0.608696
0.100000,0.244223,1.857143,26.374737,1.651515,12.000000,0.650000
0.142857,0.072024,1.032967,26.598503,1.984946,31.000000,0.508108
0.100000,0.890643,1.818182,30.000000,1.555556,10.000000,0.645161
0.100000,0.473823,1.384615,16.180480,2.102823,32.000000,0.580645
0.100000,0.473823,1.384615,16.180480,2.102823,32.000000,0.580645
0.100000,0.890643,1.818182,30.000000,1.555556,10.000000,0.645161
0.083333,0.692414,2.600000,28.058103,1.606061,12.000000,0.722222
0.250000,1.000000,2.375000,30.000000,1.321429,8.000000,0.703704
0.086957,0.481682,1.218750,29.412187,1.836957,24.000000,0.549296
0.166667,1.000000,2.250000,24.128237,1.400000,6.000000,0.692308
0.125000,0.502716,2.272727,29.763235,1.845850,23.000000,0.694444
0.142857,0.736750,1.316667,28.800000,1.933333,25.000000,0.568345
0.040000,1.000000,2.440678,30.000000,1.947368,39.000000,0.709360
0.040000,0.736750,1.316667,28.800000,1.933333,25.000000,0.568345
0.055556,0.025648,2.181818,25.550990,1.843137,18.000000,0.685714
0.055556,0.736750,1.316667,28.800000,1.933333,25.000000,0.568345
0.166667,1.000000,2.250000,27.847133,1.400000,6.000000,0.692308
0.166667,1.000000,1.673913,20.854304,2.009852,29.000000,0.626016
0.055556,0.025648,2.181818,25.550990,1.843137,18.000000,0.685714
0.055556,0.736750,1.316667,28.800000,1.933333,25.000000,0.568345
0.040000,1.000000,2.440678,30.000000,1.947368,39.000000,0.709360
0.040000,0.736750,1.316667,28.800000,1.933333,25.000000,0.568345
0.142857,0.736750,1.316667,28.800000,1.933333,25.000000,0.568345
0.062500,0.378705,1.516129,29.504576,2.039216,34.000000,0.602564
0.066667,0.271794,1.500000,27.894602,1.882353,18.000000,0.600000
0.076923,0.771666,4.000000,29.533668,2.077148,59.000000,0.800000
0.111111,0.077155,1.545455,30.000000,1.055556,9.000000,0.607143
0.250000,0.033848,1.809524,29.783337,1.825000,16.000000,0.644068
0.041667,0.031866,1.911765,29.292227,1.764493,24.000000,0.656566
0.250000,0.040778,2.666667,29.220211,1.829885,30.000000,0.727273
0.090909,0.456004,1.533333,21.818733,1.709091,11.000000,0.605263
0.076923,1.000000,2.066667,30.000000,1.602564,13.000000,0.673913
0.090909,0.456004,1.533333,21.818733,1.709091,11.000000,0.605263
0.076923,1.000000,2.066667,30.000000,1.602564,13.000000,0.673913
0.090909,0.456004,1.533333,21.818733,1.709091,11.000000,0.605263
0.090909,0.456004,1.533333,21.818733,1.709091,11.000000,0.605263
0.076923,1.000000,2.066667,30.000000,1.602564,13.000000,0.673913
0.076923,1.000000,2.066667,30.000000,1.602564,13.000000,0.673913
0.200000,1.000000,1.700000,28.263917,1.688889,10.000000,0.629630
0.111111,0.677050,1.153846,29.732901,1.996923,26.000000,0.535714
0.250000,0.116666,1.614035,28.626299,2.022727,33.000000,0.617450
0.125000,1.000000,1.857143,30.000000,1.642857,8.000000,0.650000
0.125000,0.002451,1.942308,28.818379,1.806154,26.000000,0.660131
0.111111,0.459220,1.760870,28.819412,1.863333,25.000000,0.637795
0.166667,0.348310,2.724138,30.000000,2.071264,30.000000,0.731481
0.166667,0.354929,2.471698,30.000000,2.223232,45.000000,0.711957
0.090909,0.167866,2.311475,29.361702,2.227567,47.000000,0.698020
0.090909,0.654103,2.666667,29.588246,1.618182,11.000000,0.727273
0.090909,0.654103,2.666667,29.588246,1.618182,11.000000,0.727273
0.090909,0.110919,2.311475,29.361702,2.227567,47.000000,0.698020
0.076923,0.213155,2.857143,30.000000,2.088172,31.000000,0.740741
0.076923,0.256278,1.956522,30.000000,1.877193,19.000000,0.661765
0.076923,0.213155,2.857143,30.000000,2.088172,31.000000,0.740741
0.076923,0.256278,1.956522,30.000000,1.877193,19.000000,0.661765
0.142857,1.000000,2.065574,28.752511,1.968468,37.000000,0.673797
0.071429,0.059273,3.000000,29.308040,1.670330,14.000000,0.750000
0.071429,0.041959,2.954545,29.900841,2.208245,44.000000,0.747126
0.166667,0.348310,2.724138,30.000000,2.071264,30.000000,0.731481
0.027778,0.041959,2.954545,29.900841,2.208245,44.000000,0.747126
0.027778,0.421574,2.428571,29.246381,2.071429,36.000000,0.708333
0.250000,0.378718,2.123077,30.000000,2.110101,45.000000,0.679803
0.166667,0.270890,2.471698,30.000000,2.223232,45.000000,0.711957
0.250000,0.681482,2.123077,30.000000,2.110101,45.000000,0.679803
0.166667,0.270890,2.471698,30.000000,2.223232,45.000000,0.711957
0.250000,0.378718,2.123077,30.000000,2.110101,45.000000,0.679803
0.090909,0.654103,2.666667,29.588246,1.618182,11.000000,0.727273
0.090909,0.110919,2.311475,29.361702,2.227567,47.000000,0.698020
0.142857,1.000000,2.777778,30.000000,1.618182,11.000000,0.735294
0.142857,1.000000,2.777778,30.000000,1.618182,11.000000,0.735294
0.083333,1.000000,6.250000,27.460908,1.651515,12.000000,0.862069
0.083333,0.574633,2.482759,26.666667,1.948718,27.000000,0.712871
0.083333,0.127499,3.395349,29.669272,2.001130,60.000000,0.772487
0.083333,1.000000,1.857143,20.000317,1.606061,12.000000,0.650000
0.052632,0.283178,6.000000,28.646457,1.652632,20.000000,0.857143
0.052632,1.000000,2.333333,28.634717,1.824561,19.000000,0.700000
0.083333,1.000000,1.857143,20.000317,1.606061,12.000000,0.650000
0.083333,0.106804,2.416667,28.578593,1.836257,19.000000,0.707317
0.083333,1.000000,2.125000,28.932674,1.761905,15.000000,0.680000
0.083333,1.000000,5.000000,28.232026,1.651515,12.000000,0.833333
0.166667,0.692528,1.274194,30.000000,1.933333,25.000000,0.560284
0.142857,0.571957,3.166667,27.000000,1.644444,10.000000,0.760000
0.166667,0.692528,1.274194,30.000000,1.933333,25.000000,0.560284
0.055556,0.722461,1.558824,29.007384,1.953333,25.000000,0.609195
0.100000,0.637297,2.156250,26.914675,1.923077,27.000000,0.683168
0.052632,0.379710,2.148148,30.000000,1.794737,20.000000,0.682353
0.052632,0.512381,1.514286,28.421053,1.912281,19.000000,0.602273
0.052632,0.512381,1.514286,28.421053,1.912281,19.000000,0.602273
0.052632,0.379710,2.148148,30.000000,1.794737,20.000000,0.682353
0.100000,1.000000,3.166667,24.000000,1.644444,10.000000,0.760000
0.100000,0.278031,2.673913,29.794966,1.961593,38.000000,0.727811
0.166667,0.442024,3.000000,29.570632,1.725275,14.000000,0.750000
0.058824,0.286401,2.588235,29.647239,1.786765,17.000000,0.721311
0.058824,0.435828,1.465116,13.858238,1.876667,25.000000,0.594340
0.058824,0.663680,1.729167,23.722148,1.870769,26.000000,0.633588
0.058824,0.415211,2.200000,30.000000,1.786765,17.000000,0.687500
0.058824,0.435828,1.465116,13.858238,1.876667,25.000000,0.594340
0.058824,0.286401,2.588235,29.647239,1.786765,17.000000,0.721311
0.058824,0.663680,1.729167,23.722148,1.870769,26.000000,0.633588
0.058824,0.415211,2.200000,30.000000,1.786765,17.000000,0.687500
0.166667,0.361472,3.000000,29.570632,1.725275,14.000000,0.750000
0.166667,0.413192,2.208333,29.689180,1.676471,17.000000,0.688312
0.142857,1.000000,1.684211,26.401705,1.418182,11.000000,0.627451
0.142857,0.178441,2.344828,29.404400,1.952381,28.000000,0.701031
0.166667,1.000000,2.666667,30.000000,1.238095,7.000000,0.727273
0.200000,0.506316,5.200000,29.899011,2.042105,20.000000,0.838710
0.200000,0.506316,5.200000,29.899011,2.042105,20.000000,0.838710
0.200000,0.495216,2.000000,25.700822,2.221675,29.000000,0.666667
0.100000,0.164179,4.200000,30.000000,1.800000,10.000000,0.807692
0.100000,0.827245,1.350000,28.204970,1.712121,12.000000,0.574468
0.100000,0.827245,1.350000,28.204970,1.712121,12.000000,0.574468
0.100000,0.164179,4.200000,30.000000,1.800000,10.000000,0.807692
0.200000,0.758393,2.756410,29.499038,2.099548,52.000000,0.733788
0.166667,0.962079,3.000000,30.000000,1.357143,8.000000,0.750000
0.058824,0.635781,2.263158,29.459329,1.772059,17.000000,0.693548
0.058824,0.718317,2.671875,28.992276,2.058693,43.000000,0.727660
0.100000,0.827245,1.350000,28.204970,1.712121,12.000000,0.574468
0.100000,0.639233,4.200000,30.000000,1.800000,10.000000,0.807692
0.200000,0.758393,2.756410,29.499038,2.099548,52.000000,0.733788
0.058824,0.635781,2.263158,29.459329,1.772059,17.000000,0.693548
0.058824,0.718317,2.671875,28.992276,2.058693,43.000000,0.727660
0.100000,0.526310,2.626506,30.000000,2.106676,53.000000,0.724252
0.100000,0.526310,2.626506,30.000000,2.106676,53.000000,0.724252
0.166667,0.534761,2.111111,27.634051,1.843137,18.000000,0.678571
0.125000,0.700015,2.739130,29.391304,2.065700,46.000000,0.732558
0.125000,0.700015,2.739130,29.391304,2.065700,46.000000,0.732558
0.200000,1.000000,3.000000,30.000000,1.400000,5.000000,0.750000
0.100000,0.827245,1.350000,28.204970,1.712121,12.000000,0.574468
0.100000,0.639233,4.200000,30.000000,1.800000,10.000000,0.807692
0.166667,1.000000,2.250000,19.937187,1.400000,6.000000,0.692308
0.166667,0.283275,2.000000,28.953914,2.046371,32.000000,0.666667
0.166667,1.000000,2.250000,19.937187,1.400000,6.000000,0.692308
0.166667,0.457889,2.000000,28.953914,2.046371,32.000000,0.666667
0.050000,0.140313,1.113208,29.332190,1.913043,23.000000,0.526786
0.142857,0.795480,1.714286,30.000000,1.476190,7.000000,0.631579
0.055556,1.000000,1.432432,30.000000,1.673203,18.000000,0.588889
0.100000,0.871279,3.800000,16.722079,2.036364,11.000000,0.791667
0.100000,1.000000,3.153846,28.234801,1.666667,15.000000,0.759259
0.031250,0.047285,2.952381,27.591751,1.925403,32.000000,0.746988
0.031250,0.486401,4.169231,28.652908,1.972727,56.000000,0.806548
0.125000,1.000000,2.333333,29.804378,1.716667,16.000000,0.700000
0.125000,1.000000,3.062500,29.074161,1.777778,18.000000,0.753846
0.058824,1.000000,2.315789,29.205599,1.750000,17.000000,0.698413
0.142857,1.000000,2.750000,25.867306,1.709091,11.000000,0.733333
0.076923,1.000000,1.500000,23.864286,1.705128,13.000000,0.600000
0.058824,0.347764,3.250000,30.000000,1.700000,20.000000,0.764706
0.125000,0.720940,2.200000,30.000000,1.607143,8.000000,0.687500
0.055556,0.272602,1.567568,24.406983,1.941538,26.000000,0.610526
0.250000,1.000000,6.000000,30.000000,1.000000,4.000000,0.857143
0.055556,0.140638,3.878378,29.704352,1.900786,58.000000,0.795014
0.111111,0.118730,2.333333,23.630944,1.694444,9.000000,0.700000
0.111111,1.000000,3.200000,25.720656,1.709091,11.000000,0.761905
0.058824,0.100367,1.685714,28.221417,1.784211,20.000000,0.627660
0.058824,0.693996,2.428571,25.310247,1.720588,17.000000,0.708333
0.052632,0.303777,3.878378,29.640205,1.900786,58.000000,0.795014
0.040000,0.228001,1.818182,24.000797,1.890000,25.000000,0.645161
0.040000,0.140511,2.096154,29.249005,1.797721,27.000000,0.677019
0.200000,0.128827,1.190476,29.400093,1.996923,26.000000,0.543478
0.200000,1.000000,2.097561,29.444225,2.136027,55.000000,0.677165
0.166667,1.000000,2.333333,30.000000,1.535714,8.000000,0.700000
0.166667,0.327584,2.000000,30.000000,1.466667,6.000000,0.666667
0.100000,0.201794,2.367347,29.764224,2.076923,39.000000,0.703030
0.100000,0.242940,3.185185,29.033621,1.862069,29.000000,0.761062
0.076923,0.012987,2.882353,28.536535,1.777778,27.000000,0.742424
0.090909,0.265743,1.647059,18.445636,1.809524,21.000000,0.622222
0.090909,0.137541,4.000000,28.978089,1.527273,11.000000,0.800000
0.200000,0.019779,2.033333,29.576565,2.096341,41.000000,0.670330
0.166667,1.000000,2.428571,28.992321,1.736264,14.000000,0.708333
0.166667,0.792733,1.625000,28.616080,1.380952,7.000000,0.619048
0.125000,1.000000,3.228571,27.060719,1.788360,28.000000,0.763514
0.125000,1.000000,1.250000,30.000000,1.472222,9.000000,0.555556
0.083333,1.000000,2.647059,29.745872,1.647619,15.000000,0.725806
0.083333,0.932458,1.619048,30.000000,1.560606,12.000000,0.618182
0.090909,1.000000,2.636364,30.000000,1.472727,11.000000,0.725000
0.090909,1.000000,2.241379,30.000000,1.832661,32.000000,0.691489
0.066667,0.797974,3.411765,28.968179,2.103896,22.000000,0.773333
0.066667,1.000000,2.780488,28.266997,1.817734,29.000000,0.735484
0.200000,1.000000,2.409091,28.709262,1.758170,18.000000,0.706667
0.200000,1.000000,2.250000,29.473914,1.840909,33.000000,0.692308
0.076923,1.000000,3.160000,30.000000,1.704762,21.000000,0.759615
0.076923,0.228854,4.166667,29.066787,1.608187,19.000000,0.806452
0.125000,0.392033,2.111111,27.634051,1.843137,18.000000,0.678571
0.125000,0.964374,3.000000,30.000000,1.357143,8.000000,0.750000
0.047619,0.017391,2.645161,29.842427,1.692641,22.000000,0.725664
0.047619,1.000000,1.041667,25.714857,2.004762,21.000000,0.510204
0.200000,1.000000,1.473684,29.072354,1.756410,13.000000,0.595745
0.181818,0.408608,2.058824,28.768470,1.589744,13.000000,0.673077
0.250000,0.658143,2.192308,28.154216,1.842105,20.000000,0.686747
0.250000,0.658143,2.192308,28.154216,1.842105,20.000000,0.686747
0.200000,0.690006,1.692308,25.111347,1.829060,27.000000,0.628571
0.200000,0.013100,2.500000,30.000000,1.000000,5.000000,0.714286
0.250000,1.000000,2.312500,30.000000,1.659341,14.000000,0.698113
0.090909,0.353217,2.240000,29.844350,1.771242,18.000000,0.691358
0.090909,0.142681,1.517857,26.214154,1.962963,27.000000,0.602837
0.090909,0.025312,1.769231,27.425102,1.938406,24.000000,0.638889
0.090909,0.690006,1.692308,25.111347,1.829060,27.000000,0.628571
0.125000,0.416841,2.529148,29.695275,2.257548,110.000000,0.716645
0.125000,0.110312,2.500000,30.000000,1.535714,8.000000,0.714286
0.142857,0.140524,2.280000,26.977726,2.025974,22.000000,0.695122
0.111111,1.000000,1.473684,29.134006,1.756410,13.000000,0.595745
0.111111,0.225311,1.614035,21.577598,2.119318,33.000000,0.617450
0.111111,0.030500,1.102564,27.101310,1.991398,31.000000,0.524390
0.100000,1.000000,1.529412,27.500000,1.712121,12.000000,0.604651
0.100000,1.000000,1.636364,30.000000,1.644444,10.000000,0.620690
0.083333,1.000000,1.529412,27.500000,1.712121,12.000000,0.604651
0.083333,0.089800,1.520000,30.000000,1.695238,15.000000,0.603175
0.083333,0.128319,2.761905,29.826731,1.865801,22.000000,0.734177
0.083333,1.000000,1.529412,27.500000,1.712121,12.000000,0.604651
0.083333,0.089800,1.520000,30.000000,1.695238,15.000000,0.603175
0.083333,1.000000,1.529412,27.500000,1.712121,12.000000,0.604651
0.041667,1.000000,1.625000,30.000000,1.764493,24.000000,0.619048
0.076923,1.000000,1.607143,30.000000,1.423077,13.000000,0.616438
0.111111,0.001862,1.666667,26.727634,1.694444,9.000000,0.625000
0.100000,0.386715,1.000000,30.000000,1.672727,11.000000,0.500000
0.100000,0.241943,1.559322,29.986226,2.119318,33.000000,0.609272
0.250000,0.462342,1.708333,15.054582,1.708333,16.000000,0.630769
0.100000,0.386715,1.000000,30.000000,1.672727,11.000000,0.500000
0.100000,0.241943,1.559322,29.986226,2.119318,33.000000,0.609272
0.062500,1.000000,0.975000,30.000000,1.904412,17.000000,0.493671
0.200000,0.284091,2.000000,30.000000,1.200000,5.000000,0.666667
0.142857,0.896429,2.666667,25.290889,2.044444,10.000000,0.727273
0.125000,0.679342,1.191489,29.231836,1.884211,20.000000,0.543689
0.125000,0.228538,1.625000,19.009372,1.607143,8.000000,0.619048
0.050000,0.713856,2.157895,20.077580,2.110526,20.000000,0.683333
0.050000,1.000000,2.157895,20.077580,2.110526,20.000000,0.683333
0.125000,0.565512,3.153846,29.987927,1.766667,16.000000,0.759259
0.125000,0.342519,2.740506,29.361828,2.283230,94.000000,0.732657
0.142857,1.000000,1.684211,28.971311,1.515152,12.000000,0.627451
0.142857,0.844783,3.625000,22.583949,2.125541,22.000000,0.783784
0.100000,0.086790,1.692308,30.000000,1.577778,10.000000,0.628571
0.100000,1.000000,1.785714,28.674149,1.751634,18.000000,0.641026
0.052632,0.048948,1.843750,29.490135,1.672515,19.000000,0.648352
0.052632,0.988349,3.000000,28.232086,1.907258,32.000000,0.750000
0.100000,0.988349,3.000000,28.232086,1.907258,32.000000,0.750000
0.142857,1.000000,1.684211,28.971311,1.515152,12.000000,0.627451
0.142857,1.000000,3.625000,22.583949,2.125541,22.000000,0.783784
0.090909,0.334183,1.384615,23.941581,1.761905,15.000000,0.580645
0.200000,1.000000,3.000000,30.000000,1.400000,5.000000,0.750000
0.200000,1.000000,3.260870,27.200899,1.871795,27.000000,0.765306
0.125000,0.592501,2.333333,22.500000,1.571429,8.000000,0.700000
0.125000,0.592501,2.333333,22.500000,1.571429,8.000000,0.700000
0.076923,0.126485,1.520000,24.294197,1.778656,23.000000,0.603175
0.083333,1.000000,1.857143,27.500000,1.666667,12.000000,0.650000
0.083333,0.458725,2.357143,29.759628,1.940171,27.000000,0.702128
0.083333,0.732507,1.600000,29.985141,1.666667,13.000000,0.615385
0.076923,0.229148,1.769231,27.425102,1.938406,24.000000,0.638889
0.041667,0.054743,2.738938,29.360717,2.249625,116.000000,0.732544
0.041667,0.229148,1.769231,27.425102,1.938406,24.000000,0.638889
0.142857,0.578162,2.096154,29.431124,1.797721,27.000000,0.677019
0.142857,1.000000,1.833333,25.714286,1.476190,7.000000,0.647059
0.071429,0.460051,1.461538,30.000000,1.695238,15.000000,0.593750
0.071429,1.000000,1.947368,28.066116,1.714286,14.000000,0.660714
0.100000,0.864033,1.320000,30.000000,1.703297,14.000000,0.568966
0.100000,1.000000,1.800000,27.395490,1.644444,10.000000,0.642857
0.076923,0.079505,1.410256,29.615953,1.764706,18.000000,0.585106
0.076923,0.971155,3.818182,28.759941,1.538462,14.000000,0.792453
0.071429,1.000000,1.947368,28.066116,1.714286,14.000000,0.660714
0.071429,0.460051,1.461538,30.000000,1.695238,15.000000,0.593750
0.100000,0.864033,1.320000,30.000000,1.703297,14.000000,0.568966
0.100000,1.000000,1.800000,27.395490,1.644444,10.000000,0.642857
0.100000,0.215779,1.327586,29.304373,1.891738,27.000000,0.570370
0.100000,0.000745,1.645161,29.075846,1.856209,18.000000,0.621951
0.062500,0.356357,1.807692,23.894616,1.842105,19.000000,0.643836
0.062500,0.071377,2.421053,29.127795,1.633333,16.000000,0.707692
0.142857,0.356357,1.807692,23.894616,1.842105,19.000000,0.643836
0.142857,0.013100,4.750000,28.173829,1.095238,7.000000,0.826087
0.125000,0.454364,1.470588,29.714430,1.820513,13.000000,0.595238
0.200000,0.833462,2.000000,29.059500,1.714286,15.000000,0.666667
0.125000,1.000000,3.200000,26.250000,1.500000,8.000000,0.761905
0.076923,1.000000,1.682927,28.610676,1.938406,24.000000,0.627273
0.076923,0.454364,1.470588,29.714430,1.820513,13.000000,0.595238
0.111111,0.175707,1.583333,20.020034,1.472222,9.000000,0.612903
0.111111,0.292934,2.448276,28.360294,1.535948,18.000000,0.710000
0.083333,0.848867,1.588235,27.953759,1.681818,12.000000,0.613636
0.083333,1.000000,1.191176,25.585498,2.038710,31.000000,0.543624
0.066667,1.000000,1.357143,29.791337,1.800000,15.000000,0.575758
0.066667,0.278896,2.612903,29.464322,1.782609,23.000000,0.723214
0.200000,0.000000,1.457143,30.000000,1.856209,18.000000,0.593023
0.125000,0.000000,1.666667,30.000000,1.464286,8.000000,0.625000
0.125000,0.212761,2.538462,27.692308,1.628205,13.000000,0.717391
0.125000,0.000000,1.666667,30.000000,1.464286,8.000000,0.625000
0.125000,0.212761,2.538462,27.692308,1.628205,13.000000,0.717391
0.125000,0.103141,2.400000,22.907254,1.833333,16.000000,0.705882
0.125000,1.000000,2.800000,29.479242,1.500000,8.000000,0.736842
0.250000,1.000000,1.727273,30.000000,1.577778,10.000000,0.633333
0.142857,1.000000,1.750000,28.978089,1.618182,11.000000,0.636364
0.090909,1.000000,2.421053,28.465667,1.661765,17.000000,0.707692
0.142857,1.000000,2.780488,28.041342,1.955556,36.000000,0.735484
0.142857,1.000000,3.000000,25.649376,1.476190,7.000000,0.750000
0.034483,0.725005,3.454545,29.439500,2.047347,50.000000,0.775510
0.034483,1.000000,3.760000,29.776206,1.864532,29.000000,0.789916
0.062500,0.046817,1.652174,26.539518,1.683333,16.000000,0.622951
0.062500,0.046817,1.652174,26.539518,1.683333,16.000000,0.622951
0.058824,0.458695,2.291667,29.973263,1.595588,17.000000,0.696203
0.142857,1.000000,2.666667,28.225461,1.618182,11.000000,0.727273
0.058824,0.211214,1.023256,21.906755,2.065359,18.000000,0.505747
0.058824,0.045415,2.000000,24.838674,1.948529,17.000000,0.666667
0.058824,0.215464,1.023256,21.906755,2.065359,18.000000,0.505747
0.058824,0.045415,2.000000,24.838674,1.948529,17.000000,0.666667
0.111111,0.407140,4.842105,28.223834,2.000925,47.000000,0.828829
0.250000,0.644225,1.238095,30.000000,1.885714,21.000000,0.553191
0.200000,1.000000,1.041667,25.714857,2.004762,21.000000,0.510204
0.100000,0.473119,1.500000,24.855962,1.918129,19.000000,0.600000
0.100000,0.229611,1.916667,28.668225,1.818182,12.000000,0.657143
0.125000,1.000000,3.666667,30.000000,1.214286,8.000000,0.785714
0.125000,1.000000,1.782609,24.955378,1.888889,18.000000,0.640625
0.066667,0.149016,1.658537,27.035378,1.796537,22.000000,0.623853
0.066667,0.021645,2.266667,29.722262,1.790476,15.000000,0.693878
0.076923,0.311072,2.529148,29.695275,2.257548,110.000000,0.716645
0.076923,0.852369,1.555556,19.998351,1.692308,13.000000,0.608696
0.071429,0.642775,3.516484,29.302297,2.001984,64.000000,0.778589
0.200000,0.852369,1.555556,19.998351,1.692308,13.000000,0.608696
0.076923,0.852369,1.555556,19.998351,1.692308,13.000000,0.608696
0.076923,1.000000,2.090909,20.173731,1.705128,13.000000,0.676471
0.111111,0.079602,2.693966,29.392297,2.257279,118.000000,0.729288
0.111111,0.125662,1.875000,27.913118,1.583333,9.000000,0.652174
0.142857,0.578367,2.625000,30.000000,1.000000,7.000000,0.724138
0.125000,1.000000,4.200000,30.000000,1.800000,10.000000,0.807692
0.125000,0.959914,2.375000,24.564599,1.727273,11.000000,0.703704
0.125000,0.959914,2.375000,24.564599,1.727273,11.000000,0.703704
0.125000,0.118985,4.200000,30.000000,1.800000,10.000000,0.807692
0.125000,0.952472,1.169492,23.132048,1.896667,25.000000,0.539062
0.142857,0.185013,1.750000,30.000000,1.333333,7.000000,0.636364
0.055556,0.044762,1.305556,25.428844,1.803922,18.000000,0.566265
0.055556,0.334635,3.875000,28.846154,2.344615,26.000000,0.794872
0.055556,0.705757,3.875000,28.846154,2.344615,26.000000,0.794872
0.055556,0.044762,1.305556,25.428844,1.803922,18.000000,0.566265
0.111111,0.795276,1.888889,23.333333,1.583333,9.000000,0.653846
0.055556,0.705757,3.875000,28.846154,2.344615,26.000000,0.794872
0.055556,0.044762,1.305556,25.428844,1.803922,18.000000,0.566265
0.125000,0.926443,1.153846,21.177429,1.500000,8.000000,0.535714
0.125000,0.065709,1.892857,29.257500,1.690058,19.000000,0.654321
0.100000,0.602396,0.933333,30.000000,1.794872,13.000000,0.482759
0.100000,0.373974,2.461538,29.939824,2.270495,101.000000,0.711111
0.125000,0.480089,2.333333,27.124897,2.294118,18.000000,0.700000
0.100000,0.373974,2.461538,29.939824,2.270495,101.000000,0.711111
0.100000,0.602396,0.933333,30.000000,1.794872,13.000000,0.482759
0.111111,0.000000,2.384615,28.125944,1.679487,13.000000,0.704545
0.111111,0.452482,2.409091,29.632674,1.978947,20.000000,0.706667
0.125000,0.226406,1.529412,30.000000,1.581818,11.000000,0.604651
0.055556,0.480089,2.333333,27.124897,2.294118,18.000000,0.700000
0.055556,0.012875,2.717391,29.365850,2.257279,118.000000,0.730994
0.125000,0.226406,1.529412,30.000000,1.581818,11.000000,0.604651
0.250000,1.000000,3.000000,24.333482,1.000000,4.000000,0.750000
0.250000,1.000000,1.571429,9.246199,1.266667,6.000000,0.611111
0.090909,1.000000,4.000000,30.000000,1.681319,14.000000,0.800000
0.100000,1.000000,1.807692,29.314207,1.758170,18.000000,0.643836
0.100000,0.002934,1.772727,27.596662,1.659341,14.000000,0.639344
0.090909,0.062829,1.777778,29.896368,2.098039,18.000000,0.640000
0.100000,0.517634,1.500000,29.429215,1.862319,24.000000,0.600000
0.100000,0.517634,1.500000,29.429215,1.862319,24.000000,0.600000
0.111111,0.288868,2.476190,26.336525,1.868421,20.000000,0.712329
0.142857,0.414016,1.906250,29.951802,1.660819,19.000000,0.655914
0.111111,1.000000,1.277778,30.000000,1.388889,9.000000,0.560976
0.111111,0.046185,2.380952,28.409609,2.144897,62.000000,0.704225
0.166667,1.000000,3.250000,29.833744,1.133333,6.000000,0.764706
0.166667,0.401418,1.806452,29.442078,1.889474,20.000000,0.643678
0.066667,0.306077,2.630303,29.627504,2.292721,95.000000,0.724541
0.066667,0.795294,3.222222,29.402303,2.103896,22.000000,0.763158
0.052632,0.729335,2.681818,29.835266,1.736842,19.000000,0.728395
0.052632,0.155867,4.181818,27.081054,1.963563,39.000000,0.807018
0.100000,0.039839,2.666667,27.000015,1.511111,10.000000,0.727273
0.250000,0.593820,2.492891,29.524637,2.267325,107.000000,0.713704
0.083333,0.211913,2.135802,29.145201,1.959831,44.000000,0.681102
0.100000,0.160000,1.700000,24.271423,1.711111,10.000000,0.629630
0.076923,0.384615,3.083333,30.000000,1.752381,15.000000,0.755102
0.100000,0.000000,2.571429,27.649634,1.600000,10.000000,0.720000
0.055556,0.004255,1.888889,28.333813,1.686275,18.000000,0.653846
0.111111,0.860813,3.142857,30.000000,1.388889,9.000000,0.758621
0.111111,0.685832,2.681818,29.411677,2.039526,23.000000,0.728395
0.047619,0.036550,2.040000,25.491330,1.928571,21.000000,0.671053
0.047619,0.524404,2.833333,29.232080,2.080000,26.000000,0.739130
0.111111,0.944688,1.857143,20.263949,1.666667,13.000000,0.650000
0.125000,0.725489,1.470588,28.550000,1.910526,20.000000,0.595238
0.125000,0.017357,1.555556,25.995289,1.500000,8.000000,0.608696
0.250000,0.895297,1.476190,26.508756,1.747253,14.000000,0.596154
0.200000,1.000000,2.088235,28.965517,2.465517,29.000000,0.676190
0.058824,0.271741,2.000000,21.391905,1.948529,17.000000,0.666667
0.058824,0.432376,2.342105,29.709488,2.041379,30.000000,0.700787
0.050000,0.967413,1.169492,23.132048,1.896667,25.000000,0.539062
0.050000,1.000000,1.594595,30.000000,1.784211,20.000000,0.614583
0.125000,1.000000,2.088235,28.965517,2.465517,29.000000,0.676190
0.076923,0.347430,2.583333,29.265378,1.704762,15.000000,0.720930
0.076923,1.000000,1.240000,27.692308,1.666667,13.000000,0.553571
0.111111,0.585350,3.888889,28.577533,1.469697,12.000000,0.795455
0.111111,1.000000,2.444444,29.792736,1.416667,9.000000,0.709677
0.125000,1.000000,13.000000,28.661251,1.857143,8.000000,0.928571
0.142857,0.642040,2.375000,30.000000,1.472222,9.000000,0.703704
0.045455,1.000000,2.533333,29.816591,1.670996,22.000000,0.716981
0.045455,1.000000,1.597015,24.900486,2.049911,34.000000,0.614943
0.076923,0.685372,1.583333,30.000000,1.695238,15.000000,0.612903
0.076923,0.278923,1.666667,25.406798,1.423077,13.000000,0.625000
0.083333,1.000000,1.597015,24.900486,2.049911,34.000000,0.614943
0.125000,1.000000,1.597015,24.900486,2.049911,34.000000,0.614943
0.090909,0.435784,3.647059,29.786605,2.344615,26.000000,0.784810
0.076923,0.685372,1.583333,30.000000,1.695238,15.000000,0.612903
0.076923,0.278923,1.666667,25.406798,1.423077,13.000000,0.625000
0.142857,1.000000,1.550725,29.162514,2.049911,34.000000,0.607955
0.142857,0.004255,4.000000,30.000000,1.238095,7.000000,0.800000
0.090909,0.435784,3.647059,29.786605,2.344615,26.000000,0.784810
0.030303,0.359682,1.526316,29.894951,1.751894,33.000000,0.604167
0.030303,1.000000,1.597015,24.900486,2.049911,34.000000,0.614943
0.090909,0.004255,1.296296,26.391843,1.809524,15.000000,0.564516
0.090909,0.127768,2.083333,29.641189,2.141270,36.000000,0.675676
0.090909,0.069928,3.647059,29.786605,2.344615,26.000000,0.784810
0.100000,0.706051,3.000000,30.000000,1.466667,10.000000,0.750000
0.100000,1.000000,1.481481,30.000000,1.947712,18.000000,0.597015
0.125000,0.759356,1.750000,23.504932,1.500000,8.000000,0.636364
0.033333,1.000000,2.043478,26.780042,1.912644,30.000000,0.671429
0.033333,0.340156,1.376812,22.223426,1.950538,31.000000,0.579268
0.125000,0.160582,2.125000,30.000000,1.428571,8.000000,0.680000
0.035714,1.000000,2.043478,26.603462,1.912644,30.000000,0.671429
0.035714,0.004255,2.322581,24.824719,1.920635,28.000000,0.699029
0.200000,0.154387,2.043478,23.295553,1.912644,30.000000,0.671429
0.050000,0.004255,2.103448,28.625366,1.710526,20.000000,0.677778
0.050000,0.340156,1.376812,22.223426,1.950538,31.000000,0.579268
0.111111,0.054604,1.869565,30.000000,1.766667,16.000000,0.651515
0.111111,1.000000,1.875000,29.724260,1.666667,9.000000,0.652174
0.111111,1.000000,2.000000,30.000000,1.500000,9.000000,0.666667
0.090909,0.371427,2.661111,29.498932,2.265455,100.000000,0.726859
0.166667,0.010977,2.500000,26.393739,1.285714,7.000000,0.714286
0.166667,0.986304,3.185185,29.258165,2.231435,78.000000,0.761062
0.166667,0.987500,2.813278,29.302885,2.241903,123.000000,0.737758
0.100000,0.984561,2.695833,29.547506,2.250420,120.000000,0.729425
0.111111,0.321092,1.848485,28.110122,1.747619,21.000000,0.648936
0.100000,0.982478,3.268908,28.725240,2.237535,85.000000,0.765748
0.100000,0.370798,2.111111,30.000000,1.577778,10.000000,0.678571
0.125000,0.987500,2.813278,29.332508,2.241903,123.000000,0.737758
0.111111,0.889262,2.000000,20.000069,1.750000,9.000000,0.666667
0.111111,0.372205,4.600000,26.238883,1.488889,10.000000,0.821429
0.057143,0.973656,2.922330,28.712917,2.207646,71.000000,0.745050
0.071429,0.987909,2.885106,29.465387,2.241903,123.000000,0.742607
0.071429,0.008333,1.700000,28.859752,1.670330,14.000000,0.629630
0.100000,0.740370,1.516129,26.677074,2.064394,33.000000,0.602564
0.100000,0.987500,2.813278,29.302885,2.241903,123.000000,0.737758
0.111111,0.777778,1.700000,11.484153,1.711111,10.000000,0.629630
0.111111,0.883866,2.000000,30.000000,1.750000,9.000000,0.666667
0.083333,0.975558,2.599099,29.723460,2.259492,112.000000,0.722153
0.083333,1.000000,1.500000,23.864286,1.705128,13.000000,0.600000
0.111111,0.017432,1.777778,28.614549,1.857708,23.000000,0.640000
0.166667,0.946530,2.537736,29.779055,2.253571,107.000000,0.717333
0.090909,0.981839,3.313043,28.791612,2.201746,82.000000,0.768145
0.090909,0.247884,1.857143,24.407662,1.651515,12.000000,0.650000
0.100000,0.977498,2.610860,29.467540,2.259492,112.000000,0.723058
0.066667,0.976804,2.793548,29.065436,2.283230,94.000000,0.736395
0.066667,1.000000,2.588235,30.000000,1.580952,15.000000,0.721311
0.285714,1.000000,4.250000,30.000000,1.392857,8.000000,0.809524
0.166667,0.965050,2.436548,29.947684,2.270495,101.000000,0.709010
0.166667,0.504416,3.875000,28.245568,1.530303,12.000000,0.794872
0.111111,0.055414,3.750000,30.000000,1.694444,9.000000,0.789474
0.066667,0.470251,1.685714,27.158655,1.784211,20.000000,0.627660
0.066667,0.696583,1.384615,23.941581,1.761905,15.000000,0.580645
0.076923,0.341820,1.451613,26.486368,2.013228,28.000000,0.592105
0.076923,0.224384,2.384615,27.695054,1.653846,13.000000,0.704545
0.076923,0.864352,1.451613,26.486368,2.013228,28.000000,0.592105
0.076923,0.224384,2.384615,27.695054,1.653846,13.000000,0.704545
0.125000,0.443986,1.735294,23.242454,1.784211,20.000000,0.634409
0.083333,0.012709,2.031250,29.921563,1.742105,20.000000,0.670103
0.083333,0.066510,2.800000,22.502367,1.636364,12.000000,0.736842
0.066667,0.078515,1.505155,29.380789,1.780749,34.000000,0.600823
0.066667,0.944848,1.296296,26.391843,1.809524,15.000000,0.564516
0.066667,0.163262,1.393443,28.816679,1.750000,24.000000,0.582192
0.066667,0.944848,1.296296,26.391843,1.809524,15.000000,0.564516
0.066667,0.476942,3.000000,28.842612,1.657143,15.000000,0.750000
0.066667,0.118339,3.478261,29.811288,2.185185,28.000000,0.776699
0.043478,0.560226,1.305882,29.150758,1.954545,33.000000,0.566327
0.043478,0.380219,1.264151,21.324435,1.885375,23.000000,0.558333
0.142857,0.538677,1.207547,28.523561,1.839827,22.000000,0.547009
0.111111,0.858227,2.266667,23.570009,2.060484,32.000000,0.693878
0.111111,1.000000,1.700000,25.498497,1.611111,9.000000,0.629630
0.111111,0.086451,2.266667,23.570009,2.060484,32.000000,0.693878
0.111111,1.000000,1.700000,25.498497,1.611111,9.000000,0.629630
0.050000,0.207740,1.351351,23.953082,1.967803,33.000000,0.574713
0.050000,0.102197,2.103448,29.382787,1.710526,20.000000,0.677778
0.043478,0.690086,2.522727,29.254702,2.137995,66.000000,0.716129
0.125000,1.000000,1.750000,30.000000,1.500000,8.000000,0.636364
0.125000,0.780385,2.093333,27.075249,2.145551,52.000000,0.676724
0.034483,0.793291,2.897059,29.562996,1.977798,47.000000,0.743396
0.034483,0.925477,1.649123,29.635252,1.768473,29.000000,0.622517
0.058824,0.286894,4.000000,29.459103,1.617647,17.000000,0.800000
0.076923,0.746179,2.149254,28.455307,2.132653,49.000000,0.682464
0.250000,0.165176,2.666667,23.204813,1.611111,9.000000,0.727273
0.100000,0.649111,2.307692,27.715086,2.068182,33.000000,0.697674
0.166667,0.842265,1.760000,29.802729,1.889706,17.000000,0.637681
0.166667,0.842265,1.760000,29.802729,1.889706,17.000000,0.637681
0.142857,0.336541,1.355556,29.717825,1.996047,23.000000,0.575472
0.142857,0.519425,1.781250,29.826516,1.881423,23.000000,0.640449
0.142857,0.935910,2.500000,25.571781,1.571429,7.000000,0.714286
0.100000,1.000000,1.230769,29.096774,2.053763,31.000000,0.551724
0.100000,1.000000,1.727273,30.000000,1.622222,10.000000,0.633333
0.100000,1.000000,1.727273,30.000000,1.622222,10.000000,0.633333
0.100000,1.000000,1.230769,29.096774,2.053763,31.000000,0.551724
0.142857,0.153964,4.047619,28.645526,1.676190,21.000000,0.801887
0.142857,1.000000,1.666667,16.069569,1.523810,7.000000,0.625000
0.142857,0.950725,13.750000,27.998829,1.969697,22.000000,0.932203
0.111111,0.062591,3.931034,29.231839,1.924476,66.000000,0.797203
0.111111,1.000000,2.500000,26.666958,1.694444,9.000000,0.714286
0.100000,0.467346,1.923077,26.045016,1.581818,11.000000,0.657895
0.100000,0.145273,2.222222,30.000000,1.555556,10.000000,0.689655
0.142857,0.048086,2.000000,26.630056,1.476190,7.000000,0.666667
0.142857,0.306776,2.250000,25.386223,1.756410,13.000000,0.692308
0.100000,0.467346,1.923077,26.045016,1.581818,11.000000,0.657895
0.100000,0.145273,2.222222,30.000000,1.555556,10.000000,0.689655
0.142857,0.048086,2.000000,26.630056,1.476190,7.000000,0.666667
0.142857,0.306776,2.250000,25.386223,1.756410,13.000000,0.692308
0.125000,0.000000,3.666667,30.000000,1.714286,8.000000,0.785714
0.125000,0.074690,2.500000,22.742889,1.800000,11.000000,0.714286
0.111111,0.999998,1.481481,30.000000,1.409091,12.000000,0.597015
0.111111,0.008403,3.857143,30.000000,1.250000,9.000000,0.794118
0.166667,0.239096,2.360000,28.467600,1.742105,20.000000,0.702381
0.166667,1.000000,2.750000,25.750211,1.266667,6.000000,0.733333
0.062500,0.043002,1.684211,30.000000,1.733333,16.000000,0.627451
0.090909,1.000000,1.450000,16.574915,1.679487,13.000000,0.591837
0.083333,0.493321,2.727273,29.911173,1.904762,21.000000,0.731707
0.166667,0.058824,1.625000,27.580704,1.133333,6.000000,0.619048
0.100000,0.004184,4.750000,29.031256,1.666667,10.000000,0.826087
0.111111,0.343247,2.028986,29.314054,2.085624,44.000000,0.669856
0.166667,1.000000,1.888889,28.236533,1.190476,7.000000,0.653846
0.052632,0.600848,1.727273,21.792651,1.771930,19.000000,0.633333
0.052632,0.786003,1.727273,21.792651,1.771930,19.000000,0.633333
0.100000,1.000000,1.700000,11.484153,1.711111,10.000000,0.629630
0.100000,0.361567,5.800000,27.363636,1.472727,11.000000,0.852941
0.166667,0.970784,3.875000,28.846154,2.344615,26.000000,0.794872
0.166667,0.559947,2.636364,28.684533,1.802198,14.000000,0.725000
0.166667,0.970784,3.875000,28.846154,2.344615,26.000000,0.794872
0.166667,0.504950,3.210526,30.000000,2.280000,25.000000,0.762500
0.111111,0.211494,2.333333,27.651542,2.060606,22.000000,0.700000
0.111111,0.085188,2.423077,28.695652,2.027668,23.000000,0.707865
0.142857,0.980238,1.687500,30.000000,1.563636,11.000000,0.627907
0.125000,0.394167,2.111111,28.057898,1.948529,17.000000,0.678571
0.125000,0.752683,1.545455,26.363938,1.392857,8.000000,0.607143
0.100000,1.000000,1.700000,21.409027,1.615385,13.000000,0.629630
0.090909,0.154729,3.000000,30.000000,1.509091,11.000000,0.750000
0.090909,0.425790,1.500000,27.857143,1.890110,14.000000,0.600000
0.090909,0.425790,1.500000,27.857143,1.890110,14.000000,0.600000
0.090909,0.154729,3.000000,30.000000,1.509091,11.000000,0.750000
0.090909,0.425790,1.500000,27.857143,1.890110,14.000000,0.600000
0.090909,0.154729,3.000000,30.000000,1.509091,11.000000,0.750000
0.083333,0.432416,1.551724,29.581237,1.972043,31.000000,0.608108
0.083333,1.000000,1.615385,23.045752,1.848485,12.000000,0.617647
0.100000,1.000000,1.615385,23.045752,1.848485,12.000000,0.617647
0.100000,1.000000,2.000000,27.733393,1.600000,10.000000,0.666667
0.100000,1.000000,1.615385,23.045752,1.848485,12.000000,0.617647
0.100000,1.000000,2.000000,27.733393,1.600000,10.000000,0.666667
0.083333,1.000000,1.615385,23.045752,1.848485,12.000000,0.617647
0.083333,0.432416,1.551724,29.581237,1.972043,31.000000,0.608108
0.090909,0.154729,3.000000,30.000000,1.509091,11.000000,0.750000
0.090909,0.425790,1.500000,27.857143,1.890110,14.000000,0.600000
0.142857,1.000000,3.076923,29.948386,1.648352,14.000000,0.754717
0.062500,1.000000,2.088235,29.661618,1.800000,21.000000,0.676190
0.062500,0.347917,1.777778,29.896368,2.098039,18.000000,0.640000
0.083333,0.506783,2.750000,29.621611,1.619048,15.000000,0.733333
0.083333,0.443042,1.631579,30.000000,1.606061,12.000000,0.620000
0.045455,1.000000,1.894737,29.967155,1.861472,22.000000,0.654545
0.045455,0.473709,2.500000,30.000000,1.762846,23.000000,0.714286
0.125000,1.000000,2.088235,29.112533,1.800000,21.000000,0.676190
0.125000,1.000000,2.125000,30.000000,1.392857,8.000000,0.680000
0.166667,1.000000,2.088235,29.112533,1.800000,21.000000,0.676190
0.166667,1.000000,2.166667,30.000000,1.133333,6.000000,0.684211
0.166667,1.000000,2.088235,29.112533,1.800000,21.000000,0.676190
0.166667,1.000000,2.166667,30.000000,1.133333,6.000000,0.684211
0.083333,1.000000,1.780488,29.359754,1.916996,23.000000,0.640351
0.111111,0.121418,2.200000,23.634846,1.388889,9.000000,0.687500
0.111111,1.000000,1.875000,28.837891,1.490909,11.000000,0.652174
0.090909,0.485475,1.421053,27.272727,1.545455,11.000000,0.586957
0.090909,0.004184,2.163265,29.543136,2.172119,38.000000,0.683871
0.090909,0.004184,2.163265,29.543136,2.172119,38.000000,0.683871
0.090909,0.485475,1.421053,27.272727,1.545455,11.000000,0.586957
0.200000,1.000000,1.666667,30.000000,1.000000,5.000000,0.625000
0.200000,0.485475,1.421053,27.272727,1.545455,11.000000,0.586957
0.200000,1.000000,1.666667,30.000000,1.000000,5.000000,0.625000
0.200000,0.485475,1.421053,27.272727,1.545455,11.000000,0.586957
0.071429,0.032650,1.615385,27.007979,1.836257,19.000000,0.617647
0.071429,0.020921,1.521739,28.381192,1.692308,14.000000,0.603448
0.050000,0.113756,3.315789,29.755425,1.727273,22.000000,0.768293
0.050000,0.729538,1.191489,29.139999,1.884211,20.000000,0.543689
0.040000,0.303042,3.300000,27.186060,2.236975,35.000000,0.767442
0.040000,0.247957,2.102041,29.575165,2.163664,37.000000,0.677632
0.045455,0.303042,3.300000,27.186060,2.236975,35.000000,0.767442
0.045455,0.819517,1.487805,29.918897,2.007905,23.000000,0.598039
0.045455,0.570530,1.538462,30.000000,1.956710,22.000000,0.606061
0.045455,0.626910,3.483871,28.234574,2.328592,38.000000,0.776978
0.027027,0.259701,2.102041,29.994779,2.163664,37.000000,0.677632
0.027027,0.626910,3.483871,28.234574,2.328592,38.000000,0.776978
0.083333,0.103312,2.066667,26.113254,1.606061,12.000000,0.673913
0.083333,0.545526,1.087719,22.212778,1.993252,39.000000,0.521008
0.083333,0.545526,1.087719,22.212778,1.993252,39.000000,0.521008
0.083333,0.000000,2.000000,29.527013,1.590909,12.000000,0.666667
0.076923,0.288662,1.703704,25.059222,1.772059,17.000000,0.630137
0.076923,1.000000,1.933333,29.622935,1.628205,13.000000,0.659091
0.200000,0.137854,1.961538,28.141148,1.751634,18.000000,0.662338
0.166667,0.501059,3.444444,27.583333,1.590909,12.000000,0.775000
0.076923,0.040098,2.059524,30.000000,1.959831,44.000000,0.673152
0.076923,1.000000,2.555556,25.618452,1.858974,13.000000,0.718750
0.125000,0.012658,3.400000,29.240277,1.392857,8.000000,0.772727
0.125000,0.820208,3.428571,28.888889,2.245014,27.000000,0.774194
0.166667,1.000000,3.500000,26.491136,1.533333,6.000000,0.777778
0.111111,0.148565,3.000000,29.919711,1.583333,9.000000,0.750000
0.111111,0.073532,1.421053,28.297685,1.545455,11.000000,0.586957
0.111111,1.000000,2.423077,28.695652,2.027668,23.000000,0.707865
0.125000,1.000000,1.466667,30.000000,1.555556,10.000000,0.594595
0.125000,0.718080,2.409091,28.227518,1.978947,20.000000,0.706667
0.125000,0.524033,1.571429,29.948386,1.725275,14.000000,0.611111
0.111111,0.073532,1.421053,28.297685,1.545455,11.000000,0.586957
0.111111,1.000000,2.423077,28.695652,2.027668,23.000000,0.707865
0.125000,1.000000,1.466667,30.000000,1.555556,10.000000,0.594595
0.125000,0.718080,2.409091,28.227518,1.978947,20.000000,0.706667
0.090909,1.000000,1.909091,28.928576,1.618182,11.000000,0.656250
0.090909,0.211183,3.162162,27.696670,1.922348,33.000000,0.759740
0.052632,1.000000,1.217391,27.411854,1.876190,21.000000,0.549020
0.052632,0.281337,2.750000,30.000000,1.857708,23.000000,0.733333
0.066667,1.000000,2.423077,28.695652,2.027668,23.000000,0.707865
0.083333,0.359787,1.750000,28.551653,1.758242,14.000000,0.636364
0.083333,0.817156,1.666667,28.000000,1.771429,15.000000,0.625000
0.066667,0.402149,1.884615,28.209755,1.853801,19.000000,0.653333
0.066667,0.817156,1.666667,28.000000,1.771429,15.000000,0.625000
0.066667,0.817156,1.666667,28.000000,1.771429,15.000000,0.625000
0.066667,0.402149,1.884615,28.209755,1.853801,19.000000,0.653333
0.090909,0.620602,1.588235,30.000000,1.509091,11.000000,0.613636
0.090909,1.000000,1.758621,30.000000,1.948052,22.000000,0.637500
0.071429,0.573726,2.428571,28.321167,1.670330,14.000000,0.708333
0.071429,1.000000,1.977273,30.000000,1.987692,26.000000,0.664122
0.071429,0.573726,2.428571,28.321167,1.670330,14.000000,0.708333
0.071429,0.044680,1.977273,30.000000,1.987692,26.000000,0.664122
0.200000,0.653453,1.117647,30.000000,1.833333,16.000000,0.527778
0.045455,1.000000,1.487805,29.621071,2.007905,23.000000,0.598039
0.045455,0.761471,1.226190,29.781301,1.967742,32.000000,0.550802
0.125000,1.000000,2.200000,29.645260,1.750000,16.000000,0.687500
0.062500,1.000000,2.444444,29.192675,1.750000,16.000000,0.709677
0.062500,0.603264,1.666667,30.000000,1.736842,20.000000,0.625000
0.111111,1.000000,2.000000,5.985266,1.555556,9.000000,0.666667
0.111111,0.262387,1.877551,30.000000,2.119318,33.000000,0.652482
0.200000,1.000000,2.000000,30.000000,1.600000,10.000000,0.666667
0.200000,1.000000,1.750000,30.000000,1.300000,5.000000,0.636364
0.250000,1.000000,1.217391,18.462971,1.756410,13.000000,0.549020
0.043478,1.000000,1.297872,30.000000,1.996047,23.000000,0.564815
0.125000,0.917043,1.657895,30.000000,2.019763,23.000000,0.623762
0.142857,1.000000,1.781250,29.829310,1.942857,21.000000,0.640449
0.142857,1.000000,2.600000,16.945693,1.380952,7.000000,0.722222
0.125000,1.000000,1.297872,30.000000,1.996047,23.000000,0.564815
0.142857,1.000000,1.487805,29.621071,2.007905,23.000000,0.598039
0.125000,0.917043,1.657895,30.000000,2.019763,23.000000,0.623762
0.083333,1.000000,1.611111,27.583347,1.560606,12.000000,0.617021
0.166667,1.000000,1.355556,29.717825,1.996047,23.000000,0.575472
0.166667,0.801465,3.666667,28.625419,1.266667,6.000000,0.785714
0.250000,0.865643,3.333333,26.664639,1.000000,5.000000,0.769231
0.111111,1.000000,2.375000,27.649634,1.577778,10.000000,0.703704
0.111111,1.000000,2.000000,25.583944,1.500000,9.000000,0.666667
0.100000,0.249730,2.833333,26.617084,1.703297,14.000000,0.739130
0.100000,1.000000,1.285714,20.755147,1.666667,10.000000,0.562500
0.100000,1.000000,1.326087,29.839094,1.996047,23.000000,0.570093
0.027778,0.130619,4.151515,28.794134,2.018246,76.000000,0.805882
0.037037,0.275791,1.242424,28.662045,1.991453,27.000000,0.554054
0.052632,0.324946,2.125000,28.625803,1.883041,19.000000,0.680000
0.052632,0.275791,1.242424,28.662045,1.991453,27.000000,0.554054
0.052632,0.324946,2.125000,28.625803,1.883041,19.000000,0.680000
0.052632,0.275791,1.242424,28.662045,1.991453,27.000000,0.554054
0.037037,0.275791,1.242424,28.662045,1.991453,27.000000,0.554054
0.055556,0.079562,1.350000,27.155068,1.745098,18.000000,0.574468
0.076923,0.389294,1.685714,27.142857,1.823810,21.000000,0.627660
0.027027,0.481020,3.511111,28.560429,1.924925,37.000000,0.778325
0.027027,0.099784,4.206522,28.430905,1.984679,70.000000,0.807933
0.071429,0.528883,3.226415,29.800223,1.924426,39.000000,0.763393
0.071429,0.008475,1.882353,29.197070,1.736264,14.000000,0.653061
0.166667,0.991973,2.466667,28.082515,1.742857,15.000000,0.711538
0.142857,0.028571,1.615385,30.000000,1.000000,7.000000,0.617647
0.142857,0.373389,1.636364,27.272727,1.727273,11.000000,0.620690
0.100000,0.368483,1.634921,29.790520,1.964015,33.000000,0.620482
0.055556,0.803639,3.785714,30.000000,1.745098,18.000000,0.791045
0.055556,0.607299,3.423077,30.000000,1.735178,23.000000,0.773913
0.055556,0.803639,3.785714,30.000000,1.745098,18.000000,0.791045
0.055556,0.607299,3.423077,30.000000,1.735178,23.000000,0.773913
0.125000,0.856742,2.428571,27.368352,1.428571,8.000000,0.708333
0.125000,0.654986,2.000000,22.567464,1.938406,24.000000,0.666667
0.125000,0.856742,2.428571,27.368352,1.428571,8.000000,0.708333
0.125000,0.654986,2.000000,22.567464,1.938406,24.000000,0.666667
0.125000,1.000000,1.241935,30.000000,1.891738,27.000000,0.553957
0.090909,1.000000,2.739130,30.000000,1.889328,23.000000,0.732558
0.090909,1.000000,1.625000,30.000000,1.527273,11.000000,0.619048
0.166667,1.000000,2.666667,30.000000,1.466667,6.000000,0.727273
0.166667,1.000000,3.411765,29.536716,1.896104,22.000000,0.773333
0.142857,0.898117,2.956522,29.553750,1.891304,24.000000,0.747253
0.090909,1.000000,1.625000,30.000000,1.527273,11.000000,0.619048
0.090909,1.000000,2.739130,30.000000,1.889328,23.000000,0.732558
0.090909,1.000000,1.625000,30.000000,1.527273,11.000000,0.619048
0.090909,1.000000,2.739130,30.000000,1.889328,23.000000,0.732558
0.200000,0.147738,2.120000,30.000000,2.189723,23.000000,0.679487
0.125000,1.000000,2.050000,30.000000,1.695238,15.000000,0.672131
0.100000,0.831444,2.750000,25.901525,1.577778,10.000000,0.733333
0.100000,0.980379,1.944444,23.833920,1.714286,14.000000,0.660377
0.058824,0.278638,1.487179,20.213998,1.821053,20.000000,0.597938
0.058824,1.000000,2.380952,27.969704,1.713235,17.000000,0.704225
0.111111,0.286695,3.000000,29.825695,1.472222,9.000000,0.750000
0.111111,0.616855,1.073171,30.000000,2.065359,18.000000,0.517647
0.111111,0.286695,3.000000,29.825695,1.472222,9.000000,0.750000
0.111111,0.366291,1.073171,30.000000,2.065359,18.000000,0.517647
0.111111,0.332828,2.031250,29.875917,1.742105,20.000000,0.670103
0.200000,1.000000,1.700000,28.951320,1.670330,14.000000,0.629630
0.125000,1.000000,1.700000,28.859752,1.670330,14.000000,0.629630
0.125000,0.974906,4.500000,28.657572,1.733333,10.000000,0.818182
0.071429,0.510730,2.384615,28.449615,1.741667,16.000000,0.704545
0.071429,1.000000,1.700000,28.859752,1.670330,14.000000,0.629630
0.125000,1.000000,1.750000,26.090059,1.500000,8.000000,0.636364
0.125000,1.000000,1.188406,28.932676,2.137931,30.000000,0.543046
0.058824,0.791545,2.846154,28.617879,1.813853,22.000000,0.740000
0.058824,0.096752,1.850000,26.251965,1.727941,17.000000,0.649123
0.071429,0.285585,1.588235,18.975270,1.791209,14.000000,0.613636
0.071429,0.032723,2.722222,29.784858,1.777778,27.000000,0.731343
0.045455,0.785535,1.722222,30.000000,1.969697,22.000000,0.632653
0.045455,1.000000,1.337209,21.921708,2.089076,35.000000,0.572139
0.090909,0.770211,2.454545,30.000000,1.527273,11.000000,0.710526
0.083333,1.000000,1.720930,28.554615,2.055331,39.000000,0.632479
0.153846,1.000000,1.863636,29.937654,1.658333,16.000000,0.650794
0.153846,1.000000,1.400000,27.272727,1.745455,11.000000,0.583333
0.047619,1.000000,1.681818,29.292259,2.055331,39.000000,0.627119
0.090909,0.411923,1.764706,28.717499,1.472727,11.000000,0.638298
0.090909,0.481091,1.205607,22.683525,1.987179,40.000000,0.546610
0.058824,0.730790,3.000000,24.106164,2.095588,17.000000,0.750000
0.058824,1.000000,1.567901,29.807976,2.065079,36.000000,0.610577
0.083333,0.481091,1.205607,22.683525,1.987179,40.000000,0.546610
0.083333,0.008403,1.875000,29.893373,1.590909,12.000000,0.652174
0.083333,1.000000,1.530120,30.000000,2.065079,36.000000,0.604762
0.090909,0.464029,1.916667,18.203428,1.581818,11.000000,0.657143
0.090909,1.000000,1.352941,29.070257,2.089076,35.000000,0.575000
0.045455,0.785535,1.722222,30.000000,1.969697,22.000000,0.632653
0.045455,1.000000,1.337209,21.921708,2.089076,35.000000,0.572139
0.125000,1.000000,2.333333,30.000000,1.250000,8.000000,0.700000
0.125000,0.790868,1.482759,24.937949,1.954023,30.000000,0.597222
0.058824,0.011893,1.333333,24.768529,1.941176,17.000000,0.571429
0.058824,0.400224,1.692308,29.270080,1.966132,34.000000,0.628571
0.058824,0.011893,1.333333,24.768529,1.941176,17.000000,0.571429
0.058824,0.400224,1.692308,29.270080,1.966132,34.000000,0.628571
0.250000,1.000000,2.000000,28.738414,1.809524,15.000000,0.666667
0.250000,0.632924,2.000000,28.738414,1.809524,15.000000,0.666667
0.066667,0.586551,2.000000,27.647737,1.638095,15.000000,0.666667
0.066667,1.000000,1.636364,28.005679,1.857143,22.000000,0.620690
0.083333,1.000000,1.566667,21.383991,1.847368,20.000000,0.610390
0.166667,0.019781,1.425532,30.000000,1.861472,22.000000,0.587719
0.166667,0.019781,1.425532,30.000000,1.861472,22.000000,0.587719
0.142857,1.000000,3.333333,30.000000,1.523810,7.000000,0.769231
0.142857,1.000000,3.333333,30.000000,1.523810,7.000000,0.769231
0.125000,1.000000,1.333333,30.000000,1.464286,8.000000,0.571429
0.142857,0.451476,1.892857,29.191598,1.690058,19.000000,0.654321
0.142857,1.000000,4.500000,29.896777,1.666667,7.000000,0.818182
0.111111,0.593555,7.000000,27.216991,1.777778,9.000000,0.875000
0.111111,1.000000,1.777778,28.614549,1.857708,23.000000,0.640000
0.125000,0.554970,2.000000,22.132584,1.836364,11.000000,0.666667
0.250000,0.450434,1.172414,23.633502,1.932308,26.000000,0.539683
0.090909,1.000000,1.785714,30.000000,1.545455,11.000000,0.641026
0.090909,0.450434,1.172414,23.633502,1.932308,26.000000,0.539683
0.300000,1.000000,1.583333,30.000000,1.688889,10.000000,0.612903
0.076923,0.167564,1.392857,28.932208,1.741667,16.000000,0.582090
0.300000,1.000000,1.583333,30.000000,1.688889,10.000000,0.612903
0.200000,1.000000,2.555556,30.000000,1.818182,12.000000,0.718750
0.200000,1.000000,3.166667,29.278885,1.527778,9.000000,0.760000
0.300000,1.000000,1.583333,30.000000,1.688889,10.000000,0.612903
0.200000,0.019987,1.784615,29.293068,1.731527,29.000000,0.640884
0.047619,0.102467,1.135135,28.871667,2.066502,29.000000,0.531646
0.142857,0.512055,1.487179,20.213998,1.821053,20.000000,0.597938
0.040000,0.506801,1.345455,27.426432,1.923333,25.000000,0.573643
0.040000,0.313817,1.344444,29.211395,1.939394,34.000000,0.573460
0.047619,0.102467,1.135135,28.871667,2.066502,29.000000,0.531646
0.052632,0.125389,1.884615,26.842105,1.853801,19.000000,0.653333
0.050000,0.512055,1.487179,20.213998,1.821053,20.000000,0.597938
0.050000,1.000000,1.433962,27.990084,1.778656,23.000000,0.589147
0.052632,0.125389,1.884615,26.842105,1.853801,19.000000,0.653333
0.076923,0.479780,2.400000,30.000000,1.947368,39.000000,0.705882
0.045455,0.316808,1.769231,28.371492,1.822511,22.000000,0.638889
0.111111,0.234042,2.032258,28.803968,1.968468,37.000000,0.670213
0.090909,0.008264,2.000000,28.717747,1.651515,12.000000,0.666667
0.090909,0.276501,2.571429,29.883680,2.018182,11.000000,0.720000
0.142857,0.000000,2.533333,30.000000,1.454545,12.000000,0.716981
0.142857,0.327802,3.500000,30.000000,1.380952,7.000000,0.777778
0.142857,1.000000,1.703704,25.059222,1.772059,17.000000,0.630137
0.142857,1.000000,3.875000,29.312709,1.530303,12.000000,0.794872
0.125000,0.146262,2.000000,30.000000,1.571429,8.000000,0.666667
0.071429,0.473468,1.677419,26.983852,1.878788,22.000000,0.626506
0.071429,0.166183,1.521739,30.000000,1.692308,14.000000,0.603448
0.045455,0.473468,1.677419,26.983852,1.878788,22.000000,0.626506
0.045455,0.061266,3.470588,28.853592,2.275641,40.000000,0.776316
0.100000,0.012552,1.884615,29.712951,2.074747,45.000000,0.653333
0.166667,1.000000,2.375000,30.000000,1.577778,10.000000,0.703704
0.038462,0.034420,3.875000,27.922329,1.830769,26.000000,0.794872
0.038462,0.498319,4.254545,29.806908,2.038961,56.000000,0.809689
0.066667,0.399492,1.600000,22.728145,1.647619,15.000000,0.615385
0.055556,0.491788,5.277778,28.726136,1.662338,22.000000,0.840708
0.071429,0.178689,2.428571,22.166573,1.876190,21.000000,0.708333
0.071429,0.224494,4.474227,29.997523,2.010989,78.000000,0.817326
0.142857,1.000000,2.833333,26.646823,1.919118,17.000000,0.739130
0.142857,1.000000,2.200000,30.000000,1.476190,7.000000,0.687500
0.100000,0.734258,1.818182,30.000000,1.600000,10.000000,0.645161
0.100000,1.000000,2.833333,26.646823,1.919118,17.000000,0.739130
0.090909,0.328423,4.272727,29.742007,1.666667,22.000000,0.810345
0.200000,1.000000,5.000000,30.000000,1.000000,5.000000,0.833333
0.071429,0.168727,1.814815,30.000000,1.853801,19.000000,0.644737
0.071429,0.198772,1.709677,24.749736,1.417582,14.000000,0.630952
0.071429,0.168727,1.814815,30.000000,1.853801,19.000000,0.644737
0.071429,0.198772,1.709677,24.749736,1.417582,14.000000,0.630952
0.200000,1.000000,5.000000,30.000000,1.000000,5.000000,0.833333
0.200000,0.443522,2.611111,27.083099,1.940256,38.000000,0.723077
0.090909,0.885934,1.325000,30.000000,1.698529,17.000000,0.569892
0.090909,0.052138,2.454545,27.452273,1.509091,11.000000,0.710526
0.111111,0.405213,1.888889,29.183720,1.527778,9.000000,0.653846
0.111111,0.975554,1.414634,30.000000,1.838095,21.000000,0.585859
0.200000,0.831083,3.000000,30.000000,1.400000,5.000000,0.750000
0.166667,1.000000,3.547826,28.971015,1.962456,76.000000,0.780115
0.250000,1.000000,4.975000,29.620489,1.944928,46.000000,0.832636
0.142857,0.956037,1.108108,28.403215,1.615385,14.000000,0.525641
0.142857,1.000000,1.677419,16.524652,1.905797,24.000000,0.626506
0.052632,1.000000,3.794872,29.800243,1.901812,59.000000,0.791444
0.050000,0.216911,1.142857,28.500000,1.852632,20.000000,0.533333
0.050000,1.000000,3.698276,29.136828,1.957376,78.000000,0.787156
0.200000,1.000000,5.378378,27.789913,1.944928,46.000000,0.843220
0.111111,0.069919,1.888889,20.000004,1.611111,9.000000,0.653846
0.111111,0.021486,2.400000,22.903979,2.298851,30.000000,0.705882
0.125000,1.000000,3.848101,29.048438,1.924590,61.000000,0.793734
0.083333,0.422104,2.545455,28.164397,1.621212,12.000000,0.717949
0.083333,1.000000,3.842697,29.573603,1.924476,66.000000,0.793503
0.050000,1.000000,3.810345,28.818435,1.893617,48.000000,0.792115
0.050000,0.062909,1.191176,25.585498,2.038710,31.000000,0.543624
0.071429,0.999996,1.300000,21.316518,1.615385,14.000000,0.565217
0.071429,1.000000,4.190476,27.782309,1.927273,56.000000,0.807339
0.090909,0.096435,2.236842,28.806520,1.757835,27.000000,0.691057
0.062500,0.152808,2.928571,27.492244,1.904412,17.000000,0.745455
0.062500,0.175252,1.823529,18.804080,1.883333,16.000000,0.645833
0.090909,0.394988,1.833333,28.978089,1.654545,11.000000,0.647059
0.090909,0.301738,1.333333,24.768529,1.941176,17.000000,0.571429
0.090909,0.394988,1.833333,28.978089,1.654545,11.000000,0.647059
0.090909,0.301738,1.333333,24.768529,1.941176,17.000000,0.571429
0.076923,0.777959,1.194444,26.125097,1.987179,40.000000,0.544304
0.076923,0.020408,2.294118,29.285251,1.512821,13.000000,0.696429
0.076923,0.378345,1.347826,30.000000,1.705128,13.000000,0.574074
0.076923,0.777959,1.194444,26.125097,1.987179,40.000000,0.544304
0.166667,1.000000,1.700000,28.817071,1.583333,9.000000,0.629630
0.166667,0.187703,3.000000,30.000000,1.400000,6.000000,0.750000
0.071429,0.381563,1.296296,27.857143,1.670330,14.000000,0.564516
0.071429,1.000000,2.571429,30.000000,1.700000,16.000000,0.720000
0.200000,1.000000,1.833333,29.734009,1.654545,11.000000,0.647059
0.100000,0.980357,1.285714,20.755147,1.666667,10.000000,0.562500
0.100000,1.000000,1.562500,25.870079,1.621212,12.000000,0.609756
0.250000,0.746326,2.400000,29.479242,1.571429,8.000000,0.705882
0.045455,1.000000,1.092593,27.302016,1.965368,22.000000,0.522124
0.045455,1.000000,2.280000,29.094519,1.871264,30.000000,0.695122
0.043478,1.000000,2.326531,29.054207,1.871264,30.000000,0.699387
0.043478,0.063134,2.484848,29.699441,1.675889,23.000000,0.713043
0.076923,1.000000,2.410256,26.650811,1.836923,26.000000,0.706767
0.076923,1.000000,1.900000,29.563397,1.512821,13.000000,0.655172
0.083333,0.151481,1.333333,24.768529,1.941176,17.000000,0.571429
0.022727,0.172906,3.660714,28.588287,1.927061,44.000000,0.785441
0.022727,0.122697,4.440000,29.286570,2.018354,80.000000,0.816176
0.083333,0.151481,1.333333,24.768529,1.941176,17.000000,0.571429
0.055556,0.315830,1.750000,27.116861,1.869281,18.000000,0.636364
0.055556,0.172906,3.660714,28.588287,1.927061,44.000000,0.785441
0.083333,0.151481,1.333333,24.768529,1.941176,17.000000,0.571429
0.100000,1.000000,4.750000,28.708280,1.666667,10.000000,0.826087
0.083333,0.151481,1.333333,24.768529,1.941176,17.000000,0.571429
0.200000,0.774374,1.376812,22.223426,1.950538,31.000000,0.579268
0.142857,0.556548,1.567568,24.406983,1.941538,26.000000,0.610526
0.100000,0.190151,4.250000,28.906839,2.045249,52.000000,0.809524
0.076923,0.000000,2.294118,29.965036,1.512821,13.000000,0.696429
0.076923,0.646277,1.340206,26.551543,2.124390,41.000000,0.572687
0.076923,0.000000,1.347826,30.000000,1.705128,13.000000,0.574074
0.076923,0.646277,1.340206,26.551543,2.124390,41.000000,0.572687
0.076923,0.047468,1.340206,26.551543,2.124390,41.000000,0.572687
0.076923,0.000000,2.294118,29.965036,1.512821,13.000000,0.696429
0.076923,0.000000,1.347826,30.000000,1.705128,13.000000,0.574074
0.076923,0.047468,1.340206,26.551543,2.124390,41.000000,0.572687
0.076923,0.307811,2.523810,29.829210,2.172119,38.000000,0.716216
0.076923,0.247878,1.100000,27.692308,1.641026,13.000000,0.523810
0.040000,0.080117,2.650000,29.782961,2.172119,38.000000,0.726027
0.028571,0.440037,2.163265,30.000000,2.172119,38.000000,0.683871
0.028571,0.114069,3.025641,27.752958,2.279487,40.000000,0.751592
0.028571,0.440037,2.163265,30.000000,2.172119,38.000000,0.683871
0.028571,0.114069,3.025641,27.752958,2.279487,40.000000,0.751592
0.076923,0.307811,2.523810,29.829210,2.172119,38.000000,0.716216
0.076923,0.247878,1.100000,27.692308,1.641026,13.000000,0.523810
0.028571,0.440037,2.163265,30.000000,2.172119,38.000000,0.683871
0.028571,0.114069,3.025641,27.752958,2.279487,40.000000,0.751592
0.100000,0.137751,2.406250,29.698142,1.836957,24.000000,0.706422
