chi,dp_norm,coh,stab,rad,size,ratio
0.250000,0.331642,2.190476,2.523488,1.780952,21.000000,0.686567
0.166667,0.044610,1.581395,4.369881,1.820106,28.000000,0.612613
0.200000,0.044610,1.581395,4.369881,1.820106,28.000000,0.612613
0.250000,0.246046,1.594595,3.912068,1.803333,25.000000,0.614583
0.125000,0.035073,1.666667,2.204245,1.761905,15.000000,0.625000
0.214286,0.974442,3.186047,4.676283,1.965861,38.000000,0.761111
0.200000,0.976667,3.132075,5.101340,1.947735,42.000000,0.757991
0.142857,0.975561,2.000000,6.717234,1.476190,7.000000,0.666667
0.142857,0.523931,2.222222,5.870688,1.600000,10.000000,0.689655
0.066667,1.000000,1.466667,4.890121,1.845850,23.000000,0.594595
0.066667,0.321698,2.562500,5.682612,1.638095,15.000000,0.719298
0.111111,0.537819,2.285714,5.550641,1.611111,9.000000,0.695652
0.200000,1.000000,1.466667,4.890121,1.845850,23.000000,0.594595
0.200000,0.539685,3.500000,5.822339,1.300000,5.000000,0.777778
0.083333,0.861984,13.000000,6.349659,2.090909,12.000000,0.928571
0.083333,0.404477,2.666667,5.675386,1.956522,23.000000,0.727273
0.058824,1.000000,9.500000,6.012935,2.382353,17.000000,0.904762
0.058824,0.590376,2.545455,6.663936,1.956522,23.000000,0.717949
0.058824,1.000000,9.500000,6.012935,2.382353,17.000000,0.904762
0.058824,0.404477,2.666667,5.675386,1.956522,23.000000,0.727273
0.250000,0.043478,3.000000,4.650234,1.000000,4.000000,0.750000
0.142857,0.021277,3.500000,6.995882,1.472222,9.000000,0.777778
0.142857,0.052632,3.500000,6.995882,1.472222,9.000000,0.777778
0.071429,0.151470,2.730769,6.534769,1.997151,27.000000,0.731959
0.166667,0.269520,2.666667,5.675386,1.956522,23.000000,0.727273
0.090909,0.291530,2.088235,9.196620,1.977208,27.000000,0.676190
0.222222,0.295740,4.333333,4.984229,1.133333,6.000000,0.812500
0.222222,0.214304,4.333333,4.984229,1.133333,6.000000,0.812500
0.166667,0.077160,2.857143,10.121898,1.690058,19.000000,0.740741
0.250000,1.000000,2.818182,7.932911,1.857143,14.000000,0.738095
0.250000,0.022174,3.000000,7.133128,1.000000,4.000000,0.750000
0.142857,0.211060,1.333333,6.531042,1.476190,7.000000,0.571429
0.142857,0.072961,2.833333,10.203064,1.742857,21.000000,0.739130
0.250000,0.190051,2.733333,10.665373,1.742857,15.000000,0.732143
0.047619,0.022108,2.416667,9.205433,2.025974,22.000000,0.707317
0.047619,0.072961,2.833333,10.203064,1.742857,21.000000,0.739130
0.100000,0.047640,2.714286,5.494407,1.688889,10.000000,0.730769
0.095238,0.056187,2.228571,10.055137,2.169951,29.000000,0.690265
0.095238,0.170098,2.720000,11.939637,1.742857,21.000000,0.731183
0.076923,0.110858,3.222222,6.016117,1.730769,13.000000,0.763158
0.066667,0.134086,2.400000,12.515045,1.849802,23.000000,0.705882
0.076923,0.067805,2.588235,8.872377,2.117647,18.000000,0.721311
0.076923,0.591608,4.000000,8.288523,1.794872,13.000000,0.800000
0.055556,0.067805,2.588235,8.872377,2.117647,18.000000,0.721311
0.055556,0.091399,2.117647,10.913062,1.956522,24.000000,0.679245
0.076923,0.217549,2.322581,9.996303,1.956522,24.000000,0.699029
0.076923,0.675149,4.500000,7.317617,1.794872,13.000000,0.818182
0.117647,0.086201,1.416667,8.819556,1.764706,18.000000,0.586207
0.117647,0.432864,1.678571,13.106470,1.757353,17.000000,0.626667
0.111111,0.291313,2.151515,7.288917,1.977208,27.000000,0.682692
0.111111,0.241761,2.500000,5.165846,1.672727,11.000000,0.714286
0.200000,0.439439,2.000000,9.974555,1.400000,5.000000,0.666667
0.200000,1.000000,1.333333,6.531042,1.476190,7.000000,0.571429
0.111111,0.291313,2.151515,7.288917,1.977208,27.000000,0.682692
0.111111,0.214895,2.500000,5.165846,1.672727,11.000000,0.714286
0.166667,0.120491,2.228571,10.055137,2.169951,29.000000,0.690265
0.166667,1.000000,1.833333,7.949117,1.266667,6.000000,0.647059
0.117647,0.086201,1.416667,8.819556,1.764706,18.000000,0.586207
0.117647,0.418155,1.678571,13.106470,1.757353,17.000000,0.626667
0.250000,0.276979,3.000000,4.650234,1.000000,4.000000,0.750000
0.062500,0.231513,1.692308,7.604820,1.691667,16.000000,0.628571
0.062500,0.406442,2.400000,12.515045,1.849802,23.000000,0.705882
0.200000,0.439439,2.000000,9.974555,1.400000,5.000000,0.666667
0.200000,0.154913,2.833333,10.203064,1.742857,21.000000,0.739130
0.125000,0.374233,4.666667,7.050678,1.571429,8.000000,0.823529
0.125000,0.679980,1.470588,7.328060,1.636364,11.000000,0.595238
0.100000,0.679980,1.470588,7.328060,1.636364,11.000000,0.595238
0.100000,0.387721,2.400000,12.515045,1.849802,23.000000,0.705882
0.142857,0.656773,2.000000,11.931902,1.956522,24.000000,0.666667
0.125000,0.275472,1.833333,9.848030,1.214286,8.000000,0.647059
0.125000,0.387957,2.320000,9.476535,2.277056,22.000000,0.698795
0.250000,0.222655,2.000000,8.964375,1.809524,15.000000,0.666667
0.100000,0.243538,1.791667,10.735473,1.849673,18.000000,0.641791
0.090909,0.307959,2.428571,9.143454,2.400000,26.000000,0.708333
0.090909,0.136518,5.500000,9.520252,1.781818,11.000000,0.846154
0.125000,0.269978,1.692308,11.955533,1.214286,8.000000,0.628571
0.250000,0.223115,2.000000,8.964375,1.809524,15.000000,0.666667
0.125000,0.040000,4.666667,8.202503,1.500000,8.000000,0.823529
0.125000,0.384952,1.320000,14.274128,2.058462,26.000000,0.568966
0.125000,0.604461,2.600000,7.855896,2.000000,8.000000,0.722222
0.125000,0.384952,1.320000,14.274128,2.058462,26.000000,0.568966
0.111111,0.310982,2.761905,17.474116,1.620915,18.000000,0.734177
0.111111,0.351660,1.320000,14.274128,2.058462,26.000000,0.568966
0.125000,1.000000,1.571429,14.080854,1.214286,8.000000,0.611111
0.125000,0.090211,2.125000,11.851171,1.900000,21.000000,0.680000
0.125000,0.351660,1.320000,14.274128,2.058462,26.000000,0.568966
0.125000,0.604461,2.600000,7.855896,2.000000,8.000000,0.722222
0.125000,0.604461,2.600000,7.855896,2.000000,8.000000,0.722222
0.125000,0.242821,3.294118,10.205119,1.805263,20.000000,0.767123
0.111111,0.310982,2.761905,17.474116,1.620915,18.000000,0.734177
0.111111,0.384952,1.320000,14.274128,2.058462,26.000000,0.568966
0.125000,0.093053,2.400000,10.406849,1.636364,12.000000,0.705882
0.125000,1.000000,2.000000,8.946697,1.214286,8.000000,0.666667
0.125000,0.351660,1.320000,14.274128,2.058462,26.000000,0.568966
0.125000,0.040000,4.666667,8.202503,1.500000,8.000000,0.823529
0.285714,0.497561,1.533333,12.551683,1.533333,10.000000,0.605263
0.285714,1.000000,1.833333,10.851829,1.214286,8.000000,0.647059
0.166667,0.014925,2.250000,18.251617,1.400000,6.000000,0.692308
0.100000,0.297099,2.025000,16.808943,1.782609,24.000000,0.669421
0.100000,0.152576,1.818182,13.970109,1.555556,10.000000,0.645161
0.041667,0.297099,2.025000,16.808943,1.782609,24.000000,0.669421
0.041667,0.020739,3.345455,21.247362,2.658926,53.000000,0.769874
0.041667,0.018529,3.345455,21.247362,2.658926,53.000000,0.769874
0.041667,0.297099,2.025000,16.808943,1.782609,24.000000,0.669421
0.083333,0.566867,1.333333,14.827578,1.651515,12.000000,0.571429
0.041667,0.297099,2.025000,16.808943,1.782609,24.000000,0.669421
0.041667,0.019071,3.345455,21.247362,2.658926,53.000000,0.769874
0.100000,0.178887,3.345455,21.247362,2.658926,53.000000,0.769874
0.100000,0.474743,1.818182,13.970109,1.555556,10.000000,0.645161
0.111111,0.178887,3.345455,21.247362,2.658926,53.000000,0.769874
0.111111,0.771901,1.666667,13.070477,1.305556,9.000000,0.625000
0.111111,0.771901,1.666667,13.070477,1.305556,9.000000,0.625000
0.111111,0.180102,3.345455,21.247362,2.658926,53.000000,0.769874
0.111111,0.771901,1.666667,13.070477,1.305556,9.000000,0.625000
0.111111,0.174273,3.345455,21.247362,2.658926,53.000000,0.769874
0.100000,0.180102,3.345455,21.247362,2.658926,53.000000,0.769874
0.100000,0.474743,1.818182,13.970109,1.555556,10.000000,0.645161
0.100000,0.474743,1.818182,13.970109,1.555556,10.000000,0.645161
0.100000,0.174273,3.345455,21.247362,2.658926,53.000000,0.769874
0.153846,0.440353,5.500000,9.520252,1.781818,11.000000,0.846154
0.055556,0.112680,3.428571,8.491295,1.777778,18.000000,0.774194
0.095238,0.146556,2.428571,9.143454,2.400000,26.000000,0.708333
0.125000,0.050140,1.882353,10.795790,1.809524,15.000000,0.653061
0.125000,0.086810,1.882353,10.795790,1.809524,15.000000,0.653061
0.086957,0.314190,1.617647,13.432258,1.933333,21.000000,0.617978
0.086957,0.242416,3.119048,20.229029,2.312945,38.000000,0.757225
0.086957,0.249695,1.617647,13.432258,1.933333,21.000000,0.617978
0.086957,0.214193,3.119048,20.229029,2.312945,38.000000,0.757225
0.086957,0.249695,1.617647,13.432258,1.933333,21.000000,0.617978
0.086957,0.242416,3.119048,20.229029,2.312945,38.000000,0.757225
0.086957,0.249695,1.617647,13.432258,1.933333,21.000000,0.617978
0.086957,0.223256,3.119048,20.229029,2.312945,38.000000,0.757225
0.086957,0.314190,1.617647,13.432258,1.933333,21.000000,0.617978
0.086957,0.214193,3.119048,20.229029,2.312945,38.000000,0.757225
0.086957,0.314190,1.617647,13.432258,1.933333,21.000000,0.617978
0.086957,0.223256,3.119048,20.229029,2.312945,38.000000,0.757225
0.071429,0.322203,2.125000,11.851171,1.900000,21.000000,0.680000
0.071429,0.290941,2.416667,13.012835,1.747253,14.000000,0.707317
0.071429,0.019576,2.764706,11.759340,1.527473,14.000000,0.734375
0.071429,0.349703,2.235294,14.205491,1.823529,17.000000,0.690909
0.111111,0.111310,1.604651,21.205246,2.071225,27.000000,0.616071
0.111111,0.059002,1.604651,21.205246,2.071225,27.000000,0.616071
0.090909,0.292673,1.928571,16.931862,1.545455,11.000000,0.658537
0.166667,0.485067,2.250000,20.988208,1.400000,6.000000,0.692308
0.125000,0.559845,4.666667,12.441000,1.500000,8.000000,0.823529
0.066667,0.688487,2.642857,8.643802,1.808333,16.000000,0.725490
0.100000,0.557491,5.500000,11.384281,1.781818,11.000000,0.846154
0.100000,0.557491,5.500000,11.384281,1.781818,11.000000,0.846154
0.066667,0.688487,2.642857,8.643802,1.808333,16.000000,0.725490
0.125000,0.559845,4.666667,12.441000,1.500000,8.000000,0.823529
0.083333,0.101162,1.530612,14.739863,1.841897,23.000000,0.604839
0.083333,0.466577,2.384615,17.878451,1.560606,12.000000,0.704545
0.125000,0.083180,2.320000,9.476535,2.277056,22.000000,0.698795
0.125000,0.206706,2.222222,12.970588,1.285714,8.000000,0.689655
0.045455,0.043419,1.793103,14.833484,1.935065,22.000000,0.641975
0.045455,0.056875,2.222222,17.495062,1.960591,29.000000,0.689655
0.090909,0.043419,1.793103,14.833484,1.935065,22.000000,0.641975
0.090909,0.014259,3.714286,15.138575,1.600000,11.000000,0.787879
0.045455,0.043419,1.793103,14.833484,1.935065,22.000000,0.641975
0.045455,0.292895,1.232877,12.689792,1.956322,30.000000,0.552147
0.058824,0.621593,1.904762,17.849325,1.794118,17.000000,0.655738
0.058824,0.030637,2.884615,26.572299,2.270440,54.000000,0.742574
0.058824,0.029472,2.884615,26.572299,2.270440,54.000000,0.742574
0.058824,0.621593,1.904762,17.849325,1.794118,17.000000,0.655738
0.066667,0.378105,2.692308,15.103549,1.761905,15.000000,0.729167
0.066667,0.044281,2.476190,14.623434,1.542857,15.000000,0.712329
0.250000,0.089552,1.432099,13.436341,2.011111,36.000000,0.588832
0.058824,0.036041,2.884615,26.572299,2.270440,54.000000,0.742574
0.058824,0.621593,1.904762,17.849325,1.794118,17.000000,0.655738
0.083333,0.089552,1.432099,13.436341,2.011111,36.000000,0.588832
0.043478,0.252199,3.460317,25.080806,2.250377,52.000000,0.775801
0.043478,0.242024,3.460317,25.080806,2.250377,52.000000,0.775801
0.043478,0.019187,1.750000,17.494808,1.936759,23.000000,0.636364
0.043478,0.743335,2.243902,19.043375,1.977823,32.000000,0.691729
0.043478,0.263273,3.460317,25.080806,2.250377,52.000000,0.775801
0.071429,0.630209,2.230769,14.744065,1.936759,23.000000,0.690476
0.071429,0.013699,3.800000,14.441170,1.659341,14.000000,0.791667
0.071429,0.019187,1.750000,17.494808,1.936759,23.000000,0.636364
0.090909,0.630209,2.230769,14.744065,1.936759,23.000000,0.690476
0.090909,0.245389,4.333333,14.835487,1.884615,13.000000,0.812500
0.142857,0.177369,1.818182,13.970109,1.555556,10.000000,0.645161
0.043478,0.019187,1.750000,17.494808,1.936759,23.000000,0.636364
0.076923,0.100000,1.785714,17.056348,1.807692,13.000000,0.641026
0.076923,0.047687,1.409091,16.349908,1.800000,15.000000,0.584906
0.125000,0.390571,3.200000,21.239820,1.428571,8.000000,0.761905
0.250000,0.480056,1.793103,14.833484,1.935065,22.000000,0.641975
0.142857,0.433778,1.954545,17.242034,1.741667,16.000000,0.661538
0.250000,0.368058,3.133333,16.513827,1.908497,18.000000,0.758065
0.111111,0.804342,8.500000,9.439976,1.611111,9.000000,0.894737
0.111111,0.123257,3.428571,11.948818,1.840580,24.000000,0.774194
0.083333,0.426367,3.703704,17.374537,1.989247,31.000000,0.787402
0.083333,0.469159,4.285714,15.162295,1.621212,12.000000,0.810811
0.125000,0.017169,1.666667,17.613893,1.930000,25.000000,0.625000
0.125000,0.348214,8.000000,11.892126,1.428571,8.000000,0.888889
0.076923,0.055790,1.785714,18.695062,1.807692,13.000000,0.641026
0.076923,0.248685,1.458333,16.434055,1.791667,16.000000,0.593220
0.100000,0.316456,3.333333,14.414501,1.622222,10.000000,0.769231
0.100000,0.173686,1.577778,20.100678,1.916923,26.000000,0.612069
0.076923,0.048864,3.000000,20.088023,1.666667,13.000000,0.750000
0.076923,0.073075,2.703297,28.442932,2.254386,57.000000,0.729970
0.076923,0.048864,3.000000,20.088023,1.666667,13.000000,0.750000
0.076923,0.071580,2.703297,28.442932,2.254386,57.000000,0.729970
0.076923,0.048864,3.000000,20.088023,1.666667,13.000000,0.750000
0.076923,0.083417,2.703297,28.442932,2.254386,57.000000,0.729970
0.066667,0.063353,2.518519,28.267967,2.248087,61.000000,0.715789
0.066667,0.015251,1.684211,19.650397,1.857143,15.000000,0.627451
0.066667,0.058534,2.518519,28.267967,2.248087,61.000000,0.715789
0.066667,0.015251,1.684211,19.650397,1.857143,15.000000,0.627451
0.066667,0.059317,2.518519,28.267967,2.248087,61.000000,0.715789
0.066667,0.015251,1.684211,19.650397,1.857143,15.000000,0.627451
0.032258,0.648232,2.829268,26.738025,2.262626,55.000000,0.738854
0.032258,0.137534,3.703704,17.374537,1.989247,31.000000,0.787402
0.083333,0.192432,3.466667,18.231105,2.008065,32.000000,0.776119
0.032258,0.137534,3.703704,17.374537,1.989247,31.000000,0.787402
0.032258,0.660195,2.829268,26.738025,2.262626,55.000000,0.738854
0.066667,0.340785,1.379310,18.374964,1.779412,17.000000,0.579710
0.066667,0.577534,1.333333,21.055874,1.857143,15.000000,0.571429
0.083333,0.067984,3.466667,18.231105,2.008065,32.000000,0.776119
0.250000,0.570466,2.472727,28.545855,2.248087,61.000000,0.712042
0.250000,0.574844,2.472727,28.545855,2.248087,61.000000,0.712042
0.250000,0.561560,2.472727,28.545855,2.248087,61.000000,0.712042
0.045455,0.656413,3.255319,22.422506,2.328688,42.000000,0.765000
0.045455,0.166390,3.823529,10.350714,1.822511,22.000000,0.792683
0.045455,0.166390,3.823529,10.350714,1.822511,22.000000,0.792683
0.045455,0.660437,3.255319,22.422506,2.328688,42.000000,0.765000
0.032258,0.671450,2.829268,26.738025,2.262626,55.000000,0.738854
0.032258,0.137534,3.703704,17.374537,1.989247,31.000000,0.787402
0.045455,0.166390,3.823529,10.350714,1.822511,22.000000,0.792683
0.045455,0.683974,3.255319,22.422506,2.328688,42.000000,0.765000
0.050000,0.266454,1.781250,28.458046,1.776276,37.000000,0.640449
0.050000,0.135135,1.750000,18.703849,1.915789,20.000000,0.636364
0.100000,0.028935,1.729730,18.592761,1.887681,24.000000,0.633663
0.100000,0.753210,2.833333,16.380770,1.822222,10.000000,0.739130
0.058824,0.266143,1.781250,28.458046,1.776276,37.000000,0.640449
0.058824,0.007299,2.500000,21.178729,2.000000,17.000000,0.714286
0.058824,0.266783,1.781250,28.458046,1.776276,37.000000,0.640449
0.058824,0.007299,2.500000,21.178729,2.000000,17.000000,0.714286
0.050000,0.266783,1.781250,28.458046,1.776276,37.000000,0.640449
0.050000,0.135135,1.750000,18.703849,1.915789,20.000000,0.636364
0.050000,0.266143,1.781250,28.458046,1.776276,37.000000,0.640449
0.050000,0.135135,1.750000,18.703849,1.915789,20.000000,0.636364
0.058824,0.266454,1.781250,28.458046,1.776276,37.000000,0.640449
0.058824,0.007299,2.500000,21.178729,2.000000,17.000000,0.714286
0.142857,0.854633,2.428571,11.256331,1.428571,8.000000,0.708333
0.142857,0.333333,2.200000,20.321967,1.476190,7.000000,0.687500
0.100000,0.382803,2.838710,23.847136,1.888151,43.000000,0.739496
0.222222,0.247241,1.666667,17.613893,1.930000,25.000000,0.625000
0.100000,0.351850,2.838710,23.847136,1.888151,43.000000,0.739496
0.083333,0.465481,1.619048,20.008643,1.883333,16.000000,0.618182
0.076923,0.917582,3.542373,24.040774,1.885291,47.000000,0.779851
0.250000,0.833768,2.591837,23.907619,1.880672,35.000000,0.721591
0.250000,0.791317,2.591837,23.907619,1.880672,35.000000,0.721591
0.076923,0.923076,3.542373,24.040774,1.885291,47.000000,0.779851
0.142857,0.558825,4.333333,11.465195,1.380952,7.000000,0.812500
0.142857,0.917224,3.389831,23.377730,1.888889,46.000000,0.772201
0.142857,0.909250,3.389831,23.377730,1.888889,46.000000,0.772201
0.142857,0.558825,4.333333,11.465195,1.380952,7.000000,0.812500
0.142857,0.120000,1.777778,6.419436,1.238095,7.000000,0.640000
0.142857,0.120000,1.777778,6.419436,1.238095,7.000000,0.640000
0.142857,0.120000,1.777778,6.419436,1.238095,7.000000,0.640000
0.200000,0.167653,2.000000,20.494968,1.937931,30.000000,0.666667
0.090909,0.106052,2.085106,20.716063,1.937634,31.000000,0.675862
0.090909,0.783574,2.500000,20.346675,1.854545,11.000000,0.714286
0.200000,0.077394,1.947368,21.741337,1.525641,13.000000,0.660714
0.250000,0.391445,1.333333,21.055874,1.857143,15.000000,0.571429
0.111111,0.293328,1.888889,20.861039,1.961905,21.000000,0.653846
0.058824,0.401429,2.500000,21.605143,2.000000,17.000000,0.714286
0.166667,0.611843,1.666667,17.613893,1.930000,25.000000,0.625000
0.058824,0.043478,1.775510,10.322737,1.785714,29.000000,0.639706
0.058824,0.049986,4.200000,19.031588,1.963235,17.000000,0.807692
0.222222,0.321634,1.739130,20.554395,1.794118,17.000000,0.634921
0.222222,0.321634,1.739130,20.554395,1.794118,17.000000,0.634921
0.111111,0.573814,1.666667,20.137063,1.880000,26.000000,0.625000
0.111111,0.573814,1.666667,20.137063,1.880000,26.000000,0.625000
0.100000,0.575663,1.551020,20.970397,1.920228,27.000000,0.608000
0.076923,0.741023,1.700000,10.058275,1.641026,13.000000,0.629630
0.125000,0.335716,1.416667,16.317486,1.428571,8.000000,0.586207
0.090909,0.090546,2.673913,19.656256,1.965079,36.000000,0.727811
0.100000,0.472093,1.619048,12.454706,1.615385,13.000000,0.618182
0.100000,0.255520,2.750000,14.833423,1.672727,11.000000,0.733333
0.111111,0.875409,1.928571,14.700324,1.966667,21.000000,0.658537
0.166667,1.000000,1.545455,4.212361,1.527778,9.000000,0.607143
0.166667,0.005267,1.677419,23.595542,1.789474,19.000000,0.626506
0.166667,0.085173,2.510204,20.528676,1.965079,36.000000,0.715116
0.125000,0.035686,2.166667,6.844565,1.607143,8.000000,0.684211
0.076923,0.534919,1.619048,12.454706,1.615385,13.000000,0.618182
0.076923,0.265401,4.625000,21.382516,1.589744,13.000000,0.822222
0.166667,0.345090,1.380952,20.594782,1.795238,21.000000,0.580000
0.250000,0.111111,4.000000,13.074092,1.333333,4.000000,0.800000
0.250000,1.000000,1.545455,12.931749,1.392857,8.000000,0.607143
0.083333,0.042206,2.296875,20.802040,1.986585,41.000000,0.696682
0.166667,0.421554,2.200000,9.206357,1.266667,6.000000,0.687500
0.142857,0.500981,2.454545,12.123334,1.820513,13.000000,0.710526
0.095238,0.320289,4.272727,19.233505,1.941176,18.000000,0.810345
0.095238,0.298396,1.775510,13.113344,1.785714,29.000000,0.639706
0.040000,0.482933,1.740000,20.746208,1.935961,29.000000,0.635036
0.111111,0.470724,1.900000,6.321113,1.527778,9.000000,0.655172
0.111111,0.096903,2.191176,20.730482,1.994193,42.000000,0.686636
0.111111,0.052691,2.800000,17.929456,1.722222,9.000000,0.736842
0.176471,0.996970,1.344828,16.505390,1.830882,17.000000,0.573529
0.050000,0.637321,1.457143,19.220085,1.794737,20.000000,0.593023
0.050000,0.182147,2.200000,21.154387,1.709524,21.000000,0.687500
0.200000,0.661913,1.500000,21.181894,1.794737,20.000000,0.600000
0.142857,0.019352,1.555556,14.292406,1.333333,7.000000,0.608696
0.166667,0.474820,1.708333,22.557389,1.816176,17.000000,0.630769
0.166667,0.155957,1.555556,8.530977,1.066667,6.000000,0.608696
0.111111,0.185621,2.464286,20.136074,2.169231,26.000000,0.711340
0.111111,0.123251,2.111111,17.480323,1.472222,9.000000,0.678571
0.083333,0.248155,2.320755,21.721894,1.965079,36.000000,0.698864
0.095238,0.052060,2.040000,19.949727,1.961905,21.000000,0.671053
0.083333,0.624355,1.666667,17.613893,1.930000,25.000000,0.625000
0.166667,0.483131,1.530612,21.056979,2.022792,27.000000,0.604839
0.166667,0.939018,1.571429,11.597377,1.266667,6.000000,0.611111
0.111111,0.030303,1.750000,21.026222,1.641026,13.000000,0.636364
0.111111,0.015873,1.750000,21.026222,1.641026,13.000000,0.636364
0.200000,0.104012,2.328571,21.131048,2.010628,46.000000,0.699571
0.142857,0.249770,2.769231,20.857626,2.023333,25.000000,0.734694
0.142857,0.849711,2.500000,12.890353,1.523810,7.000000,0.714286
0.125000,0.050788,2.806452,22.648720,2.035941,44.000000,0.737288
0.125000,0.359385,1.700000,11.040389,1.428571,8.000000,0.629630
0.125000,0.003142,2.706897,21.241983,1.982927,41.000000,0.730233
0.100000,0.009991,1.857143,13.234978,1.444444,10.000000,0.650000
0.166667,0.021680,2.600000,23.783865,2.037374,45.000000,0.722222
0.250000,0.231617,2.090909,25.527749,1.735294,17.000000,0.676471
0.166667,0.206842,1.823529,20.998102,1.659341,14.000000,0.645833
0.111111,0.373841,1.900000,23.174378,1.472222,9.000000,0.655172
0.090909,0.024854,2.153846,15.795745,1.581818,11.000000,0.682927
0.250000,0.004473,1.523810,22.024940,1.733333,15.000000,0.603774
0.250000,0.045872,2.000000,23.073571,1.000000,4.000000,0.666667
0.111111,0.334537,5.200000,17.657209,1.669118,17.000000,0.838710
0.142857,0.884524,4.888889,15.757333,1.638095,15.000000,0.830189
0.166667,0.373912,1.666667,26.096007,1.621212,12.000000,0.625000
0.142857,0.294080,2.338462,21.085823,2.000000,43.000000,0.700461
0.142857,0.821434,3.000000,17.447364,1.476190,7.000000,0.750000
0.222222,0.669597,2.750000,20.982081,1.266667,6.000000,0.733333
0.166667,1.000000,1.750000,11.937898,1.333333,7.000000,0.636364
0.166667,1.000000,1.600000,19.777587,1.533333,6.000000,0.615385
0.166667,0.400117,2.285714,24.028995,1.725490,18.000000,0.695652
0.100000,0.154524,1.750000,28.606340,1.641026,13.000000,0.636364
0.142857,0.214881,1.636364,19.182255,1.555556,9.000000,0.620690
0.142857,0.250646,2.633803,23.559109,2.047343,46.000000,0.724806
0.142857,0.046888,3.151515,22.975974,2.176020,49.000000,0.759124
0.100000,0.083437,1.750000,28.606340,1.641026,13.000000,0.636364
0.125000,0.020827,1.825397,28.049979,2.066667,36.000000,0.646067
0.125000,0.675376,2.800000,17.281943,1.642857,8.000000,0.736842
0.125000,0.675376,2.800000,17.281943,1.642857,8.000000,0.736842
0.125000,0.009402,1.825397,28.049979,2.066667,36.000000,0.646067
0.083333,0.025549,2.200000,19.966070,1.833333,12.000000,0.687500
0.083333,0.062794,1.821429,26.262527,1.616667,16.000000,0.645570
0.166667,0.025431,1.772727,18.739209,1.659341,14.000000,0.639344
0.083333,0.495921,3.000000,16.577162,1.590909,12.000000,0.750000
0.166667,0.629174,1.600000,14.561844,1.466667,6.000000,0.615385
0.166667,0.020979,8.500000,19.382439,1.611111,9.000000,0.894737
0.250000,0.038462,3.000000,13.800420,1.000000,4.000000,0.750000
0.076923,0.431908,3.200000,22.368247,1.641026,13.000000,0.761905
0.076923,0.779408,3.083333,24.462429,1.981884,24.000000,0.755102
0.111111,0.000000,2.714286,24.394442,1.833333,25.000000,0.730769
0.062500,0.752920,2.960000,25.491870,1.981884,24.000000,0.747475
0.062500,0.441064,1.821429,26.262527,1.616667,16.000000,0.645570
0.043478,0.122712,2.235294,19.490971,1.806324,23.000000,0.690909
0.043478,0.757885,2.741935,24.097619,2.150794,28.000000,0.732759
0.166667,0.792754,2.500000,6.322861,1.333333,6.000000,0.714286
0.200000,0.280707,1.780488,20.725013,1.953333,25.000000,0.640351
0.111111,0.034496,2.224490,24.556705,2.206349,36.000000,0.689873
0.250000,0.023977,1.464286,20.048276,1.797386,18.000000,0.594203
0.250000,0.322194,2.000000,26.580328,1.000000,4.000000,0.666667
0.100000,0.098566,3.338710,24.426983,2.164007,48.000000,0.769517
0.100000,0.060870,2.500000,20.090297,1.888889,10.000000,0.714286
0.111111,1.000000,1.700000,9.211643,1.641026,13.000000,0.629630
0.100000,0.746627,1.350000,18.597960,1.444444,10.000000,0.574468
0.125000,0.153846,1.434783,13.667034,1.819048,15.000000,0.589286
0.111111,0.100885,2.162162,17.659971,1.908832,27.000000,0.683761
0.125000,0.393907,3.000000,15.300063,1.772727,12.000000,0.750000
0.111111,0.047025,2.965517,23.906639,1.770000,25.000000,0.747826
0.166667,0.015385,2.500000,23.622148,1.723810,15.000000,0.714286
0.250000,0.704942,1.350000,18.597960,1.444444,10.000000,0.574468
0.125000,0.256270,1.363636,16.342038,1.500000,8.000000,0.576923
0.125000,0.257637,2.500000,20.090297,1.888889,10.000000,0.714286
0.040000,0.237682,1.833333,23.014527,1.833333,25.000000,0.647059
0.080000,0.563737,2.162162,17.659971,1.908832,27.000000,0.683761
0.250000,0.250000,1.777778,14.656641,1.428571,8.000000,0.640000
0.058824,0.594541,3.655172,21.546954,1.833333,28.000000,0.785185
0.250000,0.424331,2.869048,20.983855,2.390260,56.000000,0.741538
0.250000,0.081081,1.777778,18.058354,1.428571,8.000000,0.640000
0.032258,0.424331,2.869048,20.983855,2.390260,56.000000,0.741538
0.032258,0.395927,4.233333,21.061821,1.830108,31.000000,0.808917
0.125000,0.424331,2.869048,20.983855,2.390260,56.000000,0.741538
0.125000,0.111111,2.100000,11.995170,1.250000,8.000000,0.677419
0.066667,0.434274,2.000000,24.948400,1.852632,20.000000,0.666667
0.066667,0.480070,2.833333,16.456674,1.847619,15.000000,0.739130
0.071429,0.091175,1.833333,23.014527,1.833333,25.000000,0.647059
0.166667,0.560620,1.555556,17.682526,2.408602,31.000000,0.608696
0.166667,0.369650,3.666667,14.783891,1.266667,6.000000,0.785714
0.032258,0.656517,1.555556,17.682526,2.408602,31.000000,0.608696
0.032258,0.037163,2.042857,28.452822,2.099668,43.000000,0.671362
0.066667,0.656517,1.555556,17.682526,2.408602,31.000000,0.608696
0.066667,0.013514,2.500000,26.001776,1.723810,15.000000,0.714286
0.100000,0.034833,2.400000,26.212910,1.821538,26.000000,0.705882
0.071429,0.063830,2.500000,24.371120,1.723810,15.000000,0.714286
0.037037,0.144460,2.064516,24.727617,2.487432,61.000000,0.673684
0.037037,0.030098,2.527778,25.675859,1.814815,27.000000,0.716535
0.032258,0.656517,1.555556,17.682526,2.408602,31.000000,0.608696
0.032258,0.036092,2.042857,28.452822,2.099668,43.000000,0.671362
0.064516,0.029870,2.064516,24.727617,2.487432,61.000000,0.673684
0.064516,0.656517,1.555556,17.682526,2.408602,31.000000,0.608696
0.032258,0.036902,2.853659,21.686690,1.919786,34.000000,0.740506
0.032258,0.560620,1.555556,17.682526,2.408602,31.000000,0.608696
0.166667,0.656517,1.555556,17.682526,2.408602,31.000000,0.608696
0.166667,0.369650,3.666667,14.783891,1.266667,6.000000,0.785714
0.032258,0.036902,2.853659,21.686690,1.919786,34.000000,0.740506
0.032258,0.656517,1.555556,17.682526,2.408602,31.000000,0.608696
0.071429,0.874978,1.275000,14.318948,1.794737,20.000000,0.560440
0.071429,0.050484,1.955882,27.701204,2.098780,41.000000,0.661692
0.064516,0.029870,2.064516,24.727617,2.487432,61.000000,0.673684
0.064516,0.560620,1.555556,17.682526,2.408602,31.000000,0.608696
0.064516,0.144460,2.064516,24.727617,2.487432,61.000000,0.673684
0.064516,0.560620,1.555556,17.682526,2.408602,31.000000,0.608696
0.037037,0.029870,2.064516,24.727617,2.487432,61.000000,0.673684
0.037037,0.030098,2.527778,25.675859,1.814815,27.000000,0.716535
0.064516,0.144460,2.064516,24.727617,2.487432,61.000000,0.673684
0.064516,0.656517,1.555556,17.682526,2.408602,31.000000,0.608696
0.064516,0.142405,2.064516,24.727617,2.487432,61.000000,0.673684
0.064516,0.560620,1.555556,17.682526,2.408602,31.000000,0.608696
0.071429,0.874978,1.275000,14.318948,1.794737,20.000000,0.560440
0.071429,0.075561,1.955882,27.701204,2.098780,41.000000,0.661692
0.064516,0.142405,2.064516,24.727617,2.487432,61.000000,0.673684
0.064516,0.656517,1.555556,17.682526,2.408602,31.000000,0.608696
0.071429,0.182448,2.666667,21.808592,1.723810,15.000000,0.727273
0.071429,0.874978,1.275000,14.318948,1.794737,20.000000,0.560440
0.037037,0.142405,2.064516,24.727617,2.487432,61.000000,0.673684
0.037037,0.030098,2.527778,25.675859,1.814815,27.000000,0.716535
0.111111,0.136970,3.500000,22.989811,1.786765,17.000000,0.777778
0.071429,0.380100,4.233333,21.061821,1.830108,31.000000,0.808917
0.142857,0.573188,1.555556,17.682526,2.408602,31.000000,0.608696
0.142857,0.414713,2.452055,27.417866,1.875843,39.000000,0.710317
0.142857,0.276865,2.064516,24.727617,2.487432,61.000000,0.673684
0.142857,0.259719,2.452055,27.417866,1.875843,39.000000,0.710317
0.142857,0.002611,1.250000,22.634785,1.500000,8.000000,0.555556
0.142857,0.100484,1.225806,25.906851,1.692308,14.000000,0.550725
0.038462,1.000000,1.266667,17.615561,1.840000,26.000000,0.558824
0.038462,0.077256,2.373832,26.470243,2.477401,60.000000,0.703601
0.166667,1.000000,1.266667,17.615561,1.840000,26.000000,0.558824
0.166667,0.254480,2.750000,16.353937,1.266667,6.000000,0.733333
0.038462,1.000000,1.266667,17.615561,1.840000,26.000000,0.558824
0.038462,0.028600,2.863636,21.225443,1.925397,36.000000,0.741176
0.038462,1.000000,1.266667,17.615561,1.840000,26.000000,0.558824
0.038462,0.048793,2.373832,26.470243,2.477401,60.000000,0.703601
0.038462,1.000000,1.266667,17.615561,1.840000,26.000000,0.558824
0.038462,0.055011,2.373832,26.470243,2.477401,60.000000,0.703601
0.055556,0.085166,1.986111,28.607781,2.099668,43.000000,0.665116
0.066667,0.050633,2.500000,26.218399,1.723810,15.000000,0.714286
0.111111,0.650985,1.214286,23.084860,1.583333,9.000000,0.548387
0.111111,0.650259,1.214286,23.084860,1.583333,9.000000,0.548387
0.055556,0.113992,2.878788,24.288288,1.809524,28.000000,0.742188
0.055556,0.068246,1.986111,28.607781,2.099668,43.000000,0.665116
0.050000,0.019608,3.588235,23.373939,1.747368,20.000000,0.782051
0.050000,0.064565,4.222222,21.071880,1.904878,41.000000,0.808511
0.142857,0.153367,1.857143,27.701071,1.380952,7.000000,0.650000
0.250000,0.557464,2.064516,24.727617,2.487432,61.000000,0.673684
0.111111,0.261253,2.330275,27.256780,2.477401,60.000000,0.699725
0.111111,0.640952,3.750000,13.346488,1.861111,9.000000,0.789474
0.083333,0.087548,2.636364,18.544624,1.651515,12.000000,0.725000
0.083333,0.557464,2.064516,24.727617,2.487432,61.000000,0.673684
0.250000,0.759751,2.869048,20.983855,2.390260,56.000000,0.741538
0.125000,0.759751,2.869048,20.983855,2.390260,56.000000,0.741538
0.125000,0.558760,1.900000,19.717211,1.321429,8.000000,0.655172
0.200000,0.380411,2.452055,27.850553,1.875843,39.000000,0.710317
0.111111,0.154828,2.330275,27.256780,2.477401,60.000000,0.699725
0.111111,0.640952,3.750000,13.346488,1.861111,9.000000,0.789474
0.125000,0.116520,2.740741,25.385688,2.145306,50.000000,0.732673
0.125000,0.432358,1.900000,18.468960,1.321429,8.000000,0.655172
0.250000,0.073785,2.985915,26.139560,2.079556,47.000000,0.749117
0.200000,0.557464,2.064516,24.727617,2.487432,61.000000,0.673684
0.111111,0.187552,2.330275,27.256780,2.477401,60.000000,0.699725
0.111111,0.640952,3.750000,13.346488,1.861111,9.000000,0.789474
0.200000,0.527960,2.452055,27.850553,1.875843,39.000000,0.710317
0.076923,0.040838,2.114754,29.699770,2.518177,63.000000,0.678947
0.076923,0.037455,2.144578,26.936584,2.101190,49.000000,0.681992
0.076923,0.301619,2.114754,29.699770,2.518177,63.000000,0.678947
0.076923,0.031896,2.144578,26.936584,2.101190,49.000000,0.681992
0.076923,0.032940,2.114754,29.699770,2.518177,63.000000,0.678947
0.142857,0.141553,3.166667,8.935890,1.893939,12.000000,0.760000
0.032258,0.343391,4.585366,22.097597,1.828610,39.000000,0.820961
0.032258,0.016681,2.918919,24.279182,1.862366,31.000000,0.744828
0.222222,0.993662,1.133333,25.996157,1.583333,9.000000,0.531250
0.055556,0.830848,3.055556,14.071374,1.686275,18.000000,0.753425
0.055556,0.688505,1.436620,22.323182,1.989247,31.000000,0.589595
0.055556,0.548861,1.846154,26.280441,1.849673,18.000000,0.648649
0.055556,0.864677,3.000000,24.010465,1.862366,31.000000,0.750000
0.052632,0.453379,2.224490,24.556705,2.206349,36.000000,0.689873
0.052632,0.750751,2.636364,19.007786,1.701754,19.000000,0.725000
0.071429,0.846063,2.842105,24.535106,1.862366,31.000000,0.739726
0.222222,0.992497,1.133333,25.996157,1.583333,9.000000,0.531250
0.125000,0.554183,2.064516,24.727617,2.487432,61.000000,0.673684
0.125000,0.287993,2.064516,24.727617,2.487432,61.000000,0.673684
0.166667,0.017900,2.800000,24.801108,1.783550,22.000000,0.736842
0.125000,0.735029,2.000000,23.259307,1.589744,13.000000,0.666667
0.043478,0.037471,3.352941,16.861759,2.126482,23.000000,0.770270
0.043478,0.010489,2.413043,27.098214,1.804598,30.000000,0.707006
0.142857,0.114649,2.762376,28.927077,2.395029,62.000000,0.734211
0.142857,0.362663,2.762376,28.927077,2.395029,62.000000,0.734211
0.142857,0.321371,2.762376,28.927077,2.395029,62.000000,0.734211
0.111111,0.324379,2.500000,23.083520,1.694444,9.000000,0.714286
0.111111,0.025118,2.361702,27.237425,1.804598,30.000000,0.702532
0.125000,0.110003,1.757576,21.691392,1.841897,23.000000,0.637363
0.166667,0.024460,3.913043,22.214727,2.107769,57.000000,0.796460
0.050000,0.343181,3.802817,21.066538,2.107769,57.000000,0.791789
0.050000,0.263882,2.000000,22.635137,1.873684,20.000000,0.666667
0.100000,0.014218,1.800000,26.645302,1.600000,10.000000,0.642857
0.100000,0.286047,3.610390,22.634642,2.121566,59.000000,0.783099
0.043478,0.238820,3.573529,20.686614,2.061840,52.000000,0.781350
0.043478,0.138348,2.884615,24.705724,1.782609,23.000000,0.742574
0.166667,0.260410,3.435294,22.096399,2.162877,62.000000,0.774536
0.071429,0.750978,2.064516,24.727617,2.487432,61.000000,0.673684
0.071429,0.467269,5.142857,19.172121,1.873144,39.000000,0.837209
0.071429,0.299651,2.064516,24.727617,2.487432,61.000000,0.673684
0.071429,0.467269,5.142857,19.172121,1.873144,39.000000,0.837209
0.071429,0.435071,5.029412,19.190941,1.874822,38.000000,0.834146
0.125000,0.425733,1.785714,21.710997,1.444444,10.000000,0.641026
0.142857,0.147002,2.166667,26.371377,1.814815,27.000000,0.684211
0.100000,0.963434,3.428571,25.179039,1.618182,11.000000,0.774194
0.100000,0.034428,2.000000,23.259307,1.589744,13.000000,0.666667
0.100000,0.959984,3.428571,25.179039,1.618182,11.000000,0.774194
0.100000,0.034428,2.000000,23.259307,1.589744,13.000000,0.666667
0.058824,0.105499,1.947368,20.405443,1.911765,17.000000,0.660714
0.058824,0.194664,1.564103,22.291974,1.866667,21.000000,0.610000
0.200000,0.215686,4.500000,16.446899,1.357143,8.000000,0.818182
0.125000,0.283865,3.133333,20.682524,2.021645,22.000000,0.758065
0.076923,0.521495,2.726415,28.858605,2.383001,63.000000,0.731646
0.200000,0.885297,2.500000,15.355527,1.000000,5.000000,0.714286
0.200000,0.029776,1.935484,20.416526,1.810526,20.000000,0.659341
0.076923,0.005075,2.610390,27.663901,2.074661,52.000000,0.723022
0.076923,0.169887,2.726415,28.858605,2.383001,63.000000,0.731646
0.076923,0.004059,2.610390,27.663901,2.074661,52.000000,0.723022
0.076923,0.539761,2.726415,28.858605,2.383001,63.000000,0.731646
0.052632,0.297091,2.920000,29.105882,2.387897,64.000000,0.744898
0.052632,0.395772,1.814815,20.295582,1.918129,19.000000,0.644737
0.052632,0.395772,1.814815,20.295582,1.918129,19.000000,0.644737
0.052632,0.310062,2.920000,29.105882,2.387897,64.000000,0.744898
0.052632,0.272234,2.920000,29.105882,2.387897,64.000000,0.744898
0.052632,0.395772,1.814815,20.295582,1.918129,19.000000,0.644737
0.100000,0.221050,2.888889,27.059639,1.422222,10.000000,0.742857
0.100000,0.044998,2.274648,28.778242,2.564685,75.000000,0.694624
0.100000,0.214223,2.888889,27.059639,1.422222,10.000000,0.742857
0.100000,0.044998,2.274648,28.778242,2.564685,75.000000,0.694624
0.100000,0.221050,2.888889,27.059639,1.422222,10.000000,0.742857
0.100000,0.105559,2.274648,28.778242,2.564685,75.000000,0.694624
0.100000,0.214223,2.888889,27.059639,1.422222,10.000000,0.742857
0.100000,0.105559,2.274648,28.778242,2.564685,75.000000,0.694624
0.083333,0.743375,2.234043,20.316408,1.911290,32.000000,0.690789
0.083333,0.541684,2.266667,25.546808,1.847619,15.000000,0.693878
0.100000,0.078783,2.274648,28.778242,2.564685,75.000000,0.694624
0.100000,0.221050,2.888889,27.059639,1.422222,10.000000,0.742857
0.100000,0.078783,2.274648,28.778242,2.564685,75.000000,0.694624
0.100000,0.214223,2.888889,27.059639,1.422222,10.000000,0.742857
0.111111,0.000000,2.741935,26.163496,1.793333,25.000000,0.732759
0.200000,0.956835,7.000000,18.509853,1.533333,6.000000,0.875000
0.062500,0.008534,2.274648,28.778242,2.564685,75.000000,0.694624
0.062500,0.065715,2.274648,28.778242,2.564685,75.000000,0.694624
0.100000,0.002549,2.682927,28.546119,2.070034,55.000000,0.728477
0.100000,0.785496,1.636364,20.327717,1.600000,10.000000,0.620690
0.111111,0.039548,2.833333,20.710592,1.527778,9.000000,0.739130
0.062500,0.142509,2.274648,28.778242,2.564685,75.000000,0.694624
0.100000,0.785496,1.636364,20.327717,1.600000,10.000000,0.620690
0.100000,0.047191,2.682927,28.546119,2.070034,55.000000,0.728477
0.111111,0.875011,1.555556,23.265306,1.694444,9.000000,0.608696
0.111111,0.291628,2.148649,27.673912,2.104348,46.000000,0.682403
0.111111,0.875011,1.555556,23.265306,1.694444,9.000000,0.608696
0.111111,0.330803,2.148649,27.673912,2.104348,46.000000,0.682403
0.111111,0.254164,1.684211,24.965752,1.900000,16.000000,0.627451
0.166667,0.519575,1.750000,27.468369,2.098780,41.000000,0.636364
0.166667,0.578434,1.750000,27.468369,2.098780,41.000000,0.636364
0.100000,0.581872,1.600000,23.497407,1.560606,12.000000,0.615385
0.043478,0.081433,2.678571,26.083254,1.782609,23.000000,0.728155
0.043478,0.175028,3.063830,29.657012,2.357483,62.000000,0.753927
0.043478,0.081433,2.678571,26.083254,1.782609,23.000000,0.728155
0.043478,0.638100,3.063830,29.657012,2.357483,62.000000,0.753927
0.043478,0.081433,2.678571,26.083254,1.782609,23.000000,0.728155
0.043478,0.542452,3.063830,29.657012,2.357483,62.000000,0.753927
0.090909,0.761422,2.111111,20.394345,1.800000,11.000000,0.678571
0.090909,0.149656,2.176471,27.882985,1.804598,30.000000,0.685185
0.037037,0.027027,2.857143,20.053267,2.042735,27.000000,0.740741
0.037037,0.551322,2.759690,28.965515,2.513333,76.000000,0.734021
0.038462,0.036251,2.759690,28.965515,2.513333,76.000000,0.734021
0.038462,0.056417,2.600000,26.933970,1.790769,26.000000,0.722222
0.038462,0.551322,2.759690,28.965515,2.513333,76.000000,0.734021
0.038462,0.056417,2.600000,26.933970,1.790769,26.000000,0.722222
0.038462,0.694824,2.759690,28.965515,2.513333,76.000000,0.734021
0.038462,0.056417,2.600000,26.933970,1.790769,26.000000,0.722222
0.037037,0.036251,2.759690,28.965515,2.513333,76.000000,0.734021
0.037037,0.027027,2.857143,20.053267,2.042735,27.000000,0.740741
0.076923,0.156805,2.695652,25.120823,2.036923,26.000000,0.729412
0.076923,0.173224,3.625000,20.190717,1.628205,13.000000,0.783784
0.037037,0.694824,2.759690,28.965515,2.513333,76.000000,0.734021
0.037037,0.027027,2.857143,20.053267,2.042735,27.000000,0.740741
0.125000,0.269776,2.019231,22.615940,1.843915,28.000000,0.668790
0.037037,0.197579,2.857143,20.053267,2.042735,27.000000,0.740741
0.037037,0.121904,1.803030,27.745526,1.854167,33.000000,0.643243
0.166667,0.162819,2.600000,29.001699,2.075815,57.000000,0.722222
0.166667,0.001934,2.600000,29.001699,2.075815,57.000000,0.722222
0.166667,0.770552,1.750000,29.689104,1.533333,6.000000,0.636364
0.083333,0.602939,2.200000,24.433348,1.801170,19.000000,0.687500
0.166667,0.555554,2.000000,24.656247,1.466667,6.000000,0.666667
0.166667,0.217806,2.000000,19.779137,1.654545,11.000000,0.666667
0.125000,0.191167,2.488372,29.435745,2.524734,73.000000,0.713333
0.200000,0.200000,1.750000,21.047727,1.300000,5.000000,0.636364
0.125000,1.000000,2.488372,29.435745,2.524734,73.000000,0.713333
0.125000,1.000000,2.488372,29.435745,2.524734,73.000000,0.713333
0.111111,0.423101,2.000000,27.110776,1.555556,9.000000,0.666667
0.166667,0.105609,2.682927,28.546119,2.070034,55.000000,0.728477
0.066667,0.212690,2.900000,19.900392,1.914286,15.000000,0.743590
0.066667,0.172091,2.516129,29.376255,2.075815,57.000000,0.715596
0.066667,0.212690,2.900000,19.900392,1.914286,15.000000,0.743590
0.066667,0.008329,2.516129,29.376255,2.075815,57.000000,0.715596
0.083333,0.125076,2.346154,29.025384,2.095266,59.000000,0.701149
0.090909,0.289553,2.625000,27.365911,2.159722,64.000000,0.724138
0.090909,0.706120,1.750000,22.939052,1.618182,11.000000,0.636364
0.083333,0.277024,2.102941,27.838734,2.099668,43.000000,0.677725
0.083333,0.506827,2.090909,11.852837,1.651515,12.000000,0.676471
0.048780,0.636073,1.530612,21.056979,2.022792,27.000000,0.604839
0.048780,0.446633,2.350000,20.431500,1.993590,40.000000,0.701493
0.058824,0.340220,2.044118,27.680303,2.060976,41.000000,0.671498
0.083333,0.070692,2.346154,29.025384,2.095266,59.000000,0.701149
0.055556,0.160578,2.102941,27.838734,2.099668,43.000000,0.677725
0.034483,0.375318,2.333333,25.322659,1.805419,29.000000,0.700000
0.034483,0.276392,1.951220,27.475011,2.123959,47.000000,0.661157
0.090909,0.706120,1.750000,22.939052,1.618182,11.000000,0.636364
0.090909,0.095136,2.625000,27.365911,2.159722,64.000000,0.724138
0.083333,0.018818,2.209302,25.535317,1.920635,28.000000,0.688406
0.041667,0.054623,2.257143,27.048562,1.793478,24.000000,0.692982
0.041667,0.212783,2.746835,28.796922,2.060098,54.000000,0.733108
0.034483,0.173220,1.951220,27.475011,2.123959,47.000000,0.661157
0.034483,0.375318,2.333333,25.322659,1.805419,29.000000,0.700000
0.041667,0.054623,2.257143,27.048562,1.793478,24.000000,0.692982
0.041667,0.100172,2.746835,28.796922,2.060098,54.000000,0.733108
0.166667,0.214842,2.682927,28.546119,2.070034,55.000000,0.728477
0.058824,0.216601,2.044118,27.680303,2.060976,41.000000,0.671498
0.083333,0.160578,2.102941,27.838734,2.099668,43.000000,0.677725
0.083333,0.506827,2.090909,11.852837,1.651515,12.000000,0.676471
0.041667,0.212783,2.746835,28.796922,2.060098,54.000000,0.733108
0.041667,0.159279,2.257143,27.048562,1.793478,24.000000,0.692982
0.041667,0.100172,2.746835,28.796922,2.060098,54.000000,0.733108
0.041667,0.159279,2.257143,27.048562,1.793478,24.000000,0.692982
0.055556,0.277024,2.102941,27.838734,2.099668,43.000000,0.677725
0.048780,0.338466,2.636364,23.651878,2.035941,44.000000,0.725000
0.048780,0.388762,2.224490,24.556705,2.206349,36.000000,0.689873
0.200000,0.102957,2.606061,23.958079,2.086207,29.000000,0.722689
0.200000,1.000000,1.750000,22.728449,1.300000,5.000000,0.636364
0.142857,0.245324,3.000000,23.990270,1.846561,28.000000,0.750000
0.200000,0.893740,2.333333,10.484929,1.300000,5.000000,0.700000
0.200000,0.097636,2.800000,21.582880,1.500000,8.000000,0.736842
0.035714,0.256230,2.766667,22.065990,2.066138,28.000000,0.734513
0.035714,0.706072,2.751825,29.162884,2.504496,78.000000,0.733463
0.035714,0.256230,2.766667,22.065990,2.066138,28.000000,0.734513
0.035714,0.350981,2.751825,29.162884,2.504496,78.000000,0.733463
0.035714,0.012681,1.724638,28.538402,1.854167,33.000000,0.632979
0.035714,0.256230,2.766667,22.065990,2.066138,28.000000,0.734513
0.035714,0.256230,2.766667,22.065990,2.066138,28.000000,0.734513
0.035714,0.887636,2.751825,29.162884,2.504496,78.000000,0.733463
0.100000,0.257938,1.782609,22.737910,1.714286,15.000000,0.640625
0.200000,0.569536,4.500000,20.290646,1.852941,17.000000,0.818182
0.200000,0.026087,1.750000,26.705872,1.300000,5.000000,0.636364
0.076923,0.898893,3.100000,25.921976,1.653846,13.000000,0.756098
0.076923,0.009209,2.280000,22.602840,1.580882,17.000000,0.695122
0.071429,0.116143,1.933333,29.293968,1.681319,14.000000,0.659091
0.071429,0.477632,4.375000,20.670008,2.216667,16.000000,0.813953
0.076923,0.871206,3.100000,25.921976,1.653846,13.000000,0.756098
0.076923,0.009209,2.280000,22.602840,1.580882,17.000000,0.695122
0.125000,0.137681,3.625000,26.354466,1.847312,31.000000,0.783784
0.035714,1.000000,2.064516,24.727617,2.487432,61.000000,0.673684
0.071429,0.034483,2.187500,20.356066,1.747253,14.000000,0.686275
0.083333,0.590306,2.153846,17.372950,1.651515,12.000000,0.682927
0.166667,0.145982,3.480916,29.508773,2.473322,84.000000,0.776831
0.071429,0.478228,2.636364,23.651878,2.035941,44.000000,0.725000
0.166667,0.131290,3.480916,29.508773,2.473322,84.000000,0.776831
0.166667,0.088021,3.480916,29.508773,2.473322,84.000000,0.776831
0.083333,0.111111,1.857143,12.340290,1.696970,12.000000,0.650000
0.040000,1.000000,2.869048,20.983855,2.390260,56.000000,0.741538
0.200000,0.091725,2.750000,21.400190,1.476190,7.000000,0.733333
0.200000,1.000000,1.750000,18.561921,1.300000,5.000000,0.636364
0.200000,0.321876,1.882353,29.940060,1.545455,12.000000,0.653061
0.200000,1.000000,1.750000,18.561921,1.300000,5.000000,0.636364
0.200000,0.336780,1.882353,29.940060,1.545455,12.000000,0.653061
0.111111,0.206434,1.750000,28.656013,1.850267,34.000000,0.636364
0.200000,0.872938,1.714286,20.931701,1.636364,12.000000,0.631579
0.125000,0.063636,2.600000,21.877614,1.607143,8.000000,0.722222
0.200000,0.722039,1.714286,20.931701,1.636364,12.000000,0.631579
0.045455,0.522133,1.689655,25.454685,1.981609,30.000000,0.628205
0.045455,0.224002,2.677419,22.775142,2.066138,28.000000,0.728070
0.083333,0.864828,2.133333,28.318470,1.545455,12.000000,0.680851
0.083333,0.871895,2.133333,28.318470,1.545455,12.000000,0.680851
0.090909,0.319855,3.588235,23.711508,1.747368,20.000000,0.782051
0.083333,0.214976,2.285714,22.944787,1.575758,12.000000,0.695652
0.083333,0.876499,2.806452,25.704015,1.970115,30.000000,0.737288
0.166667,0.138225,1.218182,19.753667,2.055385,26.000000,0.549180
0.166667,0.030303,1.666667,21.832808,1.333333,6.000000,0.625000
0.047619,0.611197,2.275862,25.561546,1.800000,21.000000,0.694737
0.047619,0.899779,3.133333,20.682524,2.021645,22.000000,0.758065
0.083333,0.926212,3.166667,8.182109,1.893939,12.000000,0.760000
0.083333,0.474200,2.533333,25.567095,1.833333,25.000000,0.716981
0.076923,0.858514,2.740741,26.335582,2.000000,28.000000,0.732673
0.076923,0.469446,2.636364,27.143100,1.628205,13.000000,0.725000
0.076923,0.112538,1.830769,25.389000,2.093093,37.000000,0.646739
0.076923,0.015385,1.619048,26.172337,1.564103,13.000000,0.618182
0.125000,0.154396,2.105263,27.488221,1.888889,18.000000,0.677966
0.125000,0.418412,1.777778,24.558174,1.464286,8.000000,0.640000
0.125000,0.115269,1.774648,28.276184,1.850267,34.000000,0.639594
0.125000,0.418412,1.777778,24.558174,1.464286,8.000000,0.640000
0.250000,0.161545,2.181818,27.767737,1.563636,11.000000,0.685714
0.071429,0.195044,4.444444,22.976485,2.191176,17.000000,0.816327
0.166667,0.023400,2.500000,27.676505,1.832184,30.000000,0.714286
0.166667,0.023400,2.500000,27.676505,1.832184,30.000000,0.714286
0.125000,0.407300,1.571429,23.636690,1.511111,10.000000,0.611111
0.125000,0.000000,1.857143,27.106231,1.607143,8.000000,0.650000
0.050000,0.102681,1.774648,28.356044,1.850267,34.000000,0.639594
0.050000,0.016692,3.500000,23.057030,1.994737,20.000000,0.777778
0.083333,0.752168,2.750000,15.967539,1.803030,12.000000,0.733333
0.083333,0.113304,1.750000,22.172112,1.904762,22.000000,0.636364
0.125000,0.079703,2.061224,26.585099,1.951724,30.000000,0.673333
0.125000,0.197699,1.833333,19.890100,1.607143,8.000000,0.647059
0.100000,0.023969,3.329193,28.103691,2.911905,105.000000,0.769010
0.100000,0.007365,3.329193,28.103691,2.911905,105.000000,0.769010
0.125000,1.000000,2.274648,28.778242,2.564685,75.000000,0.694624
0.125000,0.579521,2.274648,28.778242,2.564685,75.000000,0.694624
0.125000,1.000000,2.274648,28.778242,2.564685,75.000000,0.694624
0.200000,0.004082,3.555556,27.387507,1.910873,34.000000,0.780488
0.076923,0.282538,2.000000,24.210884,1.901186,23.000000,0.666667
0.076923,0.279423,2.031250,26.681475,1.924901,23.000000,0.670103
0.037037,0.150577,1.860000,25.001138,1.860399,27.000000,0.650350
0.037037,0.220584,1.830769,25.389000,2.093093,37.000000,0.646739
0.181818,0.816040,2.769231,22.787466,1.857143,15.000000,0.734694
0.047619,0.330629,3.142857,27.238614,2.038095,21.000000,0.758621
0.047619,0.175250,1.698795,27.864097,1.899004,38.000000,0.629464
0.142857,0.769300,2.000000,22.552699,1.611111,9.000000,0.666667
0.166667,0.466575,2.571429,24.346125,1.711111,10.000000,0.720000
0.090909,0.294303,1.733333,27.031663,1.527273,11.000000,0.634146
0.125000,0.160267,2.800000,24.801108,1.783550,22.000000,0.736842
0.090909,0.211235,3.583333,29.178747,2.427171,85.000000,0.781818
0.090909,0.173937,4.000000,23.133323,1.636364,11.000000,0.800000
0.090909,0.165417,4.000000,23.395899,1.636364,11.000000,0.800000
0.090909,0.051425,3.329193,28.103691,2.911905,105.000000,0.769010
0.090909,0.173937,4.000000,23.133323,1.636364,11.000000,0.800000
0.090909,0.133873,3.583333,29.178747,2.427171,85.000000,0.781818
0.090909,0.165417,4.000000,23.395899,1.636364,11.000000,0.800000
0.090909,0.002808,3.329193,28.103691,2.911905,105.000000,0.769010
0.090909,0.445502,3.583333,29.178747,2.427171,85.000000,0.781818
0.090909,0.173937,4.000000,23.133323,1.636364,11.000000,0.800000
0.250000,0.715072,3.500000,24.799950,1.994737,20.000000,0.777778
0.142857,0.251433,1.466667,22.662423,1.863636,12.000000,0.594595
0.090909,0.104360,3.264368,29.398955,2.955610,111.000000,0.765499
0.090909,0.605665,1.714286,15.553056,1.563636,11.000000,0.631579
0.100000,0.453475,3.319277,29.196412,2.928408,107.000000,0.768480
0.100000,0.163241,3.319277,29.196412,2.928408,107.000000,0.768480
0.090909,0.605665,1.714286,15.553056,1.563636,11.000000,0.631579
0.090909,0.023654,3.264368,29.398955,2.955610,111.000000,0.765499
0.090909,0.420299,3.264368,29.398955,2.955610,111.000000,0.765499
0.090909,0.605665,1.714286,15.553056,1.563636,11.000000,0.631579
0.090909,0.605665,1.714286,15.553056,1.563636,11.000000,0.631579
0.090909,0.134603,3.264368,29.398955,2.955610,111.000000,0.765499
0.100000,0.025129,3.319277,29.196412,2.928408,107.000000,0.768480
0.090909,0.605665,1.714286,15.553056,1.563636,11.000000,0.631579
0.090909,0.409947,3.264368,29.398955,2.955610,111.000000,0.765499
0.100000,0.439865,3.319277,29.196412,2.928408,107.000000,0.768480
0.100000,0.110491,3.319277,29.196412,2.928408,107.000000,0.768480
0.100000,0.346154,1.692308,20.621888,1.511111,10.000000,0.628571
0.100000,0.532017,1.500000,16.369556,1.727273,11.000000,0.600000
0.090909,0.154003,1.804598,27.134829,1.888462,40.000000,0.643443
0.090909,0.532017,1.500000,16.369556,1.727273,11.000000,0.600000
0.066667,0.026967,3.540541,28.650596,2.988671,123.000000,0.779762
0.111111,0.012346,2.857143,22.708744,1.444444,9.000000,0.740741
0.066667,0.026085,3.540541,28.650596,2.988671,123.000000,0.779762
0.066667,0.026085,3.540541,28.650596,2.988671,123.000000,0.779762
0.066667,0.026085,3.540541,28.650596,2.988671,123.000000,0.779762
0.125000,0.400367,1.857143,27.106231,1.607143,8.000000,0.650000
0.125000,0.345896,1.615385,16.125790,1.816993,18.000000,0.617647
0.066667,0.000000,4.272727,29.362823,2.210526,19.000000,0.810345
0.066667,0.009709,4.272727,29.362823,2.210526,19.000000,0.810345
0.083333,0.091713,2.909091,27.493334,1.515152,12.000000,0.744186
0.083333,0.345896,1.615385,16.125790,1.816993,18.000000,0.617647
0.066667,0.026967,3.540541,28.650596,2.988671,123.000000,0.779762
0.090909,0.130703,2.555556,24.523289,1.672727,11.000000,0.718750
0.090909,1.000000,2.373832,26.470243,2.477401,60.000000,0.703601
0.090909,0.681667,2.373832,26.470243,2.477401,60.000000,0.703601
0.090909,0.130703,2.555556,24.523289,1.672727,11.000000,0.718750
0.090909,1.000000,2.373832,26.470243,2.477401,60.000000,0.703601
0.090909,0.130703,2.555556,24.523289,1.672727,11.000000,0.718750
0.200000,0.905445,1.750000,30.000000,1.300000,5.000000,0.636364
0.058824,0.588730,8.166667,28.597572,1.639706,17.000000,0.890909
0.058824,0.348920,1.560606,24.393797,1.928736,30.000000,0.609467
0.050000,0.027186,2.333333,26.403769,1.905263,20.000000,0.700000
0.050000,0.064170,3.329193,28.103691,2.911905,105.000000,0.769010
0.050000,0.027186,2.333333,26.403769,1.905263,20.000000,0.700000
0.050000,0.152962,3.329193,28.103691,2.911905,105.000000,0.769010
0.058824,0.597398,8.166667,28.597572,1.639706,17.000000,0.890909
0.058824,0.348920,1.560606,24.393797,1.928736,30.000000,0.609467
0.025000,0.082169,3.387435,28.137970,2.993361,122.000000,0.772076
0.025000,0.172045,1.719512,22.614932,2.236934,42.000000,0.632287
0.025000,0.172045,1.719512,22.614932,2.236934,42.000000,0.632287
0.025000,0.037254,3.387435,28.137970,2.993361,122.000000,0.772076
0.025000,0.082169,3.387435,28.137970,2.993361,122.000000,0.772076
0.025000,0.172045,1.719512,22.614932,2.236934,42.000000,0.632287
0.025000,0.037254,3.387435,28.137970,2.993361,122.000000,0.772076
0.025000,0.172045,1.719512,22.614932,2.236934,42.000000,0.632287
0.066667,0.012448,1.684211,28.889333,1.695238,15.000000,0.627451
0.066667,0.172045,1.719512,22.614932,2.236934,42.000000,0.632287
0.025000,0.050409,1.708333,27.810483,1.885366,41.000000,0.630769
0.025000,0.172045,1.719512,22.614932,2.236934,42.000000,0.632287
0.025000,0.082169,3.387435,28.137970,2.993361,122.000000,0.772076
0.025000,0.172045,1.719512,22.614932,2.236934,42.000000,0.632287
0.071429,0.781263,3.307692,28.262651,2.451235,81.000000,0.767857
0.071429,0.201114,3.444444,21.908306,1.824176,14.000000,0.775000
0.062500,0.219743,3.166667,24.568497,1.883333,16.000000,0.760000
0.062500,0.250825,3.329193,28.103691,2.911905,105.000000,0.769010
0.062500,0.219743,3.166667,24.568497,1.883333,16.000000,0.760000
0.062500,0.164861,3.329193,28.103691,2.911905,105.000000,0.769010
0.071429,0.809739,3.307692,28.262651,2.451235,81.000000,0.767857
0.071429,0.201114,3.444444,21.908306,1.824176,14.000000,0.775000
0.071429,0.515553,3.307692,28.262651,2.451235,81.000000,0.767857
0.071429,0.201114,3.444444,21.908306,1.824176,14.000000,0.775000
0.045455,0.168039,3.540541,28.650596,2.988671,123.000000,0.779762
0.045455,1.000000,1.439024,13.842512,1.787879,22.000000,0.590000
0.045455,0.068884,1.965517,28.933350,1.856855,32.000000,0.662791
0.045455,1.000000,1.439024,13.842512,1.787879,22.000000,0.590000
0.045455,0.182421,3.540541,28.650596,2.988671,123.000000,0.779762
0.045455,1.000000,1.439024,13.842512,1.787879,22.000000,0.590000
0.045455,0.168039,3.540541,28.650596,2.988671,123.000000,0.779762
0.045455,1.000000,1.439024,13.842512,1.787879,22.000000,0.590000
0.045455,1.000000,1.439024,13.842512,1.787879,22.000000,0.590000
0.045455,0.168039,3.540541,28.650596,2.988671,123.000000,0.779762
0.045455,0.182421,3.540541,28.650596,2.988671,123.000000,0.779762
0.045455,1.000000,1.439024,13.842512,1.787879,22.000000,0.590000
0.200000,0.385270,1.714286,28.828960,1.563636,11.000000,0.631579
0.060606,0.128082,2.303030,26.496311,1.833333,25.000000,0.697248
0.060606,0.664122,2.125000,25.770967,1.725490,18.000000,0.680000
0.075000,0.323081,3.329193,28.103691,2.911905,105.000000,0.769010
0.075000,0.351606,1.587500,29.258085,1.877311,35.000000,0.613527
0.075000,1.000000,2.150000,29.322432,2.518177,63.000000,0.682540
0.075000,0.239726,2.333333,25.322659,1.805419,29.000000,0.700000
0.071429,0.035255,1.726316,27.710565,1.885366,41.000000,0.633205
0.060606,0.537804,2.125000,25.770967,1.725490,18.000000,0.680000
0.060606,0.128082,2.303030,26.496311,1.833333,25.000000,0.697248
0.111111,0.329223,1.628205,29.209757,1.877311,35.000000,0.619512
0.075000,0.809374,2.150000,29.322432,2.518177,63.000000,0.682540
0.075000,0.239726,2.333333,25.322659,1.805419,29.000000,0.700000
0.075000,0.239726,2.333333,25.322659,1.805419,29.000000,0.700000
0.075000,1.000000,2.150000,29.322432,2.518177,63.000000,0.682540
0.090909,0.034319,1.807692,27.362776,1.899004,38.000000,0.643836
0.075000,0.240373,3.329193,28.103691,2.911905,105.000000,0.769010
0.075000,0.351606,1.587500,29.258085,1.877311,35.000000,0.613527
0.100000,0.190997,2.451613,25.777918,1.833333,25.000000,0.710280
0.100000,0.183215,3.000000,22.233626,1.711111,10.000000,0.750000
0.100000,0.207741,1.763158,28.647909,1.873016,36.000000,0.638095
0.062500,0.277917,3.394737,28.465953,1.947899,35.000000,0.772455
0.062500,0.489058,3.333333,20.308160,1.816667,16.000000,0.769231
0.200000,0.128366,3.600000,20.186071,1.976190,21.000000,0.782609
0.055556,0.152275,2.114754,26.581869,1.952381,36.000000,0.678947
0.055556,0.737603,2.214286,18.504118,1.692810,18.000000,0.688889
0.100000,0.912934,1.823529,27.948623,1.659341,14.000000,0.645833
0.071429,0.844792,1.916667,4.479174,1.638095,15.000000,0.657143
0.100000,0.843321,1.823529,27.948623,1.659341,14.000000,0.645833
0.200000,0.291205,2.750000,29.184194,1.905533,39.000000,0.733333
0.200000,0.291205,2.750000,29.184194,1.905533,39.000000,0.733333
0.142857,0.491180,4.333333,22.816250,1.766667,16.000000,0.812500
0.071429,0.322955,1.884615,21.587415,1.865497,19.000000,0.653333
0.100000,0.490797,1.705882,20.813242,1.560606,12.000000,0.630435
0.100000,0.321853,1.900000,27.506209,1.688889,10.000000,0.655172
0.041667,0.046941,4.051724,29.287398,2.955256,127.000000,0.802048
0.041667,0.088814,2.307692,28.203211,1.996377,24.000000,0.697674
0.041667,0.046941,4.051724,29.287398,2.955256,127.000000,0.802048
0.041667,0.088814,2.307692,28.203211,1.996377,24.000000,0.697674
0.041667,0.046941,4.051724,29.287398,2.955256,127.000000,0.802048
0.041667,0.088814,2.307692,28.203211,1.996377,24.000000,0.697674
0.041667,0.088814,2.307692,28.203211,1.996377,24.000000,0.697674
0.041667,0.061439,4.051724,29.287398,2.955256,127.000000,0.802048
0.041667,0.088814,2.307692,28.203211,1.996377,24.000000,0.697674
0.041667,0.061439,4.051724,29.287398,2.955256,127.000000,0.802048
0.032258,0.202392,2.000000,26.492344,1.827957,31.000000,0.666667
0.032258,0.295677,3.329193,28.103691,2.911905,105.000000,0.769010
0.035714,0.092906,1.920000,27.188425,1.822751,28.000000,0.657534
0.035714,0.985915,2.751825,29.162884,2.504496,78.000000,0.733463
0.035714,0.736928,2.751825,29.162884,2.504496,78.000000,0.733463
0.035714,0.092906,1.920000,27.188425,1.822751,28.000000,0.657534
0.032258,0.202392,2.000000,26.492344,1.827957,31.000000,0.666667
0.032258,0.211616,3.329193,28.103691,2.911905,105.000000,0.769010
0.166667,0.266610,3.307692,28.715575,1.947899,35.000000,0.767857
0.035714,0.092906,1.920000,27.188425,1.822751,28.000000,0.657534
0.035714,0.955345,2.751825,29.162884,2.504496,78.000000,0.733463
0.050000,0.480195,1.566265,26.085043,1.949580,35.000000,0.610329
0.050000,0.025064,3.750000,27.395494,1.726316,20.000000,0.789474
0.071429,0.510009,1.588889,26.468788,1.991465,38.000000,0.613734
0.071429,0.004255,2.800000,26.775946,1.538462,14.000000,0.736842
0.050000,0.480195,1.566265,26.085043,1.949580,35.000000,0.610329
0.050000,0.025064,3.750000,27.395494,1.726316,20.000000,0.789474
0.076923,0.148503,1.441176,21.224033,1.863158,20.000000,0.590361
0.125000,0.001757,1.586207,25.507196,1.758170,18.000000,0.613333
0.125000,0.351999,1.750000,25.729242,1.571429,8.000000,0.636364
0.142857,0.060246,2.000000,28.746772,1.854167,33.000000,0.666667
0.166667,0.144112,1.531250,29.567150,1.732026,18.000000,0.604938
0.043478,0.102002,2.034483,28.695697,1.944664,23.000000,0.670455
0.043478,0.046192,4.280488,29.601633,2.891110,123.000000,0.810624
0.043478,0.102002,2.034483,28.695697,1.944664,23.000000,0.670455
0.043478,0.046192,4.280488,29.601633,2.891110,123.000000,0.810624
0.043478,0.046192,4.280488,29.601633,2.891110,123.000000,0.810624
0.043478,0.102002,2.034483,28.695697,1.944664,23.000000,0.670455
0.043478,0.019568,4.280488,29.601633,2.891110,123.000000,0.810624
0.043478,0.102002,2.034483,28.695697,1.944664,23.000000,0.670455
0.043478,0.019568,4.280488,29.601633,2.891110,123.000000,0.810624
0.043478,0.102002,2.034483,28.695697,1.944664,23.000000,0.670455
0.055556,0.071311,2.777778,27.285860,2.350649,22.000000,0.735294
0.055556,0.107272,1.633333,28.989319,1.732026,18.000000,0.620253
0.055556,0.107272,1.633333,28.989319,1.732026,18.000000,0.620253
0.055556,0.180244,2.777778,27.285860,2.350649,22.000000,0.735294
0.031250,0.289149,2.553571,27.815611,1.912698,36.000000,0.718593
0.030303,1.000000,2.114754,26.581869,1.952381,36.000000,0.678947
0.030303,0.097901,2.819672,28.885794,1.903846,40.000000,0.738197
0.052632,0.049248,1.827586,15.616066,1.853801,19.000000,0.646341
0.052632,1.000000,2.288462,29.938795,1.876894,33.000000,0.695906
0.030303,1.000000,2.114754,26.581869,1.952381,36.000000,0.678947
0.030303,0.097901,2.819672,28.885794,1.903846,40.000000,0.738197
0.031250,0.289149,2.553571,27.815611,1.912698,36.000000,0.718593
0.047619,1.000000,2.428571,29.295048,1.876894,33.000000,0.708333
0.047619,0.202465,1.444444,23.960993,1.876190,21.000000,0.590909
0.052632,1.000000,2.288462,29.938795,1.876894,33.000000,0.695906
0.052632,0.049248,1.827586,15.616066,1.853801,19.000000,0.646341
0.047619,1.000000,2.428571,29.295048,1.876894,33.000000,0.708333
0.047619,0.202465,1.444444,23.960993,1.876190,21.000000,0.590909
0.142857,0.449119,1.860000,24.777995,1.860399,27.000000,0.650350
0.142857,0.941202,2.000000,27.492003,1.464286,8.000000,0.666667
0.125000,0.029733,3.065217,21.441737,2.189315,42.000000,0.754011
0.043478,0.080042,2.500000,28.304795,1.923423,37.000000,0.714286
0.111111,0.853099,3.600000,28.199660,1.583333,9.000000,0.782609
0.066667,0.526987,1.810811,23.588542,1.735178,23.000000,0.644231
0.083333,0.859175,2.214286,23.130762,1.530303,12.000000,0.688889
0.111111,0.120952,1.650000,22.688222,1.576923,13.000000,0.622642
0.041667,0.075905,3.065217,21.441737,2.189315,42.000000,0.754011
0.111111,0.112945,1.600000,26.619855,1.842857,21.000000,0.615385
0.125000,1.000000,2.722222,30.000000,2.314286,21.000000,0.731343
0.062500,1.000000,4.272727,29.601902,2.210526,19.000000,0.810345
0.062500,0.916324,4.272727,29.601902,2.210526,19.000000,0.810345
0.125000,0.688687,2.722222,30.000000,2.314286,21.000000,0.731343
0.250000,0.888844,6.500000,26.555266,1.428571,7.000000,0.866667
0.100000,0.397183,2.333333,29.308715,1.533333,10.000000,0.700000
0.100000,0.939412,1.689655,22.094790,1.895238,21.000000,0.628205
0.250000,0.752894,6.500000,26.555266,1.428571,7.000000,0.866667
0.052632,0.096087,2.500000,22.509923,1.801170,19.000000,0.714286
0.052632,1.000000,2.169492,28.123994,2.510312,62.000000,0.684492
0.029412,0.144289,3.329193,28.103691,2.911905,105.000000,0.769010
0.029412,0.448594,3.555556,25.942114,1.910873,34.000000,0.780488
0.029412,0.230972,3.329193,28.103691,2.911905,105.000000,0.769010
0.029412,0.448594,3.555556,25.942114,1.910873,34.000000,0.780488
0.052632,0.096087,2.500000,22.509923,1.801170,19.000000,0.714286
0.052632,1.000000,2.169492,28.123994,2.510312,62.000000,0.684492
0.052632,0.096087,2.500000,22.509923,1.801170,19.000000,0.714286
0.052632,0.824987,2.169492,28.123994,2.510312,62.000000,0.684492
0.142857,0.381883,1.230769,19.480529,1.464286,8.000000,0.551724
0.043478,1.000000,1.431818,17.607382,1.794466,23.000000,0.588785
0.043478,0.078014,4.208589,29.739232,2.931446,122.000000,0.808009
0.200000,0.341538,3.329193,28.103691,2.911905,105.000000,0.769010
0.200000,0.713546,2.333333,28.491757,1.300000,5.000000,0.700000
0.083333,0.145495,4.208589,29.739232,2.931446,122.000000,0.808009
0.083333,0.463384,1.666667,22.439227,1.545455,12.000000,0.625000
0.043478,1.000000,1.431818,17.607382,1.794466,23.000000,0.588785
0.043478,0.145495,4.208589,29.739232,2.931446,122.000000,0.808009
0.250000,0.912383,2.333333,28.827366,1.416667,9.000000,0.700000
0.043478,1.000000,1.431818,17.607382,1.794466,23.000000,0.588785
0.043478,0.078014,4.208589,29.739232,2.931446,122.000000,0.808009
0.083333,0.145495,4.208589,29.739232,2.931446,122.000000,0.808009
0.083333,0.463384,1.666667,22.439227,1.545455,12.000000,0.625000
0.043478,1.000000,1.431818,17.607382,1.794466,23.000000,0.588785
0.043478,0.078014,4.208589,29.739232,2.931446,122.000000,0.808009
0.083333,0.463384,1.666667,22.439227,1.545455,12.000000,0.625000
0.083333,0.078014,4.208589,29.739232,2.931446,122.000000,0.808009
0.083333,0.078014,4.208589,29.739232,2.931446,122.000000,0.808009
0.083333,0.463384,1.666667,22.439227,1.545455,12.000000,0.625000
0.043478,1.000000,1.431818,17.607382,1.794466,23.000000,0.588785
0.043478,0.145495,4.208589,29.739232,2.931446,122.000000,0.808009
0.083333,0.463384,1.666667,22.439227,1.545455,12.000000,0.625000
0.083333,0.078014,4.208589,29.739232,2.931446,122.000000,0.808009
0.200000,0.571936,3.329193,28.103691,2.911905,105.000000,0.769010
0.200000,0.713546,2.333333,28.491757,1.300000,5.000000,0.700000
0.250000,0.875480,2.333333,28.827366,1.416667,9.000000,0.700000
0.200000,0.604294,2.333333,24.994248,1.377778,10.000000,0.700000
0.200000,0.585766,3.329193,28.103691,2.911905,105.000000,0.769010
0.200000,0.713546,2.333333,28.491757,1.300000,5.000000,0.700000
0.200000,0.122449,2.333333,29.800493,1.300000,5.000000,0.700000
0.142857,0.207701,2.916667,26.380667,1.628205,13.000000,0.744681
0.250000,0.140412,1.645161,19.606951,1.815789,20.000000,0.621951
0.052632,0.290600,2.200000,28.160067,1.934473,27.000000,0.687500
0.052632,0.190292,3.769231,28.621280,1.713450,19.000000,0.790323
0.071429,0.290600,2.200000,28.160067,1.934473,27.000000,0.687500
0.071429,0.481550,2.800000,28.478849,1.538462,14.000000,0.736842
0.052632,0.290600,2.200000,28.160067,1.934473,27.000000,0.687500
0.052632,0.190292,3.769231,28.621280,1.713450,19.000000,0.790323
0.071429,0.290600,2.200000,28.160067,1.934473,27.000000,0.687500
0.071429,0.481550,2.800000,28.478849,1.538462,14.000000,0.736842
0.200000,0.076663,4.076923,29.877125,2.933037,138.000000,0.803030
0.200000,0.014904,4.076923,29.877125,2.933037,138.000000,0.803030
0.200000,0.014904,4.076923,29.877125,2.933037,138.000000,0.803030
0.090909,0.927582,1.615385,23.475607,1.618182,11.000000,0.617647
0.090909,0.068228,2.303371,28.108041,1.935143,52.000000,0.697279
0.200000,0.014904,4.076923,29.877125,2.933037,138.000000,0.803030
0.200000,0.076663,4.076923,29.877125,2.933037,138.000000,0.803030
0.166667,0.550330,4.197044,29.156746,2.936275,143.000000,0.807583
0.062500,0.013053,3.113636,20.884257,2.178049,41.000000,0.756906
0.062500,0.910199,4.277778,29.013306,2.941757,134.000000,0.810526
0.083333,0.856462,3.677778,29.445900,2.971212,123.000000,0.786223
0.030303,0.144003,1.875000,29.429952,1.854167,33.000000,0.652174
0.030303,0.870848,4.134831,29.330921,2.954903,131.000000,0.805252
0.027027,1.000000,4.197044,29.156746,2.936275,143.000000,0.807583
0.027027,0.009163,1.853333,27.384643,1.879880,37.000000,0.649533
0.066667,0.059159,1.608696,27.813220,1.790476,15.000000,0.616667
0.066667,0.896323,3.972603,29.210725,2.950209,149.000000,0.798898
0.142857,0.887305,4.280488,29.785820,2.891110,123.000000,0.810624
0.060606,1.000000,4.197044,29.156746,2.936275,143.000000,0.807583
0.060606,0.098616,3.551724,24.739362,2.026515,33.000000,0.780303
0.071429,0.142095,1.800000,27.378532,1.703297,14.000000,0.642857
0.071429,0.911999,4.288043,29.690580,2.957773,139.000000,0.810894
0.142857,0.055046,2.600000,30.000000,1.380952,7.000000,0.722222
0.142857,0.898244,4.126263,29.675360,2.936607,139.000000,0.804926
0.045455,0.178001,4.066667,26.608959,1.787879,22.000000,0.802632
0.045455,0.330802,2.078947,28.805556,1.894587,27.000000,0.675214
0.142857,0.085714,2.600000,30.000000,1.380952,7.000000,0.722222
0.142857,0.898244,4.126263,29.675360,2.936607,139.000000,0.804926
0.071429,0.911999,4.288043,29.690580,2.957773,139.000000,0.810894
0.071429,0.142095,1.800000,27.378532,1.703297,14.000000,0.642857
0.100000,0.856462,3.677778,29.133437,2.971212,123.000000,0.786223
0.050000,0.220221,1.903226,23.799145,1.836842,20.000000,0.655556
0.050000,1.000000,4.197044,29.156746,2.936275,143.000000,0.807583
0.076923,0.181666,1.714286,29.759235,1.538462,13.000000,0.631579
0.076923,0.889369,4.009217,28.470412,2.950209,149.000000,0.800368
0.142857,0.876386,4.126263,29.675360,2.936607,139.000000,0.804926
0.142857,0.055046,2.600000,30.000000,1.380952,7.000000,0.722222
0.142857,0.887305,4.280488,29.785820,2.891110,123.000000,0.810624
0.062500,0.013053,3.113636,20.884257,2.178049,41.000000,0.756906
0.062500,0.895691,4.277778,29.013306,2.941757,134.000000,0.810526
0.083333,0.850535,3.677778,29.445900,2.971212,123.000000,0.786223
0.250000,0.261525,2.064516,24.727617,2.487432,61.000000,0.673684
0.250000,0.895394,1.777778,21.850033,1.428571,8.000000,0.640000
0.062500,0.013053,3.113636,20.884257,2.178049,41.000000,0.756906
0.062500,0.895691,4.277778,29.013306,2.941757,134.000000,0.810526
0.030303,0.893745,4.134831,29.330921,2.954903,131.000000,0.805252
0.030303,0.144003,1.875000,29.429952,1.854167,33.000000,0.652174
0.062500,0.013053,3.113636,20.884257,2.178049,41.000000,0.756906
0.062500,0.910199,4.277778,29.013306,2.941757,134.000000,0.810526
0.076923,0.889369,4.009217,28.470412,2.950209,149.000000,0.800368
0.076923,0.181666,1.714286,29.759235,1.538462,13.000000,0.631579
0.142857,0.085714,2.600000,30.000000,1.380952,7.000000,0.722222
0.142857,0.898244,4.126263,29.675360,2.936607,139.000000,0.804926
0.142857,0.055046,2.600000,30.000000,1.380952,7.000000,0.722222
0.142857,0.876386,4.126263,29.675360,2.936607,139.000000,0.804926
0.083333,0.856462,3.677778,29.445900,2.971212,123.000000,0.786223
0.090909,0.196081,2.000000,26.080977,1.781818,11.000000,0.666667
0.090909,1.000000,4.197044,29.156746,2.936275,143.000000,0.807583
0.142857,0.889041,4.280488,29.785820,2.891110,123.000000,0.810624
0.066667,0.059159,1.608696,27.813220,1.790476,15.000000,0.616667
0.066667,0.887435,3.972603,29.210725,2.950209,149.000000,0.798898
0.142857,1.000000,4.197044,29.156746,2.936275,143.000000,0.807583
0.142857,0.055556,2.600000,30.000000,1.380952,7.000000,0.722222
0.062500,0.034416,2.130435,28.417523,1.591667,16.000000,0.680556
0.062500,0.330802,2.078947,28.805556,1.894587,27.000000,0.675214
0.076923,0.181666,1.714286,29.759235,1.538462,13.000000,0.631579
0.076923,1.000000,4.009217,28.470412,2.950209,149.000000,0.800368
0.142857,0.036036,2.600000,30.000000,1.380952,7.000000,0.722222
0.142857,1.000000,4.197044,29.156746,2.936275,143.000000,0.807583
0.142857,0.898244,4.126263,29.675360,2.936607,139.000000,0.804926
0.142857,0.055046,2.600000,30.000000,1.380952,7.000000,0.722222
0.250000,0.804717,2.250000,25.028315,1.357143,8.000000,0.692308
0.250000,0.838368,3.329193,28.103691,2.911905,105.000000,0.769010
0.066667,1.000000,4.197044,29.156746,2.936275,143.000000,0.807583
0.066667,0.121208,2.050000,27.405756,1.704762,15.000000,0.672131
0.100000,0.856462,3.677778,29.133437,2.971212,123.000000,0.786223
0.142857,0.889041,4.280488,29.785820,2.891110,123.000000,0.810624
0.030303,0.893745,4.134831,29.330921,2.954903,131.000000,0.805252
0.030303,0.144003,1.875000,29.429952,1.854167,33.000000,0.652174
0.071429,0.911999,4.288043,29.690580,2.957773,139.000000,0.810894
0.071429,0.142095,1.800000,27.378532,1.703297,14.000000,0.642857
0.076923,0.898112,4.009217,28.470412,2.950209,149.000000,0.800368
0.076923,0.181666,1.714286,29.759235,1.538462,13.000000,0.631579
0.066667,0.059159,1.608696,27.813220,1.790476,15.000000,0.616667
0.066667,1.000000,3.972603,29.210725,2.950209,149.000000,0.798898
0.250000,0.804717,2.250000,25.028315,1.357143,8.000000,0.692308
0.250000,0.809557,3.329193,28.103691,2.911905,105.000000,0.769010
0.045455,0.178001,4.066667,26.608959,1.787879,22.000000,0.802632
0.045455,0.330802,2.078947,28.805556,1.894587,27.000000,0.675214
0.030303,0.144003,1.875000,29.429952,1.854167,33.000000,0.652174
0.030303,0.870848,4.134831,29.330921,2.954903,131.000000,0.805252
0.071429,0.886688,4.288043,29.690580,2.957773,139.000000,0.810894
0.071429,0.142095,1.800000,27.378532,1.703297,14.000000,0.642857
0.250000,1.000000,2.064516,24.727617,2.487432,61.000000,0.673684
0.250000,0.895394,1.777778,21.850033,1.428571,8.000000,0.640000
0.100000,0.850535,3.677778,29.133437,2.971212,123.000000,0.786223
0.142857,0.085714,2.600000,30.000000,1.380952,7.000000,0.722222
0.142857,0.898244,4.126263,29.675360,2.936607,139.000000,0.804926
0.066667,0.059159,1.608696,27.813220,1.790476,15.000000,0.616667
0.066667,0.896323,3.972603,29.210725,2.950209,149.000000,0.798898
0.100000,0.850535,3.677778,29.133437,2.971212,123.000000,0.786223
0.066667,0.059159,1.608696,27.813220,1.790476,15.000000,0.616667
0.066667,0.887435,3.972603,29.210725,2.950209,149.000000,0.798898
0.142857,0.085714,2.600000,30.000000,1.380952,7.000000,0.722222
0.142857,0.876386,4.126263,29.675360,2.936607,139.000000,0.804926
0.080000,1.000000,4.197044,29.156746,2.936275,143.000000,0.807583
0.080000,0.056030,1.489362,27.355906,1.930000,25.000000,0.598291
0.250000,0.875772,1.777778,20.220496,1.428571,8.000000,0.640000
0.030303,0.893745,4.134831,29.330921,2.954903,131.000000,0.805252
0.030303,0.144003,1.875000,29.429952,1.854167,33.000000,0.652174
0.066667,0.059159,1.608696,27.813220,1.790476,15.000000,0.616667
0.066667,0.896323,3.972603,29.210725,2.950209,149.000000,0.798898
0.142857,0.085714,2.600000,30.000000,1.380952,7.000000,0.722222
0.142857,0.876386,4.126263,29.675360,2.936607,139.000000,0.804926
0.153846,1.000000,4.197044,29.156746,2.936275,143.000000,0.807583
0.153846,0.042398,3.538462,27.731457,1.549451,14.000000,0.779661
0.062500,0.034416,2.130435,28.417523,1.591667,16.000000,0.680556
0.062500,0.330802,2.078947,28.805556,1.894587,27.000000,0.675214
0.071429,0.886688,4.288043,29.690580,2.957773,139.000000,0.810894
0.071429,0.142095,1.800000,27.378532,1.703297,14.000000,0.642857
0.142857,0.898244,4.126263,29.675360,2.936607,139.000000,0.804926
0.142857,0.055046,2.600000,30.000000,1.380952,7.000000,0.722222
0.076923,0.898112,4.009217,28.470412,2.950209,149.000000,0.800368
0.076923,0.181666,1.714286,29.759235,1.538462,13.000000,0.631579
0.142857,0.889041,4.280488,29.785820,2.891110,123.000000,0.810624
0.083333,0.850535,3.677778,29.445900,2.971212,123.000000,0.786223
0.100000,0.850535,3.677778,29.133437,2.971212,123.000000,0.786223
0.062500,0.013053,3.113636,20.884257,2.178049,41.000000,0.756906
0.062500,0.910199,4.277778,29.013306,2.941757,134.000000,0.810526
0.083333,0.850535,3.677778,29.445900,2.971212,123.000000,0.786223
0.076923,0.181666,1.714286,29.759235,1.538462,13.000000,0.631579
0.076923,0.898112,4.009217,28.470412,2.950209,149.000000,0.800368
0.041667,0.265320,1.477273,27.230399,1.898551,24.000000,0.596330
0.041667,0.074136,3.380952,25.941696,1.952899,24.000000,0.771739
0.083333,0.022580,2.600000,26.634885,1.790769,26.000000,0.722222
0.050000,0.250488,2.290323,30.000000,1.722944,22.000000,0.696078
0.050000,0.798670,1.833333,29.372985,1.773684,20.000000,0.647059
0.083333,0.468269,1.952381,25.038544,1.747692,26.000000,0.661290
0.050000,0.798670,1.833333,29.372985,1.773684,20.000000,0.647059
0.050000,0.250488,2.290323,30.000000,1.722944,22.000000,0.696078
0.125000,0.435131,4.900000,30.000000,1.639706,17.000000,0.830508
0.125000,0.570534,1.888889,28.328465,1.583333,9.000000,0.653846
0.125000,0.502187,4.900000,30.000000,1.639706,17.000000,0.830508
0.125000,0.570534,1.888889,28.328465,1.583333,9.000000,0.653846
0.142857,0.078796,1.833333,26.436598,1.902174,24.000000,0.647059
0.058824,0.067300,1.882353,30.000000,1.824615,26.000000,0.653061
0.058824,0.043776,1.551724,26.996871,1.823529,17.000000,0.608108
0.066667,0.874210,1.541667,9.162300,1.647619,15.000000,0.606557
0.066667,0.196172,1.416667,17.280069,1.714286,15.000000,0.586207
0.058824,0.039013,1.882353,30.000000,1.824615,26.000000,0.653061
0.058824,0.043776,1.551724,26.996871,1.823529,17.000000,0.608108
0.111111,0.783229,1.900000,28.612262,1.500000,9.000000,0.655172
0.058824,0.231821,1.882353,30.000000,1.824615,26.000000,0.653061
0.058824,0.043776,1.551724,26.996871,1.823529,17.000000,0.608108
0.066667,0.874210,1.541667,9.162300,1.647619,15.000000,0.606557
0.066667,0.293229,4.625000,29.604764,1.691667,16.000000,0.822222
0.250000,0.055176,2.333333,28.456296,1.300000,5.000000,0.700000
0.058824,0.067300,1.882353,30.000000,1.824615,26.000000,0.653061
0.058824,0.043776,1.551724,26.996871,1.823529,17.000000,0.608108
0.166667,0.874210,1.541667,9.162300,1.647619,15.000000,0.606557
0.058824,0.039013,1.882353,30.000000,1.824615,26.000000,0.653061
0.058824,0.043776,1.551724,26.996871,1.823529,17.000000,0.608108
0.058824,0.043776,1.551724,26.996871,1.823529,17.000000,0.608108
0.058824,0.067300,1.882353,30.000000,1.824615,26.000000,0.653061
0.066667,0.153096,1.541667,28.152249,1.790476,15.000000,0.606557
0.100000,0.120949,1.900000,25.388789,1.666667,15.000000,0.655172
0.142857,0.101933,2.500000,27.778306,1.946019,39.000000,0.714286
0.100000,0.006536,2.100000,25.015565,1.533333,10.000000,0.677419
0.200000,0.008130,2.000000,30.000000,1.000000,5.000000,0.666667
0.100000,0.244907,1.605263,26.909021,1.891775,22.000000,0.616162
0.200000,0.107344,3.096774,29.854172,1.865273,42.000000,0.755906
0.200000,0.107344,3.096774,29.854172,1.865273,42.000000,0.755906
0.166667,0.244849,1.900000,18.996440,1.472222,9.000000,0.655172
0.200000,0.365854,2.333333,11.857539,1.300000,5.000000,0.700000
0.111111,0.031310,1.710526,25.855021,1.905797,24.000000,0.631068
0.038462,0.342470,4.197044,29.156746,2.936275,143.000000,0.807583
0.038462,0.070565,1.603774,26.676757,1.812169,28.000000,0.615942
0.142857,0.219281,2.166667,22.108025,1.380952,7.000000,0.684211
0.142857,0.297244,3.990826,28.865242,2.950209,149.000000,0.799632
0.071429,0.222075,4.197044,29.156746,2.936275,143.000000,0.807583
0.071429,0.828656,2.210526,25.686433,1.538462,14.000000,0.688525
0.111111,0.298583,2.857143,27.809655,1.444444,9.000000,0.740741
0.111111,0.342470,4.197044,29.156746,2.936275,143.000000,0.807583
0.038462,0.222075,4.197044,29.156746,2.936275,143.000000,0.807583
0.038462,0.070565,1.603774,26.676757,1.812169,28.000000,0.615942
0.111111,0.298583,2.857143,27.809655,1.444444,9.000000,0.740741
0.111111,0.222075,4.197044,29.156746,2.936275,143.000000,0.807583
0.038462,0.070565,1.603774,26.676757,1.812169,28.000000,0.615942
0.038462,0.342470,4.197044,29.156746,2.936275,143.000000,0.807583
0.066667,0.381135,4.351598,28.539613,2.949665,154.000000,0.813140
0.066667,0.403183,1.782609,29.092186,1.704762,15.000000,0.640625
0.071429,0.222075,4.197044,29.156746,2.936275,143.000000,0.807583
0.071429,0.828656,2.210526,25.686433,1.538462,14.000000,0.688525
0.038462,0.070565,1.603774,26.676757,1.812169,28.000000,0.615942
0.038462,0.342470,4.197044,29.156746,2.936275,143.000000,0.807583
0.038462,0.821441,1.942308,28.888889,1.834758,27.000000,0.660131
0.038462,0.018971,1.906977,27.043862,1.790769,26.000000,0.656000
0.066667,0.381135,4.351598,28.539613,2.949665,154.000000,0.813140
0.066667,0.403183,1.782609,29.092186,1.704762,15.000000,0.640625
0.111111,0.431805,3.333333,27.696512,1.444444,9.000000,0.769231
0.071429,0.342470,4.197044,29.156746,2.936275,143.000000,0.807583
0.071429,0.828656,2.210526,25.686433,1.538462,14.000000,0.688525
0.071429,0.342470,4.197044,29.156746,2.936275,143.000000,0.807583
0.071429,0.828656,2.210526,25.686433,1.538462,14.000000,0.688525
0.038462,0.222075,4.197044,29.156746,2.936275,143.000000,0.807583
0.038462,0.070565,1.603774,26.676757,1.812169,28.000000,0.615942
0.071429,0.342470,4.197044,29.156746,2.936275,143.000000,0.807583
0.071429,0.828656,2.210526,25.686433,1.538462,14.000000,0.688525
0.038462,0.018971,1.906977,27.043862,1.790769,26.000000,0.656000
0.038462,0.821441,1.942308,28.888889,1.834758,27.000000,0.660131
0.111111,0.298583,2.857143,27.809655,1.444444,9.000000,0.740741
0.111111,0.342470,4.197044,29.156746,2.936275,143.000000,0.807583
0.071429,0.828656,2.210526,25.502569,1.538462,14.000000,0.688525
0.066667,0.479643,4.351598,28.539613,2.949665,154.000000,0.813140
0.066667,0.403183,1.782609,29.092186,1.704762,15.000000,0.640625
0.111111,0.298583,2.857143,27.809655,1.444444,9.000000,0.740741
0.111111,0.222075,4.197044,29.156746,2.936275,143.000000,0.807583
0.066667,0.403183,1.782609,29.092186,1.704762,15.000000,0.640625
0.066667,0.381135,4.351598,28.539613,2.949665,154.000000,0.813140
0.142857,1.000000,3.990826,28.865242,2.950209,149.000000,0.799632
0.142857,0.219281,2.166667,22.108025,1.380952,7.000000,0.684211
0.066667,0.381135,4.351598,28.539613,2.949665,154.000000,0.813140
0.066667,0.403183,1.782609,29.092186,1.704762,15.000000,0.640625
0.142857,0.219281,2.166667,22.108025,1.380952,7.000000,0.684211
0.142857,0.196751,3.990826,28.865242,2.950209,149.000000,0.799632
0.038462,0.821441,1.942308,28.888889,1.834758,27.000000,0.660131
0.038462,0.018971,1.906977,27.043862,1.790769,26.000000,0.656000
0.038462,0.018971,1.906977,27.043862,1.790769,26.000000,0.656000
0.038462,0.867261,1.942308,28.888889,1.834758,27.000000,0.660131
0.142857,0.297244,3.990826,28.865242,2.950209,149.000000,0.799632
0.142857,0.219281,2.166667,22.108025,1.380952,7.000000,0.684211
0.034483,0.196645,4.351598,28.539613,2.949665,154.000000,0.813140
0.034483,0.005525,1.568966,28.171759,1.812808,29.000000,0.610738
0.040000,0.105321,1.547170,27.500444,1.803419,27.000000,0.607407
0.142857,0.196751,3.990826,28.865242,2.950209,149.000000,0.799632
0.142857,0.219281,2.166667,22.108025,1.380952,7.000000,0.684211
0.111111,0.196645,4.351598,28.539613,2.949665,154.000000,0.813140
0.111111,0.000000,2.500000,29.083612,1.444444,9.000000,0.714286
0.066667,0.466506,1.952381,28.151900,1.704762,15.000000,0.661290
0.038462,0.790008,1.942308,28.888889,1.834758,27.000000,0.660131
0.038462,0.018971,1.906977,27.043862,1.790769,26.000000,0.656000
0.038462,0.018971,1.906977,27.043862,1.790769,26.000000,0.656000
0.038462,0.867261,1.942308,28.888889,1.834758,27.000000,0.660131
0.066667,0.381135,4.351598,28.539613,2.949665,154.000000,0.813140
0.066667,0.403183,1.782609,29.092186,1.704762,15.000000,0.640625
0.111111,0.298583,2.857143,27.809655,1.444444,9.000000,0.740741
0.111111,0.342470,4.197044,29.156746,2.936275,143.000000,0.807583
0.125000,0.196645,4.351598,28.539613,2.949665,154.000000,0.813140
0.125000,0.004566,1.750000,22.880989,1.571429,8.000000,0.636364
0.071429,0.196645,4.351598,28.539613,2.949665,154.000000,0.813140
0.071429,0.000000,1.909091,28.150488,1.538462,14.000000,0.656250
0.038462,0.000000,1.863636,27.400731,1.790769,26.000000,0.650794
0.038462,0.196645,4.351598,28.539613,2.949665,154.000000,0.813140
0.142857,0.219281,2.166667,22.108025,1.380952,7.000000,0.684211
0.142857,0.297244,3.990826,28.865242,2.950209,149.000000,0.799632
0.058824,0.971514,4.351598,28.539613,2.949665,154.000000,0.813140
0.058824,0.008000,2.846154,28.203313,2.010695,34.000000,0.740000
0.027027,0.971514,4.351598,28.539613,2.949665,154.000000,0.813140
0.027027,0.209700,2.117647,28.257926,1.864865,37.000000,0.679245
0.071429,0.971514,4.351598,28.539613,2.949665,154.000000,0.813140
0.071429,0.207306,1.895833,26.603773,1.891534,28.000000,0.654676
0.027027,0.668283,4.351598,28.539613,2.949665,154.000000,0.813140
0.027027,0.209700,2.117647,28.257926,1.864865,37.000000,0.679245
0.125000,0.971514,4.351598,28.539613,2.949665,154.000000,0.813140
0.125000,0.029851,2.000000,29.290339,1.500000,8.000000,0.666667
0.142857,0.349470,2.600000,30.000000,1.380952,7.000000,0.722222
0.055556,0.937523,4.019608,28.199581,2.135550,69.000000,0.800781
0.045455,0.027388,1.870968,28.149669,1.839827,22.000000,0.651685
0.045455,0.869287,4.019608,28.199581,2.135550,69.000000,0.800781
0.142857,0.126437,2.600000,30.000000,1.380952,7.000000,0.722222
0.058824,0.668283,4.351598,28.539613,2.949665,154.000000,0.813140
0.058824,0.008000,2.846154,28.203313,2.010695,34.000000,0.740000
0.142857,0.008000,2.600000,30.000000,1.380952,7.000000,0.722222
0.142857,0.971514,4.351598,28.539613,2.949665,154.000000,0.813140
0.055556,0.937523,4.019608,28.199581,2.135550,69.000000,0.800781
0.142857,0.020833,2.600000,30.000000,1.380952,7.000000,0.722222
0.142857,0.971514,4.351598,28.539613,2.949665,154.000000,0.813140
0.047619,0.971514,4.351598,28.539613,2.949665,154.000000,0.813140
0.047619,0.215650,1.578947,28.296803,1.880952,21.000000,0.612245
0.047619,0.668283,4.351598,28.539613,2.949665,154.000000,0.813140
0.047619,0.215650,1.578947,28.296803,1.880952,21.000000,0.612245
0.142857,0.971514,4.351598,28.539613,2.949665,154.000000,0.813140
0.142857,0.008000,2.600000,30.000000,1.380952,7.000000,0.722222
0.045455,0.027388,1.870968,28.149669,1.839827,22.000000,0.651685
0.045455,0.937523,4.019608,28.199581,2.135550,69.000000,0.800781
0.058824,0.125214,3.363636,25.810708,2.010695,34.000000,0.770833
0.125000,0.971514,4.351598,28.539613,2.949665,154.000000,0.813140
0.125000,0.029851,2.000000,29.290339,1.500000,8.000000,0.666667
0.055556,0.937523,4.019608,28.199581,2.135550,69.000000,0.800781
0.045455,0.027388,1.870968,28.149669,1.839827,22.000000,0.651685
0.045455,0.937523,4.019608,28.199581,2.135550,69.000000,0.800781
0.034483,0.937523,4.019608,28.199581,2.135550,69.000000,0.800781
0.058824,0.971514,4.351598,28.539613,2.949665,154.000000,0.813140
0.058824,0.008000,2.846154,28.203313,2.010695,34.000000,0.740000
0.071429,0.971514,4.351598,28.539613,2.949665,154.000000,0.813140
0.071429,0.207306,1.895833,26.603773,1.891534,28.000000,0.654676
0.153846,0.971514,4.351598,28.539613,2.949665,154.000000,0.813140
0.153846,0.051037,2.812500,29.371065,1.423077,13.000000,0.737705
0.034483,0.913668,4.019608,28.199581,2.135550,69.000000,0.800781
0.058824,0.971514,4.351598,28.539613,2.949665,154.000000,0.813140
0.058824,0.008000,2.846154,28.203313,2.010695,34.000000,0.740000
0.058824,0.971514,4.351598,28.539613,2.949665,154.000000,0.813140
0.058824,0.008000,2.846154,28.203313,2.010695,34.000000,0.740000
0.027027,0.209700,2.117647,28.257926,1.864865,37.000000,0.679245
0.027027,0.971514,4.351598,28.539613,2.949665,154.000000,0.813140
0.142857,0.971514,4.351598,28.539613,2.949665,154.000000,0.813140
0.142857,0.020833,2.600000,30.000000,1.380952,7.000000,0.722222
0.142857,0.971514,4.351598,28.539613,2.949665,154.000000,0.813140
0.142857,0.008000,2.600000,30.000000,1.380952,7.000000,0.722222
0.125000,0.668283,4.351598,28.539613,2.949665,154.000000,0.813140
0.125000,0.029851,2.000000,29.290339,1.500000,8.000000,0.666667
0.071429,0.971514,4.351598,28.539613,2.949665,154.000000,0.813140
0.071429,0.207306,1.895833,26.603773,1.891534,28.000000,0.654676
0.125000,0.971514,4.351598,28.539613,2.949665,154.000000,0.813140
0.125000,0.029851,2.000000,29.290339,1.500000,8.000000,0.666667
0.050000,0.166491,1.903226,22.125799,1.836842,20.000000,0.655556
0.050000,0.070113,2.285714,27.543987,1.940256,38.000000,0.695652
0.045455,0.027388,1.870968,28.149669,1.839827,22.000000,0.651685
0.045455,0.913668,4.019608,28.199581,2.135550,69.000000,0.800781
0.142857,0.668283,4.351598,28.539613,2.949665,154.000000,0.813140
0.142857,0.020833,2.600000,30.000000,1.380952,7.000000,0.722222
0.045455,0.027388,1.870968,28.149669,1.839827,22.000000,0.651685
0.045455,0.937523,4.019608,28.199581,2.135550,69.000000,0.800781
0.045455,0.027388,1.870968,28.149669,1.839827,22.000000,0.651685
0.045455,0.937523,4.019608,28.199581,2.135550,69.000000,0.800781
0.142857,0.668283,4.351598,28.539613,2.949665,154.000000,0.813140
0.142857,0.008000,2.600000,30.000000,1.380952,7.000000,0.722222
0.125000,0.271681,1.800000,27.796079,1.781818,11.000000,0.642857
0.153846,0.971514,4.351598,28.539613,2.949665,154.000000,0.813140
0.153846,0.051037,2.812500,29.371065,1.423077,13.000000,0.737705
0.142857,0.008000,2.600000,30.000000,1.380952,7.000000,0.722222
0.142857,0.971514,4.351598,28.539613,2.949665,154.000000,0.813140
0.055556,0.869287,4.019608,28.199581,2.135550,69.000000,0.800781
0.055556,0.913668,4.019608,28.199581,2.135550,69.000000,0.800781
0.090909,0.224770,1.704545,26.071731,1.750988,23.000000,0.630252
0.047619,0.971514,4.351598,28.539613,2.949665,154.000000,0.813140
0.047619,0.215650,1.578947,28.296803,1.880952,21.000000,0.612245
0.034483,0.937523,4.019608,28.199581,2.135550,69.000000,0.800781
0.125000,0.029851,2.000000,29.290339,1.500000,8.000000,0.666667
0.125000,0.971514,4.351598,28.539613,2.949665,154.000000,0.813140
0.027027,0.971514,4.351598,28.539613,2.949665,154.000000,0.813140
0.027027,0.209700,2.117647,28.257926,1.864865,37.000000,0.679245
0.034483,0.937523,4.019608,28.199581,2.135550,69.000000,0.800781
0.045455,0.027388,1.870968,28.149669,1.839827,22.000000,0.651685
0.045455,0.937523,4.019608,28.199581,2.135550,69.000000,0.800781
0.153846,0.297247,3.214286,28.328513,1.423077,13.000000,0.762712
0.090909,0.016129,2.540541,27.688978,2.130682,33.000000,0.717557
0.153846,0.971514,4.351598,28.539613,2.949665,154.000000,0.813140
0.153846,0.051037,2.812500,29.371065,1.423077,13.000000,0.737705
0.027027,0.971514,4.351598,28.539613,2.949665,154.000000,0.813140
0.027027,0.209700,2.117647,28.257926,1.864865,37.000000,0.679245
0.047619,0.099777,1.578947,26.486413,1.880952,21.000000,0.612245
0.153846,0.051037,2.812500,29.371065,1.423077,13.000000,0.737705
0.153846,0.971514,4.351598,28.539613,2.949665,154.000000,0.813140
0.027027,0.273911,1.828947,28.028870,1.879880,37.000000,0.646512
0.047619,0.215650,1.578947,28.296803,1.880952,21.000000,0.612245
0.047619,0.971514,4.351598,28.539613,2.949665,154.000000,0.813140
0.142857,0.971514,4.351598,28.539613,2.949665,154.000000,0.813140
0.142857,0.020833,2.600000,30.000000,1.380952,7.000000,0.722222
0.047619,0.215650,1.578947,28.296803,1.880952,21.000000,0.612245
0.047619,0.971514,4.351598,28.539613,2.949665,154.000000,0.813140
0.142857,0.971514,4.351598,28.539613,2.949665,154.000000,0.813140
0.142857,0.020833,2.600000,30.000000,1.380952,7.000000,0.722222
0.055556,0.937523,4.019608,28.199581,2.135550,69.000000,0.800781
0.071429,0.668283,4.351598,28.539613,2.949665,154.000000,0.813140
0.071429,0.207306,1.895833,26.603773,1.891534,28.000000,0.654676
0.153846,0.051037,2.812500,29.371065,1.423077,13.000000,0.737705
0.153846,0.971514,4.351598,28.539613,2.949665,154.000000,0.813140
0.027027,0.971514,4.351598,28.539613,2.949665,154.000000,0.813140
0.027027,0.209700,2.117647,28.257926,1.864865,37.000000,0.679245
0.142857,0.971514,4.351598,28.539613,2.949665,154.000000,0.813140
0.142857,0.020833,2.600000,30.000000,1.380952,7.000000,0.722222
0.034483,0.937523,4.019608,28.199581,2.135550,69.000000,0.800781
0.153846,0.668283,4.351598,28.539613,2.949665,154.000000,0.813140
0.153846,0.051037,2.812500,29.371065,1.423077,13.000000,0.737705
0.052632,0.169538,1.827586,15.616066,1.853801,19.000000,0.646341
0.052632,0.074879,2.341463,27.184520,1.940408,50.000000,0.700730
0.034483,0.869287,4.019608,28.199581,2.135550,69.000000,0.800781
0.142857,0.008000,2.600000,30.000000,1.380952,7.000000,0.722222
0.142857,0.971514,4.351598,28.539613,2.949665,154.000000,0.813140
0.125000,0.971514,4.351598,28.539613,2.949665,154.000000,0.813140
0.125000,0.029851,2.000000,29.290339,1.500000,8.000000,0.666667
0.071429,0.971514,4.351598,28.539613,2.949665,154.000000,0.813140
0.071429,0.207306,1.895833,26.603773,1.891534,28.000000,0.654676
0.047619,0.215650,1.578947,28.296803,1.880952,21.000000,0.612245
0.047619,0.971514,4.351598,28.539613,2.949665,154.000000,0.813140
0.076923,0.457302,1.510204,27.493776,1.926154,26.000000,0.601626
0.058824,0.008000,2.846154,28.203313,2.010695,34.000000,0.740000
0.058824,0.971514,4.351598,28.539613,2.949665,154.000000,0.813140
0.071429,0.207306,1.895833,26.603773,1.891534,28.000000,0.654676
0.071429,0.971514,4.351598,28.539613,2.949665,154.000000,0.813140
0.055556,0.937523,4.019608,28.199581,2.135550,69.000000,0.800781
0.034483,0.937523,4.019608,28.199581,2.135550,69.000000,0.800781
0.066667,0.464913,1.416667,16.748789,1.714286,15.000000,0.586207
0.066667,0.119756,4.625000,29.562579,1.691667,16.000000,0.822222
0.066667,0.464913,1.416667,16.748789,1.714286,15.000000,0.586207
0.066667,0.246421,2.148148,26.188336,1.839827,22.000000,0.682353
0.125000,0.427792,1.805556,28.445677,1.860504,35.000000,0.643564
0.125000,0.171363,1.875000,24.469935,1.852381,21.000000,0.652174
0.062500,0.061988,2.305556,26.624697,1.974529,43.000000,0.697479
0.062500,0.231568,2.692308,12.065747,1.750000,16.000000,0.729167
0.200000,0.081081,2.333333,19.189235,1.300000,5.000000,0.700000
0.125000,0.187031,1.600000,26.619855,1.842857,21.000000,0.615385
0.125000,0.508197,4.400000,19.708899,1.214286,8.000000,0.814815
0.066667,0.014704,1.954545,28.781620,1.590476,15.000000,0.661538
0.066667,0.187031,1.600000,26.619855,1.842857,21.000000,0.615385
0.058824,0.295058,2.238095,21.816366,1.654412,17.000000,0.691176
0.058824,0.005809,2.750000,29.184194,1.905533,39.000000,0.733333
0.058824,0.295058,2.238095,21.816366,1.654412,17.000000,0.691176
0.058824,0.005809,2.750000,29.184194,1.905533,39.000000,0.733333
0.043478,1.000000,1.431818,17.607382,1.794466,23.000000,0.588785
0.043478,0.271236,2.000000,28.815981,1.854167,33.000000,0.666667
0.050000,0.121335,2.350000,21.183543,2.085714,21.000000,0.701493
0.050000,0.323876,1.568966,28.260569,1.812808,29.000000,0.610738
0.058824,0.315241,3.789474,25.557321,2.082621,27.000000,0.791209
0.034483,0.000000,2.968254,28.541216,1.973573,44.000000,0.748000
0.034483,0.000000,2.968254,28.541216,1.973573,44.000000,0.748000
0.111111,0.753427,2.553571,28.009110,1.912698,36.000000,0.718593
0.111111,0.641363,1.500000,16.369556,1.727273,11.000000,0.600000
0.166667,0.082969,3.250000,29.119343,1.133333,6.000000,0.764706
0.166667,0.823131,3.090909,28.064960,1.958537,41.000000,0.755556
0.166667,0.082969,3.250000,29.119343,1.133333,6.000000,0.764706
0.166667,0.823131,3.090909,28.064960,1.958537,41.000000,0.755556
0.111111,0.641363,1.500000,16.369556,1.727273,11.000000,0.600000
0.111111,0.753427,2.553571,28.009110,1.912698,36.000000,0.718593
0.100000,0.839793,2.968254,28.541216,1.973573,44.000000,0.748000
0.031250,0.339901,3.269231,23.037586,2.350806,32.000000,0.765766
0.031250,0.797679,2.881356,29.177891,1.958537,41.000000,0.742358
0.090909,0.750454,2.490196,27.002624,1.907197,33.000000,0.713483
0.090909,0.750454,2.490196,27.002624,1.907197,33.000000,0.713483
0.031250,0.797679,2.881356,29.177891,1.958537,41.000000,0.742358
0.031250,0.339901,3.269231,23.037586,2.350806,32.000000,0.765766
0.100000,0.839793,2.968254,28.541216,1.973573,44.000000,0.748000
0.111111,0.911524,3.153846,21.508659,1.888889,18.000000,0.759259
0.111111,0.937084,1.873016,25.008055,1.939940,37.000000,0.651934
0.250000,0.028571,2.500000,11.628505,1.166667,4.000000,0.714286
0.083333,0.977198,2.488889,27.202519,1.944781,55.000000,0.713376
0.083333,0.866356,1.857143,22.948649,1.606061,12.000000,0.650000
0.142857,0.973370,2.357895,27.556665,1.944781,55.000000,0.702194
0.250000,0.081718,3.266667,29.101630,1.713450,19.000000,0.765625
0.125000,0.774078,3.428571,26.558513,2.082621,27.000000,0.774194
0.166667,0.796261,3.033333,26.194916,2.086022,31.000000,0.752066
0.166667,0.955788,1.833333,7.669875,1.266667,6.000000,0.647059
0.200000,0.663979,2.567568,29.322201,2.128788,33.000000,0.719697
0.100000,0.418607,2.500000,22.810028,1.666667,10.000000,0.714286
0.062500,0.262196,1.947368,27.728343,1.750000,16.000000,0.660714
0.200000,1.000000,2.333333,30.000000,1.300000,5.000000,0.700000
0.142857,0.095949,2.338028,26.484484,1.974529,43.000000,0.700422
0.066667,0.681428,1.307692,26.235471,1.714286,15.000000,0.566667
0.066667,0.124962,3.500000,26.322465,1.713450,19.000000,0.777778
0.142857,0.473926,1.666667,27.871624,1.750000,16.000000,0.625000
0.142857,0.211336,2.166667,30.000000,1.380952,7.000000,0.684211
0.142857,0.473926,1.666667,27.871624,1.750000,16.000000,0.625000
0.142857,0.160744,2.166667,30.000000,1.380952,7.000000,0.684211
0.200000,0.799344,1.666667,22.394129,1.333333,6.000000,0.625000
0.200000,0.859395,1.620690,21.992807,1.826316,20.000000,0.618421
0.166667,0.142935,1.833333,7.669875,1.266667,6.000000,0.647059
0.111111,0.458801,1.954545,28.781620,1.590476,15.000000,0.661538
0.111111,0.364232,1.312500,28.797474,1.444444,9.000000,0.567568
0.052632,0.218037,1.512821,22.755508,1.760234,19.000000,0.602041
0.052632,0.453860,2.350877,25.255870,2.587879,45.000000,0.701571
0.111111,0.000000,1.750000,30.000000,1.444444,9.000000,0.636364
0.111111,0.453860,2.350877,25.255870,2.587879,45.000000,0.701571
0.050000,0.203985,3.533333,25.686042,1.721053,20.000000,0.779412
0.050000,0.195930,2.058824,26.239853,2.090000,25.000000,0.673077
0.200000,0.027778,2.500000,29.778213,1.000000,5.000000,0.714286
0.200000,0.195930,2.058824,26.239853,2.090000,25.000000,0.673077
0.166667,0.771002,2.000000,27.704675,1.678571,8.000000,0.666667
0.166667,0.512992,10.000000,26.739271,1.400000,6.000000,0.909091
0.250000,0.470588,2.000000,24.318946,1.466667,6.000000,0.666667
0.142857,1.000000,5.333333,30.000000,1.238095,7.000000,0.842105
0.052632,0.160220,2.343750,23.615503,1.957265,27.000000,0.700935
0.142857,1.000000,5.333333,30.000000,1.238095,7.000000,0.842105
0.125000,0.014838,2.444444,27.024796,1.758333,16.000000,0.709677
0.166667,0.185084,0.961538,22.165862,1.997151,27.000000,0.490196
0.090909,0.109023,2.136364,13.157234,2.009524,21.000000,0.681159
0.090909,0.000000,2.100000,27.405063,1.690909,11.000000,0.677419
0.142857,0.443615,1.583333,27.271750,1.321429,8.000000,0.612903
0.037037,0.101142,2.837209,28.910484,2.020635,36.000000,0.739394
0.037037,0.648159,0.961538,22.165862,1.997151,27.000000,0.490196
0.125000,0.242903,1.900000,25.991032,2.018462,26.000000,0.655172
0.125000,0.415648,2.800000,29.689793,1.500000,8.000000,0.736842
0.052632,0.315634,2.416667,25.497505,1.777778,19.000000,0.707317
0.052632,0.258693,2.827586,29.915843,1.731884,24.000000,0.738739
0.142857,0.789272,1.857143,30.000000,1.380952,7.000000,0.650000
0.142857,0.032847,1.900000,25.991032,2.018462,26.000000,0.655172
0.052632,0.258693,2.827586,29.915843,1.731884,24.000000,0.738739
0.052632,0.315634,2.416667,25.497505,1.777778,19.000000,0.707317
0.142857,0.032847,1.900000,25.991032,2.018462,26.000000,0.655172
0.142857,0.789272,1.857143,30.000000,1.380952,7.000000,0.650000
0.166667,0.211745,1.652174,27.619969,2.009231,26.000000,0.622951
0.166667,0.015385,4.000000,16.085225,1.466667,6.000000,0.800000
0.250000,0.082974,2.142857,25.991267,1.684211,20.000000,0.681818
0.125000,0.003219,2.680000,28.296040,2.038407,38.000000,0.728261
0.142857,0.039202,2.416667,28.539828,1.472727,11.000000,0.707317
0.142857,0.784907,1.750000,30.000000,1.333333,7.000000,0.636364
0.125000,0.135912,2.000000,25.862654,1.444444,9.000000,0.666667
0.125000,0.016390,2.142857,19.136726,1.876190,15.000000,0.681818
0.111111,0.044822,1.875000,25.331563,1.910000,25.000000,0.652174
0.142857,0.201988,1.023256,22.898451,2.022989,30.000000,0.505747
0.100000,0.000000,1.750000,29.927740,1.533333,10.000000,0.636364
0.200000,1.000000,2.500000,30.000000,1.000000,5.000000,0.714286
0.076923,0.097416,2.111111,28.809636,1.880952,28.000000,0.678571
0.125000,0.138236,2.426230,27.319761,2.621599,49.000000,0.708134
0.125000,0.211110,2.426230,27.319761,2.621599,49.000000,0.708134
0.200000,0.905864,2.435897,28.602121,2.060215,31.000000,0.708955
0.200000,1.000000,2.511628,27.212484,2.099822,34.000000,0.715232
0.066667,0.052787,2.179487,29.684839,1.692029,24.000000,0.685484
0.066667,0.052787,2.179487,29.684839,1.692029,24.000000,0.685484
0.125000,0.039252,2.022727,29.034050,1.703333,25.000000,0.669173
0.100000,0.213403,1.666667,26.624610,1.760234,19.000000,0.625000
0.125000,0.039252,2.022727,29.034050,1.703333,25.000000,0.669173
0.071429,0.148424,1.941176,28.563543,1.752381,15.000000,0.660000
0.071429,0.123852,1.621622,24.468254,1.880952,21.000000,0.618557
0.200000,0.200007,1.844444,25.763131,2.119048,28.000000,0.648438
0.071429,0.074554,1.547619,30.000000,1.575163,18.000000,0.607477
0.071429,0.359145,1.547619,30.000000,1.575163,18.000000,0.607477
0.045455,0.013391,1.825000,29.954657,1.792208,22.000000,0.646018
0.045455,0.281035,3.679245,27.833729,2.418855,55.000000,0.786290
0.083333,0.308113,2.200000,28.373339,1.500000,12.000000,0.687500
0.083333,0.287085,3.679245,27.833729,2.418855,55.000000,0.786290
0.047619,0.236985,2.147059,26.930976,1.792208,22.000000,0.682243
0.045455,0.013391,1.825000,29.954657,1.792208,22.000000,0.646018
0.045455,0.287085,3.679245,27.833729,2.418855,55.000000,0.786290
0.166667,0.308073,2.960000,29.199640,1.796667,25.000000,0.747475
0.166667,0.331026,2.666667,25.642022,1.533333,6.000000,0.727273
0.125000,0.805028,1.888889,25.585430,1.392857,8.000000,0.653846
0.125000,0.244521,2.147059,25.130029,1.792208,22.000000,0.682243
0.055556,0.082674,1.962963,23.672140,1.745098,18.000000,0.662500
0.055556,0.498974,3.363636,27.147221,2.010695,34.000000,0.770833
0.076923,0.023249,2.192308,20.475894,1.996047,23.000000,0.686747
0.076923,0.430800,2.454545,28.412697,1.717949,13.000000,0.710526
0.083333,0.308113,2.200000,28.373339,1.500000,12.000000,0.687500
0.083333,0.281035,3.679245,27.833729,2.418855,55.000000,0.786290
0.066667,0.425313,2.514286,29.905962,2.787259,59.000000,0.715447
0.066667,0.274763,0.977778,26.595266,2.022989,30.000000,0.494382
0.100000,0.318487,1.814815,19.924525,1.978947,20.000000,0.644737
0.100000,0.751884,1.750000,16.243315,1.533333,10.000000,0.636364
0.066667,0.071117,2.421053,22.680541,2.371542,23.000000,0.707692
0.066667,0.104948,1.736842,26.695583,1.771429,15.000000,0.634615
0.083333,0.623394,1.140625,24.731743,1.891304,24.000000,0.532847
0.083333,0.254646,2.426230,27.319761,2.621599,49.000000,0.708134
0.062500,0.240142,2.229730,28.186021,2.659259,55.000000,0.690377
0.062500,0.197756,5.125000,27.369177,1.716667,16.000000,0.836735
0.125000,0.242207,2.000000,27.742202,1.357143,8.000000,0.666667
0.125000,0.709469,1.750000,15.061344,1.533333,10.000000,0.636364
0.062500,0.425313,2.514286,29.905962,2.787259,59.000000,0.715447
0.062500,0.408959,5.125000,28.464446,1.716667,16.000000,0.836735
0.052632,0.071117,2.421053,22.680541,2.371542,23.000000,0.707692
0.052632,0.621641,1.800000,26.484201,1.736842,19.000000,0.642857
0.100000,0.268318,1.814815,19.924525,1.978947,20.000000,0.644737
0.100000,0.751884,1.750000,16.243315,1.533333,10.000000,0.636364
0.100000,0.751884,1.750000,16.243315,1.533333,10.000000,0.636364
0.100000,0.266052,1.814815,19.924525,1.978947,20.000000,0.644737
0.083333,0.623394,1.140625,24.731743,1.891304,24.000000,0.532847
0.083333,0.344068,2.426230,27.319761,2.621599,49.000000,0.708134
0.062500,0.407070,2.229730,28.186021,2.659259,55.000000,0.690377
0.062500,0.197756,5.125000,27.369177,1.716667,16.000000,0.836735
0.086957,0.171790,1.512821,24.117559,1.760234,19.000000,0.602041
0.062500,0.197756,5.125000,27.369177,1.716667,16.000000,0.836735
0.062500,0.394827,2.229730,28.186021,2.659259,55.000000,0.690377
0.111111,0.072260,2.180851,27.813851,1.906028,48.000000,0.685619
0.062500,0.053110,2.500000,25.344629,1.866667,16.000000,0.714286
0.062500,1.000000,3.230769,24.126468,2.120690,29.000000,0.763636
0.111111,0.107012,2.473684,27.558274,2.111538,40.000000,0.712121
0.125000,0.040035,1.923077,25.230132,1.545455,11.000000,0.657895
0.125000,1.000000,1.933333,21.787125,1.743590,13.000000,0.659091
0.055556,1.000000,2.090909,27.804803,1.888889,18.000000,0.676471
0.031250,0.221045,2.243243,27.024654,1.974529,43.000000,0.691667
0.031250,0.493682,3.269231,23.037586,2.350806,32.000000,0.765766
0.125000,0.213987,3.250000,26.731561,1.535714,8.000000,0.764706
0.125000,0.203408,4.852941,27.650692,2.382092,48.000000,0.829146
0.142857,0.706399,4.666667,24.796838,1.333333,7.000000,0.823529
0.142857,0.493682,3.269231,23.037586,2.350806,32.000000,0.765766
0.062500,0.074086,2.571429,14.602159,1.758333,16.000000,0.720000
0.125000,0.242504,4.852941,27.650692,2.382092,48.000000,0.829146
0.125000,0.213987,3.250000,26.731561,1.535714,8.000000,0.764706
0.142857,0.706399,4.666667,24.796838,1.333333,7.000000,0.823529
0.142857,0.240415,3.269231,23.037586,2.350806,32.000000,0.765766
0.031250,0.221045,2.243243,27.024654,1.974529,43.000000,0.691667
0.031250,0.240415,3.269231,23.037586,2.350806,32.000000,0.765766
0.041667,0.011236,1.844444,27.798961,1.855072,24.000000,0.648438
0.041667,0.188289,2.611111,27.765180,2.017460,36.000000,0.723077
0.200000,0.106603,2.627451,28.432147,2.038407,38.000000,0.724324
0.047619,0.003802,2.291667,28.920663,1.838095,21.000000,0.696203
0.047619,0.102386,1.609375,29.574233,2.003361,35.000000,0.616766
0.047619,0.068992,1.609375,29.574233,2.003361,35.000000,0.616766
0.047619,0.003802,2.291667,28.920663,1.838095,21.000000,0.696203
0.142857,0.099174,1.850000,28.651023,1.750000,16.000000,0.649123
0.047619,0.003802,2.291667,28.920663,1.838095,21.000000,0.696203
0.047619,0.030289,1.609375,29.574233,2.003361,35.000000,0.616766
0.047619,0.003802,2.291667,28.920663,1.838095,21.000000,0.696203
0.047619,0.031409,1.609375,29.574233,2.003361,35.000000,0.616766
0.047619,0.816370,1.470588,21.532129,2.023810,21.000000,0.595238
0.047619,0.019838,1.470588,21.532129,2.023810,21.000000,0.595238
0.052632,0.751204,1.771429,26.366590,1.988142,23.000000,0.639175
0.047619,0.053217,1.470588,21.532129,2.023810,21.000000,0.595238
0.142857,0.213842,2.179487,24.576543,1.945869,27.000000,0.685484
0.142857,0.000000,2.000000,30.000000,1.428571,7.000000,0.666667
0.142857,0.000000,2.000000,30.000000,1.428571,7.000000,0.666667
0.142857,0.213842,2.179487,24.576543,1.945869,27.000000,0.685484
0.250000,0.121661,1.678571,28.622007,1.738562,18.000000,0.626667
0.055556,0.617879,2.375000,26.841756,1.849673,18.000000,0.703704
0.055556,0.127726,1.940000,29.266354,2.006803,49.000000,0.659864
0.040000,0.325709,1.854167,29.515745,1.703333,25.000000,0.649635
0.066667,0.427131,2.615385,30.000000,1.676190,15.000000,0.723404
0.066667,0.022405,2.698113,26.940229,2.171893,42.000000,0.729592
0.040000,0.325709,1.854167,29.515745,1.703333,25.000000,0.649635
0.083333,0.150058,1.814815,19.924525,1.978947,20.000000,0.644737
0.083333,0.029202,3.333333,24.413299,2.030303,12.000000,0.769231
0.142857,0.037839,1.769231,12.615952,1.361111,9.000000,0.638889
0.083333,0.029202,3.333333,24.413299,2.030303,12.000000,0.769231
0.083333,0.267212,2.384615,27.541733,1.813187,14.000000,0.704545
0.083333,0.032445,1.814815,19.924525,1.978947,20.000000,0.644737
0.083333,0.029202,3.333333,24.413299,2.030303,12.000000,0.769231
0.083333,0.029202,3.333333,24.413299,2.030303,12.000000,0.769231
0.083333,0.179601,1.814815,19.924525,1.978947,20.000000,0.644737
0.100000,0.175364,3.533333,25.421581,1.721053,20.000000,0.779412
0.100000,0.175364,3.533333,25.421581,1.721053,20.000000,0.779412
0.166667,0.924928,1.800000,25.000000,1.400000,6.000000,0.642857
0.166667,0.742773,3.666667,17.562558,1.266667,6.000000,0.785714
0.166667,0.267358,1.555556,22.128017,1.333333,7.000000,0.608696
0.066667,0.003861,1.933333,22.151445,1.819048,15.000000,0.659091
0.066667,0.240647,1.714286,28.725939,1.869565,23.000000,0.631579
0.100000,0.457730,2.421053,22.680541,2.371542,23.000000,0.707692
0.125000,1.000000,4.400000,30.000000,1.214286,8.000000,0.814815
0.100000,0.527193,2.923077,21.311313,2.013072,18.000000,0.745098
0.100000,0.527193,2.923077,21.311313,2.013072,18.000000,0.745098
0.100000,0.527193,2.923077,21.311313,2.013072,18.000000,0.745098
0.125000,1.000000,4.400000,30.000000,1.214286,8.000000,0.814815
0.125000,1.000000,4.400000,30.000000,1.214286,8.000000,0.814815
0.125000,1.000000,4.400000,30.000000,1.214286,8.000000,0.814815
0.111111,0.251758,2.656250,27.850611,1.903333,25.000000,0.726496
0.041667,0.501221,1.844444,25.763131,2.119048,28.000000,0.648438
0.041667,0.351948,4.500000,24.560644,1.739130,24.000000,0.818182
0.050000,1.000000,3.416667,13.707656,2.073684,20.000000,0.773585
0.050000,0.003831,3.150000,26.188933,1.900433,22.000000,0.759036
0.200000,0.261547,1.958333,26.995853,1.977011,30.000000,0.661972
0.062500,0.054531,1.809524,28.969416,1.758333,16.000000,0.644068
0.062500,1.000000,3.416667,13.707656,2.073684,20.000000,0.773585
0.076923,0.204283,3.000000,25.802972,1.863158,20.000000,0.750000
0.076923,1.000000,3.416667,13.707656,2.073684,20.000000,0.773585
0.142857,0.766776,2.000000,17.435754,1.428571,7.000000,0.666667
0.142857,0.208473,1.833333,26.559573,1.771429,15.000000,0.647059
0.200000,0.855535,1.666667,24.317476,1.545455,11.000000,0.625000
0.090909,0.013781,2.170000,28.350530,1.908571,50.000000,0.684543
0.090909,0.855535,1.666667,24.317476,1.545455,11.000000,0.625000
0.090909,0.993029,1.735294,27.543545,2.035573,23.000000,0.634409
0.090909,0.323635,1.785714,19.337878,1.545455,11.000000,0.641026
0.071429,0.177993,1.685714,30.000000,2.035573,23.000000,0.627660
0.062500,1.000000,1.814815,19.924525,1.978947,20.000000,0.644737
0.062500,0.649472,2.117647,29.412573,1.758333,16.000000,0.679245
0.111111,0.992213,1.685714,28.967207,2.035573,23.000000,0.627660
0.062500,0.649472,2.117647,29.412573,1.758333,16.000000,0.679245
0.062500,0.445612,1.814815,19.924525,1.978947,20.000000,0.644737
0.166667,0.177993,1.685714,30.000000,2.035573,23.000000,0.627660
0.071429,0.990610,1.685714,30.000000,2.035573,23.000000,0.627660
0.090909,1.000000,1.735294,27.543545,2.035573,23.000000,0.634409
0.090909,0.323635,1.785714,19.337878,1.545455,11.000000,0.641026
0.166667,0.990610,1.685714,30.000000,2.035573,23.000000,0.627660
0.111111,1.000000,1.685714,28.967207,2.035573,23.000000,0.627660
0.090909,0.291365,1.735294,27.543545,2.035573,23.000000,0.634409
0.090909,0.323635,1.785714,19.337878,1.545455,11.000000,0.641026
0.071429,1.000000,1.685714,30.000000,2.035573,23.000000,0.627660
0.062500,0.992358,1.814815,19.924525,1.978947,20.000000,0.644737
0.062500,0.649472,2.117647,29.412573,1.758333,16.000000,0.679245
0.111111,0.246290,1.685714,28.967207,2.035573,23.000000,0.627660
0.166667,1.000000,1.685714,30.000000,2.035573,23.000000,0.627660
0.100000,0.893664,0.907216,28.663592,2.022989,30.000000,0.475676
0.100000,0.803246,1.115385,29.605935,1.990148,29.000000,0.527273
0.125000,0.554583,1.785714,19.337878,1.545455,11.000000,0.641026
0.034483,0.409607,1.023256,22.898451,2.022989,30.000000,0.505747
0.034483,0.129510,2.687500,28.657743,2.022523,37.000000,0.728814
0.052632,0.136289,1.889908,28.150612,2.036284,53.000000,0.653968
0.052632,0.282549,1.952381,26.586974,1.847953,19.000000,0.661290
0.055556,0.472679,2.525000,25.685785,2.212121,33.000000,0.716312
0.083333,0.176139,2.396825,28.185101,2.036984,38.000000,0.705607
0.142857,0.148936,2.300000,22.355111,1.361111,9.000000,0.696970
0.142857,0.757483,2.400000,24.295259,1.476190,7.000000,0.705882
0.083333,0.606283,1.115385,28.710249,1.868132,14.000000,0.527273
0.032258,0.237716,1.650000,28.852010,2.020833,33.000000,0.622642
0.041667,0.034912,3.130435,29.916578,1.739130,24.000000,0.757895
0.043478,0.337425,2.259259,27.633556,1.983575,46.000000,0.693182
0.111111,0.103841,2.250000,29.278885,1.500000,9.000000,0.692308
0.032258,0.278042,2.475410,27.795349,2.036984,38.000000,0.712264
0.142857,1.000000,2.500000,24.714221,1.800000,11.000000,0.714286
0.200000,0.658902,2.882353,25.221989,1.852632,20.000000,0.742424
0.083333,0.281680,1.727273,30.000000,1.880952,28.000000,0.633333
0.083333,0.217119,1.729167,25.474480,1.818462,26.000000,0.633588
0.250000,0.096060,2.312500,28.227949,1.525641,13.000000,0.698113
0.083333,0.018850,1.871560,28.553861,2.029412,52.000000,0.651757
0.083333,0.620855,5.051282,29.201313,2.415094,54.000000,0.834746
0.083333,0.555246,2.563636,27.862718,2.017460,36.000000,0.719388
0.083333,0.437897,5.051282,29.201313,2.415094,54.000000,0.834746
0.166667,0.419780,2.047170,29.230452,1.908571,50.000000,0.671827
0.062500,0.270675,3.200000,23.138019,1.771242,18.000000,0.761905
0.062500,0.650940,1.521739,25.979322,1.925000,16.000000,0.603448
0.142857,0.442925,2.100000,28.844092,1.910714,49.000000,0.677419
0.062500,0.453911,2.187500,29.066707,1.944086,31.000000,0.686275
0.250000,0.452617,3.857143,29.484015,1.509091,11.000000,0.794118
0.050000,0.080282,1.800000,26.021603,1.842105,20.000000,0.642857
0.050000,0.160712,1.915094,28.225526,2.000754,52.000000,0.656958
0.200000,0.350496,1.750000,27.178499,1.300000,5.000000,0.636364
0.083333,0.153649,2.000000,21.300381,1.876190,15.000000,0.666667
0.027778,0.209442,1.805556,29.262155,2.022041,50.000000,0.643564
0.055556,0.373284,5.555556,25.991357,1.764706,18.000000,0.847458
0.083333,0.033763,1.875000,27.100631,1.857143,14.000000,0.652174
0.111111,0.592587,2.121212,28.310948,1.910714,49.000000,0.679612
0.200000,0.151955,2.307692,29.169099,1.766667,21.000000,0.697674
0.029412,0.810450,3.117647,28.080738,2.051797,44.000000,0.757143
0.029412,0.364761,1.000000,27.500145,2.048128,34.000000,0.500000
0.071429,0.262145,1.619048,22.379556,1.626374,14.000000,0.618182
0.071429,0.264385,1.562500,21.555679,1.673203,18.000000,0.609756
0.050000,0.825125,2.837209,28.746122,2.020635,36.000000,0.739394
0.071429,0.354467,1.545455,24.907477,1.626374,14.000000,0.607143
0.071429,0.248401,2.384615,24.137682,1.995699,31.000000,0.704545
0.142857,1.000000,2.333333,13.022222,1.000000,7.000000,0.700000
0.090909,0.827227,19.000000,24.141293,1.963636,11.000000,0.950000
0.100000,0.313449,1.923077,24.367848,1.466667,10.000000,0.657895
0.090909,0.830930,19.000000,24.141293,1.963636,11.000000,0.950000
0.066667,0.065515,1.933333,22.151445,1.819048,15.000000,0.659091
0.066667,0.187730,2.200000,29.298779,1.838095,21.000000,0.687500
0.038462,0.007607,2.050505,28.507558,2.000754,52.000000,0.672185
0.038462,0.411878,2.548387,22.329954,1.993846,26.000000,0.718182
0.100000,0.466880,2.090909,29.330108,1.488889,10.000000,0.676471
0.100000,0.198020,1.900000,24.320650,1.867647,17.000000,0.655172
0.076923,0.098938,2.307692,28.290566,1.766667,21.000000,0.697674
0.142857,0.488649,3.000000,17.987627,1.727273,11.000000,0.750000
0.142857,0.004525,1.714286,30.000000,1.428571,7.000000,0.631579
0.142857,0.488649,3.000000,17.987627,1.727273,11.000000,0.750000
0.142857,0.000000,1.714286,30.000000,1.428571,7.000000,0.631579
0.142857,0.188244,1.714286,30.000000,1.428571,7.000000,0.631579
0.142857,0.488649,3.000000,17.987627,1.727273,11.000000,0.750000
0.100000,0.363521,2.285714,28.505670,1.794118,17.000000,0.695652
0.037037,0.053382,2.057143,27.564555,2.037662,56.000000,0.672897
0.037037,0.107838,2.709677,23.302842,2.011396,27.000000,0.730435
0.200000,0.825339,5.000000,27.016877,1.000000,5.000000,0.833333
0.200000,0.156445,1.769231,24.758096,1.758170,18.000000,0.638889
0.142857,0.519747,2.500000,30.000000,1.472222,9.000000,0.714286
0.142857,1.000000,3.588235,28.385301,1.864528,34.000000,0.782051
0.142857,0.519747,2.500000,30.000000,1.472222,9.000000,0.714286
0.142857,0.519747,2.500000,30.000000,1.472222,9.000000,0.714286
0.142857,1.000000,3.588235,28.385301,1.864528,34.000000,0.782051
0.142857,1.000000,3.588235,28.385301,1.864528,34.000000,0.782051
0.100000,0.767656,1.000000,27.500145,2.048128,34.000000,0.500000
0.066667,0.624407,2.500000,17.305816,1.819048,15.000000,0.714286
0.066667,0.005812,2.625000,28.599762,1.823529,18.000000,0.724138
0.200000,0.540044,2.666667,21.507652,1.672515,19.000000,0.727273
0.200000,0.757346,2.333333,25.415452,1.300000,5.000000,0.700000
0.066667,0.423275,3.750000,25.258519,1.657143,15.000000,0.789474
0.076923,0.493326,2.254902,28.918457,2.109531,38.000000,0.692771
0.076923,0.193967,2.000000,26.598240,1.756410,13.000000,0.666667
0.100000,0.011678,3.500000,22.052871,1.709091,11.000000,0.777778
0.076923,0.134357,2.222222,29.732470,1.766667,21.000000,0.689655
0.066667,0.226052,1.527778,23.755971,1.768421,20.000000,0.604396
0.066667,0.832743,1.640000,23.918984,1.609524,15.000000,0.621212
0.200000,0.856307,1.000000,27.500145,2.048128,34.000000,0.500000
0.200000,0.003922,1.750000,27.299036,1.300000,5.000000,0.636364
0.062500,0.164018,2.395349,28.785431,1.905747,30.000000,0.705479
0.083333,0.438900,3.166667,26.441267,1.960474,23.000000,0.760000
0.083333,0.155194,1.928571,28.794001,1.727273,12.000000,0.658537
0.166667,0.166618,2.757576,24.520578,2.049261,29.000000,0.733871
0.166667,0.142618,1.571429,26.189783,1.266667,6.000000,0.611111
0.076923,1.000000,2.500000,25.263943,1.743590,13.000000,0.714286
0.076923,0.589422,2.000000,28.701106,1.717949,13.000000,0.666667
0.071429,0.982184,1.909091,28.232440,1.538462,14.000000,0.656250
0.166667,0.864957,2.041667,26.966417,1.533333,15.000000,0.671233
0.166667,1.000000,1.833333,20.009127,1.266667,6.000000,0.647059
0.090909,0.714181,2.434783,28.439685,1.647059,17.000000,0.708861
0.090909,0.082982,2.600000,23.055429,1.581818,11.000000,0.722222
0.066667,0.679256,2.375000,28.516435,1.692810,18.000000,0.703704
0.125000,0.442036,3.166667,27.071206,1.960474,23.000000,0.760000
0.125000,0.421320,1.750000,13.934422,1.500000,8.000000,0.636364
0.111111,0.031040,3.000000,23.590863,1.583333,9.000000,0.750000
0.062500,0.233142,1.407407,30.000000,1.758333,16.000000,0.584615
0.062500,1.000000,1.875000,25.178846,1.853755,23.000000,0.652174
0.041667,0.818278,1.000000,27.500145,2.048128,34.000000,0.500000
0.090909,0.033798,1.818182,29.086773,1.684211,20.000000,0.645161
0.100000,0.048891,2.833333,24.636328,1.676190,15.000000,0.739130
0.066667,0.666952,1.555556,29.250599,1.790476,15.000000,0.608696
0.066667,0.345867,1.580000,29.738272,1.782609,24.000000,0.612403
0.166667,0.227283,4.166667,28.995224,2.023392,19.000000,0.806452
0.076923,0.621976,1.857143,22.862977,1.666667,13.000000,0.650000
0.250000,0.171798,1.722222,27.850272,1.933333,15.000000,0.632653
0.090909,0.242069,1.364865,27.584972,2.032086,34.000000,0.577143
0.250000,1.000000,2.000000,22.470296,1.428571,7.000000,0.666667
0.142857,0.170453,3.000000,17.986128,1.694444,9.000000,0.750000
0.142857,0.473691,1.750000,10.854255,1.571429,8.000000,0.636364
0.142857,0.208687,5.000000,27.032334,1.723810,15.000000,0.833333
0.062500,0.346392,1.310345,30.000000,1.758333,16.000000,0.567164
0.250000,0.129032,6.000000,22.500000,1.000000,4.000000,0.857143
0.200000,0.220528,1.666667,20.731993,1.802198,14.000000,0.625000
0.250000,0.003984,6.000000,22.500000,1.000000,4.000000,0.857143
0.166667,0.543988,2.625000,28.478389,1.823529,18.000000,0.724138
0.111111,0.003984,2.600000,29.537104,1.277778,9.000000,0.722222
0.166667,1.000000,1.833333,20.009127,1.266667,6.000000,0.647059
0.166667,0.420212,2.725000,28.692390,1.956322,30.000000,0.731544
0.125000,0.314793,2.026087,28.107638,2.024803,58.000000,0.669540
0.090909,0.592015,2.111111,27.859704,1.654545,11.000000,0.678571
0.090909,0.136185,1.845455,27.807547,2.000754,52.000000,0.648562
0.055556,0.003984,2.296296,29.928915,1.594771,18.000000,0.696629
0.055556,0.307810,1.933884,28.298513,2.041496,59.000000,0.659155
0.031250,0.111838,1.901961,29.130094,2.006803,49.000000,0.655405
0.034483,0.213882,2.018018,28.303243,2.031328,57.000000,0.668657
0.034483,0.050041,2.527778,26.819519,2.049261,29.000000,0.716535
0.250000,0.196778,1.982301,28.529998,2.031328,57.000000,0.664688
0.250000,1.000000,2.000000,30.000000,1.000000,4.000000,0.666667
0.166667,0.249650,1.311688,28.137559,2.032086,34.000000,0.567416
0.200000,0.928356,1.750000,28.701993,1.300000,5.000000,0.636364
0.200000,0.437496,1.714286,25.213805,1.651515,12.000000,0.631579
0.071429,0.182272,1.814815,27.435143,1.616667,16.000000,0.644737
0.071429,0.498604,2.100000,28.916613,1.833992,23.000000,0.677419
0.083333,0.865242,1.409091,12.820855,1.575758,12.000000,0.584906
0.111111,0.404411,2.068966,26.365205,1.762846,23.000000,0.674157
0.250000,0.278343,2.333333,27.614298,1.727273,11.000000,0.700000
0.090909,0.508679,3.000000,26.036408,1.923077,13.000000,0.750000
0.090909,0.903474,2.333333,26.089878,1.696970,12.000000,0.700000
0.250000,0.278343,2.333333,27.614298,1.727273,11.000000,0.700000
0.100000,0.399132,1.476190,28.727211,1.736264,14.000000,0.596154
0.100000,0.775915,6.333333,29.175251,1.666667,10.000000,0.863636
0.058824,0.062449,2.500000,24.172277,1.889706,17.000000,0.714286
0.058824,0.016260,2.550000,27.588229,1.880952,21.000000,0.718310
0.055556,0.159299,1.761905,25.754118,1.758170,18.000000,0.637931
0.083333,0.419618,3.333333,20.790340,1.924242,12.000000,0.769231
0.052632,0.609368,3.250000,27.071514,1.857143,22.000000,0.764706
0.083333,0.418353,3.111111,29.863047,1.794737,20.000000,0.756757
0.083333,0.418353,3.111111,29.863047,1.794737,20.000000,0.756757
0.142857,0.089520,1.722222,27.850272,1.933333,15.000000,0.632653
0.142857,1.000000,2.000000,22.470296,1.428571,7.000000,0.666667
0.076923,0.096895,2.461538,27.624312,1.653846,13.000000,0.711111
0.076923,0.304591,1.631579,29.948908,1.933333,15.000000,0.620000
0.250000,0.151709,5.000000,29.527258,1.733333,16.000000,0.833333
0.142857,0.999999,1.250000,17.542172,1.600000,10.000000,0.555556
0.142857,0.061367,1.826087,28.605719,1.538462,14.000000,0.646154
0.222222,0.282950,1.260870,27.194501,1.868132,14.000000,0.557692
0.222222,0.346430,1.818182,25.565355,1.472222,9.000000,0.645161
0.250000,0.151709,5.000000,29.527258,1.733333,16.000000,0.833333
0.166667,0.079022,2.117647,27.404386,1.741667,16.000000,0.679245
0.076923,0.688571,1.600000,27.461337,1.703297,14.000000,0.615385
0.076923,0.252866,2.454545,29.759235,1.653846,13.000000,0.710526
0.142857,0.094557,3.978261,27.733186,1.871080,42.000000,0.799127
0.083333,0.044830,1.116505,28.856777,2.061166,38.000000,0.527523
0.083333,1.000000,1.866667,15.108591,1.575758,12.000000,0.651163
0.200000,0.200000,1.750000,20.784216,1.300000,5.000000,0.636364
0.200000,1.000000,1.866667,15.108591,1.575758,12.000000,0.651163
0.200000,0.004292,4.000000,30.000000,1.200000,5.000000,0.800000
0.200000,0.333537,2.036364,24.822552,1.998106,33.000000,0.670659
0.083333,0.333537,2.036364,24.822552,1.998106,33.000000,0.670659
0.083333,0.142857,3.333333,20.011789,1.878788,12.000000,0.769231
0.100000,0.178094,2.333333,28.399011,1.377778,10.000000,0.700000
0.071429,0.015936,3.829268,27.751255,1.874494,39.000000,0.792929
0.071429,0.415179,1.789474,29.475537,1.626374,14.000000,0.641509
0.066667,0.241720,2.833333,22.466687,1.790476,15.000000,0.739130
0.125000,0.077133,3.546875,29.052834,2.099592,50.000000,0.780069
0.043478,0.406831,1.750000,22.702133,2.052419,32.000000,0.636364
0.100000,0.585668,2.166667,28.107193,1.444444,10.000000,0.684211
0.100000,0.584855,1.695652,16.145809,1.877193,19.000000,0.629032
0.043478,0.211623,2.797101,26.799443,2.119807,46.000000,0.736641
0.250000,1.000000,1.500000,29.289951,1.870968,32.000000,0.600000
0.166667,1.000000,1.617647,29.222384,1.863636,33.000000,0.617978
0.047619,1.000000,1.933333,26.220614,1.863698,39.000000,0.659091
0.047619,0.284612,3.047619,29.179761,1.695238,21.000000,0.752941
0.066667,0.131420,1.708333,19.959888,1.609524,15.000000,0.630769
0.066667,1.000000,1.416667,29.658459,1.870968,32.000000,0.586207
0.060606,1.000000,1.863636,27.513789,1.790769,26.000000,0.650794
0.166667,0.132456,2.500000,30.000000,1.333333,6.000000,0.714286
0.166667,1.000000,1.569231,28.690840,1.870968,32.000000,0.610778
0.058824,1.000000,1.763889,27.825317,1.868254,36.000000,0.638191
0.058824,0.589457,2.210526,27.750148,1.875000,17.000000,0.688525
0.200000,0.345558,1.727273,30.000000,1.880952,28.000000,0.633333
0.055556,0.215702,1.387097,26.901220,1.810458,18.000000,0.581081
0.055556,0.035493,3.412698,27.949190,1.902482,48.000000,0.773381
0.111111,0.215702,1.387097,26.901220,1.810458,18.000000,0.581081
0.100000,0.125000,1.583333,10.643337,1.577778,10.000000,0.612903
0.111111,0.551447,4.750000,26.040389,1.472222,9.000000,0.826087
0.111111,0.329984,1.928571,28.051078,1.727273,12.000000,0.658537
0.058824,0.123150,1.566667,29.127675,1.752632,20.000000,0.610390
0.058824,0.397790,1.583333,27.673482,1.852941,17.000000,0.612903
0.076923,0.060177,4.638889,28.089171,2.024359,40.000000,0.822660
0.071429,0.044341,1.763158,20.612265,1.709957,22.000000,0.638095
0.071429,0.327917,1.823529,28.711357,1.778462,26.000000,0.645833
0.052632,0.006134,2.065217,29.488828,1.880952,28.000000,0.673759
0.142857,0.835474,2.193548,29.011477,1.602339,19.000000,0.686869
0.076923,0.881303,2.137931,30.000000,1.594771,18.000000,0.681319
0.200000,0.722874,1.750000,28.738898,1.300000,5.000000,0.636364
0.250000,0.227513,3.500000,27.323083,1.500000,8.000000,0.777778
0.125000,0.896354,1.750000,23.152715,1.571429,8.000000,0.636364
0.066667,0.541467,2.692308,14.246014,1.750000,16.000000,0.729167
0.111111,0.899748,3.333333,28.779284,2.110588,51.000000,0.769231
0.090909,0.910376,3.574074,27.390493,2.116908,46.000000,0.781377
0.090909,1.000000,6.000000,30.000000,1.974359,13.000000,0.857143
0.090909,0.910376,3.574074,27.390493,2.116908,46.000000,0.781377
0.090909,0.037663,6.000000,30.000000,1.974359,13.000000,0.857143
0.100000,0.928218,3.721311,28.836221,2.099592,50.000000,0.788194
0.100000,0.490703,1.500000,25.762861,1.711111,10.000000,0.600000
0.071429,1.000000,1.619048,23.152346,1.626374,14.000000,0.618182
0.071429,0.170743,1.288462,28.556530,2.030769,40.000000,0.563025
0.200000,0.120201,1.750000,28.613354,1.300000,5.000000,0.636364
0.200000,1.000000,1.619048,23.152346,1.626374,14.000000,0.618182
0.058824,0.024951,1.105769,29.503733,2.061166,38.000000,0.525114
0.111111,0.167913,2.533333,30.000000,1.746667,25.000000,0.716981
0.250000,0.042405,1.750000,26.093676,1.533333,10.000000,0.636364
0.200000,0.000000,3.318182,30.000000,1.786561,23.000000,0.768421
0.200000,0.000000,3.318182,30.000000,1.786561,23.000000,0.768421
0.250000,0.067649,3.125000,29.704203,1.600000,11.000000,0.757576
0.111111,0.605335,1.666667,27.233648,1.305556,9.000000,0.625000
0.062500,0.062216,1.428571,24.607691,1.808333,16.000000,0.588235
0.062500,0.020052,1.620690,28.565508,1.752632,20.000000,0.618421
0.062500,0.062216,1.428571,24.607691,1.808333,16.000000,0.588235
0.062500,0.465964,1.788462,28.907917,1.778462,26.000000,0.641379
0.142857,0.558478,2.000000,29.135893,1.733333,10.000000,0.666667
0.111111,0.037838,2.250000,25.544594,1.583333,9.000000,0.692308
0.090909,0.012876,1.533333,26.890729,1.672727,11.000000,0.605263
0.076923,0.050000,4.428571,28.691744,1.602564,13.000000,0.815789
0.076923,0.053978,1.727273,28.445468,1.926667,25.000000,0.633333
0.076923,0.393789,1.600000,26.465245,1.716667,16.000000,0.615385
0.076923,0.100031,1.928571,30.000000,1.653846,13.000000,0.658537
0.076923,0.008475,4.428571,28.691744,1.602564,13.000000,0.815789
0.076923,0.053978,1.727273,28.445468,1.926667,25.000000,0.633333
0.090909,0.365773,1.700000,28.144180,1.909091,23.000000,0.629630
0.090909,0.103544,2.684211,27.915996,1.830065,18.000000,0.728571
0.142857,0.411281,1.742857,26.195661,1.948052,22.000000,0.635417
0.142857,0.105263,1.571429,26.213735,1.476190,7.000000,0.611111
0.200000,0.062122,1.205357,28.300560,2.040244,41.000000,0.546559
0.166667,0.135862,2.000000,30.000000,1.333333,6.000000,0.666667
0.125000,0.930971,0.907216,28.421047,2.022989,30.000000,0.475676
0.076923,0.217887,1.566667,9.028684,1.692810,18.000000,0.610390
0.083333,0.324476,1.933333,27.202966,1.606061,12.000000,0.659091
0.076923,0.177566,1.115385,25.299387,1.935065,22.000000,0.527273
0.041667,0.004255,2.000000,28.635015,2.080769,40.000000,0.666667
0.058824,0.004255,3.000000,28.637245,1.757353,17.000000,0.750000
0.125000,0.165786,1.761905,28.024770,1.816667,16.000000,0.637931
0.125000,0.029724,2.800000,27.379413,1.500000,8.000000,0.736842
0.100000,0.699319,1.620690,30.000000,1.917749,22.000000,0.618421
0.111111,0.376273,1.500000,29.369351,1.638889,9.000000,0.600000
0.100000,0.280226,1.105769,29.133295,2.061166,38.000000,0.525114
0.166667,0.975536,2.200000,26.702776,1.266667,6.000000,0.687500
0.166667,0.212299,1.740741,28.333941,1.752632,20.000000,0.635135
0.083333,0.947201,2.555556,30.000000,2.181818,12.000000,0.718750
0.083333,0.203801,1.793103,28.797913,1.752381,21.000000,0.641975
0.050000,0.345740,1.134454,28.677559,2.040244,41.000000,0.531496
0.050000,0.291639,2.000000,16.638119,1.952632,20.000000,0.666667
0.083333,0.947201,2.555556,30.000000,2.181818,12.000000,0.718750
0.083333,0.051616,2.000000,29.050441,1.589744,13.000000,0.666667
0.142857,0.183018,2.620690,30.000000,1.746667,25.000000,0.723810
0.142857,0.987199,1.333333,28.767708,1.476190,7.000000,0.571429
0.142857,1.000000,1.625000,21.088273,1.380952,7.000000,0.619048
0.083333,0.000000,3.241379,28.208000,2.021505,31.000000,0.764228
0.083333,0.223815,1.142857,28.225514,1.772727,12.000000,0.533333
0.055556,0.491930,1.500000,27.429530,1.816993,18.000000,0.600000
0.055556,0.204330,1.677419,28.997467,1.752381,21.000000,0.626506
0.055556,0.491930,1.500000,27.429530,1.816993,18.000000,0.600000
0.055556,0.051248,2.122807,27.631097,1.830108,31.000000,0.679775
0.111111,0.000000,1.363636,30.000000,1.638889,9.000000,0.576923
0.090909,0.048636,1.414894,29.196995,1.994602,39.000000,0.585903
0.111111,0.002066,3.588235,29.164607,1.877470,23.000000,0.782051
0.090909,0.000000,1.611111,29.055581,1.950769,26.000000,0.617021
0.066667,0.000000,1.600000,25.559056,1.666667,16.000000,0.615385
0.200000,0.900343,1.538462,13.050045,1.555556,10.000000,0.606061
0.166667,1.000000,2.750000,24.915867,1.266667,6.000000,0.733333
0.166667,0.974488,1.176471,20.569217,1.600000,10.000000,0.540541
0.066667,1.000000,1.541667,23.797247,1.647619,15.000000,0.606557
0.066667,0.207757,1.134454,28.618635,2.040244,41.000000,0.531496
0.166667,1.000000,1.541667,23.797247,1.647619,15.000000,0.606557
0.166667,0.142857,2.750000,25.939545,1.266667,6.000000,0.733333
0.100000,0.985291,1.111111,29.066999,1.600000,10.000000,0.526316
0.142857,0.230294,1.281250,13.132090,1.860294,17.000000,0.561644
0.250000,0.356482,1.875000,27.094720,1.638889,9.000000,0.652174
0.166667,0.239766,2.200000,27.220532,1.266667,6.000000,0.687500
0.166667,0.139606,1.367347,29.261643,2.003846,40.000000,0.577586
0.166667,0.004184,1.800000,24.696608,1.400000,6.000000,0.642857
0.166667,0.295446,3.250000,30.000000,1.133333,6.000000,0.764706
0.166667,0.908361,1.153846,22.552513,1.815789,20.000000,0.535714
0.125000,0.940092,0.961538,22.165862,1.997151,27.000000,0.490196
0.125000,0.397135,5.000000,25.198248,1.464286,8.000000,0.833333
0.200000,0.814263,2.250000,28.937223,1.733333,10.000000,0.692308
0.250000,0.068501,1.607143,30.000000,1.582418,14.000000,0.616438
0.250000,0.008403,6.000000,30.000000,1.000000,4.000000,0.857143
0.142857,0.899098,1.600000,23.416741,1.428571,8.000000,0.615385
0.142857,1.000000,1.687500,17.838743,1.509091,11.000000,0.627907
0.062500,0.602863,1.510638,17.439672,1.815385,26.000000,0.601695
0.062500,0.674397,1.600000,25.559056,1.666667,16.000000,0.615385
0.062500,0.166746,2.958333,28.119309,2.003623,24.000000,0.747368
0.062500,0.674397,1.600000,25.559056,1.666667,16.000000,0.615385
0.166667,1.000000,1.571429,15.767725,1.266667,6.000000,0.611111
0.166667,0.042863,3.368421,29.508931,1.913043,24.000000,0.771084
0.166667,1.000000,1.833333,18.450873,1.266667,6.000000,0.647059
0.166667,0.025981,3.666667,29.663371,1.266667,6.000000,0.785714
0.166667,1.000000,1.833333,18.450873,1.266667,6.000000,0.647059
0.166667,0.000000,2.583333,28.641720,1.754941,23.000000,0.720930
0.166667,1.000000,1.833333,18.450873,1.266667,6.000000,0.647059
0.166667,0.025981,3.666667,29.663371,1.266667,6.000000,0.785714
0.111111,1.000000,1.300000,28.543160,1.783626,19.000000,0.565217
0.111111,0.594913,2.833333,28.409524,1.527778,9.000000,0.739130
0.250000,0.467450,2.310345,28.285000,1.735931,22.000000,0.697917
0.066667,0.134564,2.086207,27.827698,1.830108,31.000000,0.675978
0.142857,0.121693,2.000000,19.066042,1.500000,9.000000,0.666667
0.066667,0.353031,1.916667,29.201393,1.727273,23.000000,0.657143
0.142857,0.271935,3.053333,29.086013,1.902857,50.000000,0.753289
0.071429,0.359945,1.605263,27.173854,1.891775,22.000000,0.616162
0.142857,0.073227,1.750000,24.919097,1.681319,14.000000,0.636364
0.111111,0.722215,1.411765,25.154992,1.801170,19.000000,0.585366
0.125000,0.087555,1.500000,26.250000,1.500000,8.000000,0.600000
0.125000,0.395123,2.454545,22.780304,1.681818,12.000000,0.710526
0.111111,0.832949,3.588235,29.777320,1.877470,23.000000,0.782051
0.100000,1.000000,1.468085,14.787290,2.068376,27.000000,0.594828
0.100000,1.000000,1.588235,24.872830,1.400000,10.000000,0.613636
0.111111,0.832949,3.588235,29.777320,1.877470,23.000000,0.782051
0.200000,1.000000,2.700000,28.853854,1.651515,12.000000,0.729730
0.100000,0.318383,2.333333,26.547070,1.600000,10.000000,0.700000
0.100000,0.040000,1.733333,28.934593,1.606061,12.000000,0.634146
0.250000,0.231838,3.000000,29.733518,1.428571,7.000000,0.750000
0.111111,0.432722,1.894737,29.039724,1.538462,13.000000,0.654545
0.200000,0.125907,1.666667,26.795476,1.807018,19.000000,0.625000
0.111111,0.009351,1.695652,27.280949,1.741667,16.000000,0.629032
0.100000,0.656259,1.583333,10.643337,1.577778,10.000000,0.612903
0.100000,0.289725,1.842105,30.000000,1.615385,14.000000,0.648148
0.083333,0.256615,1.621622,20.011796,1.684211,20.000000,0.618557
0.083333,1.000000,1.428571,27.398387,1.683824,17.000000,0.588235
0.083333,0.432641,2.590909,27.871569,1.753247,22.000000,0.721519
0.083333,0.459058,1.611111,29.983903,1.590909,12.000000,0.617021
0.111111,0.062558,1.953125,28.845142,1.869318,33.000000,0.661376
0.111111,0.608666,2.833333,24.273188,1.583333,9.000000,0.739130
0.250000,1.000000,2.000000,30.000000,1.333333,6.000000,0.666667
0.166667,0.189542,1.356436,27.074947,2.041463,41.000000,0.575630
0.200000,0.544884,1.833333,25.876396,1.654545,11.000000,0.647059
0.166667,0.715837,2.166667,27.477289,1.527273,11.000000,0.684211
0.062500,0.024784,1.338983,24.210416,1.899015,29.000000,0.572464
0.062500,0.697447,1.538462,27.106508,1.666667,16.000000,0.606061
0.062500,0.188609,2.857143,27.874697,1.987692,26.000000,0.740741
0.062500,0.697447,1.538462,27.106508,1.666667,16.000000,0.606061
0.250000,0.016683,1.788462,28.278845,1.772308,26.000000,0.641379
0.034483,0.541817,2.800000,23.877158,1.965517,29.000000,0.736842
0.034483,0.620073,1.983333,29.456219,1.956303,35.000000,0.664804
0.250000,0.779356,2.111111,29.953078,1.500000,9.000000,0.678571
0.125000,0.662196,1.611111,28.552392,1.950769,26.000000,0.617021
0.125000,0.542603,2.714286,28.316243,1.812865,19.000000,0.730769
0.062500,0.491798,2.277778,26.733952,1.825000,16.000000,0.694915
0.062500,0.220771,2.190476,28.637109,1.743333,25.000000,0.686567
0.125000,0.400867,1.682927,27.539550,1.920949,23.000000,0.627273
0.125000,1.000000,1.875000,25.820016,1.464286,8.000000,0.652174
0.166667,0.391540,2.166667,30.000000,1.277778,9.000000,0.684211
0.100000,0.000000,2.000000,29.653338,1.600000,10.000000,0.666667
0.100000,0.008113,1.933333,27.928342,1.757143,21.000000,0.659091
0.200000,1.000000,1.510638,17.439672,1.815385,26.000000,0.601695
0.045455,1.000000,1.510638,17.439672,1.815385,26.000000,0.601695
0.045455,0.006543,1.380952,27.850686,1.935065,22.000000,0.580000
0.111111,0.000000,1.818182,27.174537,1.555556,10.000000,0.645161
0.111111,0.534364,2.428571,12.208002,1.805556,9.000000,0.708333
0.100000,0.231150,7.000000,27.972314,1.533333,10.000000,0.875000
0.100000,0.973956,1.384615,29.721236,1.800000,16.000000,0.580645
0.166667,0.008621,3.666667,30.000000,1.266667,6.000000,0.785714
0.100000,0.229984,2.583333,29.680586,1.754941,23.000000,0.720930
0.166667,0.008621,3.666667,30.000000,1.266667,6.000000,0.785714
0.142857,0.293854,3.200000,29.636860,1.913043,24.000000,0.761905
0.037037,1.000000,2.068966,28.206702,2.069512,41.000000,0.674157
0.250000,0.124307,6.000000,25.830360,1.000000,4.000000,0.857143
0.250000,1.000000,1.815789,26.561181,1.910769,26.000000,0.644860
0.111111,0.113860,4.850000,28.447948,1.908832,27.000000,0.829060
0.111111,0.071325,4.850000,28.447948,1.908832,27.000000,0.829060
0.153846,0.840764,1.812500,27.935379,1.780220,14.000000,0.644444
0.153846,0.246802,2.666667,29.910090,1.428571,8.000000,0.727273
0.153846,0.840764,1.812500,27.935379,1.780220,14.000000,0.644444
0.153846,0.441965,2.666667,29.910090,1.428571,8.000000,0.727273
0.052632,0.140576,1.923077,29.797968,1.869318,33.000000,0.657895
0.125000,0.986090,2.277778,20.426248,1.869281,18.000000,0.694915
0.083333,0.323215,3.764706,28.910520,1.913043,24.000000,0.790123
0.083333,1.000000,1.545455,20.690304,1.515152,12.000000,0.607143
0.125000,0.440995,1.400000,28.651966,2.026667,25.000000,0.583333
0.250000,0.254257,1.666667,13.725409,1.742424,12.000000,0.625000
0.066667,0.803873,1.666667,23.120635,1.904412,17.000000,0.625000
0.062500,0.368646,1.666667,26.795476,1.807018,19.000000,0.625000
0.062500,0.348708,1.842105,27.605288,1.741667,16.000000,0.648148
0.076923,0.297084,1.326087,27.629989,2.003623,24.000000,0.570093
0.076923,0.877130,1.153846,26.512912,1.705128,13.000000,0.535714
0.076923,0.877130,1.153846,26.512912,1.705128,13.000000,0.535714
0.076923,0.297084,1.326087,27.629989,2.003623,24.000000,0.570093
0.083333,0.877130,1.153846,26.512912,1.705128,13.000000,0.535714
0.083333,0.150374,2.384615,27.354480,1.530303,12.000000,0.704545
0.250000,0.262830,1.576923,29.728200,1.889706,17.000000,0.611940
0.083333,0.150374,2.384615,27.354480,1.530303,12.000000,0.704545
0.083333,0.877130,1.153846,26.512912,1.705128,13.000000,0.535714
0.071429,0.273367,4.833333,29.727720,1.780220,14.000000,0.828571
0.071429,0.364701,2.352941,26.375818,1.676190,15.000000,0.701754
0.125000,0.117561,1.461538,29.761755,1.758333,16.000000,0.593750
0.250000,0.388049,1.962963,29.257500,1.690058,19.000000,0.662500
0.111111,0.477192,1.909091,26.666667,1.416667,9.000000,0.656250
0.100000,0.212571,2.000000,26.523338,1.555556,10.000000,0.666667
0.083333,0.033376,1.600000,20.232376,1.678363,19.000000,0.615385
0.090909,0.037490,1.923077,30.000000,1.654545,11.000000,0.657895
0.142857,0.458374,4.000000,30.000000,1.500000,8.000000,0.800000
0.142857,0.495357,1.338983,24.210416,1.899015,29.000000,0.572464
0.142857,0.034146,2.000000,30.000000,1.333333,7.000000,0.666667
0.111111,0.016877,1.253968,26.759307,1.899015,29.000000,0.556338
0.058824,0.474462,1.583333,30.000000,1.786765,17.000000,0.612903
0.058824,0.397019,1.755102,28.865344,2.083871,31.000000,0.637037
0.083333,0.008772,1.451613,30.000000,1.727941,17.000000,0.592105
0.100000,0.008772,8.333333,29.900246,1.444444,10.000000,0.892857
0.047619,0.281681,1.696970,29.277134,1.890476,21.000000,0.629213
0.047619,0.350918,2.548387,25.159352,2.025641,27.000000,0.718182
0.035714,0.063988,1.274194,25.718539,1.899015,29.000000,0.560284
0.200000,0.814118,2.636364,8.937040,1.813187,14.000000,0.725000
0.055556,0.806602,1.523810,22.016356,1.678363,19.000000,0.603774
0.100000,0.363159,1.823529,28.397211,1.778462,26.000000,0.645833
0.100000,0.291869,6.000000,30.000000,1.533333,10.000000,0.857143
0.111111,0.805486,1.250000,30.000000,1.638889,9.000000,0.555556
0.142857,0.126904,3.750000,27.103306,1.285714,7.000000,0.789474
0.142857,0.704582,1.274194,25.718539,1.899015,29.000000,0.560284
0.034483,0.680731,1.464286,26.324205,1.857143,29.000000,0.594203
0.034483,0.029899,1.769231,26.623913,2.064634,41.000000,0.638889
0.090909,0.745280,1.438596,27.877698,1.857143,29.000000,0.589928
0.250000,0.229403,2.620690,29.803926,1.746667,25.000000,0.723810
0.142857,0.594002,1.769231,29.675282,1.757576,12.000000,0.638889
0.076923,0.025513,1.714286,21.265051,1.730769,13.000000,0.631579
0.076923,0.153615,1.571429,29.035510,1.928105,18.000000,0.611111
0.142857,0.594002,1.769231,29.675282,1.757576,12.000000,0.638889
0.142857,0.594002,1.769231,29.675282,1.757576,12.000000,0.638889
0.142857,0.594002,1.769231,29.675282,1.757576,12.000000,0.638889
0.142857,0.594002,1.769231,29.675282,1.757576,12.000000,0.638889
0.166667,0.181702,1.894737,29.434883,1.538462,13.000000,0.654545
0.166667,0.090353,1.800000,16.976716,1.400000,6.000000,0.642857
0.142857,0.594002,1.769231,29.675282,1.757576,12.000000,0.638889
0.142857,0.594002,1.769231,29.675282,1.757576,12.000000,0.638889
0.050000,0.138469,2.628571,28.707392,1.929032,31.000000,0.724409
0.050000,0.371295,1.139535,25.501598,1.942105,20.000000,0.532609
0.090909,1.000000,1.666667,27.397348,1.490909,11.000000,0.625000
0.142857,0.122402,2.000000,29.369917,1.476190,7.000000,0.666667
0.071429,0.013453,1.750000,26.021979,1.683333,16.000000,0.636364
0.071429,1.000000,4.800000,20.038131,2.043956,14.000000,0.827586
0.066667,0.330337,1.791667,28.795841,1.590476,15.000000,0.641791
0.200000,0.121293,2.333333,30.000000,1.300000,5.000000,0.700000
0.071429,0.397864,0.903226,29.799878,1.901099,14.000000,0.474576
0.071429,0.256682,1.833333,28.935641,1.738562,18.000000,0.647059
0.071429,1.000000,1.705882,30.000000,1.681319,14.000000,0.630435
0.071429,0.040561,1.293103,29.469041,2.077778,45.000000,0.563910
0.083333,1.000000,4.166667,27.874878,1.621212,12.000000,0.806452
0.062500,0.299318,2.030303,29.173294,1.723810,21.000000,0.670000
0.062500,1.000000,1.500000,13.278333,1.691667,16.000000,0.600000
0.058824,0.075802,1.351351,29.190059,2.077778,45.000000,0.574713
0.058824,0.354100,1.692308,22.975710,1.735294,17.000000,0.628571
0.083333,0.354100,1.692308,22.975710,1.735294,17.000000,0.628571
0.083333,0.359918,1.900000,29.893373,1.712121,12.000000,0.655172
0.125000,0.443568,1.700000,29.437868,1.392857,8.000000,0.629630
0.125000,0.354100,1.692308,22.975710,1.735294,17.000000,0.628571
0.100000,0.223806,2.625000,28.440242,1.533333,10.000000,0.724138
0.076923,0.506903,2.322581,27.696518,1.988506,30.000000,0.699029
0.076923,0.144149,1.352381,29.037049,2.067553,43.000000,0.574899
0.125000,0.859453,1.888889,30.000000,1.428571,8.000000,0.653846
0.066667,0.947628,2.400000,26.826789,1.735294,17.000000,0.705882
0.076923,0.005811,3.307692,28.818489,1.448718,13.000000,0.767857
0.076923,1.000000,3.055556,28.750000,2.152174,24.000000,0.753425
0.250000,0.382812,5.095238,29.557376,1.888889,28.000000,0.835938
0.250000,0.671223,5.095238,29.557376,1.888889,28.000000,0.835938
0.066667,0.214455,3.181818,28.249027,1.780952,15.000000,0.760870
0.066667,0.418884,1.750000,26.021979,1.683333,16.000000,0.636364
0.066667,0.418884,1.750000,26.021979,1.683333,16.000000,0.636364
0.066667,0.214455,3.181818,28.249027,1.780952,15.000000,0.760870
0.090909,0.334306,1.818182,29.350497,1.816667,16.000000,0.645161
0.090909,0.071301,1.533333,26.890729,1.672727,11.000000,0.605263
0.090909,1.000000,3.000000,30.000000,1.618182,11.000000,0.750000
0.047619,1.000000,2.130435,19.897899,1.933333,21.000000,0.680556
0.047619,0.111921,1.414894,29.102016,1.994602,39.000000,0.585903
0.090909,0.009009,2.444444,29.848850,1.802299,30.000000,0.709677
0.200000,1.000000,1.750000,30.000000,1.300000,5.000000,0.636364
0.142857,0.314959,2.526316,26.398751,1.713235,17.000000,0.716418
0.142857,0.013575,2.666667,27.213551,1.238095,7.000000,0.727273
0.055556,0.424983,1.392157,22.879919,1.747619,21.000000,0.581967
0.055556,0.424983,1.392157,22.879919,1.747619,21.000000,0.581967
0.066667,0.896402,1.275862,28.810833,1.791667,16.000000,0.560606
0.166667,0.314875,1.823529,23.374529,1.791209,14.000000,0.645833
0.125000,0.485421,2.000000,29.728798,1.428571,8.000000,0.666667
0.200000,0.719359,1.648649,27.216091,1.948052,22.000000,0.622449
0.111111,0.029251,2.500000,30.000000,1.472222,9.000000,0.714286
0.066667,0.157786,2.181818,28.120715,1.727273,22.000000,0.685714
0.142857,0.416643,2.500000,29.225833,1.812169,28.000000,0.714286
0.142857,0.674586,2.000000,30.000000,1.333333,7.000000,0.666667
0.050000,0.412144,2.781250,28.947923,1.908046,30.000000,0.735537
0.083333,0.225603,2.400000,29.068741,2.051282,13.000000,0.705882
0.200000,0.021834,8.000000,28.441740,1.200000,5.000000,0.888889
0.052632,0.541471,2.526316,22.805533,1.923977,19.000000,0.716418
0.052632,0.042812,2.550000,27.777846,1.880952,21.000000,0.718310
0.125000,0.117314,2.800000,27.565113,1.500000,8.000000,0.736842
0.125000,0.018241,2.550000,26.481778,1.880952,21.000000,0.718310
0.083333,0.268261,2.400000,29.068741,2.051282,13.000000,0.705882
0.090909,0.014862,2.500000,29.222205,1.874459,22.000000,0.714286
0.047619,1.000000,4.000000,30.000000,2.073593,22.000000,0.800000
0.047619,0.441492,2.433333,28.284254,2.259259,27.000000,0.708738
0.142857,0.598501,1.862069,24.699213,1.647059,18.000000,0.650602
0.250000,0.872476,3.428571,29.802729,1.941176,17.000000,0.774194
0.090909,0.093592,1.327434,29.307421,2.077778,45.000000,0.570342
0.200000,0.395141,2.107143,28.699396,2.228261,24.000000,0.678161
0.062500,0.902120,4.272727,26.044677,1.816667,16.000000,0.810345
0.062500,0.441492,2.433333,28.491012,2.259259,27.000000,0.708738
0.200000,0.164789,2.583333,29.506225,1.813187,14.000000,0.720930
0.250000,0.510869,3.428571,29.802729,1.941176,17.000000,0.774194
0.200000,1.000000,7.000000,29.686251,1.300000,5.000000,0.875000
0.090909,0.551518,1.750000,29.009274,1.618182,11.000000,0.636364
0.166667,0.416237,9.000000,29.689104,1.400000,6.000000,0.900000
0.166667,0.560562,2.000000,29.084722,1.428571,7.000000,0.666667
0.142857,0.722170,2.203704,28.165971,1.956303,35.000000,0.687861
0.200000,0.134140,2.937500,28.001594,1.835979,28.000000,0.746032
0.083333,0.644693,2.769231,27.758786,2.215385,26.000000,0.734694
0.083333,0.504361,1.080000,28.496520,1.833333,13.000000,0.519231
0.166667,1.000000,4.666667,29.400669,1.641026,13.000000,0.823529
0.166667,0.568975,1.176471,20.678103,1.800000,11.000000,0.540541
0.250000,1.000000,2.500000,30.000000,1.166667,4.000000,0.714286
0.125000,0.009615,2.333333,24.309915,1.571429,8.000000,0.700000
0.125000,0.411694,2.375000,17.922434,1.800000,11.000000,0.703704
0.250000,0.043898,2.500000,30.000000,1.166667,4.000000,0.714286
0.166667,0.312348,1.666667,24.379013,1.333333,6.000000,0.625000
0.166667,0.846931,8.000000,30.000000,1.333333,9.000000,0.888889
0.050000,0.414688,1.678571,23.922016,1.910526,20.000000,0.626667
0.050000,0.133049,1.745098,29.756784,2.043011,31.000000,0.635714
0.250000,1.000000,2.000000,28.480554,1.333333,4.000000,0.666667
0.045455,0.279159,2.206897,28.986140,2.032609,24.000000,0.688172
0.142857,0.680440,3.000000,25.210100,1.428571,7.000000,0.750000
0.037037,1.000000,1.468085,16.042983,2.068376,27.000000,0.594828
0.052632,1.000000,1.468085,14.787290,2.068376,27.000000,0.594828
0.052632,0.398025,2.037037,29.332634,1.730994,19.000000,0.670732
0.125000,1.000000,1.733333,30.000000,1.606061,12.000000,0.634146
0.200000,0.780200,1.750000,30.000000,1.300000,5.000000,0.636364
0.200000,1.000000,3.000000,28.416277,1.642857,8.000000,0.750000
0.200000,0.798125,1.750000,30.000000,1.300000,5.000000,0.636364
0.200000,1.000000,3.000000,28.416277,1.642857,8.000000,0.750000
0.200000,1.000000,3.000000,28.416277,1.642857,8.000000,0.750000
0.200000,0.761393,1.750000,30.000000,1.300000,5.000000,0.636364
0.200000,1.000000,3.000000,28.416277,1.642857,8.000000,0.750000
0.200000,0.780200,1.750000,30.000000,1.300000,5.000000,0.636364
0.200000,0.780200,1.750000,30.000000,1.300000,5.000000,0.636364
0.200000,1.000000,3.000000,28.416277,1.642857,8.000000,0.750000
0.200000,1.000000,3.000000,28.416277,1.642857,8.000000,0.750000
0.200000,0.780200,1.750000,30.000000,1.300000,5.000000,0.636364
0.200000,0.780200,1.750000,30.000000,1.300000,5.000000,0.636364
0.200000,1.000000,3.000000,28.416277,1.642857,8.000000,0.750000
0.062500,0.004027,1.473684,29.834923,1.890476,21.000000,0.595745
0.062500,0.711290,1.842105,22.170280,1.850000,16.000000,0.648148
0.062500,0.111832,2.000000,26.239060,2.049462,31.000000,0.666667
0.062500,0.706769,1.842105,24.620527,1.850000,16.000000,0.648148
0.062500,0.282501,1.282051,29.615184,2.077778,45.000000,0.561798
0.062500,0.711290,1.842105,22.170280,1.850000,16.000000,0.648148
0.045455,0.805952,3.294118,26.292246,2.035573,23.000000,0.767123
0.045455,1.000000,1.763158,29.810633,1.848485,22.000000,0.638095
0.090909,0.251575,1.833333,28.893718,1.600000,11.000000,0.647059
0.090909,0.772757,1.593750,29.733337,1.346154,13.000000,0.614458
0.045455,0.029526,2.200000,28.265166,2.053333,25.000000,0.687500
0.142857,0.473628,1.500000,29.645477,1.476190,7.000000,0.600000
0.142857,0.038975,2.916667,29.181430,1.780952,15.000000,0.744681
0.142857,0.038975,2.916667,29.181430,1.780952,15.000000,0.744681
0.142857,0.473628,1.500000,29.645477,1.476190,7.000000,0.600000
0.058824,0.122102,1.400000,21.232246,1.771429,21.000000,0.583333
0.058824,0.660172,2.076923,30.000000,1.602941,17.000000,0.675000
0.047619,0.309307,2.676471,29.193578,2.032184,30.000000,0.728000
0.047619,0.122102,1.400000,21.232246,1.771429,21.000000,0.583333
0.090909,0.146960,1.435897,22.152156,1.771429,21.000000,0.589474
0.125000,0.111557,1.833333,28.582039,1.600000,11.000000,0.647059
0.142857,1.000000,2.133333,30.000000,1.418182,11.000000,0.680851
0.090909,0.029013,1.600000,27.107993,1.900433,22.000000,0.615385
0.100000,0.297147,1.421053,25.100127,1.873684,20.000000,0.586957
0.100000,0.004329,2.166667,29.318552,1.616667,16.000000,0.684211
0.200000,1.000000,1.700000,26.473706,1.428571,8.000000,0.629630
0.142857,0.051228,2.133333,30.000000,1.418182,11.000000,0.680851
0.200000,0.004329,2.000000,24.000000,1.400000,5.000000,0.666667
0.200000,1.000000,2.526316,26.413822,2.136842,20.000000,0.716418
0.250000,1.000000,3.363636,27.712005,1.741667,16.000000,0.770833
0.083333,1.000000,1.875000,29.785381,1.769231,13.000000,0.652174
0.083333,1.000000,1.619048,28.553264,1.515152,12.000000,0.618182
0.083333,0.481397,1.800000,27.604669,2.076355,29.000000,0.642857
0.083333,1.000000,1.523810,22.932464,1.678363,19.000000,0.603774
0.200000,1.000000,2.000000,26.798023,1.400000,5.000000,0.666667
0.100000,1.000000,1.313433,26.741503,1.898925,31.000000,0.567742
0.100000,0.008621,2.416667,30.000000,1.355556,10.000000,0.707317
0.083333,1.000000,1.320755,21.376546,2.024615,26.000000,0.569106
0.083333,0.069935,3.222222,25.832903,1.621212,12.000000,0.763158
0.142857,0.012987,3.750000,30.000000,1.285714,7.000000,0.789474
0.142857,0.362492,1.438596,24.155638,1.857143,29.000000,0.589928
0.076923,0.348749,1.430108,28.950218,1.994602,39.000000,0.588496
0.083333,0.326370,1.294118,27.192175,1.898925,31.000000,0.564103
0.090909,0.362492,1.438596,24.155638,1.857143,29.000000,0.589928
0.083333,0.701296,1.777778,27.211105,1.545455,12.000000,0.640000
0.083333,0.410037,3.800000,28.559520,1.864528,34.000000,0.791667
0.090909,0.627798,1.692308,16.757657,1.600000,11.000000,0.628571
0.090909,0.362492,1.438596,24.155638,1.857143,29.000000,0.589928
0.076923,0.618135,4.428571,29.188176,1.602564,13.000000,0.815789
0.076923,0.963306,1.611111,28.552392,1.950769,26.000000,0.617021
0.076923,0.963306,1.611111,28.552392,1.950769,26.000000,0.617021
0.076923,0.706155,4.428571,29.188176,1.602564,13.000000,0.815789
0.125000,0.603361,3.250000,28.426236,1.571429,8.000000,0.764706
0.125000,0.719267,1.695652,16.145809,1.877193,19.000000,0.629032
0.166667,0.152989,3.121951,27.179350,2.022067,42.000000,0.757396
0.200000,0.380952,2.500000,13.426747,1.000000,5.000000,0.714286
0.200000,0.040937,1.307692,21.508668,1.428571,8.000000,0.566667
0.071429,0.279933,2.375000,24.743883,1.719298,19.000000,0.703704
0.090909,0.989815,9.333333,27.538693,1.490909,11.000000,0.903226
0.250000,0.061555,4.250000,28.944629,1.711111,10.000000,0.809524
0.055556,1.000000,1.403226,27.958824,1.855172,30.000000,0.583893
0.055556,0.958687,2.146341,29.520079,1.820197,29.000000,0.682171
0.062500,0.321402,1.586207,27.524459,1.823529,17.000000,0.613333
0.062500,0.944865,2.480000,29.803074,1.754941,23.000000,0.712644
0.050000,0.901280,2.392857,29.217419,1.757246,24.000000,0.705263
0.200000,1.000000,3.500000,29.856144,1.300000,5.000000,0.777778
0.200000,0.939068,1.814815,27.085787,1.787879,22.000000,0.644737
0.166667,0.144054,5.000000,20.869874,1.000000,6.000000,0.833333
0.062500,0.155305,3.150000,26.341027,1.900433,22.000000,0.759036
0.200000,0.803698,3.500000,29.856144,1.300000,5.000000,0.777778
0.200000,0.939068,1.814815,27.085787,1.787879,22.000000,0.644737
0.250000,0.472316,4.250000,28.944629,1.711111,10.000000,0.809524
0.055556,0.975772,2.900000,28.131056,1.769841,28.000000,0.743590
0.062500,0.703429,1.727273,29.057680,1.758333,16.000000,0.633333
0.076923,0.254964,3.238095,29.328467,1.873950,35.000000,0.764045
0.142857,0.011236,1.833333,27.392482,1.511111,10.000000,0.647059
0.111111,0.376070,1.095238,29.184490,1.816993,18.000000,0.522727
0.111111,0.024183,2.000000,28.490617,1.974638,24.000000,0.666667
0.142857,0.521582,2.235294,28.338247,1.911765,17.000000,0.690909
0.142857,0.384398,2.636364,29.505058,1.983957,34.000000,0.725000
0.142857,0.384398,2.636364,29.505058,1.983957,34.000000,0.725000
0.142857,0.554482,3.666667,21.371101,1.476190,7.000000,0.785714
0.142857,0.574789,3.368421,29.689597,1.996435,34.000000,0.771084
0.142857,0.554482,3.666667,21.371101,1.476190,7.000000,0.785714
0.142857,0.574789,3.368421,29.689597,1.996435,34.000000,0.771084
0.062500,1.000000,1.800000,18.512376,1.691667,16.000000,0.642857
0.062500,0.636166,2.433333,28.850748,1.766798,23.000000,0.708738
0.125000,0.742316,1.548387,30.000000,1.647059,17.000000,0.607595
0.062500,0.067513,3.040000,24.543217,2.048433,27.000000,0.752475
0.062500,0.123545,3.062500,28.132022,1.924138,30.000000,0.753846
0.166667,0.010635,1.400000,29.881826,1.890476,21.000000,0.583333
0.200000,1.000000,2.000000,24.000000,1.400000,5.000000,0.666667
0.058824,0.331533,1.333333,30.000000,1.890476,21.000000,0.571429
0.166667,0.609060,3.676471,30.000000,1.929435,32.000000,0.786164
0.166667,0.459820,2.076923,30.000000,1.602941,17.000000,0.675000
0.166667,0.609060,3.676471,30.000000,1.929435,32.000000,0.786164
0.142857,0.121401,1.750000,27.560008,1.500000,8.000000,0.636364
0.142857,0.318839,1.625000,27.984642,1.380952,7.000000,0.619048
0.090909,0.207982,1.863636,27.608856,2.108879,44.000000,0.650794
0.142857,0.525712,1.709677,29.386685,1.780952,21.000000,0.630952
0.142857,0.444169,1.571429,26.038248,1.476190,7.000000,0.611111
0.111111,0.907212,4.882353,29.154550,1.873188,24.000000,0.830000
0.125000,0.872835,6.307692,29.339992,1.818182,23.000000,0.863158
0.142857,0.444169,1.571429,26.038248,1.476190,7.000000,0.611111
0.142857,0.525712,1.709677,29.386685,1.780952,21.000000,0.630952
0.250000,0.188715,2.333333,28.225048,2.049261,29.000000,0.700000
0.076923,0.457286,2.066667,22.206743,1.666667,13.000000,0.673913
0.076923,1.000000,1.617647,30.000000,1.595588,17.000000,0.617978
0.111111,0.012658,1.589744,29.410717,1.815789,20.000000,0.613861
0.076923,0.524999,2.066667,22.206743,1.666667,13.000000,0.673913
0.076923,1.000000,1.617647,30.000000,1.595588,17.000000,0.617978
0.200000,0.390414,2.642857,26.125833,1.816176,17.000000,0.725490
0.166667,0.285696,3.055556,26.422467,1.847619,21.000000,0.753425
0.166667,0.012766,3.250000,30.000000,1.133333,6.000000,0.764706
0.166667,0.285696,3.055556,26.422467,1.847619,21.000000,0.753425
0.166667,0.012766,3.250000,30.000000,1.133333,6.000000,0.764706
0.166667,0.285696,3.055556,26.422467,1.847619,21.000000,0.753425
0.166667,0.012766,3.250000,30.000000,1.133333,6.000000,0.764706
0.166667,0.012766,3.250000,30.000000,1.133333,6.000000,0.764706
0.166667,0.285696,3.055556,26.422467,1.847619,21.000000,0.753425
0.166667,0.285696,3.055556,26.422467,1.847619,21.000000,0.753425
0.166667,0.012766,3.250000,30.000000,1.133333,6.000000,0.764706
0.166667,0.012766,3.250000,30.000000,1.133333,6.000000,0.764706
0.166667,0.285696,3.055556,26.422467,1.847619,21.000000,0.753425
0.166667,0.012766,3.250000,30.000000,1.133333,6.000000,0.764706
0.166667,0.285696,3.055556,26.422467,1.847619,21.000000,0.753425
0.125000,0.106942,1.150000,26.898019,1.388889,9.000000,0.534884
0.125000,0.226210,2.882353,25.856250,1.658333,16.000000,0.742424
0.142857,0.000000,3.400000,26.843016,1.761905,15.000000,0.772727
0.090909,0.877420,3.625000,30.000000,1.924242,12.000000,0.783784
0.090909,0.008621,1.388889,26.481207,1.600000,11.000000,0.581395
0.090909,0.008621,1.388889,26.481207,1.600000,11.000000,0.581395
0.090909,0.924655,3.625000,30.000000,1.924242,12.000000,0.783784
0.090909,0.761377,2.076923,24.116949,1.736264,14.000000,0.675000
0.090909,0.319013,1.760000,29.433764,1.928105,18.000000,0.637681
0.125000,1.000000,2.300000,27.676291,1.581818,11.000000,0.696970
0.058824,0.446293,1.139535,25.501598,1.942105,20.000000,0.532609
0.058824,0.439095,1.816327,28.908711,2.043011,31.000000,0.644928
0.052632,0.014611,1.476190,22.661473,1.826087,23.000000,0.596154
0.052632,0.423078,2.142857,29.289220,1.690058,19.000000,0.681818
0.043478,0.014611,1.476190,22.661473,1.826087,23.000000,0.596154
0.043478,0.431244,2.729730,28.799766,2.030242,32.000000,0.731884
0.083333,0.210526,1.681818,29.233729,1.439394,12.000000,0.627119
0.083333,0.014611,1.476190,22.661473,1.826087,23.000000,0.596154
0.045455,0.377420,1.952381,28.091847,2.246032,28.000000,0.661290
0.045455,0.764795,1.900000,29.185438,1.904762,22.000000,0.655172
0.083333,0.683315,1.952381,30.000000,2.246032,28.000000,0.661290
0.062500,0.266373,2.166667,29.455289,1.616667,16.000000,0.684211
0.062500,0.454924,1.600000,27.107993,1.900433,22.000000,0.615385
0.083333,0.282675,1.952381,30.000000,2.246032,28.000000,0.661290
0.095238,0.454924,1.600000,27.107993,1.900433,22.000000,0.615385
0.095238,0.857032,2.578947,30.000000,1.847953,19.000000,0.720588
0.095238,0.454924,1.600000,27.107993,1.900433,22.000000,0.615385
0.095238,0.857032,2.578947,30.000000,1.847953,19.000000,0.720588
0.062500,0.377420,1.952381,28.091847,2.246032,28.000000,0.661290
0.062500,0.258345,2.166667,30.000000,1.616667,16.000000,0.684211
0.045455,0.377420,1.952381,28.091847,2.246032,28.000000,0.661290
0.045455,0.764795,1.900000,29.185438,1.904762,22.000000,0.655172
0.083333,0.605305,1.952381,30.000000,2.246032,28.000000,0.661290
0.095238,0.647758,1.612903,26.592182,1.905263,20.000000,0.617284
0.095238,0.197044,3.250000,28.818489,1.551282,13.000000,0.764706
0.066667,0.034742,1.421053,25.100127,1.873684,20.000000,0.586957
0.066667,0.590405,2.684211,28.541713,1.552381,15.000000,0.728571
0.095238,0.647758,1.612903,26.592182,1.905263,20.000000,0.617284
0.095238,0.197044,3.250000,28.818489,1.551282,13.000000,0.764706
0.083333,0.804292,1.675676,5.858381,1.805263,20.000000,0.626263
0.142857,0.340404,2.800000,28.316334,1.333333,7.000000,0.736842
0.083333,0.475563,2.190476,29.382565,1.823529,18.000000,0.686567
0.058824,0.781427,4.000000,25.349125,1.713235,17.000000,0.800000
0.058824,0.041786,1.379310,23.476166,2.026455,28.000000,0.579710
0.142857,0.843777,1.857143,24.220605,1.380952,7.000000,0.650000
0.142857,0.021050,1.361702,29.612380,1.901186,23.000000,0.576577
0.142857,0.843777,1.857143,24.220605,1.380952,7.000000,0.650000
0.142857,0.073973,2.692308,20.606750,2.006536,18.000000,0.729167
0.166667,0.800366,2.925926,29.333931,2.197701,30.000000,0.745283
0.052632,0.037140,2.000000,29.901822,1.690058,19.000000,0.666667
0.052632,0.163428,1.444444,25.929626,1.836957,24.000000,0.590909
0.041667,0.004367,3.210526,27.882841,2.038095,36.000000,0.762500
0.041667,0.163428,1.444444,25.929626,1.836957,24.000000,0.590909
0.166667,0.052595,1.756757,28.771219,1.843333,25.000000,0.637255
0.083333,0.013158,1.681818,30.000000,1.439394,12.000000,0.627119
0.083333,0.163428,1.444444,25.929626,1.836957,24.000000,0.590909
0.037037,1.000000,3.040000,24.543217,2.048433,27.000000,0.752475
0.037037,0.143083,3.315789,29.033894,1.892580,43.000000,0.768293
0.045455,0.588004,1.527778,19.091407,1.809524,22.000000,0.604396
0.045455,0.890610,2.555556,28.502898,2.098925,31.000000,0.718750
0.071429,0.000000,1.476190,24.899872,2.706534,43.000000,0.596154
0.071429,0.011653,2.461538,28.011349,1.769231,14.000000,0.711111
0.071429,0.000000,1.476190,24.899872,2.706534,43.000000,0.596154
0.071429,0.011653,2.461538,28.011349,1.769231,14.000000,0.711111
0.125000,0.733955,2.787879,29.818398,1.781538,26.000000,0.736000
0.055556,0.931464,2.857143,26.602664,1.987692,26.000000,0.740741
0.055556,0.771019,1.884615,29.879466,1.679739,18.000000,0.653333
0.125000,0.733955,2.787879,29.818398,1.781538,26.000000,0.736000
0.071429,0.011653,2.461538,28.011349,1.769231,14.000000,0.711111
0.071429,0.000000,1.476190,24.899872,2.706534,43.000000,0.596154
0.071429,0.000000,1.476190,24.899872,2.706534,43.000000,0.596154
0.071429,0.011653,2.461538,28.011349,1.769231,14.000000,0.711111
0.066667,0.669238,2.500000,26.253699,1.838095,15.000000,0.714286
0.066667,0.308172,1.364865,19.674692,1.993548,31.000000,0.577143
0.200000,0.198703,2.000000,23.503668,1.400000,5.000000,0.666667
0.200000,0.184513,5.000000,30.000000,1.696970,12.000000,0.833333
0.200000,0.184513,5.000000,30.000000,1.696970,12.000000,0.833333
0.200000,0.198703,2.000000,23.503668,1.400000,5.000000,0.666667
0.125000,0.283958,1.900000,24.357406,1.954545,33.000000,0.655172
0.125000,0.016955,1.625000,30.000000,1.535714,8.000000,0.619048
0.125000,0.117241,1.750000,27.560008,1.500000,8.000000,0.636364
0.125000,0.009430,2.068966,29.320147,1.690058,19.000000,0.674157
0.055556,0.012876,2.370370,25.638460,1.786561,23.000000,0.703297
0.055556,0.230841,1.787879,29.974748,1.614379,18.000000,0.641304
0.200000,0.226335,1.846154,24.129305,1.971480,34.000000,0.648649
0.200000,0.028571,2.000000,25.789363,1.400000,5.000000,0.666667
0.055556,0.028683,2.000000,29.379702,1.690058,19.000000,0.666667
0.055556,0.097158,2.916667,24.652793,2.091168,27.000000,0.744681
0.166667,0.028683,2.000000,29.463566,1.690058,19.000000,0.666667
0.166667,0.908787,2.000000,25.000000,1.333333,6.000000,0.666667
0.200000,0.283958,1.900000,24.357406,1.954545,33.000000,0.655172
0.250000,0.019347,2.880000,22.111638,1.920290,24.000000,0.742268
0.200000,1.000000,2.142857,25.427838,2.206667,25.000000,0.681818
0.038462,1.000000,2.000000,30.000000,2.262108,27.000000,0.666667
0.038462,0.004219,2.928571,28.976844,1.772308,26.000000,0.745455
0.045455,0.458183,2.052632,28.235687,1.735178,23.000000,0.672414
0.045455,1.000000,2.142857,25.427838,2.206667,25.000000,0.681818
0.045455,1.000000,2.142857,25.427838,2.206667,25.000000,0.681818
0.045455,0.458183,2.052632,28.235687,1.735178,23.000000,0.672414
0.100000,0.141514,2.894737,27.808821,1.654412,17.000000,0.743243
0.100000,0.517422,1.785714,24.831651,1.488889,10.000000,0.641026
0.038462,0.004219,2.928571,28.976844,1.772308,26.000000,0.745455
0.038462,1.000000,2.000000,30.000000,2.262108,27.000000,0.666667
0.200000,0.043860,1.571429,26.217203,1.848485,12.000000,0.611111
0.250000,1.000000,1.823529,29.506225,1.703297,14.000000,0.645833
0.125000,0.219009,2.916667,24.652793,2.091168,27.000000,0.744681
0.100000,0.072205,1.781250,30.000000,1.904762,22.000000,0.640449
0.100000,0.072205,1.781250,30.000000,1.904762,22.000000,0.640449
0.058824,0.060550,2.529412,28.846489,1.882353,17.000000,0.716667
0.055556,0.030502,1.937500,30.000000,1.826613,32.000000,0.659574
0.111111,0.724570,2.285714,30.000000,1.288889,10.000000,0.695652
0.071429,0.996894,1.160000,29.752385,1.780220,14.000000,0.537037
0.071429,0.007668,2.566667,29.729034,1.943333,25.000000,0.719626
0.200000,0.094225,3.561905,27.947479,2.070396,73.000000,0.780793
0.050000,0.559640,1.709677,29.850955,1.780952,21.000000,0.630952
0.050000,0.493753,1.590909,16.876114,1.844156,22.000000,0.614035
0.111111,0.091077,3.333333,26.434836,1.444444,9.000000,0.769231
0.062500,0.965059,2.312500,26.257709,1.775000,16.000000,0.698113
0.062500,0.626955,3.090909,28.235294,1.926471,17.000000,0.755556
0.062500,0.965059,2.312500,26.257709,1.775000,16.000000,0.698113
0.062500,0.626955,3.090909,28.235294,1.926471,17.000000,0.755556
0.142857,0.625358,2.235294,26.125062,1.948529,17.000000,0.690909
0.111111,1.000000,1.862069,24.699213,1.647059,18.000000,0.650602
0.083333,1.000000,1.937500,30.000000,1.575758,12.000000,0.659574
0.083333,0.818264,2.384615,25.066143,1.666667,13.000000,0.704545
0.055556,0.095823,1.170732,21.111103,1.957143,21.000000,0.539326
0.055556,0.020744,1.700000,28.021370,1.956923,26.000000,0.629630
0.076923,1.000000,2.027778,28.578308,1.766798,23.000000,0.669725
0.076923,0.409156,2.000000,29.093411,1.717949,13.000000,0.666667
0.100000,0.231287,1.676471,18.790046,1.928854,23.000000,0.626374
0.100000,0.327263,2.777778,28.422521,1.636364,11.000000,0.735294
0.250000,0.120994,2.000000,30.000000,1.000000,4.000000,0.666667
0.066667,0.243277,1.782609,30.000000,1.676190,15.000000,0.640625
0.066667,0.166229,1.195804,29.220056,2.080782,49.000000,0.544586
0.125000,0.210202,1.875000,24.085580,1.464286,8.000000,0.652174
0.111111,0.173326,2.933333,29.862130,1.928105,18.000000,0.745763
0.125000,0.210202,1.875000,24.085580,1.464286,8.000000,0.652174
0.200000,1.000000,1.875000,25.820016,1.464286,8.000000,0.652174
0.250000,1.000000,2.500000,30.000000,1.000000,6.000000,0.714286
0.142857,1.000000,3.000000,26.531219,1.552381,15.000000,0.750000
0.111111,0.731388,2.285714,26.108024,1.666667,13.000000,0.695652
0.111111,0.612144,2.222222,26.425637,1.444444,9.000000,0.689655
0.111111,0.183064,2.931034,24.890970,2.102683,47.000000,0.745614
0.111111,0.404710,1.818182,30.000000,1.444444,9.000000,0.645161
0.055556,0.755320,2.125000,29.157374,1.847953,19.000000,0.680000
0.055556,0.761433,1.527778,22.344683,1.809524,22.000000,0.604396
0.166667,1.000000,2.500000,30.000000,1.000000,6.000000,0.714286
0.166667,0.054477,1.291667,27.532539,1.983333,16.000000,0.563636
0.055556,0.645627,1.692308,30.000000,1.853801,19.000000,0.628571
0.055556,0.014570,1.580645,23.093279,1.877193,19.000000,0.612500
0.100000,1.000000,2.181818,30.000000,1.488889,10.000000,0.685714
0.071429,0.054477,1.291667,27.532539,1.983333,16.000000,0.563636
0.090909,0.008475,2.750000,30.000000,1.672727,11.000000,0.733333
0.055556,0.014570,1.580645,23.093279,1.877193,19.000000,0.612500
0.055556,0.645627,1.692308,30.000000,1.853801,19.000000,0.628571
0.100000,0.952732,2.468750,26.433858,2.025641,27.000000,0.711712
0.100000,1.000000,2.100000,29.683285,1.555556,10.000000,0.677419
0.040000,0.884520,1.800000,27.604669,2.076355,29.000000,0.642857
0.040000,0.055556,1.315789,29.406837,2.077778,45.000000,0.568182
0.071429,0.079490,4.500000,29.216645,1.714286,14.000000,0.818182
0.071429,0.942322,1.983051,29.819721,2.071429,36.000000,0.664773
0.058824,0.096098,2.642857,26.125833,1.816176,17.000000,0.725490
0.058824,0.911017,1.918367,27.850586,2.049462,31.000000,0.657343
0.142857,1.000000,2.086957,28.442471,1.647059,17.000000,0.676056
0.142857,0.873325,2.500000,23.860649,1.809524,15.000000,0.714286
0.200000,1.000000,2.851852,28.229633,1.943333,25.000000,0.740385
0.142857,0.021788,3.633028,28.378661,2.099111,77.000000,0.784158
0.166667,1.000000,2.800000,28.222431,1.995238,36.000000,0.736842
0.083333,0.141734,1.295082,29.423405,2.066667,46.000000,0.564286
0.166667,0.008403,1.571429,30.000000,1.266667,6.000000,0.611111
0.166667,0.092586,1.807018,24.247684,1.977778,36.000000,0.643750
0.166667,0.042254,3.000000,26.606374,1.400000,6.000000,0.750000
0.166667,0.092586,1.807018,24.247684,1.977778,36.000000,0.643750
0.166667,1.000000,2.800000,28.222431,1.995238,36.000000,0.736842
0.200000,0.092586,1.807018,24.247684,1.977778,36.000000,0.643750
0.200000,0.024590,1.391304,29.117644,2.068548,32.000000,0.581818
0.200000,0.079887,2.333333,24.355840,1.666667,10.000000,0.700000
0.066667,0.033058,2.692308,27.621612,1.790476,15.000000,0.729167
0.200000,0.079887,2.333333,24.355840,1.666667,10.000000,0.700000
0.066667,0.033058,2.692308,27.621612,1.790476,15.000000,0.729167
0.200000,0.079887,2.333333,24.355840,1.666667,10.000000,0.700000
0.200000,0.024590,3.411765,30.000000,1.877470,23.000000,0.773333
0.200000,0.079887,2.333333,24.355840,1.666667,10.000000,0.700000
0.125000,1.000000,1.311475,24.591605,2.026455,28.000000,0.567376
0.090909,1.000000,1.388889,26.481207,1.600000,11.000000,0.581395
0.090909,1.000000,1.766667,29.261865,2.626891,35.000000,0.638554
0.111111,0.391589,2.285714,29.412895,1.555556,9.000000,0.695652
0.090909,0.491111,2.363636,24.446366,1.751634,18.000000,0.702703
0.090909,0.014720,5.800000,30.000000,1.780220,14.000000,0.852941
0.090909,0.130782,1.766667,29.261865,2.626891,35.000000,0.638554
0.090909,1.000000,1.388889,26.481207,1.600000,11.000000,0.581395
0.142857,0.028340,4.000000,28.236533,1.238095,7.000000,0.800000
0.071429,0.533953,2.407407,29.073962,2.006667,25.000000,0.706522
0.071429,0.680732,1.705882,21.724219,1.723810,15.000000,0.630435
0.100000,0.089449,1.470588,30.000000,1.466667,10.000000,0.595238
0.100000,1.000000,1.152381,24.961722,2.139024,41.000000,0.535398
0.047619,0.309836,1.642857,17.744321,1.780952,21.000000,0.621622
0.047619,1.000000,1.152381,24.961722,2.139024,41.000000,0.535398
0.071429,0.447780,1.176056,29.730892,2.076241,48.000000,0.540453
0.062500,0.083629,2.210526,28.599899,1.691667,16.000000,0.688525
0.062500,1.000000,1.152381,24.961722,2.139024,41.000000,0.535398
0.166667,0.240777,1.888889,28.628416,1.527778,9.000000,0.653846
0.066667,0.238495,2.642857,29.605843,1.954545,33.000000,0.725490
0.111111,0.941527,5.857143,26.379671,1.716667,16.000000,0.854167
0.111111,1.000000,2.857143,27.857096,1.472222,9.000000,0.740741
0.083333,0.930121,2.795455,29.360795,1.947899,35.000000,0.736527
0.083333,0.060505,2.583333,30.000000,1.530303,12.000000,0.720930
0.200000,0.936087,3.281250,27.637669,2.057041,34.000000,0.766423
0.100000,1.000000,1.200000,30.000000,1.742424,12.000000,0.545455
0.111111,1.000000,2.125000,26.666669,1.527778,9.000000,0.680000
0.111111,0.358237,4.333333,29.574156,1.618182,11.000000,0.812500
0.142857,0.163636,2.285714,24.903440,1.238095,7.000000,0.695652
0.142857,0.482759,2.285714,24.903440,1.238095,7.000000,0.695652
0.166667,0.360559,1.875000,30.000000,1.000000,6.000000,0.652174
0.076923,0.003922,1.636364,26.976671,1.615385,13.000000,0.620690
0.052632,0.628292,1.232558,28.566685,1.807018,19.000000,0.552083
0.047619,0.027950,1.400000,27.181146,1.842857,21.000000,0.583333
0.047619,0.488309,1.878049,29.857730,1.666667,22.000000,0.652542
0.166667,0.369304,1.571429,30.000000,1.266667,6.000000,0.611111
0.100000,0.000000,2.222222,28.483672,1.600000,10.000000,0.689655
0.166667,0.993118,1.777778,29.433838,1.428571,8.000000,0.640000
0.100000,0.000000,2.222222,28.483672,1.600000,10.000000,0.689655
0.166667,0.190698,1.571429,30.000000,1.266667,6.000000,0.611111
0.166667,0.892837,2.100000,28.363817,1.444444,9.000000,0.677419
0.166667,0.105040,1.571429,30.000000,1.266667,6.000000,0.611111
0.083333,0.811974,2.166667,30.000000,1.616667,16.000000,0.684211
0.125000,0.709599,1.818182,29.125230,1.705882,17.000000,0.645161
0.125000,0.259834,2.181818,27.787898,1.705882,17.000000,0.685714
0.045455,0.115317,3.315789,29.087117,1.892580,43.000000,0.768293
0.100000,1.000000,2.666667,29.175251,1.488889,10.000000,0.727273
0.125000,0.301525,1.500000,27.742979,1.392857,8.000000,0.600000
0.055556,0.130329,1.760000,22.534395,1.935673,19.000000,0.637681
0.055556,0.243723,1.280000,30.000000,1.901186,23.000000,0.561404
0.142857,0.130329,1.760000,22.534395,1.935673,19.000000,0.637681
0.142857,1.000000,1.983051,29.819721,2.071429,36.000000,0.664773
0.055556,0.089543,1.220000,29.273366,2.084706,51.000000,0.549550
0.055556,0.130329,1.760000,22.534395,1.935673,19.000000,0.637681
0.066667,1.000000,1.583333,28.856680,2.682875,44.000000,0.612903
0.066667,1.000000,2.714286,28.000000,1.742857,15.000000,0.730769
0.066667,1.000000,1.583333,28.856680,2.682875,44.000000,0.612903
0.066667,1.000000,2.714286,28.000000,1.742857,15.000000,0.730769
0.066667,1.000000,2.714286,28.000000,1.742857,15.000000,0.730769
0.066667,0.112513,1.583333,28.856680,2.682875,44.000000,0.612903
0.066667,1.000000,2.714286,28.000000,1.742857,15.000000,0.730769
0.066667,0.112513,1.583333,28.856680,2.682875,44.000000,0.612903
0.142857,1.000000,1.571429,27.106121,1.476190,7.000000,0.611111
0.142857,0.295775,3.600000,28.265844,1.688889,10.000000,0.782609
0.090909,0.172787,2.000000,29.919209,1.910000,25.000000,0.666667
0.090909,0.003891,2.100000,29.554568,1.727273,11.000000,0.677419
0.052632,0.206442,1.769231,28.376229,1.935673,19.000000,0.638889
0.052632,1.000000,1.421053,27.438992,1.965726,32.000000,0.586957
0.090909,0.172787,2.000000,29.919209,1.910000,25.000000,0.666667
0.142857,1.000000,1.571429,27.106121,1.476190,7.000000,0.611111
0.142857,0.578762,2.500000,27.113922,2.225287,30.000000,0.714286
0.142857,1.000000,2.692308,28.594089,1.790476,15.000000,0.729167
0.142857,0.197970,3.600000,26.848358,1.688889,10.000000,0.782609
0.052632,0.717105,1.411765,25.154992,1.801170,19.000000,0.585366
0.052632,0.249888,3.461538,26.545588,2.050314,54.000000,0.775862
0.142857,0.343836,3.636364,28.110811,1.894624,31.000000,0.784314
0.023810,0.891656,3.714286,27.557430,2.206876,83.000000,0.787879
0.023810,0.816314,4.350000,27.488893,2.003484,42.000000,0.813084
0.200000,0.003922,2.264706,29.485099,2.076720,28.000000,0.693694
0.125000,1.000000,1.700000,30.000000,1.428571,8.000000,0.629630
0.125000,0.401432,2.000000,26.731561,1.500000,8.000000,0.666667
0.055556,0.021896,1.200000,21.408745,1.947712,18.000000,0.545455
0.055556,0.098154,2.600000,28.007050,1.982456,19.000000,0.722222
0.142857,1.000000,2.857143,27.841552,1.995238,36.000000,0.740741
0.142857,0.778446,2.200000,30.000000,1.476190,7.000000,0.687500
0.166667,0.382146,2.694915,28.846818,2.023077,40.000000,0.729358
0.142857,0.778446,2.200000,30.000000,1.476190,7.000000,0.687500
0.142857,1.000000,2.857143,27.841552,1.995238,36.000000,0.740741
0.166667,0.382146,2.694915,28.846818,2.023077,40.000000,0.729358
0.111111,0.659820,2.000000,27.572287,1.444444,9.000000,0.666667
0.111111,0.773978,2.900000,27.821040,1.606061,12.000000,0.743590
0.142857,1.000000,1.571429,28.596075,1.476190,7.000000,0.611111
0.142857,0.230368,3.600000,29.872048,1.688889,10.000000,0.782609
0.250000,0.050951,1.692308,22.285469,1.848485,12.000000,0.628571
0.200000,0.023437,2.333333,21.317500,1.600000,6.000000,0.700000
0.071429,0.398982,2.023810,29.804221,1.818841,24.000000,0.669291
0.052632,0.391670,1.769231,29.348832,1.935673,19.000000,0.638889
0.052632,1.000000,1.207547,23.774988,2.124274,42.000000,0.547009
0.071429,0.219247,1.365385,29.386431,1.884058,24.000000,0.577236
0.166667,0.378792,3.238095,27.942167,1.947692,26.000000,0.764045
0.111111,0.838746,2.388889,28.509764,2.023810,21.000000,0.704918
0.111111,0.003831,1.187500,26.666667,1.527778,9.000000,0.542857
0.166667,0.378792,3.238095,27.942167,1.947692,26.000000,0.764045
0.166667,0.378792,3.238095,27.942167,1.947692,26.000000,0.764045
0.166667,0.378792,3.238095,27.942167,1.947692,26.000000,0.764045
0.166667,0.378792,3.238095,27.942167,1.947692,26.000000,0.764045
0.166667,0.378792,3.238095,27.942167,1.947692,26.000000,0.764045
0.166667,0.378792,3.238095,27.942167,1.947692,26.000000,0.764045
0.047619,0.135365,3.358209,29.782894,2.233657,89.000000,0.770548
0.047619,1.000000,1.340909,27.795006,1.785714,21.000000,0.572816
0.066667,0.091342,2.375000,29.542805,2.056980,27.000000,0.703704
0.066667,0.783810,2.692308,27.621612,1.790476,15.000000,0.729167
0.047619,0.221158,3.358209,29.782894,2.233657,89.000000,0.770548
0.047619,1.000000,1.340909,27.795006,1.785714,21.000000,0.572816
0.125000,0.075800,3.266667,29.382012,1.807018,19.000000,0.765625
0.045455,0.911228,1.367347,28.395093,1.826087,23.000000,0.577586
0.100000,0.981148,1.000000,29.562063,1.865497,19.000000,0.500000
0.100000,1.000000,1.769231,29.031256,1.488889,10.000000,0.638889
0.125000,0.011407,2.000000,28.140793,1.800000,20.000000,0.666667
0.100000,0.127284,1.916667,27.100000,1.488889,10.000000,0.657143
0.090909,1.000000,1.666667,30.000000,1.657895,20.000000,0.625000
0.142857,0.262091,6.000000,27.316866,1.428571,7.000000,0.857143
0.142857,0.247028,2.166667,28.754947,1.380952,7.000000,0.684211
0.090909,0.911228,1.367347,28.395093,1.826087,23.000000,0.577586
0.090909,0.011407,1.533333,22.770927,1.581818,11.000000,0.605263
0.250000,0.927318,1.500000,27.087858,1.733333,16.000000,0.600000
0.058824,0.446081,0.948718,27.689286,1.933824,17.000000,0.486842
0.058824,0.163456,1.640000,27.578515,1.875000,17.000000,0.621212
0.142857,0.517013,3.000000,21.108758,1.901099,14.000000,0.750000
0.111111,0.446081,0.948718,27.689286,1.933824,17.000000,0.486842
0.111111,0.015152,1.187500,26.666667,1.527778,9.000000,0.542857
0.058824,0.015152,2.368421,29.703162,1.836601,18.000000,0.703125
0.058824,0.446081,0.948718,27.689286,1.933824,17.000000,0.486842
0.090909,0.028084,2.363636,26.879218,1.871795,27.000000,0.702703
0.142857,0.307269,1.585366,29.948819,1.843333,25.000000,0.613208
0.090909,0.228627,2.272727,30.000000,1.600000,11.000000,0.694444
0.142857,0.493155,1.555556,30.000000,1.571429,8.000000,0.608696
0.083333,1.000000,1.240741,25.778957,1.789474,20.000000,0.553719
0.111111,1.000000,1.571429,20.925136,1.576923,13.000000,0.611111
0.083333,0.162088,1.779661,26.195284,2.573975,34.000000,0.640244
0.083333,0.182848,2.370370,25.638460,1.786561,23.000000,0.703297
0.142857,0.083208,1.756757,27.928366,1.757143,21.000000,0.637255
0.090909,1.000000,1.647059,21.735747,1.490909,11.000000,0.622222
0.250000,1.000000,1.533333,22.770927,1.581818,11.000000,0.605263
0.100000,0.508500,1.696970,29.098592,1.890476,21.000000,0.629213
0.100000,0.449461,1.268750,29.037881,2.078966,54.000000,0.559229
0.142857,1.000000,2.300000,30.000000,1.488889,10.000000,0.696970
0.142857,0.894602,1.555556,23.388982,1.333333,7.000000,0.608696
0.142857,0.413957,1.588235,27.589352,1.941799,28.000000,0.613636
0.100000,0.343143,2.264706,29.840484,2.076720,28.000000,0.693694
0.111111,0.453747,1.384615,25.824573,2.058824,34.000000,0.580645
0.111111,1.000000,1.533333,22.770927,1.581818,11.000000,0.605263
0.111111,0.026217,2.666667,30.000000,1.611111,9.000000,0.727273
0.142857,1.000000,2.300000,30.000000,1.488889,10.000000,0.696970
0.200000,0.157310,1.779661,26.195284,2.573975,34.000000,0.640244
0.100000,0.088235,4.000000,28.717169,2.115385,13.000000,0.800000
0.166667,1.000000,2.000000,30.000000,1.466667,6.000000,0.666667
0.200000,1.000000,1.240741,25.778957,1.789474,20.000000,0.553719
0.166667,0.165191,2.200000,16.806352,1.266667,6.000000,0.687500
0.250000,0.139486,4.000000,27.938128,1.333333,4.000000,0.800000
0.071429,0.412397,1.269737,29.339761,2.073906,52.000000,0.559420
0.100000,0.612319,4.000000,28.717169,2.115385,13.000000,0.800000
0.100000,0.007246,2.114286,29.241202,1.804233,28.000000,0.678899
0.166667,1.000000,2.000000,30.000000,1.466667,6.000000,0.666667
0.045455,0.137641,2.343750,27.994258,2.229064,29.000000,0.700935
0.045455,0.143264,2.343750,27.994258,2.229064,29.000000,0.700935
0.111111,0.232134,2.571429,23.796316,1.933333,21.000000,0.720000
0.111111,0.022059,2.000000,29.687005,1.466667,10.000000,0.666667
0.200000,0.044955,1.252252,26.167255,2.147475,45.000000,0.556000
0.125000,0.139474,1.894737,30.000000,1.910000,25.000000,0.654545
0.050000,0.404003,1.468750,25.685692,1.931579,20.000000,0.594937
0.050000,0.211070,1.267857,29.922276,1.884058,24.000000,0.559055
0.111111,0.404003,1.468750,25.685692,1.931579,20.000000,0.594937
0.111111,0.098884,1.750000,24.209187,1.416667,9.000000,0.636364
0.071429,0.181852,2.679245,30.000000,1.998578,38.000000,0.728205
0.050000,0.326797,1.364780,28.717427,2.080519,56.000000,0.577128
0.050000,0.404003,1.468750,25.685692,1.931579,20.000000,0.594937
0.066667,0.289893,1.846154,30.000000,1.910000,25.000000,0.648649
0.066667,0.289893,1.846154,30.000000,1.910000,25.000000,0.648649
0.166667,0.224718,1.885246,24.016325,2.010796,39.000000,0.653409
0.166667,0.160635,3.000000,28.987036,1.400000,6.000000,0.750000
0.071429,0.181852,2.679245,30.000000,1.998578,38.000000,0.728205
0.200000,0.224718,1.885246,24.016325,2.010796,39.000000,0.653409
0.125000,0.139474,1.894737,30.000000,1.910000,25.000000,0.654545
0.200000,0.287667,1.750000,29.800493,1.300000,5.000000,0.636364
0.076923,0.023935,1.967213,28.710197,2.017949,40.000000,0.662983
0.076923,1.000000,1.500000,14.731804,1.871795,13.000000,0.600000
0.200000,1.000000,2.343750,27.994258,2.229064,29.000000,0.700935
0.200000,1.000000,2.343750,27.994258,2.229064,29.000000,0.700935
0.038462,0.037242,2.343750,27.994258,2.229064,29.000000,0.700935
0.038462,0.182102,2.827586,29.277618,1.772308,26.000000,0.738739
0.038462,1.000000,2.343750,27.994258,2.229064,29.000000,0.700935
0.038462,0.182102,2.827586,29.277618,1.772308,26.000000,0.738739
0.038462,1.000000,2.343750,27.994258,2.229064,29.000000,0.700935
0.038462,0.182102,2.827586,29.277618,1.772308,26.000000,0.738739
0.250000,1.000000,1.095238,14.782101,1.681818,12.000000,0.522727
0.200000,0.992761,1.750000,29.207162,1.300000,5.000000,0.636364
0.200000,0.363830,1.750000,29.207162,1.300000,5.000000,0.636364
0.100000,0.947429,1.588235,30.000000,1.400000,10.000000,0.613636
0.100000,0.051600,2.318182,29.133785,1.625000,17.000000,0.698630
0.250000,0.425407,3.368421,30.000000,1.996435,34.000000,0.771084
0.250000,0.425407,3.368421,30.000000,1.996435,34.000000,0.771084
0.100000,0.947429,1.588235,30.000000,1.400000,10.000000,0.613636
0.100000,0.088908,1.771429,30.000000,1.823362,27.000000,0.639175
0.047619,0.045215,3.208333,29.528855,2.243956,91.000000,0.762376
0.047619,1.000000,1.340909,27.682399,1.785714,21.000000,0.572816
0.125000,1.000000,2.343750,30.000000,2.055556,28.000000,0.700935
0.125000,0.566121,1.909091,26.250000,1.250000,8.000000,0.656250
0.047619,1.000000,1.340909,27.682399,1.785714,21.000000,0.572816
0.047619,0.142657,3.208333,29.528855,2.243956,91.000000,0.762376
0.142857,0.879770,1.882353,27.867284,2.032609,24.000000,0.653061
0.142857,0.126489,4.000000,29.189166,1.047619,7.000000,0.800000
0.250000,0.721093,3.000000,30.000000,1.000000,4.000000,0.750000
0.250000,0.937592,2.222222,29.607145,2.126437,30.000000,0.689655
0.250000,0.223637,1.666667,28.475235,1.500000,5.000000,0.625000
0.062500,0.463848,1.224490,26.285525,1.971014,24.000000,0.550459
0.062500,1.000000,1.500000,29.324179,1.666667,16.000000,0.600000
0.250000,1.000000,2.545455,29.943895,1.995238,36.000000,0.717949
0.250000,1.000000,2.545455,29.943895,1.995238,36.000000,0.717949
0.076923,0.127497,1.875000,29.922316,1.929231,26.000000,0.652174
0.100000,0.904611,1.909091,28.279269,1.533333,10.000000,0.656250
0.166667,0.378993,1.600000,29.833744,1.466667,6.000000,0.615385
0.166667,0.383000,2.250000,30.000000,1.357143,8.000000,0.692308
0.076923,0.173925,2.571429,28.976024,1.771429,15.000000,0.720000
0.076923,0.127497,1.875000,29.922316,1.929231,26.000000,0.652174
0.166667,0.383000,2.250000,30.000000,1.357143,8.000000,0.692308
0.166667,0.378993,1.600000,29.833744,1.466667,6.000000,0.615385
0.076923,0.464626,1.368421,30.000000,1.738562,18.000000,0.577778
0.250000,0.978614,2.600000,29.774497,1.607143,8.000000,0.722222
0.250000,0.043132,2.000000,21.582263,1.333333,4.000000,0.666667
0.083333,0.849437,2.076923,29.591513,1.681818,12.000000,0.675000
0.250000,0.822098,2.250000,29.233729,1.681818,12.000000,0.692308
0.083333,0.102083,2.071429,28.006067,1.919540,30.000000,0.674419
0.166667,0.295613,5.000000,30.000000,1.333333,6.000000,0.833333
0.166667,1.000000,1.333333,30.000000,1.476190,7.000000,0.571429
0.250000,0.335205,1.818182,22.199620,1.285714,8.000000,0.645161
0.125000,1.000000,3.400000,29.825706,1.611111,9.000000,0.772727
0.045455,0.585204,2.113636,27.061355,2.332859,38.000000,0.678832
0.045455,0.682018,2.113636,27.061355,2.332859,38.000000,0.678832
0.035714,0.175726,1.815789,20.812843,2.108466,28.000000,0.644860
0.035714,0.682018,2.113636,27.061355,2.332859,38.000000,0.678832
0.083333,0.682018,2.113636,27.061355,2.332859,38.000000,0.678832
0.083333,0.026641,1.812500,25.333018,1.560606,12.000000,0.644444
0.200000,0.682018,2.113636,27.061355,2.332859,38.000000,0.678832
0.055556,0.473056,1.368421,30.000000,1.738562,18.000000,0.577778
0.055556,0.682018,2.113636,27.061355,2.332859,38.000000,0.678832
0.026316,0.682018,2.113636,27.061355,2.332859,38.000000,0.678832
0.026316,0.101150,1.391304,26.364393,2.145408,49.000000,0.581818
0.142857,0.332922,2.285714,30.000000,1.238095,7.000000,0.695652
0.125000,0.199142,2.571429,29.054516,1.357143,8.000000,0.720000
0.125000,0.682018,2.113636,27.061355,2.332859,38.000000,0.678832
0.142857,1.000000,2.285714,30.000000,1.238095,7.000000,0.695652
0.125000,0.517420,2.571429,29.054516,1.357143,8.000000,0.720000
0.125000,0.682018,2.113636,27.061355,2.332859,38.000000,0.678832
0.055556,0.880521,1.152174,30.000000,1.807018,19.000000,0.535354
0.043478,1.000000,1.207547,23.774988,2.124274,42.000000,0.547009
0.200000,0.031513,1.705882,27.980854,1.806667,25.000000,0.630435
0.035714,0.175726,1.815789,20.812843,2.108466,28.000000,0.644860
0.035714,0.585204,2.113636,27.061355,2.332859,38.000000,0.678832
0.083333,0.585204,2.113636,27.061355,2.332859,38.000000,0.678832
0.083333,0.026641,1.812500,25.333018,1.560606,12.000000,0.644444
0.071429,0.682018,2.113636,27.061355,2.332859,38.000000,0.678832
0.071429,0.195635,2.368421,28.962721,1.527473,14.000000,0.703125
0.076923,0.227004,2.411765,26.844723,1.500000,13.000000,0.706897
0.142857,0.058317,1.500000,28.911097,1.392857,8.000000,0.600000
0.035714,0.661385,1.688889,29.911369,1.870370,28.000000,0.628099
0.035714,0.163388,1.815789,18.409533,2.108466,28.000000,0.644860
0.250000,1.000000,2.000000,30.000000,1.641026,13.000000,0.666667
0.040000,0.096883,1.313043,26.746865,2.148936,47.000000,0.567669
0.040000,0.146458,1.815789,18.409533,2.108466,28.000000,0.644860
0.285714,0.124034,2.000000,28.661305,1.527273,11.000000,0.666667
0.071429,0.635416,1.276923,29.274409,2.056429,47.000000,0.560811
0.285714,0.124034,2.000000,28.661305,1.527273,11.000000,0.666667
0.071429,0.061635,4.111111,29.130785,1.637363,14.000000,0.804348
0.066667,0.302899,2.872727,29.762109,1.917496,38.000000,0.741784
0.066667,1.000000,1.583333,28.433089,1.638095,15.000000,0.612903
0.066667,1.000000,1.476190,24.899872,2.706534,43.000000,0.596154
0.066667,1.000000,1.710526,29.304263,1.657895,20.000000,0.631068
0.066667,0.302899,2.872727,29.762109,1.917496,38.000000,0.741784
0.066667,1.000000,1.583333,28.433089,1.638095,15.000000,0.612903
0.066667,0.617654,1.476190,24.899872,2.706534,43.000000,0.596154
0.066667,1.000000,1.710526,29.304263,1.657895,20.000000,0.631068
0.066667,0.339742,3.800000,26.911640,1.741667,16.000000,0.791667
0.066667,0.516486,3.090909,29.472777,1.809524,15.000000,0.755556
0.111111,0.793741,1.267857,29.855558,1.884058,24.000000,0.559055
0.111111,0.044894,1.187500,26.666667,1.527778,9.000000,0.542857
0.058824,0.979913,3.000000,28.881803,1.757353,17.000000,0.750000
0.090909,0.243405,1.444444,26.720117,1.742690,19.000000,0.590909
0.090909,0.901499,1.611111,25.504234,1.472727,11.000000,0.617021
0.142857,0.912298,1.400000,29.978356,1.890476,21.000000,0.583333
0.142857,0.464631,2.000000,26.239060,2.049462,31.000000,0.666667
0.090909,0.147063,3.217687,29.426753,2.238175,92.000000,0.762903
0.090909,0.403352,2.444444,27.452273,1.600000,11.000000,0.709677
0.090909,0.417077,2.214286,28.565057,1.761905,22.000000,0.688889
0.083333,0.990708,3.714286,27.557430,2.206876,83.000000,0.787879
0.090909,0.400771,3.217687,29.426753,2.238175,92.000000,0.762903
0.100000,0.465488,3.041667,29.227053,1.903061,49.000000,0.752577
0.142857,0.087784,2.300000,27.522774,1.361111,9.000000,0.696970
0.142857,0.087784,2.300000,27.522774,1.361111,9.000000,0.696970
0.111111,0.669035,2.666667,25.040104,1.666667,9.000000,0.727273
0.111111,0.134690,1.269737,29.062003,2.073906,52.000000,0.559420
0.050000,0.151911,1.327434,29.307421,2.077778,45.000000,0.570342
0.058824,0.053859,1.200000,21.408745,1.947712,18.000000,0.545455
0.058824,0.253823,1.220000,29.338287,2.084706,51.000000,0.549550
0.062500,1.000000,1.720000,26.622095,1.641667,16.000000,0.632353
0.062500,0.353929,1.295082,29.497378,2.066667,46.000000,0.564286
0.125000,0.226081,3.333333,30.000000,1.285714,8.000000,0.769231
0.125000,0.171590,1.276730,29.080452,2.078966,54.000000,0.560773
0.111111,0.269559,1.416216,28.867207,2.079365,63.000000,0.586130
0.052632,0.256610,1.402235,28.629409,2.087784,62.000000,0.583721
0.052632,0.423880,3.400000,28.473684,1.771930,19.000000,0.772727
0.090909,0.163908,1.356436,27.074947,2.041463,41.000000,0.575630
0.090909,0.885161,3.300000,26.580803,1.400000,11.000000,0.767442
0.090909,0.244968,1.344538,29.064312,2.145408,49.000000,0.573477
0.250000,0.375281,3.000000,28.163371,1.000000,4.000000,0.750000
0.250000,0.052813,1.333333,25.154192,1.611111,9.000000,0.571429
0.125000,0.129143,2.571429,30.000000,1.357143,8.000000,0.720000
0.066667,0.139582,2.736842,28.121690,1.523810,15.000000,0.732394
0.040000,0.303296,1.367521,28.512061,2.145408,49.000000,0.577617
0.052632,0.078812,1.638889,28.762965,1.725146,19.000000,0.621053
0.083333,0.373543,1.571429,29.720532,1.530303,12.000000,0.611111
0.125000,0.129143,2.571429,30.000000,1.357143,8.000000,0.720000
0.083333,0.105101,1.571429,29.720532,1.530303,12.000000,0.611111
0.200000,0.093436,2.411765,28.253191,1.609524,15.000000,0.706897
0.200000,0.578304,1.861111,29.160583,1.822751,28.000000,0.650485
0.090909,0.287493,2.363636,30.000000,1.879121,14.000000,0.702703
0.083333,0.976967,1.857143,24.407154,1.606061,12.000000,0.650000
0.200000,0.603331,1.484848,27.032675,1.877193,19.000000,0.597561
0.111111,0.160955,3.213333,29.911881,2.258065,94.000000,0.762658
0.045455,0.052771,1.622642,28.888889,1.920228,27.000000,0.618705
0.111111,0.040210,3.213333,29.911881,2.258065,94.000000,0.762658
0.125000,0.730200,6.666667,30.000000,1.285714,8.000000,0.869565
0.125000,0.730200,6.666667,30.000000,1.285714,8.000000,0.869565
0.071429,0.465575,1.714286,25.240196,1.604396,14.000000,0.631579
0.041667,0.689768,3.284672,30.000000,2.233657,89.000000,0.766610
0.041667,1.000000,1.720930,29.785484,1.836957,24.000000,0.632479
0.142857,1.000000,3.714286,27.557430,2.206876,83.000000,0.787879
0.142857,0.500680,2.285714,30.000000,1.238095,7.000000,0.695652
0.076923,0.041198,1.823529,28.498467,1.602564,13.000000,0.645833
0.076923,0.685666,3.222973,29.217973,2.248481,93.000000,0.763200
0.041667,1.000000,3.284672,30.000000,2.233657,89.000000,0.766610
0.041667,1.000000,1.720930,29.785484,1.836957,24.000000,0.632479
0.058824,0.710159,3.535354,26.844658,2.016242,68.000000,0.779510
0.125000,1.000000,3.714286,27.557430,2.206876,83.000000,0.787879
0.125000,0.173929,2.000000,27.268822,1.500000,8.000000,0.666667
0.050000,1.000000,3.492424,29.563307,2.230961,90.000000,0.777403
0.074074,0.107775,1.781250,30.000000,1.904762,22.000000,0.640449
0.166667,1.000000,3.208333,29.528855,2.243956,91.000000,0.762376
0.076923,1.000000,3.222973,29.217973,2.248481,93.000000,0.763200
0.076923,0.041198,1.823529,28.498467,1.602564,13.000000,0.645833
0.052632,1.000000,1.139535,30.000000,1.836257,19.000000,0.532609
0.052632,1.000000,3.714286,27.557430,2.206876,83.000000,0.787879
0.142857,0.689676,3.547170,27.953243,2.088116,74.000000,0.780083
0.142857,0.798239,2.285714,24.406458,1.238095,7.000000,0.695652
0.100000,0.169826,1.428571,29.706776,1.705128,13.000000,0.588235
0.100000,0.596734,2.333333,29.618809,1.533333,10.000000,0.700000
0.050000,0.650128,3.492424,29.563307,2.230961,90.000000,0.777403
0.100000,1.000000,3.714286,27.557430,2.206876,83.000000,0.787879
0.100000,1.000000,2.428571,29.128463,1.622222,10.000000,0.708333
0.166667,0.714008,3.208333,29.528855,2.243956,91.000000,0.762376
0.142857,1.000000,3.714286,27.557430,2.206876,83.000000,0.787879
0.142857,1.000000,2.285714,30.000000,1.238095,7.000000,0.695652
0.125000,0.817986,3.235294,29.175210,1.895293,62.000000,0.763889
0.200000,0.750834,3.404494,29.395398,1.894214,59.000000,0.772959
0.100000,0.169826,1.428571,29.706776,1.705128,13.000000,0.588235
0.100000,0.596734,2.333333,29.618809,1.533333,10.000000,0.700000
0.166667,0.772423,3.307692,28.590145,1.902482,48.000000,0.767857
0.074074,0.107775,1.781250,30.000000,1.904762,22.000000,0.640449
0.105263,0.641421,3.317829,27.508656,2.229822,86.000000,0.768402
0.105263,0.047241,2.052632,28.510069,1.512821,13.000000,0.672414
0.105263,1.000000,3.317829,27.508656,2.229822,86.000000,0.768402
0.105263,0.047241,2.052632,28.510069,1.512821,13.000000,0.672414
0.250000,0.458593,1.750000,26.912387,1.300000,5.000000,0.636364
0.045455,0.289724,1.341463,25.530768,1.922078,22.000000,0.572917
0.047619,0.289724,1.341463,25.530768,1.922078,22.000000,0.572917
0.047619,0.079240,1.966667,29.562837,1.814286,21.000000,0.662921
0.047619,0.079240,1.966667,29.562837,1.814286,21.000000,0.662921
0.047619,0.370432,1.341463,25.530768,1.922078,22.000000,0.572917
0.083333,0.022901,1.705882,29.443910,1.560606,12.000000,0.630435
0.083333,0.370432,1.341463,25.530768,1.922078,22.000000,0.572917
0.142857,0.775893,2.407407,29.029705,2.006667,25.000000,0.706522
0.045455,0.370432,1.341463,25.530768,1.922078,22.000000,0.572917
0.083333,0.022901,1.705882,29.443910,1.560606,12.000000,0.630435
0.083333,0.289724,1.341463,25.530768,1.922078,22.000000,0.572917
0.062500,1.000000,1.240741,25.778957,1.789474,20.000000,0.553719
0.062500,1.000000,2.312500,27.880541,1.775000,16.000000,0.698113
0.050000,0.375731,1.921875,30.000000,2.024024,37.000000,0.657754
0.050000,0.278223,1.255814,25.469578,1.784211,20.000000,0.556701
0.111111,0.387610,2.100000,30.000000,1.416667,9.000000,0.677419
0.111111,0.207730,1.511628,19.492588,2.099715,27.000000,0.601852
0.026316,0.010755,2.679245,30.000000,1.998578,38.000000,0.728205
0.026316,0.000082,1.166667,26.704292,2.147436,40.000000,0.538462
0.125000,1.000000,1.147541,25.297886,1.874459,22.000000,0.534351
0.125000,0.299102,1.666667,27.021411,1.444444,10.000000,0.625000
0.058824,0.131547,1.547945,30.000000,2.050794,36.000000,0.607527
0.058824,0.131547,1.547945,30.000000,2.050794,36.000000,0.607527
0.026316,0.010755,2.679245,30.000000,1.998578,38.000000,0.728205
0.026316,0.000082,1.166667,26.704292,2.147436,40.000000,0.538462
0.062500,1.000000,2.312500,28.875706,1.775000,16.000000,0.698113
0.062500,0.286294,1.779661,26.195284,2.573975,34.000000,0.640244
0.142857,0.441920,3.333333,29.857495,1.523810,7.000000,0.769231
0.142857,0.204061,1.511628,20.230836,2.099715,27.000000,0.601852
0.066667,0.247445,1.595506,28.590317,2.735430,47.000000,0.614719
0.050000,0.278223,1.255814,25.469578,1.784211,20.000000,0.556701
0.050000,0.375731,1.921875,30.000000,2.024024,37.000000,0.657754
0.062500,1.000000,2.312500,28.875706,1.775000,16.000000,0.698113
0.062500,0.286294,1.779661,26.195284,2.573975,34.000000,0.640244
0.066667,0.108848,1.595506,28.590317,2.735430,47.000000,0.614719
0.062500,1.000000,1.240741,25.778957,1.789474,20.000000,0.553719
0.062500,1.000000,2.312500,27.880541,1.775000,16.000000,0.698113
0.125000,0.286294,1.779661,26.195284,2.573975,34.000000,0.640244
0.125000,0.293217,1.666667,27.170876,1.444444,10.000000,0.625000
0.083333,0.185254,1.424242,28.907529,2.010526,20.000000,0.587500
0.083333,0.022556,1.705882,29.268507,1.560606,12.000000,0.630435
0.100000,0.183709,3.000000,29.539398,1.792793,37.000000,0.750000
0.100000,0.183709,3.000000,29.539398,1.792793,37.000000,0.750000
0.050000,0.273193,1.827586,19.841553,1.826316,20.000000,0.646341
0.083333,0.022335,1.812500,23.349758,1.560606,12.000000,0.644444
0.045455,0.367628,1.475904,27.894837,2.077966,60.000000,0.596107
0.066667,0.365281,1.470588,28.537593,2.081967,61.000000,0.595238
0.142857,0.228288,3.000000,29.131745,1.285714,7.000000,0.750000
0.045455,0.047540,1.512195,25.937052,1.960145,24.000000,0.601942
0.045455,0.031779,1.512195,25.937052,1.960145,24.000000,0.601942
0.200000,0.069480,2.113636,22.333344,2.141129,32.000000,0.678832
0.100000,0.296841,2.454545,29.061107,1.444444,10.000000,0.710526
0.100000,0.073428,2.359551,28.073117,2.103279,61.000000,0.702341
0.125000,0.119298,1.842105,29.591513,1.500000,12.000000,0.648148
0.200000,0.124131,2.058824,22.185149,1.928105,18.000000,0.673077
0.076923,0.124131,2.058824,22.185149,1.928105,18.000000,0.673077
0.076923,0.112633,2.888889,28.967995,1.743590,13.000000,0.742857
0.111111,0.124131,2.058824,22.185149,1.928105,18.000000,0.673077
0.111111,0.435329,9.500000,29.949496,1.527778,9.000000,0.904762
0.062500,0.220355,2.846154,27.565424,1.866667,16.000000,0.740000
0.062500,1.000000,3.666667,28.681210,1.816993,18.000000,0.785714
0.100000,0.104481,1.666667,28.106696,1.600000,10.000000,0.625000
0.058824,0.121105,1.771429,28.060347,1.558824,17.000000,0.639175
0.045455,0.192883,1.944444,29.954657,1.852814,22.000000,0.660377
0.040000,0.195402,2.133333,24.221008,2.006452,31.000000,0.680851
0.058824,1.000000,1.200000,21.408745,1.947712,18.000000,0.545455
0.058824,0.917940,3.473684,28.040626,1.678363,19.000000,0.776471
0.050000,0.003861,2.037037,23.666072,1.852632,20.000000,0.670732
0.200000,0.169799,1.803571,28.704752,1.979167,33.000000,0.643312
0.041667,0.003861,1.660377,29.712923,1.986772,28.000000,0.624113
0.090909,0.003861,15.500000,29.816384,1.436364,11.000000,0.939394
0.125000,0.567168,1.368421,30.000000,1.738562,18.000000,0.577778
0.090909,0.003861,15.500000,29.816384,1.436364,11.000000,0.939394
0.142857,0.361175,1.600000,24.573770,1.466667,10.000000,0.615385
0.250000,0.090137,1.941860,27.646117,1.935366,41.000000,0.660079
0.200000,0.060465,2.666667,30.000000,1.200000,5.000000,0.727273
0.200000,0.357468,1.371429,22.556482,1.794737,20.000000,0.578313
0.076923,0.357468,1.371429,22.556482,1.794737,20.000000,0.578313
0.076923,0.318483,1.388889,30.000000,1.756410,13.000000,0.581395
0.083333,0.207073,2.187500,29.594373,1.758333,16.000000,0.686275
0.250000,0.234366,1.571429,21.717905,1.858462,26.000000,0.611111
0.055556,0.357468,1.371429,22.556482,1.794737,20.000000,0.578313
0.083333,0.282907,1.937500,23.913511,1.679487,13.000000,0.659574
0.076923,0.357468,1.371429,22.556482,1.794737,20.000000,0.578313
0.076923,0.318483,1.388889,30.000000,1.756410,13.000000,0.581395
0.083333,0.063606,1.104348,29.634854,2.167073,41.000000,0.524793
0.076923,0.234577,2.428571,28.550190,1.993939,45.000000,0.708333
0.076923,0.606927,1.666667,22.933451,1.692308,13.000000,0.625000
0.062500,0.142903,1.631579,27.272794,1.741667,16.000000,0.620000
0.062500,0.945603,2.333333,29.379194,1.764706,17.000000,0.700000
0.062500,0.142903,1.631579,27.272794,1.741667,16.000000,0.620000
0.062500,0.945603,2.333333,29.379194,1.764706,17.000000,0.700000
0.166667,0.489838,1.428571,26.334553,1.600000,10.000000,0.588235
0.142857,0.489838,1.428571,26.334553,1.600000,10.000000,0.588235
0.125000,0.082803,2.111111,26.209325,1.763636,11.000000,0.678571
0.142857,0.166410,2.024390,28.882568,1.913793,29.000000,0.669355
0.043478,0.431526,1.211538,30.000000,2.000000,25.000000,0.547826
0.050000,0.417172,2.677966,30.000000,2.021951,41.000000,0.728111
0.050000,0.007692,3.526316,28.948982,1.678947,20.000000,0.779070
0.043478,0.355082,1.211538,30.000000,2.000000,25.000000,0.547826
0.250000,0.317828,2.333333,30.000000,1.745455,11.000000,0.700000
0.041667,0.011557,1.512195,25.937052,1.960145,24.000000,0.601942
0.041667,0.360102,1.675000,27.327605,1.943333,25.000000,0.626168
0.083333,0.007692,1.705882,29.869271,1.560606,12.000000,0.630435
0.083333,0.011557,1.512195,25.937052,1.960145,24.000000,0.601942
0.250000,0.320266,2.333333,30.000000,1.745455,11.000000,0.700000
0.050000,0.417172,2.677966,30.000000,2.021951,41.000000,0.728111
0.050000,0.007692,3.526316,28.948982,1.678947,20.000000,0.779070
0.083333,0.007692,1.705882,29.869271,1.560606,12.000000,0.630435
0.083333,0.321734,1.512195,25.937052,1.960145,24.000000,0.601942
0.041667,0.321734,1.512195,25.937052,1.960145,24.000000,0.601942
0.041667,0.360102,1.675000,27.327605,1.943333,25.000000,0.626168
0.200000,1.000000,2.363636,29.537148,1.743590,13.000000,0.702703
0.250000,0.473775,1.787500,28.820550,1.974474,37.000000,0.641256
0.230769,0.099526,1.571429,22.352347,1.858462,26.000000,0.611111
0.045455,0.007692,1.891892,30.000000,1.852814,22.000000,0.654206
0.125000,0.273575,1.615385,26.565057,1.672727,11.000000,0.617647
0.090909,0.053386,1.243094,24.719048,2.118079,60.000000,0.554187
0.090909,0.000000,4.333333,29.332135,1.563636,11.000000,0.812500
0.058824,0.513373,1.692308,29.212812,1.986772,28.000000,0.628571
0.058824,0.205061,1.741935,27.875366,1.625000,17.000000,0.635294
0.028571,0.053386,1.243094,24.719048,2.118079,60.000000,0.554187
0.028571,0.017093,1.847458,29.068997,1.983193,35.000000,0.648810
0.038462,0.239638,2.086957,26.104035,2.006452,31.000000,0.676056
0.100000,0.053386,1.243094,24.719048,2.118079,60.000000,0.554187
0.100000,0.240011,2.555556,29.471606,1.577778,10.000000,0.718750
0.047619,0.053386,1.243094,24.719048,2.118079,60.000000,0.554187
0.047619,0.000000,4.200000,29.755616,1.757143,21.000000,0.807692
0.058824,0.053386,1.243094,24.719048,2.118079,60.000000,0.554187
0.058824,0.768364,1.741935,29.236674,1.625000,17.000000,0.635294
0.111111,0.834390,1.900000,30.000000,1.527778,9.000000,0.655172
0.200000,1.000000,2.586207,29.675598,1.826087,23.000000,0.721154
0.058824,0.888218,1.636364,21.011606,1.719298,19.000000,0.620690
0.058824,0.201888,2.292683,27.787398,1.909677,31.000000,0.696296
0.142857,0.003802,1.888889,30.000000,1.190476,7.000000,0.653846
0.142857,0.390803,1.052632,20.061765,1.800000,16.000000,0.512821
0.142857,0.066667,6.000000,25.932145,1.142857,7.000000,0.857143
0.062500,0.152407,1.571429,22.841615,1.858462,26.000000,0.611111
0.100000,0.243591,2.555556,29.471606,1.577778,10.000000,0.718750
0.142857,1.000000,1.714286,27.378830,1.794872,13.000000,0.631579
0.125000,0.202046,3.000000,29.803907,1.500000,8.000000,0.750000
0.090909,0.606817,2.333333,30.000000,1.745455,11.000000,0.700000
0.142857,0.392543,1.571429,29.972404,1.476190,7.000000,0.611111
0.090909,0.602810,2.333333,30.000000,1.745455,11.000000,0.700000
0.090909,0.388853,1.440000,26.404611,1.500000,12.000000,0.590164
0.090909,0.868692,1.769231,27.870068,1.581818,11.000000,0.638889
0.090909,0.388853,1.440000,26.404611,1.500000,12.000000,0.590164
0.090909,0.868692,1.769231,27.870068,1.581818,11.000000,0.638889
0.100000,1.000000,2.833333,30.000000,1.622222,10.000000,0.739130
0.100000,1.000000,2.625000,30.000000,1.622222,10.000000,0.724138
0.071429,0.275373,1.493902,27.430811,2.077966,60.000000,0.599022
0.142857,0.048994,1.666667,25.160418,1.666667,12.000000,0.625000
0.142857,0.050329,1.408333,28.686916,2.132245,50.000000,0.584775
0.200000,0.688445,1.875000,28.664042,2.071429,21.000000,0.652174
0.111111,1.000000,1.600000,30.000000,1.555556,9.000000,0.615385
0.111111,0.134439,1.600000,30.000000,1.555556,9.000000,0.615385
0.024390,1.000000,3.105263,28.686320,1.978959,43.000000,0.756410
0.024390,0.335813,1.264151,28.776810,2.148780,41.000000,0.558333
0.024390,1.000000,3.105263,28.686320,1.978959,43.000000,0.756410
0.024390,0.335813,1.264151,28.776810,2.148780,41.000000,0.558333
0.111111,1.000000,2.714286,27.388482,1.527778,9.000000,0.730769
0.111111,1.000000,2.770833,28.597917,2.007508,37.000000,0.734807
0.111111,1.000000,2.770833,28.597917,2.007508,37.000000,0.734807
0.111111,1.000000,2.714286,27.388482,1.527778,9.000000,0.730769
0.055556,0.028829,2.000000,28.786356,1.627451,18.000000,0.666667
0.055556,0.142346,1.629630,29.646496,1.986772,28.000000,0.619718
0.142857,0.456227,2.264706,29.404958,1.876667,25.000000,0.693694
0.125000,0.135732,1.566667,23.863885,1.779412,17.000000,0.610390
0.125000,0.341701,1.692308,13.054145,1.214286,8.000000,0.628571
0.066667,0.101390,1.576923,18.138417,1.676190,15.000000,0.611940
0.066667,0.190203,1.224490,26.709581,1.971014,24.000000,0.550459
0.250000,0.032435,3.962963,30.000000,1.740741,28.000000,0.798507
0.090909,0.594921,1.833333,30.000000,1.418182,11.000000,0.647059
0.090909,0.582334,1.941176,29.715459,1.418182,11.000000,0.660000
0.090909,0.685999,3.375000,28.785031,1.692810,18.000000,0.771429
0.031250,0.276448,1.941176,27.122674,2.098039,34.000000,0.660000
0.031250,0.668611,1.918367,30.000000,2.050403,32.000000,0.657343
0.250000,0.032435,3.962963,30.000000,1.740741,28.000000,0.798507
0.166667,0.522999,2.750000,30.000000,1.266667,6.000000,0.733333
0.200000,0.145761,2.234043,25.577333,2.126560,34.000000,0.690789
0.090909,0.090909,1.666667,16.796148,1.636364,11.000000,0.625000
0.076923,1.000000,1.576923,25.466996,1.825000,16.000000,0.611940
0.076923,0.855916,1.785714,26.959524,1.807692,13.000000,0.641026
0.083333,1.000000,2.181818,16.985014,1.757576,12.000000,0.685714
0.083333,1.000000,1.105263,19.517762,1.860294,17.000000,0.525000
0.111111,1.000000,2.181818,16.985014,1.757576,12.000000,0.685714
0.111111,1.000000,3.750000,30.000000,1.750000,9.000000,0.789474
0.111111,1.000000,3.000000,30.000000,1.750000,9.000000,0.750000
0.111111,0.855916,1.785714,26.959524,1.807692,13.000000,0.641026
0.200000,0.479731,1.371429,22.556482,1.794737,20.000000,0.578313
0.038462,0.011952,1.847826,30.000000,1.901538,26.000000,0.648855
0.038462,0.275224,3.689655,28.884446,1.832184,30.000000,0.786765
0.111111,0.025970,1.538462,29.339958,1.784211,20.000000,0.606061
0.125000,0.140458,1.586207,27.524459,1.823529,17.000000,0.613333
0.142857,0.259234,1.714286,23.704395,1.428571,7.000000,0.631579
0.142857,0.601009,1.750000,28.800873,1.571429,14.000000,0.636364
0.100000,1.000000,2.625000,30.000000,1.622222,10.000000,0.724138
0.100000,0.363764,2.588235,27.743213,2.025806,31.000000,0.721311
0.250000,0.726912,1.818182,29.125230,1.705882,17.000000,0.645161
0.166667,0.080915,2.291667,27.339957,2.114286,35.000000,0.696203
0.181818,0.498784,2.500000,30.000000,1.285714,7.000000,0.714286
0.090909,0.272611,1.000000,30.000000,1.654545,11.000000,0.500000
0.071429,0.017574,1.430556,20.915013,2.119318,33.000000,0.588571
0.071429,1.000000,3.363636,28.097599,1.659341,14.000000,0.770833
0.125000,0.469529,1.375000,29.319761,2.109531,38.000000,0.578947
0.125000,0.165049,4.000000,27.483054,1.285714,8.000000,0.800000
0.040000,0.089547,1.184211,28.785661,2.164925,42.000000,0.542169
0.083333,0.099423,1.145455,26.990455,2.147436,40.000000,0.533898
0.083333,0.364608,2.588235,27.743213,2.025806,31.000000,0.721311
0.100000,0.206169,2.285714,28.586760,2.039409,29.000000,0.695652
0.111111,1.000000,1.785714,28.834598,1.488889,10.000000,0.641026
0.023810,0.036178,1.184211,29.043293,2.164925,42.000000,0.542169
0.023810,0.043563,1.243094,24.693327,2.118079,60.000000,0.554187
0.250000,0.091747,1.789474,26.178798,1.641026,13.000000,0.641509
0.250000,0.016801,3.000000,30.000000,1.000000,4.000000,0.750000
0.250000,0.074760,1.750000,30.000000,1.847826,24.000000,0.636364
0.250000,0.091747,1.789474,26.178798,1.641026,13.000000,0.641509
0.250000,0.016801,3.000000,30.000000,1.000000,4.000000,0.750000
0.125000,0.041414,1.123894,26.941967,2.167073,41.000000,0.529167
0.200000,0.371064,1.384615,25.824573,2.058824,34.000000,0.580645
0.043478,0.042332,2.225000,28.239031,1.818462,26.000000,0.689922
0.214286,0.212948,1.430556,27.628925,2.115530,33.000000,0.588571
0.043478,0.968253,1.850000,30.000000,2.103333,25.000000,0.649123
0.083333,0.000000,1.562500,28.345572,1.666667,12.000000,0.609756
0.043478,0.108475,1.850000,30.000000,2.103333,25.000000,0.649123
0.142857,0.048608,3.722222,27.440408,1.678947,20.000000,0.788235
0.200000,0.544111,1.375000,6.168206,1.742857,15.000000,0.578947
0.250000,0.279185,2.396552,28.644772,1.993252,39.000000,0.705584
0.076923,0.235444,1.692308,25.161974,2.124638,46.000000,0.628571
0.111111,1.000000,1.769231,25.099166,1.361111,9.000000,0.638889
0.111111,1.000000,2.375000,29.189195,1.719298,19.000000,0.703704
0.041667,0.858664,2.566667,26.762296,1.989130,24.000000,0.719626
0.041667,1.000000,4.076923,29.065200,1.780788,29.000000,0.803030
0.052632,1.000000,1.265306,24.904806,1.678363,19.000000,0.558559
0.052632,0.512110,2.528736,27.441402,2.130288,65.000000,0.716612
0.041667,0.858664,2.566667,26.762296,1.989130,24.000000,0.719626
0.041667,0.100842,2.470000,29.486366,2.090457,67.000000,0.711816
0.142857,0.024793,1.833333,27.523032,1.748538,19.000000,0.647059
0.125000,0.208531,1.733333,24.917669,1.563636,11.000000,0.634146
0.125000,1.000000,1.727273,25.304313,1.321429,8.000000,0.633333
0.090909,0.261000,1.687500,29.291700,1.509091,11.000000,0.627907
0.090909,0.154062,1.709091,29.104844,1.866667,31.000000,0.630872
0.125000,0.477718,3.517241,27.240955,2.018617,48.000000,0.778626
0.090909,0.393679,2.000000,27.939448,1.672727,11.000000,0.666667
0.166667,1.000000,2.625000,29.830420,2.000000,11.000000,0.724138
0.066667,0.477718,3.517241,27.240955,2.018617,48.000000,0.778626
0.200000,1.000000,5.333333,29.012449,1.238095,7.000000,0.842105
0.200000,0.965288,9.000000,23.568663,1.100000,5.000000,0.900000
0.125000,0.477718,3.517241,27.240955,2.018617,48.000000,0.778626
0.066667,0.477718,3.517241,27.240955,2.018617,48.000000,0.778626
0.142857,0.268316,2.578947,30.000000,1.847953,19.000000,0.720588
0.066667,0.043210,1.692308,30.000000,1.638095,15.000000,0.628571
0.142857,0.268316,2.578947,30.000000,1.847953,19.000000,0.720588
0.100000,1.000000,3.375000,28.205834,1.400000,10.000000,0.771429
0.043478,0.315715,2.297297,28.700734,1.860000,25.000000,0.696721
0.071429,0.071854,3.000000,28.120042,1.670330,14.000000,0.750000
0.071429,0.031882,1.595238,19.217760,1.757576,22.000000,0.614679
0.045455,0.002132,1.243094,25.128156,2.118079,60.000000,0.554187
0.045455,0.031882,1.595238,19.217760,1.757576,22.000000,0.614679
0.125000,0.031882,1.595238,19.217760,1.757576,22.000000,0.614679
0.125000,0.177215,1.769231,29.081685,1.178571,8.000000,0.638889
0.285714,0.334396,1.769231,26.305967,1.935673,19.000000,0.638889
0.285714,1.000000,4.333333,27.545725,1.133333,6.000000,0.812500
0.055556,0.597745,1.880000,27.896664,1.758170,18.000000,0.652778
0.055556,0.630077,1.875000,29.324759,1.763158,20.000000,0.652174
0.055556,0.630077,1.875000,29.324759,1.763158,20.000000,0.652174
0.055556,0.597745,1.880000,27.896664,1.758170,18.000000,0.652778
0.076923,1.000000,1.720000,26.622095,1.641667,16.000000,0.632353
0.076923,0.423383,2.000000,29.622935,1.717949,13.000000,0.666667
0.047619,0.793749,4.142857,27.809182,2.036923,26.000000,0.805556
0.047619,0.094594,1.788462,28.061259,1.972043,31.000000,0.641379
0.166667,0.087744,1.263441,26.939257,2.108743,61.000000,0.558195
0.166667,0.982787,1.800000,23.041950,1.400000,6.000000,0.642857
0.166667,0.362744,1.676923,25.236973,2.157983,35.000000,0.626437
0.200000,0.325835,1.500000,28.017580,1.862745,18.000000,0.600000
0.200000,1.000000,7.000000,30.000000,1.300000,5.000000,0.875000
0.200000,0.008000,2.000000,25.127454,1.400000,5.000000,0.666667
0.125000,0.618684,1.484848,27.623498,2.077966,60.000000,0.597561
0.125000,0.177394,2.111111,29.291700,1.763636,11.000000,0.678571
0.250000,0.048106,1.430556,20.915013,2.119318,33.000000,0.588571
0.071429,0.806422,1.236364,28.627852,1.990769,26.000000,0.552846
0.071429,0.424877,1.551724,30.000000,1.666667,16.000000,0.608108
0.100000,0.806422,1.236364,28.627852,1.990769,26.000000,0.552846
0.100000,0.277222,5.500000,28.768343,1.600000,10.000000,0.846154
0.250000,1.000000,1.454545,30.000000,1.933333,15.000000,0.592593
0.142857,1.000000,1.545455,27.368352,1.428571,8.000000,0.607143
0.142857,1.000000,2.545455,29.829867,1.995238,36.000000,0.717949
0.142857,1.000000,2.545455,29.829867,1.995238,36.000000,0.717949
0.142857,1.000000,1.545455,27.368352,1.428571,8.000000,0.607143
0.090909,0.541526,3.509434,28.975579,1.931340,43.000000,0.778243
0.100000,0.528305,1.352941,29.583393,1.533333,10.000000,0.575000
0.090909,0.541526,3.509434,28.975579,1.931340,43.000000,0.778243
0.076923,1.000000,1.966667,29.869386,1.725146,19.000000,0.662921
0.076923,0.000000,1.550000,19.094701,1.866667,15.000000,0.607843
0.125000,0.666310,1.376000,29.158741,2.139608,51.000000,0.579125
0.090909,0.720116,4.333333,30.000000,1.563636,11.000000,0.812500
0.090909,0.038889,1.243094,24.693327,2.118079,60.000000,0.554187
0.200000,0.345461,1.777778,28.256456,1.641026,13.000000,0.640000
0.028571,0.451276,1.816667,29.793012,1.983193,35.000000,0.644970
0.028571,0.038889,1.243094,24.693327,2.118079,60.000000,0.554187
0.083333,0.869847,3.777778,25.418978,1.575758,12.000000,0.790698
0.083333,0.038889,1.243094,24.693327,2.118079,60.000000,0.554187
0.055556,0.038889,1.243094,24.693327,2.118079,60.000000,0.554187
0.055556,0.628175,1.935484,29.216250,1.627451,18.000000,0.659341
0.083333,0.087693,1.270270,26.751487,2.108743,61.000000,0.559524
0.090909,0.252649,3.125000,30.000000,1.696970,12.000000,0.757576
0.090909,0.252649,3.125000,30.000000,1.696970,12.000000,0.757576
0.062500,1.000000,1.631579,29.196390,1.741667,16.000000,0.620000
0.062500,0.472680,1.346154,24.189911,1.966154,26.000000,0.573770
0.200000,0.194408,1.736842,23.755532,1.752381,15.000000,0.634615
0.058824,0.138103,1.303030,22.056463,1.742647,17.000000,0.565789
0.071429,0.008000,2.200000,28.785191,1.692308,14.000000,0.687500
0.058824,0.102093,1.303030,22.056463,1.742647,17.000000,0.565789
0.071429,0.008000,2.200000,28.785191,1.692308,14.000000,0.687500
0.142857,0.199071,2.750000,27.692308,1.615385,13.000000,0.733333
0.142857,1.000000,1.727273,27.372873,1.615385,14.000000,0.633333
0.062500,0.356863,2.530612,29.106299,1.939496,35.000000,0.716763
0.111111,0.455999,2.571429,30.000000,1.555556,9.000000,0.720000
0.125000,0.081032,1.863636,27.886755,1.708333,16.000000,0.650794
0.043478,0.230293,1.952381,26.383239,2.073563,30.000000,0.661290
0.100000,0.008065,1.909091,27.000000,1.622222,10.000000,0.656250
0.083333,0.226809,1.705882,30.000000,1.560606,12.000000,0.630435
0.043478,0.230949,1.236264,25.127920,2.118079,60.000000,0.552826
0.100000,0.008065,1.909091,27.000000,1.622222,10.000000,0.656250
0.055556,0.182829,1.323308,29.222295,2.145551,52.000000,0.569579
0.142857,0.810083,3.545455,30.000000,1.919118,17.000000,0.780000
0.166667,1.000000,1.526316,27.470049,1.717949,13.000000,0.604167
0.166667,1.000000,1.526316,27.470049,1.717949,13.000000,0.604167
0.066667,0.008000,2.400000,27.039304,1.723810,15.000000,0.705882
0.066667,1.000000,1.636364,21.863073,1.845588,17.000000,0.620690
0.142857,1.000000,1.071429,30.000000,1.500000,8.000000,0.517241
0.083333,0.525447,1.520000,27.881333,1.439394,12.000000,0.603175
0.250000,0.207086,2.111111,26.209325,1.763636,11.000000,0.678571
0.142857,0.308066,1.781250,28.421563,1.794737,20.000000,0.640449
0.066667,1.000000,1.876712,29.578251,1.929487,40.000000,0.652381
0.066667,0.665463,1.550000,19.094701,1.866667,15.000000,0.607843
0.045455,0.287754,2.000000,29.603847,1.852814,22.000000,0.666667
0.045455,1.000000,2.107692,28.788083,2.011074,43.000000,0.678218
0.125000,0.554545,2.000000,30.000000,1.571429,8.000000,0.666667
0.125000,1.000000,1.779221,29.877454,1.929487,40.000000,0.640187
0.043478,0.058022,1.897436,30.000000,2.103333,25.000000,0.654867
0.043478,1.000000,2.014925,29.704806,1.919028,39.000000,0.668317
0.166667,1.000000,1.953846,28.829934,2.008537,41.000000,0.661458
0.166667,0.715832,3.000000,30.000000,1.400000,6.000000,0.750000
0.200000,1.000000,1.953846,28.829934,2.008537,41.000000,0.661458
0.111111,1.000000,1.826667,29.745194,1.929487,40.000000,0.646226
0.111111,0.396239,1.846154,27.958165,1.333333,9.000000,0.648649
0.125000,0.252129,1.155556,22.152661,1.926316,20.000000,0.536082
0.125000,0.272490,7.333333,26.954658,1.214286,8.000000,0.880000
0.071429,0.435667,3.300000,30.000000,1.736264,14.000000,0.767442
0.125000,0.372810,1.475904,28.146331,2.077966,60.000000,0.596107
0.100000,0.014561,1.976744,26.635368,1.913846,26.000000,0.664062
0.100000,0.048989,1.411765,30.000000,1.533333,10.000000,0.585366
0.100000,0.014561,1.976744,26.635368,1.913846,26.000000,0.664062
0.100000,0.048989,1.411765,30.000000,1.533333,10.000000,0.585366
0.100000,0.014561,1.976744,26.635368,1.913846,26.000000,0.664062
0.100000,0.048989,1.411765,30.000000,1.533333,10.000000,0.585366
0.222222,1.000000,1.666667,30.000000,1.000000,5.000000,0.625000
0.222222,1.000000,2.000000,27.804225,1.511111,10.000000,0.666667
0.222222,1.000000,2.000000,27.804225,1.511111,10.000000,0.666667
0.222222,1.000000,1.666667,30.000000,1.000000,5.000000,0.625000
0.142857,1.000000,3.250000,21.694307,1.535714,8.000000,0.764706
0.222222,1.000000,1.666667,30.000000,1.000000,5.000000,0.625000
0.222222,1.000000,2.000000,27.804225,1.511111,10.000000,0.666667
0.125000,1.000000,4.000000,27.273688,2.243590,13.000000,0.800000
0.125000,0.472220,2.000000,29.026087,1.500000,8.000000,0.666667
0.071429,0.738047,3.666667,27.543974,1.736264,14.000000,0.785714
0.090909,0.552704,1.818182,28.594209,1.781818,11.000000,0.645161
0.100000,0.683879,3.000000,29.197070,1.857143,14.000000,0.750000
0.040000,0.000000,2.075000,29.803926,1.853333,25.000000,0.674797
0.040000,0.133774,1.338462,16.192435,1.834483,30.000000,0.572368
0.047619,0.000000,1.964286,29.628986,1.938095,21.000000,0.662651
0.047619,0.133774,1.338462,16.192435,1.834483,30.000000,0.572368
0.166667,0.975538,0.936170,28.165906,2.022989,30.000000,0.483516
0.052632,0.448748,1.409836,29.314070,1.894737,39.000000,0.585034
0.052632,0.108533,1.884615,26.777344,1.812865,19.000000,0.653333
0.125000,0.635701,1.250000,29.402192,2.029268,41.000000,0.555556
0.125000,0.086794,3.600000,29.875464,1.357143,8.000000,0.782609
0.111111,0.000000,2.111111,30.000000,1.472222,9.000000,0.678571
0.111111,0.133774,1.338462,16.192435,1.834483,30.000000,0.572368
0.058824,0.432408,1.443548,29.311173,1.891026,40.000000,0.590759
0.033333,0.000000,1.800000,28.755287,1.993103,30.000000,0.642857
0.033333,0.133774,1.338462,16.192435,1.834483,30.000000,0.572368
0.083333,0.737104,1.184397,29.605634,2.076241,48.000000,0.542208
0.083333,0.761269,2.416667,29.962122,1.606061,12.000000,0.707317
0.111111,0.012448,1.666667,28.947462,1.621212,12.000000,0.625000
0.250000,0.362596,2.875000,30.000000,1.581818,11.000000,0.741935
0.052632,0.199616,2.267606,29.602715,2.011074,43.000000,0.693966
0.076923,0.327751,2.750000,29.532478,1.589744,13.000000,0.733333
0.076923,0.344016,2.157895,29.933498,1.638095,15.000000,0.683333
0.071429,0.390864,2.833333,30.000000,1.692308,14.000000,0.739130
0.052632,0.305572,1.485714,29.677643,1.766082,19.000000,0.597701
0.052632,0.032208,1.485714,29.677643,1.766082,19.000000,0.597701
0.071429,0.390864,2.833333,30.000000,1.692308,14.000000,0.739130
0.166667,0.054165,2.363636,27.184582,1.466667,10.000000,0.702703
0.200000,0.660125,2.500000,30.000000,1.826087,23.000000,0.714286
0.166667,0.071016,1.367521,28.409267,2.145408,49.000000,0.577617
0.111111,0.357071,2.964286,27.245261,2.276210,32.000000,0.747748
0.111111,1.000000,1.666667,16.796148,1.636364,11.000000,0.625000
0.111111,1.000000,1.307692,28.241773,1.555556,9.000000,0.566667
0.052632,0.005848,1.555556,30.000000,1.916667,25.000000,0.608696
0.052632,0.093813,1.774194,20.548355,1.795322,19.000000,0.639535
0.111111,0.111994,1.359375,26.571394,1.973545,28.000000,0.576159
0.111111,0.000000,1.769231,30.000000,1.388889,9.000000,0.638889
0.043478,0.124622,2.297297,28.700734,1.860000,25.000000,0.696721
0.043478,0.898605,2.192308,27.617443,2.027668,23.000000,0.686747
0.166667,0.093813,1.774194,20.548355,1.795322,19.000000,0.639535
0.052632,0.093813,1.774194,20.548355,1.795322,19.000000,0.639535
0.052632,0.078500,1.974359,28.649041,2.045584,27.000000,0.663793
0.111111,1.000000,1.875000,28.664042,2.071429,21.000000,0.652174
0.111111,1.000000,3.000000,29.496745,1.416667,9.000000,0.750000
0.111111,0.111994,1.359375,26.571394,1.973545,28.000000,0.576159
0.111111,0.000000,1.769231,30.000000,1.388889,9.000000,0.638889
0.111111,0.111994,1.359375,26.571394,1.973545,28.000000,0.576159
0.111111,0.000000,1.769231,30.000000,1.388889,9.000000,0.638889
0.090909,0.064616,1.647059,20.785264,1.545455,11.000000,0.622222
0.090909,0.076113,3.000000,29.321786,1.960145,24.000000,0.750000
0.200000,1.000000,1.416667,25.448379,1.555556,9.000000,0.586207
0.200000,1.000000,1.666667,30.000000,1.000000,5.000000,0.625000
0.200000,1.000000,1.666667,30.000000,1.000000,5.000000,0.625000
0.200000,1.000000,1.416667,25.448379,1.555556,9.000000,0.586207
0.200000,1.000000,1.666667,30.000000,1.000000,5.000000,0.625000
0.200000,1.000000,1.416667,25.448379,1.555556,9.000000,0.586207
0.076923,1.000000,1.768116,28.916786,2.000000,37.000000,0.638743
0.076923,0.730769,3.875000,29.528864,1.602564,13.000000,0.794872
0.142857,1.000000,3.133858,29.355733,1.888938,68.000000,0.758095
0.166667,1.000000,3.750000,23.859985,1.000000,6.000000,0.789474
0.166667,1.000000,1.745455,29.939158,1.916256,29.000000,0.635762
0.142857,1.000000,2.966102,29.202213,1.902714,63.000000,0.747863
0.043478,1.000000,2.974026,29.405119,1.918367,50.000000,0.748366
0.043478,1.000000,3.850000,27.426984,1.695652,23.000000,0.793814
0.090909,1.000000,2.782258,29.335636,1.905786,63.000000,0.735608
0.076923,0.678700,3.875000,29.528864,1.602564,13.000000,0.794872
0.076923,1.000000,1.768116,28.916786,2.000000,37.000000,0.638743
0.043478,1.000000,3.180328,29.405811,1.890095,67.000000,0.760784
0.043478,0.308576,1.425000,21.433185,1.936759,23.000000,0.587629
0.166667,1.000000,3.123967,29.783323,1.891375,66.000000,0.757515
0.083333,0.576298,1.827586,19.841553,1.826316,20.000000,0.646341
0.083333,0.448976,1.812500,23.349758,1.560606,12.000000,0.644444
0.125000,1.000000,1.400000,26.596562,1.621212,12.000000,0.583333
0.125000,0.867964,1.600000,26.250000,1.428571,8.000000,0.615385
0.125000,1.000000,2.529412,30.000000,1.758333,16.000000,0.716667
0.125000,0.001469,2.200000,30.000000,1.692308,14.000000,0.687500
0.125000,0.867964,1.600000,26.250000,1.428571,8.000000,0.615385
0.125000,0.001469,2.200000,30.000000,1.692308,14.000000,0.687500
0.125000,0.867964,1.600000,26.250000,1.428571,8.000000,0.615385
0.076923,0.645704,4.428571,19.486051,1.807692,13.000000,0.815789
0.076923,1.000000,2.529412,30.000000,1.758333,16.000000,0.716667
0.062500,0.249409,1.800000,29.037314,1.993103,30.000000,0.642857
0.125000,0.295696,4.250000,29.214289,1.761905,15.000000,0.809524
0.250000,0.933278,3.000000,26.954658,1.357143,8.000000,0.750000
0.142857,0.544757,1.764706,24.601203,1.814286,21.000000,0.638298
0.166667,0.733040,2.670588,29.833985,2.029379,60.000000,0.727564
0.250000,0.062791,3.333333,30.000000,1.285714,8.000000,0.769231
0.076923,0.430878,1.708333,27.538132,1.538462,13.000000,0.630769
0.076923,0.196078,1.818182,29.885810,1.766082,19.000000,0.645161
0.250000,0.207593,2.027027,29.123522,1.869565,24.000000,0.669643
0.076923,0.430878,1.708333,27.538132,1.538462,13.000000,0.630769
0.076923,0.099751,3.473684,28.272060,1.728571,21.000000,0.776471
0.200000,0.004082,2.842105,29.809404,1.805263,20.000000,0.739726
0.166667,0.979619,1.500000,25.714286,1.476190,7.000000,0.600000
0.142857,0.979619,1.500000,25.714286,1.476190,7.000000,0.600000
0.142857,0.573983,2.184211,29.157873,1.853333,25.000000,0.685950
0.076923,0.736638,1.413793,29.786925,1.888889,18.000000,0.585714
0.076923,0.531433,2.416667,27.857143,1.736264,14.000000,0.707317
0.142857,0.224143,1.666667,25.160418,1.666667,12.000000,0.625000
0.142857,0.266963,2.250000,23.263341,1.571429,7.000000,0.692308
0.166667,0.047630,1.687500,27.552101,1.705128,13.000000,0.627907
0.100000,0.927379,2.714286,9.015180,1.844444,10.000000,0.730769
0.100000,0.076737,1.631579,28.254077,1.703297,14.000000,0.620000
0.100000,0.302569,1.544715,29.298749,2.143256,54.000000,0.607029
0.100000,0.927379,2.714286,9.015180,1.844444,10.000000,0.730769
0.111111,1.000000,1.909091,25.819375,1.472222,9.000000,0.656250
0.111111,0.000000,1.600000,18.118320,1.636364,12.000000,0.615385
0.100000,0.817742,1.521739,30.000000,1.916667,25.000000,0.603448
0.100000,0.958681,2.300000,19.379566,1.912088,14.000000,0.696970
0.100000,0.104972,2.000000,29.031256,1.666667,10.000000,0.666667
0.166667,0.384898,1.602740,28.957358,2.167949,40.000000,0.615789
0.076923,0.223529,4.000000,29.413606,1.602564,13.000000,0.800000
0.076923,0.419408,1.941176,27.122674,2.098039,34.000000,0.660000
0.125000,0.384898,1.602740,28.957358,2.167949,40.000000,0.615789
0.040000,0.044725,1.836735,29.169252,1.870968,31.000000,0.647482
0.040000,0.771216,1.675000,27.105698,1.943333,25.000000,0.626168
0.083333,0.779593,2.461538,30.000000,1.560606,12.000000,0.711111
0.083333,0.141796,1.400000,22.722146,1.833333,24.000000,0.583333
0.033333,0.343958,1.323308,29.222295,2.145551,52.000000,0.569579
0.033333,0.565999,1.952381,25.749097,2.073563,30.000000,0.661290
0.076923,0.307274,1.750000,29.860266,1.884058,24.000000,0.636364
0.071429,0.142899,2.611111,29.924734,1.764706,17.000000,0.723077
0.142857,0.720280,2.500000,24.949539,1.523810,7.000000,0.714286
0.076923,1.000000,1.750000,29.860266,1.884058,24.000000,0.636364
0.083333,1.000000,1.500000,22.201375,1.843137,18.000000,0.600000
0.083333,0.020408,1.750000,22.562278,1.681818,12.000000,0.636364
0.058824,1.000000,1.500000,22.201375,1.843137,18.000000,0.600000
0.058824,0.004082,2.263158,25.746800,1.735294,17.000000,0.693548
0.066667,0.008197,3.083333,25.800142,1.723810,15.000000,0.755102
0.066667,0.667827,2.347826,28.369079,1.789474,19.000000,0.701299
0.200000,1.000000,3.666667,22.975065,1.846154,13.000000,0.785714
0.071429,0.236222,2.571429,30.000000,1.670330,14.000000,0.720000
0.071429,0.344387,1.533333,26.235381,1.945652,24.000000,0.605263
0.111111,0.012448,2.230769,29.183720,1.194444,9.000000,0.690476
0.111111,0.344387,1.533333,26.235381,1.945652,24.000000,0.605263
0.125000,1.000000,1.636364,30.000000,1.357143,8.000000,0.620690
0.083333,0.567927,2.651685,29.847885,2.029614,62.000000,0.726154
0.083333,1.000000,1.600000,18.118320,1.636364,12.000000,0.615385
0.125000,1.000000,1.636364,30.000000,1.357143,8.000000,0.620690
0.111111,1.000000,1.666667,30.000000,1.766082,19.000000,0.625000
0.111111,0.063427,1.750000,28.935269,1.444444,9.000000,0.636364
0.047619,0.126400,4.000000,30.000000,1.750988,23.000000,0.800000
0.047619,0.334583,1.900000,28.905697,1.871429,21.000000,0.655172
0.250000,0.938442,1.666667,24.124084,1.166667,4.000000,0.625000
0.250000,0.357803,3.187500,26.945017,1.698529,17.000000,0.761194
0.125000,0.294107,1.954545,29.002600,1.915344,28.000000,0.661538
0.045455,0.528156,1.346154,24.189911,1.966154,26.000000,0.573770
0.045455,0.331721,1.966667,28.449874,1.900433,22.000000,0.662921
0.125000,1.000000,1.720930,29.801263,1.836957,24.000000,0.632479
0.047619,0.126400,4.000000,30.000000,1.750988,23.000000,0.800000
0.047619,0.334583,1.900000,28.905697,1.871429,21.000000,0.655172
0.100000,0.796629,2.625000,30.000000,1.622222,10.000000,0.724138
0.100000,0.393570,3.750000,28.175099,1.590909,12.000000,0.789474
0.142857,1.000000,1.400000,25.135801,1.621212,12.000000,0.583333
0.083333,1.000000,1.666667,30.000000,1.621212,12.000000,0.625000
0.083333,1.000000,2.812500,26.842105,2.140351,19.000000,0.737705
0.142857,0.620457,1.419355,22.907529,1.900000,20.000000,0.586667
0.142857,0.016667,2.200000,26.761990,1.476190,7.000000,0.687500
0.083333,1.000000,1.666667,30.000000,1.621212,12.000000,0.625000
0.083333,0.523788,2.812500,26.842105,2.140351,19.000000,0.737705
0.200000,0.005377,2.033898,28.208041,1.938438,37.000000,0.670391
0.200000,0.416372,2.333333,28.624726,1.300000,5.000000,0.700000
0.076923,0.194385,2.181818,28.839817,1.919355,32.000000,0.685714
0.071429,0.012552,4.857143,28.410464,2.076923,14.000000,0.829268
0.071429,0.012552,4.857143,28.410464,2.076923,14.000000,0.829268
0.125000,0.072795,2.125000,29.642859,1.912879,33.000000,0.680000
0.083333,0.063104,3.454545,29.648640,1.439394,12.000000,0.775510
0.045455,0.178253,1.557377,29.214185,2.143256,54.000000,0.608974
0.045455,0.777143,1.617647,24.194432,1.935065,22.000000,0.617978
0.071429,0.737275,1.827586,28.333333,1.692810,18.000000,0.646341
0.071429,0.209973,2.170213,29.501078,1.912879,33.000000,0.684564
0.062500,0.051698,1.520000,29.495229,2.143256,54.000000,0.603175
0.062500,1.000000,2.312500,26.250000,1.741667,16.000000,0.698113
0.250000,1.000000,1.833333,28.616080,1.476190,7.000000,0.647059
0.125000,0.444407,1.666667,29.447474,1.545455,11.000000,0.625000
0.125000,0.629981,3.333333,30.000000,1.285714,8.000000,0.769231
0.071429,0.237933,5.142857,27.835785,1.736264,14.000000,0.837209
0.071429,0.379203,1.620000,28.235056,2.014778,29.000000,0.618321
0.111111,0.297320,4.833333,30.000000,2.142857,15.000000,0.828571
0.111111,0.004219,1.777778,30.000000,1.611111,9.000000,0.640000
0.111111,1.000000,5.000000,30.000000,1.583333,9.000000,0.833333
0.111111,0.960238,1.488889,28.739130,1.881423,23.000000,0.598214
0.111111,0.467567,2.677419,30.000000,2.276210,32.000000,0.728070
0.111111,1.000000,2.677419,30.000000,2.276210,32.000000,0.728070
0.125000,0.229250,1.300000,25.253796,1.607143,8.000000,0.565217
0.125000,0.543020,3.666667,27.068896,1.745455,11.000000,0.785714
0.125000,0.092354,3.000000,29.453033,1.993108,57.000000,0.750000
0.125000,1.000000,1.666667,19.521651,1.464286,8.000000,0.625000
0.125000,1.000000,1.666667,29.200297,1.464286,8.000000,0.625000
0.125000,0.449719,3.111111,21.416057,1.743590,13.000000,0.756757
0.062500,0.036716,1.857143,28.945737,1.970000,25.000000,0.650000
0.062500,0.263164,1.700000,18.485755,1.833333,16.000000,0.629630
0.071429,0.040565,1.629630,30.000000,1.516484,14.000000,0.619718
0.200000,0.747458,2.431373,29.213460,1.939496,35.000000,0.708571
0.040000,0.921897,1.770833,30.000000,1.901538,26.000000,0.639098
0.040000,1.000000,2.972973,27.211654,1.946970,33.000000,0.748299
0.111111,0.358722,2.444444,29.344782,2.103943,63.000000,0.709677
0.100000,0.846309,2.083333,30.000000,1.444444,10.000000,0.675676
0.100000,0.388796,2.166667,28.124761,2.041546,46.000000,0.684211
0.076923,0.439350,3.111111,21.416057,1.743590,13.000000,0.756757
0.076923,0.378048,2.812500,29.830045,1.993108,57.000000,0.737705
0.166667,0.323973,3.000000,30.000000,1.651515,12.000000,0.750000
0.166667,0.323973,3.000000,30.000000,1.651515,12.000000,0.750000
0.050000,0.075392,1.400000,22.722146,1.833333,24.000000,0.583333
0.050000,0.016529,1.880000,28.518457,1.915789,20.000000,0.652778
0.066667,0.040606,1.941176,29.086744,1.742857,15.000000,0.660000
0.066667,0.075392,1.400000,22.722146,1.833333,24.000000,0.583333
0.066667,0.040606,1.941176,29.086744,1.742857,15.000000,0.660000
0.066667,0.075392,1.400000,22.722146,1.833333,24.000000,0.583333
0.125000,1.000000,1.625000,25.183747,1.535714,8.000000,0.619048
0.125000,0.138735,3.000000,30.000000,1.688889,10.000000,0.750000
0.062500,0.564186,1.636364,23.174771,1.852941,17.000000,0.620690
0.062500,0.555556,1.615385,16.929650,1.650000,16.000000,0.617647
0.058824,0.564186,1.636364,23.174771,1.852941,17.000000,0.620690
0.058824,0.035077,2.321429,29.905489,1.970000,25.000000,0.698925
0.111111,0.073973,2.076923,27.692336,1.730769,13.000000,0.675000
0.125000,1.000000,1.782609,30.000000,1.708333,16.000000,0.640625
0.125000,0.770862,1.600000,27.062042,1.428571,8.000000,0.615385
0.076923,0.718833,1.666667,28.125000,1.633333,16.000000,0.625000
0.076923,0.234634,2.238095,30.000000,1.505495,14.000000,0.691176
0.200000,0.301959,2.200000,25.166667,1.266667,6.000000,0.687500
0.166667,0.098777,2.000000,29.745872,1.819048,15.000000,0.666667
0.142857,1.000000,2.125000,30.000000,1.190476,7.000000,0.680000
0.142857,0.960178,2.125000,30.000000,1.190476,7.000000,0.680000
0.142857,0.266089,1.255814,25.469578,1.784211,20.000000,0.556701
0.111111,0.205882,1.700000,21.256315,1.690909,11.000000,0.629630
0.076923,0.138634,1.741935,30.000000,1.784211,20.000000,0.635294
0.076923,0.040077,5.500000,27.692308,1.961538,13.000000,0.846154
0.076923,0.040077,5.500000,27.692308,1.961538,13.000000,0.846154
0.076923,0.599934,1.875000,30.000000,1.683824,17.000000,0.652174
0.125000,0.260252,1.542857,29.270069,1.784211,20.000000,0.606742
0.083333,0.505209,2.142857,29.809404,1.757895,20.000000,0.681818
0.083333,0.531660,3.000000,29.652828,1.696970,12.000000,0.750000
0.200000,0.016826,1.843137,23.187094,2.112903,32.000000,0.648276
0.200000,0.588220,1.863636,30.000000,1.638095,15.000000,0.650794
0.076923,0.544119,1.220588,26.217209,2.053763,31.000000,0.549669
0.076923,0.984315,1.550000,27.194088,1.602564,13.000000,0.607843
0.076923,0.984315,1.550000,27.194088,1.602564,13.000000,0.607843
0.076923,0.544119,1.220588,26.217209,2.053763,31.000000,0.549669
0.250000,0.168550,1.366337,27.914158,2.184541,46.000000,0.577406
0.166667,0.595450,1.571429,25.000000,1.266667,6.000000,0.611111
0.166667,0.277538,1.571429,27.475617,1.555556,10.000000,0.611111
0.166667,0.595450,1.571429,25.000000,1.266667,6.000000,0.611111
0.166667,0.277538,1.571429,27.475617,1.555556,10.000000,0.611111
0.111111,0.345124,1.964286,29.884714,1.991597,35.000000,0.662651
0.058824,0.023021,1.666667,24.666257,2.136364,33.000000,0.625000
0.058824,0.004292,2.750000,28.587115,1.602941,17.000000,0.733333
0.058824,0.171511,1.952381,21.280734,1.830882,17.000000,0.661290
0.125000,1.000000,5.500000,30.000000,1.214286,8.000000,0.846154
0.125000,1.000000,1.163265,26.228563,1.914286,21.000000,0.537736
0.166667,1.000000,2.750000,27.749197,1.266667,6.000000,0.733333
0.071429,1.000000,1.163265,26.608895,1.914286,21.000000,0.537736
0.071429,0.616126,2.000000,25.649534,1.626374,14.000000,0.666667
0.111111,0.000000,2.111111,20.885306,1.711111,10.000000,0.678571
0.125000,1.000000,1.666667,29.471506,1.464286,8.000000,0.625000
0.125000,0.379536,3.750000,22.859592,1.780220,14.000000,0.789474
0.166667,1.000000,1.500000,27.656893,1.945652,24.000000,0.600000
0.111111,0.543581,1.360000,19.176773,1.901538,26.000000,0.576271
0.071429,1.000000,1.571429,30.000000,1.516484,14.000000,0.611111
0.071429,0.543581,1.360000,19.176773,1.901538,26.000000,0.576271
0.250000,0.237493,1.758621,29.178644,1.858871,32.000000,0.637500
0.100000,1.000000,1.571429,15.518308,1.725275,14.000000,0.611111
0.100000,0.026346,2.250000,25.473321,2.023715,23.000000,0.692308
0.142857,0.307244,2.028571,29.101240,1.770751,23.000000,0.669811
0.142857,1.000000,1.666667,25.714286,1.523810,7.000000,0.625000
0.100000,1.000000,1.571429,15.518308,1.725275,14.000000,0.611111
0.142857,0.643818,2.400000,29.224966,1.836257,19.000000,0.705882
0.200000,0.343205,1.395349,29.415189,1.998413,36.000000,0.582524
0.200000,0.008403,2.333333,24.000000,1.300000,5.000000,0.700000
0.200000,0.485779,1.388235,29.857276,1.979832,35.000000,0.581281
0.111111,0.798006,1.266667,26.666667,1.500000,9.000000,0.558824
0.111111,0.461138,12.000000,29.262688,1.571429,15.000000,0.923077
0.100000,1.000000,1.909091,30.000000,1.622222,10.000000,0.656250
0.100000,1.000000,1.909091,30.000000,1.622222,10.000000,0.656250
0.062500,0.793249,2.666667,25.412343,1.991667,16.000000,0.727273
0.062500,0.214556,1.805556,29.042093,1.970000,25.000000,0.643564
0.062500,0.793249,2.666667,25.412343,1.991667,16.000000,0.727273
0.062500,0.214556,1.805556,29.042093,1.970000,25.000000,0.643564
0.062500,0.835592,2.833333,23.556383,1.750000,17.000000,0.739130
0.062500,0.201204,1.435484,19.301896,1.829885,30.000000,0.589404
0.058824,0.000000,2.619048,29.205599,1.602941,17.000000,0.723684
0.058824,0.147063,1.796610,24.596976,2.112605,35.000000,0.642424
0.111111,0.164251,2.028571,29.632190,1.976667,25.000000,0.669811
0.083333,0.169696,2.000000,26.571582,1.945652,24.000000,0.666667
0.083333,0.675141,1.500000,30.000000,1.651515,12.000000,0.600000
0.166667,0.368963,1.785714,28.251590,1.621212,12.000000,0.641026
0.111111,0.010526,1.658537,21.277803,1.901538,26.000000,0.623853
0.083333,0.059603,2.250000,27.514118,1.590909,12.000000,0.692308
0.083333,0.545067,1.685714,29.770326,1.943723,22.000000,0.627660
0.111111,0.542221,1.666667,29.192675,1.633333,16.000000,0.625000
0.100000,0.139268,2.782609,28.797913,1.695238,21.000000,0.735632
0.100000,0.999999,1.937500,28.808800,1.747253,14.000000,0.659574
0.125000,0.070105,1.137931,30.000000,1.692308,13.000000,0.532258
0.083333,1.000000,1.450000,30.000000,1.636364,12.000000,0.591837
0.083333,0.502354,1.230769,27.500000,1.606061,12.000000,0.551724
0.083333,1.000000,1.450000,30.000000,1.636364,12.000000,0.591837
0.083333,0.502354,1.230769,27.500000,1.606061,12.000000,0.551724
0.125000,0.070105,1.137931,30.000000,1.692308,13.000000,0.532258
0.125000,0.070105,1.137931,30.000000,1.692308,13.000000,0.532258
0.083333,0.502354,1.230769,27.500000,1.606061,12.000000,0.551724
0.083333,1.000000,1.450000,30.000000,1.636364,12.000000,0.591837
0.100000,0.798992,1.352941,29.653338,1.533333,10.000000,0.575000
0.100000,1.000000,1.052632,20.061765,1.800000,16.000000,0.512821
0.250000,1.000000,1.180000,27.991038,1.961039,22.000000,0.541284
0.250000,0.500946,1.833333,30.000000,1.742857,15.000000,0.647059
0.250000,0.500946,1.833333,30.000000,1.742857,15.000000,0.647059
0.062500,0.142132,3.923077,27.815445,1.705882,17.000000,0.796875
0.062500,1.000000,2.125000,24.229675,1.875000,16.000000,0.680000
0.125000,1.000000,2.125000,24.229675,1.875000,16.000000,0.680000
0.100000,1.000000,1.685714,29.954657,1.943723,22.000000,0.627660
0.111111,1.000000,2.428571,30.000000,1.527778,9.000000,0.708333
0.111111,1.000000,1.863636,30.000000,1.708333,16.000000,0.650794
0.083333,1.000000,1.708333,27.538132,1.538462,13.000000,0.630769
0.083333,0.366921,1.966667,25.906155,1.880952,21.000000,0.662921
0.142857,0.142857,2.000000,27.456532,1.428571,7.000000,0.666667
0.038462,0.061567,2.315789,23.386818,1.940887,29.000000,0.698413
0.038462,0.760503,2.343750,29.240476,2.018519,28.000000,0.700935
0.083333,0.790044,1.756098,29.532402,1.870769,26.000000,0.637168
0.083333,0.008333,1.888889,24.992844,1.484848,12.000000,0.653846
0.125000,0.790044,1.756098,29.532402,1.870769,26.000000,0.637168
0.041667,0.035027,1.481481,28.392105,1.815217,24.000000,0.597015
0.041667,1.000000,1.848485,13.029092,1.909420,24.000000,0.648936
0.125000,0.136886,2.000000,27.560008,1.500000,8.000000,0.666667
0.083333,0.004219,1.450000,24.931118,1.666667,12.000000,0.591837
0.090909,0.724116,2.173913,28.337982,1.853801,19.000000,0.684932
0.083333,0.056995,2.250000,29.549405,1.590909,12.000000,0.692308
0.083333,0.182851,3.100000,29.117647,2.279857,34.000000,0.756098
0.083333,0.182851,3.100000,29.117647,2.279857,34.000000,0.756098
0.083333,0.056995,2.250000,29.549405,1.590909,12.000000,0.692308
0.250000,1.000000,2.000000,25.219055,1.428571,7.000000,0.666667
0.250000,0.875651,3.000000,29.133346,1.000000,4.000000,0.750000
0.111111,0.409206,1.444444,27.173985,1.969231,26.000000,0.590909
0.125000,0.012552,4.666667,26.375000,1.500000,8.000000,0.823529
0.125000,0.197802,2.428571,24.000039,1.828571,15.000000,0.708333
0.071429,0.197802,2.428571,24.000039,1.828571,15.000000,0.708333
0.071429,0.012552,1.625000,28.930379,1.769231,14.000000,0.619048
0.071429,0.373594,1.827586,26.666667,1.660131,18.000000,0.646341
0.071429,0.369587,2.166667,28.591381,1.523810,15.000000,0.684211
0.052632,0.004149,3.138889,29.794039,1.997738,52.000000,0.758389
0.062500,0.004149,2.045455,29.148924,1.625000,16.000000,0.671642
0.200000,0.004149,7.000000,29.855480,1.300000,5.000000,0.875000
0.052632,0.330806,2.658537,29.974193,1.812169,28.000000,0.726667
0.083333,0.351302,3.625000,30.000000,1.681818,12.000000,0.783784
0.083333,0.016667,1.916667,30.000000,1.910256,13.000000,0.657143
0.083333,0.351302,3.625000,30.000000,1.681818,12.000000,0.783784
0.083333,0.016667,1.916667,30.000000,1.910256,13.000000,0.657143
0.083333,0.012448,1.523810,30.000000,1.590909,12.000000,0.603774
0.083333,0.357465,1.578947,21.823469,1.703297,14.000000,0.612245
0.083333,0.357465,1.578947,21.823469,1.703297,14.000000,0.612245
0.083333,0.012448,1.523810,30.000000,1.590909,12.000000,0.603774
0.083333,0.357465,1.578947,21.823469,1.703297,14.000000,0.612245
0.083333,0.012448,1.523810,30.000000,1.590909,12.000000,0.603774
0.214286,1.000000,1.666667,29.574247,2.043678,30.000000,0.625000
0.100000,0.757798,2.000000,30.000000,1.672727,11.000000,0.666667
0.250000,0.004149,2.000000,29.299575,1.333333,4.000000,0.666667
0.125000,0.673134,1.207547,27.379621,1.960474,23.000000,0.547009
0.058824,0.673134,1.207547,27.379621,1.960474,23.000000,0.547009
0.058824,1.000000,1.714286,28.235294,1.757353,17.000000,0.631579
0.076923,0.179747,1.620000,28.235056,2.014778,29.000000,0.618321
0.071429,0.004149,1.953488,28.356664,1.740000,25.000000,0.661417
0.250000,0.536180,1.608696,22.622512,1.679654,22.000000,0.616667
0.166667,0.561088,3.400000,29.825706,1.611111,9.000000,0.772727
0.166667,1.000000,2.785714,29.271421,1.780952,15.000000,0.735849
0.200000,1.000000,1.600000,29.944369,1.964427,23.000000,0.615385
0.076923,0.716616,1.185185,28.354714,1.960474,23.000000,0.542373
0.076923,0.683506,1.521739,27.417913,1.615385,13.000000,0.603448
0.200000,0.688686,2.166667,29.711115,1.606061,12.000000,0.684211
0.250000,1.000000,1.400000,25.811562,1.666667,13.000000,0.583333
0.250000,0.083544,1.964706,26.923834,1.935366,41.000000,0.662698
0.200000,0.304842,1.594595,26.484126,1.982175,34.000000,0.614583
0.200000,1.000000,1.750000,27.227382,1.300000,5.000000,0.636364
0.100000,0.212134,1.710526,26.812121,1.794737,20.000000,0.631068
0.100000,1.000000,2.500000,26.858464,1.933333,15.000000,0.714286
0.100000,0.821756,1.636364,30.000000,1.666667,10.000000,0.620690
0.090909,0.004149,1.520833,30.000000,1.873188,24.000000,0.603306
0.100000,1.000000,1.846154,29.635157,1.769231,13.000000,0.648649
0.100000,0.977463,3.000000,30.000000,1.743590,13.000000,0.750000
0.250000,0.204819,4.000000,11.742380,1.333333,4.000000,0.800000
0.250000,0.977463,3.000000,30.000000,1.743590,13.000000,0.750000
0.066667,0.396613,2.608696,27.739270,1.852814,22.000000,0.722892
0.066667,1.000000,1.454545,29.621611,1.838095,15.000000,0.592593
0.153846,0.279070,1.809524,19.409554,1.808333,16.000000,0.644068
0.037037,0.343981,1.435484,17.984210,1.829885,30.000000,0.589404
0.037037,0.296439,2.743590,28.431927,1.783476,27.000000,0.732877
0.250000,1.000000,2.000000,30.000000,1.357143,8.000000,0.666667
0.050000,0.117528,1.627119,29.571938,1.840726,32.000000,0.619355
0.050000,0.227817,1.805556,26.042581,1.794737,20.000000,0.643564
0.062500,0.425186,2.500000,29.330625,1.583333,16.000000,0.714286
0.062500,0.343981,1.435484,17.984210,1.829885,30.000000,0.589404
0.058824,0.436132,3.176471,30.000000,1.692810,18.000000,0.760563
0.142857,1.000000,2.125000,21.408175,1.190476,7.000000,0.680000
0.142857,0.343981,1.435484,17.984210,1.829885,30.000000,0.589404
0.035714,0.019843,2.255319,27.455865,1.873440,34.000000,0.692810
0.250000,1.000000,2.000000,30.000000,1.357143,8.000000,0.666667
0.043478,0.032275,1.714286,29.896076,1.932806,23.000000,0.631579
0.062500,0.161177,15.500000,26.844522,1.483333,16.000000,0.939394
0.043478,0.032275,1.714286,29.896076,1.932806,23.000000,0.631579
0.062500,0.161177,15.500000,26.844522,1.483333,16.000000,0.939394
0.166667,0.589480,2.250000,25.000000,1.400000,6.000000,0.692308
0.058824,0.106633,2.710145,28.729936,1.909091,44.000000,0.730469
0.058824,0.653564,2.823529,23.327410,2.180952,21.000000,0.738462
0.045455,0.564382,1.469697,28.309613,2.002299,30.000000,0.595092
0.045455,0.760230,2.727273,26.695436,1.852814,22.000000,0.731707
0.090909,0.824473,2.200000,25.919905,1.709091,11.000000,0.687500
0.090909,1.000000,1.232558,28.566685,1.807018,19.000000,0.552083
0.142857,0.630128,1.230769,27.500000,1.606061,12.000000,0.551724
0.142857,1.000000,2.812500,30.000000,2.140351,19.000000,0.737705
0.111111,0.000000,6.500000,29.369351,1.277778,9.000000,0.866667
0.111111,0.873238,1.033333,27.185139,1.883117,22.000000,0.508197
0.083333,0.430259,1.823529,30.000000,1.861660,23.000000,0.645833
0.083333,0.186953,1.523810,30.000000,1.590909,12.000000,0.603774
0.083333,0.186953,1.523810,30.000000,1.590909,12.000000,0.603774
0.083333,0.430259,1.823529,30.000000,1.861660,23.000000,0.645833
0.083333,0.186953,1.523810,30.000000,1.590909,12.000000,0.603774
0.083333,0.430259,1.823529,30.000000,1.861660,23.000000,0.645833
0.142857,0.630128,1.230769,27.500000,1.606061,12.000000,0.551724
0.142857,1.000000,2.812500,30.000000,2.140351,19.000000,0.737705
0.142857,0.630128,1.230769,27.500000,1.606061,12.000000,0.551724
0.142857,1.000000,2.812500,30.000000,2.140351,19.000000,0.737705
0.142857,0.827336,2.812500,30.000000,2.140351,19.000000,0.737705
0.142857,0.630128,1.230769,27.500000,1.606061,12.000000,0.551724
0.142857,0.827336,2.812500,30.000000,2.140351,19.000000,0.737705
0.142857,0.630128,1.230769,27.500000,1.606061,12.000000,0.551724
0.142857,0.827336,2.812500,30.000000,2.140351,19.000000,0.737705
0.142857,0.630128,1.230769,27.500000,1.606061,12.000000,0.551724
0.052632,0.873238,1.033333,27.185139,1.883117,22.000000,0.508197
0.052632,0.000000,1.162791,30.000000,1.865497,19.000000,0.537634
0.071429,0.406663,2.058824,29.308040,1.615385,14.000000,0.673077
0.071429,0.166585,1.024691,19.778676,2.004598,30.000000,0.506098
0.076923,0.276428,2.050000,30.000000,1.474359,13.000000,0.672131
0.076923,0.166585,1.024691,19.778676,2.004598,30.000000,0.506098
0.111111,0.142779,1.000000,25.716221,2.004598,30.000000,0.500000
0.125000,0.871591,2.000000,24.386511,1.484848,12.000000,0.666667
0.125000,0.379732,1.571429,27.416137,2.017316,22.000000,0.611111
0.071429,0.324078,2.677419,27.915285,1.760870,24.000000,0.728070
0.071429,1.000000,1.937500,29.475249,1.747253,14.000000,0.659574
0.062500,0.725628,1.500000,29.455606,1.775000,16.000000,0.600000
0.062500,1.000000,3.416667,29.653898,1.877419,31.000000,0.773585
0.250000,1.000000,1.540541,16.107408,2.021739,24.000000,0.606383
0.076923,0.216602,1.875000,29.292673,1.730769,13.000000,0.652174
0.076923,1.000000,1.583333,21.227575,1.757353,17.000000,0.612903
0.058824,0.139369,1.880000,30.000000,1.738562,18.000000,0.652778
0.058824,1.000000,1.583333,21.227575,1.757353,17.000000,0.612903
0.076923,0.015126,1.321429,29.672801,2.003003,37.000000,0.569231
0.076923,0.015126,1.321429,29.672801,2.003003,37.000000,0.569231
0.076923,0.009945,3.500000,30.000000,1.996735,50.000000,0.777778
0.076923,0.009945,3.500000,30.000000,1.996735,50.000000,0.777778
0.200000,0.003026,2.540541,28.556658,2.000000,47.000000,0.717557
0.090909,1.000000,2.259259,29.729582,1.996377,24.000000,0.693182
0.111111,0.571735,2.533333,28.860381,1.582418,14.000000,0.716981
0.142857,0.970128,1.708333,26.793672,1.695238,15.000000,0.630769
0.200000,1.000000,3.500000,30.000000,1.300000,5.000000,0.777778
0.200000,1.000000,1.627119,27.832310,1.970443,29.000000,0.619355
0.250000,0.274109,2.372093,29.338715,1.949597,32.000000,0.703448
0.200000,0.192943,2.200000,21.807216,1.266667,6.000000,0.687500
0.250000,0.375208,1.600000,30.000000,1.511111,10.000000,0.615385
0.100000,0.261798,1.846154,24.056344,1.511111,10.000000,0.648649
0.100000,1.000000,2.000000,30.000000,1.511111,10.000000,0.666667
0.142857,1.000000,1.857143,29.128463,1.444444,10.000000,0.650000
0.250000,0.018240,1.147059,20.805717,1.852941,17.000000,0.534247
0.066667,1.000000,2.250000,27.069293,2.023715,23.000000,0.692308
0.066667,0.728296,2.058824,28.000000,1.714286,15.000000,0.673077
0.166667,0.545222,1.857143,30.000000,1.716667,16.000000,0.650000
0.071429,0.029536,1.555556,19.583900,1.692308,14.000000,0.608696
0.076923,0.139368,3.588235,29.645690,1.880952,21.000000,0.782051
0.076923,0.507133,2.750000,25.384615,2.051282,13.000000,0.733333
0.111111,0.110624,2.606061,24.810581,2.125616,29.000000,0.722689
0.111111,0.811250,1.571429,30.000000,1.533333,10.000000,0.611111
0.142857,0.034895,2.615385,29.884276,2.015873,36.000000,0.723404
0.035714,0.060963,3.566038,29.905567,1.996735,50.000000,0.780992
0.035714,0.166364,2.687500,24.642857,2.079365,28.000000,0.728814
0.035714,0.060963,3.566038,29.905567,1.996735,50.000000,0.780992
0.035714,0.166364,2.687500,24.642857,2.079365,28.000000,0.728814
0.052632,0.544003,2.181818,29.460851,1.926031,38.000000,0.685714
0.052632,1.000000,1.181818,25.553934,1.761905,21.000000,0.541667
0.052632,0.554877,2.181818,29.460851,1.926031,38.000000,0.685714
0.035714,0.060963,3.566038,29.905567,1.996735,50.000000,0.780992
0.035714,0.166364,2.687500,24.642857,2.079365,28.000000,0.728814
0.071429,1.000000,1.666667,30.000000,1.619048,15.000000,0.625000
0.035714,0.060963,3.566038,29.905567,1.996735,50.000000,0.780992
0.035714,0.166364,2.687500,24.642857,2.079365,28.000000,0.728814
0.125000,0.412120,5.500000,30.000000,1.214286,8.000000,0.846154
0.250000,0.157899,1.666667,30.000000,1.166667,4.000000,0.625000
0.250000,1.000000,1.024691,19.778676,2.004598,30.000000,0.506098
0.250000,0.569560,1.900000,25.283426,1.733333,16.000000,0.655172
0.250000,0.116196,1.642857,27.867481,1.618182,11.000000,0.621622
0.250000,0.569560,1.900000,25.283426,1.733333,16.000000,0.655172
0.066667,0.211205,2.862745,28.732370,1.958974,40.000000,0.741117
0.111111,0.307845,4.400000,30.000000,1.444444,9.000000,0.814815
0.111111,0.307845,4.400000,30.000000,1.444444,9.000000,0.814815
0.058824,0.472736,2.041667,25.980893,1.758170,18.000000,0.671233
0.062500,0.472736,2.041667,25.980893,1.758170,18.000000,0.671233
0.062500,0.004292,1.545455,26.913281,1.833333,16.000000,0.607143
0.142857,0.004329,2.000000,30.000000,1.476190,7.000000,0.666667
0.142857,1.000000,1.461538,18.360438,1.688889,10.000000,0.593750
0.100000,1.000000,2.523810,30.000000,1.660131,18.000000,0.716216
0.100000,1.000000,1.461538,18.360438,1.688889,10.000000,0.593750
0.100000,0.193502,1.750000,29.828005,2.159091,33.000000,0.636364
0.100000,1.000000,1.461538,18.360438,1.688889,10.000000,0.593750
0.058824,0.023164,1.179487,29.432562,2.009470,33.000000,0.541176
0.166667,0.018560,1.735294,28.529057,2.003333,25.000000,0.634409
0.200000,0.497235,1.724138,29.040023,1.608333,16.000000,0.632911
0.058824,0.023164,1.179487,29.432562,2.009470,33.000000,0.541176
0.111111,0.437000,2.062500,29.506225,1.703297,14.000000,0.673469
0.062500,0.074906,1.964286,30.000000,1.783626,19.000000,0.662651
0.250000,0.101795,2.000000,28.061029,1.720588,17.000000,0.666667
0.250000,1.000000,2.000000,30.000000,1.000000,4.000000,0.666667
0.250000,0.628176,1.444444,22.041410,1.607143,8.000000,0.590909
0.250000,0.101795,2.000000,28.061029,1.720588,17.000000,0.666667
0.095238,0.637693,2.250000,28.722279,1.780952,21.000000,0.692308
0.052632,0.004329,4.272727,26.842105,2.333333,19.000000,0.810345
0.052632,0.004329,4.272727,26.842105,2.333333,19.000000,0.810345
0.250000,0.043560,1.800000,27.507994,1.764706,17.000000,0.642857
0.250000,0.004329,3.000000,28.875898,1.488889,10.000000,0.750000
0.111111,0.715602,1.987805,26.238892,2.010628,46.000000,0.665306
0.111111,0.004329,1.692308,30.000000,1.388889,9.000000,0.628571
0.111111,0.132453,1.545455,29.370764,1.688889,10.000000,0.607143
0.111111,0.715602,1.987805,26.238892,2.010628,46.000000,0.665306
0.066667,0.052256,2.377358,29.364464,1.931516,54.000000,0.703911
0.142857,0.566404,2.400000,26.272863,1.712121,12.000000,0.705882
0.142857,0.452122,2.750000,30.000000,1.523810,7.000000,0.733333
0.111111,1.000000,1.750000,30.000000,1.882353,18.000000,0.636364
0.111111,0.004367,2.100000,30.000000,1.416667,9.000000,0.677419
0.028571,0.258042,3.368421,29.129870,1.825210,35.000000,0.771084
0.028571,0.279693,1.338346,29.042066,2.092760,52.000000,0.572347
0.076923,1.000000,1.207547,23.774988,2.124274,42.000000,0.547009
0.111111,1.000000,2.285714,30.000000,1.611111,9.000000,0.695652
0.111111,0.431442,1.379310,28.185295,2.145408,49.000000,0.579710
0.090909,1.000000,1.705882,30.000000,1.490909,11.000000,0.630435
0.090909,0.524209,1.292857,29.964804,2.141509,53.000000,0.563863
0.027027,0.978221,2.361702,29.225704,1.932432,37.000000,0.702532
0.027027,0.475287,1.414414,30.000000,2.059903,46.000000,0.585821
0.071429,0.398850,1.524590,29.645624,2.137881,53.000000,0.603896
0.111111,0.528252,1.461538,29.942038,2.143256,54.000000,0.593750
0.083333,0.206503,1.958333,29.879466,1.738562,18.000000,0.661972
0.083333,0.819760,1.333333,28.856437,1.703297,14.000000,0.571429
0.090909,1.000000,1.705882,30.000000,1.490909,11.000000,0.630435
0.090909,0.524209,1.292857,29.964804,2.141509,53.000000,0.563863
0.071429,1.000000,1.450000,30.000000,1.780220,14.000000,0.591837
0.071429,0.258522,2.043478,29.515813,1.738562,18.000000,0.671429
0.038462,0.754394,1.387097,29.107004,2.139608,51.000000,0.581081
0.090909,0.217624,2.076923,19.361921,1.563636,11.000000,0.675000
0.090909,0.324101,2.294118,27.987122,1.628571,15.000000,0.696429
0.142857,0.247667,1.248276,29.329714,2.124389,54.000000,0.555215
0.090909,0.033889,2.241379,30.000000,1.743083,23.000000,0.691489
0.090909,0.065492,2.241379,30.000000,1.743083,23.000000,0.691489
0.090909,0.033889,2.241379,30.000000,1.743083,23.000000,0.691489
0.090909,0.033889,2.241379,30.000000,1.743083,23.000000,0.691489
0.111111,1.000000,1.935484,28.533651,1.627451,18.000000,0.659341
0.055556,0.370506,2.185185,30.000000,2.015810,23.000000,0.686047
0.055556,0.370506,2.185185,30.000000,2.015810,23.000000,0.686047
0.055556,0.483797,2.146789,29.735307,1.921569,51.000000,0.682216
0.250000,0.025228,1.750000,30.000000,1.571429,8.000000,0.636364
0.111111,1.000000,1.769231,29.610704,1.388889,9.000000,0.638889
0.250000,0.966016,1.750000,30.000000,1.571429,8.000000,0.636364
0.055556,0.370506,2.185185,30.000000,2.015810,23.000000,0.686047
0.052632,0.448327,4.272727,26.842105,2.333333,19.000000,0.810345
0.052632,0.987354,1.787879,29.448422,1.747619,21.000000,0.641304
0.090909,0.000000,1.875000,30.000000,1.816993,18.000000,0.652174
0.071429,0.073973,2.384615,28.496201,1.659341,14.000000,0.704545
0.071429,1.000000,1.920000,17.223134,1.757353,17.000000,0.657534
0.142857,0.336504,1.666667,30.000000,2.159091,33.000000,0.625000
0.100000,0.087179,1.800000,18.025393,1.600000,10.000000,0.642857
0.100000,0.683386,1.843750,26.502147,1.747619,21.000000,0.648352
0.166667,0.878865,1.285714,26.608874,1.555556,9.000000,0.562500
0.058824,0.000000,1.864865,28.522134,2.012308,26.000000,0.650943
0.058824,1.000000,1.920000,17.223134,1.757353,17.000000,0.657534
0.090909,0.102097,3.068182,29.670335,1.880512,38.000000,0.754190
0.052632,0.987354,1.787879,29.448422,1.747619,21.000000,0.641304
0.052632,0.448327,4.272727,26.842105,2.333333,19.000000,0.810345
0.071429,0.235426,2.259259,29.729582,1.996377,24.000000,0.693182
0.090909,0.000000,1.647059,28.041361,1.636364,12.000000,0.622222
0.055556,0.130089,3.022727,29.138883,1.873874,37.000000,0.751412
0.055556,0.038212,1.956522,29.305936,1.816993,18.000000,0.661765
0.142857,0.632031,2.400000,29.563397,1.884615,13.000000,0.705882
0.142857,0.078771,3.666667,30.000000,1.523810,7.000000,0.785714
0.142857,0.750572,2.125000,30.000000,1.428571,8.000000,0.680000
0.076923,1.000000,1.838710,29.024003,1.805263,20.000000,0.647727
0.250000,0.147564,2.410256,26.547478,1.931034,30.000000,0.706767
0.142857,0.004367,1.600000,29.662739,1.989011,14.000000,0.615385
0.142857,0.004367,1.600000,29.662739,1.989011,14.000000,0.615385
0.062500,0.205029,1.545455,26.913281,1.833333,16.000000,0.607143
0.200000,1.000000,1.661765,25.776735,1.888258,33.000000,0.624309
0.062500,0.210069,2.208333,28.333333,1.986928,18.000000,0.688312
0.062500,0.257514,1.378378,29.868877,2.073864,33.000000,0.579545
0.062500,0.326496,1.446809,28.684636,1.858696,24.000000,0.591304
0.062500,1.000000,2.208333,28.333333,1.986928,18.000000,0.688312
0.111111,0.265690,1.555556,20.423430,1.611111,9.000000,0.608696
0.111111,0.214030,2.516129,30.000000,1.662338,22.000000,0.715596
0.062500,0.210069,2.208333,28.333333,1.986928,18.000000,0.688312
0.062500,0.326496,1.446809,28.684636,1.858696,24.000000,0.591304
0.062500,0.210069,2.208333,28.333333,1.986928,18.000000,0.688312
0.062500,0.987245,1.787879,29.123575,1.747619,21.000000,0.641304
0.062500,0.257514,1.378378,29.868877,2.073864,33.000000,0.579545
0.062500,1.000000,2.208333,28.333333,1.986928,18.000000,0.688312
0.062500,0.987245,1.787879,29.123575,1.747619,21.000000,0.641304
0.062500,1.000000,2.208333,28.333333,1.986928,18.000000,0.688312
0.100000,0.566155,2.000000,26.709106,1.747619,21.000000,0.666667
0.100000,1.000000,1.764706,28.987216,1.575758,12.000000,0.638298
0.200000,0.012987,2.081081,29.825796,1.858462,26.000000,0.675439
0.142857,1.000000,2.000000,29.749017,1.636364,11.000000,0.666667
0.200000,0.012987,1.857143,30.000000,1.820513,13.000000,0.650000
0.090909,0.186491,2.823529,28.084538,1.760870,24.000000,0.738462
0.050000,0.086792,4.363636,30.000000,2.415789,20.000000,0.813559
0.050000,0.086792,4.363636,30.000000,2.415789,20.000000,0.813559
0.050000,0.086792,4.363636,30.000000,2.415789,20.000000,0.813559
0.142857,0.119108,1.857143,29.598535,1.841270,28.000000,0.650000
0.090909,1.000000,1.437500,30.000000,1.618182,11.000000,0.589744
0.090909,0.065394,2.142857,26.201303,1.490909,11.000000,0.681818
0.142857,0.141259,2.491803,29.955952,2.043590,40.000000,0.713615
0.250000,0.099667,2.636364,29.483278,1.908333,16.000000,0.725000
0.250000,0.012987,7.000000,29.059500,1.628571,15.000000,0.875000
0.166667,0.380286,1.842105,25.390631,1.641026,13.000000,0.648148
0.090909,1.000000,1.476190,30.000000,1.472727,11.000000,0.596154
0.090909,0.469338,1.666667,14.608694,1.900000,16.000000,0.625000
0.166667,1.000000,1.875000,26.667260,1.583333,9.000000,0.652174
0.200000,0.154920,1.171429,25.048754,1.888889,18.000000,0.539474
0.083333,0.009464,2.013699,30.000000,1.893651,36.000000,0.668182
0.111111,1.000000,1.875000,26.667260,1.583333,9.000000,0.652174
0.111111,0.669489,1.940000,29.742266,2.004032,32.000000,0.659864
0.142857,0.934178,2.812500,26.842105,2.140351,19.000000,0.737705
0.142857,0.770601,1.250000,30.000000,1.807018,19.000000,0.555556
0.222222,0.216882,1.777778,25.714286,1.238095,7.000000,0.640000
0.222222,0.564847,1.875000,30.000000,1.000000,6.000000,0.652174
0.142857,0.770601,1.250000,30.000000,1.807018,19.000000,0.555556
0.142857,0.934178,2.812500,26.842105,2.140351,19.000000,0.737705
0.076923,0.531104,1.216667,30.000000,1.844203,24.000000,0.548872
0.142857,0.495001,2.113636,27.061355,2.332859,38.000000,0.678832
0.142857,0.492105,2.875000,26.513580,1.388889,9.000000,0.741935
0.142857,0.184442,2.400000,29.640389,1.476190,7.000000,0.705882
0.076923,1.000000,1.769231,30.000000,1.910256,13.000000,0.638889
0.076923,0.264738,2.555556,23.770042,1.772059,17.000000,0.718750
0.076923,1.000000,1.769231,30.000000,1.910256,13.000000,0.638889
0.076923,0.264738,2.555556,23.770042,1.772059,17.000000,0.718750
0.125000,0.741306,2.690909,28.264431,1.933144,38.000000,0.729064
0.125000,0.665637,2.500000,28.385350,1.285714,8.000000,0.714286
0.062500,0.625547,1.857143,29.532027,1.783333,16.000000,0.650000
0.062500,0.470787,2.275000,28.347008,2.049261,29.000000,0.694656
0.033333,0.806990,1.469697,28.309613,2.002299,30.000000,0.595092
0.033333,0.439775,2.377551,29.369642,1.911837,50.000000,0.703927
0.058824,0.000000,2.684211,29.679671,1.625000,17.000000,0.728571
0.058824,0.563634,1.022727,21.542334,2.016129,32.000000,0.505618
0.083333,0.727176,2.318182,28.235294,1.625000,17.000000,0.698630
0.076923,0.000000,1.375000,30.000000,1.679487,13.000000,0.578947
0.076923,0.563634,1.022727,21.542334,2.016129,32.000000,0.505618
0.076923,0.000000,1.375000,30.000000,1.679487,13.000000,0.578947
0.076923,0.563634,1.022727,21.542334,2.016129,32.000000,0.505618
0.076923,0.000000,1.375000,30.000000,1.679487,13.000000,0.578947
0.076923,0.563634,1.022727,21.542334,2.016129,32.000000,0.505618
0.047619,0.563634,1.022727,21.542334,2.016129,32.000000,0.505618
0.047619,0.000000,1.500000,27.832831,1.819048,21.000000,0.600000
0.100000,0.744413,2.000000,30.000000,1.377778,10.000000,0.666667
0.100000,0.345419,1.842105,21.322137,1.723810,15.000000,0.648148
0.285714,0.160373,2.750000,30.000000,1.388889,9.000000,0.733333
0.285714,0.160373,2.750000,30.000000,1.388889,9.000000,0.733333
0.125000,0.519251,1.600000,30.000000,1.333333,9.000000,0.615385
0.111111,0.157737,2.323529,29.614009,1.936667,25.000000,0.699115
0.052632,0.330470,1.446809,28.984886,1.858696,24.000000,0.591304
0.052632,0.572518,4.272727,26.842105,2.333333,19.000000,0.810345
0.052632,0.330470,1.446809,28.984886,1.858696,24.000000,0.591304
0.052632,0.572518,4.272727,26.842105,2.333333,19.000000,0.810345
0.100000,0.529202,1.638889,29.866586,1.780952,21.000000,0.621053
0.142857,1.000000,1.818182,24.257630,1.622222,10.000000,0.645161
0.125000,0.091776,1.888889,29.636949,1.766667,16.000000,0.653846
0.100000,1.000000,1.818182,24.257630,1.622222,10.000000,0.645161
0.050000,0.393262,1.459459,28.235803,1.847368,20.000000,0.593407
0.050000,0.000000,1.864865,29.839767,2.012308,26.000000,0.650943
0.058824,0.100775,1.800000,26.772070,1.669118,17.000000,0.642857
0.058824,0.393262,1.459459,28.235803,1.847368,20.000000,0.593407
0.100000,1.000000,2.000000,30.000000,1.622222,10.000000,0.666667
0.037037,0.076977,2.396226,30.000000,1.910985,33.000000,0.705556
0.037037,0.345269,1.339623,27.294983,2.056980,27.000000,0.572581
0.083333,0.194009,2.695652,30.000000,1.757143,21.000000,0.729412
0.200000,1.000000,1.402439,27.882374,2.118619,37.000000,0.583756
0.083333,1.000000,1.682927,17.919354,1.934783,24.000000,0.627273
0.083333,0.671442,4.000000,30.000000,1.757576,12.000000,0.800000
0.055556,0.008686,2.185185,26.777778,1.745098,18.000000,0.686047
0.055556,1.000000,1.277778,28.063787,2.163898,43.000000,0.560976
0.050000,1.000000,2.416667,20.839527,2.094017,27.000000,0.707317
0.050000,1.000000,2.450000,30.000000,1.815789,20.000000,0.710145
0.200000,1.000000,1.360000,29.879731,2.070076,33.000000,0.576271
0.041667,1.000000,1.682927,17.919354,1.934783,24.000000,0.627273
0.041667,1.000000,1.228571,26.062151,2.182346,42.000000,0.551282
0.090909,0.812756,2.181818,22.313217,1.636364,11.000000,0.685714
0.055556,0.321304,2.523810,29.978537,1.660131,18.000000,0.716216
0.055556,1.000000,1.442857,29.689401,2.050403,32.000000,0.590643
0.022727,1.000000,1.287037,29.552447,2.183932,44.000000,0.562753
0.022727,0.095890,1.508065,29.331408,2.124389,54.000000,0.601286
0.062500,1.000000,1.444444,27.173985,1.969231,26.000000,0.590909
0.062500,0.511169,3.066667,27.405803,1.666667,16.000000,0.754098
0.166667,0.667252,2.081081,27.929971,2.045584,27.000000,0.675439
0.125000,0.929974,1.692308,16.650228,1.214286,8.000000,0.628571
0.125000,0.727890,3.142857,29.599338,1.728571,21.000000,0.758621
0.055556,0.008686,2.185185,26.777778,1.745098,18.000000,0.686047
0.055556,1.000000,1.277778,28.063787,2.163898,43.000000,0.560976
0.125000,0.449017,2.666667,27.541162,1.428571,8.000000,0.727273
0.125000,1.000000,2.142857,30.000000,1.722222,9.000000,0.681818
0.125000,0.449017,2.666667,27.541162,1.428571,8.000000,0.727273
0.125000,0.722110,2.142857,30.000000,1.722222,9.000000,0.681818
0.200000,1.000000,1.360000,29.879731,2.070076,33.000000,0.576271
0.076923,0.171204,2.777778,29.399781,1.790850,18.000000,0.735294
0.076923,0.597769,1.529412,27.633304,2.028571,15.000000,0.604651
0.125000,1.000000,2.090909,30.000000,1.910256,13.000000,0.676471
0.125000,1.000000,2.090909,30.000000,1.910256,13.000000,0.676471
0.166667,0.351489,1.952381,21.280734,1.830882,17.000000,0.661290
0.076923,0.597769,1.529412,27.633304,2.028571,15.000000,0.604651
0.076923,0.171204,2.777778,29.399781,1.790850,18.000000,0.735294
0.250000,0.354969,1.500000,30.000000,2.002151,31.000000,0.600000
0.083333,0.571585,1.580645,29.395278,1.725490,18.000000,0.612500
0.083333,0.320634,2.071429,25.418890,1.666667,12.000000,0.674419
0.090909,0.591830,1.974359,28.994635,2.045584,27.000000,0.663793
0.125000,0.183271,1.585714,29.062500,1.983871,32.000000,0.613260
0.052632,0.018405,1.740741,28.267171,1.807018,19.000000,0.635135
0.052632,0.051747,1.850000,29.182890,1.983871,32.000000,0.649123
0.111111,0.378255,1.833333,28.857147,1.714286,15.000000,0.647059
0.040000,0.333094,1.266667,24.493359,1.873333,25.000000,0.558824
0.040000,0.125361,1.863636,25.452395,1.971510,27.000000,0.650794
0.200000,1.000000,1.750000,30.000000,1.300000,5.000000,0.636364
0.200000,0.754984,1.022727,21.542334,2.016129,32.000000,0.505618
0.200000,0.000000,1.972222,28.750000,1.742754,24.000000,0.663551
0.200000,0.000000,1.972222,28.750000,1.742754,24.000000,0.663551
0.111111,0.378255,1.833333,28.857147,1.714286,15.000000,0.647059
0.200000,0.000000,1.972222,28.750000,1.742754,24.000000,0.663551
0.200000,0.000000,1.972222,28.750000,1.742754,24.000000,0.663551
0.076923,0.560146,2.285714,29.400669,1.615385,13.000000,0.695652
0.076923,0.779224,1.764706,25.858559,1.615385,13.000000,0.638298
0.076923,0.779224,1.764706,25.858559,1.615385,13.000000,0.638298
0.076923,0.674758,1.627907,24.108227,1.696970,22.000000,0.619469
0.142857,0.391472,2.800000,28.950497,1.333333,7.000000,0.736842
0.142857,0.779224,1.764706,25.858559,1.615385,13.000000,0.638298
0.166667,0.266608,2.322581,27.698330,2.002646,28.000000,0.699029
0.250000,0.347182,2.441558,29.537853,2.000000,47.000000,0.709434
0.111111,0.040936,2.428571,28.810001,1.527778,9.000000,0.708333
0.111111,0.666501,1.593750,23.706902,1.982684,22.000000,0.614458
0.058824,0.235976,2.684211,30.000000,1.625000,17.000000,0.728571
0.058824,0.666501,1.593750,23.706902,1.982684,22.000000,0.614458
0.111111,0.160869,1.965517,27.495791,2.002775,47.000000,0.662791
0.076923,0.060377,1.625000,26.858016,1.500000,13.000000,0.619048
0.111111,1.000000,1.533333,30.000000,1.812808,29.000000,0.605263
0.066667,0.470367,1.866667,30.000000,1.610294,17.000000,0.651163
0.066667,0.947465,1.736842,24.514102,1.714286,15.000000,0.634615
0.066667,0.470367,1.866667,30.000000,1.610294,17.000000,0.651163
0.066667,0.947465,1.736842,24.514102,1.714286,15.000000,0.634615
0.100000,0.204086,3.800000,28.495868,1.699346,18.000000,0.791667
0.250000,0.328180,2.142857,26.201303,1.490909,11.000000,0.681818
0.142857,1.000000,2.153846,30.000000,1.641026,13.000000,0.682927
0.142857,1.000000,2.000000,29.696139,1.476190,7.000000,0.666667
0.125000,0.940375,2.361702,29.225704,1.932432,37.000000,0.702532
0.111111,0.148236,1.574468,30.000000,1.679654,22.000000,0.611570
0.111111,0.148236,1.574468,30.000000,1.679654,22.000000,0.611570
0.125000,0.940375,2.361702,29.225704,1.932432,37.000000,0.702532
0.125000,0.987159,1.434783,28.310919,1.679487,13.000000,0.589286
0.083333,1.000000,1.750000,30.000000,1.681818,12.000000,0.636364
0.083333,0.167879,1.800000,28.866696,1.805263,20.000000,0.642857
0.125000,0.987159,1.434783,28.310919,1.679487,13.000000,0.589286
0.083333,0.067921,1.644444,29.521585,1.837607,27.000000,0.621849
0.083333,0.985423,1.375000,30.000000,1.679487,13.000000,0.578947
0.083333,0.109661,1.141026,23.639122,2.038306,32.000000,0.532934
0.083333,0.109661,1.141026,23.639122,2.038306,32.000000,0.532934
0.083333,0.985423,1.375000,30.000000,1.679487,13.000000,0.578947
0.142857,0.031294,1.833333,18.647128,1.476190,7.000000,0.647059
0.125000,0.987159,1.434783,28.310919,1.679487,13.000000,0.589286
0.083333,0.985423,1.375000,30.000000,1.679487,13.000000,0.578947
0.083333,0.109661,1.141026,23.639122,2.038306,32.000000,0.532934
0.142857,1.000000,13.000000,26.203824,1.428571,7.000000,0.928571
0.142857,1.000000,2.916667,25.768892,1.733333,15.000000,0.744681
0.142857,1.000000,4.666667,30.000000,1.333333,7.000000,0.823529
0.200000,0.205634,2.125000,30.000000,1.688889,10.000000,0.680000
0.200000,0.205634,2.125000,30.000000,1.688889,10.000000,0.680000
0.055556,0.675901,3.000000,28.864245,1.685714,21.000000,0.750000
0.055556,0.458050,2.185185,26.777778,1.745098,18.000000,0.686047
0.055556,0.458050,2.185185,26.777778,1.745098,18.000000,0.686047
0.055556,0.675901,3.000000,28.864245,1.685714,21.000000,0.750000
0.200000,0.205634,2.125000,30.000000,1.688889,10.000000,0.680000
0.055556,1.000000,1.428571,19.544964,1.790850,18.000000,0.588235
0.055556,0.000000,2.375000,29.241233,1.994310,38.000000,0.703704
0.166667,0.112937,2.226415,28.371661,2.017460,36.000000,0.690058
0.062500,1.000000,1.761905,9.790636,1.758333,16.000000,0.637931
0.062500,0.302147,2.186047,29.742266,1.887097,32.000000,0.686131
0.200000,0.549730,1.351351,29.521579,2.158688,48.000000,0.574713
0.100000,0.376847,1.611111,26.557034,1.835165,14.000000,0.617021
0.166667,1.000000,2.200000,28.242602,1.266667,6.000000,0.687500
0.166667,1.000000,2.200000,28.242602,1.266667,6.000000,0.687500
0.250000,0.116544,3.048780,29.793599,1.843011,31.000000,0.753012
0.100000,0.019763,1.583333,29.547070,1.577778,10.000000,0.612903
0.100000,1.000000,1.866667,28.636364,1.865801,22.000000,0.651163
0.071429,0.044162,2.972973,27.211654,1.946970,33.000000,0.748299
0.111111,0.048780,2.000000,30.000000,1.555556,9.000000,0.666667
0.111111,1.000000,1.965517,27.495791,2.002775,47.000000,0.662791
0.029412,0.534612,2.934783,28.701646,1.988235,35.000000,0.745856
0.029412,1.000000,2.880952,29.117647,1.885918,34.000000,0.742331
0.142857,1.000000,1.989011,29.240328,2.033163,49.000000,0.665441
0.142857,0.250243,3.076923,28.607964,1.615385,14.000000,0.754717
0.030303,1.000000,1.738462,24.599449,1.888258,33.000000,0.634831
0.030303,0.416136,2.465517,29.748721,1.922184,42.000000,0.711443
0.100000,0.373407,2.100000,29.954838,1.691667,16.000000,0.677419
0.125000,0.966019,2.428571,4.864480,1.527778,9.000000,0.708333
0.030303,0.416136,2.465517,29.748721,1.922184,42.000000,0.711443
0.030303,1.000000,1.738462,24.599449,1.888258,33.000000,0.634831
0.125000,1.000000,1.307692,30.000000,1.638889,9.000000,0.566667
0.125000,1.000000,1.307692,30.000000,1.638889,9.000000,0.566667
0.166667,0.411451,1.600000,10.942792,1.787879,12.000000,0.615385
0.166667,0.302849,1.000000,29.822775,1.593407,14.000000,0.500000
0.166667,0.130996,2.200000,29.412617,1.266667,6.000000,0.687500
0.166667,1.000000,1.827586,28.995365,1.653595,18.000000,0.646341
0.043478,0.644913,1.704225,28.975533,1.907563,35.000000,0.630208
0.043478,0.544616,1.743590,29.863915,1.754941,23.000000,0.635514
0.083333,0.544616,1.743590,29.863915,1.754941,23.000000,0.635514
0.083333,1.000000,2.000000,30.000000,1.742424,12.000000,0.666667
0.083333,0.544616,1.743590,29.863915,1.754941,23.000000,0.635514
0.083333,0.122821,2.000000,30.000000,1.742424,12.000000,0.666667
0.100000,0.544616,1.743590,29.863915,1.754941,23.000000,0.635514
0.083333,1.000000,2.000000,30.000000,1.742424,12.000000,0.666667
0.083333,0.544616,1.743590,29.863915,1.754941,23.000000,0.635514
0.125000,0.651436,1.750000,29.909675,1.500000,8.000000,0.636364
0.071429,0.797056,1.636364,24.156055,1.736264,14.000000,0.620690
0.166667,1.000000,3.600000,30.000000,1.583333,9.000000,0.782609
0.250000,1.000000,1.900000,25.462086,1.527778,9.000000,0.655172
0.076923,0.621088,4.020833,29.932928,1.982857,50.000000,0.800830
0.076923,0.621088,4.020833,29.932928,1.982857,50.000000,0.800830
0.166667,0.101192,1.906977,23.637029,1.971510,27.000000,0.656000
0.111111,0.421772,1.880000,29.761616,1.865497,19.000000,0.652778
0.111111,0.011765,1.833333,30.000000,1.916667,16.000000,0.647059
0.166667,1.000000,1.857143,30.000000,1.133333,6.000000,0.650000
0.166667,0.450428,1.888889,26.250000,1.428571,8.000000,0.653846
0.166667,1.000000,1.857143,30.000000,1.133333,6.000000,0.650000
0.166667,0.450428,1.888889,26.250000,1.428571,8.000000,0.653846
0.062500,0.299831,2.684211,26.972590,1.942857,21.000000,0.728571
0.125000,0.850156,2.000000,27.829897,1.500000,8.000000,0.666667
0.111111,1.000000,1.900000,26.666667,1.527778,9.000000,0.655172
0.111111,0.878301,2.111111,30.000000,1.711111,10.000000,0.678571
0.071429,0.751469,1.523810,25.905607,1.648352,14.000000,0.603774
0.071429,0.751469,1.523810,25.905607,1.648352,14.000000,0.603774
0.071429,0.433422,1.583333,30.000000,1.699605,23.000000,0.612903
0.111111,0.751469,1.523810,25.905607,1.648352,14.000000,0.603774
0.111111,0.868766,3.333333,27.327863,1.500000,9.000000,0.769231
0.045455,1.000000,2.857143,24.545574,1.913420,22.000000,0.740741
0.045455,0.390779,1.173913,30.000000,1.893333,25.000000,0.540000
0.200000,0.068729,2.396226,29.457780,1.930159,36.000000,0.705556
0.200000,1.000000,4.111111,30.000000,1.879121,14.000000,0.804348
0.100000,1.000000,1.833333,30.000000,1.916667,16.000000,0.647059
0.076923,0.708325,1.190476,29.567947,1.675000,16.000000,0.543478
0.076923,0.708325,1.190476,29.567947,1.675000,16.000000,0.543478
0.062500,0.052370,1.568627,28.697644,1.877493,27.000000,0.610687
0.062500,0.708325,1.190476,29.567947,1.675000,16.000000,0.543478
0.125000,0.993433,1.555556,23.094791,1.641026,13.000000,0.608696
0.125000,0.007812,1.444444,26.496875,1.642857,8.000000,0.590909
0.100000,0.809621,1.818182,27.055106,1.622222,10.000000,0.645161
0.100000,0.993433,1.555556,23.094791,1.641026,13.000000,0.608696
0.166667,0.993433,1.555556,23.094791,1.641026,13.000000,0.608696
0.037037,0.750757,1.290909,29.201949,2.056980,27.000000,0.563492
0.037037,0.250643,2.490909,28.329589,1.922689,35.000000,0.713542
0.166667,0.738612,3.923077,28.790441,2.047619,22.000000,0.796875
0.083333,1.000000,1.500000,25.694494,1.500000,12.000000,0.600000
0.200000,1.000000,1.190476,23.723685,2.077311,35.000000,0.543478
0.066667,0.932274,1.666667,14.608694,1.900000,16.000000,0.625000
0.083333,1.000000,1.500000,25.694494,1.500000,12.000000,0.600000
0.062500,1.000000,1.636364,28.125000,1.825000,16.000000,0.620690
0.062500,1.000000,1.636364,28.125000,1.825000,16.000000,0.620690
0.142857,0.123844,2.000000,28.621932,1.897233,23.000000,0.666667
0.071429,0.000000,4.333333,27.857143,1.571429,14.000000,0.812500
0.066667,0.932274,1.666667,14.608694,1.900000,16.000000,0.625000
0.071429,0.000000,4.333333,27.857143,1.571429,14.000000,0.812500
0.125000,0.888496,1.857143,29.458263,2.094694,50.000000,0.650000
0.125000,1.000000,1.700000,26.473706,1.428571,8.000000,0.629630
0.125000,0.148281,1.797101,30.000000,1.826613,32.000000,0.642487
0.076923,0.912506,1.895833,29.129314,2.094694,50.000000,0.654676
0.043478,0.753971,1.373913,28.588549,2.104348,46.000000,0.578755
0.043478,1.000000,1.425000,21.433185,1.936759,23.000000,0.587629
0.076923,0.159101,1.412698,29.008185,1.868946,27.000000,0.585526
0.100000,0.820712,2.080000,28.421053,1.795322,19.000000,0.675325
0.064516,0.667035,1.797101,30.000000,1.826613,32.000000,0.642487
0.040000,0.895176,1.750000,22.748148,2.124638,46.000000,0.636364
0.040000,0.692496,1.214286,29.879617,1.990769,26.000000,0.548387
0.076923,0.804539,2.066667,21.202867,1.602564,13.000000,0.673913
0.076923,0.931631,1.923810,29.435757,2.104822,54.000000,0.657980
0.066667,0.837625,1.756757,29.807693,2.104499,53.000000,0.637255
0.066667,0.094113,1.500000,21.984577,1.761905,15.000000,0.600000
0.090909,0.883240,1.820000,29.562024,2.094694,50.000000,0.645390
0.090909,0.345235,1.400000,25.990227,1.654545,11.000000,0.583333
0.045455,0.752260,1.373913,27.615386,2.104348,46.000000,0.578755
0.083333,0.880759,1.788991,29.471226,2.104499,53.000000,0.641447
0.090909,0.893400,2.100000,26.309814,1.690909,11.000000,0.677419
0.090909,0.887420,1.711111,23.981013,2.124638,46.000000,0.631148
0.052632,0.829475,2.000000,29.049348,1.795322,19.000000,0.666667
0.052632,0.011765,2.830189,29.203176,1.952381,42.000000,0.738916
0.166667,0.019763,2.250000,25.000000,1.400000,6.000000,0.692308
0.035714,0.348370,1.976190,28.505608,2.015873,28.000000,0.664000
0.035714,1.000000,1.190476,23.723685,2.077311,35.000000,0.543478
0.055556,0.106894,2.684211,28.798080,2.060504,35.000000,0.728571
0.055556,1.000000,1.791667,13.101398,1.823529,18.000000,0.641791
0.041667,1.000000,1.682927,17.919354,1.934783,24.000000,0.627273
0.041667,0.083936,2.137255,28.712338,2.000000,34.000000,0.681250
0.166667,1.000000,1.682927,17.919354,1.934783,24.000000,0.627273
0.166667,0.406249,1.693548,30.000000,2.159091,33.000000,0.628743
0.083333,0.699580,1.750000,21.059078,1.681818,12.000000,0.636364
0.083333,0.293886,3.300000,28.421081,1.685714,15.000000,0.767442
0.100000,0.252020,2.062500,27.305173,1.862319,24.000000,0.673469
0.200000,0.027472,1.971429,30.000000,1.993333,25.000000,0.663462
0.083333,1.000000,1.365385,25.518895,2.056980,27.000000,0.577236
0.125000,0.066948,1.583333,27.177113,1.708333,16.000000,0.612903
0.200000,0.027472,1.971429,30.000000,1.993333,25.000000,0.663462
0.142857,0.038619,1.652174,28.886957,1.582418,14.000000,0.622951
0.200000,0.027472,1.971429,30.000000,1.993333,25.000000,0.663462
0.125000,1.000000,1.818182,26.928314,1.622222,10.000000,0.645161
0.125000,0.357511,1.444444,26.375000,1.642857,8.000000,0.590909
0.166667,1.000000,2.000000,30.000000,1.611111,9.000000,0.666667
0.047619,0.060550,1.627451,25.555842,1.931624,27.000000,0.619403
0.047619,0.060550,1.627451,25.555842,1.931624,27.000000,0.619403
0.125000,0.135532,1.375000,30.000000,1.679487,13.000000,0.578947
0.100000,0.275413,1.445652,28.822902,1.797849,31.000000,0.591111
0.125000,1.000000,1.625000,30.000000,2.011538,40.000000,0.619048
0.125000,0.135532,1.375000,30.000000,1.679487,13.000000,0.578947
0.125000,0.135532,1.375000,30.000000,1.679487,13.000000,0.578947
0.090909,0.072286,1.025000,30.000000,1.932308,26.000000,0.506173
0.090909,0.670412,3.666667,21.502019,1.872727,11.000000,0.785714
0.142857,0.693762,1.714286,29.645477,1.476190,7.000000,0.631579
0.142857,0.670412,3.666667,21.502019,1.872727,11.000000,0.785714
0.250000,1.000000,2.096774,30.000000,1.743083,23.000000,0.677083
0.076923,1.000000,1.666667,30.000000,1.716667,16.000000,0.625000
0.250000,0.644864,2.096774,30.000000,1.743083,23.000000,0.677083
0.100000,1.000000,2.111111,30.000000,1.622222,10.000000,0.678571
0.090909,0.899887,1.800000,18.627419,1.870769,26.000000,0.642857
0.076923,1.000000,1.666667,30.000000,1.716667,16.000000,0.625000
0.100000,1.000000,2.111111,30.000000,1.622222,10.000000,0.678571
0.250000,1.000000,2.096774,30.000000,1.743083,23.000000,0.677083
0.090909,0.786151,1.789474,30.000000,1.484848,12.000000,0.641509
0.250000,1.000000,2.096774,30.000000,1.743083,23.000000,0.677083
0.090909,0.173504,2.529412,30.000000,2.079365,28.000000,0.716667
0.090909,0.173504,2.529412,30.000000,2.079365,28.000000,0.716667
0.166667,0.212121,2.200000,25.000000,1.266667,6.000000,0.687500
0.200000,1.000000,3.833333,23.769828,2.047619,21.000000,0.793103
0.076923,0.378261,3.000000,28.125944,1.576923,13.000000,0.750000
0.111111,0.489877,1.657143,28.931652,1.883117,22.000000,0.623656
0.029412,0.127342,1.666667,28.702720,1.996435,34.000000,0.625000
0.045455,0.407407,1.571429,12.176265,1.761905,22.000000,0.611111
0.076923,0.260644,2.312500,26.749034,1.576923,13.000000,0.698113
0.125000,0.105824,3.714286,25.288723,1.847953,19.000000,0.787879
0.125000,0.097282,2.684211,28.798080,2.060504,35.000000,0.728571
0.052632,0.571968,1.606557,27.402309,1.867725,28.000000,0.616352
0.052632,0.024101,2.684211,30.000000,1.888889,19.000000,0.728571
0.100000,1.000000,1.900000,30.000000,1.622222,10.000000,0.655172
0.052632,0.145933,2.350000,27.184018,1.777778,19.000000,0.701493
0.043478,0.918364,2.361702,29.225704,1.932432,37.000000,0.702532
0.066667,0.082440,1.500000,21.984577,1.761905,15.000000,0.600000
0.052632,0.007874,1.382353,28.575033,1.865497,19.000000,0.580247
0.047619,0.292632,1.500000,27.620057,1.871429,21.000000,0.600000
0.047619,0.071402,1.783333,29.222022,1.857955,33.000000,0.640719
0.100000,1.000000,1.900000,30.000000,1.622222,10.000000,0.655172
0.090909,0.101105,1.550000,30.000000,1.747253,14.000000,0.607843
0.125000,0.722594,2.857143,30.000000,1.733333,16.000000,0.740741
0.200000,0.168192,2.500000,26.527835,1.000000,5.000000,0.714286
0.200000,1.000000,3.500000,26.243613,1.300000,5.000000,0.777778
0.052632,0.290399,1.632911,30.000000,1.887387,37.000000,0.620192
0.052632,0.050572,1.586207,23.714994,1.865497,19.000000,0.613333
0.125000,0.752272,2.428571,27.062042,1.428571,8.000000,0.708333
0.142857,0.211095,2.312500,28.293048,1.791667,16.000000,0.698113
0.125000,1.000000,1.846154,30.000000,1.142857,8.000000,0.648649
0.111111,0.773775,1.181818,25.553934,1.761905,21.000000,0.541667
0.111111,1.000000,6.500000,29.758931,1.277778,9.000000,0.866667
0.125000,0.176440,2.800000,27.450321,1.571429,8.000000,0.736842
0.125000,0.243784,2.000000,29.593543,1.641026,13.000000,0.666667
0.142857,0.004016,1.750000,29.188926,1.716667,25.000000,0.636364
0.037037,0.809341,1.627451,25.555842,1.931624,27.000000,0.619403
0.037037,0.373229,1.673469,30.000000,2.137931,30.000000,0.625954
0.037037,0.809341,1.627451,25.555842,1.931624,27.000000,0.619403
0.037037,0.373229,1.673469,30.000000,2.137931,30.000000,0.625954
0.037037,0.213405,1.424242,29.908758,1.994715,44.000000,0.587500
0.037037,0.809341,1.627451,25.555842,1.931624,27.000000,0.619403
0.037037,1.000000,1.134831,28.927635,2.092063,36.000000,0.531579
0.037037,0.809341,1.627451,25.555842,1.931624,27.000000,0.619403
0.037037,0.213405,1.424242,29.908758,1.994715,44.000000,0.587500
0.037037,0.809341,1.627451,25.555842,1.931624,27.000000,0.619403
0.058824,0.809341,1.627451,25.555842,1.931624,27.000000,0.619403
0.037037,0.809341,1.627451,25.555842,1.931624,27.000000,0.619403
0.037037,1.000000,1.134831,28.927635,2.092063,36.000000,0.531579
0.037037,0.809341,1.627451,25.555842,1.931624,27.000000,0.619403
0.037037,0.213405,1.424242,29.908758,1.994715,44.000000,0.587500
0.058824,0.809341,1.627451,25.555842,1.931624,27.000000,0.619403
0.037037,0.809341,1.627451,25.555842,1.931624,27.000000,0.619403
0.037037,0.213405,1.424242,29.908758,1.994715,44.000000,0.587500
0.037037,0.809341,1.627451,25.555842,1.931624,27.000000,0.619403
0.037037,0.070418,1.673469,30.000000,2.137931,30.000000,0.625954
0.037037,0.070418,1.673469,30.000000,2.137931,30.000000,0.625954
0.037037,0.809341,1.627451,25.555842,1.931624,27.000000,0.619403
0.080000,0.019800,1.700000,28.631454,1.716667,25.000000,0.629630
0.080000,0.766394,1.500000,25.450991,2.087882,47.000000,0.600000
0.090909,0.060481,1.800000,28.346008,1.717949,13.000000,0.642857
0.142857,0.128827,2.285714,30.000000,1.238095,7.000000,0.695652
0.111111,0.797808,2.157895,29.110860,1.928105,18.000000,0.683333
0.142857,0.128827,2.285714,30.000000,1.238095,7.000000,0.695652
0.090909,0.261165,1.500000,27.941130,1.618182,11.000000,0.600000
0.090909,0.022570,2.112500,29.946051,2.131401,46.000000,0.678715
0.142857,0.447406,2.103448,30.000000,2.150769,26.000000,0.677778
0.058824,1.000000,3.833333,23.769828,2.047619,21.000000,0.793103
0.058824,0.329926,1.782609,28.807244,1.757353,17.000000,0.640625
0.250000,1.000000,4.071429,29.332190,2.043478,23.000000,0.802817
0.076923,1.000000,1.750000,7.115453,1.650000,16.000000,0.636364
0.076923,0.146635,3.187500,30.000000,1.942857,21.000000,0.761194
0.076923,0.291603,3.000000,28.380524,1.576923,13.000000,0.750000
0.200000,0.044731,2.034483,29.464288,1.744589,22.000000,0.670455
0.125000,0.991054,2.800000,28.978089,1.490909,11.000000,0.736842
0.125000,0.825231,2.000000,25.659793,1.357143,8.000000,0.666667
0.125000,0.825231,2.000000,25.659793,1.357143,8.000000,0.666667
0.125000,0.991054,2.800000,28.978089,1.490909,11.000000,0.736842
0.166667,0.776308,1.500000,25.450991,2.087882,47.000000,0.600000
0.200000,1.000000,1.244186,27.378886,2.078078,37.000000,0.554404
0.045455,1.000000,1.395349,30.000000,1.831169,22.000000,0.582524
0.045455,0.070517,2.034483,30.000000,2.015810,23.000000,0.670455
0.200000,1.000000,1.647059,29.033990,1.886243,28.000000,0.622222
0.055556,0.528818,2.185185,26.777778,1.745098,18.000000,0.686047
0.055556,1.000000,1.530612,29.030607,1.846667,25.000000,0.604839
0.045455,0.070517,2.034483,30.000000,2.015810,23.000000,0.670455
0.045455,1.000000,1.395349,30.000000,1.831169,22.000000,0.582524
0.100000,1.000000,1.560000,29.079965,1.861538,26.000000,0.609375
0.045455,0.070517,2.034483,30.000000,2.015810,23.000000,0.670455
0.045455,1.000000,1.395349,30.000000,1.831169,22.000000,0.582524
0.055556,0.528818,2.185185,26.777778,1.745098,18.000000,0.686047
0.055556,1.000000,1.530612,29.030607,1.846667,25.000000,0.604839
0.090909,1.000000,1.705882,30.000000,1.490909,11.000000,0.630435
0.090909,1.000000,1.800000,30.000000,1.784211,20.000000,0.642857
0.090909,0.606946,1.382022,29.216545,1.806897,30.000000,0.580189
0.090909,1.000000,1.705882,30.000000,1.490909,11.000000,0.630435
0.090909,1.000000,1.800000,30.000000,1.784211,20.000000,0.642857
0.037037,0.822575,3.368421,28.914431,1.761905,28.000000,0.771084
0.037037,0.142672,1.862745,29.035185,1.797721,27.000000,0.650685
0.142857,1.000000,1.423077,17.602147,1.659341,14.000000,0.587302
0.037037,0.822575,3.368421,28.914431,1.761905,28.000000,0.771084
0.037037,0.142672,1.862745,29.035185,1.797721,27.000000,0.650685
0.142857,0.448342,3.117647,28.585816,1.738562,18.000000,0.757143
0.076923,0.504455,2.319149,29.777378,1.939394,33.000000,0.698718
0.166667,0.859259,2.259259,29.360015,1.996377,24.000000,0.693182
0.076923,0.258730,1.592593,23.974470,1.448718,13.000000,0.614286
0.076923,0.601520,2.125000,27.573471,1.990148,29.000000,0.680000
0.055556,1.000000,1.916667,28.333333,1.738562,18.000000,0.657143
0.055556,0.886938,1.864865,29.904552,2.012308,26.000000,0.650943
0.090909,0.910202,1.625000,28.638579,1.779412,17.000000,0.619048
0.111111,0.025968,2.775701,25.948959,2.273083,72.000000,0.735149
0.100000,0.405461,2.000000,28.875908,1.622222,10.000000,0.666667
0.166667,0.636814,1.301887,30.000000,1.980000,25.000000,0.565574
0.166667,1.000000,1.384615,29.815885,1.727941,17.000000,0.580645
0.111111,0.663140,2.396040,29.143894,2.081823,59.000000,0.705539
0.125000,0.648595,1.622951,29.607991,1.747692,26.000000,0.618750
0.250000,0.546648,2.185185,28.635503,2.017460,36.000000,0.686047
0.125000,1.000000,1.750000,7.115453,1.650000,16.000000,0.636364
0.076923,0.036014,2.312500,29.540843,1.691667,16.000000,0.698113
0.200000,0.096268,1.329545,27.139657,2.106410,40.000000,0.570732
0.090909,1.000000,2.230769,28.928803,1.472727,11.000000,0.690476
0.200000,0.226761,1.750000,28.695652,1.869565,23.000000,0.636364
0.166667,1.000000,3.666667,29.119343,1.266667,6.000000,0.785714
0.166667,1.000000,1.372093,29.788021,1.904762,22.000000,0.578431
0.166667,1.000000,1.611111,26.557034,1.835165,14.000000,0.617021
0.100000,1.000000,1.200000,30.000000,1.602564,13.000000,0.545455
0.166667,0.066178,3.333333,29.758931,1.444444,9.000000,0.769231
0.166667,1.000000,1.611111,26.557034,1.835165,14.000000,0.617021
0.058824,1.000000,2.000000,28.794844,1.720588,17.000000,0.666667
0.058824,0.970439,1.537037,23.678733,1.818462,26.000000,0.605839
0.250000,0.816970,2.000000,29.879327,1.538462,13.000000,0.666667
0.047619,1.000000,1.575758,30.000000,1.900000,21.000000,0.611765
0.047619,0.970439,1.537037,23.678733,1.818462,26.000000,0.605839
0.083333,0.072023,3.875000,28.460037,1.530303,12.000000,0.794872
0.083333,0.196024,1.709302,25.678692,1.982456,39.000000,0.630901
0.200000,0.942143,2.178571,28.225714,2.035294,35.000000,0.685393
0.125000,1.000000,1.611111,26.557034,1.835165,14.000000,0.617021
0.125000,1.000000,2.166667,30.000000,1.607143,8.000000,0.684211
0.058824,0.970439,1.537037,23.678733,1.818462,26.000000,0.605839
0.058824,1.000000,2.000000,28.794844,1.720588,17.000000,0.666667
0.250000,0.970439,1.537037,23.678733,1.818462,26.000000,0.605839
0.076923,0.667420,2.189189,29.452183,2.050000,41.000000,0.686441
0.076923,0.778563,2.250000,29.254812,1.538462,13.000000,0.692308
0.080000,1.000000,1.782609,18.447597,2.137931,30.000000,0.640625
0.080000,0.793619,2.861111,29.804453,1.770000,25.000000,0.741007
0.086957,0.809363,2.942857,29.341814,1.770000,25.000000,0.746377
0.076923,1.000000,1.782609,18.447597,2.137931,30.000000,0.640625
0.076923,0.079733,1.933333,29.468242,1.628205,13.000000,0.659091
0.100000,1.000000,1.782609,18.447597,2.137931,30.000000,0.640625
0.076923,0.079733,1.933333,29.468242,1.628205,13.000000,0.659091
0.076923,0.594758,1.782609,18.447597,2.137931,30.000000,0.640625
0.125000,0.050000,1.413793,17.273204,1.708333,16.000000,0.585714
0.125000,0.295387,2.711864,29.141107,1.978858,44.000000,0.730594
0.142857,1.000000,1.000000,29.474699,1.758333,16.000000,0.500000
0.125000,0.823873,1.228571,28.125000,1.791667,16.000000,0.551282
0.090909,0.556551,1.400000,25.990227,1.654545,11.000000,0.583333
0.100000,0.215107,1.790698,27.714536,1.982906,27.000000,0.641667
0.100000,1.000000,1.600000,27.000000,1.288889,10.000000,0.615385
0.100000,1.000000,1.733333,30.000000,1.745098,18.000000,0.634146
0.100000,1.000000,1.600000,27.000000,1.288889,10.000000,0.615385
0.090909,0.556551,1.400000,25.990227,1.654545,11.000000,0.583333
0.250000,1.000000,4.000000,30.000000,1.333333,4.000000,0.800000
0.125000,0.823873,1.228571,28.125000,1.791667,16.000000,0.551282
0.062500,0.823873,1.228571,28.125000,1.791667,16.000000,0.551282
0.062500,0.613022,1.147727,25.128255,2.092063,36.000000,0.534392
0.062500,0.823873,1.228571,28.125000,1.791667,16.000000,0.551282
0.062500,0.613022,1.147727,25.128255,2.092063,36.000000,0.534392
0.076923,1.000000,1.636364,28.125000,1.825000,16.000000,0.620690
0.083333,1.000000,1.793103,30.000000,1.745098,18.000000,0.641975
0.076923,1.000000,1.636364,28.125000,1.825000,16.000000,0.620690
0.100000,1.000000,1.733333,30.000000,1.745098,18.000000,0.634146
0.100000,1.000000,1.600000,27.000000,1.288889,10.000000,0.615385
0.250000,1.000000,4.000000,30.000000,1.333333,4.000000,0.800000
0.125000,0.823873,1.228571,28.125000,1.791667,16.000000,0.551282
0.062500,0.823873,1.228571,28.125000,1.791667,16.000000,0.551282
0.062500,0.613022,1.147727,25.128255,2.092063,36.000000,0.534392
0.100000,0.215107,1.790698,27.714536,1.982906,27.000000,0.641667
0.100000,1.000000,1.600000,27.000000,1.288889,10.000000,0.615385
0.083333,0.187046,1.661765,29.430105,2.117514,60.000000,0.624309
0.066667,1.000000,1.025641,26.198132,1.758333,16.000000,0.506329
0.066667,0.065944,2.225000,27.792598,1.854680,29.000000,0.689922
0.066667,1.000000,1.025641,26.198132,1.758333,16.000000,0.506329
0.066667,0.065944,2.225000,27.792598,1.854680,29.000000,0.689922
0.066667,1.000000,1.025641,26.198132,1.758333,16.000000,0.506329
0.066667,0.065944,2.225000,27.792598,1.854680,29.000000,0.689922
0.066667,0.065944,2.225000,27.792598,1.854680,29.000000,0.689922
0.066667,1.000000,1.025641,26.198132,1.758333,16.000000,0.506329
0.111111,1.000000,2.370370,29.152873,1.839827,22.000000,0.703297
0.027027,0.942427,2.473684,28.164687,1.962462,37.000000,0.712121
0.027027,0.169825,2.176471,30.000000,1.819512,41.000000,0.685185
0.047619,0.950381,2.690909,29.794966,1.940256,38.000000,0.729064
0.047619,0.012725,1.617647,22.658222,1.738095,21.000000,0.617978
0.029412,0.176476,1.666667,28.702720,1.996435,34.000000,0.625000
0.029412,0.946149,2.690909,29.660074,1.940256,38.000000,0.729064
0.027027,0.942427,2.473684,28.164687,1.962462,37.000000,0.712121
0.027027,0.169825,2.176471,30.000000,1.819512,41.000000,0.685185
0.050000,0.710183,2.128205,29.651385,1.853333,25.000000,0.680328
0.083333,0.947571,2.739130,29.466148,1.870968,32.000000,0.732558
0.083333,1.000000,2.333333,28.031067,1.621212,12.000000,0.700000
0.055556,0.020243,3.000000,29.948819,1.713333,25.000000,0.750000
0.055556,0.756289,1.042553,21.844061,1.745098,18.000000,0.510417
0.166667,0.931003,3.131579,29.033621,1.800493,29.000000,0.757962
0.083333,1.000000,1.823529,30.000000,1.530303,12.000000,0.645833
0.083333,1.000000,1.042553,21.844061,1.745098,18.000000,0.510417
0.111111,0.999999,1.600000,29.343108,1.611111,9.000000,0.615385
0.142857,0.071332,2.103448,28.096710,2.150769,26.000000,0.677778
0.045455,0.358652,1.848485,30.000000,1.852814,22.000000,0.648936
0.045455,0.071332,2.103448,28.096710,2.150769,26.000000,0.677778
0.200000,0.071332,2.103448,28.096710,2.150769,26.000000,0.677778
0.200000,0.004149,5.000000,27.299036,1.000000,5.000000,0.833333
0.100000,0.155564,1.528846,29.775453,1.985199,47.000000,0.604563
0.100000,0.155564,1.528846,29.775453,1.985199,47.000000,0.604563
0.083333,0.045265,2.187500,30.000000,1.500000,12.000000,0.686275
0.058824,1.000000,5.000000,29.073511,1.686275,18.000000,0.833333
0.066667,0.008264,2.227273,25.689769,1.905263,20.000000,0.690141
0.083333,0.386914,2.875000,27.743802,1.696970,12.000000,0.741935
0.066667,0.077945,2.096386,29.236048,2.063425,44.000000,0.677043
0.066667,1.000000,2.096386,29.236048,2.063425,44.000000,0.677043
0.035714,0.230441,2.139241,29.732061,2.131401,46.000000,0.681452
0.035714,0.701331,1.510204,20.816936,2.034392,28.000000,0.601626
0.250000,0.167252,2.000000,24.527894,1.618182,11.000000,0.666667
0.100000,0.379979,2.111111,29.166432,1.711111,10.000000,0.678571
0.083333,0.719065,2.641026,30.000000,1.770000,25.000000,0.725352
0.083333,0.999997,1.933333,30.000000,1.621212,12.000000,0.659091
0.062500,0.342248,1.833333,29.003017,1.775000,16.000000,0.647059
0.100000,0.957539,2.054545,25.262477,2.053476,34.000000,0.672619
0.090909,1.000000,2.777778,30.000000,1.545455,11.000000,0.735294
0.166667,0.308209,3.000000,30.000000,1.200000,6.000000,0.750000
0.166667,0.648936,1.384615,28.603399,2.171138,47.000000,0.580645
0.142857,1.000000,2.666667,30.000000,1.238095,7.000000,0.727273
0.142857,1.000000,2.666667,30.000000,1.238095,7.000000,0.727273
0.076923,0.039201,1.640000,30.000000,1.658333,16.000000,0.621212
0.076923,0.509903,1.545455,25.399207,1.589744,13.000000,0.607143
0.125000,1.000000,1.466667,21.450447,1.757353,17.000000,0.594595
0.090909,1.000000,1.352941,29.007742,1.636364,11.000000,0.575000
0.090909,0.989760,2.361702,29.225704,1.932432,37.000000,0.702532
0.025641,0.830528,2.463158,29.906231,2.067669,57.000000,0.711246
0.025641,0.521168,1.458824,29.501430,1.978408,39.000000,0.593301
0.111111,0.706007,1.818182,29.259024,1.802956,29.000000,0.645161
0.025641,0.830528,2.463158,29.906231,2.067669,57.000000,0.711246
0.025641,0.521168,1.458824,29.501430,1.978408,39.000000,0.593301
0.071429,0.763051,1.900000,27.927618,1.670330,14.000000,0.655172
0.066667,0.138158,2.445946,28.631238,2.031463,49.000000,0.709804
0.066667,0.000000,2.000000,28.317078,1.809524,15.000000,0.666667
0.090909,0.522409,1.400000,25.990227,1.654545,11.000000,0.583333
0.250000,0.078930,1.571429,29.332928,1.743333,25.000000,0.611111
0.142857,1.000000,2.189189,29.452183,2.050000,41.000000,0.686441
0.142857,1.000000,1.600000,27.514370,1.563636,11.000000,0.615385
0.052632,1.000000,2.189189,29.452183,2.050000,41.000000,0.686441
0.052632,1.000000,2.000000,29.341024,1.789474,19.000000,0.666667
0.050000,0.501290,1.375000,27.000001,1.815789,20.000000,0.578947
0.050000,0.929862,2.013699,30.000000,1.893651,36.000000,0.668182
0.076923,0.928686,2.013699,30.000000,1.893651,36.000000,0.668182
0.047619,1.000000,2.189189,29.452183,2.050000,41.000000,0.686441
0.047619,0.576190,1.369565,30.000000,1.795238,21.000000,0.577982
0.250000,1.000000,2.189189,29.452183,2.050000,41.000000,0.686441
0.050000,0.501290,1.375000,27.000001,1.815789,20.000000,0.578947
0.050000,0.929862,2.013699,30.000000,1.893651,36.000000,0.668182
0.142857,1.000000,2.261538,30.000000,1.893651,36.000000,0.693396
0.125000,1.000000,2.189189,29.452183,2.050000,41.000000,0.686441
0.250000,0.945167,2.055556,29.530788,1.921922,37.000000,0.672727
0.125000,1.000000,2.125000,30.000000,1.392857,8.000000,0.680000
0.125000,1.000000,2.130435,30.000000,1.893651,36.000000,0.680556
0.047619,1.000000,2.189189,29.452183,2.050000,41.000000,0.686441
0.047619,0.576190,1.369565,30.000000,1.795238,21.000000,0.577982
0.250000,0.082873,4.000000,30.000000,1.333333,4.000000,0.800000
0.250000,0.807574,2.291667,27.783954,1.852632,20.000000,0.696203
0.055556,0.824006,2.200000,28.615123,1.852632,20.000000,0.687500
0.055556,0.020200,1.000000,25.553780,1.745098,18.000000,0.500000
0.052632,0.568069,2.500000,29.939733,1.949206,36.000000,0.714286
0.052632,0.575746,2.571429,25.533606,2.456667,25.000000,0.720000
0.083333,0.411623,2.549020,28.922827,1.949206,36.000000,0.718232
0.100000,0.049116,2.750000,29.674562,1.689474,20.000000,0.733333
0.166667,1.000000,5.333333,29.580798,1.500000,8.000000,0.842105
0.166667,1.000000,5.333333,29.580798,1.500000,8.000000,0.842105
0.100000,1.000000,1.583333,24.464978,1.708333,16.000000,0.612903
0.100000,1.000000,1.375000,30.000000,1.679487,13.000000,0.578947
0.100000,1.000000,1.375000,30.000000,1.679487,13.000000,0.578947
0.100000,1.000000,1.583333,24.464978,1.708333,16.000000,0.612903
0.100000,1.000000,1.375000,30.000000,1.679487,13.000000,0.578947
0.100000,1.000000,1.583333,24.464978,1.708333,16.000000,0.612903
0.111111,0.365458,1.647059,20.780133,1.575758,12.000000,0.622222
0.111111,0.008333,1.727273,30.000000,1.555556,9.000000,0.633333
0.111111,0.365458,1.647059,20.780133,1.575758,12.000000,0.622222
0.111111,0.008333,1.727273,30.000000,1.555556,9.000000,0.633333
0.047619,0.267107,1.888889,16.161658,1.997701,30.000000,0.653846
0.047619,1.000000,2.153846,30.000000,1.780952,21.000000,0.682927
0.071429,0.470982,2.100000,30.000000,1.852941,17.000000,0.677419
0.071429,1.000000,2.692308,30.000000,1.659341,14.000000,0.729167
0.142857,0.024590,2.571429,30.000000,1.555556,9.000000,0.720000
0.055556,0.158944,2.742857,30.000000,1.713333,25.000000,0.732824
0.055556,0.743261,1.000000,25.553780,1.745098,18.000000,0.500000
0.080000,0.765980,1.473684,27.137523,2.045328,47.000000,0.595745
0.080000,0.362120,1.603774,30.000000,1.716667,25.000000,0.615942
0.041667,0.858377,1.800000,18.168161,1.870769,26.000000,0.642857
0.041667,1.000000,1.527273,27.398510,1.880000,26.000000,0.604317
0.090909,0.000000,1.857143,29.776630,1.685714,15.000000,0.650000
0.090909,0.000000,1.857143,29.776630,1.685714,15.000000,0.650000
0.062500,1.000000,1.228571,28.125000,1.791667,16.000000,0.551282
0.062500,1.000000,1.228571,28.125000,1.791667,16.000000,0.551282
0.062500,1.000000,1.228571,28.125000,1.791667,16.000000,0.551282
0.041667,0.249927,1.718750,20.035536,1.992754,24.000000,0.632184
0.100000,1.000000,2.000000,29.980238,1.861660,23.000000,0.666667
0.100000,1.000000,2.300000,29.687005,1.511111,10.000000,0.696970
0.083333,1.000000,2.200000,29.781321,1.666667,12.000000,0.687500
0.083333,1.000000,2.346154,29.723737,1.835498,22.000000,0.701149
0.142857,0.780822,1.790698,26.868811,1.982906,27.000000,0.641667
0.076923,0.607144,2.000000,28.183915,1.717949,13.000000,0.666667
0.125000,0.893149,1.625000,22.629314,1.535714,8.000000,0.619048
0.125000,0.330856,3.083333,27.507919,1.704762,15.000000,0.755102
0.083333,0.833520,3.548387,29.272840,1.868946,27.000000,0.780142
0.200000,1.000000,2.105263,29.961969,1.888889,19.000000,0.677966
0.200000,0.004184,2.000000,24.000000,1.400000,5.000000,0.666667
0.200000,1.000000,2.352941,29.379702,1.888889,19.000000,0.701754
0.125000,0.365991,2.000000,29.081685,1.500000,8.000000,0.666667
0.071429,0.822147,6.000000,29.845027,1.637363,14.000000,0.857143
0.071429,1.000000,2.900000,25.772048,1.908333,16.000000,0.743590
0.250000,1.000000,2.000000,30.000000,1.333333,4.000000,0.666667
0.250000,0.555298,1.727273,28.827366,1.527778,9.000000,0.633333
0.250000,1.000000,2.000000,30.000000,1.000000,4.000000,0.666667
0.250000,1.000000,2.000000,30.000000,1.000000,4.000000,0.666667
0.250000,0.555298,1.727273,28.827366,1.527778,9.000000,0.633333
0.100000,0.297794,2.032258,29.556859,1.822134,23.000000,0.670213
0.062500,0.397595,1.413793,17.810124,1.708333,16.000000,0.585714
0.200000,1.000000,1.727273,30.000000,1.838095,15.000000,0.633333
0.083333,0.843383,1.800000,18.168161,1.870769,26.000000,0.642857
0.083333,0.916271,1.789474,30.000000,1.484848,12.000000,0.641509
0.047619,0.242119,2.173913,29.939070,1.961905,21.000000,0.684932
0.066667,0.004255,1.615385,22.159582,1.650000,16.000000,0.617647
0.066667,0.858819,1.583333,30.000000,1.704762,15.000000,0.612903
0.142857,0.399816,1.357143,30.000000,1.772308,26.000000,0.575758
0.111111,0.871446,1.833333,29.648367,2.021538,26.000000,0.647059
0.111111,0.157268,3.500000,30.000000,1.444444,9.000000,0.777778
0.100000,0.079889,2.031250,27.825491,1.993333,25.000000,0.670103
0.100000,0.101391,2.750000,29.409997,1.600000,11.000000,0.733333
0.142857,0.723771,2.450000,29.342533,1.931579,20.000000,0.710145
0.040000,0.079889,2.031250,27.825491,1.993333,25.000000,0.670103
0.040000,0.738308,3.080000,28.777533,1.893333,25.000000,0.754902
0.047619,1.000000,1.500000,27.620057,1.871429,21.000000,0.600000
0.100000,0.804922,1.533333,24.681834,1.533333,10.000000,0.605263
0.043478,0.634202,3.045455,23.938157,1.893281,23.000000,0.752809
0.043478,0.868918,1.173913,30.000000,1.893333,25.000000,0.540000
0.100000,0.511553,1.833333,29.939664,2.021538,26.000000,0.647059
0.111111,0.573359,1.911765,28.490800,1.993333,25.000000,0.656566
0.111111,0.021097,1.600000,20.000000,1.555556,9.000000,0.615385
0.076923,0.600652,2.031250,27.825491,1.993333,25.000000,0.670103
0.076923,0.671789,2.750000,29.254812,1.576923,13.000000,0.733333
0.100000,0.070234,1.920000,29.023546,1.863248,27.000000,0.657534
0.100000,1.000000,1.533333,17.592429,1.742424,12.000000,0.605263
0.100000,0.464908,1.741935,29.928694,1.857143,22.000000,0.635294
0.071429,1.000000,3.111111,28.048887,1.692308,14.000000,0.756757
0.071429,0.773063,1.750000,29.188926,1.716667,25.000000,0.636364
0.058824,0.404039,1.916667,29.019011,1.823529,17.000000,0.657143
0.058824,0.231391,2.588235,21.902642,2.270968,31.000000,0.721311
0.055556,1.000000,1.564103,28.956559,1.712418,18.000000,0.610000
0.055556,0.231391,2.588235,21.902642,2.270968,31.000000,0.721311
0.043478,0.215005,1.123077,28.456419,1.778986,24.000000,0.528986
0.043478,0.713163,2.018868,28.215756,1.962567,34.000000,0.668750
0.090909,0.473452,1.700000,28.877794,1.381818,11.000000,0.629630
0.090909,0.713163,2.018868,28.215756,1.962567,34.000000,0.668750
0.043478,0.215005,1.123077,28.456419,1.778986,24.000000,0.528986
0.043478,0.713163,2.018868,28.215756,1.962567,34.000000,0.668750
0.090909,0.713163,2.018868,28.215756,1.962567,34.000000,0.668750
0.090909,0.473452,1.700000,28.877794,1.381818,11.000000,0.629630
0.043478,0.215005,1.123077,28.456419,1.778986,24.000000,0.528986
0.043478,0.713163,2.018868,28.215756,1.962567,34.000000,0.668750
0.043478,0.215005,1.123077,28.456419,1.778986,24.000000,0.528986
0.043478,0.713163,2.018868,28.215756,1.962567,34.000000,0.668750
0.090909,0.713163,2.018868,28.215756,1.962567,34.000000,0.668750
0.090909,0.473452,1.700000,28.877794,1.381818,11.000000,0.629630
0.090909,0.473452,1.700000,28.877794,1.381818,11.000000,0.629630
0.090909,0.713163,2.018868,28.215756,1.962567,34.000000,0.668750
0.066667,0.942000,5.000000,19.652626,2.007353,17.000000,0.833333
0.066667,1.000000,1.390244,30.000000,1.789474,20.000000,0.581633
0.066667,1.000000,5.000000,19.652626,2.007353,17.000000,0.833333
0.066667,1.000000,1.390244,30.000000,1.789474,20.000000,0.581633
0.166667,0.664267,2.461538,30.000000,1.866667,15.000000,0.711111
0.066667,0.942000,5.000000,19.652626,2.007353,17.000000,0.833333
0.066667,1.000000,1.390244,30.000000,1.789474,20.000000,0.581633
0.066667,0.942000,5.000000,19.652626,2.007353,17.000000,0.833333
0.066667,1.000000,1.390244,30.000000,1.789474,20.000000,0.581633
0.066667,1.000000,1.390244,30.000000,1.789474,20.000000,0.581633
0.066667,0.942000,5.000000,19.652626,2.007353,17.000000,0.833333
0.166667,0.664267,2.461538,30.000000,1.866667,15.000000,0.711111
0.166667,1.000000,2.461538,30.000000,1.866667,15.000000,0.711111
0.066667,1.000000,1.390244,30.000000,1.789474,20.000000,0.581633
0.066667,0.942000,5.000000,19.652626,2.007353,17.000000,0.833333
0.166667,0.664267,2.461538,30.000000,1.866667,15.000000,0.711111
0.066667,1.000000,1.390244,30.000000,1.789474,20.000000,0.581633
0.066667,1.000000,5.000000,19.652626,2.007353,17.000000,0.833333
0.066667,1.000000,1.390244,30.000000,1.789474,20.000000,0.581633
0.066667,0.942000,5.000000,19.652626,2.007353,17.000000,0.833333
0.250000,1.000000,2.000000,29.691244,1.444444,9.000000,0.666667
0.055556,0.024084,1.617647,22.658222,1.738095,21.000000,0.617978
0.083333,1.000000,1.000000,25.553780,1.745098,18.000000,0.500000
0.055556,1.000000,1.895833,29.656355,1.717391,24.000000,0.654676
0.090909,0.708549,1.346154,24.189911,1.966154,26.000000,0.573770
0.125000,0.966092,2.125000,28.236562,1.428571,8.000000,0.680000
0.125000,0.792949,2.000000,29.735803,1.900000,20.000000,0.666667
0.071429,0.268239,2.015625,29.874312,1.997301,39.000000,0.668394
0.055556,1.000000,1.400000,18.337799,1.732026,18.000000,0.583333
0.055556,1.000000,1.400000,18.337799,1.732026,18.000000,0.583333
0.142857,0.044566,1.902439,29.415042,1.939153,28.000000,0.655462
0.111111,0.044566,1.902439,29.549728,1.939153,28.000000,0.655462
0.100000,0.103626,2.800000,30.000000,1.941176,18.000000,0.736842
0.166667,0.851902,1.627451,30.000000,1.931624,27.000000,0.619403
0.166667,0.851902,1.627451,30.000000,1.931624,27.000000,0.619403
0.100000,0.221642,3.000000,29.096013,1.873846,26.000000,0.750000
0.250000,0.493949,1.692308,30.000000,1.727273,11.000000,0.628571
0.250000,0.165997,1.680000,27.141434,1.704762,15.000000,0.626866
0.142857,0.188760,1.314815,29.359754,1.822134,23.000000,0.568000
0.047619,0.235577,2.504673,29.275120,2.071173,63.000000,0.714667
0.100000,0.867354,4.000000,21.245598,1.912088,14.000000,0.800000
0.066667,1.000000,1.290909,29.022066,2.056980,27.000000,0.563492
0.250000,1.000000,1.446809,19.577469,2.018462,26.000000,0.591304
0.142857,0.208774,2.755556,29.661049,1.822581,32.000000,0.733728
0.111111,0.362777,1.678571,26.180505,1.718954,18.000000,0.626667
0.142857,0.208774,2.755556,29.661049,1.822581,32.000000,0.733728
0.040000,0.089272,1.603774,30.000000,1.716667,25.000000,0.615942
0.040000,0.038275,2.326733,27.740102,2.514079,73.000000,0.699405
0.062500,0.037722,1.615385,22.159582,1.650000,16.000000,0.617647
0.045455,0.019972,1.246575,29.185938,1.995968,32.000000,0.554878
0.040000,0.089272,1.603774,30.000000,1.716667,25.000000,0.615942
0.040000,0.038275,2.326733,27.740102,2.514079,73.000000,0.699405
0.166667,0.689521,1.636364,29.078905,1.725000,16.000000,0.620690
0.045455,0.019972,1.246575,29.185938,1.995968,32.000000,0.554878
0.133333,0.433867,1.574074,30.000000,1.716667,25.000000,0.611511
0.133333,0.497650,1.452991,28.175137,2.059397,48.000000,0.592334
0.035714,0.126585,2.258065,29.723879,2.116893,52.000000,0.693069
0.035714,0.777340,2.709677,23.442260,2.018519,28.000000,0.730435
0.100000,0.113006,3.000000,30.000000,1.466667,10.000000,0.750000
0.100000,0.836637,2.187500,29.377473,1.747253,14.000000,0.686275
0.071429,1.000000,1.242424,29.928747,1.604396,14.000000,0.554054
0.250000,0.496821,3.622642,28.663210,2.266122,50.000000,0.783673
0.250000,0.053874,3.903226,28.540727,2.657212,65.000000,0.796053
0.250000,0.108637,3.622642,28.663210,2.266122,50.000000,0.783673
0.055556,0.699737,3.411765,29.596357,2.112319,24.000000,0.773333
0.055556,1.000000,1.075000,25.730952,1.921569,18.000000,0.518072
0.166667,0.045544,1.857143,28.181196,1.713235,17.000000,0.650000
0.071429,0.750754,2.333333,29.637153,1.926923,40.000000,0.700000
0.038462,0.489828,2.611111,27.026837,2.114286,36.000000,0.723077
0.038462,0.008696,2.533333,30.000000,1.855385,26.000000,0.716981
0.200000,0.036352,2.962963,29.653462,1.688312,22.000000,0.747664
0.100000,0.489828,2.611111,27.026837,2.114286,36.000000,0.723077
0.100000,0.125809,3.000000,30.000000,1.466667,10.000000,0.750000
0.100000,0.621543,1.782609,30.000000,1.658333,16.000000,0.640625
0.083333,1.000000,2.414634,30.000000,2.133690,34.000000,0.707143
0.111111,1.000000,1.075000,25.730952,1.921569,18.000000,0.518072
0.066667,0.086463,2.333333,29.796269,1.905263,20.000000,0.700000
0.066667,0.341542,2.384615,22.541781,1.771429,15.000000,0.704545
0.200000,0.453770,1.750000,25.714286,1.333333,7.000000,0.636364
0.200000,1.000000,2.000000,28.160949,1.400000,5.000000,0.666667
0.250000,0.565516,2.285714,29.286000,1.904762,15.000000,0.695652
0.058824,0.780310,1.531250,22.690998,1.639706,17.000000,0.604938
0.058824,0.004329,3.228571,29.065043,1.709402,27.000000,0.763514
0.111111,1.000000,1.040816,30.000000,1.900585,19.000000,0.510000
0.111111,1.000000,1.040816,30.000000,1.900585,19.000000,0.510000
0.111111,1.000000,1.040816,30.000000,1.900585,19.000000,0.510000
0.200000,0.099754,2.514286,28.481498,2.270968,31.000000,0.715447
0.071429,0.281906,3.622642,28.663210,2.266122,50.000000,0.783673
0.071429,0.536704,2.909091,29.000049,1.648352,14.000000,0.744186
0.030303,0.579171,1.480392,29.430850,1.787879,33.000000,0.596838
0.030303,0.137360,3.903226,28.540727,2.657212,65.000000,0.796053
0.090909,0.383028,2.333333,29.653462,1.618182,11.000000,0.700000
0.090909,1.000000,1.738462,24.599449,1.888258,33.000000,0.634831
0.066667,0.306607,2.062500,29.252394,1.685714,15.000000,0.673469
0.066667,0.273954,3.903226,28.540727,2.657212,65.000000,0.796053
0.033333,0.028382,2.146341,28.515603,2.057471,30.000000,0.682171
0.033333,0.137360,3.903226,28.540727,2.657212,65.000000,0.796053
0.111111,0.402596,1.445652,29.079716,1.797849,31.000000,0.591111
0.111111,1.000000,1.533333,26.666667,1.361111,9.000000,0.605263
0.030303,0.579171,1.480392,29.430850,1.787879,33.000000,0.596838
0.030303,0.331839,3.903226,28.540727,2.657212,65.000000,0.796053
0.033333,0.028382,2.146341,28.515603,2.057471,30.000000,0.682171
0.033333,0.331839,3.903226,28.540727,2.657212,65.000000,0.796053
0.083333,0.115806,2.146341,26.855796,2.057471,30.000000,0.682171
0.083333,0.965230,1.789474,27.880369,1.500000,12.000000,0.641509
0.100000,0.544424,1.928571,27.568118,1.509091,11.000000,0.658537
0.100000,0.003744,2.810811,29.465692,2.077778,36.000000,0.737589
0.125000,0.465129,1.487179,23.114204,1.920290,24.000000,0.597938
0.071429,0.435047,1.550000,30.000000,1.885714,15.000000,0.607843
0.071429,0.390653,2.769231,29.727720,1.604396,14.000000,0.734694
0.125000,0.348477,1.692308,30.000000,1.214286,8.000000,0.628571
0.111111,0.509846,1.846154,28.924790,1.736264,14.000000,0.648649
0.111111,0.496271,1.142857,23.335142,1.611111,9.000000,0.533333
0.142857,0.104972,1.305556,27.009963,1.803922,18.000000,0.566265
0.052632,0.341294,1.937500,29.412834,1.889328,23.000000,0.659574
0.052632,1.000000,1.516129,13.084039,1.725146,19.000000,0.602564
0.055556,1.000000,1.516129,13.084039,1.725146,19.000000,0.602564
0.125000,1.000000,3.333333,17.092310,1.285714,8.000000,0.769231
0.142857,0.421687,1.750000,25.420575,1.333333,7.000000,0.636364
0.062500,0.504587,2.555556,27.927990,1.616667,16.000000,0.718750
0.062500,0.961559,2.571429,25.533606,2.456667,25.000000,0.720000
0.090909,0.284881,2.372093,29.338715,1.949597,32.000000,0.703448
0.062500,0.504587,2.555556,27.927990,1.616667,16.000000,0.718750
0.062500,1.000000,2.571429,25.533606,2.456667,25.000000,0.720000
0.058824,0.243697,1.739130,27.284713,2.034483,30.000000,0.634921
0.058824,0.183167,4.583333,29.630501,1.595588,17.000000,0.820896
0.100000,0.000000,3.000000,26.983218,1.666667,10.000000,0.750000
0.100000,0.312488,1.416667,24.466850,1.850000,16.000000,0.586207
0.062500,0.983878,2.312500,29.922748,1.932432,37.000000,0.698113
0.062500,1.000000,1.739130,30.000000,1.716667,16.000000,0.634921
0.050000,0.456287,2.326733,27.740102,2.514079,73.000000,0.699405
0.050000,0.456287,2.326733,27.740102,2.514079,73.000000,0.699405
0.062500,1.000000,1.739130,30.000000,1.716667,16.000000,0.634921
0.062500,0.568337,2.312500,29.922748,1.932432,37.000000,0.698113
0.200000,0.456287,2.326733,27.740102,2.514079,73.000000,0.699405
0.200000,1.000000,1.750000,25.062229,1.300000,5.000000,0.636364
0.100000,0.266338,1.714286,28.821434,1.466667,10.000000,0.631579
0.100000,0.456287,2.326733,27.740102,2.514079,73.000000,0.699405
0.111111,0.606325,2.185714,30.000000,1.822300,42.000000,0.686099
0.111111,0.606325,2.185714,30.000000,1.822300,42.000000,0.686099
0.050000,0.456287,2.326733,27.740102,2.514079,73.000000,0.699405
0.250000,0.070844,2.312500,29.317073,1.819512,41.000000,0.698113
0.250000,0.070844,2.312500,29.317073,1.819512,41.000000,0.698113
0.062500,1.000000,1.739130,30.000000,1.716667,16.000000,0.634921
0.062500,0.983878,2.312500,29.922748,1.932432,37.000000,0.698113
0.111111,0.323538,1.739130,27.284713,2.034483,30.000000,0.634921
0.111111,1.000000,1.600000,30.000000,1.555556,9.000000,0.615385
0.100000,0.266338,1.714286,28.821434,1.466667,10.000000,0.631579
0.100000,0.456287,2.326733,27.740102,2.514079,73.000000,0.699405
0.050000,0.456287,2.326733,27.740102,2.514079,73.000000,0.699405
0.062500,1.000000,1.739130,30.000000,1.716667,16.000000,0.634921
0.062500,0.568337,2.312500,29.922748,1.932432,37.000000,0.698113
0.200000,0.456287,2.326733,27.740102,2.514079,73.000000,0.699405
0.200000,1.000000,1.750000,25.062229,1.300000,5.000000,0.636364
0.125000,1.000000,1.555556,26.250000,1.535714,8.000000,0.608696
0.100000,0.556511,2.615385,27.320537,1.666667,13.000000,0.723404
0.071429,0.410218,1.631579,28.426024,1.885714,15.000000,0.620000
0.142857,0.069908,2.000000,25.714286,1.238095,7.000000,0.666667
0.083333,0.000000,2.900000,30.000000,1.560606,12.000000,0.743590
0.083333,0.612509,6.909091,29.170744,1.763333,25.000000,0.873563
0.142857,0.515665,1.741497,29.992898,2.088294,64.000000,0.635236
0.083333,0.384952,2.047619,24.437407,2.025806,31.000000,0.671875
0.111111,0.013072,1.678571,28.627925,2.065882,51.000000,0.626667
0.111111,0.021097,12.000000,30.000000,1.333333,9.000000,0.923077
0.111111,0.739708,1.857143,26.897969,1.969697,22.000000,0.650000
0.166667,0.739708,1.857143,26.897969,1.969697,22.000000,0.650000
0.090909,0.200421,2.694915,28.513527,2.209922,74.000000,0.729358
0.045455,0.206311,3.222222,29.716537,2.006048,32.000000,0.763158
0.045455,0.739708,1.857143,26.897969,1.969697,22.000000,0.650000
0.250000,0.898144,2.692308,27.917718,1.615385,13.000000,0.729167
0.200000,0.230346,1.631579,29.084644,1.754941,23.000000,0.620000
0.111111,0.265778,2.307692,29.649868,1.670330,14.000000,0.697674
0.166667,0.370758,2.285714,7.974736,2.181818,23.000000,0.695652
0.250000,0.149324,1.875000,10.417650,2.004762,21.000000,0.652174
0.076923,0.279338,2.157895,29.907721,1.845588,17.000000,0.683333
0.076923,0.149080,2.142857,27.692308,1.615385,13.000000,0.681818
0.200000,0.370758,2.285714,7.974736,2.181818,23.000000,0.695652
0.111111,0.450016,1.695364,30.000000,2.088294,64.000000,0.628993
0.052632,0.145544,1.885714,29.350302,1.643275,19.000000,0.653465
0.052632,1.000000,2.367647,28.702268,2.011074,43.000000,0.703057
0.200000,0.084146,4.285714,30.000000,1.472727,11.000000,0.810811
0.200000,1.000000,2.333333,30.000000,1.300000,5.000000,0.700000
0.200000,0.084146,4.285714,30.000000,1.472727,11.000000,0.810811
0.200000,1.000000,2.333333,30.000000,1.300000,5.000000,0.700000
0.040000,1.000000,2.520000,29.672896,2.073770,61.000000,0.715909
0.040000,0.886038,1.051282,30.000000,1.932308,26.000000,0.512500
0.050000,1.000000,1.500000,30.000000,1.842105,20.000000,0.600000
0.050000,1.000000,2.750000,28.904560,2.281007,74.000000,0.733333
0.166667,0.231073,2.984127,29.593214,1.942376,48.000000,0.749004
0.166667,1.000000,1.800000,25.000000,1.400000,6.000000,0.642857
0.250000,0.574187,3.111111,29.487538,1.617647,17.000000,0.756757
0.076923,0.070251,1.592593,30.000000,1.487179,13.000000,0.614286
0.076923,0.008130,1.695122,29.893970,2.085934,67.000000,0.628959
0.111111,0.175574,3.257143,29.062500,1.983871,32.000000,0.765101
0.166667,0.227237,4.000000,26.393739,1.238095,7.000000,0.800000
0.111111,0.908210,1.886364,28.554504,1.931034,29.000000,0.653543
0.142857,0.229334,2.000000,29.833357,1.973333,25.000000,0.666667
0.125000,0.191252,1.615385,29.803907,1.250000,8.000000,0.617647
0.125000,0.812594,2.047619,24.437407,2.025806,31.000000,0.671875
0.043478,0.008000,2.800000,29.534348,1.703557,23.000000,0.736842
0.043478,0.229005,2.653061,27.047461,2.084084,37.000000,0.726257
0.058824,1.000000,2.961538,27.947062,2.246667,25.000000,0.747573
0.058824,0.779692,2.961538,27.947062,2.246667,25.000000,0.747573
0.111111,1.000000,2.000000,28.280375,1.641026,13.000000,0.666667
0.058824,1.000000,2.961538,27.947062,2.246667,25.000000,0.747573
0.166667,0.639638,1.625000,30.000000,1.717391,24.000000,0.619048
0.125000,0.297484,1.733333,30.000000,1.745098,18.000000,0.634146
0.052632,0.210919,2.500000,30.000000,1.716923,26.000000,0.714286
0.066667,0.131765,3.846154,30.000000,1.824561,19.000000,0.793651
0.066667,0.349490,1.500000,21.984577,1.761905,15.000000,0.600000
0.043478,0.700764,2.109091,28.556221,1.996825,36.000000,0.678363
0.043478,0.138519,1.241379,29.783144,1.739130,23.000000,0.553846
0.062500,1.000000,1.305556,30.000000,1.700000,16.000000,0.566265
0.062500,0.546018,1.678571,26.180505,1.718954,18.000000,0.626667
0.062500,1.000000,1.305556,30.000000,1.700000,16.000000,0.566265
0.062500,0.546018,1.678571,26.180505,1.718954,18.000000,0.626667
0.125000,0.580003,4.000000,29.098422,1.642857,8.000000,0.800000
0.083333,0.254257,2.100000,27.733719,1.363636,12.000000,0.677419
0.083333,0.700764,2.109091,28.556221,1.996825,36.000000,0.678363
0.043478,0.700764,2.109091,28.556221,1.996825,36.000000,0.678363
0.043478,0.138519,1.241379,29.783144,1.739130,23.000000,0.553846
0.062500,1.000000,1.305556,30.000000,1.700000,16.000000,0.566265
0.062500,0.546018,1.678571,26.180505,1.718954,18.000000,0.626667
0.055556,0.889794,2.340909,28.443770,1.847312,31.000000,0.700680
0.055556,1.000000,1.305556,27.126380,1.803922,18.000000,0.566265
0.062500,1.000000,1.576923,26.054378,1.741667,16.000000,0.611940
0.062500,0.909090,2.418182,29.315789,1.981508,38.000000,0.707447
0.055556,0.889794,2.340909,28.443770,1.847312,31.000000,0.700680
0.055556,1.000000,1.305556,27.126380,1.803922,18.000000,0.566265
0.166667,1.000000,2.000000,29.691244,1.444444,9.000000,0.666667
0.166667,0.979015,1.750000,8.228720,1.533333,6.000000,0.636364
0.083333,0.700764,2.109091,28.556221,1.996825,36.000000,0.678363
0.083333,0.254257,2.100000,27.733719,1.363636,12.000000,0.677419
0.043478,0.700764,2.109091,28.556221,1.996825,36.000000,0.678363
0.043478,0.138519,1.241379,29.783144,1.739130,23.000000,0.553846
0.062500,0.909090,2.418182,29.315789,1.981508,38.000000,0.707447
0.062500,1.000000,1.576923,26.054378,1.741667,16.000000,0.611940
0.055556,1.000000,1.305556,27.126380,1.803922,18.000000,0.566265
0.055556,0.889794,2.340909,28.443770,1.847312,31.000000,0.700680
0.062500,1.000000,1.576923,26.054378,1.741667,16.000000,0.611940
0.062500,0.909090,2.418182,29.315789,1.981508,38.000000,0.707447
0.055556,0.889794,2.340909,28.443770,1.847312,31.000000,0.700680
0.055556,1.000000,1.305556,27.126380,1.803922,18.000000,0.566265
0.043478,0.138519,1.241379,29.783144,1.739130,23.000000,0.553846
0.043478,0.700764,2.109091,28.556221,1.996825,36.000000,0.678363
0.083333,0.700764,2.109091,28.556221,1.996825,36.000000,0.678363
0.083333,0.254257,2.100000,27.733719,1.363636,12.000000,0.677419
0.062500,1.000000,1.576923,26.054378,1.741667,16.000000,0.611940
0.062500,0.909090,2.418182,29.315789,1.981508,38.000000,0.707447
0.083333,0.700764,2.109091,28.556221,1.996825,36.000000,0.678363
0.083333,0.254257,2.100000,27.733719,1.363636,12.000000,0.677419
0.100000,0.224431,1.750000,27.073155,1.742690,19.000000,0.636364
0.166667,1.000000,2.250000,30.000000,1.400000,6.000000,0.692308
0.125000,1.000000,3.111111,29.636166,1.725146,19.000000,0.756757
0.076923,0.117665,1.892857,29.684676,1.797386,18.000000,0.654321
0.083333,0.027888,3.222222,29.682341,1.681818,12.000000,0.763158
0.083333,1.000000,3.083333,26.585110,2.143791,18.000000,0.755102
0.100000,0.068815,1.882353,30.000000,1.648352,14.000000,0.653061
0.100000,0.405099,1.428571,28.263917,1.644444,10.000000,0.588235
0.142857,1.000000,1.625000,30.000000,1.380952,7.000000,0.619048
0.142857,0.329288,1.916667,28.333333,1.738562,18.000000,0.657143
0.083333,0.027888,3.222222,29.682341,1.681818,12.000000,0.763158
0.083333,0.412764,3.083333,26.585110,2.143791,18.000000,0.755102
0.166667,0.236708,3.125000,27.538693,1.618182,11.000000,0.757576
0.052632,1.000000,1.827586,27.135484,1.859649,19.000000,0.646341
0.111111,1.000000,1.827586,21.351985,1.859649,19.000000,0.646341
0.111111,0.171532,1.875000,30.000000,1.583333,9.000000,0.652174
0.052632,0.454775,1.417476,29.888594,2.033827,44.000000,0.586345
0.090909,0.132375,3.111111,28.225461,1.490909,11.000000,0.756757
0.200000,0.064376,1.692308,23.756602,1.717949,13.000000,0.628571
0.066667,1.000000,3.083333,27.940561,1.704762,15.000000,0.755102
0.090909,0.015625,1.928571,29.026364,1.581818,11.000000,0.658537
0.090909,0.399593,1.400000,25.990227,1.654545,11.000000,0.583333
0.090909,0.438861,1.764706,25.969700,2.006667,25.000000,0.638298
0.166667,0.117522,3.250000,26.870828,1.527273,11.000000,0.764706
0.111111,1.000000,2.846154,30.000000,1.704762,15.000000,0.740000
0.034483,0.192973,2.543478,29.705082,1.877419,31.000000,0.717791
0.034483,0.237619,2.742857,24.944516,1.911330,29.000000,0.732824
0.100000,0.000000,2.777778,30.000000,1.466667,10.000000,0.735294
0.100000,0.541569,1.967742,26.543964,1.986667,25.000000,0.663043
0.142857,0.541569,1.967742,26.543964,1.986667,25.000000,0.663043
0.142857,0.000000,2.285714,30.000000,1.238095,7.000000,0.695652
0.142857,0.000000,2.285714,30.000000,1.238095,7.000000,0.695652
0.142857,0.541569,1.967742,26.543964,1.986667,25.000000,0.663043
0.040000,0.000000,2.837838,27.401383,2.106686,38.000000,0.739437
0.040000,0.541569,1.967742,26.543964,1.986667,25.000000,0.663043
0.166667,0.140643,1.504587,30.000000,2.006803,49.000000,0.600733
0.166667,0.140643,1.504587,30.000000,2.006803,49.000000,0.600733
0.166667,0.570809,2.326733,27.740102,2.514079,73.000000,0.699405
0.166667,0.570809,2.326733,27.740102,2.514079,73.000000,0.699405
0.052632,0.350504,1.390476,29.775340,2.033827,44.000000,0.581673
0.125000,1.000000,1.955556,28.176132,1.975369,29.000000,0.661654
0.166667,0.117911,2.363636,30.000000,1.864615,26.000000,0.702703
0.062500,1.000000,4.100000,26.250000,1.808333,16.000000,0.803922
0.062500,0.679294,1.813953,30.000000,1.939153,28.000000,0.644628
0.083333,1.000000,2.095238,30.000000,1.633333,16.000000,0.676923
0.142857,0.369246,1.540984,22.708165,1.766382,27.000000,0.606452
0.166667,0.291278,1.406780,28.846154,1.790769,26.000000,0.584507
0.250000,0.263394,2.363636,29.606529,1.606061,12.000000,0.702703
0.166667,0.291278,1.406780,28.846154,1.790769,26.000000,0.584507
0.142857,0.345615,2.133333,26.879389,1.996923,26.000000,0.680851
0.142857,0.000000,2.285714,30.000000,1.238095,7.000000,0.695652
0.125000,1.000000,2.409091,28.315191,2.034632,22.000000,0.706667
0.142857,0.345615,2.133333,26.879389,1.996923,26.000000,0.680851
0.142857,0.000000,2.285714,30.000000,1.238095,7.000000,0.695652
0.250000,0.322542,2.363636,29.606529,1.606061,12.000000,0.702703
0.200000,1.000000,1.750000,29.019631,1.300000,5.000000,0.636364
0.200000,0.750304,2.687500,30.000000,1.700000,16.000000,0.728814
0.166667,0.291278,1.406780,28.846154,1.790769,26.000000,0.584507
0.038462,0.345615,2.133333,26.879389,1.996923,26.000000,0.680851
0.038462,0.000000,2.945946,27.545160,2.114710,39.000000,0.746575
0.125000,0.502688,1.600000,18.997316,1.764706,18.000000,0.615385
0.142857,1.000000,2.000000,30.000000,1.444444,9.000000,0.666667
0.111111,0.278038,1.333333,30.000000,1.622222,10.000000,0.571429
0.111111,1.000000,1.666667,23.459739,1.583333,9.000000,0.625000
0.100000,0.294954,1.882353,29.900734,1.973333,25.000000,0.653061
0.100000,0.323169,1.333333,24.593494,1.622222,10.000000,0.571429
0.111111,1.000000,1.666667,23.459739,1.583333,9.000000,0.625000
0.111111,0.024688,1.850000,29.118475,1.962963,27.000000,0.649123
0.043478,0.001257,2.660000,27.041077,2.103841,38.000000,0.726776
0.043478,0.549152,2.709677,29.753224,1.703557,23.000000,0.730435
0.066667,0.836970,2.333333,28.461911,1.691176,17.000000,0.700000
0.071429,0.862425,1.714286,28.684592,1.874644,27.000000,0.631579
0.041667,0.571271,1.565217,24.367360,1.913846,26.000000,0.610169
0.041667,0.152282,2.083333,28.867095,1.742754,24.000000,0.675676
0.071429,0.231935,2.205882,29.922276,1.742754,24.000000,0.688073
0.055556,0.125971,2.396226,29.095381,1.930159,36.000000,0.705556
0.055556,1.000000,1.075000,25.730952,1.921569,18.000000,0.518072
0.076923,0.129451,1.526316,24.523534,1.861660,23.000000,0.604167
0.058824,0.581119,1.411765,26.488640,1.786765,17.000000,0.585366
0.058824,0.903159,1.481928,30.000000,2.079487,40.000000,0.597087
0.055556,0.011673,1.551724,21.635557,1.784314,18.000000,0.608108
0.055556,0.004942,1.878049,27.511795,2.529915,27.000000,0.652542
0.125000,0.619680,1.692308,29.886367,1.214286,8.000000,0.628571
0.125000,0.137979,1.358491,22.360813,1.739130,23.000000,0.576000
0.076923,0.581119,1.411765,26.488640,1.786765,17.000000,0.585366
0.076923,0.685829,2.571429,30.000000,1.538462,13.000000,0.720000
0.037037,0.175170,1.878049,27.094006,2.529915,27.000000,0.652542
0.037037,0.369492,1.644970,30.000000,2.085934,67.000000,0.621924
0.058824,0.386341,1.664671,30.000000,2.085934,67.000000,0.624719
0.058824,0.581119,1.411765,26.488640,1.786765,17.000000,0.585366
0.034483,0.071313,2.837838,27.211739,2.106686,38.000000,0.739437
0.034483,0.586585,1.765957,29.761626,1.931034,29.000000,0.638462
0.100000,0.071313,2.837838,27.211739,2.106686,38.000000,0.739437
0.037037,0.551782,3.000000,29.227895,2.006048,32.000000,0.750000
0.037037,0.527752,2.000000,24.805129,2.133903,27.000000,0.666667
0.076923,0.175170,1.878049,27.094006,2.529915,27.000000,0.652542
0.076923,0.681701,2.571429,30.000000,1.538462,13.000000,0.720000
0.043478,0.790344,1.790210,29.636587,2.088294,64.000000,0.641604
0.043478,0.137979,1.358491,22.360813,1.739130,23.000000,0.576000
0.090909,0.580925,3.076923,29.447474,1.688312,22.000000,0.754717
0.055556,0.011673,1.551724,21.635557,1.784314,18.000000,0.608108
0.055556,0.175170,1.878049,27.511795,2.529915,27.000000,0.652542
0.037037,0.175170,1.878049,27.094006,2.529915,27.000000,0.652542
0.037037,0.418631,1.590361,29.339649,2.064634,41.000000,0.613953
0.125000,0.390541,1.437500,25.934032,1.654545,11.000000,0.589744
0.071429,0.129451,1.526316,24.523534,1.861660,23.000000,0.604167
0.071429,0.250557,2.642857,29.536426,1.692308,14.000000,0.725490
0.035714,0.162840,2.121212,26.418852,2.013228,28.000000,0.679612
0.035714,0.088168,2.945946,28.852149,2.114710,39.000000,0.746575
0.058824,0.606402,1.545455,30.000000,1.917989,28.000000,0.607143
0.058824,1.000000,2.888889,29.781699,1.913846,26.000000,0.742857
0.076923,0.007874,1.565217,30.000000,1.761905,15.000000,0.610169
0.250000,0.731509,5.000000,30.000000,1.333333,7.000000,0.833333
0.055556,0.067643,2.146341,26.855796,2.057471,30.000000,0.682171
0.055556,0.910125,2.038462,28.996534,1.797386,18.000000,0.670886
0.058824,0.052825,2.095238,29.158740,2.057471,30.000000,0.676923
0.052632,0.067643,2.146341,26.855796,2.057471,30.000000,0.682171
0.052632,0.697394,1.265306,30.000000,1.766082,19.000000,0.558559
0.076923,0.224036,1.790698,29.982518,1.763077,26.000000,0.641667
0.076923,0.007874,1.565217,30.000000,1.761905,15.000000,0.610169
0.076923,0.007874,3.285714,30.000000,1.782051,13.000000,0.766667
0.076923,0.683795,2.571429,30.000000,1.538462,13.000000,0.720000
0.076923,0.684987,1.551724,21.635557,1.784314,18.000000,0.608108
0.125000,0.684987,1.551724,21.635557,1.784314,18.000000,0.608108
0.125000,0.007752,3.200000,26.392342,1.428571,8.000000,0.761905
0.250000,0.334353,2.192308,27.390150,1.900000,21.000000,0.686747
0.250000,1.000000,2.192308,27.390150,1.900000,21.000000,0.686747
0.100000,0.826854,4.600000,30.000000,1.533333,10.000000,0.821429
0.066667,1.000000,5.400000,30.000000,2.161905,15.000000,0.843750
0.066667,0.176562,1.578947,24.553811,1.789474,20.000000,0.612245
0.066667,0.176562,1.578947,24.553811,1.789474,20.000000,0.612245
0.066667,1.000000,5.400000,30.000000,2.161905,15.000000,0.843750
0.100000,0.015625,3.800000,27.894682,1.711111,10.000000,0.791667
0.200000,0.547451,1.178571,30.000000,1.692308,13.000000,0.540984
0.200000,0.547451,1.178571,30.000000,1.692308,13.000000,0.540984
0.200000,0.547451,1.178571,30.000000,1.692308,13.000000,0.540984
0.133333,0.964229,1.440000,28.731890,2.048469,49.000000,0.590164
0.133333,0.090348,1.756757,30.000000,1.380952,15.000000,0.637255
0.250000,0.265319,1.555556,28.940691,1.994152,19.000000,0.608696
0.166667,1.000000,2.000000,29.733337,1.846154,13.000000,0.666667
0.125000,0.688373,1.666667,22.500000,1.464286,8.000000,0.625000
0.125000,0.003891,1.923077,30.000000,1.488889,10.000000,0.657895
0.200000,0.032000,2.333333,30.000000,1.300000,5.000000,0.700000
0.111111,1.000000,1.833333,30.000000,1.975369,29.000000,0.647059
0.071429,0.433095,1.869565,28.758279,2.082468,56.000000,0.651515
0.071429,0.003861,1.645161,29.782936,1.761905,28.000000,0.621951
0.250000,0.764510,4.058824,29.581989,1.752381,21.000000,0.802326
0.100000,0.007752,1.804878,29.787464,1.962963,27.000000,0.643478
0.100000,0.712406,1.545455,21.187388,1.622222,10.000000,0.607143
0.142857,1.000000,1.625000,29.651592,1.782051,13.000000,0.619048
0.166667,0.015625,1.600000,30.000000,1.758333,16.000000,0.615385
0.166667,0.015625,1.600000,30.000000,1.758333,16.000000,0.615385
0.058824,0.365079,1.141026,23.639122,2.038306,32.000000,0.532934
0.052632,0.122413,2.750000,30.000000,1.823333,25.000000,0.733333
0.052632,0.803836,1.444444,30.000000,1.904762,21.000000,0.590909
0.047619,0.682705,1.717949,27.500000,1.844203,24.000000,0.632075
0.166667,0.486573,1.833333,30.000000,1.266667,6.000000,0.647059
0.166667,0.425733,3.090909,29.703845,1.809524,22.000000,0.755556
0.200000,1.000000,2.176471,30.000000,1.659341,14.000000,0.685185
0.071429,0.065527,1.540000,23.940710,2.110994,44.000000,0.606299
0.058824,1.000000,1.405405,30.000000,1.691176,17.000000,0.584270
0.058824,1.000000,1.405405,30.000000,1.691176,17.000000,0.584270
0.111111,0.830663,1.137931,30.000000,1.692308,13.000000,0.532258
0.058824,1.000000,1.405405,30.000000,1.691176,17.000000,0.584270
0.090909,0.705944,2.866667,29.954838,1.700000,16.000000,0.741379
0.125000,0.049260,2.600000,30.000000,1.444444,10.000000,0.722222
0.050000,1.000000,1.872340,30.000000,1.975369,29.000000,0.651852
0.111111,0.830663,1.137931,30.000000,1.692308,13.000000,0.532258
0.047619,0.133985,1.674419,30.000000,1.657143,21.000000,0.626087
0.047619,0.038845,3.137931,29.994100,2.147126,30.000000,0.758333
0.250000,0.534019,1.692308,30.000000,1.798419,23.000000,0.628571
0.250000,0.534019,1.692308,30.000000,1.798419,23.000000,0.628571
0.166667,0.448446,1.756098,30.000000,1.793478,24.000000,0.637168
0.047619,0.133985,1.674419,30.000000,1.657143,21.000000,0.626087
0.047619,0.038845,3.137931,29.994100,2.147126,30.000000,0.758333
0.047619,0.038845,3.137931,29.994100,2.147126,30.000000,0.758333
0.047619,0.133985,1.674419,30.000000,1.657143,21.000000,0.626087
0.166667,0.448446,1.756098,30.000000,1.793478,24.000000,0.637168
0.250000,0.534019,1.692308,30.000000,1.798419,23.000000,0.628571
0.166667,0.448446,1.756098,30.000000,1.793478,24.000000,0.637168
0.040000,1.000000,1.500000,17.280060,2.030000,25.000000,0.600000
0.040000,0.174647,2.300000,28.571824,2.024024,37.000000,0.696970
0.071429,0.337459,2.306122,28.951945,1.998413,36.000000,0.697531
0.071429,0.052941,2.176471,27.857143,1.681319,14.000000,0.685185
0.038462,0.977997,1.800000,18.168161,1.870769,26.000000,0.642857
0.038462,0.840081,2.477273,29.018768,1.939394,33.000000,0.712418
0.038462,0.828399,2.083333,29.927010,2.021390,34.000000,0.675676
0.052632,0.738395,2.333333,29.587508,1.926923,40.000000,0.700000
0.052632,0.972354,2.571429,25.533606,2.456667,25.000000,0.720000
0.090909,0.414761,2.285714,7.974736,2.181818,23.000000,0.695652
0.090909,1.000000,2.500000,29.971216,2.264822,23.000000,0.714286
0.250000,0.813922,1.724138,29.189222,2.264822,23.000000,0.632911
0.052632,0.738395,2.333333,29.587508,1.926923,40.000000,0.700000
0.052632,1.000000,2.571429,25.533606,2.456667,25.000000,0.720000
0.166667,1.000000,2.217391,30.000000,2.297101,24.000000,0.689189
0.090909,0.414761,2.285714,7.974736,2.181818,23.000000,0.695652
0.090909,1.000000,2.500000,29.971216,2.264822,23.000000,0.714286
0.166667,1.000000,2.217391,30.000000,2.297101,24.000000,0.689189
0.055556,0.778268,2.631579,29.748372,1.732026,18.000000,0.724638
0.055556,0.756734,1.516129,30.000000,2.057143,21.000000,0.602564
0.250000,1.000000,1.724138,29.189222,2.264822,23.000000,0.632911
0.055556,1.000000,1.516129,30.000000,2.057143,21.000000,0.602564
0.055556,0.778268,2.631579,29.748372,1.732026,18.000000,0.724638
0.111111,0.216208,2.115385,28.951917,2.039855,24.000000,0.679012
0.142857,0.269664,2.200000,30.000000,1.476190,7.000000,0.687500
0.142857,0.392610,2.777778,30.000000,1.618182,11.000000,0.735294
0.250000,0.501109,5.166667,29.188176,1.756410,13.000000,0.837838
0.200000,0.124939,3.333333,30.000000,1.000000,5.000000,0.769231
0.250000,0.501109,5.166667,29.188176,1.756410,13.000000,0.837838
0.200000,0.526595,3.333333,30.000000,1.000000,5.000000,0.769231
0.055556,0.340124,2.600000,28.626845,2.230108,31.000000,0.722222
0.100000,1.000000,1.789474,29.759235,1.564103,13.000000,0.641509
0.090909,0.771961,1.923077,30.000000,1.545455,11.000000,0.657895
0.090909,0.303499,1.781250,24.915935,1.883117,22.000000,0.640449
0.023256,0.003802,3.222222,29.795246,1.945922,48.000000,0.763158
0.023256,1.000000,1.340000,21.498192,2.023256,43.000000,0.572650
0.038462,0.109729,1.902439,25.432450,1.932308,26.000000,0.655462
0.038462,0.109729,1.902439,25.432450,1.932308,26.000000,0.655462
0.047619,1.000000,1.340000,21.498192,2.023256,43.000000,0.572650
0.047619,0.003802,1.636364,29.866586,1.771429,21.000000,0.620690
0.142857,0.003891,3.000000,25.334348,1.622222,10.000000,0.750000
0.250000,0.279003,1.818182,26.069507,1.935065,22.000000,0.645161
0.083333,1.000000,1.928571,30.000000,1.590909,12.000000,0.658537
0.083333,0.939933,3.156250,28.146816,2.261905,36.000000,0.759398
0.083333,1.000000,1.928571,30.000000,1.590909,12.000000,0.658537
0.083333,0.939933,3.156250,28.146816,2.261905,36.000000,0.759398
0.250000,1.000000,1.818182,26.069507,1.935065,22.000000,0.645161
0.083333,1.000000,2.250000,30.000000,1.590909,12.000000,0.692308
0.083333,0.974760,3.156250,28.146816,2.261905,36.000000,0.759398
0.083333,1.000000,1.928571,30.000000,1.590909,12.000000,0.658537
0.142857,0.933029,1.310811,28.027240,2.106952,34.000000,0.567251
0.071429,0.045397,2.111111,27.857143,1.615385,14.000000,0.678571
0.071429,0.011494,3.090909,29.077343,1.626374,14.000000,0.755556
0.083333,0.737200,3.428571,30.000000,1.833333,12.000000,0.774194
0.083333,0.737200,3.428571,30.000000,1.833333,12.000000,0.774194
0.200000,0.303193,1.674699,29.950982,2.085934,67.000000,0.626126
0.052632,0.468653,1.433962,29.233333,2.026263,45.000000,0.589147
0.111111,0.999999,1.928571,28.603669,1.581818,11.000000,0.658537
0.111111,0.481314,1.777778,30.000000,1.973333,25.000000,0.640000
0.142857,1.000000,1.809524,17.978485,1.683333,16.000000,0.644068
0.090909,0.208200,3.200000,27.975242,1.647059,17.000000,0.761905
0.142857,0.109566,1.900000,30.000000,1.577778,10.000000,0.655172
0.142857,0.038264,1.625000,25.714286,1.380952,7.000000,0.619048
0.125000,1.000000,3.000000,27.873999,1.670330,14.000000,0.750000
0.125000,0.422494,1.736842,23.755532,1.752381,15.000000,0.634615
0.055556,0.426147,1.593750,17.850717,1.731579,20.000000,0.614458
0.090909,0.097117,4.500000,27.649634,1.657895,20.000000,0.818182
0.100000,0.007937,1.833333,30.000000,1.533333,10.000000,0.647059
0.090909,0.318969,1.382979,23.795727,1.892308,26.000000,0.580357
0.090909,0.489107,1.250000,19.508797,1.618182,11.000000,0.555556
0.076923,1.000000,2.640000,29.931824,1.689474,20.000000,0.725275
0.142857,0.690684,2.250000,27.696901,1.978261,24.000000,0.692308
0.125000,0.000000,1.875000,26.355604,1.464286,8.000000,0.652174
0.125000,0.344045,2.000000,29.649787,1.500000,8.000000,0.666667
0.111111,0.312828,1.773585,24.768619,2.034091,33.000000,0.639456
0.111111,0.187935,1.733333,29.758931,1.277778,9.000000,0.634146
0.166667,1.000000,2.000000,26.003566,1.895238,15.000000,0.666667
0.090909,1.000000,2.000000,28.573847,1.895238,15.000000,0.666667
0.090909,0.006833,1.083333,27.272727,1.618182,11.000000,0.520000
0.055556,0.145310,2.000000,28.459920,1.934641,18.000000,0.666667
0.055556,0.107164,1.722222,27.366724,1.905747,30.000000,0.632653
0.090909,0.550542,2.000000,30.000000,1.515152,12.000000,0.666667
0.058824,0.107164,1.722222,27.366724,1.905747,30.000000,0.632653
0.058824,0.033671,3.285714,28.433317,1.713235,17.000000,0.766667
0.052632,0.968898,2.166667,30.000000,2.239130,24.000000,0.684211
0.052632,0.000000,2.130435,30.000000,1.865497,19.000000,0.680556
0.142857,1.000000,1.500000,19.305369,1.666667,9.000000,0.600000
0.052632,0.000000,2.130435,30.000000,1.865497,19.000000,0.680556
0.052632,1.000000,2.166667,30.000000,2.239130,24.000000,0.684211
0.076923,0.367752,2.500000,25.680960,1.666667,13.000000,0.714286
0.076923,1.000000,3.029412,29.237574,1.770000,25.000000,0.751825
0.041667,0.002829,1.659574,25.143485,1.903134,27.000000,0.624000
0.041667,1.000000,3.548387,27.248892,1.868946,27.000000,0.780142
0.111111,0.877346,2.272727,30.000000,1.305556,9.000000,0.694444
0.111111,1.000000,3.971429,29.238735,1.827586,30.000000,0.798851
0.100000,1.000000,1.075000,25.730952,1.921569,18.000000,0.518072
0.083333,1.000000,1.733333,24.527020,1.606061,12.000000,0.634146
0.200000,0.510041,3.818182,27.724267,1.704762,15.000000,0.792453
0.033333,0.226302,3.333333,29.691833,1.990805,30.000000,0.769231
0.055556,0.667225,3.071429,27.385380,1.771242,18.000000,0.754386
0.125000,0.751464,1.666667,26.250000,1.285714,8.000000,0.625000
0.125000,0.751464,1.666667,26.250000,1.285714,8.000000,0.625000
0.058824,0.114268,1.702703,20.820856,2.000000,25.000000,0.630000
0.125000,0.186792,2.666667,28.360042,2.122333,38.000000,0.727273
0.125000,0.739176,1.416667,30.000000,1.428571,8.000000,0.586207
0.090909,1.000000,1.947368,30.000000,1.962963,27.000000,0.660714
0.090909,1.000000,1.352941,22.768955,1.654545,11.000000,0.575000
0.125000,0.790982,1.265306,30.000000,1.766082,19.000000,0.558559
0.166667,0.004182,1.409091,30.000000,1.978408,39.000000,0.584906
0.111111,1.000000,1.900000,30.000000,1.527778,9.000000,0.655172
0.142857,0.781628,2.326733,27.740102,2.514079,73.000000,0.699405
0.166667,0.004182,1.409091,30.000000,1.978408,39.000000,0.584906
0.142857,0.781628,2.326733,27.740102,2.514079,73.000000,0.699405
0.090909,1.000000,2.333333,29.934309,1.690909,11.000000,0.700000
0.090909,1.000000,2.437500,24.999341,1.657143,15.000000,0.709091
0.166667,1.000000,1.075000,25.730952,1.921569,18.000000,0.518072
0.111111,0.751054,2.125000,30.000000,1.583333,9.000000,0.680000
0.111111,0.291862,3.800000,27.100000,1.666667,10.000000,0.791667
0.071429,0.570026,1.485714,24.677707,1.800000,20.000000,0.597701
0.071429,0.644805,2.375000,29.951827,1.714286,15.000000,0.703704
0.125000,1.000000,3.200000,30.000000,1.428571,8.000000,0.761905
0.125000,0.570026,1.485714,24.677707,1.800000,20.000000,0.597701
0.125000,0.479207,2.250000,30.000000,1.647619,15.000000,0.692308
0.125000,0.479207,2.250000,30.000000,1.647619,15.000000,0.692308
0.043478,0.104238,2.500000,29.294204,1.919328,35.000000,0.714286
0.047619,0.130767,1.938462,29.917193,2.204813,63.000000,0.659686
0.047619,0.659968,1.365854,27.961329,1.880952,21.000000,0.577320
0.250000,1.000000,1.803922,10.784395,1.876847,29.000000,0.643357
0.250000,0.748948,4.000000,30.000000,1.333333,4.000000,0.800000
0.052632,1.000000,1.529412,29.122185,1.766082,19.000000,0.604651
0.047619,0.494081,2.128205,30.000000,1.907407,28.000000,0.680328
0.047619,0.659968,1.365854,27.961329,1.880952,21.000000,0.577320
0.071429,1.000000,1.803922,10.784395,1.876847,29.000000,0.643357
0.071429,0.004149,1.772727,22.652024,1.571429,14.000000,0.639344
0.250000,1.000000,1.803922,10.784395,1.876847,29.000000,0.643357
0.250000,0.748948,4.000000,30.000000,1.333333,4.000000,0.800000
0.052632,1.000000,1.529412,29.122185,1.766082,19.000000,0.604651
0.034483,1.000000,1.803922,10.784395,1.876847,29.000000,0.643357
0.034483,0.579456,2.757576,28.306947,1.965591,31.000000,0.733871
0.090909,0.671679,2.125000,19.172800,1.690909,11.000000,0.680000
0.090909,0.547704,1.504587,30.000000,2.006803,49.000000,0.600733
0.090909,0.547704,1.504587,30.000000,2.006803,49.000000,0.600733
0.090909,0.885614,2.326733,27.740102,2.514079,73.000000,0.699405
0.090909,0.885614,2.326733,27.740102,2.514079,73.000000,0.699405
0.142857,0.924790,1.243590,30.000000,2.106952,34.000000,0.554286
0.083333,0.836395,3.857143,28.494801,1.727273,12.000000,0.794118
0.083333,0.575840,2.437500,30.000000,1.864615,26.000000,0.709091
0.142857,0.890895,4.000000,24.536073,1.238095,7.000000,0.800000
0.142857,0.838758,1.442105,24.096835,2.298551,46.000000,0.590517
0.166667,1.000000,8.000000,30.000000,1.594737,20.000000,0.888889
0.166667,1.000000,8.000000,30.000000,1.594737,20.000000,0.888889
0.111111,0.077566,1.804348,30.000000,1.907407,28.000000,0.643411
0.111111,0.218495,7.500000,22.038574,1.833333,9.000000,0.882353
0.111111,1.000000,1.365385,23.483003,1.883191,27.000000,0.577236
0.125000,0.242688,1.555556,26.250000,1.535714,8.000000,0.608696
0.090909,0.514765,1.437500,30.000000,1.618182,11.000000,0.589744
0.090909,0.004149,5.333333,30.000000,1.515152,12.000000,0.842105
0.200000,0.322061,2.225806,7.634967,1.780952,21.000000,0.690000
0.200000,0.315903,2.225806,7.634967,1.780952,21.000000,0.690000
0.047619,0.235256,2.375000,12.336596,1.861905,21.000000,0.703704
0.047619,0.259789,2.375000,12.336596,1.861905,21.000000,0.703704
0.142857,0.134563,1.714286,3.906021,1.476190,7.000000,0.631579
0.142857,0.084619,2.631579,12.658533,1.862434,28.000000,0.724638
0.142857,0.085551,2.631579,12.658533,1.862434,28.000000,0.724638
0.142857,0.134563,1.714286,3.906021,1.476190,7.000000,0.631579
0.166667,0.145729,2.409091,13.994403,1.857143,29.000000,0.706667
0.166667,0.141587,2.409091,13.994403,1.857143,29.000000,0.706667
0.142857,0.375352,1.714286,3.906021,1.476190,7.000000,0.631579
0.076923,0.337982,2.517241,12.782145,1.991453,27.000000,0.715686
0.076923,0.251781,2.071429,5.998276,1.666667,13.000000,0.674419
0.076923,0.330777,2.517241,12.782145,1.991453,27.000000,0.715686
0.076923,0.251781,2.071429,5.998276,1.666667,13.000000,0.674419
0.250000,0.127961,2.240741,17.816727,1.800000,30.000000,0.691429
0.250000,0.125675,2.240741,17.816727,1.800000,30.000000,0.691429
0.166667,0.647640,3.833333,0.827083,1.742424,12.000000,0.793103
0.200000,0.853080,1.666667,2.930747,1.000000,5.000000,0.625000
0.200000,0.934615,6.153846,2.225558,2.317734,29.000000,0.860215
0.200000,0.742371,1.571429,1.479271,1.266667,6.000000,0.611111
0.200000,0.498359,2.692308,1.445125,1.666667,15.000000,0.729167
0.166667,0.060288,2.296296,15.633764,1.901515,33.000000,0.696629
0.166667,0.373347,1.833333,5.646194,1.266667,6.000000,0.647059
0.200000,0.120649,2.631579,12.658533,1.862434,28.000000,0.724638
0.166667,0.711674,2.250000,2.842599,1.712121,12.000000,0.692308
0.166667,0.934615,6.153846,2.225558,2.317734,29.000000,0.860215
0.200000,0.106952,2.631579,12.658533,1.862434,28.000000,0.724638
0.166667,0.373347,1.833333,5.646194,1.266667,6.000000,0.647059
0.166667,0.047176,2.296296,15.633764,1.901515,33.000000,0.696629
0.142857,0.456645,2.142857,11.376454,1.583333,9.000000,0.681818
0.142857,0.567146,1.714286,3.177241,1.476190,7.000000,0.631579
0.111111,0.131222,2.100000,8.694403,1.781818,11.000000,0.677419
0.111111,0.319467,2.666667,4.116624,1.611111,9.000000,0.727273
0.111111,0.319467,2.666667,4.116624,1.611111,9.000000,0.727273
0.111111,0.181102,2.100000,8.694403,1.781818,11.000000,0.677419
0.125000,0.059377,3.200000,3.375809,1.428571,8.000000,0.761905
0.125000,0.319467,2.666667,4.116624,1.611111,9.000000,0.727273
0.181818,0.586912,2.000000,16.051444,1.727273,11.000000,0.666667
0.181818,0.595380,2.000000,16.051444,1.727273,11.000000,0.666667
0.250000,0.658493,2.846154,16.562620,1.904412,17.000000,0.740000
0.250000,0.801838,3.000000,7.191342,1.000000,4.000000,0.750000
0.250000,0.801838,3.000000,7.191342,1.000000,4.000000,0.750000
0.250000,0.656589,2.846154,16.562620,1.904412,17.000000,0.740000
0.100000,0.694324,2.642857,19.486562,1.904412,17.000000,0.725490
0.200000,0.707841,4.250000,7.085973,1.611111,9.000000,0.809524
0.200000,0.136805,3.500000,5.960900,1.300000,5.000000,0.777778
0.100000,0.692803,2.642857,19.486562,1.904412,17.000000,0.725490
0.100000,0.047619,1.800000,9.659054,1.688889,10.000000,0.642857
0.100000,0.047619,1.800000,9.659054,1.688889,10.000000,0.642857
0.100000,0.371920,3.000000,6.143274,1.577778,10.000000,0.750000
0.100000,0.371920,3.000000,6.143274,1.577778,10.000000,0.750000
0.166667,0.288372,4.500000,4.868429,1.466667,6.000000,0.818182
0.166667,0.824818,4.500000,5.938441,1.400000,6.000000,0.818182
0.125000,0.056570,2.000000,11.777915,1.500000,8.000000,0.666667
0.166667,0.093096,1.750000,9.803868,1.533333,10.000000,0.636364
0.166667,0.552795,3.000000,7.949397,1.400000,6.000000,0.750000
0.250000,0.739618,1.875000,12.019830,1.727273,11.000000,0.652174
0.200000,0.856019,2.625000,10.567952,1.781818,11.000000,0.724138
0.200000,0.900953,2.625000,10.567952,1.781818,11.000000,0.724138
0.250000,0.141494,4.000000,7.147801,1.533333,6.000000,0.800000
0.250000,0.167591,2.000000,9.749284,1.876190,15.000000,0.666667
0.200000,0.242234,2.600000,9.082822,1.428571,7.000000,0.722222
0.055556,0.086895,1.576923,13.989903,1.954248,18.000000,0.611940
0.055556,0.097299,1.322581,14.865733,1.888889,19.000000,0.569444
0.055556,0.076385,1.322581,14.865733,1.888889,19.000000,0.569444
0.055556,0.086895,1.576923,13.989903,1.954248,18.000000,0.611940
0.125000,0.431262,2.200000,13.049618,1.761905,15.000000,0.687500
0.062500,0.421663,3.500000,13.478617,1.866667,16.000000,0.777778
0.062500,0.086895,1.576923,13.989903,1.954248,18.000000,0.611940
0.166667,0.041667,2.200000,15.285102,1.266667,6.000000,0.687500
0.200000,0.019536,1.714286,3.177241,1.476190,7.000000,0.631579
0.125000,0.205721,3.750000,12.813737,1.500000,8.000000,0.789474
0.125000,0.085401,1.322581,14.865733,1.888889,19.000000,0.569444
0.200000,0.746245,1.875000,13.743394,1.500000,8.000000,0.652174
0.200000,0.007086,1.166667,15.481226,1.847953,19.000000,0.538462
0.200000,0.011997,1.166667,15.481226,1.847953,19.000000,0.538462
0.125000,0.083426,1.322581,14.865733,1.888889,19.000000,0.569444
0.125000,0.205721,3.750000,12.813737,1.500000,8.000000,0.789474
0.083333,1.000000,1.562500,16.491004,1.621212,12.000000,0.609756
0.083333,0.114306,1.441176,14.364879,1.968421,20.000000,0.590361
0.083333,0.455328,1.562500,16.491004,1.621212,12.000000,0.609756
0.083333,0.114306,1.441176,14.364879,1.968421,20.000000,0.590361
0.083333,0.105304,4.083333,17.896053,1.533333,15.000000,0.803279
0.083333,1.000000,1.562500,16.491004,1.621212,12.000000,0.609756
0.083333,0.114306,1.441176,14.364879,1.968421,20.000000,0.590361
0.083333,0.497104,1.562500,16.491004,1.621212,12.000000,0.609756
0.200000,0.935303,1.750000,13.465301,1.300000,5.000000,0.636364
0.200000,0.567236,1.666667,8.223146,1.523810,7.000000,0.625000
0.083333,0.464786,1.166667,15.481226,1.847953,19.000000,0.538462
0.083333,0.014723,4.181818,16.525976,1.700000,16.000000,0.807018
0.083333,1.000000,1.562500,16.491004,1.621212,12.000000,0.609756
0.083333,0.100374,4.083333,17.896053,1.533333,15.000000,0.803279
0.083333,0.037028,4.181818,16.525976,1.700000,16.000000,0.807018
0.083333,0.464786,1.166667,15.481226,1.847953,19.000000,0.538462
0.083333,0.014723,4.181818,16.525976,1.700000,16.000000,0.807018
0.083333,0.491750,1.166667,15.481226,1.847953,19.000000,0.538462
0.083333,0.037028,4.181818,16.525976,1.700000,16.000000,0.807018
0.083333,0.491750,1.166667,15.481226,1.847953,19.000000,0.538462
0.090909,0.079449,1.387097,14.814951,1.807018,19.000000,0.581081
0.090909,0.443163,1.588235,12.919182,1.545455,11.000000,0.613636
0.166667,0.443163,1.588235,12.919182,1.545455,11.000000,0.613636
0.166667,1.000000,1.666667,11.845960,1.333333,6.000000,0.625000
0.166667,1.000000,1.666667,10.953121,1.333333,6.000000,0.625000
0.166667,0.166035,1.571429,12.113129,1.266667,6.000000,0.611111
0.166667,0.461538,1.875000,13.743394,1.500000,8.000000,0.652174
0.142857,0.167663,2.428571,13.179117,1.190476,7.000000,0.708333
0.142857,0.416246,2.117647,10.924747,1.771429,15.000000,0.679245
0.062500,0.063623,4.000000,13.704897,1.907692,26.000000,0.800000
0.062500,1.000000,2.315789,5.352062,1.783333,16.000000,0.698413
0.166667,0.507692,1.875000,1.730294,1.000000,6.000000,0.652174
0.083333,0.015659,1.360000,14.648508,1.885714,15.000000,0.576271
0.083333,0.450198,2.263158,6.077952,1.527473,14.000000,0.693548
0.076923,0.201984,2.200000,13.049618,1.761905,15.000000,0.687500
0.062500,0.019669,2.388889,12.230973,1.741667,16.000000,0.704918
0.090909,0.362125,2.900000,10.691103,1.621212,12.000000,0.743590
0.142857,0.319648,2.125000,14.785541,1.190476,7.000000,0.680000
0.095238,0.130731,3.454545,12.662356,1.859649,19.000000,0.775510
0.142857,0.104661,1.514286,13.670623,1.698529,17.000000,0.602273
0.222222,0.232061,1.454545,15.304915,1.800000,20.000000,0.592593
0.100000,0.289212,2.888889,14.565423,1.444444,10.000000,0.742857
0.100000,0.134427,2.625000,11.515389,1.622222,10.000000,0.724138
0.090909,0.035124,1.191489,15.900308,1.884211,20.000000,0.543689
0.090909,0.214539,2.571429,17.501979,1.836364,11.000000,0.720000
0.058824,0.930127,3.192308,16.008080,1.809195,30.000000,0.761468
0.058824,0.132886,2.350000,18.047376,1.764706,17.000000,0.701493
0.052632,0.926205,3.111111,16.885032,1.921371,32.000000,0.756757
0.052632,0.185519,1.511628,16.917914,1.690058,19.000000,0.601852
0.071429,0.476579,0.975610,18.056498,1.742857,15.000000,0.493827
0.100000,0.201882,2.125000,12.668027,1.711111,10.000000,0.680000
0.166667,0.168831,2.200000,16.310431,1.266667,6.000000,0.687500
0.125000,0.112767,1.442857,17.592158,1.966387,35.000000,0.590643
0.111111,0.168701,1.644737,17.725274,1.952767,39.000000,0.621891
0.111111,0.239089,1.714286,12.219287,1.666667,9.000000,0.631579
0.066667,0.483768,1.739130,17.793334,1.870000,25.000000,0.634921
0.142857,0.502320,2.500000,23.276940,1.511111,10.000000,0.714286
0.142857,0.411929,1.888889,16.455505,1.190476,7.000000,0.653846
0.142857,0.308858,2.500000,23.276940,1.511111,10.000000,0.714286
0.142857,0.411929,1.888889,16.455505,1.190476,7.000000,0.653846
0.142857,0.411929,1.888889,16.455505,1.190476,7.000000,0.653846
0.142857,0.510836,2.500000,23.276940,1.511111,10.000000,0.714286
0.111111,0.105935,0.972973,21.604628,2.018462,26.000000,0.493151
0.200000,0.400000,8.000000,3.757553,1.200000,5.000000,0.888889
0.200000,0.276484,3.400000,9.574647,1.966667,16.000000,0.772727
0.111111,0.236295,1.442857,17.592158,1.966387,35.000000,0.590643
0.125000,0.020791,1.589744,14.422569,1.730994,19.000000,0.613861
0.200000,0.249101,2.000000,12.846564,1.743590,13.000000,0.666667
0.066667,0.515758,1.913043,10.099224,1.977823,32.000000,0.656716
0.076923,0.086957,1.366667,28.478163,1.500000,13.000000,0.577465
0.076923,0.088460,1.366667,28.478163,1.500000,13.000000,0.577465
0.076923,0.089494,1.366667,28.478163,1.500000,13.000000,0.577465
0.032258,0.653818,1.913043,10.099224,1.977823,32.000000,0.656716
0.032258,0.269967,1.458824,21.291168,1.834409,31.000000,0.593301
0.066667,0.084068,1.770270,22.233310,1.802151,31.000000,0.639024
0.200000,0.301269,8.000000,11.669326,1.200000,5.000000,0.888889
0.200000,0.204677,5.000000,12.443601,1.957895,20.000000,0.833333
0.066667,0.208301,2.108696,12.444693,1.983957,34.000000,0.678322
0.142857,0.367280,2.200000,14.922556,1.476190,7.000000,0.687500
0.142857,0.001984,0.942529,22.457299,2.049261,29.000000,0.485207
0.058824,0.117075,1.191489,15.900308,1.884211,20.000000,0.543689
0.058824,0.425750,1.551724,20.959872,1.823529,17.000000,0.608108
0.200000,0.252367,1.000000,20.264911,2.000000,25.000000,0.500000
0.083333,0.346298,1.588235,17.532966,1.590909,12.000000,0.613636
0.125000,0.165908,2.857143,20.560026,1.285714,8.000000,0.740741
0.125000,0.141888,1.163265,22.524301,1.804762,21.000000,0.537736
0.090909,0.309111,3.714286,11.345385,1.581818,11.000000,0.787879
0.117647,0.683245,1.318182,15.081477,1.916667,24.000000,0.568627
0.117647,0.635271,2.800000,13.910261,1.527273,11.000000,0.736842
0.047619,0.118069,1.163265,22.524301,1.804762,21.000000,0.537736
0.125000,0.165908,2.857143,20.560026,1.285714,8.000000,0.740741
0.125000,0.113100,1.163265,22.524301,1.804762,21.000000,0.537736
0.047619,0.113100,1.163265,22.524301,1.804762,21.000000,0.537736
0.200000,0.550784,2.089552,22.333205,1.796371,32.000000,0.676329
0.086957,0.250341,1.000000,24.974531,2.049261,29.000000,0.500000
0.066667,0.056604,2.230769,17.130981,1.723810,15.000000,0.690476
0.066667,0.550784,2.089552,22.333205,1.796371,32.000000,0.676329
0.166667,0.760768,1.458824,20.821765,1.834409,31.000000,0.593301
0.166667,0.934357,1.571429,10.003381,1.266667,6.000000,0.611111
0.125000,0.165908,2.857143,20.560026,1.285714,8.000000,0.740741
0.125000,0.118069,1.163265,22.524301,1.804762,21.000000,0.537736
0.047619,0.141888,1.163265,22.524301,1.804762,21.000000,0.537736
0.100000,0.025527,1.823529,25.936764,1.436364,11.000000,0.645833
0.100000,0.625284,1.533333,14.528625,1.488889,10.000000,0.605263
0.100000,0.021971,1.278689,22.613915,2.010000,25.000000,0.561151
0.100000,0.625284,1.533333,14.528625,1.488889,10.000000,0.605263
0.100000,0.036440,1.407407,24.081211,1.818182,23.000000,0.584615
0.111111,0.450538,1.600000,18.111432,1.589744,13.000000,0.615385
0.111111,0.103448,1.857143,11.808614,1.638889,9.000000,0.650000
0.058824,0.327516,2.435897,12.592375,1.975379,33.000000,0.708955
0.083333,0.133801,1.777778,24.628796,1.530303,12.000000,0.640000
0.250000,0.913504,1.800000,14.680718,1.400000,6.000000,0.642857
0.250000,0.449023,2.500000,19.864578,1.166667,4.000000,0.714286
0.071429,1.000000,1.877193,8.863225,2.058730,36.000000,0.652439
0.071429,0.291215,1.516129,29.603696,1.505495,14.000000,0.602564
0.038462,1.000000,1.877193,8.863225,2.058730,36.000000,0.652439
0.038462,0.021277,1.900000,17.304965,1.969231,26.000000,0.655172
0.083333,1.000000,1.877193,8.863225,2.058730,36.000000,0.652439
0.083333,0.215138,4.285714,16.261574,1.606061,12.000000,0.810811
0.071429,1.000000,1.877193,8.863225,2.058730,36.000000,0.652439
0.071429,0.315947,1.516129,29.603696,1.505495,14.000000,0.602564
0.071429,1.000000,1.877193,8.863225,2.058730,36.000000,0.652439
0.071429,0.285748,1.516129,29.603696,1.505495,14.000000,0.602564
0.071429,0.182452,1.516129,28.071429,1.505495,14.000000,0.602564
0.071429,0.165600,2.551724,12.798173,1.894928,24.000000,0.718447
0.071429,0.159246,1.516129,28.071429,1.505495,14.000000,0.602564
0.071429,0.165600,2.551724,12.798173,1.894928,24.000000,0.718447
0.250000,0.049812,1.593023,24.143225,2.007937,36.000000,0.614350
0.043478,0.310640,1.407407,24.081211,1.818182,23.000000,0.584615
0.043478,0.165600,2.551724,12.798173,1.894928,24.000000,0.718447
0.166667,0.270584,1.782609,24.803293,1.890000,25.000000,0.640625
0.071429,0.161303,1.516129,28.071429,1.505495,14.000000,0.602564
0.071429,0.165600,2.551724,12.798173,1.894928,24.000000,0.718447
0.200000,0.464573,1.900000,16.683593,1.969231,26.000000,0.655172
0.200000,0.137480,1.875000,19.986139,1.583333,9.000000,0.652174
0.111111,0.347168,2.833333,18.278029,2.090909,11.000000,0.739130
0.058824,0.125070,2.108434,23.456302,1.994286,50.000000,0.678295
0.074074,0.110908,1.379310,24.671759,1.833333,24.000000,0.579710
0.047619,0.689159,0.965517,16.436881,1.861905,21.000000,0.491228
0.047619,0.144370,1.727273,24.262000,1.946237,31.000000,0.633333
0.111111,0.263040,2.142857,14.376204,1.933333,25.000000,0.681818
0.111111,0.480352,1.600000,18.716339,1.589744,13.000000,0.615385
0.142857,0.739861,0.965517,18.091209,1.861905,21.000000,0.491228
0.066667,0.006289,1.500000,28.951234,1.504762,15.000000,0.600000
0.066667,0.568732,2.758621,18.472980,1.916923,26.000000,0.733945
0.066667,0.005650,1.500000,28.951234,1.504762,15.000000,0.600000
0.066667,0.568732,2.758621,18.472980,1.916923,26.000000,0.733945
0.038462,0.017322,1.216867,23.870459,1.914943,30.000000,0.548913
0.038462,0.568732,2.758621,18.472980,1.916923,26.000000,0.733945
0.066667,0.005917,1.500000,28.951234,1.504762,15.000000,0.600000
0.066667,0.568732,2.758621,18.472980,1.916923,26.000000,0.733945
0.055556,0.078923,2.745455,18.725831,2.113784,47.000000,0.733010
0.055556,0.258961,2.240000,15.735780,1.758170,18.000000,0.691358
0.083333,0.125711,1.882353,13.568860,1.515152,12.000000,0.653061
0.083333,0.289084,1.303030,23.473840,1.990769,26.000000,0.565789
0.071429,0.258848,1.202381,24.232031,1.914943,30.000000,0.545946
0.117647,0.880517,1.551724,11.325308,1.801471,17.000000,0.608108
0.117647,0.232081,1.771084,21.030726,1.992929,45.000000,0.639130
0.125000,0.476859,1.666667,18.246081,1.849231,26.000000,0.625000
0.125000,0.009009,2.425000,18.777253,2.245989,34.000000,0.708029
0.142857,0.553204,1.888889,15.558760,1.190476,7.000000,0.653846
0.142857,0.353267,2.388889,12.230973,1.741667,16.000000,0.704918
0.200000,0.335455,2.425000,20.006351,2.245989,34.000000,0.708029
0.021277,0.111570,1.867347,25.454960,2.019594,53.000000,0.651246
0.021277,0.186058,2.745455,18.725831,2.113784,47.000000,0.733010
0.083333,0.343426,2.425000,18.777253,2.245989,34.000000,0.708029
0.083333,0.028934,1.647059,25.317647,1.778986,24.000000,0.622222
0.200000,0.367236,2.425000,20.006351,2.245989,34.000000,0.708029
0.083333,0.224612,2.300000,17.568616,1.651515,12.000000,0.696970
0.083333,0.537512,1.555556,20.672090,1.600000,15.000000,0.608696
0.090909,0.079638,1.590909,29.924494,1.363636,11.000000,0.614035
0.090909,0.009259,1.590909,29.924494,1.363636,11.000000,0.614035
0.037037,0.192363,1.460317,23.046133,1.874644,27.000000,0.593548
0.090909,0.013887,1.590909,29.924494,1.363636,11.000000,0.614035
0.142857,0.577839,3.526316,19.825150,2.169231,26.000000,0.779070
0.125000,0.644845,4.500000,19.309373,1.760870,24.000000,0.818182
0.111111,0.090208,1.858974,9.852488,2.171981,46.000000,0.650224
0.111111,0.527134,1.882353,5.419222,1.111111,9.000000,0.653061
0.125000,0.090208,1.858974,9.852488,2.171981,46.000000,0.650224
0.125000,0.065826,2.000000,8.995780,1.428571,8.000000,0.666667
0.125000,0.512529,1.016393,21.091551,1.848485,22.000000,0.504065
0.052632,0.402926,1.075758,26.143328,1.792208,22.000000,0.518248
0.052632,0.090208,1.858974,9.852488,2.171981,46.000000,0.650224
0.052632,0.090208,1.858974,9.852488,2.171981,46.000000,0.650224
0.052632,0.405706,1.075758,26.143328,1.792208,22.000000,0.518248
0.100000,0.090208,1.858974,9.852488,2.171981,46.000000,0.650224
0.100000,0.042033,2.571429,18.368026,1.710526,20.000000,0.720000
0.052632,0.402723,1.075758,26.143328,1.792208,22.000000,0.518248
0.052632,0.090208,1.858974,9.852488,2.171981,46.000000,0.650224
0.125000,0.007634,2.600000,14.242138,1.642857,8.000000,0.722222
0.125000,0.447853,1.666667,20.482137,1.464286,8.000000,0.625000
0.142857,0.121951,2.750000,16.304650,1.523810,7.000000,0.733333
0.142857,0.398140,1.073684,25.232168,1.833333,28.000000,0.517766
0.066667,0.680771,2.176471,21.322563,1.873518,23.000000,0.685185
0.040000,0.369008,1.406780,23.947833,1.860000,25.000000,0.584507
0.040000,0.723119,1.562500,23.977494,1.965909,33.000000,0.609756
0.040000,0.218446,1.372881,20.634122,1.920228,27.000000,0.578571
0.076923,0.580066,1.775510,25.502516,2.003659,41.000000,0.639706
0.076923,0.734057,1.611111,17.314959,1.653846,13.000000,0.617021
0.045455,0.628914,1.693182,24.264782,2.015647,38.000000,0.628692
0.045455,0.448875,1.016393,21.091551,1.848485,22.000000,0.504065
0.250000,0.679029,1.611765,23.536046,2.007937,36.000000,0.617117
0.111111,0.047619,2.000000,14.914223,1.500000,9.000000,0.666667
0.111111,0.124348,2.024390,14.378827,2.206275,51.000000,0.669355
0.052632,0.124348,2.024390,14.378827,2.206275,51.000000,0.669355
0.052632,0.035220,1.763158,29.956286,1.637427,19.000000,0.638095
0.052632,0.124348,2.024390,14.378827,2.206275,51.000000,0.669355
0.052632,0.036061,1.763158,29.956286,1.637427,19.000000,0.638095
0.052632,0.124348,2.024390,14.378827,2.206275,51.000000,0.669355
0.052632,0.035576,1.763158,29.956286,1.637427,19.000000,0.638095
0.083333,0.124348,2.024390,14.378827,2.206275,51.000000,0.669355
0.083333,0.144769,1.794872,9.405110,1.746377,24.000000,0.642202
0.090909,0.124348,2.024390,14.378827,2.206275,51.000000,0.669355
0.090909,0.049735,2.965517,21.354859,1.714286,22.000000,0.747826
0.166667,0.849732,3.714286,20.959732,2.179894,28.000000,0.787879
0.166667,0.176471,2.000000,14.957190,1.466667,6.000000,0.666667
0.166667,0.466667,2.000000,12.717963,1.466667,6.000000,0.666667
0.166667,0.336371,1.281250,20.964753,1.939153,28.000000,0.561644
0.041667,0.065346,1.794872,8.503104,1.746377,24.000000,0.642202
0.041667,0.236081,2.223684,23.831790,2.042553,48.000000,0.689796
0.111111,0.021277,1.800000,16.261167,1.500000,9.000000,0.642857
0.111111,0.422295,1.121622,22.622878,1.955665,29.000000,0.528662
0.076923,0.434551,2.593220,19.446492,2.139184,48.000000,0.721698
0.076923,0.089942,5.500000,22.968188,1.448718,13.000000,0.846154
0.100000,0.373521,1.304348,25.628181,1.707602,19.000000,0.566038
0.100000,0.073070,3.000000,24.606114,1.333333,10.000000,0.750000
0.052632,0.234549,1.662338,21.045882,1.923810,36.000000,0.624390
0.052632,0.034514,1.717949,30.000000,1.637427,19.000000,0.632075
0.142857,0.030808,1.847059,24.111307,1.876887,42.000000,0.648760
0.142857,0.015873,2.750000,20.825663,1.476190,7.000000,0.733333
0.250000,0.338671,1.468750,28.280357,1.505495,14.000000,0.594937
0.052632,0.234549,1.662338,21.045882,1.923810,36.000000,0.624390
0.052632,0.124651,1.717949,30.000000,1.637427,19.000000,0.632075
0.181818,0.923003,0.918919,17.484822,1.769231,14.000000,0.478873
0.181818,0.184739,1.529412,24.676355,1.618182,11.000000,0.604651
0.181818,0.171895,1.529412,24.676355,1.618182,11.000000,0.604651
0.181818,0.923003,0.918919,17.484822,1.769231,14.000000,0.478873
0.250000,0.238821,1.468750,28.280357,1.505495,14.000000,0.594937
0.100000,0.277638,1.304348,25.628181,1.707602,19.000000,0.566038
0.100000,0.073070,3.000000,24.606114,1.333333,10.000000,0.750000
0.052632,0.234549,1.662338,21.045882,1.923810,36.000000,0.624390
0.052632,0.053555,1.717949,30.000000,1.637427,19.000000,0.632075
0.250000,0.255280,1.468750,28.280357,1.505495,14.000000,0.594937
0.100000,0.296245,1.304348,25.628181,1.707602,19.000000,0.566038
0.100000,0.073070,3.000000,24.606114,1.333333,10.000000,0.750000
0.181818,0.923003,0.918919,17.484822,1.769231,14.000000,0.478873
0.181818,0.494103,1.529412,24.676355,1.618182,11.000000,0.604651
0.142857,0.180342,2.750000,20.252214,1.523810,7.000000,0.733333
0.142857,0.039326,1.125000,24.177463,1.842742,32.000000,0.529412
0.052632,0.701812,2.370370,16.343717,1.725146,19.000000,0.703297
0.052632,0.323161,1.750000,25.037330,1.778986,24.000000,0.636364
0.200000,0.255518,1.596491,25.610901,1.773333,25.000000,0.614865
0.200000,0.329268,1.750000,15.479448,1.300000,5.000000,0.636364
0.045455,0.071625,1.794872,8.503104,1.746377,24.000000,0.642202
0.045455,0.831485,2.965517,20.865124,1.714286,22.000000,0.747826
0.086957,0.732521,2.485714,21.949211,1.762846,23.000000,0.713115
0.086957,0.211319,2.047619,15.811487,2.213424,52.000000,0.671875
0.096774,0.856557,1.392405,25.008378,1.920430,31.000000,0.582011
0.111111,0.875178,2.047619,15.811487,2.213424,52.000000,0.671875
0.111111,0.131222,1.800000,17.761049,1.500000,9.000000,0.642857
0.142857,0.656399,1.482759,19.270665,1.560440,14.000000,0.597222
0.027027,0.875178,2.047619,15.811487,2.213424,52.000000,0.671875
0.027027,0.116279,2.029412,21.267877,1.912913,37.000000,0.669903
0.090909,0.656399,1.482759,19.270665,1.560440,14.000000,0.597222
0.090909,0.241497,2.100000,17.298262,1.654545,11.000000,0.677419
0.142857,0.746736,1.482759,19.270665,1.560440,14.000000,0.597222
0.080000,0.454772,1.825000,12.453402,1.756667,25.000000,0.646018
0.080000,0.875178,2.047619,15.811487,2.213424,52.000000,0.671875
0.142857,0.049896,1.900000,17.885563,1.600000,10.000000,0.655172
0.090909,0.746736,1.482759,19.270665,1.560440,14.000000,0.597222
0.090909,0.241497,2.100000,17.298262,1.654545,11.000000,0.677419
0.250000,0.252553,1.647059,25.317647,1.778986,24.000000,0.622222
0.166667,0.482181,1.120482,23.185015,1.969892,31.000000,0.528409
0.166667,0.023256,2.666667,20.632502,1.466667,6.000000,0.727273
0.111111,0.482181,1.120482,23.185015,1.969892,31.000000,0.528409
0.111111,0.014493,2.250000,21.539515,1.500000,9.000000,0.692308
0.050000,0.170910,1.744681,24.457915,1.888889,45.000000,0.635659
0.050000,0.539632,1.340426,20.793320,1.694737,20.000000,0.572727
0.090909,1.000000,1.514286,10.124130,1.770563,22.000000,0.602273
0.090909,0.156953,2.322581,21.506260,1.796537,22.000000,0.699029
0.090909,0.129623,3.420000,22.730533,2.098057,47.000000,0.773756
0.090909,0.535467,1.727273,19.106609,1.727273,11.000000,0.633333
0.285714,1.000000,2.083333,5.370516,1.305556,9.000000,0.675676
0.100000,0.388965,2.461538,18.975971,1.311111,10.000000,0.711111
0.100000,0.124178,1.747253,24.721759,1.879291,43.000000,0.636000
0.111111,1.000000,1.794872,8.503104,1.746377,24.000000,0.642202
0.111111,0.714867,2.600000,16.631541,1.277778,9.000000,0.722222
0.032258,0.030223,1.678571,21.532269,2.033827,44.000000,0.626667
0.032258,1.000000,2.968750,18.034779,1.903226,31.000000,0.748031
0.111111,1.000000,2.750000,14.269323,1.912698,28.000000,0.733333
0.111111,0.175841,1.800000,20.566568,1.500000,9.000000,0.642857
0.062500,1.000000,1.794872,8.503104,1.746377,24.000000,0.642202
0.062500,0.508150,3.785714,17.009039,1.608333,16.000000,0.791045
0.076923,0.458963,3.714286,20.959732,2.179894,28.000000,0.787879
0.076923,1.000000,1.794872,9.405110,1.746377,24.000000,0.642202
0.111111,0.257452,1.215190,23.751968,2.022727,33.000000,0.548571
0.111111,0.004455,1.662338,21.045882,1.923810,36.000000,0.624390
0.200000,0.771067,3.000000,9.897802,1.400000,5.000000,0.750000
0.125000,0.035116,1.972603,23.987261,1.913229,38.000000,0.663594
0.038462,0.086699,1.607143,23.045662,1.849231,26.000000,0.616438
0.038462,0.371164,1.875000,24.963463,1.939744,40.000000,0.652174
0.045455,0.237174,2.322581,21.506260,1.796537,22.000000,0.699029
0.045455,0.392434,1.972603,23.987261,1.913229,38.000000,0.663594
0.071429,0.261945,3.181818,24.518369,1.615385,14.000000,0.760870
0.071429,0.371164,1.875000,24.963463,1.939744,40.000000,0.652174
0.038462,0.086699,1.607143,23.045662,1.849231,26.000000,0.616438
0.038462,0.371164,1.875000,24.963463,1.939744,40.000000,0.652174
0.142857,0.990859,6.000000,8.274219,1.428571,7.000000,0.857143
0.038462,0.371164,1.875000,24.963463,1.939744,40.000000,0.652174
0.038462,0.086699,1.607143,23.045662,1.849231,26.000000,0.616438
0.142857,1.000000,2.400000,12.426226,1.476190,7.000000,0.705882
0.142857,0.010017,2.118421,22.268810,1.992271,46.000000,0.679325
0.166667,0.013314,2.118421,22.268810,1.992271,46.000000,0.679325
0.250000,0.090909,2.000000,23.053712,1.333333,4.000000,0.666667
0.100000,0.121297,1.310924,26.153723,1.887624,38.000000,0.567273
0.100000,0.402514,2.692308,24.869696,1.615385,14.000000,0.729167
0.090909,0.015079,1.750000,22.894206,1.600000,16.000000,0.636364
0.090909,0.250946,2.625000,21.220259,1.618182,11.000000,0.724138
0.200000,0.029187,2.097561,22.893237,1.997340,48.000000,0.677165
0.111111,0.118530,3.400000,22.047375,1.527778,9.000000,0.772727
0.111111,0.734146,1.678571,21.532269,2.033827,44.000000,0.626667
0.095238,0.496500,1.162162,15.154528,1.657143,15.000000,0.537500
0.095238,0.854621,2.711111,15.303689,2.001350,39.000000,0.730539
0.086957,0.001542,1.692308,12.588917,1.633333,16.000000,0.628571
0.086957,0.405443,1.326531,19.169564,2.071146,23.000000,0.570175
0.083333,0.478816,1.785714,5.540688,1.621212,12.000000,0.641026
0.076923,0.156603,3.571429,19.919478,1.679487,13.000000,0.781250
0.083333,0.374750,4.285714,17.998550,1.545455,12.000000,0.810811
0.083333,0.374750,4.285714,17.998550,1.545455,12.000000,0.810811
0.076923,0.037435,2.809524,24.123880,1.978858,44.000000,0.737500
0.083333,0.393586,2.272727,8.243915,1.621212,12.000000,0.694444
0.076923,0.037435,2.809524,24.123880,1.978858,44.000000,0.737500
0.166667,0.749941,1.740741,21.907334,2.033827,44.000000,0.635135
0.083333,0.393586,2.272727,8.243915,1.621212,12.000000,0.694444
0.076923,0.471201,2.579710,24.859578,1.991919,45.000000,0.720648
0.076923,0.471201,2.579710,24.859578,1.991919,45.000000,0.720648
0.076923,0.471201,2.579710,24.859578,1.991919,45.000000,0.720648
0.083333,0.393586,2.272727,8.243915,1.621212,12.000000,0.694444
0.076923,0.471201,2.579710,24.859578,1.991919,45.000000,0.720648
0.083333,0.002699,2.916667,23.953495,1.961240,43.000000,0.744681
0.090909,0.535074,2.571429,12.115362,1.672727,11.000000,0.720000
0.076923,0.156603,3.571429,19.919478,1.679487,13.000000,0.781250
0.083333,0.374750,4.285714,17.998550,1.545455,12.000000,0.810811
0.076923,0.156603,3.571429,19.919478,1.679487,13.000000,0.781250
0.076923,0.037435,2.809524,24.123880,1.978858,44.000000,0.737500
0.100000,0.392014,2.857143,22.779258,1.555556,10.000000,0.740741
0.100000,0.055502,2.517241,17.623126,1.837607,27.000000,0.715686
0.142857,0.232549,3.333333,19.898008,1.619048,7.000000,0.769231
0.142857,0.344430,2.125000,21.878610,1.690909,11.000000,0.680000
0.250000,0.549541,1.492537,22.478441,1.889163,29.000000,0.598802
0.090909,0.824097,2.579710,24.859578,1.991919,45.000000,0.720648
0.090909,0.494758,2.625000,19.810044,1.618182,11.000000,0.724138
0.076923,0.848608,1.714286,21.874323,1.769231,13.000000,0.631579
0.076923,0.890086,2.465753,28.503374,2.002899,46.000000,0.711462
0.083333,1.000000,2.608696,11.922576,1.762846,23.000000,0.722892
0.083333,0.229005,1.785714,5.540688,1.621212,12.000000,0.641026
0.066667,0.449218,2.111111,29.499621,1.810526,20.000000,0.678571
0.066667,0.149951,1.631579,15.949669,1.771429,15.000000,0.620000
0.250000,0.229005,1.785714,5.540688,1.621212,12.000000,0.641026
0.200000,0.636381,1.551724,24.448586,1.889483,34.000000,0.608108
0.250000,1.000000,2.400000,29.874527,1.642857,8.000000,0.705882
0.166667,0.824097,2.579710,24.859578,1.991919,45.000000,0.720648
0.166667,0.243409,2.800000,21.920249,1.066667,6.000000,0.736842
0.076923,0.453231,2.465753,28.503374,2.002899,46.000000,0.711462
0.076923,0.848608,1.714286,21.874323,1.769231,13.000000,0.631579
0.111111,0.628813,1.522222,25.327209,1.909244,35.000000,0.603524
0.066667,0.526921,2.111111,29.499621,1.810526,20.000000,0.678571
0.066667,0.149951,1.631579,15.949669,1.771429,15.000000,0.620000
0.066667,0.149951,1.631579,15.949669,1.771429,15.000000,0.620000
0.066667,0.420016,2.111111,29.499621,1.810526,20.000000,0.678571
0.250000,0.634047,2.400000,29.874527,1.642857,8.000000,0.705882
0.083333,0.745358,1.846154,25.172027,1.757576,12.000000,0.648649
0.083333,0.172997,1.335938,25.348925,1.926829,41.000000,0.571906
0.076923,0.824097,2.579710,24.859578,1.991919,45.000000,0.720648
0.076923,0.144755,2.125000,18.596519,1.564103,13.000000,0.680000
0.111111,0.268477,2.352941,26.447407,1.700000,16.000000,0.701754
0.111111,0.065181,1.423913,24.737660,2.073171,42.000000,0.587444
0.142857,0.004292,1.818182,28.009816,1.700000,16.000000,0.645161
0.142857,0.349210,2.500000,22.843369,1.545455,11.000000,0.714286
0.142857,0.349690,2.500000,22.843369,1.545455,11.000000,0.714286
0.100000,0.439435,2.111111,29.865351,1.810526,20.000000,0.678571
0.100000,0.051850,1.800000,23.078919,1.688889,10.000000,0.642857
0.076923,0.022924,3.200000,18.979531,1.589744,13.000000,0.761905
0.076923,0.319772,2.192308,27.614067,1.810526,20.000000,0.686747
0.100000,0.401809,2.111111,29.865351,1.810526,20.000000,0.678571
0.100000,0.051850,1.800000,23.078919,1.688889,10.000000,0.642857
0.100000,0.051850,1.800000,23.078919,1.688889,10.000000,0.642857
0.100000,0.365569,2.111111,29.865351,1.810526,20.000000,0.678571
0.142857,0.086514,1.772727,20.744360,1.816667,16.000000,0.639344
0.100000,0.133341,3.200000,22.410484,1.589744,13.000000,0.761905
0.100000,0.236207,1.800000,23.078919,1.688889,10.000000,0.642857
0.058824,0.216144,1.500000,25.921017,1.926829,41.000000,0.600000
0.100000,0.152953,1.423913,24.737660,2.073171,42.000000,0.587444
0.090909,0.056841,2.125000,19.659486,1.690909,11.000000,0.680000
0.090909,0.626153,2.192308,27.614067,1.810526,20.000000,0.686747
0.083333,0.476133,1.615385,25.788844,1.778986,24.000000,0.617647
0.050000,0.410529,1.383929,25.865321,1.866366,37.000000,0.580524
0.050000,0.541021,2.192308,27.614067,1.810526,20.000000,0.686747
0.090909,0.056841,2.125000,19.659486,1.690909,11.000000,0.680000
0.090909,0.473445,2.192308,27.614067,1.810526,20.000000,0.686747
0.090909,0.056841,2.125000,19.659486,1.690909,11.000000,0.680000
0.090909,0.541021,2.192308,27.614067,1.810526,20.000000,0.686747
0.050000,0.473445,2.192308,27.614067,1.810526,20.000000,0.686747
0.050000,0.410529,1.383929,25.865321,1.866366,37.000000,0.580524
0.153846,0.530184,1.507042,25.198857,1.796296,28.000000,0.601124
0.111111,0.464901,1.448819,27.194161,1.933555,43.000000,0.591640
0.200000,0.528646,3.400000,14.755355,1.428571,8.000000,0.772727
0.111111,0.743212,1.941176,24.750393,2.139706,17.000000,0.660000
0.111111,0.235875,1.941176,24.750393,2.139706,17.000000,0.660000
0.250000,0.014925,2.562500,26.593639,2.111111,19.000000,0.719298
0.250000,0.011428,2.275862,27.048724,1.878184,43.000000,0.694737
0.181818,0.042607,2.923077,24.276520,1.720588,17.000000,0.745098
0.250000,0.019608,2.562500,26.593639,2.111111,19.000000,0.719298
0.111111,0.182814,1.592593,24.589771,1.708333,16.000000,0.614286
0.111111,0.021072,1.433962,25.846097,2.062626,45.000000,0.589147
0.100000,0.270723,3.043478,13.652680,1.766667,25.000000,0.752688
0.166667,0.039786,2.485714,24.065897,1.899194,32.000000,0.713115
0.058824,0.340271,3.500000,23.492916,1.691176,17.000000,0.777778
0.142857,1.000000,2.055556,17.223752,1.858333,16.000000,0.672727
0.200000,1.000000,1.750000,23.288847,1.300000,5.000000,0.636364
0.200000,0.121312,1.750000,23.288847,1.300000,5.000000,0.636364
0.100000,0.068864,1.666667,28.575406,1.700000,16.000000,0.625000
0.250000,0.092593,2.000000,29.012586,1.333333,4.000000,0.666667
0.250000,0.114895,2.250000,27.198088,1.878184,43.000000,0.692308
0.055556,0.430006,2.916667,16.421395,1.766667,25.000000,0.744681
0.055556,1.000000,2.571429,17.934615,1.921569,18.000000,0.720000
0.100000,0.154954,2.785714,26.171058,1.745098,18.000000,0.735849
0.125000,0.077854,1.777778,22.648208,1.428571,8.000000,0.640000
0.125000,1.000000,2.666667,19.616451,1.906433,19.000000,0.727273
0.200000,0.289752,2.105263,27.782504,1.700000,16.000000,0.677966
0.142857,0.198698,1.900000,26.816826,1.472222,9.000000,0.655172
0.142857,0.280000,1.625000,14.153685,1.380952,7.000000,0.619048
0.142857,0.018519,2.000000,23.670773,1.428571,7.000000,0.666667
0.055556,0.058175,2.428571,26.856454,2.160173,22.000000,0.708333
0.055556,0.157317,1.586207,19.643350,1.797386,18.000000,0.613333
0.058824,1.000000,1.941176,24.750393,2.139706,17.000000,0.660000
0.058824,0.515275,1.415385,27.350082,1.933555,43.000000,0.585987
0.050000,0.120431,2.615385,25.678185,1.894118,35.000000,0.723404
0.050000,0.513444,1.457143,20.464783,1.773684,20.000000,0.593023
0.200000,0.218138,2.684211,25.068106,2.160173,22.000000,0.728571
0.250000,0.513444,1.457143,20.464783,1.773684,20.000000,0.593023
0.200000,1.000000,2.684211,25.068106,2.160173,22.000000,0.728571
0.052632,0.269963,2.181818,25.500416,1.807018,19.000000,0.685714
0.052632,0.513444,1.457143,20.464783,1.773684,20.000000,0.593023
0.142857,0.513444,1.457143,20.464783,1.773684,20.000000,0.593023
0.055556,0.157317,1.586207,19.643350,1.797386,18.000000,0.613333
0.055556,1.000000,2.428571,26.856454,2.160173,22.000000,0.708333
0.055556,0.144286,1.586207,20.235600,1.797386,18.000000,0.613333
0.055556,0.513444,1.457143,20.464783,1.773684,20.000000,0.593023
0.058824,0.392897,1.941176,24.750393,2.139706,17.000000,0.660000
0.058824,0.515275,1.415385,27.350082,1.933555,43.000000,0.585987
0.076923,0.099237,1.846154,25.946505,1.692308,13.000000,0.648649
0.142857,0.392918,2.777778,25.872664,1.621212,12.000000,0.735294
0.125000,0.405771,1.857143,8.477216,1.743590,13.000000,0.650000
0.071429,0.555219,1.310924,26.153723,1.887624,38.000000,0.567273
0.062500,0.240907,1.772727,20.744360,1.816667,16.000000,0.639344
0.076923,0.016575,2.307692,23.960613,1.692308,13.000000,0.697674
0.076923,0.304875,1.394737,19.801581,1.935065,22.000000,0.582418
0.125000,0.006803,1.785714,26.538736,1.756410,13.000000,0.641026
0.090909,0.087194,2.794872,25.677560,1.888889,36.000000,0.736486
0.117647,1.000000,2.176471,15.377105,1.858333,16.000000,0.685185
0.117647,0.259099,1.909091,23.162624,1.638095,15.000000,0.656250
0.142857,0.343413,1.714286,26.041043,1.428571,7.000000,0.631579
0.142857,0.093453,2.122449,27.299071,1.889899,45.000000,0.679739
0.142857,0.203853,1.545455,20.726772,1.484848,12.000000,0.607143
0.111111,0.010835,2.333333,25.312666,1.416667,9.000000,0.700000
0.111111,0.005162,2.700000,24.371415,1.705128,13.000000,0.729730
0.200000,0.079073,1.625000,23.800455,1.816667,16.000000,0.619048
0.100000,0.039823,2.070707,28.132915,1.858250,43.000000,0.674342
0.100000,0.360134,1.785714,26.823578,1.756410,13.000000,0.641026
0.250000,0.491865,2.083333,27.649560,1.756410,13.000000,0.675676
0.125000,0.133213,1.555556,24.291569,1.500000,8.000000,0.608696
0.100000,0.254860,1.312500,25.834937,1.830065,18.000000,0.567568
0.076923,0.354433,1.785714,26.960681,1.756410,13.000000,0.641026
0.076923,0.140312,2.055556,17.836372,1.819048,15.000000,0.672727
0.166667,0.419351,2.000000,21.870895,1.466667,6.000000,0.666667
0.166667,1.000000,2.176471,15.377105,1.858333,16.000000,0.685185
0.076923,0.054272,1.608696,27.965724,1.648352,14.000000,0.616667
0.076923,0.076283,1.461538,24.123807,2.000000,22.000000,0.593750
0.035714,0.737686,1.423913,24.737660,2.073171,42.000000,0.587444
0.035714,0.431372,2.375000,20.397640,1.843915,28.000000,0.703704
0.047619,0.704306,1.361538,27.088331,2.079186,52.000000,0.576547
0.047619,0.113441,1.461538,24.123807,2.000000,22.000000,0.593750
0.200000,0.675110,1.518868,26.168539,2.079787,48.000000,0.602996
0.250000,0.786970,1.370370,23.534985,2.073969,38.000000,0.578125
0.250000,0.825832,1.666667,20.377404,1.166667,4.000000,0.625000
0.142857,0.901200,1.385965,21.060012,1.901538,26.000000,0.580882
0.043478,0.050374,5.050000,25.185406,1.620553,23.000000,0.834711
0.043478,0.759853,1.283333,26.150236,2.089732,47.000000,0.562044
0.125000,0.759855,1.720000,23.113326,1.833333,25.000000,0.632353
0.100000,0.717074,1.433962,25.846097,2.062626,45.000000,0.589147
0.023256,0.096444,2.189474,27.008739,1.889899,45.000000,0.686469
0.023256,0.722729,1.394958,27.274026,2.084898,50.000000,0.582456
0.111111,0.017544,2.285714,21.530235,1.611111,9.000000,0.695652
0.111111,0.186751,1.615385,27.167704,1.838235,17.000000,0.617647
0.083333,0.186751,1.615385,27.167704,1.838235,17.000000,0.617647
0.083333,0.004785,2.133333,23.144093,1.515152,12.000000,0.680851
0.142857,0.130972,2.666667,23.154022,2.182336,27.000000,0.727273
0.142857,0.066355,2.666667,23.154022,2.182336,27.000000,0.727273
0.142857,0.207882,2.666667,23.154022,2.182336,27.000000,0.727273
0.076923,0.347578,4.125000,25.469314,1.576923,13.000000,0.804878
0.076923,0.105186,2.533333,21.860580,1.615385,13.000000,0.716981
0.200000,0.356890,1.714286,21.595642,1.428571,7.000000,0.631579
0.071429,0.056923,1.531250,26.776389,1.705882,18.000000,0.604938
0.071429,0.054945,1.692308,24.282267,1.516484,14.000000,0.628571
0.200000,0.056923,1.531250,26.776389,1.705882,18.000000,0.604938
0.090909,0.004219,1.567568,24.514227,1.835498,22.000000,0.610526
0.090909,0.190253,2.121495,28.314404,1.848485,45.000000,0.679641
0.076923,0.048169,1.714286,29.040291,1.538462,13.000000,0.631579
0.076923,0.181818,1.684211,15.680082,1.641026,13.000000,0.627451
0.200000,0.176768,2.181818,22.480314,1.692308,13.000000,0.685714
0.166667,0.154935,2.866667,26.771418,1.626374,14.000000,0.741379
0.166667,0.046154,2.200000,24.169040,1.266667,6.000000,0.687500
0.090909,0.137246,5.050000,25.684539,1.620553,23.000000,0.834711
0.166667,0.128935,4.028571,25.590754,1.741935,31.000000,0.801136
0.076923,0.075747,2.333333,24.958804,1.840000,25.000000,0.700000
0.166667,0.147568,1.793103,19.499952,1.831579,20.000000,0.641975
0.200000,0.064328,2.583333,26.195866,1.714286,14.000000,0.720930
0.052632,0.392098,1.019231,25.728936,1.812865,19.000000,0.504762
0.052632,0.054748,1.527778,29.286098,1.889474,20.000000,0.604396
0.166667,0.480959,2.750000,22.068924,1.266667,6.000000,0.733333
0.166667,1.000000,1.842105,14.642620,2.042735,27.000000,0.648148
0.166667,0.024390,2.200000,26.068390,1.266667,6.000000,0.687500
0.076923,0.880605,1.684211,16.842897,1.641026,13.000000,0.627451
0.076923,0.011931,2.769231,18.962563,1.900000,16.000000,0.734694
0.090909,0.253668,2.141509,28.135960,1.848485,45.000000,0.681682
0.074074,0.019564,2.336207,26.805674,1.860392,51.000000,0.700258
0.074074,1.000000,1.842105,14.642620,2.042735,27.000000,0.648148
0.200000,0.060571,2.314607,27.004953,1.875264,44.000000,0.698305
0.200000,0.018489,2.277311,26.939454,1.860392,51.000000,0.694872
0.111111,0.646966,1.383929,25.865321,1.866366,37.000000,0.580524
0.083333,0.918992,2.305785,26.549314,1.859729,52.000000,0.697500
0.043478,0.088551,1.750000,21.815949,1.849802,23.000000,0.636364
0.043478,0.908508,2.286885,26.833634,1.859729,52.000000,0.695761
0.090909,0.657201,1.305344,25.544470,1.926829,41.000000,0.566225
0.055556,0.162939,3.352941,22.021390,1.777778,18.000000,0.770270
0.055556,0.406189,1.793103,19.499952,1.831579,20.000000,0.641975
0.100000,0.816523,1.633333,21.548065,1.801170,19.000000,0.620253
0.055556,0.162939,3.352941,22.021390,1.777778,18.000000,0.770270
0.055556,0.054589,2.448276,22.745557,1.836957,24.000000,0.710000
0.176471,0.374785,2.000000,20.583847,1.564103,13.000000,0.666667
0.166667,0.828189,1.526316,23.231098,1.889328,23.000000,0.604167
0.076923,0.050784,2.142857,25.844451,1.615385,13.000000,0.681818
0.071429,0.088056,2.095238,26.239120,1.516484,14.000000,0.676923
0.142857,0.402930,1.461538,21.654155,1.995671,22.000000,0.593750
0.125000,0.140449,2.166667,20.932051,1.607143,8.000000,0.684211
0.125000,0.140449,2.166667,20.932051,1.607143,8.000000,0.684211
0.125000,0.809996,2.666667,23.477506,2.428571,14.000000,0.727273
0.125000,0.809996,2.666667,23.477506,2.428571,14.000000,0.727273
0.250000,0.359590,1.325581,25.579176,2.000000,22.000000,0.570000
0.071429,0.480337,2.105263,11.190188,1.659341,14.000000,0.677966
0.071429,0.094555,1.687500,25.243448,1.873684,20.000000,0.627907
0.100000,0.647639,2.428571,28.821037,1.711111,10.000000,0.708333
0.100000,0.968385,2.142857,16.884955,1.606061,12.000000,0.681818
0.100000,1.000000,2.428571,28.821037,1.711111,10.000000,0.708333
0.100000,0.968385,2.142857,16.884955,1.606061,12.000000,0.681818
0.111111,1.000000,2.000000,14.148187,1.777778,9.000000,0.666667
0.111111,0.626225,4.250000,18.132250,1.527778,9.000000,0.809524
0.083333,0.246387,1.457143,20.464783,1.773684,20.000000,0.593023
0.090909,0.094186,1.611111,24.040428,1.835498,22.000000,0.617021
0.083333,0.144532,1.750000,21.815949,1.849802,23.000000,0.636364
0.083333,0.112357,1.916667,28.858430,1.742424,12.000000,0.657143
0.043478,0.157646,2.371429,25.804335,1.833846,26.000000,0.703390
0.043478,0.144532,1.750000,21.815949,1.849802,23.000000,0.636364
0.066667,0.352873,1.410256,29.699900,1.889474,20.000000,0.585106
0.100000,0.123787,5.000000,27.906236,2.177778,10.000000,0.833333
0.200000,0.022222,1.750000,28.256926,1.300000,5.000000,0.636364
0.200000,0.222783,1.500000,21.037537,1.926154,26.000000,0.600000
0.083333,0.144532,1.750000,21.815949,1.849802,23.000000,0.636364
0.083333,0.268442,1.916667,28.858430,1.742424,12.000000,0.657143
0.090909,0.573241,1.727273,12.770044,1.833333,12.000000,0.633333
0.100000,0.095625,5.000000,27.906236,2.177778,10.000000,0.833333
0.100000,0.297420,5.000000,27.906236,2.177778,10.000000,0.833333
0.071429,0.304348,2.000000,14.647203,1.846154,14.000000,0.666667
0.125000,0.004329,1.857143,30.000000,1.607143,8.000000,0.650000
0.062500,0.050805,1.909091,26.383798,1.700000,16.000000,0.656250
0.125000,0.023529,1.857143,30.000000,1.607143,8.000000,0.650000
0.062500,0.172520,1.576923,21.799269,1.937322,27.000000,0.611940
0.250000,0.315676,1.923077,24.594847,1.488889,10.000000,0.657895
0.166667,0.510387,2.000000,25.373018,1.466667,6.000000,0.666667
0.166667,0.510387,2.000000,25.373018,1.466667,6.000000,0.666667
0.142857,0.663372,4.333333,18.730727,1.488889,10.000000,0.812500
0.111111,0.172797,1.566038,21.278963,1.865079,28.000000,0.610294
0.111111,0.023066,2.166667,23.886109,1.877493,27.000000,0.684211
0.125000,0.000000,2.117647,25.755921,1.700000,16.000000,0.679245
0.090909,0.023088,2.090909,27.301669,2.007071,45.000000,0.676471
0.076923,0.043011,1.275000,27.082614,1.968421,20.000000,0.560440
0.076923,0.049305,1.714286,22.390314,1.538462,13.000000,0.631579
0.166667,0.444847,1.320000,23.685065,1.679487,13.000000,0.568966
0.125000,0.190848,1.800000,20.976850,1.357143,8.000000,0.642857
0.125000,0.357896,1.636364,29.331126,1.538462,13.000000,0.620690
0.083333,0.166439,1.906977,23.038515,1.867692,26.000000,0.656000
0.083333,0.073973,1.769231,30.000000,1.742424,12.000000,0.638889
0.038462,0.055556,2.500000,25.166426,1.852217,29.000000,0.714286
0.038462,0.166439,1.906977,23.038515,1.867692,26.000000,0.656000
0.166667,0.166439,1.906977,23.038515,1.867692,26.000000,0.656000
0.083333,0.166439,1.906977,23.038515,1.867692,26.000000,0.656000
0.083333,0.073973,1.769231,30.000000,1.742424,12.000000,0.638889
0.166667,0.517331,10.600000,22.094704,1.542857,15.000000,0.913793
0.200000,0.706805,1.750000,13.039187,1.300000,5.000000,0.636364
0.200000,0.080667,1.875000,19.554999,1.285714,7.000000,0.652174
0.076923,0.078969,1.568182,27.460101,1.822464,24.000000,0.610619
0.035714,0.744191,1.566038,21.278963,1.865079,28.000000,0.610294
0.035714,0.184639,2.057143,28.160551,2.000966,46.000000,0.672897
0.066667,0.847485,2.200000,24.418327,1.600000,15.000000,0.687500
0.066667,0.624971,3.352941,22.021390,1.777778,18.000000,0.770270
0.076923,0.111578,2.750000,24.057777,2.175000,16.000000,0.733333
0.250000,0.744191,1.566038,21.278963,1.865079,28.000000,0.610294
0.076923,0.111578,2.750000,24.057777,2.175000,16.000000,0.733333
0.076923,0.140659,2.750000,24.057777,2.175000,16.000000,0.733333
0.035714,0.744191,1.566038,21.278963,1.865079,28.000000,0.610294
0.035714,0.109067,2.500000,24.702687,1.852217,29.000000,0.714286
0.083333,0.329078,1.880000,28.239657,1.738562,18.000000,0.652778
0.083333,0.000000,2.363636,26.111946,1.651515,12.000000,0.702703
0.083333,1.000000,1.285714,17.628821,1.636364,12.000000,0.562500
0.066667,0.094635,2.400000,27.980162,1.714286,15.000000,0.705882
0.111111,0.168484,3.400000,23.427717,1.527778,9.000000,0.772727
0.111111,0.850540,1.210526,21.077737,1.846154,13.000000,0.547619
0.066667,0.140666,2.136364,27.252292,1.738562,18.000000,0.681159
0.066667,0.008944,1.437500,29.813220,1.647619,15.000000,0.589744
0.090909,0.098100,2.238095,25.304633,1.738562,18.000000,0.691176
0.066667,0.428387,1.833333,29.218190,1.657143,15.000000,0.647059
0.142857,0.252760,1.857143,29.926181,1.607143,8.000000,0.650000
0.142857,0.380037,2.000000,14.033761,1.846154,14.000000,0.666667
0.142857,1.000000,1.857143,29.926181,1.607143,8.000000,0.650000
0.142857,0.380037,2.000000,14.033761,1.846154,14.000000,0.666667
0.166667,0.771818,2.200000,26.427096,1.266667,6.000000,0.687500
0.071429,0.132743,2.571429,28.300265,2.222222,18.000000,0.720000
0.071429,0.153896,2.571429,28.300265,2.222222,18.000000,0.720000
0.071429,0.132743,2.571429,28.300265,2.222222,18.000000,0.720000
0.076923,0.216168,1.652174,25.789933,1.615385,14.000000,0.622951
0.076923,1.000000,1.560000,3.169377,1.675000,16.000000,0.609375
0.071429,0.129622,1.275000,27.955102,1.968421,20.000000,0.560440
0.071429,0.187418,1.666667,22.821968,1.560440,14.000000,0.625000
0.142857,0.210526,2.250000,12.797479,1.142857,7.000000,0.692308
0.142857,0.066855,1.346154,24.512661,1.736264,14.000000,0.573770
0.071429,0.073189,2.769231,27.954129,2.222222,18.000000,0.734694
0.071429,0.654643,2.545455,18.571045,1.912088,14.000000,0.717949
0.071429,0.073189,2.769231,27.954129,2.222222,18.000000,0.734694
0.071429,1.000000,2.545455,18.571045,1.912088,14.000000,0.717949
0.071429,0.094416,2.769231,27.954129,2.222222,18.000000,0.734694
0.071429,0.886394,2.545455,18.571045,1.912088,14.000000,0.717949
0.200000,1.000000,2.333333,21.370341,1.912088,14.000000,0.700000
0.071429,0.094416,2.769231,27.954129,2.222222,18.000000,0.734694
0.071429,0.654643,2.545455,18.571045,1.912088,14.000000,0.717949
0.071429,0.073189,2.769231,27.954129,2.222222,18.000000,0.734694
0.071429,1.000000,2.545455,18.571045,1.912088,14.000000,0.717949
0.200000,0.546125,2.333333,21.370341,1.912088,14.000000,0.700000
0.071429,0.094416,2.769231,27.954129,2.222222,18.000000,0.734694
0.071429,1.000000,2.545455,18.571045,1.912088,14.000000,0.717949
0.071429,0.073189,2.769231,27.954129,2.222222,18.000000,0.734694
0.071429,0.654643,2.545455,18.571045,1.912088,14.000000,0.717949
0.200000,0.866244,2.333333,21.370341,1.912088,14.000000,0.700000
0.071429,0.073189,2.769231,27.954129,2.222222,18.000000,0.734694
0.071429,0.886394,2.545455,18.571045,1.912088,14.000000,0.717949
0.071429,0.073189,2.769231,27.954129,2.222222,18.000000,0.734694
0.071429,0.886394,2.545455,18.571045,1.912088,14.000000,0.717949
0.062500,0.324385,1.894737,27.522881,1.700000,16.000000,0.654545
0.062500,0.281714,2.095238,27.984382,2.226316,20.000000,0.676923
0.058824,0.108424,1.920000,28.539077,1.779412,17.000000,0.657534
0.058824,0.281714,2.095238,27.984382,2.226316,20.000000,0.676923
0.058824,0.281714,2.095238,27.984382,2.226316,20.000000,0.676923
0.058824,0.108424,1.920000,28.539077,1.779412,17.000000,0.657534
0.062500,0.281714,2.095238,27.984382,2.226316,20.000000,0.676923
0.062500,0.324385,1.894737,27.522881,1.700000,16.000000,0.654545
0.058824,0.281714,2.095238,27.984382,2.226316,20.000000,0.676923
0.058824,0.108424,1.920000,28.539077,1.779412,17.000000,0.657534
0.062500,0.324385,1.894737,27.522881,1.700000,16.000000,0.654545
0.062500,0.281714,2.095238,27.984382,2.226316,20.000000,0.676923
0.142857,0.127273,2.250000,18.347196,1.142857,7.000000,0.692308
0.142857,0.107337,1.266667,24.230871,1.850000,16.000000,0.558824
0.090909,0.540366,1.921053,27.970412,2.004625,47.000000,0.657658
0.066667,0.196390,2.095238,28.372272,2.226316,20.000000,0.676923
0.066667,0.196390,2.095238,28.372272,2.226316,20.000000,0.676923
0.100000,0.726206,1.720000,27.901445,1.641667,16.000000,0.632353
0.076923,0.198824,4.800000,26.675226,1.861472,22.000000,0.827586
0.200000,1.000000,2.000000,30.000000,1.200000,5.000000,0.666667
0.066667,0.196390,2.095238,28.372272,2.226316,20.000000,0.676923
0.090909,0.171873,2.371429,26.201400,1.833846,26.000000,0.703390
0.250000,0.003135,1.777778,27.418247,1.575758,12.000000,0.640000
0.066667,0.243019,2.000000,27.511293,2.019592,50.000000,0.666667
0.050000,0.379302,5.250000,27.977703,1.847368,20.000000,0.840000
0.050000,0.069663,2.638889,27.044783,1.852217,29.000000,0.725191
0.111111,0.134984,1.076923,25.968790,2.116809,27.000000,0.518519
0.111111,0.052304,5.666667,13.217916,1.527778,9.000000,0.850000
0.125000,0.134984,1.076923,25.968790,2.116809,27.000000,0.518519
0.125000,0.466913,4.000000,23.106561,1.428571,8.000000,0.800000
0.142857,0.134984,1.076923,25.968790,2.116809,27.000000,0.518519
0.142857,0.537307,4.500000,25.937857,1.142857,7.000000,0.818182
0.058824,1.000000,1.592593,12.689844,1.683824,17.000000,0.614286
0.058824,0.060490,2.944444,24.883928,2.173160,22.000000,0.746479
0.066667,0.278520,2.283333,26.902902,2.002114,44.000000,0.695431
0.071429,0.159029,2.047619,26.254514,1.549451,14.000000,0.671875
0.071429,1.000000,1.653846,10.581155,1.683824,17.000000,0.623188
0.111111,0.502331,4.000000,23.086212,1.666667,9.000000,0.800000
0.111111,0.419681,1.846154,25.946505,1.692308,13.000000,0.648649
0.052632,0.053643,2.153846,27.233927,2.213439,23.000000,0.682927
0.052632,0.055603,2.473684,25.255083,1.725146,19.000000,0.712121
0.100000,0.516706,1.923077,24.594847,1.488889,10.000000,0.657895
0.055556,0.053643,2.153846,27.233927,2.213439,23.000000,0.682927
0.055556,0.031963,1.962963,27.973064,1.790850,18.000000,0.662500
0.055556,0.031963,1.962963,27.973064,1.790850,18.000000,0.662500
0.055556,0.053643,2.153846,27.233927,2.213439,23.000000,0.682927
0.052632,0.055603,2.473684,25.255083,1.725146,19.000000,0.712121
0.052632,0.053643,2.153846,27.233927,2.213439,23.000000,0.682927
0.055556,0.053643,2.153846,27.233927,2.213439,23.000000,0.682927
0.055556,0.031963,1.962963,27.973064,1.790850,18.000000,0.662500
0.052632,0.053643,2.153846,27.233927,2.213439,23.000000,0.682927
0.052632,0.055603,2.473684,25.255083,1.725146,19.000000,0.712121
0.100000,0.516706,1.923077,24.594847,1.488889,10.000000,0.657895
0.100000,0.984551,2.000000,26.833719,1.606061,12.000000,0.666667
0.111111,0.311152,2.000000,25.208535,1.666667,9.000000,0.666667
0.111111,1.000000,1.642857,13.196417,1.712121,12.000000,0.621622
0.142857,0.068884,1.857143,29.266653,1.651515,12.000000,0.650000
0.250000,0.202246,3.000000,30.000000,1.000000,4.000000,0.750000
0.050000,0.169665,2.608696,25.858759,1.923077,39.000000,0.722892
0.055556,0.000000,2.650000,27.760119,2.173160,22.000000,0.726027
0.090909,0.205552,1.687500,29.742030,1.730769,13.000000,0.627907
0.032258,0.051143,2.794872,27.414969,1.840860,31.000000,0.736486
0.062500,0.000000,2.208333,25.662525,1.583333,16.000000,0.688312
0.090909,0.205552,1.687500,29.742030,1.730769,13.000000,0.627907
0.125000,0.045226,2.363636,22.731883,1.600000,11.000000,0.702703
0.083333,0.269503,1.260870,28.784620,1.818713,19.000000,0.557692
0.083333,0.142857,1.923077,26.629669,1.712121,12.000000,0.657895
0.250000,0.140496,1.666667,24.088666,1.722222,9.000000,0.625000
0.083333,0.790596,2.142857,23.150041,1.843137,18.000000,0.681818
0.142857,0.152000,2.222222,23.620068,1.600000,10.000000,0.689655
0.142857,0.152000,2.222222,23.620068,1.600000,10.000000,0.689655
0.041667,0.041330,2.264151,26.213345,2.057809,66.000000,0.693642
0.125000,0.277325,2.142857,26.311084,1.464286,8.000000,0.681818
0.142857,0.522313,1.272727,26.105731,1.830065,18.000000,0.560000
0.111111,0.150000,4.200000,12.660006,1.416667,9.000000,0.807692
0.045455,0.900563,1.785714,29.220263,2.202279,27.000000,0.641026
0.045455,0.106617,1.689655,15.220395,1.874459,22.000000,0.628205
0.125000,0.878108,1.551020,29.428699,2.227513,28.000000,0.608000
0.125000,0.155779,2.111111,28.076263,1.321429,8.000000,0.678571
0.071429,0.428408,1.650000,14.576967,1.637363,14.000000,0.622642
0.071429,0.864674,1.931034,28.398947,2.197628,23.000000,0.658824
0.052632,0.910722,1.973684,25.800095,2.202279,27.000000,0.663717
0.052632,0.219028,2.350000,26.538566,1.725146,19.000000,0.701493
0.045455,0.900563,1.785714,29.220263,2.202279,27.000000,0.641026
0.045455,0.106617,1.689655,15.220395,1.874459,22.000000,0.628205
0.166667,0.646000,2.166667,15.439319,1.133333,6.000000,0.684211
0.166667,0.910722,1.973684,25.800095,2.202279,27.000000,0.663717
0.166667,0.915095,1.923077,27.631576,2.202279,27.000000,0.657895
0.166667,0.910722,1.973684,25.800095,2.202279,27.000000,0.663717
0.166667,0.646000,2.166667,15.439319,1.133333,6.000000,0.684211
0.166667,0.915095,1.923077,27.631576,2.202279,27.000000,0.657895
0.166667,0.910722,1.973684,25.800095,2.202279,27.000000,0.663717
0.166667,0.646000,2.166667,15.439319,1.133333,6.000000,0.684211
0.052632,0.910722,1.973684,25.800095,2.202279,27.000000,0.663717
0.052632,0.021328,2.185185,26.983619,1.777778,19.000000,0.686047
0.071429,0.428408,1.650000,14.576967,1.637363,14.000000,0.622642
0.071429,0.864674,1.931034,28.398947,2.197628,23.000000,0.658824
0.166667,0.915095,1.923077,27.631576,2.202279,27.000000,0.657895
0.045455,0.106617,1.689655,15.220395,1.874459,22.000000,0.628205
0.045455,0.900563,1.785714,29.220263,2.202279,27.000000,0.641026
0.142857,0.277849,1.500000,15.623842,1.476190,7.000000,0.600000
0.142857,0.104481,1.568182,27.859197,1.822464,24.000000,0.610619
0.125000,0.878108,1.551020,29.428699,2.227513,28.000000,0.608000
0.125000,0.155779,2.111111,28.076263,1.321429,8.000000,0.678571
0.071429,0.428408,1.650000,14.576967,1.637363,14.000000,0.622642
0.071429,0.864674,1.931034,28.398947,2.197628,23.000000,0.658824
0.052632,0.021328,2.185185,26.983619,1.777778,19.000000,0.686047
0.052632,0.910722,1.973684,25.800095,2.202279,27.000000,0.663717
0.052632,0.219028,2.350000,26.538566,1.725146,19.000000,0.701493
0.052632,0.910722,1.973684,25.800095,2.202279,27.000000,0.663717
0.052632,0.910722,1.973684,25.800095,2.202279,27.000000,0.663717
0.052632,0.021328,2.185185,26.983619,1.777778,19.000000,0.686047
0.052632,0.910722,1.973684,25.800095,2.202279,27.000000,0.663717
0.052632,0.219028,2.350000,26.538566,1.725146,19.000000,0.701493
0.125000,0.155779,2.111111,28.076263,1.321429,8.000000,0.678571
0.125000,0.878108,1.551020,29.428699,2.227513,28.000000,0.608000
0.142857,0.486869,1.655172,28.242584,1.691176,17.000000,0.623377
0.076923,0.446818,1.897436,28.957752,1.820000,25.000000,0.654867
0.100000,0.301554,2.222222,23.620068,1.600000,10.000000,0.689655
0.083333,0.490821,1.604651,26.232303,1.822464,24.000000,0.616071
0.250000,0.639468,1.500000,29.739621,1.700000,16.000000,0.600000
0.062500,0.494865,1.853659,29.215327,1.846154,26.000000,0.649573
0.062500,1.000000,1.586207,17.394508,1.675000,16.000000,0.613333
0.062500,0.273287,2.120000,27.241338,1.583333,16.000000,0.679487
0.062500,0.119567,2.250000,28.413836,1.875000,16.000000,0.692308
0.125000,0.583064,3.000000,29.608756,1.464286,8.000000,0.750000
0.200000,0.681228,2.166667,27.002320,1.901961,18.000000,0.684211
0.055556,0.125172,1.548387,23.496642,1.843137,18.000000,0.607595
0.055556,0.319291,1.625000,29.684676,1.901961,18.000000,0.619048
0.083333,0.968821,2.000000,25.394299,1.606061,12.000000,0.666667
0.062500,0.001890,1.720000,26.283166,1.791667,16.000000,0.632353
0.166667,0.408478,1.625000,29.928915,1.901961,18.000000,0.619048
0.076923,0.301932,1.548387,23.496642,1.843137,18.000000,0.607595
0.076923,0.123317,2.000000,29.347569,1.538462,13.000000,0.666667
0.062500,0.076923,3.400000,20.190519,1.852308,26.000000,0.772727
0.062500,0.136313,1.944444,26.593588,1.816667,16.000000,0.660377
0.076923,0.399840,1.866667,25.679960,1.679487,13.000000,0.651163
0.071429,0.136313,1.944444,26.593588,1.816667,16.000000,0.660377
0.071429,0.004367,2.625000,27.515769,1.538462,14.000000,0.724138
0.090909,1.000000,1.846154,18.278303,1.563636,11.000000,0.648649
0.111111,0.236769,1.800000,17.705231,2.166667,25.000000,0.642857
0.066667,0.136313,1.944444,26.593588,1.816667,16.000000,0.660377
0.066667,0.121179,1.954545,29.768892,1.676190,15.000000,0.661538
0.166667,0.835796,2.000000,27.053285,1.600000,10.000000,0.666667
0.076923,0.818102,1.727273,25.348666,1.615385,14.000000,0.633333
0.076923,0.869221,1.666667,22.821968,1.560440,14.000000,0.625000
0.090909,0.354981,7.000000,25.368447,1.763636,11.000000,0.875000
0.030303,0.097436,2.351351,27.562405,2.048593,69.000000,0.701613
0.083333,0.271787,2.149254,27.327932,2.000966,46.000000,0.682464
0.111111,0.210018,2.384615,28.142081,1.530303,12.000000,0.704545
0.111111,0.918669,1.538462,20.025015,1.444444,9.000000,0.606061
0.111111,0.210018,2.384615,28.142081,1.530303,12.000000,0.704545
0.111111,0.918669,1.538462,20.025015,1.444444,9.000000,0.606061
0.166667,0.742824,1.571429,22.181593,1.266667,6.000000,0.611111
0.166667,0.371858,2.277778,26.680150,1.960784,18.000000,0.694915
0.071429,0.367055,1.689655,15.220395,1.874459,22.000000,0.628205
0.100000,0.676178,4.000000,25.805473,1.466667,10.000000,0.800000
0.100000,0.078713,2.214286,22.179825,1.472727,11.000000,0.688889
0.066667,0.107555,2.047619,29.083687,1.676190,15.000000,0.671875
0.066667,0.367055,1.689655,15.220395,1.874459,22.000000,0.628205
0.111111,0.105368,2.285714,18.913407,1.418182,11.000000,0.695652
0.111111,0.554527,1.588235,27.586931,1.686275,18.000000,0.613636
0.250000,0.531993,1.500000,28.600235,1.686275,18.000000,0.600000
0.200000,0.253012,2.333333,20.457063,1.300000,5.000000,0.700000
0.200000,0.554527,1.588235,27.586931,1.686275,18.000000,0.613636
0.125000,0.004146,2.000000,27.886581,1.870130,22.000000,0.666667
0.200000,0.275935,2.333333,26.938841,1.300000,5.000000,0.700000
0.200000,0.348714,3.714286,26.077169,1.600000,11.000000,0.787879
0.045455,0.003089,2.238938,28.066290,2.036364,66.000000,0.691257
0.045455,1.000000,1.656250,5.831854,1.887446,22.000000,0.623529
0.040000,0.284940,1.380000,25.878352,2.003333,25.000000,0.579832
0.040000,0.038911,2.403509,28.642039,1.833613,35.000000,0.706186
0.166667,0.284940,1.380000,25.878352,2.003333,25.000000,0.579832
0.166667,0.004444,2.333333,23.965487,1.533333,6.000000,0.700000
0.076923,0.284940,1.380000,25.878352,2.003333,25.000000,0.579832
0.076923,0.053184,1.800000,30.000000,1.538462,13.000000,0.642857
0.111111,0.037682,2.238938,28.261803,2.036364,66.000000,0.691257
0.200000,0.741653,4.000000,24.089188,1.200000,6.000000,0.800000
0.100000,0.603729,2.333333,25.725481,1.654545,11.000000,0.700000
0.100000,0.737647,1.727273,16.758958,1.577778,10.000000,0.633333
0.200000,0.395349,3.000000,18.181074,1.400000,5.000000,0.750000
0.200000,0.737647,1.727273,16.758958,1.577778,10.000000,0.633333
0.125000,0.656518,2.000000,28.495909,1.651515,12.000000,0.666667
0.047619,1.000000,1.254902,19.107018,1.766667,21.000000,0.556522
0.047619,0.080980,2.225225,27.870825,2.052917,67.000000,0.689944
0.066667,1.000000,1.254902,19.107018,1.766667,21.000000,0.556522
0.066667,0.062238,1.863636,18.991916,1.666667,15.000000,0.650794
0.166667,0.238867,1.705882,22.924228,1.472727,11.000000,0.630435
0.076923,1.000000,1.656250,5.831854,1.887446,22.000000,0.623529
0.076923,0.065183,1.458333,26.201719,1.723810,15.000000,0.593220
0.076923,0.338285,1.480000,24.540720,1.790476,15.000000,0.596774
0.076923,0.007407,1.650000,28.664552,1.576923,13.000000,0.622642
0.100000,1.000000,2.333333,26.201091,1.600000,10.000000,0.700000
0.125000,0.148637,2.211538,25.884772,2.061012,64.000000,0.688623
0.083333,1.000000,2.454545,24.498153,1.958128,29.000000,0.710526
0.083333,0.586647,8.333333,26.434733,1.696970,12.000000,0.892857
0.083333,0.001094,2.416667,27.983962,1.769231,14.000000,0.707317
0.166667,0.158103,2.000000,24.428088,1.651515,12.000000,0.666667
0.043478,0.302635,1.657143,13.791651,1.889328,23.000000,0.623656
0.043478,0.024093,2.065041,29.277394,2.051108,67.000000,0.673740
0.250000,0.359537,3.100000,17.701470,1.860000,25.000000,0.756098
0.062500,0.461123,3.250000,22.829750,1.883333,16.000000,0.764706
0.062500,0.114628,2.219298,28.694318,2.036364,66.000000,0.689373
0.083333,0.000000,3.083333,27.830888,1.516340,18.000000,0.755102
0.083333,0.735112,1.529412,24.149872,1.606061,12.000000,0.604651
0.090909,0.213138,2.096774,27.758187,1.768421,20.000000,0.677083
0.125000,0.011924,3.250000,22.829750,1.883333,16.000000,0.764706
0.083333,0.089289,2.135417,26.429651,2.035693,58.000000,0.681063
0.166667,0.008772,2.388889,24.625607,1.786765,17.000000,0.704918
0.100000,0.227378,4.333333,23.760376,1.422222,10.000000,0.812500
0.200000,0.033452,1.450000,28.057218,1.701754,19.000000,0.591837
0.076923,0.072522,2.055556,17.836372,1.819048,15.000000,0.672727
0.047619,0.017155,2.116667,29.001937,2.051108,67.000000,0.679144
0.076923,0.044980,2.038462,25.764739,1.800000,20.000000,0.670886
0.100000,0.601506,1.450000,28.057218,1.701754,19.000000,0.591837
0.100000,0.090909,2.307692,28.854527,1.333333,10.000000,0.697674
0.142857,0.574804,1.421053,28.954097,1.686275,18.000000,0.586957
0.250000,0.601506,1.450000,28.057218,1.701754,19.000000,0.591837
0.125000,1.000000,2.500000,30.000000,1.464286,8.000000,0.714286
0.250000,0.153258,2.529412,23.106243,1.786765,17.000000,0.716667
0.250000,0.112360,1.666667,26.540014,1.166667,4.000000,0.625000
0.076923,0.155404,1.628571,26.505511,1.836842,20.000000,0.619565
0.090909,0.736606,3.571429,23.380214,1.545455,11.000000,0.781250
0.125000,0.231526,2.272727,21.783624,1.333333,9.000000,0.694444
0.142857,0.781417,1.869565,26.679467,1.641667,16.000000,0.651515
0.200000,1.000000,1.750000,30.000000,1.300000,5.000000,0.636364
0.200000,0.613980,4.888889,25.002012,1.919118,17.000000,0.830189
0.142857,0.374053,1.857143,26.458202,1.428571,7.000000,0.650000
0.200000,0.064900,2.125000,24.898671,1.515152,12.000000,0.680000
0.083333,0.151186,2.025000,28.515209,1.906667,25.000000,0.669421
0.250000,0.588069,2.534884,28.154358,1.840860,31.000000,0.717105
0.090909,0.350888,2.388889,25.880435,1.786765,17.000000,0.704918
0.200000,0.653100,3.000000,29.855480,1.400000,5.000000,0.750000
0.200000,0.246717,2.000000,24.960100,1.523810,7.000000,0.666667
0.125000,0.602768,2.666667,29.576454,1.638889,9.000000,0.727273
0.200000,0.469741,2.500000,28.243705,1.500000,5.000000,0.714286
0.100000,0.023604,2.190476,28.045747,1.561905,15.000000,0.686567
0.062500,1.000000,2.314286,26.634257,1.958128,29.000000,0.698276
0.062500,1.000000,1.727273,26.341917,1.716667,16.000000,0.633333
0.125000,1.000000,3.083333,25.566610,1.723810,15.000000,0.755102
0.200000,1.000000,3.555556,28.369794,1.780220,14.000000,0.780488
0.250000,1.000000,1.800000,14.619204,1.400000,6.000000,0.642857
0.100000,0.234534,2.071429,26.344633,1.666667,13.000000,0.674419
0.083333,0.353538,2.133333,23.969041,1.515152,12.000000,0.680851
0.083333,0.413114,1.645161,27.929378,1.575000,16.000000,0.621951
0.200000,1.000000,1.625000,24.987149,1.535714,8.000000,0.619048
0.200000,0.459459,3.500000,27.308529,1.300000,5.000000,0.777778
0.111111,0.057709,1.625000,19.631522,1.823529,17.000000,0.619048
0.125000,0.052450,1.889655,29.137192,2.057143,71.000000,0.653938
0.038462,0.376927,4.578947,27.234479,1.929231,26.000000,0.820755
0.038462,0.726047,2.480769,27.608863,1.837790,34.000000,0.712707
0.062500,0.013201,1.736842,27.380203,1.825397,28.000000,0.634615
0.062500,0.594029,3.400000,24.488298,1.983333,16.000000,0.772727
0.125000,0.457080,3.782609,28.929358,1.929231,26.000000,0.790909
0.083333,0.193716,2.086957,27.929422,1.917989,28.000000,0.676056
0.200000,0.132037,1.828571,25.232635,1.581699,18.000000,0.646465
0.076923,0.006211,1.857143,29.208071,1.979839,32.000000,0.650000
0.076923,0.058285,1.785714,20.433395,1.632353,17.000000,0.641026
0.250000,0.740476,2.515152,27.629553,1.605263,20.000000,0.715517
0.250000,0.090508,2.347826,25.419276,1.852632,20.000000,0.701299
0.142857,0.708539,2.567568,27.360407,1.627706,22.000000,0.719697
0.142857,0.694247,2.600000,24.466429,1.428571,7.000000,0.722222
0.062500,0.698653,2.352941,24.672340,1.808333,16.000000,0.701754
0.062500,0.004255,3.181818,23.628119,1.833333,16.000000,0.760870
0.111111,0.000000,1.916667,25.386307,1.596491,19.000000,0.657143
0.166667,0.004255,1.882353,26.306695,1.418182,11.000000,0.653061
0.045455,0.214262,1.230769,14.788925,1.976667,25.000000,0.551724
0.045455,0.836555,2.416667,27.320424,1.975369,29.000000,0.707317
0.200000,0.165953,3.700000,27.408990,1.589744,13.000000,0.787234
0.071429,0.290722,1.784314,29.488945,1.979839,32.000000,0.640845
0.071429,0.229520,1.625000,28.361467,1.718954,18.000000,0.619048
0.062500,0.586317,2.130435,27.243877,1.700000,16.000000,0.680556
0.062500,0.179579,2.083333,26.443139,1.690476,21.000000,0.675676
0.071429,0.229520,1.625000,28.361467,1.718954,18.000000,0.619048
0.071429,0.368858,1.806452,22.276439,1.633987,18.000000,0.643678
0.125000,0.173320,3.000000,24.669182,1.357143,8.000000,0.750000
0.200000,0.374210,1.700000,24.644362,1.527778,9.000000,0.629630
0.142857,1.000000,2.050000,24.508367,1.378788,12.000000,0.672131
0.200000,0.822935,2.725000,27.644093,1.840860,31.000000,0.731544
0.066667,0.052579,1.933333,27.703907,1.780952,21.000000,0.659091
0.076923,0.420542,2.923077,29.688626,1.648352,14.000000,0.745098
0.076923,0.223040,1.230769,14.788925,1.976667,25.000000,0.551724
0.111111,0.223040,1.230769,14.788925,1.976667,25.000000,0.551724
0.111111,0.273131,2.800000,17.281788,1.611111,9.000000,0.736842
0.125000,0.072540,2.061224,26.648439,1.967816,30.000000,0.673333
0.200000,0.708602,3.500000,28.630421,1.854497,28.000000,0.777778
0.200000,1.000000,2.444444,27.990121,1.709091,11.000000,0.709677
0.200000,0.051973,1.625000,27.224988,1.718954,18.000000,0.619048
0.071429,0.042556,3.312500,28.448921,1.600000,16.000000,0.768116
0.071429,0.285981,1.666667,27.358368,1.758242,14.000000,0.625000
0.250000,0.897187,5.000000,29.820180,1.166667,4.000000,0.833333
0.250000,0.916032,5.000000,29.820180,1.166667,4.000000,0.833333
0.200000,0.051973,1.625000,27.224988,1.718954,18.000000,0.619048
0.090909,0.347754,1.714286,27.391605,1.698529,17.000000,0.631579
0.076923,0.555977,1.705882,26.587477,1.573529,17.000000,0.630435
0.100000,0.063749,2.116667,29.001937,2.051108,67.000000,0.679144
0.052632,0.107545,3.333333,25.347190,1.842105,20.000000,0.769231
0.111111,0.573583,1.666667,23.604897,1.583333,9.000000,0.625000
0.062500,0.124933,2.368421,27.095155,1.708333,16.000000,0.703125
0.071429,0.121166,2.058824,27.658700,1.615385,14.000000,0.673077
0.071429,0.757503,1.533333,19.622413,1.561905,15.000000,0.605263
0.111111,0.448383,1.409091,29.967533,1.681319,14.000000,0.584906
0.111111,0.573583,1.666667,23.604897,1.583333,9.000000,0.625000
0.050000,0.055962,1.975904,27.338437,2.078892,82.000000,0.663968
0.055556,0.340337,1.821429,22.235501,1.972414,30.000000,0.645570
0.055556,0.354754,3.413793,26.552069,1.636364,22.000000,0.773438
0.071429,0.815353,1.689655,15.220395,1.874459,22.000000,0.628205
0.066667,0.058092,2.157895,27.828176,1.846667,25.000000,0.683333
0.047619,0.543198,1.425532,25.202190,1.839572,34.000000,0.587719
0.052632,0.543198,1.425532,25.202190,1.839572,34.000000,0.587719
0.052632,0.000000,2.944444,27.205490,1.690058,19.000000,0.746479
0.200000,0.338297,1.903846,28.724503,1.983957,34.000000,0.655629
0.041667,0.042333,2.081967,29.228249,2.051108,67.000000,0.675532
0.083333,0.172705,2.400000,28.960762,1.896552,30.000000,0.705882
0.083333,0.120685,4.714286,25.699989,1.500000,12.000000,0.825000
0.066667,0.126121,3.714286,28.543372,1.504762,15.000000,0.787879
0.062500,0.485651,1.958333,27.583752,1.658333,16.000000,0.661972
0.142857,0.289825,2.277778,27.019262,1.846667,25.000000,0.694915
0.111111,0.353874,2.000000,28.883042,1.751323,28.000000,0.666667
0.058824,1.000000,2.350000,28.219129,1.742647,17.000000,0.701493
0.111111,0.059617,1.931818,27.242928,1.917379,27.000000,0.658915
0.200000,0.091954,2.333333,30.000000,1.300000,5.000000,0.700000
0.071429,0.334266,1.409091,29.967533,1.681319,14.000000,0.584906
0.071429,0.763131,1.452830,18.206702,2.002646,28.000000,0.592308
0.071429,0.320710,3.166667,28.116698,1.648352,14.000000,0.760000
0.090909,0.763131,1.452830,18.206702,2.002646,28.000000,0.592308
0.090909,0.249494,3.800000,21.065124,1.745455,11.000000,0.791667
0.058824,0.194416,1.824675,28.714442,2.071157,73.000000,0.645977
0.058824,0.436820,1.791667,25.581658,1.720588,17.000000,0.641791
0.111111,0.106918,1.700000,21.569287,1.530303,12.000000,0.629630
0.111111,0.089415,2.205128,28.666773,1.924731,31.000000,0.688000
0.062500,0.495712,2.789474,29.425297,1.600000,16.000000,0.736111
0.100000,0.066001,1.821429,22.235501,1.972414,30.000000,0.645570
0.071429,0.196267,2.037736,28.738534,1.751323,28.000000,0.670807
0.043478,0.073157,2.133333,27.181690,1.917989,28.000000,0.680851
0.055556,0.817766,1.615385,26.871898,1.710526,20.000000,0.617647
0.055556,0.259854,1.735294,29.343628,1.640523,18.000000,0.634409
0.111111,0.817766,1.615385,26.871898,1.710526,20.000000,0.617647
0.111111,0.004082,6.500000,30.000000,1.916667,9.000000,0.866667
0.111111,0.817766,1.615385,26.871898,1.710526,20.000000,0.617647
0.111111,0.016043,6.500000,30.000000,1.916667,9.000000,0.866667
0.200000,0.005030,2.000000,29.174013,1.738562,18.000000,0.666667
0.055556,0.060897,1.971751,28.103755,2.110131,87.000000,0.663498
0.055556,0.005030,2.000000,29.174013,1.738562,18.000000,0.666667
0.166667,0.016529,1.800000,29.786746,1.400000,6.000000,0.642857
0.166667,0.406108,3.000000,21.722452,1.476190,7.000000,0.750000
0.083333,0.258839,4.888889,27.117486,2.005848,19.000000,0.830189
0.083333,0.031096,1.687500,23.995397,1.590909,12.000000,0.627907
0.083333,0.395057,3.066667,27.761478,1.720588,17.000000,0.754098
0.142857,0.038094,2.375000,29.928747,1.648352,14.000000,0.703704
0.125000,0.004082,3.000000,25.529202,1.653846,13.000000,0.750000
0.166667,1.000000,3.625000,15.507724,2.169118,17.000000,0.783784
0.166667,0.754180,1.538462,28.895081,1.555556,10.000000,0.606061
0.250000,1.000000,2.000000,27.246306,1.000000,4.000000,0.666667
0.250000,0.762272,1.700000,24.644362,1.527778,9.000000,0.629630
0.043478,0.253034,2.794118,27.519510,1.939394,33.000000,0.736434
0.043478,0.263120,1.736842,27.869986,1.814229,23.000000,0.634615
0.043478,0.041875,4.652174,27.319956,1.636364,23.000000,0.823077
0.043478,0.263120,1.736842,27.869986,1.814229,23.000000,0.634615
0.071429,0.111682,1.756098,27.209418,1.722944,22.000000,0.637168
0.166667,0.305142,3.666667,28.126497,1.266667,6.000000,0.785714
0.076923,0.999998,1.409091,29.727720,1.835165,14.000000,0.584906
0.076923,0.303353,4.750000,29.014123,1.512821,13.000000,0.826087
0.071429,0.336128,2.194444,24.932691,1.798419,23.000000,0.686957
0.071429,0.000000,1.636364,29.565873,1.604396,14.000000,0.620690
0.071429,0.046473,2.575000,28.362833,1.964706,35.000000,0.720280
0.071429,0.999998,1.409091,29.752385,1.835165,14.000000,0.584906
0.043478,0.000000,3.250000,28.596647,2.284585,23.000000,0.764706
0.043478,0.336128,2.194444,24.932691,1.798419,23.000000,0.686957
0.166667,0.981925,5.333333,21.503993,2.066667,10.000000,0.842105
0.166667,0.719788,4.000000,20.455496,1.476190,7.000000,0.800000
0.111111,0.244653,2.178571,26.282754,1.959002,34.000000,0.685393
0.142857,0.071129,1.800000,21.631615,1.703297,14.000000,0.642857
0.142857,0.606662,3.629630,27.664940,1.931217,28.000000,0.784000
0.166667,1.000000,1.765625,23.713063,1.992888,38.000000,0.638418
0.125000,0.358512,1.904762,28.926517,1.512821,13.000000,0.655738
0.125000,0.234414,1.750000,29.877133,1.615385,14.000000,0.636364
0.125000,0.467718,1.625000,23.601678,1.566667,16.000000,0.619048
0.052632,0.071702,2.944444,27.728088,1.690058,19.000000,0.746479
0.285714,0.176504,2.000000,28.316334,1.333333,7.000000,0.666667
0.041667,0.160246,1.958580,28.228612,2.100115,84.000000,0.662000
0.083333,0.376264,2.125000,24.898671,1.515152,12.000000,0.680000
0.083333,0.505999,2.035714,24.624370,1.933468,32.000000,0.670588
0.050000,0.209263,1.736842,25.326705,1.663158,20.000000,0.634615
0.050000,0.243239,1.648352,26.846976,1.992308,40.000000,0.622407
0.100000,0.261553,1.650000,27.191919,1.663158,20.000000,0.622642
0.166667,0.046332,1.690476,29.088435,1.661905,21.000000,0.628319
0.166667,0.046512,2.666667,24.176941,1.533333,6.000000,0.727273
0.166667,0.855695,1.562500,27.156407,1.545455,11.000000,0.609756
0.125000,0.613017,2.571429,29.649787,1.357143,8.000000,0.720000
0.125000,0.556964,1.533333,23.674646,1.488889,10.000000,0.605263
0.058824,0.039320,1.894737,25.784553,1.911765,17.000000,0.654545
0.058824,0.049679,2.338462,25.746525,2.005398,39.000000,0.700461
0.166667,0.009882,2.794118,27.701833,1.939394,33.000000,0.736434
0.166667,0.147849,1.833333,22.942622,1.266667,6.000000,0.647059
0.125000,0.004016,2.202899,26.480053,2.004049,39.000000,0.687783
0.083333,0.881162,2.880000,24.446910,1.880000,25.000000,0.742268
0.076923,0.180856,2.560976,28.528374,1.993651,36.000000,0.719178
0.100000,0.013272,2.259259,26.498871,1.959002,34.000000,0.693182
0.100000,0.329482,2.181818,20.771252,1.636364,11.000000,0.685714
0.200000,0.293960,10.000000,30.000000,1.000000,5.000000,0.909091
0.200000,0.500747,10.000000,30.000000,1.000000,5.000000,0.909091
0.100000,0.125909,1.820000,25.986322,1.775385,26.000000,0.645390
0.100000,0.009524,1.357143,26.342128,1.688889,10.000000,0.575758
0.083333,0.540857,1.533333,21.456606,1.561905,15.000000,0.605263
0.111111,0.347383,1.230769,18.733626,1.611111,9.000000,0.551724
0.125000,0.640337,3.714286,28.543372,1.504762,15.000000,0.787879
0.058824,0.302299,1.231707,21.951970,1.914773,33.000000,0.551913
0.058824,0.813394,3.157895,29.835194,1.595588,17.000000,0.759494
0.066667,0.256329,2.117647,14.657367,1.752381,15.000000,0.679245
0.066667,0.814727,3.157895,29.618233,1.595588,17.000000,0.759494
0.142857,0.876015,1.555556,25.314043,1.333333,7.000000,0.608696
0.142857,0.072159,2.004926,27.935442,2.111842,96.000000,0.667213
0.166667,0.900014,1.666667,16.519212,1.333333,6.000000,0.625000
0.076923,0.878813,2.215686,26.222465,2.043892,62.000000,0.689024
0.055556,0.890289,1.975728,28.494637,2.111842,96.000000,0.663948
0.055556,0.034691,1.809524,20.734608,1.947712,18.000000,0.644068
0.090909,0.391107,1.529412,21.167591,1.527273,11.000000,0.604651
0.142857,0.080000,1.714286,18.209118,1.428571,7.000000,0.631579
0.142857,0.879519,1.901869,29.211069,2.111842,96.000000,0.655395
0.058824,0.765256,2.571429,23.685030,1.903409,33.000000,0.720000
0.125000,0.836775,1.952663,27.831356,2.089627,83.000000,0.661323
0.125000,0.544122,1.750000,21.332086,1.500000,8.000000,0.636364
0.040000,0.879519,1.901869,29.211069,2.111842,96.000000,0.655395
0.083333,0.806325,1.886792,26.617942,2.044162,58.000000,0.653595
0.083333,0.526165,2.333333,27.734644,1.696970,22.000000,0.700000
0.047619,0.251848,1.617647,27.139898,1.804762,21.000000,0.617978
0.047619,0.865631,1.956757,28.352706,2.128589,90.000000,0.661792
0.100000,0.495520,4.333333,23.760376,1.422222,10.000000,0.812500
0.066667,0.793439,1.889655,29.137192,2.057143,71.000000,0.653938
0.125000,0.848722,2.000000,28.529441,2.057143,71.000000,0.666667
0.090909,0.857882,1.956284,28.119055,2.120020,89.000000,0.661738
0.100000,0.019580,2.202899,27.550702,2.004049,39.000000,0.687783
0.045455,0.098023,2.388889,28.399788,1.924731,31.000000,0.704918
0.100000,0.408451,1.923077,14.104161,1.545455,11.000000,0.657895
0.100000,0.335628,2.333333,21.835079,1.533333,10.000000,0.700000
0.062500,0.031035,2.043478,24.616598,1.641667,16.000000,0.671429
0.071429,0.183422,2.448980,27.502284,2.000000,39.000000,0.710059
0.142857,0.321616,2.500000,26.400604,1.523810,7.000000,0.714286
0.142857,0.787271,2.142857,29.135306,1.743590,13.000000,0.681818
0.142857,1.000000,1.916667,27.904972,1.533333,10.000000,0.657143
0.100000,0.246073,4.000000,26.719830,1.466667,10.000000,0.800000
0.066667,0.030126,1.477064,29.162746,2.000000,42.000000,0.596296
0.071429,0.536145,1.761905,28.662467,1.593407,14.000000,0.637931
0.076923,1.000000,1.560000,30.000000,1.500000,13.000000,0.609375
0.200000,0.300099,1.678571,29.692127,1.795322,19.000000,0.626667
0.200000,0.300099,1.678571,29.692127,1.795322,19.000000,0.626667
0.071429,0.536145,1.761905,28.662467,1.593407,14.000000,0.637931
0.100000,0.160305,2.000000,25.403207,1.644444,10.000000,0.666667
0.142857,0.643413,3.157895,29.169965,1.861905,21.000000,0.759494
0.166667,0.919666,1.666667,29.901575,1.743590,13.000000,0.625000
0.142857,0.050961,1.661972,28.264828,2.038095,36.000000,0.624339
0.142857,0.218946,2.769231,23.910651,1.641026,13.000000,0.734694
0.047619,0.655991,1.505618,25.930744,1.839572,34.000000,0.600897
0.076923,0.655991,1.505618,25.930744,1.839572,34.000000,0.600897
0.076923,0.781661,2.944444,27.850675,1.690058,19.000000,0.746479
0.200000,0.506769,1.504673,29.403564,2.000000,42.000000,0.600746
0.083333,0.080498,1.558824,26.494689,1.632353,17.000000,0.609195
0.200000,0.475831,1.617647,27.139898,1.804762,21.000000,0.617978
0.090909,0.105630,2.018182,24.564908,2.000000,36.000000,0.668675
0.066667,0.375000,1.406250,9.955046,1.871429,21.000000,0.584416
0.166667,0.398264,2.000000,19.628112,1.466667,6.000000,0.666667
0.142857,0.222346,1.231707,21.951970,1.914773,33.000000,0.551913
0.090909,0.170521,1.968254,29.904702,1.991026,40.000000,0.663102
0.090909,0.016659,2.166667,27.347933,1.696970,12.000000,0.684211
0.090909,0.311426,2.126582,29.044696,2.017422,42.000000,0.680162
0.166667,0.759323,2.000000,24.961608,1.743590,13.000000,0.666667
0.076923,0.089097,1.515152,22.673205,1.901210,32.000000,0.602410
0.076923,0.738695,1.466667,27.629090,1.942105,20.000000,0.594595
0.200000,0.418398,2.111111,27.172099,1.947712,18.000000,0.678571
0.200000,0.349778,1.714286,6.490613,1.604396,14.000000,0.631579
0.100000,0.600000,1.406250,9.955046,1.871429,21.000000,0.584416
0.200000,0.626985,3.000000,29.568638,1.861905,21.000000,0.750000
0.100000,0.102907,1.357143,22.209441,1.688889,10.000000,0.575758
0.166667,1.000000,2.105263,24.779898,1.919118,17.000000,0.677966
0.200000,0.342008,2.687500,26.453461,1.641667,16.000000,0.728814
0.142857,0.221989,1.687500,23.995397,1.590909,12.000000,0.627907
0.058824,0.262181,1.558824,11.030839,1.943723,22.000000,0.609195
0.058824,0.868747,1.794872,28.692624,1.631579,20.000000,0.642202
0.125000,0.760867,2.031250,29.639953,1.619883,19.000000,0.670103
0.125000,1.000000,1.769231,26.493855,1.704762,21.000000,0.638889
0.250000,0.481285,2.392157,27.753442,1.835227,33.000000,0.705202
0.111111,0.837203,1.230769,18.733626,1.611111,9.000000,0.551724
0.052632,0.193217,1.500000,18.603312,1.731602,22.000000,0.600000
0.052632,0.119009,1.656250,28.453760,1.690058,19.000000,0.623529
0.166667,0.027598,1.757576,27.695837,1.694737,20.000000,0.637363
0.125000,0.222889,1.714286,28.893671,1.735294,17.000000,0.631579
0.125000,0.342524,3.333333,26.116958,1.821429,8.000000,0.769231
0.066667,0.219636,2.117647,14.657367,1.752381,15.000000,0.679245
0.166667,0.665377,1.705882,25.611161,1.560606,12.000000,0.630435
0.166667,1.000000,2.666667,26.466910,1.533333,6.000000,0.727273
0.111111,0.665377,1.705882,25.611161,1.560606,12.000000,0.630435
0.111111,0.347415,2.444444,25.893173,1.388889,9.000000,0.709677
0.090909,1.000000,1.406250,19.196438,1.871429,21.000000,0.584416
0.125000,0.089198,2.414634,26.149231,2.324948,54.000000,0.707143
0.083333,0.000000,1.681818,29.425886,1.943020,27.000000,0.627119
0.083333,1.000000,1.476190,13.515526,1.606061,12.000000,0.596154
0.111111,0.055212,1.666667,27.859729,1.621212,12.000000,0.625000
0.166667,0.721410,2.166667,27.347933,1.696970,12.000000,0.684211
0.071429,0.125715,1.826087,22.610209,1.823529,17.000000,0.646154
0.125000,0.335511,2.600000,20.829256,1.607143,8.000000,0.722222
0.166667,0.154021,2.660000,26.862984,1.993902,41.000000,0.726776
0.066667,1.000000,1.782609,26.040000,1.980392,18.000000,0.640625
0.142857,0.852747,1.875000,29.622935,1.743590,13.000000,0.652174
0.058824,0.042123,2.126582,28.231189,2.017422,42.000000,0.680162
0.058824,1.000000,2.105263,24.779898,1.919118,17.000000,0.677966
0.024390,0.181810,1.955224,27.803022,2.046341,41.000000,0.661616
0.024390,0.042316,2.185714,28.913286,2.031884,46.000000,0.686099
0.111111,0.130216,1.734177,28.484950,2.066667,40.000000,0.634259
0.111111,0.344542,1.538462,16.599726,1.444444,9.000000,0.606061
0.100000,0.020134,1.789474,22.406611,1.752381,15.000000,0.641509
0.250000,0.541080,2.400000,29.245151,1.476190,7.000000,0.705882
0.040000,0.124108,1.957447,25.253834,1.693333,25.000000,0.661871
0.040000,1.000000,2.040000,27.347867,2.034615,40.000000,0.671053
0.142857,1.000000,2.166667,28.886957,1.380952,7.000000,0.684211
0.142857,1.000000,2.318182,27.340459,2.337662,56.000000,0.698630
0.111111,0.723669,1.357143,27.464923,1.688889,10.000000,0.575758
0.111111,0.181914,1.884615,25.466114,1.772080,27.000000,0.653333
0.090909,0.005458,1.915254,28.444399,1.808602,31.000000,0.656977
0.111111,0.319250,2.111111,27.893613,1.472222,9.000000,0.678571
0.125000,0.167464,2.769231,23.910651,1.641026,13.000000,0.734694
0.200000,0.049667,1.681818,28.853380,1.943020,27.000000,0.627119
0.100000,0.426372,1.489583,28.543052,1.833613,35.000000,0.598326
0.090909,0.166286,1.461538,22.944905,1.890000,25.000000,0.593750
0.058824,1.000000,2.055556,27.546638,1.988304,19.000000,0.672727
0.058824,0.199136,2.812500,26.099242,1.838235,17.000000,0.737705
0.111111,0.086074,1.425000,24.830144,1.890000,25.000000,0.587629
0.250000,0.255463,1.545455,29.401803,1.527778,9.000000,0.607143
0.250000,0.311987,1.545455,29.401803,1.527778,9.000000,0.607143
0.250000,0.229639,4.000000,25.455782,1.333333,4.000000,0.800000
0.250000,0.550259,11.000000,29.843126,1.577778,10.000000,0.916667
0.125000,0.686676,1.568182,29.425566,1.896667,25.000000,0.610619
0.090909,0.005868,2.142857,28.425290,1.545455,12.000000,0.681818
0.125000,0.153497,2.137255,28.292648,1.689459,27.000000,0.681250
0.090909,0.037037,1.418605,26.738797,1.892308,26.000000,0.586538
0.250000,0.545875,1.550000,29.649868,1.681319,14.000000,0.607843
0.200000,0.578595,7.000000,28.847788,1.300000,5.000000,0.875000
0.047619,0.122715,1.931034,28.954837,1.703704,28.000000,0.658824
0.047619,0.064806,1.425000,28.950801,1.757143,21.000000,0.587629
0.166667,1.000000,2.500000,20.643600,1.333333,6.000000,0.714286
0.076923,0.405517,1.519608,29.618716,1.837838,37.000000,0.603113
0.076923,0.575621,1.909091,14.153542,1.945652,24.000000,0.656250
0.125000,0.232149,10.666667,26.701952,1.725275,14.000000,0.914286
0.125000,0.343464,2.333333,30.000000,1.535714,8.000000,0.700000
0.142857,0.174570,1.833333,26.162295,1.476190,7.000000,0.647059
0.166667,0.179008,2.655172,25.757006,1.816667,25.000000,0.726415
0.083333,1.000000,1.625000,19.143716,1.696970,12.000000,0.619048
0.083333,0.369251,1.617647,27.139898,1.804762,21.000000,0.617978
0.200000,0.114011,3.153846,29.595339,2.200000,30.000000,0.759259
0.083333,0.842163,2.214286,8.014702,1.530303,12.000000,0.688889
0.083333,1.000000,1.625000,16.409813,1.696970,12.000000,0.619048
0.100000,0.221194,2.937500,29.068280,1.899194,32.000000,0.746032
0.100000,0.738487,2.062500,28.318237,1.815315,37.000000,0.673469
0.250000,0.124337,1.857143,30.000000,1.535714,8.000000,0.650000
0.250000,0.124337,1.857143,30.000000,1.535714,8.000000,0.650000
0.142857,0.322060,1.600000,30.000000,1.238095,7.000000,0.615385
0.142857,0.322060,1.600000,30.000000,1.238095,7.000000,0.615385
0.250000,0.163387,1.909091,28.589249,1.533333,10.000000,0.656250
0.040000,0.599460,1.661972,28.264828,2.038095,36.000000,0.624339
0.040000,0.565530,1.468085,26.905575,1.896667,25.000000,0.594828
0.035714,0.688847,1.775862,27.380975,1.956989,31.000000,0.639752
0.071429,0.013693,2.117647,27.404426,1.604396,14.000000,0.679245
0.071429,0.642256,1.700000,28.017446,1.925926,27.000000,0.629630
0.125000,0.671432,1.772727,27.918489,2.023529,35.000000,0.639344
0.052632,0.297966,1.375000,23.916692,1.888889,19.000000,0.578947
0.052632,0.778054,1.812500,28.556597,2.166667,48.000000,0.644444
0.100000,0.741790,1.845238,27.272316,2.198990,45.000000,0.648536
0.142857,0.496275,2.833333,30.000000,1.190476,7.000000,0.739130
0.142857,0.619652,1.346154,23.842493,1.838095,15.000000,0.573770
0.090909,0.911479,3.857143,24.811420,1.563636,11.000000,0.794118
0.090909,0.155840,2.305556,28.210747,2.027482,48.000000,0.697479
0.083333,0.038603,1.550000,24.918073,1.575758,12.000000,0.607843
0.083333,0.495963,1.711111,27.468599,1.692641,22.000000,0.631148
0.142857,0.299434,2.636364,30.000000,1.621212,12.000000,0.725000
0.050000,0.907017,1.552632,18.415847,1.904762,21.000000,0.608247
0.050000,0.000000,2.500000,28.256856,1.805263,20.000000,0.714286
0.125000,0.000000,2.000000,30.000000,1.464286,8.000000,0.666667
0.125000,0.907017,1.552632,18.415847,1.904762,21.000000,0.608247
0.076923,1.000000,6.250000,28.094427,1.717949,13.000000,0.862069
0.076923,0.708631,1.346154,23.842493,1.838095,15.000000,0.573770
0.125000,0.907017,1.552632,18.415847,1.904762,21.000000,0.608247
0.125000,0.000000,2.000000,30.000000,1.464286,8.000000,0.666667
0.083333,0.148669,1.418605,27.636171,1.892308,26.000000,0.586538
0.111111,1.000000,1.928571,20.530514,1.857143,15.000000,0.658537
0.111111,0.198258,1.418605,26.738797,1.892308,26.000000,0.586538
0.142857,0.073191,2.714286,25.791601,1.889706,17.000000,0.730769
0.142857,0.514439,1.826087,28.609185,1.986928,18.000000,0.646154
0.200000,0.418519,2.032787,29.712578,1.991026,40.000000,0.670270
0.100000,0.034472,1.307692,12.702737,1.688889,10.000000,0.566667
0.100000,0.407581,1.918919,28.823278,1.987315,44.000000,0.657407
0.037037,0.576873,1.519608,29.618716,1.837838,37.000000,0.603113
0.037037,0.648857,1.946429,29.419465,1.689459,27.000000,0.660606
0.076923,0.778427,1.558824,11.030839,1.943723,22.000000,0.609195
0.111111,0.416891,4.200000,25.491876,1.444444,9.000000,0.807692
0.200000,0.008621,3.000000,27.299036,1.400000,5.000000,0.750000
0.058824,0.787612,1.760000,26.925889,1.676471,17.000000,0.637681
0.058824,0.700843,1.957447,25.253834,1.693333,25.000000,0.661871
0.083333,0.004255,1.666667,29.125817,1.615385,14.000000,0.625000
0.066667,0.013769,1.627907,29.007387,1.978462,26.000000,0.619469
0.066667,0.948150,1.552632,18.415847,1.904762,21.000000,0.608247
0.125000,0.474654,3.333333,30.000000,2.107143,8.000000,0.769231
0.125000,0.227171,1.666667,28.489003,1.978462,26.000000,0.625000
0.125000,0.291823,3.333333,30.000000,2.107143,8.000000,0.769231
0.125000,0.227171,1.666667,28.489003,1.978462,26.000000,0.625000
0.125000,0.399751,2.500000,29.981603,1.861905,21.000000,0.714286
0.125000,0.399751,2.500000,29.981603,1.861905,21.000000,0.714286
0.166667,0.072408,3.043478,27.739555,2.179487,27.000000,0.752688
0.250000,0.582513,1.600000,28.918328,1.533333,6.000000,0.615385
0.071429,0.712555,2.722222,28.154639,1.591667,16.000000,0.731343
0.071429,0.221400,1.681818,24.660347,1.708333,16.000000,0.627119
0.076923,0.713140,4.750000,29.096463,1.512821,13.000000,0.826087
0.076923,0.104861,2.575000,28.362833,1.964706,35.000000,0.720280
0.166667,0.468705,2.928571,29.895795,2.200000,30.000000,0.745455
0.200000,1.000000,5.000000,30.000000,1.000000,5.000000,0.833333
0.142857,0.115913,1.366667,28.235294,1.713235,17.000000,0.577465
0.200000,0.593437,2.333333,30.000000,1.300000,5.000000,0.700000
0.040000,0.029889,1.392405,28.189111,1.926136,33.000000,0.582011
0.040000,0.029889,1.392405,28.189111,1.926136,33.000000,0.582011
0.066667,0.004255,2.400000,29.745872,1.657143,15.000000,0.705882
0.111111,1.000000,5.750000,30.000000,1.388889,9.000000,0.851852
0.142857,0.407164,1.230769,29.895417,1.828571,15.000000,0.551724
0.250000,1.000000,1.714286,17.564064,1.750000,9.000000,0.631579
0.200000,0.132392,2.400000,26.361747,1.476190,7.000000,0.705882
0.200000,0.879615,2.500000,29.981603,1.861905,21.000000,0.714286
0.142857,0.708080,2.121212,28.929446,1.865613,23.000000,0.679612
0.055556,0.517677,1.276596,24.900592,1.877470,23.000000,0.560748
0.142857,0.889699,1.543478,29.628986,1.661905,21.000000,0.606838
0.071429,0.732502,1.789474,22.406611,1.752381,15.000000,0.641509
0.071429,0.080760,1.852459,29.605005,1.808602,31.000000,0.649425
0.090909,0.864940,2.066667,29.298779,1.819048,21.000000,0.673913
0.090909,1.000000,1.529412,15.520748,1.527273,11.000000,0.604651
0.083333,0.517677,1.276596,24.900592,1.877470,23.000000,0.560748
0.083333,0.055456,2.052632,30.000000,1.424242,12.000000,0.672414
0.090909,0.716569,1.833333,23.320812,1.681319,14.000000,0.647059
0.142857,0.059111,1.555556,30.000000,1.333333,7.000000,0.608696
0.142857,0.046271,1.555556,30.000000,1.333333,7.000000,0.608696
0.142857,0.200028,1.600000,30.000000,1.238095,7.000000,0.615385
0.066667,1.000000,1.473684,29.677091,1.695906,19.000000,0.595745
0.062500,0.629821,1.392857,28.584702,1.691667,16.000000,0.582090
0.071429,0.599216,1.761905,28.060445,1.593407,14.000000,0.637931
0.142857,1.000000,1.774194,28.546382,1.640523,18.000000,0.639535
0.200000,0.764280,7.000000,28.530696,1.300000,5.000000,0.875000
0.043478,0.730507,1.017241,23.661101,1.984190,23.000000,0.504274
0.043478,0.297692,1.690476,27.974298,1.997151,27.000000,0.628319
0.071429,0.599216,1.761905,28.060445,1.593407,14.000000,0.637931
0.055556,0.545462,1.490196,23.297061,1.727273,23.000000,0.598425
0.055556,1.000000,1.774194,28.546382,1.640523,18.000000,0.639535
0.083333,0.109268,2.045455,28.965671,2.051103,42.000000,0.671642
0.090909,0.006181,1.931034,29.417532,1.815054,31.000000,0.658824
0.090909,0.563657,2.800000,26.382110,1.563636,11.000000,0.736842
0.090909,0.285578,2.040000,29.692201,1.807882,29.000000,0.671053
0.200000,1.000000,1.750000,8.009981,1.300000,5.000000,0.636364
0.200000,0.734135,2.636364,27.165034,1.651515,12.000000,0.725000
0.111111,0.607869,1.476190,26.675358,1.813187,14.000000,0.596154
0.090909,0.912040,3.571429,29.296258,1.742647,17.000000,0.781250
0.071429,0.004255,2.382353,18.610252,1.793846,26.000000,0.704348
0.111111,0.430697,3.833333,28.293373,1.361111,9.000000,0.793103
0.111111,0.462441,1.636364,26.489273,1.500000,9.000000,0.620690
0.111111,0.430697,3.833333,28.293373,1.361111,9.000000,0.793103
0.111111,0.462441,1.636364,26.489273,1.500000,9.000000,0.620690
0.111111,0.684876,1.967033,27.431902,2.090846,54.000000,0.662963
0.062500,0.681364,2.256098,28.598829,2.203008,57.000000,0.692884
0.062500,0.132205,3.142857,25.023548,1.725000,16.000000,0.758621
0.058824,0.427969,1.971014,29.647722,2.047619,42.000000,0.663415
0.250000,0.057962,1.230769,28.269917,1.828571,15.000000,0.551724
0.047619,0.001306,2.076923,28.098530,2.051103,42.000000,0.675000
0.047619,0.645351,1.955056,27.648204,2.097968,53.000000,0.661597
0.100000,0.711121,2.303030,28.760897,2.013131,45.000000,0.697248
0.025641,0.645351,1.955056,27.648204,2.097968,53.000000,0.661597
0.025641,0.125227,1.594595,28.420321,1.833333,40.000000,0.614583
0.166667,0.645351,1.955056,27.648204,2.097968,53.000000,0.661597
0.166667,0.765638,1.875000,29.924245,1.000000,6.000000,0.652174
0.066667,0.637564,1.434783,24.380228,1.838095,15.000000,0.589286
0.066667,0.295503,1.711111,29.603847,1.666667,22.000000,0.631148
0.200000,0.008475,3.000000,29.374010,1.400000,5.000000,0.750000
0.111111,0.128301,2.046512,26.133919,1.790769,26.000000,0.671756
0.100000,1.000000,1.700000,9.150852,1.711111,10.000000,0.629630
0.100000,0.248792,2.633333,25.138076,1.858462,26.000000,0.724771
0.071429,1.000000,1.767442,27.734192,2.002646,28.000000,0.638655
0.083333,0.083668,2.117647,27.708922,1.604396,14.000000,0.679245
0.052632,0.000000,2.488372,27.442303,1.943182,33.000000,0.713333
0.090909,0.000000,2.888889,28.603669,1.618182,11.000000,0.742857
0.052632,0.024045,2.875000,27.192096,2.147692,26.000000,0.741935
0.052632,0.000000,1.727273,28.789674,2.002646,28.000000,0.633333
0.052632,0.152841,2.875000,27.192096,2.147692,26.000000,0.741935
0.142857,0.876168,1.250000,29.096492,1.786765,17.000000,0.555556
0.111111,0.501824,4.000000,28.628415,1.444444,9.000000,0.800000
0.166667,1.000000,2.166667,30.000000,1.133333,6.000000,0.684211
0.111111,0.094062,1.933333,28.959828,1.694737,20.000000,0.659091
0.052632,0.095993,2.000000,22.338084,1.795322,19.000000,0.666667
0.052632,0.163351,2.500000,28.975564,1.805263,20.000000,0.714286
0.058824,0.729799,1.725000,27.839628,1.896667,25.000000,0.633028
0.058824,1.000000,1.720000,26.610699,1.906433,19.000000,0.632353
0.200000,1.000000,1.800000,12.876014,1.945652,24.000000,0.642857
0.052632,0.834934,3.000000,24.523065,2.147692,26.000000,0.750000
0.052632,0.293904,1.866667,25.784866,1.795322,19.000000,0.651163
0.142857,0.290835,2.571429,27.183388,1.957895,20.000000,0.720000
0.125000,0.502511,2.142857,30.000000,1.638889,9.000000,0.681818
0.041667,1.000000,1.909091,15.367993,1.945652,24.000000,0.656250
0.041667,0.283402,1.519608,29.618716,1.837838,37.000000,0.603113
0.038462,0.834934,3.000000,24.523065,2.147692,26.000000,0.750000
0.038462,0.040629,2.560976,27.675761,1.931452,32.000000,0.719178
0.043478,0.511932,3.243243,17.779717,2.177809,38.000000,0.764331
0.043478,1.000000,1.600000,27.445662,2.039683,28.000000,0.615385
0.083333,0.004082,2.383721,27.541888,2.196175,61.000000,0.704467
0.083333,0.459974,1.400000,21.566069,1.681818,12.000000,0.583333
0.083333,0.041322,2.152174,24.249595,2.045455,33.000000,0.682759
0.090909,0.025974,3.428571,27.677101,1.672727,11.000000,0.774194
0.090909,0.776400,2.383721,27.541888,2.196175,61.000000,0.704467
0.058824,0.197937,3.125000,26.202605,1.713235,17.000000,0.757576
0.058824,0.776400,2.383721,27.541888,2.196175,61.000000,0.704467
0.025000,0.344967,2.383721,27.541888,2.196175,61.000000,0.704467
0.025000,0.027355,1.718447,29.757814,1.833333,40.000000,0.632143
0.090909,0.089655,3.428571,26.765109,1.672727,11.000000,0.774194
0.090909,0.456644,1.400000,21.860251,1.681818,12.000000,0.583333
0.090909,0.344967,2.383721,27.541888,2.196175,61.000000,0.704467
0.022727,0.008130,2.428571,28.387588,1.996829,44.000000,0.708333
0.022727,0.776400,2.383721,27.541888,2.196175,61.000000,0.704467
0.058824,0.083542,3.333333,25.097130,1.713235,17.000000,0.769231
0.025000,0.027355,1.718447,29.757814,1.833333,40.000000,0.632143
0.025000,0.776400,2.383721,27.541888,2.196175,61.000000,0.704467
0.090909,0.456644,1.400000,21.860251,1.681818,12.000000,0.583333
0.090909,0.776400,2.383721,27.541888,2.196175,61.000000,0.704467
0.022727,0.124772,2.272727,28.806659,2.056566,45.000000,0.694444
0.033333,0.291067,2.188679,21.977444,1.979832,35.000000,0.686391
0.033333,0.000000,1.825397,29.583058,1.735632,30.000000,0.646067
0.055556,0.485746,3.562500,25.322109,1.699346,18.000000,0.780822
0.055556,0.046463,2.511628,27.249722,2.196109,63.000000,0.715232
0.111111,0.061926,1.500000,29.783038,1.422222,10.000000,0.600000
0.111111,0.463074,4.000000,25.288099,1.648352,14.000000,0.800000
0.055556,0.485746,3.562500,25.322109,1.699346,18.000000,0.780822
0.055556,0.090909,2.511628,27.249722,2.196109,63.000000,0.715232
0.055556,0.488808,3.562500,25.116693,1.699346,18.000000,0.780822
0.083333,0.924474,1.826087,28.850151,1.986928,18.000000,0.646154
0.111111,0.058140,1.521739,21.186351,1.615385,14.000000,0.603448
0.076923,0.546321,1.833333,28.909069,1.703297,14.000000,0.647059
0.125000,0.444564,8.000000,28.600371,1.464286,8.000000,0.888889
0.125000,0.062709,1.555556,20.115983,1.692308,14.000000,0.608696
0.071429,0.068657,1.718447,29.757814,1.833333,40.000000,0.632143
0.071429,0.062709,1.555556,20.115983,1.692308,14.000000,0.608696
0.142857,0.000000,1.032787,27.602700,1.990769,26.000000,0.508065
0.037037,0.101777,1.486842,29.117647,1.942959,34.000000,0.597884
0.037037,0.101777,1.486842,29.117647,1.942959,34.000000,0.597884
0.090909,0.265428,3.428571,25.251369,1.618182,11.000000,0.774194
0.142857,0.315493,2.081081,28.696686,1.851449,24.000000,0.675439
0.090909,0.016393,2.888889,28.544556,1.618182,11.000000,0.742857
0.062500,0.279402,2.733333,28.871101,1.658333,16.000000,0.732143
0.083333,0.283876,1.326087,26.602613,1.916667,24.000000,0.570093
0.142857,0.004016,2.347826,28.087880,1.955437,34.000000,0.701299
0.142857,0.032258,1.483871,26.761788,1.716667,16.000000,0.597403
0.047619,0.110093,1.463415,13.730699,1.766667,21.000000,0.594059
0.047619,0.162378,3.172414,28.705667,1.713333,25.000000,0.760331
0.076923,0.173258,2.055556,27.095056,1.761905,15.000000,0.672727
0.076923,0.217108,1.560976,23.183239,1.786667,25.000000,0.609524
0.071429,0.110093,1.463415,13.730699,1.766667,21.000000,0.594059
0.071429,0.370370,1.444444,16.300636,1.868132,14.000000,0.590909
0.250000,0.674419,4.000000,15.027875,1.333333,4.000000,0.800000
0.200000,0.355496,2.714286,28.365780,1.750000,16.000000,0.730769
0.100000,0.343745,2.100000,28.332319,1.533333,10.000000,0.677419
0.111111,0.179940,1.953488,29.174016,1.771739,24.000000,0.661417
0.111111,0.733485,2.000000,25.596562,1.563636,11.000000,0.666667
0.041667,0.184734,1.320000,23.951731,1.935484,31.000000,0.568966
0.200000,0.801326,1.800000,21.307151,1.703297,14.000000,0.642857
0.200000,0.199021,2.642857,28.946243,1.525641,13.000000,0.725490
0.090909,0.903453,3.833333,29.909315,1.654545,11.000000,0.793103
0.090909,0.079730,1.820513,28.986589,1.783550,22.000000,0.645455
0.142857,0.042164,1.428571,26.704273,1.926136,33.000000,0.588235
0.111111,0.179940,1.953488,29.174016,1.771739,24.000000,0.661417
0.111111,0.733485,2.000000,25.596562,1.563636,11.000000,0.666667
0.200000,0.801326,1.800000,21.307151,1.703297,14.000000,0.642857
0.200000,0.199021,2.642857,28.946243,1.525641,13.000000,0.725490
0.142857,0.042164,1.428571,26.704273,1.926136,33.000000,0.588235
0.250000,0.474140,1.812500,30.000000,1.707602,19.000000,0.644444
0.090909,0.903453,3.833333,29.909315,1.654545,11.000000,0.793103
0.090909,0.079730,1.820513,28.986589,1.783550,22.000000,0.645455
0.083333,0.212385,2.400000,29.347623,1.757576,12.000000,0.705882
0.166667,0.165722,1.909091,29.420528,1.771739,24.000000,0.656250
0.250000,0.474140,1.812500,30.000000,1.707602,19.000000,0.644444
0.166667,0.165722,1.909091,29.420528,1.771739,24.000000,0.656250
0.041667,0.184734,1.320000,23.951731,1.935484,31.000000,0.568966
0.166667,0.440529,3.000000,28.566798,1.618182,11.000000,0.750000
0.142857,0.008065,1.966667,26.547282,2.055385,26.000000,0.662921
0.200000,0.003984,7.000000,30.000000,1.300000,5.000000,0.875000
0.050000,0.003984,1.819820,28.179933,1.828350,43.000000,0.645367
0.125000,1.000000,1.777778,14.013933,1.428571,8.000000,0.640000
0.142857,0.309518,1.896552,28.343271,2.080952,21.000000,0.654762
0.142857,0.000000,3.400000,27.211438,1.190476,7.000000,0.772727
0.076923,0.028571,1.173913,20.134692,1.807692,13.000000,0.540000
0.125000,0.660809,1.857143,30.000000,1.607143,8.000000,0.650000
0.090909,0.008547,2.363636,27.159960,1.527273,11.000000,0.702703
0.142857,0.000000,3.400000,27.211438,1.190476,7.000000,0.772727
0.142857,0.124694,1.896552,28.343271,2.080952,21.000000,0.654762
0.090909,0.354739,2.243902,25.627153,1.918719,29.000000,0.691729
0.090909,0.265973,2.200000,25.756654,1.600000,11.000000,0.687500
0.090909,0.700815,1.761905,27.658272,1.771429,15.000000,0.637931
0.047619,0.017856,1.819820,28.338404,1.828350,43.000000,0.645367
0.047619,0.006436,1.575000,24.128683,1.738095,21.000000,0.611650
0.090909,0.273943,1.521739,27.673888,1.761905,15.000000,0.603448
0.025000,1.000000,2.511628,27.249722,2.196109,63.000000,0.715232
0.025000,0.455612,1.685714,29.793813,1.833333,40.000000,0.627660
0.090909,0.999999,1.421053,22.035708,1.563636,11.000000,0.586957
0.090909,1.000000,2.511628,27.249722,2.196109,63.000000,0.715232
0.025000,0.211526,2.511628,27.249722,2.196109,63.000000,0.715232
0.025000,0.455612,1.685714,29.793813,1.833333,40.000000,0.627660
0.125000,0.108911,2.666667,29.387270,1.142857,8.000000,0.727273
0.090909,0.999999,1.421053,22.035708,1.563636,11.000000,0.586957
0.090909,0.211526,2.511628,27.249722,2.196109,63.000000,0.715232
0.022727,0.323630,2.511628,27.249722,2.196109,63.000000,0.715232
0.022727,0.051253,2.390625,28.572013,1.996829,44.000000,0.705069
0.022727,0.051253,2.390625,28.572013,1.996829,44.000000,0.705069
0.022727,1.000000,2.511628,27.249722,2.196109,63.000000,0.715232
0.066667,0.065448,1.825397,29.636561,1.735632,30.000000,0.646067
0.025000,0.323630,2.511628,27.249722,2.196109,63.000000,0.715232
0.025000,0.455612,1.685714,29.793813,1.833333,40.000000,0.627660
0.090909,0.999999,1.421053,22.035708,1.563636,11.000000,0.586957
0.090909,0.323630,2.511628,27.249722,2.196109,63.000000,0.715232
0.022727,0.051253,2.390625,28.572013,1.996829,44.000000,0.705069
0.022727,0.211526,2.511628,27.249722,2.196109,63.000000,0.715232
0.250000,0.007874,1.513514,29.994196,1.857895,20.000000,0.602151
0.100000,0.128455,1.872340,27.741497,1.806268,27.000000,0.651852
0.071429,1.000000,1.521739,26.397636,1.615385,14.000000,0.603448
0.071429,0.128455,1.872340,27.741497,1.806268,27.000000,0.651852
0.200000,1.000000,2.055556,28.981105,1.988304,19.000000,0.672727
0.111111,0.268213,1.812500,29.254812,1.628205,13.000000,0.644444
0.250000,0.007874,1.513514,29.994196,1.857895,20.000000,0.602151
0.166667,0.264828,2.750000,27.545725,1.266667,6.000000,0.733333
0.166667,0.087456,2.176471,22.483736,1.761905,15.000000,0.685185
0.041667,0.391849,1.326087,26.602613,1.916667,24.000000,0.570093
0.041667,0.788465,1.885246,29.390139,1.735632,30.000000,0.653409
0.100000,0.694859,1.916667,28.926318,1.735632,30.000000,0.657143
0.033333,0.819558,1.769231,29.849023,1.735632,30.000000,0.638889
0.033333,0.086614,1.393939,24.349829,2.208081,45.000000,0.582278
0.090909,0.943473,1.431373,28.666661,2.000000,25.000000,0.588710
0.181818,1.000000,1.764706,28.099005,1.490909,11.000000,0.638298
0.045455,0.019412,2.571429,29.205632,1.911330,29.000000,0.720000
0.105263,0.260812,1.500000,23.970469,1.878947,20.000000,0.600000
0.058824,0.612142,2.294118,29.091388,1.786765,17.000000,0.696429
0.058824,0.964518,1.489362,28.639914,1.920949,23.000000,0.598291
0.200000,0.164451,1.684211,14.245086,1.833333,16.000000,0.627451
0.058824,0.043255,1.881356,24.634080,2.032086,34.000000,0.652941
0.250000,0.554511,4.307692,29.251617,1.757576,22.000000,0.811594
0.058824,0.522149,1.575758,29.742008,1.707602,19.000000,0.611765
0.050000,0.307757,2.611111,28.322830,1.752632,20.000000,0.723077
0.043478,0.315438,2.394737,27.588732,1.830769,26.000000,0.705426
0.055556,1.000000,1.680000,29.640474,1.986928,18.000000,0.626866
0.166667,0.088040,11.000000,26.358430,1.266667,6.000000,0.916667
0.047619,0.000000,1.743590,28.656555,1.844609,44.000000,0.635514
0.200000,0.484084,2.000000,23.269489,1.400000,5.000000,0.666667
0.200000,0.026455,1.600000,27.998764,1.428571,8.000000,0.615385
0.090909,0.066667,1.714286,19.301460,1.563636,11.000000,0.631579
0.125000,0.956130,1.425532,25.202190,1.839572,34.000000,0.587719
0.142857,0.845263,12.000000,24.712429,1.428571,7.000000,0.923077
0.142857,0.812205,2.029412,28.753566,1.846032,36.000000,0.669903
0.071429,0.925101,1.542857,28.955000,1.836415,38.000000,0.606742
0.071429,0.225223,3.000000,27.917454,1.769231,14.000000,0.750000
0.071429,0.000000,1.647059,20.416524,1.692308,14.000000,0.622222
0.071429,0.798571,1.743590,28.352574,1.844609,44.000000,0.635514
0.125000,0.921363,1.654206,29.837749,1.833333,40.000000,0.623239
0.125000,0.978118,2.000000,26.250000,1.571429,8.000000,0.666667
0.166667,0.950709,1.519608,29.618716,1.837838,37.000000,0.603113
0.166667,1.000000,2.500000,21.434739,1.333333,6.000000,0.714286
0.071429,0.204101,2.388889,18.117367,1.816176,17.000000,0.704918
0.062500,0.000000,2.095238,23.785694,1.745098,18.000000,0.676923
0.066667,0.015415,2.642857,28.439941,2.169312,28.000000,0.725490
0.100000,1.000000,1.521739,25.906331,1.615385,14.000000,0.603448
0.125000,0.488853,2.375000,29.909675,1.321429,8.000000,0.703704
0.125000,0.981729,1.600000,26.250000,1.428571,8.000000,0.615385
0.250000,0.346205,2.666667,28.705733,1.533333,6.000000,0.727273
0.043478,0.307723,2.074074,25.859669,1.980237,23.000000,0.674699
0.043478,0.073830,2.235294,28.616645,1.985714,36.000000,0.690909
0.250000,0.701406,1.400000,21.566069,1.681818,12.000000,0.583333
0.071429,0.065276,1.720930,27.400845,2.234968,47.000000,0.632479
0.071429,0.118810,2.242857,29.403505,2.034228,47.000000,0.691630
0.083333,0.545185,3.571429,28.927116,1.681818,12.000000,0.781250
0.055556,1.000000,1.372093,27.012658,1.980237,23.000000,0.578431
0.055556,0.081719,2.235294,28.501511,1.985714,36.000000,0.690909
0.071429,0.003953,2.315789,28.080968,1.516484,14.000000,0.698413
0.200000,0.359518,1.875000,23.419007,1.733333,10.000000,0.652174
0.125000,0.502213,2.857143,30.000000,1.285714,8.000000,0.740741
0.111111,1.000000,1.647059,20.416524,1.692308,14.000000,0.622222
0.111111,0.262211,6.666667,28.628415,1.472222,9.000000,0.869565
0.200000,0.667397,1.750000,24.837478,1.300000,5.000000,0.636364
0.200000,1.000000,1.647059,20.416524,1.692308,14.000000,0.622222
0.090909,0.212301,2.409091,30.000000,2.011696,19.000000,0.706667
0.090909,0.340344,2.409091,30.000000,2.011696,19.000000,0.706667
0.090909,0.003922,4.111111,23.029006,1.327273,11.000000,0.804348
0.052632,0.042254,1.720000,23.787772,1.912281,19.000000,0.632353
0.200000,0.007874,3.000000,29.800493,1.400000,5.000000,0.750000
0.200000,0.335286,1.833333,22.991943,1.266667,6.000000,0.647059
0.250000,0.429415,2.200000,26.249176,1.803030,12.000000,0.687500
0.040000,0.241304,1.865169,26.034115,2.480519,56.000000,0.650980
0.040000,0.038778,3.034483,24.756395,1.880000,25.000000,0.752137
0.111111,0.241304,1.865169,26.034115,2.480519,56.000000,0.650980
0.166667,0.116605,2.205128,29.960099,1.713333,25.000000,0.688000
0.100000,0.720534,1.909091,29.768552,1.967320,18.000000,0.656250
0.100000,0.906447,2.066667,29.298779,1.819048,21.000000,0.673913
0.041667,0.340780,3.129032,25.036380,1.931624,27.000000,0.757812
0.071429,0.293637,2.500000,29.414778,1.911330,29.000000,0.714286
0.090909,0.457669,3.500000,28.177696,1.670330,14.000000,0.777778
0.111111,0.359494,5.666667,27.303797,1.836257,19.000000,0.850000
0.142857,0.214896,2.650000,28.198060,1.747619,21.000000,0.726027
0.166667,0.025392,2.523810,28.519159,2.011696,19.000000,0.716216
0.166667,0.211217,2.750000,20.816776,1.266667,6.000000,0.733333
0.125000,0.801915,1.727273,27.944950,2.108225,22.000000,0.633333
0.125000,0.007937,2.666667,25.734315,1.464286,8.000000,0.727273
0.166667,0.211217,2.750000,20.816776,1.266667,6.000000,0.733333
0.166667,0.817902,2.523810,28.519159,2.011696,19.000000,0.716216
0.166667,1.000000,1.708333,21.981132,1.860294,17.000000,0.630769
0.166667,0.223750,1.266667,21.934415,1.527778,9.000000,0.558824
0.166667,0.007937,2.666667,25.000000,1.466667,6.000000,0.727273
0.062500,0.115112,1.791667,24.145492,1.871345,19.000000,0.641791
0.200000,0.258963,2.108108,29.737624,2.079365,28.000000,0.678261
0.058824,0.550820,2.434783,28.825352,1.795322,19.000000,0.708861
0.058824,0.812023,2.136364,28.349303,1.936842,20.000000,0.681159
0.076923,0.871575,1.500000,24.146519,1.717949,13.000000,0.600000
0.076923,0.203165,3.075000,24.704244,1.947899,35.000000,0.754601
0.200000,0.084582,1.566667,25.537295,1.732026,18.000000,0.610390
0.142857,0.000000,1.857143,29.137146,1.607143,8.000000,0.650000
0.142857,0.027027,1.800000,21.173931,1.600000,10.000000,0.642857
0.076923,0.088330,4.875000,25.747400,1.733333,16.000000,0.829787
0.062500,0.025386,1.964912,29.747833,2.071429,36.000000,0.662722
0.062500,1.000000,1.615385,18.205765,1.650000,16.000000,0.617647
0.142857,0.562811,1.411765,29.128463,1.488889,10.000000,0.585366
0.055556,0.293040,3.266667,27.735584,1.797386,18.000000,0.765625
0.055556,0.076812,1.660377,26.123112,2.064039,29.000000,0.624113
0.066667,0.652283,2.081081,28.696686,1.851449,24.000000,0.675439
0.066667,0.183356,1.950000,27.283348,1.685714,15.000000,0.661017
0.055556,0.772256,2.750000,28.515054,1.862745,18.000000,0.733333
0.055556,1.000000,1.666667,28.498043,1.789474,19.000000,0.625000
0.055556,0.772256,2.750000,28.515054,1.862745,18.000000,0.733333
0.055556,1.000000,1.666667,28.498043,1.789474,19.000000,0.625000
0.100000,0.317861,1.909091,26.779552,1.777778,18.000000,0.656250
0.111111,0.173367,2.210526,21.810774,2.033333,21.000000,0.688525
0.142857,0.007937,1.857143,28.316334,1.380952,7.000000,0.650000
0.142857,0.605084,1.666667,24.208699,1.666667,10.000000,0.625000
0.250000,1.000000,1.941176,26.895110,2.045455,33.000000,0.660000
0.083333,1.000000,2.058824,27.616763,2.032086,34.000000,0.673077
0.083333,0.403759,2.363636,27.722789,1.606061,12.000000,0.702703
0.052632,0.153978,1.644444,29.730244,2.234968,47.000000,0.621849
0.052632,0.234104,1.184211,23.465349,1.836257,19.000000,0.542169
0.055556,1.000000,1.680000,29.568263,1.986928,18.000000,0.626866
0.050000,1.000000,2.020408,25.401754,2.045455,33.000000,0.668919
0.166667,1.000000,1.931034,29.825514,2.071429,36.000000,0.658824
0.142857,0.234104,1.184211,23.465349,1.836257,19.000000,0.542169
0.125000,0.385395,1.266667,21.934415,1.527778,9.000000,0.558824
0.125000,0.200968,2.734177,30.000000,2.050847,59.000000,0.732203
0.125000,1.000000,2.734177,30.000000,2.050847,59.000000,0.732203
0.125000,0.385395,1.266667,21.934415,1.527778,9.000000,0.558824
0.166667,0.189123,1.789474,20.747374,1.723810,15.000000,0.641509
0.125000,0.173977,2.734177,30.000000,2.050847,59.000000,0.732203
0.125000,0.385395,1.266667,21.934415,1.527778,9.000000,0.558824
0.047619,0.741267,1.675000,27.611687,1.680952,21.000000,0.626168
0.047619,0.059220,2.242424,27.108567,2.003333,25.000000,0.691589
0.050000,0.492924,2.353846,28.630439,1.996829,44.000000,0.701835
0.166667,0.211268,2.666667,16.789642,1.533333,6.000000,0.727273
0.166667,0.056074,2.100000,27.272529,2.064039,29.000000,0.677419
0.166667,0.325400,2.100000,27.272529,2.064039,29.000000,0.677419
0.166667,0.211268,2.666667,16.789642,1.533333,6.000000,0.727273
0.142857,0.714442,1.764706,30.000000,1.679487,13.000000,0.638298
0.125000,0.225479,3.588235,28.852553,1.787879,22.000000,0.782051
0.125000,0.352592,1.483871,28.677026,1.834758,27.000000,0.597403
0.111111,0.713958,1.550000,29.721733,1.560606,12.000000,0.607843
0.111111,0.590051,1.615385,23.594420,1.416667,9.000000,0.617647
0.125000,0.305238,1.608696,29.796660,2.234968,47.000000,0.616667
0.166667,0.408919,1.689655,23.613497,1.968421,20.000000,0.628205
0.100000,0.099739,1.700000,23.583346,1.622222,10.000000,0.629630
0.100000,0.265230,2.222222,29.162555,1.636364,11.000000,0.689655
0.041667,0.397387,3.129032,25.036380,1.931624,27.000000,0.757812
0.041667,0.072946,1.714286,27.706376,2.041379,30.000000,0.631579
0.071429,0.491620,1.226415,18.686765,1.822134,23.000000,0.550847
0.166667,0.087222,3.294118,29.784319,1.790476,21.000000,0.767123
0.033333,1.000000,3.101449,29.683555,2.045977,58.000000,0.756184
0.033333,0.445868,2.043478,28.777568,1.859770,30.000000,0.671429
0.090909,1.000000,2.511628,27.249722,2.196109,63.000000,0.715232
0.090909,0.918588,3.000000,27.979983,1.672727,11.000000,0.750000
0.033333,0.445868,2.043478,28.777568,1.859770,30.000000,0.671429
0.033333,1.000000,3.101449,29.683555,2.045977,58.000000,0.756184
0.033333,1.000000,3.101449,29.683555,2.045977,58.000000,0.756184
0.033333,0.445868,2.043478,28.777568,1.859770,30.000000,0.671429
0.090909,0.918588,3.000000,27.979983,1.672727,11.000000,0.750000
0.090909,1.000000,2.511628,27.249722,2.196109,63.000000,0.715232
0.090909,0.938575,3.428571,27.881567,1.672727,11.000000,0.774194
0.100000,0.456700,2.000000,25.886561,1.745098,18.000000,0.666667
0.100000,0.554220,1.357143,22.251235,1.644444,10.000000,0.575758
0.133333,1.000000,1.366667,28.235294,1.713235,17.000000,0.577465
0.133333,0.918184,2.307692,25.552382,1.454545,11.000000,0.697674
0.071429,0.562233,4.875000,28.218913,1.733333,16.000000,0.829787
0.100000,1.000000,1.600000,26.299186,1.704762,21.000000,0.615385
0.090909,0.531604,2.888889,28.544556,1.618182,11.000000,0.742857
0.090909,1.000000,1.677419,29.565922,1.707602,19.000000,0.626506
0.052632,1.000000,1.754717,26.966257,1.869458,29.000000,0.636986
0.052632,1.000000,1.279070,28.412461,1.736842,19.000000,0.561224
0.071429,1.000000,2.700000,30.000000,2.050847,59.000000,0.729730
0.071429,0.000000,1.565217,19.286258,1.659341,14.000000,0.610169
0.071429,0.000000,1.565217,19.286258,1.659341,14.000000,0.610169
0.071429,1.000000,2.700000,30.000000,2.050847,59.000000,0.729730
0.071429,1.000000,2.700000,30.000000,2.050847,59.000000,0.729730
0.071429,0.000000,1.565217,19.286258,1.659341,14.000000,0.610169
0.058824,0.281124,2.984615,29.469373,2.029350,54.000000,0.749035
0.058824,0.235100,1.628866,28.848458,2.218537,49.000000,0.619608
0.200000,0.098029,1.695652,18.163999,1.862745,18.000000,0.629032
0.250000,0.012658,2.619048,29.006781,2.092473,31.000000,0.723684
0.142857,0.295607,15.000000,27.103306,1.285714,7.000000,0.937500
0.142857,0.878717,1.789474,20.747374,1.723810,15.000000,0.641509
0.050000,0.912950,1.136364,27.816786,1.826316,20.000000,0.531915
0.050000,0.010987,1.673267,28.466334,2.211765,51.000000,0.625926
0.125000,0.912950,1.136364,27.816786,1.826316,20.000000,0.531915
0.125000,0.008621,3.000000,28.850593,1.357143,8.000000,0.750000
0.050000,0.912950,1.136364,27.816786,1.826316,20.000000,0.531915
0.050000,0.116279,1.695652,17.976462,1.717391,24.000000,0.629032
0.111111,0.199677,2.045455,21.792503,2.047619,22.000000,0.671642
0.125000,0.302054,1.662921,28.096989,2.234968,47.000000,0.624473
0.125000,0.302054,1.662921,28.096989,2.234968,47.000000,0.624473
0.125000,0.188396,5.000000,25.939793,1.285714,8.000000,0.833333
0.125000,0.236700,2.160000,24.555204,1.824561,19.000000,0.683544
0.043478,0.158839,3.361702,29.403217,1.970732,41.000000,0.770732
0.043478,0.723057,1.511111,25.061934,1.881423,23.000000,0.601770
0.111111,0.192612,1.387097,28.494029,1.675000,16.000000,0.581081
0.166667,0.781635,7.000000,28.066116,1.747253,14.000000,0.875000
0.083333,0.191348,3.000000,25.632598,2.128205,13.000000,0.750000
0.062500,0.770078,1.543478,10.280322,1.719368,23.000000,0.606838
0.166667,0.546834,1.833333,28.547438,1.266667,6.000000,0.647059
0.083333,0.520027,3.035714,29.493467,1.713768,24.000000,0.752212
0.250000,0.732613,1.233333,27.291224,1.866667,25.000000,0.552239
0.250000,0.168981,1.937500,28.574922,1.747253,14.000000,0.659574
0.083333,0.283618,1.972222,27.605765,1.775362,24.000000,0.663551
0.250000,0.452853,3.075000,25.707632,1.947899,35.000000,0.754601
0.071429,0.732613,1.233333,25.899250,1.866667,25.000000,0.552239
0.071429,0.440786,1.777778,27.923028,1.828571,15.000000,0.640000
0.090909,0.771518,1.888889,23.026054,1.857143,15.000000,0.653846
0.090909,0.991615,3.125000,29.484015,1.545455,11.000000,0.757576
0.066667,1.000000,1.950000,28.912336,1.685714,15.000000,0.661017
0.066667,0.170389,1.605263,24.127771,2.099573,38.000000,0.616162
0.125000,0.594314,1.609524,28.874638,2.211765,51.000000,0.616788
0.166667,0.314654,1.611940,22.032806,2.215924,39.000000,0.617143
0.166667,0.082187,1.611940,22.032806,2.215924,39.000000,0.617143
0.111111,0.170389,1.605263,24.127771,2.099573,38.000000,0.616162
0.166667,0.807332,1.783784,26.890639,1.761905,21.000000,0.640777
0.142857,0.174080,1.393939,24.349829,2.208081,45.000000,0.582278
0.142857,0.871315,4.333333,22.663374,1.380952,7.000000,0.812500
0.166667,0.743661,1.611940,22.032806,2.215924,39.000000,0.617143
0.111111,0.646921,1.656863,28.708468,2.211765,51.000000,0.623616
0.055556,0.086792,2.000000,27.504775,1.849673,18.000000,0.666667
0.055556,0.969625,1.511111,25.061934,1.881423,23.000000,0.601770
0.250000,1.000000,1.825000,30.000000,1.857708,23.000000,0.646018
0.117647,0.768987,1.523810,28.951040,1.589744,13.000000,0.603774
0.117647,1.000000,4.833333,27.113318,1.560606,12.000000,0.828571
0.105263,0.539566,1.666667,28.498043,1.789474,19.000000,0.625000
0.105263,1.000000,2.000000,25.154988,2.070000,25.000000,0.666667
0.105263,0.539566,1.666667,28.498043,1.789474,19.000000,0.625000
0.105263,1.000000,2.000000,25.154988,2.070000,25.000000,0.666667
0.100000,1.000000,1.853659,29.871022,1.972308,26.000000,0.649573
0.166667,0.044423,2.181818,28.611355,1.849673,18.000000,0.685714
0.250000,1.000000,1.825000,30.000000,1.857708,23.000000,0.646018
0.100000,1.000000,1.853659,29.871022,1.972308,26.000000,0.649573
0.050000,0.117241,1.925926,28.500000,1.778947,20.000000,0.658228
0.050000,0.937440,1.727273,30.000000,1.972308,26.000000,0.633333
0.050000,0.117241,1.925926,28.500000,1.778947,20.000000,0.658228
0.050000,0.937440,1.727273,30.000000,1.972308,26.000000,0.633333
0.117647,1.000000,4.833333,27.113318,1.560606,12.000000,0.828571
0.117647,0.768987,1.523810,28.951040,1.589744,13.000000,0.603774
0.100000,0.532778,1.529412,30.000000,1.422222,10.000000,0.604651
0.100000,0.065950,5.181818,27.079021,1.900000,21.000000,0.838235
0.066667,0.265473,1.294118,26.736092,1.628571,15.000000,0.564103
0.052632,0.624063,1.612903,24.305584,1.815789,20.000000,0.617284
0.052632,0.341286,1.548387,23.981645,1.719298,19.000000,0.607595
0.050000,0.624063,1.612903,24.305584,1.815789,20.000000,0.617284
0.050000,0.050839,3.515152,28.494110,2.009351,59.000000,0.778523
0.142857,0.845860,1.543478,10.280322,1.719368,23.000000,0.606838
0.142857,0.223464,2.235294,28.501511,1.985714,36.000000,0.690909
0.043478,0.129717,2.418182,28.662030,1.991026,40.000000,0.707447
0.076923,1.000000,3.083333,28.125944,1.589744,13.000000,0.755102
0.166667,1.000000,2.000000,30.000000,1.142857,7.000000,0.666667
0.166667,0.999999,1.833333,30.000000,1.266667,6.000000,0.647059
0.066667,0.133274,1.560000,20.766690,1.628571,15.000000,0.609375
0.076923,0.008696,2.583333,29.706776,1.628205,13.000000,0.720930
0.166667,0.176362,2.000000,29.813462,1.777778,10.000000,0.666667
0.043478,0.300832,1.525424,20.728881,1.913978,31.000000,0.604027
0.062500,0.131941,2.076923,25.452938,1.824561,19.000000,0.675000
0.125000,1.000000,1.300000,30.000000,1.607143,8.000000,0.565217
0.058824,0.624515,4.090909,27.206841,1.803922,18.000000,0.803571
0.058824,0.662879,1.612903,26.390316,1.815789,20.000000,0.617284
0.066667,0.151959,1.846154,26.310013,1.719298,19.000000,0.648649
0.066667,0.492637,1.560000,20.766690,1.628571,15.000000,0.609375
0.071429,1.000000,1.312500,22.512355,1.909091,23.000000,0.567568
0.071429,0.027093,2.538462,29.410894,1.637363,14.000000,0.717391
0.111111,0.326364,2.115385,23.764157,1.683824,17.000000,0.679012
0.111111,0.125357,2.086957,29.684956,1.849673,18.000000,0.676056
0.111111,0.260131,1.508772,26.478424,1.867692,26.000000,0.601399
0.111111,0.004329,2.611111,30.000000,1.654412,17.000000,0.723077
0.055556,0.129616,2.086957,29.294737,1.849673,18.000000,0.676056
0.055556,0.615795,1.392857,26.099680,1.883333,25.000000,0.582090
0.066667,0.047619,1.400000,15.418627,1.914773,33.000000,0.583333
0.066667,1.000000,4.857143,19.642341,2.161905,15.000000,0.829268
0.090909,1.000000,2.272727,18.451606,1.600000,11.000000,0.694444
0.090909,0.222222,1.400000,13.478854,1.914773,33.000000,0.583333
0.090909,0.770783,2.266667,28.902442,1.770751,23.000000,0.693878
0.083333,1.000000,1.857143,28.429510,1.752381,15.000000,0.650000
0.083333,0.909920,2.062500,23.718047,1.545455,12.000000,0.673469
0.200000,0.401121,4.625000,28.818489,1.589744,13.000000,0.822222
0.200000,1.000000,6.000000,30.000000,1.400000,5.000000,0.857143
0.111111,1.000000,2.250000,29.949496,1.500000,9.000000,0.692308
0.076923,1.000000,1.772727,28.568773,1.752381,15.000000,0.639344
0.047619,0.004329,2.755102,29.583080,1.967949,40.000000,0.733696
0.047619,0.203816,1.500000,29.767318,1.913978,31.000000,0.600000
0.166667,0.149355,3.027778,27.699525,2.059770,30.000000,0.751724
0.125000,0.858388,1.692308,24.931517,1.511111,10.000000,0.628571
0.083333,0.846646,1.868421,27.975243,1.754941,23.000000,0.651376
0.250000,0.079736,3.953488,29.229441,1.984901,42.000000,0.798122
0.250000,0.359853,5.000000,30.000000,1.166667,4.000000,0.833333
0.083333,1.000000,1.080000,30.000000,1.807692,13.000000,0.519231
0.250000,1.000000,5.000000,30.000000,1.166667,4.000000,0.833333
0.250000,0.671607,5.000000,30.000000,1.166667,4.000000,0.833333
0.125000,0.358394,2.125000,29.710582,1.871429,21.000000,0.680000
0.250000,0.520241,2.272727,17.640256,1.796667,25.000000,0.694444
0.111111,0.004329,1.733333,21.092028,1.757895,20.000000,0.634146
0.125000,0.627999,2.081081,28.696686,1.851449,24.000000,0.675439
0.076923,0.427557,1.794118,24.597129,1.900433,22.000000,0.642105
0.076923,0.330874,3.083333,29.135306,1.589744,13.000000,0.755102
0.045455,0.427557,1.794118,24.597129,1.900433,22.000000,0.642105
0.045455,0.046045,2.755102,29.705358,1.967949,40.000000,0.733696
0.045455,0.427557,1.794118,24.597129,1.900433,22.000000,0.642105
0.045455,0.208530,1.580645,29.153926,1.903226,32.000000,0.612500
0.125000,0.659621,1.074074,12.833039,1.780220,14.000000,0.517857
0.166667,0.145647,1.800000,27.855599,1.743590,13.000000,0.642857
0.142857,0.174917,1.735294,30.000000,2.210976,41.000000,0.634409
0.083333,0.000883,2.285714,22.908101,2.063241,23.000000,0.695652
0.071429,1.000000,1.500000,24.357861,1.659341,14.000000,0.600000
0.071429,0.095652,1.724138,24.188685,1.823529,18.000000,0.632911
0.166667,0.009733,1.937500,29.690546,1.736264,14.000000,0.659574
0.142857,0.113592,1.735294,30.000000,2.210976,41.000000,0.634409
0.142857,0.214355,1.735294,30.000000,2.210976,41.000000,0.634409
0.250000,0.322697,2.250000,30.000000,1.869458,29.000000,0.692308
0.142857,0.903113,3.117647,23.976594,2.068421,20.000000,0.757143
0.250000,1.000000,1.444444,30.000000,1.607143,8.000000,0.590909
0.142857,1.000000,1.705882,25.217505,1.679487,13.000000,0.630435
0.250000,0.519521,2.076923,23.197015,1.696970,12.000000,0.675000
0.125000,1.000000,1.687500,30.000000,1.035714,8.000000,0.627907
0.200000,1.000000,1.266667,29.952498,1.861905,21.000000,0.558824
0.111111,0.378149,1.565217,23.149983,1.860294,17.000000,0.610169
0.111111,0.000000,2.857143,30.000000,1.472222,9.000000,0.740741
0.071429,0.000000,7.285714,29.142686,1.830065,18.000000,0.879310
0.071429,0.029412,7.285714,29.142686,1.830065,18.000000,0.879310
0.066667,0.941706,1.415385,29.221459,1.834758,27.000000,0.585987
0.040000,0.279333,3.075000,24.487870,1.947899,35.000000,0.754601
0.040000,0.479952,1.233333,25.899250,1.866667,25.000000,0.552239
0.090909,0.743274,1.909091,30.000000,1.619048,15.000000,0.656250
0.090909,1.000000,2.181818,16.943933,1.563636,11.000000,0.685714
0.200000,0.389681,2.600000,27.662137,1.786207,30.000000,0.722222
0.125000,0.634828,1.415385,29.536731,1.834758,27.000000,0.585987
0.250000,0.640805,3.152174,26.961789,1.770833,33.000000,0.759162
0.083333,0.000000,2.851852,30.000000,1.938462,26.000000,0.740385
0.200000,0.919351,1.724138,19.521417,1.823529,18.000000,0.632911
0.055556,0.919351,1.724138,19.521417,1.823529,18.000000,0.632911
0.090909,0.759902,4.111111,25.198221,1.327273,11.000000,0.804348
0.047619,0.688595,3.000000,28.260932,1.740741,27.000000,0.750000
0.047619,0.178755,2.947368,28.439957,1.976190,21.000000,0.746667
0.250000,0.842462,4.146341,29.090486,1.984901,42.000000,0.805687
0.166667,0.000000,1.600000,29.586390,1.533333,6.000000,0.615385
0.250000,0.778591,1.406250,11.869190,1.777778,19.000000,0.584416
0.052632,0.778591,1.406250,11.869190,1.777778,19.000000,0.584416
0.055556,0.013605,3.671233,28.741652,2.012500,65.000000,0.785924
0.066667,0.866653,2.382353,20.673781,1.793846,26.000000,0.704348
0.035714,0.205546,2.400000,27.572638,1.955437,34.000000,0.705882
0.035714,0.851645,2.282051,22.749204,1.806878,28.000000,0.695312
0.125000,1.000000,1.954545,30.000000,1.590476,15.000000,0.661538
0.111111,1.000000,4.666667,25.491201,1.222222,9.000000,0.823529
0.111111,0.184461,1.454545,27.633434,1.782609,23.000000,0.592593
0.125000,0.337493,1.638298,29.454746,1.800000,26.000000,0.620968
0.125000,0.086467,2.000000,30.000000,1.428571,8.000000,0.666667
0.166667,0.444512,2.100000,22.296007,1.690909,11.000000,0.677419
0.071429,0.270754,2.333333,25.004135,2.051948,22.000000,0.700000
0.071429,1.000000,1.240000,17.507988,1.780220,14.000000,0.553571
0.200000,0.901113,1.714286,27.943022,1.894253,30.000000,0.631579
0.066667,0.960336,1.636364,28.994326,1.723077,26.000000,0.620690
0.100000,0.039493,8.000000,30.000000,1.488889,10.000000,0.888889
0.100000,0.304528,1.636364,19.314094,1.700000,16.000000,0.620690
0.200000,0.194527,3.000000,30.000000,1.444444,9.000000,0.750000
0.142857,1.000000,3.500000,30.000000,1.333333,7.000000,0.777778
0.142857,0.304528,1.636364,19.314094,1.700000,16.000000,0.620690
0.050000,0.142416,1.657143,22.103590,1.757895,20.000000,0.623656
0.050000,1.000000,1.400000,13.478854,1.914773,33.000000,0.583333
0.166667,1.000000,1.666667,25.553709,1.869281,18.000000,0.625000
0.066667,0.098844,1.760000,29.594814,1.600000,15.000000,0.637681
0.066667,1.000000,1.400000,13.478854,1.914773,33.000000,0.583333
0.083333,0.428887,1.705882,28.111161,1.560606,12.000000,0.630435
0.083333,1.000000,1.400000,13.478854,1.914773,33.000000,0.583333
0.076923,0.671395,1.666667,23.528795,1.869281,18.000000,0.625000
0.083333,1.000000,1.400000,16.060945,1.914773,33.000000,0.583333
0.083333,0.860206,2.076923,30.000000,1.681818,12.000000,0.675000
0.083333,1.000000,1.400000,13.478854,1.914773,33.000000,0.583333
0.076923,0.780640,1.840000,27.745139,1.725000,16.000000,0.647887
0.076923,0.910829,1.724138,26.935215,1.823529,18.000000,0.632911
0.200000,0.004444,3.000000,30.000000,1.400000,5.000000,0.750000
0.200000,0.780640,1.840000,27.745139,1.725000,16.000000,0.647887
0.250000,0.850121,2.076923,29.493518,1.681818,12.000000,0.675000
0.090909,0.000000,2.000000,27.139279,1.563636,11.000000,0.666667
0.090909,0.220451,1.655172,20.281283,1.966667,21.000000,0.623377
0.076923,0.677459,2.555556,30.000000,1.666667,16.000000,0.718750
0.076923,0.242655,1.875000,24.806524,1.692308,13.000000,0.652174
0.125000,0.594253,2.375000,29.840059,1.321429,8.000000,0.703704
0.062500,1.000000,1.295455,29.896152,1.861905,21.000000,0.564356
0.062500,0.695228,3.800000,28.914948,1.875000,16.000000,0.791667
0.111111,0.041999,1.666667,28.526818,1.807882,29.000000,0.625000
0.058824,0.459124,1.838710,25.909091,1.822511,22.000000,0.647727
0.058824,0.008929,1.230769,29.957494,1.691176,17.000000,0.551724
0.125000,1.000000,1.777778,30.000000,1.428571,8.000000,0.640000
0.125000,0.041999,1.666667,28.526818,1.807882,29.000000,0.625000
0.200000,0.459124,1.838710,25.909091,1.822511,22.000000,0.647727
0.058824,0.057026,3.621622,29.349303,2.012500,65.000000,0.783626
0.111111,0.304348,1.166667,20.663619,1.750000,9.000000,0.538462
0.250000,0.137107,6.285714,30.000000,1.448718,13.000000,0.862745
0.142857,0.199598,2.846154,28.498467,1.589744,13.000000,0.740000
0.142857,0.356044,2.250000,22.468770,1.666667,7.000000,0.692308
0.047619,0.010660,1.350000,23.180300,1.995671,22.000000,0.574468
0.047619,0.000000,2.090909,28.687242,1.780952,21.000000,0.676471
0.066667,0.010660,1.350000,23.180300,1.995671,22.000000,0.574468
0.066667,0.073973,3.538462,28.098377,1.638095,15.000000,0.779661
0.045455,0.010660,1.350000,23.180300,1.995671,22.000000,0.574468
0.045455,0.000000,3.435897,29.739026,2.012500,65.000000,0.774566
0.125000,0.422710,1.909091,25.374412,1.250000,8.000000,0.656250
0.250000,0.221768,3.166667,28.499464,1.527778,9.000000,0.760000
0.066667,0.319962,1.742857,24.987976,1.819048,21.000000,0.635417
0.066667,0.008850,1.321429,30.000000,1.752381,15.000000,0.569231
0.250000,0.319962,1.742857,24.987976,1.819048,21.000000,0.635417
0.100000,0.766415,1.500000,26.226449,1.711111,10.000000,0.600000
0.100000,0.108005,2.294118,29.379194,1.713235,17.000000,0.696429
0.125000,0.004405,1.944444,30.000000,1.551282,13.000000,0.660377
0.100000,0.766415,1.500000,26.226449,1.711111,10.000000,0.600000
0.100000,0.108005,2.294118,29.379194,1.713235,17.000000,0.696429
0.125000,0.222222,2.083333,27.834629,1.857143,14.000000,0.675676
0.142857,0.257433,1.875000,27.795330,1.747253,14.000000,0.652174
0.111111,0.407041,1.513889,25.083264,1.987198,38.000000,0.602210
0.100000,0.107476,1.764706,29.158167,1.747253,14.000000,0.638298
0.100000,0.795615,1.357143,21.000000,1.644444,10.000000,0.575758
0.125000,0.697763,1.488372,26.221885,1.840580,24.000000,0.598131
0.125000,0.241030,1.571429,29.792736,1.416667,9.000000,0.611111
0.142857,0.949147,5.500000,26.790732,1.476190,7.000000,0.846154
0.041667,0.697763,1.488372,26.221885,1.840580,24.000000,0.598131
0.041667,0.217121,3.621622,29.549416,2.012500,65.000000,0.783626
0.071429,0.387697,1.520000,27.292315,1.695238,15.000000,0.603175
0.071429,1.000000,1.777778,8.732070,1.971014,24.000000,0.640000
0.066667,0.228455,1.921053,25.084943,1.844203,24.000000,0.657658
0.066667,0.000000,1.321429,30.000000,1.752381,15.000000,0.569231
0.250000,0.228455,1.921053,25.084943,1.844203,24.000000,0.657658
0.125000,0.550606,1.614035,28.186333,1.825287,30.000000,0.617450
0.055556,0.223316,2.200000,21.461858,1.843137,18.000000,0.687500
0.055556,1.000000,1.777778,8.732070,1.971014,24.000000,0.640000
0.111111,1.000000,4.666667,29.792736,1.222222,9.000000,0.823529
0.111111,1.000000,1.777778,8.732070,1.971014,24.000000,0.640000
0.250000,1.000000,1.777778,8.732070,1.971014,24.000000,0.640000
0.040000,0.444869,2.333333,29.426951,1.991026,40.000000,0.700000
0.040000,0.258731,2.228571,26.447206,1.951567,27.000000,0.690265
0.090909,1.000000,1.370370,28.195042,1.752381,15.000000,0.578125
0.090909,0.642446,4.250000,28.544801,1.984901,42.000000,0.809524
0.250000,1.000000,2.000000,29.604012,1.679487,13.000000,0.666667
0.142857,0.099564,2.295455,29.716537,2.072581,32.000000,0.696552
0.142857,0.175710,1.630769,28.447784,1.984848,33.000000,0.619883
0.142857,0.175710,1.630769,28.447784,1.984848,33.000000,0.619883
0.090909,0.180328,1.666667,29.702424,1.747253,14.000000,0.625000
0.090909,0.582297,1.187500,21.166398,1.800000,11.000000,0.542857
0.142857,0.175710,1.630769,28.447784,1.984848,33.000000,0.619883
0.142857,0.116042,1.333333,24.572198,1.692308,13.000000,0.571429
0.250000,0.188781,1.921053,25.388301,1.844203,24.000000,0.657658
0.111111,0.836679,1.480000,28.879062,1.883333,16.000000,0.596774
0.062500,0.817854,2.000000,27.008285,1.751634,18.000000,0.666667
0.062500,0.250924,1.653846,28.484256,1.783333,16.000000,0.623188
0.200000,1.000000,3.000000,30.000000,1.400000,5.000000,0.750000
0.200000,0.817854,2.000000,27.008285,1.751634,18.000000,0.666667
0.100000,0.245170,1.250000,19.101399,1.622222,10.000000,0.555556
0.100000,0.626429,1.857143,12.088890,1.571429,14.000000,0.650000
0.166667,0.076146,1.272727,25.934017,1.858696,24.000000,0.560000
0.071429,0.212959,1.440000,20.802377,1.714286,14.000000,0.590164
0.071429,0.879930,1.380952,18.759166,1.757895,20.000000,0.580000
0.040000,0.694924,2.564103,28.325688,2.078818,29.000000,0.719424
0.040000,0.698829,1.673913,29.239102,1.800000,26.000000,0.626016
0.043478,0.663290,2.312500,29.065833,1.887356,30.000000,0.698113
0.043478,0.214220,1.781250,28.055186,2.025362,24.000000,0.640449
0.055556,0.696846,2.619048,29.483449,2.092473,31.000000,0.723684
0.055556,0.151023,3.500000,27.027574,1.633987,18.000000,0.777778
0.111111,0.103486,2.600000,30.000000,1.277778,9.000000,0.722222
0.111111,0.965268,1.652174,24.335852,1.676190,15.000000,0.622951
0.125000,0.004255,2.937500,24.891430,1.666667,15.000000,0.746032
0.071429,0.008547,1.480000,29.707806,1.791667,16.000000,0.596774
0.071429,0.617317,1.684211,18.535344,1.703297,14.000000,0.627451
0.105263,0.054557,2.473684,28.065910,1.654412,17.000000,0.712121
0.105263,0.882541,1.302326,28.995181,1.890476,21.000000,0.565657
0.071429,0.122954,1.625000,26.502573,1.571429,14.000000,0.619048
0.071429,0.668573,1.109375,26.541446,1.890000,25.000000,0.525926
0.055556,0.719054,2.000000,27.490952,1.795322,19.000000,0.666667
0.050000,0.052949,1.636364,29.945136,1.896613,34.000000,0.620690
0.125000,1.000000,2.222222,30.000000,1.745455,11.000000,0.689655
0.050000,0.071279,2.641509,29.447169,1.970732,41.000000,0.725389
0.125000,0.001907,2.160000,30.000000,1.550000,16.000000,0.683544
0.125000,0.546129,1.555556,26.250000,1.535714,8.000000,0.608696
0.100000,0.574119,5.222222,30.000000,1.608333,16.000000,0.839286
0.200000,1.000000,2.333333,30.000000,1.300000,5.000000,0.700000
0.200000,0.056004,2.250000,29.761755,1.550000,16.000000,0.692308
0.166667,0.004479,2.500000,28.500990,1.985155,39.000000,0.714286
0.125000,0.239799,1.692308,27.864548,1.416667,9.000000,0.628571
0.125000,0.078851,2.872340,29.816337,1.967949,40.000000,0.741758
0.125000,0.151500,2.672727,28.396409,1.995570,43.000000,0.727723
0.100000,0.000000,2.750000,27.197500,1.555556,10.000000,0.733333
0.047619,0.094694,3.066667,29.829682,2.008392,66.000000,0.754098
0.142857,0.011173,1.685393,30.000000,2.132367,46.000000,0.627615
0.142857,0.011173,1.685393,30.000000,2.132367,46.000000,0.627615
0.142857,0.011173,1.685393,30.000000,2.132367,46.000000,0.627615
0.142857,1.000000,5.500000,30.000000,1.571429,7.000000,0.846154
0.142857,0.684456,1.800000,25.536538,1.602564,13.000000,0.642857
0.066667,0.622592,1.269231,20.040043,2.057041,34.000000,0.559322
0.066667,0.004219,2.200000,30.000000,1.600000,15.000000,0.687500
0.142857,0.622592,1.269231,20.040043,2.057041,34.000000,0.559322
0.142857,0.004219,1.714286,30.000000,1.428571,7.000000,0.631579
0.066667,0.622592,1.269231,20.040043,2.057041,34.000000,0.559322
0.066667,0.007300,2.489796,29.009244,1.818391,30.000000,0.713450
0.076923,0.622592,1.269231,20.040043,2.057041,34.000000,0.559322
0.076923,0.004219,3.000000,29.296734,1.538462,13.000000,0.750000
0.030303,0.170746,2.134615,29.735898,2.035985,33.000000,0.680982
0.030303,0.622592,1.269231,20.040043,2.057041,34.000000,0.559322
0.083333,0.158505,2.500000,29.387790,1.515152,12.000000,0.714286
0.083333,1.000000,1.285714,30.000000,1.681818,12.000000,0.562500
0.071429,0.322716,1.525641,30.000000,2.233449,42.000000,0.604061
0.071429,0.099094,1.525641,30.000000,2.233449,42.000000,0.604061
0.166667,0.057104,2.750000,30.000000,1.266667,6.000000,0.733333
0.166667,0.091039,2.230769,22.127364,1.756410,13.000000,0.690476
0.076923,0.273713,1.660377,26.123112,2.064039,29.000000,0.624113
0.090909,0.738463,3.250000,28.101855,1.600000,11.000000,0.764706
0.090909,0.562208,1.882353,28.566404,1.838095,15.000000,0.653061
0.125000,0.106893,1.761905,30.000000,1.816667,16.000000,0.637931
0.111111,0.118010,1.630435,28.778345,1.680952,21.000000,0.619835
0.071429,0.059736,1.525641,30.000000,2.233449,42.000000,0.604061
0.076923,0.969752,3.000000,27.163589,1.666667,13.000000,0.750000
0.076923,0.614951,2.176471,28.684176,1.816667,16.000000,0.685185
0.250000,0.176007,5.125000,27.897176,1.916667,25.000000,0.836735
0.250000,0.412866,5.125000,27.897176,1.916667,25.000000,0.836735
0.250000,1.000000,2.600000,30.000000,1.607143,8.000000,0.722222
0.071429,0.314422,2.031250,27.483181,1.805195,22.000000,0.670103
0.071429,0.271926,1.846154,26.973737,1.801471,17.000000,0.648649
0.045455,0.990162,2.031250,28.139156,1.805195,22.000000,0.670103
0.250000,1.000000,2.600000,30.000000,1.607143,8.000000,0.722222
0.250000,0.355323,2.600000,30.000000,1.607143,8.000000,0.722222
0.050000,0.625295,1.542857,30.000000,1.896613,34.000000,0.606742
0.076923,0.338931,1.525424,20.383633,1.913978,31.000000,0.604027
0.076923,0.776382,3.083333,28.058167,1.589744,13.000000,0.755102
0.034483,0.625295,1.542857,30.000000,1.896613,34.000000,0.606742
0.250000,0.592413,1.611940,29.962367,1.896613,34.000000,0.617143
0.111111,0.812464,2.857143,27.700368,1.666667,10.000000,0.740741
0.166667,0.909108,2.000000,30.000000,1.533333,6.000000,0.666667
0.047619,0.515862,3.435897,29.760935,2.012500,65.000000,0.774566
0.071429,0.331461,2.125000,29.986202,1.736264,14.000000,0.680000
0.058824,1.000000,1.575758,29.815885,1.647059,17.000000,0.611765
0.100000,0.340024,1.688312,28.412019,1.978049,41.000000,0.628019
0.100000,0.148936,1.533333,29.264913,1.488889,10.000000,0.605263
0.166667,0.204956,1.666667,24.588105,1.545455,11.000000,0.625000
0.071429,0.744010,2.125000,29.986202,1.736264,14.000000,0.680000
0.250000,0.348057,2.173913,26.412322,2.000000,35.000000,0.684932
0.062500,0.630620,2.529412,30.000000,1.716667,16.000000,0.716667
0.200000,0.439107,2.222222,26.077581,2.000000,35.000000,0.689655
0.100000,0.125452,2.250000,29.599825,1.700000,16.000000,0.692308
0.100000,0.812163,1.578947,29.080475,1.355556,10.000000,0.612245
0.125000,0.102075,1.321429,26.764322,1.752381,15.000000,0.569231
0.034483,0.348251,1.805970,28.909082,1.958165,39.000000,0.643617
0.100000,0.812163,1.578947,29.080475,1.355556,10.000000,0.612245
0.100000,0.052736,1.909091,28.578879,1.934641,18.000000,0.656250
0.076923,0.439107,2.222222,26.077581,2.000000,35.000000,0.689655
0.076923,0.224998,2.727273,27.890781,1.769231,13.000000,0.731707
0.055556,0.356008,3.625000,27.477298,1.725490,18.000000,0.783784
0.100000,0.812163,1.578947,29.080475,1.355556,10.000000,0.612245
0.100000,0.097881,1.098361,30.000000,1.963768,24.000000,0.523438
0.062500,0.630620,2.529412,30.000000,1.716667,16.000000,0.716667
0.100000,0.812163,1.578947,29.080475,1.355556,10.000000,0.612245
0.100000,0.097881,1.098361,30.000000,1.963768,24.000000,0.523438
0.071429,0.822832,1.911765,29.281420,1.805195,22.000000,0.656566
0.071429,0.004149,1.833333,29.377473,1.516484,14.000000,0.647059
0.200000,0.719718,1.875000,25.267494,1.500000,8.000000,0.652174
0.250000,0.932975,2.166667,30.000000,1.571429,8.000000,0.684211
0.142857,0.048790,1.700000,28.463095,1.779221,22.000000,0.629630
0.071429,1.000000,1.240000,17.507988,1.780220,14.000000,0.553571
0.071429,0.368940,1.520000,23.941835,1.695238,15.000000,0.603175
0.250000,0.877170,2.744681,28.269171,1.864919,32.000000,0.732955
0.090909,0.760308,4.205128,28.985556,1.973171,41.000000,0.807882
0.062500,0.008333,1.615385,30.000000,1.791667,16.000000,0.617647
0.043478,0.289866,1.781250,28.055186,2.025362,24.000000,0.640449
0.058824,0.008333,1.485714,30.000000,1.647059,17.000000,0.597701
0.100000,0.475216,2.000000,29.751834,1.777778,10.000000,0.666667
0.032258,0.492974,1.587302,20.592416,2.051693,34.000000,0.613497
0.062500,0.008333,1.615385,30.000000,1.791667,16.000000,0.617647
0.062500,0.731268,1.880000,28.397802,1.650000,16.000000,0.652778
0.090909,0.088710,3.875000,29.766525,1.560606,12.000000,0.794872
0.090909,0.347831,1.642857,21.598532,1.581818,11.000000,0.621622
0.062500,0.008333,2.452381,27.332496,1.971591,33.000000,0.710345
0.125000,0.066539,1.571429,25.521651,1.511111,10.000000,0.611111
0.166667,0.594640,4.500000,22.560216,1.400000,6.000000,0.818182
0.076923,1.000000,4.200000,28.059708,1.461538,13.000000,0.807692
0.050000,0.757213,3.526316,27.864954,1.728571,21.000000,0.779070
0.111111,0.180495,1.720000,23.301092,1.912281,19.000000,0.632353
0.166667,0.685830,4.500000,29.924245,1.400000,6.000000,0.818182
0.166667,0.417869,1.571429,18.387047,1.266667,6.000000,0.611111
0.200000,1.000000,2.761905,28.040307,1.748918,22.000000,0.734177
0.166667,1.000000,2.615385,29.202290,1.773333,25.000000,0.723404
0.125000,1.000000,1.714286,26.320239,1.488889,10.000000,0.631579
0.117647,0.031442,9.000000,29.450052,1.564103,13.000000,0.900000
0.117647,0.609974,1.593750,21.938645,1.701754,19.000000,0.614458
0.166667,0.608852,1.571429,25.534104,1.266667,6.000000,0.611111
0.166667,0.609974,1.593750,21.938645,1.701754,19.000000,0.614458
0.142857,0.008264,1.857143,27.431451,1.380952,7.000000,0.650000
0.142857,0.609974,1.593750,21.938645,1.701754,19.000000,0.614458
0.142857,0.609974,1.593750,21.938645,1.701754,19.000000,0.614458
0.111111,0.000000,5.666667,28.071019,1.527778,9.000000,0.850000
0.111111,0.839032,1.566667,26.470588,1.764706,17.000000,0.610390
0.250000,0.368154,4.000000,27.560008,1.428571,8.000000,0.800000
0.200000,0.650918,2.666667,20.975208,1.533333,6.000000,0.727273
0.142857,0.195767,1.785714,30.000000,2.132367,46.000000,0.641026
0.142857,0.195767,1.785714,30.000000,2.132367,46.000000,0.641026
0.142857,0.195767,1.785714,30.000000,2.132367,46.000000,0.641026
0.062500,0.325057,1.603175,25.200753,1.966667,36.000000,0.615854
0.062500,1.000000,2.125000,29.394535,1.591667,16.000000,0.680000
0.076923,0.027361,1.842105,29.679533,1.551282,13.000000,0.648148
0.076923,0.325057,1.603175,25.200753,1.966667,36.000000,0.615854
0.083333,0.325057,1.603175,25.200753,1.966667,36.000000,0.615854
0.052632,0.235489,1.870968,30.000000,1.757895,20.000000,0.651685
0.052632,0.325057,1.603175,25.200753,1.966667,36.000000,0.615854
0.066667,0.325057,1.603175,25.200753,1.966667,36.000000,0.615854
0.066667,1.000000,1.423077,29.791838,1.883333,16.000000,0.587302
0.100000,0.253716,2.363636,30.000000,1.527273,11.000000,0.702703
0.100000,1.000000,2.000000,27.500000,1.545455,12.000000,0.666667
0.100000,0.300240,1.818182,29.175251,1.555556,10.000000,0.645161
0.100000,1.000000,1.212766,30.000000,1.861905,21.000000,0.548077
0.100000,0.020447,2.363636,30.000000,1.527273,11.000000,0.702703
0.166667,0.362384,2.750000,30.000000,1.843137,18.000000,0.733333
0.166667,0.452680,1.571429,27.802525,1.266667,6.000000,0.611111
0.142857,0.642022,1.894737,22.222531,2.015152,33.000000,0.654545
0.066667,1.000000,1.760000,29.594814,1.600000,15.000000,0.637681
0.066667,0.486972,1.916667,22.100090,1.750000,24.000000,0.657143
0.200000,0.317305,1.333333,27.912363,1.916667,24.000000,0.571429
0.142857,0.008403,2.000000,30.000000,1.428571,7.000000,0.666667
0.200000,0.020148,1.764706,30.000000,2.132367,46.000000,0.638298
0.200000,0.020148,1.764706,30.000000,2.132367,46.000000,0.638298
0.200000,0.020148,1.764706,30.000000,2.132367,46.000000,0.638298
0.071429,0.068884,2.357143,28.259805,1.692308,14.000000,0.702128
0.142857,0.813646,1.587302,20.592416,2.051693,34.000000,0.613497
0.142857,0.999999,1.714286,30.000000,1.428571,7.000000,0.631579
0.076923,0.147280,3.000000,29.512640,1.538462,13.000000,0.750000
0.076923,0.813646,1.587302,20.592416,2.051693,34.000000,0.613497
0.055556,0.342192,3.625000,27.477298,1.725490,18.000000,0.783784
0.029412,0.251704,2.926829,28.914328,2.017825,34.000000,0.745342
0.029412,0.813646,1.587302,20.592416,2.051693,34.000000,0.613497
0.100000,0.453819,1.833333,24.976800,1.577778,10.000000,0.647059
0.100000,0.523808,1.558824,27.263370,2.063492,36.000000,0.609195
0.166667,0.843165,2.857143,30.000000,1.762846,23.000000,0.740741
0.117647,0.022791,1.175000,28.500267,2.210526,20.000000,0.540230
0.250000,0.008333,5.000000,28.958484,1.166667,4.000000,0.833333
0.095238,0.496308,1.169231,30.000000,1.972308,26.000000,0.539007
0.071429,0.639150,1.555556,24.858231,1.571429,14.000000,0.608696
0.133333,0.086052,1.950000,29.813220,1.685714,15.000000,0.661017
0.166667,0.000000,3.000000,30.000000,1.666667,9.000000,0.750000
0.250000,0.008333,2.444444,29.541688,1.875000,17.000000,0.709677
0.166667,0.000000,3.000000,30.000000,1.666667,9.000000,0.750000
0.166667,0.000000,3.000000,30.000000,1.666667,9.000000,0.750000
0.076923,0.999999,1.333333,30.000000,1.692308,13.000000,0.571429
0.100000,0.461043,1.642857,27.541338,1.488889,10.000000,0.621622
0.100000,0.403392,1.586207,29.766579,1.780952,21.000000,0.613333
0.200000,0.606441,3.500000,30.000000,1.535714,8.000000,0.777778
0.200000,0.563840,2.000000,24.419038,1.400000,5.000000,0.666667
0.090909,0.280567,1.200000,27.196512,1.766667,16.000000,0.545455
0.090909,0.916871,1.437500,24.916360,1.690909,11.000000,0.589744
0.166667,0.999998,1.454545,30.000000,1.692308,13.000000,0.592593
0.066667,0.000950,1.525641,30.000000,2.233449,42.000000,0.604061
0.066667,0.146611,1.525641,30.000000,2.233449,42.000000,0.604061
0.090909,0.628037,1.437500,22.143356,1.690909,11.000000,0.589744
0.045455,0.619926,2.428571,28.092497,1.779221,22.000000,0.708333
0.047619,1.000000,1.400000,12.399541,1.885714,21.000000,0.583333
0.066667,0.241531,1.525641,30.000000,2.233449,42.000000,0.604061
0.083333,0.654521,1.705882,22.589734,1.560606,12.000000,0.630435
0.083333,0.554123,1.204082,28.582904,1.726316,20.000000,0.546296
0.071429,0.305606,1.653846,29.031823,1.757353,17.000000,0.623188
0.071429,0.008264,1.608696,30.000000,1.593407,14.000000,0.616667
0.052632,0.215375,4.083333,27.931214,2.019704,29.000000,0.803279
0.052632,0.377767,1.586207,30.000000,1.812865,19.000000,0.613333
0.052632,0.377767,1.586207,30.000000,1.812865,19.000000,0.613333
0.052632,0.215375,4.083333,27.931214,2.019704,29.000000,0.803279
0.052632,0.383886,1.054545,26.639138,1.852814,22.000000,0.513274
0.052632,0.347292,1.642857,29.246282,1.812865,19.000000,0.621622
0.058824,0.992751,6.818182,29.030651,1.833992,23.000000,0.872093
0.047619,0.981548,5.866667,30.000000,1.830000,25.000000,0.854369
0.047619,0.528724,2.103448,30.000000,1.709524,21.000000,0.677778
0.047619,0.981548,5.866667,30.000000,1.830000,25.000000,0.854369
0.047619,0.528724,2.103448,30.000000,1.709524,21.000000,0.677778
0.066667,1.000000,2.108108,29.126023,1.951567,27.000000,0.678261
0.066667,1.000000,8.000000,28.182376,2.222222,19.000000,0.888889
0.076923,1.000000,1.727273,24.134728,1.779412,17.000000,0.633333
0.076923,0.824902,3.333333,29.706776,1.756410,13.000000,0.769231
0.058824,0.987179,6.818182,29.030651,1.833992,23.000000,0.872093
0.076923,0.035598,4.625000,28.440242,1.551282,13.000000,0.822222
0.071429,0.705723,2.230769,27.671326,1.787879,22.000000,0.690476
0.083333,0.159048,1.960000,19.477349,1.826316,20.000000,0.662162
0.090909,0.078947,2.071429,29.021455,1.472727,11.000000,0.674419
0.090909,1.000000,1.083333,28.046925,2.000000,18.000000,0.520000
0.083333,0.839863,1.750000,28.887261,1.515152,12.000000,0.636364
0.166667,0.370441,3.000000,25.133854,1.400000,6.000000,0.750000
0.083333,0.212693,2.545455,27.631989,1.846154,14.000000,0.717949
0.041667,0.106001,1.670588,27.925125,1.774603,36.000000,0.625551
0.041667,0.049645,1.937500,20.835935,1.992754,24.000000,0.659574
0.250000,0.581799,2.227273,28.261275,1.784211,20.000000,0.690141
0.200000,0.130413,1.333333,17.630541,1.889706,17.000000,0.571429
0.166667,0.104488,1.826087,30.000000,1.934641,18.000000,0.646154
0.066667,0.416835,4.090909,27.539143,1.647619,15.000000,0.803571
0.181818,0.172995,1.054545,26.639138,1.852814,22.000000,0.513274
0.181818,0.927375,1.555556,29.073432,1.545455,11.000000,0.608696
0.200000,0.004049,8.000000,28.062512,1.200000,5.000000,0.888889
0.200000,0.152756,1.526316,29.119324,1.472727,11.000000,0.604167
0.041667,0.741951,1.553571,20.976008,2.151210,32.000000,0.608392
0.041667,0.040944,1.939394,28.580700,1.786667,25.000000,0.659794
0.076923,0.585241,1.576923,23.501261,1.916667,25.000000,0.611940
0.076923,0.521408,1.655172,28.056132,1.912281,19.000000,0.623377
0.031250,0.741951,1.553571,20.976008,2.151210,32.000000,0.608392
0.031250,0.066885,3.000000,29.033269,2.016823,72.000000,0.750000
0.250000,0.457778,1.937500,29.774269,1.849231,26.000000,0.659574
0.100000,1.000000,2.500000,30.000000,1.444444,10.000000,0.714286
0.100000,0.141854,1.653846,28.308142,1.783333,16.000000,0.623188
0.050000,0.266667,1.750000,11.845377,1.763158,20.000000,0.636364
0.050000,0.730116,1.526316,22.688186,2.151210,32.000000,0.604167
0.076923,1.000000,1.083333,28.046925,2.000000,18.000000,0.520000
0.058824,0.199239,1.960000,19.840415,1.826316,20.000000,0.662162
0.055556,0.168889,1.740741,26.803682,1.758170,18.000000,0.635135
0.055556,0.514213,1.833333,29.087152,1.891775,22.000000,0.647059
0.071429,0.168889,1.740741,26.803682,1.758170,18.000000,0.635135
0.071429,0.038459,1.608696,30.000000,1.593407,14.000000,0.616667
0.090909,0.289725,1.533333,20.708915,1.654545,11.000000,0.605263
0.090909,0.296523,2.830000,29.645857,2.021071,68.000000,0.738903
0.083333,0.828884,1.391304,30.000000,1.692308,13.000000,0.581818
0.083333,0.007233,1.960000,28.389909,1.942857,21.000000,0.662162
0.250000,0.351325,1.437500,28.696804,1.654545,11.000000,0.589744
0.090909,0.322796,1.875000,29.158167,1.670330,14.000000,0.652174
0.090909,0.949820,1.437500,22.143356,1.690909,11.000000,0.589744
0.250000,0.712179,2.400000,29.928747,1.736264,14.000000,0.705882
0.071429,0.459750,2.037037,27.019424,2.024024,37.000000,0.670732
0.071429,0.243444,3.000000,28.940707,1.736264,14.000000,0.750000
0.076923,0.723070,1.192308,28.834153,1.913420,22.000000,0.543860
0.062500,0.577684,1.169231,30.000000,1.972308,26.000000,0.539007
0.076923,0.024821,1.192308,28.834153,1.913420,22.000000,0.543860
0.058824,0.403546,2.967742,29.861335,1.816667,25.000000,0.747967
0.125000,1.000000,1.777778,27.561514,1.428571,8.000000,0.640000
0.250000,0.249692,2.142857,30.000000,1.545455,12.000000,0.681818
0.083333,0.109660,2.000000,30.000000,1.545455,12.000000,0.666667
0.083333,0.522180,3.000000,29.737686,1.758170,18.000000,0.750000
0.083333,0.522180,3.000000,29.737686,1.758170,18.000000,0.750000
0.083333,0.109660,2.000000,30.000000,1.545455,12.000000,0.666667
0.083333,0.522180,3.000000,29.737686,1.758170,18.000000,0.750000
0.083333,0.109660,2.000000,30.000000,1.545455,12.000000,0.666667
0.083333,0.109660,2.000000,30.000000,1.545455,12.000000,0.666667
0.083333,0.522180,3.000000,29.737686,1.758170,18.000000,0.750000
0.250000,0.390055,2.142857,30.000000,1.545455,12.000000,0.681818
0.166667,0.548431,1.702703,22.080002,2.026667,25.000000,0.630000
0.050000,0.172651,2.409091,28.726136,1.878788,22.000000,0.706667
0.055556,0.738990,5.090909,27.655432,1.794737,20.000000,0.835821
0.090909,1.000000,1.285714,27.358602,1.873188,24.000000,0.562500
0.090909,0.466317,4.000000,30.000000,1.581818,11.000000,0.800000
0.200000,1.000000,1.285714,27.358602,1.873188,24.000000,0.562500
0.200000,0.004082,1.600000,28.852305,1.200000,5.000000,0.615385
0.166667,0.112577,4.100000,28.496201,1.593407,14.000000,0.803922
0.050000,0.329564,1.700000,26.776746,1.805263,20.000000,0.629630
0.050000,1.000000,1.235294,28.141801,1.873188,24.000000,0.552632
0.066667,0.053027,1.944444,29.100832,1.828571,15.000000,0.660377
0.142857,0.447106,2.270270,26.564511,1.843077,26.000000,0.694215
0.100000,1.000000,3.666667,26.841203,1.555556,10.000000,0.785714
0.200000,0.447106,2.270270,26.564511,1.843077,26.000000,0.694215
0.076923,0.564583,1.771429,18.601364,1.754941,23.000000,0.639175
0.058824,0.004082,1.916667,29.887159,1.933862,28.000000,0.657143
0.058824,0.004082,1.916667,29.887159,1.933862,28.000000,0.657143
0.166667,0.249822,2.225806,28.621731,1.890000,25.000000,0.690000
0.125000,0.914392,2.965517,30.000000,1.688406,24.000000,0.747826
0.058824,0.004082,1.916667,29.887159,1.933862,28.000000,0.657143
0.058824,0.004082,1.763636,28.247722,1.950739,29.000000,0.638158
0.076923,1.000000,2.533333,29.829598,1.880000,25.000000,0.716981
0.066667,0.053060,2.111111,28.433089,1.685714,15.000000,0.678571
0.250000,0.004332,1.509434,29.249233,1.907692,26.000000,0.601504
0.028571,0.435994,1.764706,30.000000,2.132367,46.000000,0.638298
0.028571,0.238814,2.750000,28.985999,2.043697,35.000000,0.733333
0.125000,0.018192,1.421687,30.000000,2.139024,41.000000,0.587065
0.125000,0.169081,1.652632,29.508673,2.159014,49.000000,0.623016
0.058824,0.162835,1.635417,30.000000,2.159014,49.000000,0.620553
0.125000,0.018192,1.421687,30.000000,2.139024,41.000000,0.587065
0.125000,0.169081,1.652632,29.508673,2.159014,49.000000,0.623016
0.058824,0.162835,1.635417,30.000000,2.159014,49.000000,0.620553
0.058824,0.162835,1.635417,30.000000,2.159014,49.000000,0.620553
0.125000,0.362282,1.421687,30.000000,2.139024,41.000000,0.587065
0.125000,0.169081,1.652632,29.508673,2.159014,49.000000,0.623016
0.028571,0.435994,1.764706,30.000000,2.132367,46.000000,0.638298
0.028571,0.238814,2.750000,28.985999,2.043697,35.000000,0.733333
0.028571,0.435994,1.764706,30.000000,2.132367,46.000000,0.638298
0.028571,0.238814,2.750000,28.985999,2.043697,35.000000,0.733333
0.166667,0.815464,1.571429,24.638397,1.266667,6.000000,0.611111
0.166667,0.012048,1.696970,28.259322,2.043478,24.000000,0.629213
0.142857,0.008000,1.600000,30.000000,1.428571,8.000000,0.615385
0.142857,0.379227,1.666667,30.000000,1.523810,7.000000,0.625000
0.166667,0.012048,1.428571,29.883414,1.766667,16.000000,0.588235
0.166667,0.815464,1.571429,24.638397,1.266667,6.000000,0.611111
0.111111,0.533468,1.250000,27.363636,1.581818,11.000000,0.555556
0.142857,0.008000,1.600000,30.000000,1.428571,8.000000,0.615385
0.142857,0.379227,1.666667,30.000000,1.523810,7.000000,0.625000
0.066667,0.168692,2.888889,29.460196,2.016823,72.000000,0.742857
0.066667,1.000000,1.289474,16.834628,1.590476,15.000000,0.563218
0.142857,0.008000,1.600000,30.000000,1.428571,8.000000,0.615385
0.142857,0.379227,1.666667,30.000000,1.523810,7.000000,0.625000
0.142857,0.145326,1.875000,29.565873,1.670330,14.000000,0.652174
0.142857,0.538512,2.000000,22.320458,1.523810,7.000000,0.666667
0.066667,0.296519,2.500000,22.500075,1.858333,16.000000,0.714286
0.142857,0.016129,5.000000,25.637953,1.619048,7.000000,0.833333
0.090909,0.309269,1.766667,30.000000,1.861660,23.000000,0.638554
0.076923,0.273505,1.896552,28.120975,1.639706,17.000000,0.654762
0.250000,0.679222,2.341463,29.906610,2.041379,30.000000,0.700730
0.071429,0.014354,1.551724,30.000000,1.571429,15.000000,0.608108
0.250000,0.428629,2.142857,28.147021,1.666667,9.000000,0.681818
0.111111,0.254794,1.393939,27.738868,1.742647,17.000000,0.582278
0.125000,1.000000,1.750000,29.175531,1.600000,10.000000,0.636364
0.111111,0.258646,1.720000,26.409405,1.849673,18.000000,0.632353
0.066667,0.434377,1.833333,26.523063,1.733333,16.000000,0.647059
0.066667,0.652174,1.348485,28.383090,1.933862,28.000000,0.574194
0.200000,0.736730,1.833333,26.878654,1.476190,7.000000,0.647059
0.100000,1.000000,3.000000,30.000000,1.538462,13.000000,0.750000
0.200000,1.000000,2.933333,26.156184,1.843137,18.000000,0.745763
0.142857,0.035294,2.038462,29.721898,1.894737,19.000000,0.670886
0.090909,0.026731,4.800000,29.290814,1.636364,11.000000,0.827586
0.090909,0.938992,1.400000,25.026843,1.812865,19.000000,0.583333
0.050000,0.843819,2.300000,30.000000,1.837945,23.000000,0.696970
0.050000,0.023256,1.884615,30.000000,1.742105,20.000000,0.653333
0.071429,0.335778,2.057143,28.118394,1.794466,23.000000,0.672897
0.111111,0.787659,1.769231,29.975642,1.388889,9.000000,0.638889
0.166667,0.412366,2.250000,23.918328,1.400000,6.000000,0.692308
0.100000,0.806995,1.250000,27.363636,1.581818,11.000000,0.555556
0.100000,1.000000,2.730769,28.856823,1.892308,26.000000,0.731959
0.111111,0.184211,1.769231,28.323519,1.488889,10.000000,0.638889
0.125000,1.000000,1.700000,7.276788,1.392857,8.000000,0.629630
0.111111,0.890156,3.250000,28.631551,1.290909,11.000000,0.764706
0.055556,0.021603,2.027027,25.269166,1.888889,27.000000,0.669643
0.055556,1.000000,3.062500,29.643384,1.679739,18.000000,0.753846
0.125000,0.327247,2.238095,28.317078,1.552381,15.000000,0.691176
0.250000,0.007634,2.000000,30.000000,1.563636,11.000000,0.666667
0.200000,0.204246,1.937500,29.451211,1.602564,13.000000,0.659574
0.071429,0.794155,1.740741,29.665987,1.884236,29.000000,0.635135
0.200000,0.204246,1.937500,29.451211,1.602564,13.000000,0.659574
0.250000,1.000000,2.700000,30.000000,1.795238,21.000000,0.729730
0.250000,1.000000,2.700000,30.000000,1.795238,21.000000,0.729730
0.066667,0.138438,2.428571,26.954607,1.676190,15.000000,0.708333
0.066667,0.405988,1.500000,27.159121,1.934641,18.000000,0.600000
0.076923,0.178803,2.117647,28.987988,1.657143,15.000000,0.679245
0.250000,0.595355,2.000000,29.374010,1.400000,5.000000,0.666667
0.250000,0.072464,2.000000,28.758465,1.000000,4.000000,0.666667
0.166667,0.000000,3.166667,29.472768,1.711111,10.000000,0.760000
0.142857,1.000000,1.875000,27.728984,1.886022,31.000000,0.652174
0.166667,1.000000,2.054545,28.446651,1.907197,33.000000,0.672619
0.100000,0.756847,7.500000,27.456307,1.933333,10.000000,0.882353
0.100000,1.000000,1.875000,27.728984,1.886022,31.000000,0.652174
0.058824,0.935785,6.111111,27.272893,1.676471,17.000000,0.859375
0.058824,0.199373,2.269231,29.302411,1.819048,21.000000,0.694118
0.066667,0.851169,4.090909,27.990289,1.647619,15.000000,0.803571
0.090909,0.003774,2.222222,25.286525,1.781818,11.000000,0.689655
0.100000,0.583206,3.000000,28.980775,1.755556,10.000000,0.750000
0.125000,0.574551,1.750000,13.794913,1.763158,20.000000,0.636364
0.031250,0.229615,3.066667,27.766697,2.060484,32.000000,0.754098
0.200000,0.111380,2.454545,28.708312,2.097166,39.000000,0.710526
0.200000,1.000000,4.500000,30.000000,1.100000,5.000000,0.818182
0.200000,0.487799,1.826087,28.125000,1.791667,16.000000,0.646154
0.200000,1.000000,4.500000,30.000000,1.100000,5.000000,0.818182
0.200000,0.368589,1.826087,28.125000,1.791667,16.000000,0.646154
0.100000,0.132310,1.941176,30.000000,1.576923,13.000000,0.660000
0.100000,0.370880,1.687500,27.692308,1.653846,13.000000,0.627907
0.100000,0.524654,1.533333,23.583394,1.488889,10.000000,0.605263
0.250000,1.000000,3.111111,30.000000,1.509091,11.000000,0.756757
0.083333,0.928183,2.187500,30.000000,1.515152,12.000000,0.686275
0.083333,0.740507,1.375000,14.321252,1.727273,12.000000,0.578947
0.047619,0.229246,1.333333,25.456243,1.676190,21.000000,0.571429
0.166667,0.660887,1.750000,28.066685,1.533333,6.000000,0.636364
0.166667,0.660887,1.750000,28.066685,1.533333,6.000000,0.636364
0.166667,1.000000,1.750000,28.066685,1.533333,6.000000,0.636364
0.058824,1.000000,1.361111,25.371748,1.847368,20.000000,0.576471
0.058824,0.075269,2.437500,27.519076,1.786765,17.000000,0.709091
0.050000,0.284980,1.846154,27.616981,1.778462,26.000000,0.648649
0.050000,0.958549,1.361111,22.547449,1.847368,20.000000,0.576471
0.083333,0.855717,1.523810,17.904417,1.515152,12.000000,0.603774
0.083333,0.003717,1.904762,29.657682,1.816667,16.000000,0.655738
0.142857,0.958549,1.361111,22.547449,1.847368,20.000000,0.576471
0.055556,0.310989,1.703704,20.423109,1.699346,18.000000,0.630137
0.055556,0.958549,1.361111,22.547449,1.847368,20.000000,0.576471
0.111111,0.311473,1.500000,29.281156,1.722222,9.000000,0.600000
0.111111,0.799692,1.714286,28.859066,1.875000,16.000000,0.631579
0.062500,0.690996,1.552632,23.042650,1.689474,20.000000,0.608247
0.062500,0.344094,1.894737,27.892578,1.891667,16.000000,0.654545
0.066667,0.452214,1.370370,25.307657,1.883333,16.000000,0.578125
0.066667,0.217284,3.739130,28.651101,2.011777,63.000000,0.788991
0.100000,1.000000,1.866667,27.000000,1.400000,10.000000,0.651163
0.100000,1.000000,2.040000,29.097506,1.778947,20.000000,0.671053
0.200000,0.494638,4.142857,29.493518,1.621212,12.000000,0.805556
0.200000,0.218876,1.928571,28.971311,1.590909,12.000000,0.658537
0.200000,1.000000,2.600000,29.943183,1.535714,8.000000,0.722222
0.090909,0.673671,1.750000,21.502435,2.026667,25.000000,0.636364
0.111111,0.294002,2.750000,28.985999,2.043697,35.000000,0.733333
0.142857,0.303993,1.833333,30.000000,1.476190,7.000000,0.647059
0.062500,0.255968,2.581395,28.271593,2.252564,40.000000,0.720779
0.047619,0.513765,1.656250,23.663515,2.023715,23.000000,0.623529
0.047619,0.327547,1.705882,30.000000,1.723810,21.000000,0.630435
0.200000,0.003690,1.545455,29.656355,1.753623,24.000000,0.607143
0.076923,1.000000,2.166667,30.000000,1.807018,19.000000,0.684211
0.111111,0.701007,1.552632,23.042650,1.689474,20.000000,0.608247
0.076923,1.000000,2.166667,30.000000,1.807018,19.000000,0.684211
0.076923,1.000000,2.166667,30.000000,1.807018,19.000000,0.684211
0.083333,0.809426,2.600000,29.246678,1.666667,12.000000,0.722222
0.083333,1.000000,2.000000,29.292673,1.807692,13.000000,0.666667
0.083333,1.000000,2.000000,29.292673,1.807692,13.000000,0.666667
0.083333,0.809426,2.600000,29.246678,1.666667,12.000000,0.722222
0.076923,1.000000,2.166667,30.000000,1.807018,19.000000,0.684211
0.166667,0.338998,1.625000,14.196888,1.794872,13.000000,0.619048
0.083333,0.011152,2.416667,28.373339,1.560606,12.000000,0.707317
0.066667,0.226642,2.012987,28.826019,1.861573,43.000000,0.668103
0.166667,1.000000,9.000000,26.181795,1.400000,6.000000,0.900000
0.250000,0.212587,1.843750,30.000000,1.766798,23.000000,0.648352
0.050000,0.100285,1.633333,21.821605,1.763158,20.000000,0.620253
0.050000,0.181412,1.700000,26.776746,1.805263,20.000000,0.629630
0.166667,0.944304,1.588235,25.909706,1.705128,13.000000,0.613636
0.166667,0.348402,2.750000,28.985999,2.043697,35.000000,0.733333
0.111111,0.322075,1.333333,20.290366,1.889706,17.000000,0.571429
0.250000,0.526283,2.037037,27.019424,2.024024,37.000000,0.670732
0.076923,0.048664,1.600000,29.170147,1.897059,17.000000,0.615385
0.125000,0.109681,1.733333,29.622559,1.606061,12.000000,0.634146
0.125000,0.109681,1.733333,29.622559,1.606061,12.000000,0.634146
0.090909,0.825902,4.363636,29.435567,1.647059,17.000000,0.813559
0.125000,0.109681,1.733333,29.622559,1.606061,12.000000,0.634146
0.111111,0.318079,3.500000,28.293373,1.444444,9.000000,0.777778
0.111111,0.318079,3.500000,28.293373,1.444444,9.000000,0.777778
0.125000,0.139535,2.600000,24.109496,2.133333,10.000000,0.722222
0.142857,0.183315,1.833333,30.000000,1.476190,7.000000,0.647059
0.142857,0.183315,1.833333,30.000000,1.476190,7.000000,0.647059
0.111111,0.318079,3.500000,28.293373,1.444444,9.000000,0.777778
0.142857,0.183315,1.833333,30.000000,1.476190,7.000000,0.647059
0.200000,0.016234,1.718750,27.649634,1.857895,20.000000,0.632184
0.200000,0.016234,1.718750,27.649634,1.857895,20.000000,0.632184
0.058824,0.090808,1.717391,28.716506,2.039886,27.000000,0.632000
0.058824,0.370432,1.360000,27.243143,1.860294,17.000000,0.576271
0.058824,0.090808,1.717391,28.716506,2.039886,27.000000,0.632000
0.058824,0.370432,1.360000,27.243143,1.860294,17.000000,0.576271
0.043478,0.555087,1.650000,29.956629,1.739130,23.000000,0.622642
0.043478,0.195412,1.764706,28.533536,2.056667,25.000000,0.638298
0.058824,0.043825,2.437500,29.639258,1.786765,17.000000,0.709091
0.058824,1.000000,1.435897,26.506665,1.828571,21.000000,0.589474
0.250000,1.000000,2.363636,24.575078,1.846154,13.000000,0.702703
0.250000,0.060729,2.000000,29.217512,1.333333,4.000000,0.666667
0.047619,0.035232,1.604167,29.309815,1.796296,28.000000,0.616000
0.047619,1.000000,1.435897,26.506665,1.828571,21.000000,0.589474
0.111111,0.359830,1.666667,29.258609,1.670330,14.000000,0.625000
0.142857,1.000000,1.435897,26.506665,1.828571,21.000000,0.589474
0.055556,0.125335,1.586207,29.944581,1.699346,18.000000,0.613333
0.055556,1.000000,1.435897,26.506665,1.828571,21.000000,0.589474
0.250000,0.145456,2.000000,28.904847,1.736264,14.000000,0.666667
0.250000,0.145456,2.000000,28.904847,1.736264,14.000000,0.666667
0.250000,0.085705,2.846154,28.677363,1.736264,14.000000,0.740000
0.050000,0.096301,1.729730,30.000000,1.920949,23.000000,0.633663
0.142857,0.895586,3.000000,29.012449,1.428571,7.000000,0.750000
0.142857,0.675045,1.615385,24.230308,1.654545,11.000000,0.617647
0.055556,0.240130,1.958333,26.122473,1.745098,18.000000,0.661972
0.058824,1.000000,1.884615,30.000000,1.910526,20.000000,0.653333
0.058824,1.000000,2.733333,26.715513,1.816176,17.000000,0.732143
0.043478,0.222105,2.081395,16.007295,2.114510,51.000000,0.675472
0.043478,0.038924,1.380952,26.956181,1.845850,23.000000,0.580000
0.250000,0.090574,4.142857,29.008245,1.550000,16.000000,0.805556
0.250000,0.206742,1.971429,27.943293,1.840756,39.000000,0.663462
0.066667,0.345174,1.880000,29.875642,1.552381,15.000000,0.652778
0.066667,0.049629,1.500000,25.676347,1.856209,18.000000,0.600000
0.041667,0.222105,2.081395,16.007295,2.114510,51.000000,0.675472
0.041667,0.299707,1.893617,28.701266,1.706522,24.000000,0.654412
0.200000,0.626957,1.571429,30.000000,1.266667,6.000000,0.611111
0.200000,0.493982,1.571429,30.000000,1.266667,6.000000,0.611111
0.166667,0.445667,2.388889,24.254619,1.676190,15.000000,0.704918
0.111111,1.000000,2.500000,30.000000,1.731602,22.000000,0.714286
0.166667,0.791476,3.250000,29.982439,1.290909,11.000000,0.764706
0.125000,0.488616,4.000000,25.241700,1.666667,9.000000,0.800000
0.125000,0.021824,2.400000,27.769231,1.564103,13.000000,0.705882
0.166667,0.359777,2.000000,24.150003,1.533333,6.000000,0.666667
0.166667,0.224126,1.857143,14.893474,1.607143,8.000000,0.650000
0.076923,0.003831,4.500000,23.484852,1.807692,13.000000,0.818182
0.083333,0.412298,1.857143,28.695652,1.873518,23.000000,0.650000
0.083333,0.000000,1.736842,29.610115,1.530303,12.000000,0.634615
0.250000,0.555556,2.100000,10.347423,1.622222,10.000000,0.677419
0.111111,0.183996,1.857143,30.000000,2.006154,26.000000,0.650000
0.111111,0.873622,2.714286,26.666667,1.527778,9.000000,0.730769
0.111111,0.183996,1.857143,30.000000,2.006154,26.000000,0.650000
0.111111,0.873622,2.714286,26.666667,1.527778,9.000000,0.730769
0.083333,0.227479,1.696970,27.563631,2.043478,24.000000,0.629213
0.076923,0.888764,1.650000,30.000000,1.576923,13.000000,0.622642
0.071429,0.008291,1.565217,25.577476,1.735294,17.000000,0.610169
0.071429,1.000000,3.857143,28.015737,1.923077,14.000000,0.794118
0.100000,0.442074,2.714286,25.168229,1.577778,10.000000,0.730769
0.047619,0.746841,1.966667,29.878187,1.766798,23.000000,0.662921
0.047619,0.509463,1.877551,29.097677,1.866097,27.000000,0.652482
0.200000,0.114286,2.000000,18.530495,1.400000,5.000000,0.666667
0.200000,0.428993,1.769231,30.000000,1.866097,27.000000,0.638889
0.250000,1.000000,1.583333,7.577941,1.654545,11.000000,0.612903
0.038462,1.000000,1.515625,18.974862,1.951613,32.000000,0.602484
0.038462,0.023526,2.214286,30.000000,1.775385,26.000000,0.688889
0.045455,0.256145,2.750000,29.284797,1.714286,22.000000,0.733333
0.045455,0.073716,1.847826,28.046022,1.889163,29.000000,0.648855
0.043478,0.289515,1.885714,26.987186,2.003953,23.000000,0.653465
0.043478,0.073716,1.847826,28.046022,1.889163,29.000000,0.648855
0.083333,0.340496,2.076923,29.350725,1.590909,12.000000,0.675000
0.083333,0.392589,1.571429,26.547060,1.900000,20.000000,0.611111
0.250000,0.011583,1.476190,16.612885,1.828571,15.000000,0.596154
0.200000,0.690405,5.000000,30.000000,1.600000,5.000000,0.833333
0.055556,0.287899,1.875000,25.392938,1.913043,24.000000,0.652174
0.055556,1.000000,2.074074,30.000000,1.660131,18.000000,0.674699
0.062500,0.073575,1.847826,28.264600,1.889163,29.000000,0.648855
0.111111,0.642451,1.285714,18.649964,1.681818,12.000000,0.562500
0.090909,0.019455,1.791667,29.836575,1.994152,19.000000,0.641791
0.111111,0.543912,1.321429,26.764322,1.752381,15.000000,0.569231
0.125000,1.000000,1.857143,23.686488,1.607143,8.000000,0.650000
0.111111,0.274896,2.625000,27.973179,1.618182,11.000000,0.724138
0.125000,0.057851,1.416667,28.226042,1.428571,8.000000,0.586207
0.125000,1.000000,1.769231,27.267225,1.894737,20.000000,0.638889
0.066667,1.000000,2.650000,29.464500,1.721053,20.000000,0.726027
0.066667,0.543912,1.321429,26.764322,1.752381,15.000000,0.569231
0.041667,0.550823,1.368421,29.833122,1.789855,24.000000,0.577778
0.066667,0.705203,1.636364,28.192580,1.715789,20.000000,0.620690
0.200000,0.381395,3.000000,29.094140,1.400000,5.000000,0.750000
0.111111,0.087848,1.736842,28.601483,1.789855,24.000000,0.634615
0.250000,0.552936,2.000000,5.654829,1.666667,10.000000,0.666667
0.111111,0.274896,2.625000,27.973179,1.618182,11.000000,0.724138
0.250000,1.000000,3.250000,29.875308,1.535714,8.000000,0.764706
0.250000,0.680228,1.894737,25.600871,1.766234,22.000000,0.654545
0.050000,0.680228,1.894737,25.600871,1.766234,22.000000,0.654545
0.050000,0.019455,7.571429,23.535188,2.073684,20.000000,0.883333
0.090909,0.303741,3.250000,24.405740,1.581818,11.000000,0.764706
0.090909,0.225122,1.789474,28.440573,1.946237,31.000000,0.641509
0.090909,0.303741,3.250000,24.405740,1.581818,11.000000,0.764706
0.090909,0.225122,1.789474,28.440573,1.946237,31.000000,0.641509
0.100000,0.443423,1.409091,19.157235,1.828571,15.000000,0.584906
0.045455,0.642897,1.461538,28.451958,1.835498,22.000000,0.593750
0.045455,0.200000,1.619048,10.543946,1.857143,29.000000,0.618182
0.045455,0.308705,1.540541,26.303334,1.835498,22.000000,0.606383
0.045455,0.133890,1.650000,29.100682,1.789855,24.000000,0.622642
0.142857,1.000000,0.976190,30.000000,1.838235,17.000000,0.493976
0.142857,0.121395,1.600000,25.714286,1.238095,7.000000,0.615385
0.142857,0.551162,2.035714,29.146276,1.930736,22.000000,0.670588
0.142857,0.121395,1.600000,25.714286,1.238095,7.000000,0.615385
0.111111,1.000000,2.454545,25.716932,1.636364,12.000000,0.710526
0.111111,0.808822,2.148148,29.723737,1.852814,22.000000,0.682353
0.055556,0.003953,2.314286,30.000000,1.781538,26.000000,0.698276
0.125000,0.114884,1.833333,28.830917,2.003953,23.000000,0.647059
0.055556,0.003953,1.859375,29.114869,1.870588,35.000000,0.650273
0.055556,0.608580,1.357143,30.000000,1.849673,18.000000,0.575758
0.055556,0.506855,1.750000,27.904258,2.078161,30.000000,0.636364
0.055556,0.506855,1.750000,27.904258,2.078161,30.000000,0.636364
0.055556,0.608580,1.357143,30.000000,1.849673,18.000000,0.575758
0.045455,0.333208,2.887755,29.561094,2.021071,68.000000,0.742782
0.142857,0.579004,3.122642,29.133542,2.019459,75.000000,0.757437
0.071429,0.540619,3.000000,28.954202,2.016823,72.000000,0.750000
0.100000,0.437639,1.285714,18.649964,1.681818,12.000000,0.562500
0.100000,0.645242,3.114035,29.598695,2.014985,78.000000,0.756930
0.043478,0.375717,1.942857,18.855346,2.267393,58.000000,0.660194
0.043478,0.007874,1.208333,29.931794,1.845850,23.000000,0.547170
0.058824,0.377128,1.491525,27.909126,1.803077,26.000000,0.598639
0.055556,0.377128,1.491525,27.909126,1.803077,26.000000,0.598639
0.055556,0.476370,1.209302,30.000000,1.745098,18.000000,0.547368
0.111111,1.000000,2.227273,28.261275,1.784211,20.000000,0.690141
0.111111,0.317092,1.680000,18.224024,1.720000,25.000000,0.626866
0.111111,1.000000,1.818182,21.947396,1.444444,9.000000,0.645161
0.037037,0.375717,1.942857,18.855346,2.267393,58.000000,0.660194
0.037037,0.135996,1.763636,29.088933,1.783476,27.000000,0.638158
0.142857,0.017968,2.428571,27.742202,1.428571,8.000000,0.708333
0.200000,0.178339,1.288889,28.986838,1.845850,23.000000,0.563107
0.250000,0.539091,1.533333,30.000000,1.488889,10.000000,0.605263
0.200000,0.465157,1.692308,28.923618,1.388889,9.000000,0.628571
0.166667,0.000000,2.541667,27.212394,2.051948,22.000000,0.717647
0.250000,0.847361,1.857143,30.000000,1.839827,22.000000,0.650000
0.250000,0.847361,1.857143,30.000000,1.839827,22.000000,0.650000
0.250000,0.974767,1.600000,28.310620,1.923280,28.000000,0.615385
0.071429,0.971162,1.741935,29.862130,1.686275,18.000000,0.635294
0.071429,0.890938,1.666667,29.869386,1.678363,19.000000,0.625000
0.250000,0.974767,1.600000,28.310620,1.923280,28.000000,0.615385
0.071429,0.083351,2.700000,30.000000,1.703297,14.000000,0.729730
0.071429,0.919128,1.913793,27.415137,2.005348,34.000000,0.656805
0.071429,0.890938,1.666667,29.869386,1.678363,19.000000,0.625000
0.071429,0.971162,1.741935,29.862130,1.686275,18.000000,0.635294
0.071429,0.919128,1.913793,27.415137,2.005348,34.000000,0.656805
0.071429,0.083351,2.700000,30.000000,1.703297,14.000000,0.729730
0.111111,0.071926,2.700000,30.000000,1.703297,14.000000,0.729730
0.111111,1.000000,1.583333,26.666667,1.472222,9.000000,0.612903
0.111111,1.000000,1.583333,26.666667,1.472222,9.000000,0.612903
0.111111,1.000000,1.705882,30.000000,1.691700,23.000000,0.630435
0.066667,0.218510,2.117647,30.000000,1.865942,24.000000,0.679245
0.111111,0.187920,1.596154,29.417950,1.809195,30.000000,0.614815
0.111111,1.000000,1.583333,26.666667,1.472222,9.000000,0.612903
0.250000,0.746386,1.866667,26.739303,1.705128,13.000000,0.651163
0.055556,0.031738,1.516129,30.000000,1.751634,18.000000,0.602564
0.055556,0.293179,1.266667,29.185973,1.873333,25.000000,0.558824
0.041667,0.293179,1.266667,29.185973,1.873333,25.000000,0.558824
0.041667,0.090909,1.605263,7.443208,1.844203,24.000000,0.616162
0.040000,0.293179,1.266667,29.185973,1.873333,25.000000,0.558824
0.040000,0.178510,2.712329,28.412765,1.867755,50.000000,0.730627
0.083333,0.004049,1.720000,30.000000,1.994152,19.000000,0.632353
0.142857,0.809421,2.000000,21.571429,1.428571,7.000000,0.666667
0.125000,1.000000,1.857143,30.000000,1.607143,8.000000,0.650000
0.125000,0.283982,1.666667,25.830630,1.730769,13.000000,0.625000
0.076923,0.586237,1.533333,29.801616,1.780952,21.000000,0.605263
0.200000,0.364734,1.437500,26.243613,1.533333,10.000000,0.589744
0.200000,0.012048,9.000000,27.531146,1.100000,5.000000,0.900000
0.142857,0.470445,2.000000,21.571429,1.428571,7.000000,0.666667
0.076923,0.719914,1.960784,28.420034,2.000000,35.000000,0.662252
0.100000,0.637639,7.666667,29.843126,1.488889,10.000000,0.884615
0.200000,1.000000,1.600000,30.000000,1.200000,5.000000,0.615385
0.200000,0.853487,1.571429,26.547060,1.900000,20.000000,0.611111
0.052632,0.102891,2.935484,29.209485,2.105882,51.000000,0.745902
0.052632,0.853487,1.571429,26.547060,1.900000,20.000000,0.611111
0.041667,1.000000,1.619048,10.543946,1.857143,29.000000,0.618182
0.041667,0.260772,1.795455,28.802183,1.768116,24.000000,0.642276
0.200000,0.172451,3.800000,30.000000,1.577778,10.000000,0.791667
0.200000,0.892588,1.750000,16.545914,1.300000,5.000000,0.636364
0.062500,0.062427,1.555556,19.107076,1.790850,18.000000,0.608696
0.062500,0.740222,1.800000,27.823010,1.816667,16.000000,0.642857
0.055556,1.000000,1.255319,27.965649,1.909091,23.000000,0.556604
0.055556,0.608252,1.826087,30.000000,1.725490,18.000000,0.646154
0.045455,0.868998,1.318182,21.397076,1.870130,22.000000,0.568627
0.250000,0.336045,1.724138,30.000000,1.736842,20.000000,0.632911
0.111111,0.523153,1.692308,26.467154,1.672727,11.000000,0.628571
0.083333,0.004149,1.558824,25.992473,1.905263,20.000000,0.609195
0.062500,0.038927,1.763158,29.795757,1.923913,24.000000,0.638095
0.062500,0.414356,1.625000,30.000000,1.766667,16.000000,0.619048
0.071429,0.351173,1.741935,24.710393,1.948617,23.000000,0.635294
0.071429,1.000000,3.071429,25.582657,1.947368,19.000000,0.754386
0.200000,1.000000,1.484848,30.000000,1.979310,30.000000,0.597561
0.200000,0.627087,1.680000,28.694241,1.725490,18.000000,0.626866
0.066667,0.082672,3.900000,25.653428,1.723810,15.000000,0.795918
0.066667,0.374906,1.928571,27.972558,1.896104,22.000000,0.658537
0.066667,0.056381,1.958333,29.711433,1.809117,27.000000,0.661972
0.090909,0.112342,1.846154,26.680911,1.563636,11.000000,0.648649
0.071429,0.779223,3.583333,28.531021,1.741667,16.000000,0.781818
0.090909,0.623051,2.136364,28.205601,2.117073,41.000000,0.681159
0.090909,0.668408,1.300000,28.421743,1.563636,11.000000,0.565217
0.111111,0.386169,2.162791,30.000000,1.775385,26.000000,0.683824
0.111111,0.932052,1.615385,22.612339,1.416667,9.000000,0.617647
0.200000,1.000000,2.333333,30.000000,1.300000,5.000000,0.700000
0.200000,0.161132,2.272727,27.093195,1.633333,16.000000,0.694444
0.166667,0.938437,1.130435,30.000000,1.563636,11.000000,0.530612
0.166667,0.461662,3.800000,28.332319,1.577778,10.000000,0.791667
0.125000,1.000000,1.416667,29.649787,1.428571,8.000000,0.586207
0.125000,0.297983,2.076923,25.904086,1.896104,22.000000,0.675000
0.200000,0.940212,1.642857,27.385408,1.834975,29.000000,0.621622
0.043478,0.310296,2.184211,20.891491,2.113636,33.000000,0.685950
0.062500,1.000000,1.695652,24.405411,1.758333,16.000000,0.629032
0.041667,1.000000,1.763158,29.575323,1.923913,24.000000,0.638095
0.041667,0.163964,2.888889,28.004546,1.740000,25.000000,0.742857
0.111111,1.000000,1.800000,30.000000,1.500000,9.000000,0.642857
0.066667,0.397532,1.666667,29.875642,1.666667,15.000000,0.625000
0.037037,0.231825,1.454545,26.663844,1.917379,27.000000,0.592593
0.250000,0.715235,1.764706,27.832004,1.714286,15.000000,0.638298
0.090909,1.000000,2.571429,29.386431,1.865942,24.000000,0.720000
0.090909,1.000000,1.866667,30.000000,1.490909,11.000000,0.651163
0.125000,0.322530,1.583333,30.000000,1.720588,17.000000,0.612903
0.125000,0.049257,1.472222,29.939827,1.963441,31.000000,0.595506
0.125000,0.592238,1.741935,29.585228,1.896104,22.000000,0.635294
0.066667,0.427542,1.958333,26.122473,1.745098,18.000000,0.661972
0.066667,0.682062,4.750000,30.000000,1.990476,15.000000,0.826087
0.066667,0.427542,1.958333,26.122473,1.745098,18.000000,0.661972
0.066667,0.682062,4.750000,30.000000,1.990476,15.000000,0.826087
0.250000,0.786095,2.809524,29.784319,1.819048,21.000000,0.737500
0.090909,0.240252,1.857143,30.000000,1.581818,11.000000,0.650000
0.125000,0.044850,1.533333,25.440478,1.654545,11.000000,0.605263
0.066667,0.354731,2.111111,30.000000,1.685714,15.000000,0.678571
0.076923,0.466087,1.700000,29.706776,1.564103,13.000000,0.629630
0.034483,0.000000,1.471429,22.875315,2.079545,33.000000,0.595376
0.125000,1.000000,2.142857,29.649787,1.464286,8.000000,0.681818
0.125000,1.000000,5.416667,27.198166,1.928571,36.000000,0.844156
0.125000,0.203757,1.909091,30.000000,1.250000,8.000000,0.656250
0.043478,0.270419,2.597222,28.100220,2.134694,50.000000,0.722008
0.043478,0.231657,2.184211,20.891491,2.113636,33.000000,0.685950
0.052632,1.000000,5.200000,28.216841,1.928571,36.000000,0.838710
0.052632,0.194164,2.416667,30.000000,1.766082,19.000000,0.707317
0.062500,1.000000,4.892857,28.930617,1.965861,38.000000,0.830303
0.100000,0.493296,2.257143,28.450091,1.791005,28.000000,0.692982
0.200000,1.000000,6.647059,28.448086,1.834677,32.000000,0.869231
0.166667,0.161028,2.000000,29.572582,1.863492,36.000000,0.666667
0.142857,0.073597,1.625000,25.714286,1.380952,7.000000,0.619048
0.200000,1.000000,3.700000,29.856518,1.564103,13.000000,0.787234
0.250000,0.739946,2.875000,29.418164,2.166667,13.000000,0.741935
0.250000,0.831003,2.875000,29.418164,2.166667,13.000000,0.741935
0.250000,0.251501,2.863636,29.850955,1.738095,21.000000,0.741176
0.090909,1.000000,4.571429,28.928576,1.418182,11.000000,0.820513
0.250000,0.515264,3.181818,29.615914,1.670330,14.000000,0.760870
0.100000,0.558789,1.692308,24.865128,1.672727,11.000000,0.628571
0.166667,0.096774,1.800000,24.365771,1.400000,6.000000,0.642857
0.066667,0.000000,1.659091,30.000000,1.900000,25.000000,0.623932
0.066667,0.498236,2.000000,19.363708,1.838095,15.000000,0.666667
0.066667,0.498236,2.000000,19.363708,1.838095,15.000000,0.666667
0.066667,0.000000,1.659091,30.000000,1.900000,25.000000,0.623932
0.142857,0.468551,3.750000,29.232440,1.980392,34.000000,0.789474
0.111111,0.277554,2.833333,28.750998,1.527778,9.000000,0.739130
0.111111,0.200721,1.760000,18.072240,1.803922,18.000000,0.637681
0.200000,0.340091,1.787879,28.306063,1.761905,22.000000,0.641304
0.100000,1.000000,2.939394,29.700746,2.029350,54.000000,0.746154
0.100000,0.167222,2.000000,29.751834,1.777778,10.000000,0.666667
0.111111,1.000000,2.906250,29.984326,1.770936,29.000000,0.744000
0.111111,0.683526,1.533333,24.737686,1.361111,9.000000,0.605263
0.076923,1.000000,3.032520,28.625234,2.029509,82.000000,0.752016
0.076923,0.492355,1.500000,24.353639,1.666667,13.000000,0.600000
0.040000,1.000000,2.242857,29.208157,2.034228,47.000000,0.691630
0.040000,0.779899,2.242424,27.108567,2.003333,25.000000,0.691589
0.062500,0.460956,1.300000,24.469075,1.616667,16.000000,0.565217
0.062500,1.000000,3.054545,29.258270,2.022456,76.000000,0.753363
0.125000,0.008333,1.952381,21.702122,1.808824,17.000000,0.661290
0.166667,1.000000,1.800000,27.545725,1.400000,6.000000,0.642857
0.111111,0.557050,1.352941,19.246400,1.654545,11.000000,0.575000
0.050000,0.140105,1.729730,25.804360,1.723810,21.000000,0.633663
0.050000,0.262326,1.848485,26.541910,1.757895,20.000000,0.648936
0.100000,0.101146,1.764706,30.000000,1.736264,14.000000,0.638298
0.040000,0.062390,2.888889,28.523515,1.740000,25.000000,0.742857
0.040000,0.262843,1.800000,28.517750,1.885057,30.000000,0.642857
0.041667,0.262843,1.800000,28.517750,1.885057,30.000000,0.642857
0.041667,0.218983,1.914286,30.000000,2.039855,24.000000,0.656863
0.166667,0.066199,1.529412,27.826448,1.727273,12.000000,0.604651
0.090909,0.035357,2.555556,28.007372,2.047101,24.000000,0.718750
0.076923,0.374990,4.500000,27.147669,1.807692,13.000000,0.818182
0.100000,0.101146,1.764706,30.000000,1.736264,14.000000,0.638298
0.050000,0.916280,1.617647,30.000000,1.842105,20.000000,0.617978
0.050000,0.901252,1.403509,28.726350,1.815217,24.000000,0.583942
0.071429,1.000000,1.575758,29.815885,1.647059,17.000000,0.611765
0.071429,1.000000,1.700000,30.000000,1.736264,14.000000,0.629630
0.055556,0.951187,1.466667,28.333333,1.888889,18.000000,0.594595
0.055556,0.587776,1.946667,28.487300,1.838462,40.000000,0.660633
0.062500,0.916280,1.617647,30.000000,1.842105,20.000000,0.617978
0.062500,1.000000,1.444444,22.477431,1.800000,16.000000,0.590909
0.071429,0.954590,1.700000,30.000000,1.736264,14.000000,0.629630
0.071429,1.000000,1.575758,29.815885,1.647059,17.000000,0.611765
0.062500,0.968816,1.615385,30.000000,1.791667,16.000000,0.617647
0.062500,0.811775,1.720000,26.409405,1.849673,18.000000,0.632353
0.250000,0.979371,1.419355,30.000000,1.888889,18.000000,0.586667
0.050000,0.901252,1.403509,28.726350,1.815217,24.000000,0.583942
0.050000,0.916280,1.617647,30.000000,1.842105,20.000000,0.617978
0.055556,0.951187,1.466667,28.333333,1.888889,18.000000,0.594595
0.055556,0.587776,1.946667,28.487300,1.838462,40.000000,0.660633
0.250000,0.979371,1.419355,30.000000,1.888889,18.000000,0.586667
0.062500,0.811775,1.720000,26.409405,1.849673,18.000000,0.632353
0.062500,0.968816,1.615385,30.000000,1.791667,16.000000,0.617647
0.062500,0.916280,1.617647,30.000000,1.842105,20.000000,0.617978
0.062500,1.000000,1.444444,22.477431,1.800000,16.000000,0.590909
0.111111,0.086341,1.692308,30.000000,1.511111,10.000000,0.628571
0.111111,0.086341,1.692308,30.000000,1.511111,10.000000,0.628571
0.111111,0.086341,1.692308,30.000000,1.511111,10.000000,0.628571
0.200000,0.657426,1.636364,26.193183,1.357143,8.000000,0.620690
0.090909,0.724171,1.941176,29.437299,1.960145,24.000000,0.660000
0.250000,1.000000,1.812500,30.000000,1.628205,13.000000,0.644444
0.071429,1.000000,1.857143,7.485624,1.904412,17.000000,0.650000
0.071429,0.082115,1.913043,29.639443,1.901961,18.000000,0.656716
0.076923,0.671846,2.289474,28.541350,2.062500,32.000000,0.696000
0.076923,1.000000,2.071429,29.468242,1.628205,13.000000,0.674419
0.076923,0.485771,2.705882,28.958678,1.824615,26.000000,0.730159
0.250000,0.111410,2.805556,19.531624,2.070565,32.000000,0.737226
0.047619,0.656530,7.857143,26.573469,2.100000,21.000000,0.887097
0.047619,0.111410,2.805556,19.531624,2.070565,32.000000,0.737226
0.142857,0.000000,10.000000,27.211438,1.523810,7.000000,0.909091
0.052632,0.794156,1.769231,28.820705,1.871345,19.000000,0.638889
0.052632,0.055513,1.729730,25.804360,1.723810,21.000000,0.633663
0.100000,0.240674,1.622222,29.062972,1.812308,26.000000,0.618644
0.058824,0.082025,2.520000,28.250390,1.833992,23.000000,0.715909
0.111111,0.016667,2.000000,23.362625,1.722222,9.000000,0.666667
0.047619,0.222364,1.741935,30.000000,1.742857,21.000000,0.635294
0.047619,0.015159,1.901235,24.955257,2.089899,45.000000,0.655319
0.066667,0.715595,3.545455,30.000000,1.723810,15.000000,0.780000
0.125000,0.969763,3.312500,29.117647,1.935829,34.000000,0.768116
0.047619,0.234161,1.439024,28.304583,1.800000,21.000000,0.590000
0.047619,0.955879,3.354839,30.000000,1.926136,33.000000,0.770370
0.100000,0.648405,2.166667,27.088126,2.012802,38.000000,0.684211
0.100000,0.514673,1.461538,26.407309,1.644444,10.000000,0.593750
0.058824,0.776615,2.627119,27.910686,2.116559,47.000000,0.724299
0.125000,0.772647,2.810345,29.061767,2.104610,48.000000,0.737557
0.125000,1.000000,1.857143,23.686488,1.607143,8.000000,0.650000
0.045455,0.161137,1.489796,29.104964,1.796537,22.000000,0.598361
0.045455,0.825722,3.055556,29.744381,2.098609,58.000000,0.753425
0.029412,0.400385,1.381579,27.871664,2.103387,34.000000,0.580110
0.125000,0.645731,6.333333,26.575056,1.357143,8.000000,0.863636
0.125000,0.856947,4.111111,26.105966,1.691667,16.000000,0.804348
0.200000,0.272616,1.846154,28.583396,1.793548,31.000000,0.648649
0.166667,0.708141,1.843137,29.845701,1.809117,27.000000,0.648276
0.071429,0.968753,1.545455,30.000000,1.805263,20.000000,0.607143
0.071429,1.000000,1.928571,27.473897,1.912088,14.000000,0.658537
0.062500,0.435804,1.923077,28.991810,1.806878,28.000000,0.657895
0.090909,1.000000,1.968750,30.000000,1.870130,22.000000,0.663158
0.076923,0.088235,1.523810,28.131850,1.589744,13.000000,0.603774
0.058824,0.111099,2.674419,29.311996,2.194332,39.000000,0.727848
0.028571,1.000000,2.264151,28.148531,1.917460,36.000000,0.693642
0.028571,0.503889,1.786667,22.055143,1.997155,38.000000,0.641148
0.052632,0.261261,2.045455,24.748557,1.830409,19.000000,0.671642
0.052632,1.000000,2.142857,29.478029,1.917460,36.000000,0.681818
0.047619,0.110789,1.724138,24.092714,1.942857,21.000000,0.632911
0.166667,0.353043,2.200000,25.000000,1.266667,6.000000,0.687500
0.166667,0.562874,4.333333,29.500767,1.666667,13.000000,0.812500
0.071429,0.025210,2.312500,28.569061,1.593407,14.000000,0.698113
0.047619,0.056399,2.947368,27.702383,1.769841,28.000000,0.746667
0.090909,0.805091,1.642857,29.932657,1.871345,19.000000,0.621622
0.111111,0.094737,1.769231,26.683550,1.388889,9.000000,0.638889
0.037037,0.189755,2.774194,28.878592,1.754986,27.000000,0.735043
0.037037,0.324750,1.701754,27.508446,1.920455,33.000000,0.629870
0.038462,0.064131,2.105263,29.853388,2.030769,26.000000,0.677966
0.038462,0.324750,1.701754,27.508446,1.920455,33.000000,0.629870
0.100000,0.195847,1.722222,30.000000,1.530303,12.000000,0.632653
0.058824,0.040960,2.580645,28.958678,1.753846,26.000000,0.720721
0.058824,0.918332,1.634146,28.078114,1.898551,24.000000,0.620370
0.142857,0.728192,1.791667,30.000000,1.853801,19.000000,0.641791
0.166667,0.533548,1.869565,15.807998,1.853801,19.000000,0.651515
0.037037,0.272404,2.774194,29.057939,1.754986,27.000000,0.735043
0.037037,0.752479,1.227273,23.596733,1.886040,27.000000,0.551020
0.100000,0.765795,2.357143,29.235586,2.051613,31.000000,0.702128
0.111111,0.004329,2.500000,30.000000,1.750000,9.000000,0.714286
0.052632,0.446362,2.045455,24.748557,1.830409,19.000000,0.671642
0.052632,0.053384,2.555556,29.580585,2.194332,39.000000,0.718750
0.062500,0.007126,2.972603,28.210198,2.097968,53.000000,0.748276
0.083333,0.000000,3.300000,26.313717,1.530303,12.000000,0.767442
0.083333,0.006347,2.674419,23.603879,2.057041,34.000000,0.727848
0.071429,0.045877,2.615385,29.377473,1.769231,14.000000,0.723404
0.142857,0.543101,1.125000,30.000000,1.795322,19.000000,0.529412
0.111111,0.658819,1.317073,27.349406,1.758170,18.000000,0.568421
0.050000,0.390501,2.437500,29.666067,1.774892,22.000000,0.709091
0.066667,0.671936,1.720000,26.409405,1.849673,18.000000,0.632353
0.066667,0.322313,1.407407,29.862764,1.742857,15.000000,0.584615
0.200000,0.257373,1.884615,30.000000,1.742105,20.000000,0.653333
0.050000,0.376294,1.944444,28.855972,1.722944,22.000000,0.660377
0.050000,0.430801,1.633333,23.424607,1.884211,20.000000,0.620253
0.200000,1.000000,2.333333,27.416560,1.300000,5.000000,0.700000
0.200000,0.450222,3.636364,29.240165,2.110294,17.000000,0.784314
0.200000,1.000000,2.333333,27.416560,1.300000,5.000000,0.700000
0.200000,0.450222,3.636364,29.240165,2.110294,17.000000,0.784314
0.200000,0.622398,1.857143,28.754947,1.380952,7.000000,0.650000
0.050000,0.090739,2.538462,29.906731,1.747368,20.000000,0.717391
0.050000,0.792935,1.729730,25.804360,1.723810,21.000000,0.633663
0.037037,0.341008,1.343750,24.052722,1.854701,27.000000,0.573333
0.037037,0.438610,3.093750,27.971659,1.756158,29.000000,0.755725
0.100000,1.000000,1.454545,14.201169,1.758242,14.000000,0.592593
0.100000,0.178720,4.692308,28.489331,1.551471,17.000000,0.824324
0.166667,1.000000,2.166667,28.719519,1.607143,8.000000,0.684211
0.111111,0.407744,2.520000,28.502649,1.833992,23.000000,0.715909
0.111111,1.000000,2.000000,23.362625,1.722222,9.000000,0.666667
0.024390,1.000000,1.867769,15.814476,2.262824,62.000000,0.651297
0.024390,0.401828,2.063492,24.533763,2.028049,41.000000,0.673575
0.062500,0.068181,1.954545,30.000000,1.725000,16.000000,0.661538
0.062500,0.131764,2.027027,22.500815,1.836957,24.000000,0.669643
0.166667,1.000000,2.268293,29.463293,1.632411,23.000000,0.694030
0.117647,1.000000,1.705882,30.000000,1.691700,23.000000,0.630435
0.117647,1.000000,1.209302,30.000000,1.745098,18.000000,0.547368
0.200000,0.041365,3.103896,28.523365,2.076094,55.000000,0.756329
0.166667,0.048380,1.526316,25.137449,1.628205,13.000000,0.604167
0.037037,0.700730,1.411765,29.581292,1.917379,27.000000,0.585366
0.041667,0.015849,1.689655,29.046414,1.814394,33.000000,0.628205
0.041667,1.000000,1.320000,21.958018,1.855072,24.000000,0.568966
0.047619,0.254337,2.230769,27.532428,1.828571,21.000000,0.690476
0.052632,1.000000,3.080460,28.979111,2.093785,60.000000,0.754930
0.052632,0.367780,3.800000,29.947498,1.719298,19.000000,0.791667
0.033333,1.000000,3.162500,29.216777,2.073308,57.000000,0.759760
0.033333,0.086922,1.844444,29.914457,2.039080,30.000000,0.648438
0.040000,1.000000,2.314815,29.634819,2.079580,37.000000,0.698324
0.040000,1.000000,1.978723,28.469858,1.849231,26.000000,0.664286
0.058824,1.000000,3.259740,28.726554,2.065584,56.000000,0.765244
0.125000,1.000000,2.777778,27.815907,2.121184,47.000000,0.735294
0.037037,0.016949,3.833333,26.657099,2.222222,27.000000,0.793103
0.037037,1.000000,3.162500,29.633538,2.073308,57.000000,0.759760
0.062500,1.000000,3.080460,29.021300,2.093785,60.000000,0.754930
0.142857,1.000000,1.500000,30.000000,1.476190,7.000000,0.600000
0.142857,1.000000,2.822581,27.721716,2.121184,47.000000,0.738397
0.142857,0.066190,1.732394,29.685000,1.885057,30.000000,0.634021
0.200000,1.000000,1.750000,30.000000,1.300000,5.000000,0.636364
0.066667,0.085733,2.785714,30.000000,1.752381,15.000000,0.735849
0.055556,0.029493,1.897436,28.436921,1.804348,24.000000,0.654867
0.055556,0.431947,1.479167,28.333333,1.575163,18.000000,0.596639
0.071429,1.000000,1.608696,28.605719,1.593407,14.000000,0.616667
0.090909,0.000000,2.500000,27.064163,1.545455,11.000000,0.714286
0.055556,0.721435,1.675000,30.000000,1.800725,24.000000,0.626168
0.055556,0.431947,1.479167,28.333333,1.575163,18.000000,0.596639
0.058824,0.000000,2.086957,28.885248,2.057895,20.000000,0.676056
0.058824,0.000000,2.086957,28.885248,2.057895,20.000000,0.676056
0.055556,0.431947,1.479167,28.333333,1.575163,18.000000,0.596639
0.055556,0.014233,2.424242,29.522346,1.887477,58.000000,0.707965
0.071429,0.235585,2.312500,29.660990,1.593407,14.000000,0.698113
0.200000,0.144849,1.625000,30.000000,1.380952,7.000000,0.619048
0.111111,0.043478,1.769231,28.798541,1.388889,9.000000,0.638889
0.090909,0.468119,2.066667,30.000000,1.436364,11.000000,0.673913
0.166667,0.194400,1.628571,30.000000,1.701754,19.000000,0.619565
0.125000,1.000000,14.000000,30.000000,1.500000,8.000000,0.933333
0.125000,1.000000,1.956522,28.421053,2.052632,19.000000,0.661765
0.125000,0.810576,1.750000,29.722262,1.666667,15.000000,0.636364
0.125000,0.430956,2.833333,28.385350,1.392857,8.000000,0.739130
0.200000,1.000000,7.000000,27.466886,1.300000,5.000000,0.875000
0.100000,0.451084,2.000000,27.894682,1.555556,10.000000,0.666667
0.100000,1.000000,1.956522,28.421053,2.052632,19.000000,0.661765
0.066667,1.000000,1.538462,23.113886,1.619048,15.000000,0.606061
0.066667,0.004149,2.352941,27.637773,1.666667,16.000000,0.701754
0.076923,1.000000,1.538462,23.113886,1.619048,15.000000,0.606061
0.100000,0.591276,3.428571,30.000000,1.466667,10.000000,0.774194
0.062500,0.033613,2.150000,28.684209,1.775000,16.000000,0.682540
0.055556,0.398146,2.627451,29.169570,2.243129,44.000000,0.724324
0.076923,0.588182,2.875000,22.640086,2.057041,34.000000,0.741935
0.250000,0.588182,2.875000,22.640086,2.057041,34.000000,0.741935
0.043478,0.588182,2.875000,22.640086,2.057041,34.000000,0.741935
0.043478,1.000000,4.461538,29.965490,2.142292,23.000000,0.816901
0.083333,0.365384,1.666667,20.663162,1.545455,12.000000,0.625000
0.055556,0.008264,4.571429,29.039337,1.581699,18.000000,0.820513
0.250000,0.388250,2.000000,28.279773,2.095238,21.000000,0.666667
0.166667,0.940927,3.769231,28.893659,1.580952,15.000000,0.790323
0.166667,1.000000,2.300000,30.000000,1.581818,11.000000,0.696970
0.263158,0.025210,1.744186,29.245181,1.735178,23.000000,0.635593
0.250000,0.388250,2.000000,28.279773,2.095238,21.000000,0.666667
0.066667,1.000000,1.958333,29.024151,1.878947,20.000000,0.661972
0.058824,0.193792,1.470588,15.002374,2.084677,32.000000,0.595238
0.250000,0.470588,3.333333,28.295510,1.333333,6.000000,0.769231
0.076923,0.008264,1.937500,26.696698,1.653846,13.000000,0.659574
0.035714,0.449818,1.719298,29.635991,1.804233,28.000000,0.632258
0.038462,0.118620,1.216667,29.766239,1.870769,26.000000,0.548872
0.100000,0.584953,3.192308,29.491374,1.692641,22.000000,0.761468
0.100000,0.413726,1.700000,29.927740,1.688889,10.000000,0.629630
0.125000,1.000000,2.400000,29.041652,1.642857,8.000000,0.705882
0.076923,0.469421,2.095238,28.400689,1.901961,18.000000,0.676923
0.111111,0.712295,2.222222,28.147021,1.500000,9.000000,0.689655
0.111111,0.103372,1.376623,30.000000,1.963441,31.000000,0.579235
0.111111,0.489961,1.920000,27.818894,1.747368,20.000000,0.657534
0.111111,0.712295,2.222222,28.147021,1.500000,9.000000,0.689655
0.142857,0.058106,2.529412,28.606561,1.716667,16.000000,0.716667
0.142857,1.000000,4.500000,30.000000,1.714286,7.000000,0.818182
0.142857,1.000000,2.000000,25.649352,1.476190,7.000000,0.666667
0.071429,1.000000,4.000000,30.000000,1.780220,14.000000,0.800000
0.071429,0.207108,1.473684,30.000000,2.099567,22.000000,0.595745
0.090909,1.000000,2.000000,30.000000,1.807018,19.000000,0.666667
0.142857,1.000000,4.500000,30.000000,1.714286,7.000000,0.818182
0.142857,0.058106,2.529412,28.606561,1.716667,16.000000,0.716667
0.090909,1.000000,2.000000,30.000000,1.807018,19.000000,0.666667
0.090909,0.207108,1.473684,30.000000,2.099567,22.000000,0.595745
0.200000,0.252099,2.379310,28.211928,1.770000,25.000000,0.704082
0.111111,0.411744,3.800000,28.708280,1.577778,10.000000,0.791667
0.100000,0.371917,1.658228,25.451330,1.987988,37.000000,0.623810
0.100000,0.004115,2.375000,28.000757,1.577778,10.000000,0.703704
0.038462,0.371917,1.658228,25.451330,1.987988,37.000000,0.623810
0.038462,0.004115,1.237288,30.000000,1.870769,26.000000,0.553030
0.083333,0.437650,1.909091,30.000000,1.772727,12.000000,0.656250
0.083333,0.244063,2.195652,29.493488,1.812169,28.000000,0.687075
0.038462,0.004115,2.279070,30.000000,1.735385,26.000000,0.695035
0.038462,0.371917,1.658228,25.451330,1.987988,37.000000,0.623810
0.038462,0.371917,1.658228,25.451330,1.987988,37.000000,0.623810
0.038462,0.018872,1.976744,27.177762,1.778462,26.000000,0.664062
0.032258,0.007470,1.575000,30.000000,1.994318,33.000000,0.611650
0.038462,0.350467,1.345455,27.170818,1.870769,26.000000,0.573643
0.032258,0.117694,1.575000,30.000000,1.994318,33.000000,0.611650
0.038462,0.278014,2.138889,28.747715,1.904615,26.000000,0.681416
0.200000,0.004115,4.000000,30.000000,1.200000,5.000000,0.800000
0.090909,0.243167,1.711111,29.933379,1.907407,28.000000,0.631148
0.111111,0.299366,1.875000,23.159070,1.666667,9.000000,0.652174
0.111111,1.000000,3.450000,29.825722,2.222222,27.000000,0.775281
0.111111,0.504477,5.750000,29.369351,1.361111,9.000000,0.851852
0.066667,0.004115,2.555556,28.220462,1.978947,20.000000,0.718750
0.062500,0.225997,2.642857,27.464549,1.916667,16.000000,0.725490
0.062500,0.550638,2.050000,28.498430,1.882353,17.000000,0.672131
0.062500,0.397838,1.826087,29.788227,1.934641,18.000000,0.646154
0.062500,0.030996,1.169231,30.000000,1.972308,26.000000,0.539007
0.083333,0.692236,1.192308,28.834153,1.913420,22.000000,0.543860
0.083333,0.267317,2.230769,27.151779,1.636364,12.000000,0.690476
0.125000,0.761949,1.727273,29.149264,2.105072,24.000000,0.633333
0.125000,0.393507,2.500000,29.135893,1.464286,8.000000,0.714286
0.153846,0.764945,2.071429,29.125779,1.692308,13.000000,0.674419
0.153846,0.757731,1.866667,27.797943,2.067194,23.000000,0.651163
0.100000,1.000000,2.666667,28.030921,1.466667,10.000000,0.727273
0.100000,1.000000,1.605263,6.640470,1.844203,24.000000,0.616162
0.083333,0.036970,1.192308,28.834153,1.913420,22.000000,0.543860
0.083333,0.267317,2.230769,27.151779,1.636364,12.000000,0.690476
0.125000,1.000000,3.200000,30.000000,1.464286,8.000000,0.761905
0.142857,1.000000,1.625000,22.500000,1.535714,8.000000,0.619048
0.062500,0.115367,3.393939,30.000000,1.775132,28.000000,0.772414
0.090909,0.341444,1.909091,26.348336,1.781818,11.000000,0.656250
0.166667,0.368483,1.818182,27.220289,1.472222,9.000000,0.645161
0.142857,0.148673,1.775000,16.158669,1.829710,24.000000,0.639640
0.250000,1.000000,2.200000,30.000000,1.266667,6.000000,0.687500
0.250000,1.000000,1.777778,27.096084,1.238095,7.000000,0.640000
0.090909,0.745903,1.500000,30.000000,1.690909,11.000000,0.600000
0.090909,0.080625,1.900000,29.967155,1.753247,22.000000,0.655172
0.090909,1.000000,1.500000,30.000000,1.690909,11.000000,0.600000
0.090909,0.080625,1.900000,29.967155,1.753247,22.000000,0.655172
0.142857,0.012245,2.600000,29.129056,1.428571,7.000000,0.722222
0.142857,1.000000,3.250000,30.000000,1.380952,7.000000,0.764706
0.142857,1.000000,3.250000,30.000000,1.380952,7.000000,0.764706
0.125000,0.038524,1.782609,29.529517,1.838235,17.000000,0.640625
0.142857,1.000000,3.250000,30.000000,1.380952,7.000000,0.764706
0.125000,0.038524,1.782609,29.529517,1.838235,17.000000,0.640625
0.125000,0.038524,1.782609,29.529517,1.838235,17.000000,0.640625
0.142857,1.000000,3.250000,30.000000,1.380952,7.000000,0.764706
0.090909,0.012245,1.400000,29.043065,1.690909,11.000000,0.583333
0.111111,1.000000,1.750000,30.000000,1.416667,9.000000,0.636364
0.083333,0.499834,3.500000,29.832998,1.775132,28.000000,0.777778
0.083333,0.470987,2.000000,22.319199,1.621212,12.000000,0.666667
0.125000,0.390992,2.000000,22.269492,1.428571,8.000000,0.666667
0.125000,0.613223,2.000000,26.473123,1.621212,12.000000,0.666667
0.200000,0.004016,1.360465,29.255987,1.946970,33.000000,0.576355
0.200000,1.000000,1.857143,27.000000,1.422222,10.000000,0.650000
0.055556,0.118115,2.000000,28.959551,1.895238,21.000000,0.666667
0.266667,1.000000,3.000000,30.000000,1.735294,17.000000,0.750000
0.266667,1.000000,3.000000,30.000000,1.735294,17.000000,0.750000
0.300000,0.008065,1.888889,27.600000,1.746667,25.000000,0.653846
0.100000,0.426501,2.637681,28.513701,1.864940,47.000000,0.725100
0.076923,0.347557,2.617021,27.419596,1.992870,34.000000,0.723529
0.250000,0.347557,2.617021,27.419596,1.992870,34.000000,0.723529
0.090909,0.365930,2.562500,29.101349,1.992870,34.000000,0.719298
0.090909,0.048980,1.041667,21.820620,1.618182,11.000000,0.510204
0.038462,1.000000,3.833333,29.369387,2.222222,27.000000,0.793103
0.038462,0.347557,2.617021,27.419596,1.992870,34.000000,0.723529
0.071429,0.696343,2.692308,30.000000,1.659341,14.000000,0.729167
0.071429,0.923111,1.615385,29.796081,1.852941,17.000000,0.617647
0.052632,0.585654,3.615385,28.421053,2.070175,19.000000,0.783333
0.052632,0.272936,4.071429,28.375294,1.795322,19.000000,0.802817
0.076923,0.895801,4.000000,24.060723,2.320513,13.000000,0.800000
0.076923,0.006463,1.717949,29.497704,1.814229,23.000000,0.632075
0.250000,0.550068,3.428571,30.000000,2.320513,13.000000,0.774194
0.076923,0.895801,4.000000,24.060723,2.320513,13.000000,0.800000
0.250000,0.600873,1.732143,28.385318,1.950739,29.000000,0.633987
0.250000,0.241491,2.000000,28.990483,1.703297,14.000000,0.666667
0.250000,0.537663,3.428571,30.000000,2.320513,13.000000,0.774194
0.200000,0.024547,2.812500,29.159638,1.852308,26.000000,0.737705
0.111111,0.184885,1.670732,30.000000,1.937500,33.000000,0.625571
0.111111,1.000000,1.670732,30.000000,1.937500,33.000000,0.625571
0.200000,0.610234,2.185185,28.767230,1.766798,23.000000,0.686047
0.200000,1.000000,4.333333,27.393373,1.439394,12.000000,0.812500
0.111111,0.520975,2.037037,30.000000,1.712418,18.000000,0.670732
0.090909,0.062226,2.500000,29.293677,1.545455,11.000000,0.714286
0.062500,0.048913,1.916667,27.279053,1.616667,16.000000,0.657143
0.090909,0.000000,2.800000,29.308040,1.692308,14.000000,0.736842
0.090909,0.117611,1.041667,21.820620,1.618182,11.000000,0.510204
0.250000,0.567822,2.333333,26.664639,1.300000,5.000000,0.700000
0.200000,1.000000,2.166667,28.080195,1.642857,8.000000,0.684211
0.200000,0.946051,2.333333,24.000000,1.300000,5.000000,0.700000
0.090909,0.117611,1.041667,21.820620,1.618182,11.000000,0.510204
0.090909,1.000000,3.450000,30.000000,2.222222,27.000000,0.775281
0.142857,0.927902,2.400000,30.000000,1.428571,7.000000,0.705882
0.142857,1.000000,1.322581,24.637368,1.975806,32.000000,0.569444
0.066667,0.150742,2.583333,27.601303,2.238095,15.000000,0.720930
0.066667,1.000000,1.322581,24.637368,1.975806,32.000000,0.569444
0.200000,0.012346,2.104478,29.814602,2.147992,44.000000,0.677885
0.090909,0.069777,2.150000,28.780036,1.775000,16.000000,0.682540
0.066667,0.028345,2.029412,29.406678,1.880000,26.000000,0.669903
0.166667,0.775369,2.200000,26.620524,1.266667,6.000000,0.687500
0.125000,0.093123,1.419355,28.006647,1.937931,30.000000,0.586667
0.100000,0.208773,3.000000,23.474845,1.545455,12.000000,0.750000
0.083333,0.259471,1.392857,29.149450,1.946970,33.000000,0.582090
0.083333,0.208773,3.000000,23.474845,1.545455,12.000000,0.750000
0.083333,0.375535,1.838710,30.000000,1.753247,22.000000,0.647727
0.083333,0.208773,3.000000,23.474845,1.545455,12.000000,0.750000
0.032258,0.798117,1.242105,29.518123,1.971480,34.000000,0.553991
0.032258,0.543637,3.157895,29.982975,1.881720,31.000000,0.759494
0.200000,0.536314,1.394737,30.000000,1.963441,31.000000,0.582418
0.125000,0.865630,1.322917,28.754647,1.957983,35.000000,0.569507
0.125000,1.000000,1.484848,29.739581,1.979310,30.000000,0.597561
0.083333,0.004082,4.125000,28.277272,1.515152,12.000000,0.804878
0.100000,0.779289,1.392857,29.073794,1.946970,33.000000,0.582090
0.125000,0.906717,1.576923,23.501261,1.916667,25.000000,0.611940
0.125000,0.093237,1.555556,27.720546,1.500000,8.000000,0.608696
0.125000,0.099626,1.216667,30.000000,1.870769,26.000000,0.548872
0.068966,0.858954,1.642857,27.385408,1.834975,29.000000,0.621622
0.068966,0.569702,1.763636,27.682454,1.950739,29.000000,0.638158
0.111111,1.000000,6.000000,26.777778,1.500000,9.000000,0.857143
0.058824,0.487954,1.644068,28.977858,1.950739,29.000000,0.621795
0.058824,0.626399,1.970588,29.404944,1.898551,24.000000,0.663366
0.090909,1.000000,1.538462,25.381136,1.800000,11.000000,0.606061
0.090909,0.212907,2.363636,29.298848,1.681818,12.000000,0.702703
0.166667,0.577783,1.800000,29.586390,1.400000,6.000000,0.642857
0.100000,0.823100,2.555556,23.633376,1.787879,12.000000,0.718750
0.100000,0.000000,1.923077,28.821434,1.466667,10.000000,0.657895
0.200000,0.939508,1.825000,28.078219,1.903134,27.000000,0.646018
0.200000,0.448439,2.833333,25.962738,1.666667,10.000000,0.739130
0.250000,0.040799,1.916667,27.279053,1.616667,16.000000,0.657143
0.166667,0.104072,1.812500,24.000000,1.355556,10.000000,0.644444
0.166667,0.029690,1.468750,20.898861,1.794737,20.000000,0.594937
0.200000,0.085613,2.777778,18.343517,2.085714,21.000000,0.735294
0.058824,0.172584,2.533333,28.969439,1.728571,21.000000,0.716981
0.058824,0.088654,2.933333,30.000000,2.205263,20.000000,0.745763
0.058824,0.172584,2.533333,28.969439,1.728571,21.000000,0.716981
0.058824,0.088654,2.933333,30.000000,2.205263,20.000000,0.745763
0.100000,0.343388,3.416667,30.000000,2.143791,18.000000,0.773585
0.100000,0.343388,3.416667,30.000000,2.143791,18.000000,0.773585
0.200000,1.000000,1.230769,26.250000,1.464286,8.000000,0.551724
0.100000,1.000000,1.880000,29.675498,1.878947,20.000000,0.652778
0.100000,0.564916,1.944444,28.826129,1.708333,16.000000,0.660377
0.041667,0.599132,2.562500,29.721154,1.992870,34.000000,0.719298
0.076923,1.000000,1.823529,29.985141,1.653846,13.000000,0.645833
0.076923,1.000000,1.322581,24.637368,1.975806,32.000000,0.569444
0.100000,1.000000,2.000000,12.801001,1.644444,10.000000,0.666667
0.100000,0.380316,1.508772,28.747948,1.920228,27.000000,0.601399
0.100000,0.316491,1.604651,29.803926,1.803333,25.000000,0.616071
0.166667,0.141112,1.935484,27.252996,1.844156,22.000000,0.659341
0.090909,0.089980,2.000000,22.840855,1.745455,11.000000,0.666667
0.100000,0.148636,2.375000,28.550663,1.577778,10.000000,0.703704
0.045455,0.345043,1.436364,28.535727,1.874644,27.000000,0.589552
0.090909,0.863813,3.933333,28.106408,1.639706,17.000000,0.797297
0.090909,0.033068,4.800000,30.000000,1.636364,11.000000,0.827586
0.076923,0.219059,2.156250,26.562201,1.637427,19.000000,0.683168
0.090909,0.863813,3.933333,28.106408,1.639706,17.000000,0.797297
0.090909,0.746076,4.800000,30.000000,1.636364,11.000000,0.827586
0.055556,0.784572,2.090909,28.996534,1.869281,18.000000,0.676471
0.055556,0.427201,3.421053,29.351547,1.725146,19.000000,0.773810
0.050000,0.184402,4.133333,29.523649,1.805263,20.000000,0.805195
0.050000,0.781223,4.095238,28.421145,2.826546,52.000000,0.803738
0.071429,0.781223,4.095238,28.421145,2.826546,52.000000,0.803738
0.071429,0.012552,3.750000,30.000000,1.890110,14.000000,0.789474
0.083333,1.000000,2.444444,30.000000,1.742424,12.000000,0.709677
0.083333,0.800235,4.095238,28.421145,2.826546,52.000000,0.803738
0.071429,0.012552,3.750000,30.000000,1.890110,14.000000,0.789474
0.071429,0.781223,4.095238,28.421145,2.826546,52.000000,0.803738
0.076923,1.000000,2.333333,29.950788,1.735385,26.000000,0.700000
0.083333,0.131362,2.204545,23.907447,2.246212,33.000000,0.687943
0.083333,1.000000,2.750000,29.622559,1.742424,12.000000,0.733333
0.166667,0.004219,2.714286,30.000000,1.577778,10.000000,0.730769
0.125000,0.359972,2.259259,27.767036,1.909091,22.000000,0.693182
0.166667,0.346099,2.538462,27.274066,2.275000,16.000000,0.717391
0.090909,1.000000,1.846154,28.249352,1.563636,11.000000,0.648649
0.142857,0.379172,2.196078,29.753112,1.804233,28.000000,0.687117
0.111111,0.431443,2.789474,27.485934,2.004329,22.000000,0.736111
0.111111,0.773210,2.222222,23.348094,1.500000,9.000000,0.689655
0.250000,0.117959,2.538462,22.562500,1.925000,16.000000,0.717391
0.142857,0.787984,1.750000,20.303255,1.622222,10.000000,0.636364
0.142857,1.000000,2.166667,29.245151,1.380952,7.000000,0.684211
0.142857,1.000000,2.000000,25.871257,1.476190,7.000000,0.666667
0.200000,1.000000,1.910448,30.000000,1.863492,36.000000,0.656410
0.200000,0.480990,2.206897,27.626415,1.855072,24.000000,0.688172
0.090909,0.361923,1.781609,30.000000,2.014396,43.000000,0.640496
0.043478,1.000000,1.470588,15.002374,2.084677,32.000000,0.595238
0.043478,0.452181,1.890244,28.973079,2.014396,43.000000,0.654008
0.125000,0.496752,3.666667,20.246389,2.000000,8.000000,0.785714
0.125000,0.025410,2.279070,30.000000,1.735385,26.000000,0.695035
0.125000,0.825995,1.750000,30.000000,1.571429,8.000000,0.636364
0.125000,0.825995,1.750000,30.000000,1.571429,8.000000,0.636364
0.125000,0.825995,1.750000,30.000000,1.571429,8.000000,0.636364
0.125000,0.825995,1.750000,30.000000,1.571429,8.000000,0.636364
0.142857,0.230040,1.885714,24.168620,2.021538,26.000000,0.653465
0.142857,0.894390,1.714286,27.228618,1.476190,7.000000,0.631579
0.250000,0.923366,1.500000,28.298965,1.769231,13.000000,0.600000
0.047619,0.084227,2.772727,28.571429,1.838095,21.000000,0.734940
0.047619,0.253808,3.031250,30.000000,2.013258,33.000000,0.751938
0.200000,1.000000,3.500000,26.130541,1.300000,5.000000,0.777778
0.200000,0.388492,3.285714,24.714369,2.042735,27.000000,0.766667
0.125000,1.000000,1.625000,30.000000,1.607143,8.000000,0.619048
0.142857,0.822951,1.666667,23.910152,1.523810,7.000000,0.625000
0.250000,0.914391,4.000000,30.000000,1.333333,4.000000,0.800000
0.250000,1.000000,2.421053,29.823494,1.953216,19.000000,0.707692
0.250000,1.000000,2.421053,29.823494,1.953216,19.000000,0.707692
0.250000,0.803362,4.000000,30.000000,1.333333,4.000000,0.800000
0.250000,1.000000,2.421053,29.823494,1.953216,19.000000,0.707692
0.250000,0.803362,4.000000,30.000000,1.333333,4.000000,0.800000
0.100000,0.491799,1.888889,30.000000,1.602564,13.000000,0.653846
0.100000,0.898271,5.500000,30.000000,1.577778,10.000000,0.846154
0.250000,0.914391,4.000000,30.000000,1.333333,4.000000,0.800000
0.250000,1.000000,2.421053,29.823494,1.953216,19.000000,0.707692
0.142857,0.548770,3.250000,28.754947,1.380952,7.000000,0.764706
0.111111,0.809163,1.410256,26.231468,1.884211,20.000000,0.585106
0.111111,0.572253,1.175000,28.500267,2.210526,20.000000,0.540230
0.100000,0.793670,1.614035,28.186333,1.825287,30.000000,0.617450
0.041667,0.190804,1.380000,27.331950,1.800725,24.000000,0.579832
0.080000,0.322049,1.169231,30.000000,1.972308,26.000000,0.539007
0.166667,0.950519,2.000000,30.000000,1.200000,6.000000,0.666667
0.250000,1.000000,3.200000,30.000000,1.775132,28.000000,0.761905
0.166667,0.560655,1.591549,26.981002,1.845161,31.000000,0.614130
0.055556,0.560655,1.591549,26.981002,1.845161,31.000000,0.614130
0.062500,1.000000,2.047619,30.000000,1.775000,16.000000,0.671875
0.062500,1.000000,2.250000,28.125000,1.775000,16.000000,0.692308
0.142857,0.497582,2.066667,27.216596,1.855385,26.000000,0.673913
0.038462,0.852751,1.602564,29.928396,1.957661,32.000000,0.615764
0.038462,0.464161,1.978723,27.918503,1.855385,26.000000,0.664286
0.038462,0.499467,2.062500,27.869273,1.793846,26.000000,0.673469
0.038462,0.891645,1.575000,30.000000,1.994318,33.000000,0.611650
0.090909,0.509009,1.690476,26.523715,1.986505,39.000000,0.628319
0.142857,0.080372,2.250000,30.000000,1.666667,7.000000,0.692308
0.055556,0.256713,3.529412,30.000000,1.714286,28.000000,0.779221
0.055556,1.000000,4.095238,28.421145,2.826546,52.000000,0.803738
0.062500,1.000000,1.500000,22.028134,1.800000,16.000000,0.600000
0.062500,0.746455,1.428571,28.672325,1.815217,24.000000,0.588235
0.142857,0.068493,1.533333,30.000000,1.581818,11.000000,0.605263
0.142857,1.000000,1.625000,25.714286,1.380952,7.000000,0.619048
0.071429,0.730517,3.750000,30.000000,1.890110,14.000000,0.789474
0.071429,0.730517,3.750000,30.000000,1.890110,14.000000,0.789474
0.166667,0.027923,4.000000,28.676140,1.533333,6.000000,0.800000
0.166667,0.636803,2.562500,29.691395,1.992870,34.000000,0.719298
0.090909,0.438891,1.811321,22.897024,2.000000,31.000000,0.644295
0.090909,0.280349,1.857143,28.812103,1.527273,11.000000,0.650000
0.111111,0.438891,1.811321,22.897024,2.000000,31.000000,0.644295
0.032258,1.000000,2.186441,29.047605,2.005690,38.000000,0.686170
0.032258,0.006553,2.460000,29.778244,1.992870,34.000000,0.710983
0.055556,0.826731,1.380000,28.695567,1.800725,24.000000,0.579832
0.055556,0.472604,2.722222,26.820413,1.758170,18.000000,0.731343
0.055556,0.520782,2.062500,27.678697,1.793846,26.000000,0.673469
0.125000,0.223881,1.800000,22.149787,1.357143,8.000000,0.642857
0.250000,1.000000,1.750000,30.000000,1.300000,5.000000,0.636364
0.125000,0.223881,1.800000,22.149787,1.357143,8.000000,0.642857
0.050000,0.097674,1.468750,20.898861,1.794737,20.000000,0.594937
0.076923,1.000000,1.684211,30.000000,1.589744,13.000000,0.627451
0.035714,0.750297,1.326923,13.958568,1.912698,28.000000,0.570248
0.035714,0.207234,2.084507,29.907251,2.169082,46.000000,0.675799
0.040000,0.042275,1.904762,29.506229,1.800000,25.000000,0.655738
0.040000,0.750297,1.326923,13.958568,1.912698,28.000000,0.570248
0.133333,0.008403,1.375000,30.000000,1.830882,17.000000,0.578947
0.250000,0.135776,2.538462,25.382144,1.914286,15.000000,0.717391
0.250000,0.800531,1.826923,29.992273,1.790000,25.000000,0.646259
0.045455,0.757514,2.363636,29.941840,1.774892,22.000000,0.702703
0.250000,0.882924,3.081081,28.644474,2.086653,54.000000,0.754967
0.200000,0.135834,2.280000,29.301835,1.874459,22.000000,0.695122
0.100000,0.766785,2.200000,27.272727,1.745455,11.000000,0.687500
0.100000,0.172046,3.800000,29.350997,1.711111,10.000000,0.791667
0.083333,1.000000,1.464286,30.000000,1.838235,17.000000,0.594203
0.083333,1.000000,1.464286,30.000000,1.838235,17.000000,0.594203
0.083333,1.000000,1.464286,30.000000,1.838235,17.000000,0.594203
0.178571,0.080544,1.920000,27.724970,1.877016,32.000000,0.657534
0.090909,1.000000,2.181818,21.976593,1.636364,11.000000,0.685714
0.166667,0.205334,4.500000,30.000000,1.400000,6.000000,0.818182
0.166667,1.000000,4.500000,30.000000,1.400000,6.000000,0.818182
0.250000,0.491259,2.242424,29.842890,2.050740,44.000000,0.691589
0.250000,0.294465,2.451613,29.289942,1.783476,27.000000,0.710280
0.040000,0.422076,2.029412,28.800000,1.820000,25.000000,0.669903
0.040000,0.035480,2.080460,29.412339,2.047619,49.000000,0.675373
0.066667,0.304520,1.455882,25.917958,1.991087,34.000000,0.592814
0.066667,0.976404,2.562500,29.791337,1.723810,15.000000,0.719298
0.050000,0.990538,1.933333,28.316349,1.815789,20.000000,0.659091
0.035714,0.014263,1.242424,29.507184,1.883598,28.000000,0.554054
0.071429,0.591521,2.250000,27.857143,1.780220,14.000000,0.692308
0.033333,0.977964,1.849057,27.592617,1.908046,30.000000,0.649007
0.100000,0.074450,1.200000,24.988361,1.883333,25.000000,0.545455
0.100000,0.099589,3.000000,30.000000,1.600000,10.000000,0.750000
0.062500,1.000000,1.840000,30.000000,1.616667,16.000000,0.647887
0.125000,0.368973,1.900000,29.134549,1.424242,12.000000,0.655172
0.066667,0.134039,2.200000,28.778341,1.771429,15.000000,0.687500
0.166667,0.012448,1.666667,30.000000,1.333333,6.000000,0.625000
0.047619,0.311552,2.392157,30.000000,1.783251,29.000000,0.705202
0.047619,0.197539,1.777778,29.723737,1.722944,22.000000,0.640000
0.250000,0.033490,1.723404,29.972208,1.830769,26.000000,0.632812
0.047619,0.012448,1.576923,29.811288,1.933862,28.000000,0.611940
0.125000,1.000000,1.523810,18.426121,1.589744,13.000000,0.603774
0.200000,0.819912,4.000000,24.060723,2.320513,13.000000,0.800000
0.055556,0.771628,1.468750,28.646515,1.862745,18.000000,0.594937
0.055556,1.000000,1.954545,25.063025,1.836601,18.000000,0.661538
0.111111,0.577530,1.666667,23.351935,1.694444,9.000000,0.625000
0.111111,0.016529,1.916667,29.405000,1.699346,18.000000,0.657143
0.125000,0.398421,1.818182,24.000002,1.555556,10.000000,0.645161
0.083333,0.099018,2.214286,28.712646,1.530303,12.000000,0.688889
0.083333,0.332498,1.907407,24.562631,1.985887,32.000000,0.656051
0.111111,0.332498,1.907407,24.562631,1.985887,32.000000,0.656051
0.052632,0.004082,2.037736,28.620810,1.869875,34.000000,0.670807
0.100000,1.000000,1.720000,28.543372,1.590476,15.000000,0.632353
0.111111,1.000000,3.619048,29.841170,1.844203,24.000000,0.783505
0.100000,0.368873,2.250000,29.914889,2.101883,43.000000,0.692308
0.100000,0.103314,1.300000,30.000000,1.563636,11.000000,0.565217
0.055556,0.096363,2.274194,29.144009,2.147992,44.000000,0.694581
0.250000,0.075685,2.169231,29.650835,2.147992,44.000000,0.684466
0.083333,0.689704,2.685714,28.784116,2.122642,53.000000,0.728682
0.083333,0.257338,2.361702,30.000000,2.252564,40.000000,0.702532
0.100000,0.586625,1.838710,30.000000,1.753247,22.000000,0.647727
0.250000,1.000000,1.783784,18.459501,1.996923,26.000000,0.640777
0.111111,0.004082,2.250000,23.333333,1.555556,9.000000,0.692308
0.090909,1.000000,1.783784,18.459501,1.996923,26.000000,0.640777
0.090909,0.412674,1.937500,27.705107,1.436364,11.000000,0.659574
0.166667,1.000000,1.783784,18.459501,1.996923,26.000000,0.640777
0.142857,1.000000,1.783784,27.914522,1.996923,26.000000,0.640777
0.142857,0.004082,1.714286,21.312290,1.428571,7.000000,0.631579
0.100000,0.173648,2.029412,29.014109,1.880000,26.000000,0.669903
0.250000,0.012346,2.083333,29.751834,1.444444,10.000000,0.675676
0.166667,0.642225,2.312500,30.000000,1.626374,14.000000,0.698113
0.083333,1.000000,1.783784,26.906429,1.996923,26.000000,0.640777
0.083333,0.000000,2.800000,26.837019,1.636364,12.000000,0.736842
0.100000,0.398421,1.818182,24.000002,1.555556,10.000000,0.645161
0.125000,1.000000,1.172662,23.989436,2.197279,49.000000,0.539735
0.125000,0.008197,3.333333,26.310662,1.285714,8.000000,0.769231
0.076923,1.000000,1.172662,23.989436,2.197279,49.000000,0.539735
0.090909,1.000000,1.172662,23.989436,2.197279,49.000000,0.539735
0.125000,1.000000,1.092105,29.896665,2.225882,51.000000,0.522013
0.025641,0.042074,2.568966,29.536862,1.855601,39.000000,0.719807
0.025641,1.000000,1.172662,23.989436,2.197279,49.000000,0.539735
0.200000,0.055126,5.117647,27.824646,1.656126,23.000000,0.836538
0.090909,1.000000,1.172662,23.989436,2.197279,49.000000,0.539735
0.125000,1.000000,1.092105,29.896665,2.225882,51.000000,0.522013
0.025641,1.000000,1.172662,23.989436,2.197279,49.000000,0.539735
0.025641,0.042074,2.568966,29.536862,1.855601,39.000000,0.719807
0.125000,1.000000,1.172662,23.989436,2.197279,49.000000,0.539735
0.125000,0.008197,3.333333,26.310662,1.285714,8.000000,0.769231
0.076923,1.000000,1.172662,23.989436,2.197279,49.000000,0.539735
0.133333,0.660462,1.756098,29.328214,1.747619,21.000000,0.637168
0.062500,1.000000,2.352941,29.711213,1.666667,16.000000,0.701754
0.111111,0.530114,2.333333,27.921374,1.722222,9.000000,0.700000
0.090909,1.000000,1.846154,30.000000,1.654545,11.000000,0.648649
0.142857,1.000000,1.714286,21.312290,1.428571,7.000000,0.631579
0.142857,0.004082,2.800000,27.807633,1.636364,12.000000,0.736842
0.125000,1.000000,1.470588,15.002374,2.084677,32.000000,0.595238
0.125000,1.000000,2.125000,28.356334,1.428571,8.000000,0.680000
0.250000,0.018235,1.681818,29.190308,1.809231,26.000000,0.627119
0.041667,0.000000,4.842105,28.436076,1.666667,24.000000,0.828829
0.111111,0.009709,2.090909,25.163363,1.361111,9.000000,0.676471
0.111111,0.000000,3.000000,29.369351,1.555556,9.000000,0.750000
0.037037,0.000000,1.687500,29.392726,1.807487,34.000000,0.627907
0.125000,1.000000,2.000000,22.632630,1.571429,8.000000,0.666667
0.125000,0.632638,1.510204,30.000000,1.823333,25.000000,0.601626
0.090909,1.000000,2.021978,28.107587,2.035461,48.000000,0.669091
0.090909,0.466478,1.533333,26.606273,1.672727,11.000000,0.605263
0.166667,1.000000,1.714286,28.261194,2.025370,44.000000,0.631579
0.083333,0.208751,1.857143,27.743802,1.727273,12.000000,0.650000
0.083333,1.000000,1.714286,28.261194,2.025370,44.000000,0.631579
0.083333,1.000000,1.714286,28.261194,2.025370,44.000000,0.631579
0.083333,1.000000,1.900000,29.192713,1.424242,12.000000,0.655172
0.040000,0.567183,1.404255,29.913215,2.016667,25.000000,0.584071
0.040000,1.000000,1.714286,28.261194,2.025370,44.000000,0.631579
0.166667,0.522480,3.666667,30.000000,1.266667,6.000000,0.785714
0.166667,0.334380,2.400000,28.717499,1.563636,11.000000,0.705882
0.166667,1.000000,1.419355,30.000000,1.830882,17.000000,0.586667
0.166667,0.522480,3.666667,30.000000,1.266667,6.000000,0.785714
0.125000,1.000000,2.105263,30.000000,1.758333,16.000000,0.677966
0.111111,0.243092,2.615385,27.292177,1.836559,31.000000,0.723404
0.050000,0.282359,3.000000,28.598750,1.900000,20.000000,0.750000
0.100000,0.305408,3.400000,29.516706,1.711111,10.000000,0.772727
0.090909,0.414383,2.538462,22.562500,1.925000,16.000000,0.717391
0.040000,0.381747,1.303030,28.704707,1.881773,29.000000,0.565789
0.166667,0.761905,1.552632,23.042650,1.689474,20.000000,0.608247
0.125000,0.004049,3.333333,30.000000,1.285714,8.000000,0.769231
0.125000,1.000000,1.157534,27.981890,2.200784,51.000000,0.536508
0.076923,1.000000,1.157534,27.981890,2.200784,51.000000,0.536508
0.071429,0.021583,1.233333,27.788778,1.615385,14.000000,0.552239
0.071429,1.000000,1.157534,27.981890,2.200784,51.000000,0.536508
0.083333,0.188743,5.214286,30.000000,2.144615,26.000000,0.839080
0.111111,0.419245,2.000000,18.510853,1.444444,9.000000,0.666667
0.111111,1.000000,1.157534,27.981890,2.200784,51.000000,0.536508
0.142857,0.151857,1.818182,25.896876,1.700000,16.000000,0.645161
0.083333,0.004082,1.948718,26.948603,1.917379,27.000000,0.660870
0.025641,0.011699,2.365079,30.000000,1.855601,39.000000,0.702830
0.025641,1.000000,1.157534,27.981890,2.200784,51.000000,0.536508
0.111111,0.419245,2.000000,18.510853,1.444444,9.000000,0.666667
0.111111,1.000000,1.157534,27.981890,2.200784,51.000000,0.536508
0.025641,0.011699,2.365079,30.000000,1.855601,39.000000,0.702830
0.025641,1.000000,1.157534,27.981890,2.200784,51.000000,0.536508
0.071429,0.021583,1.233333,27.788778,1.615385,14.000000,0.552239
0.071429,1.000000,1.157534,27.981890,2.200784,51.000000,0.536508
0.083333,0.188743,5.214286,30.000000,2.144615,26.000000,0.839080
0.125000,0.004049,3.333333,30.000000,1.285714,8.000000,0.769231
0.125000,1.000000,1.157534,27.981890,2.200784,51.000000,0.536508
0.076923,1.000000,1.157534,27.981890,2.200784,51.000000,0.536508
0.083333,0.188743,5.214286,30.000000,2.144615,26.000000,0.839080
0.166667,0.778043,1.400000,14.252616,1.535714,8.000000,0.583333
0.033333,0.456498,1.562500,30.000000,1.967742,32.000000,0.609756
0.033333,0.249284,2.555556,29.086432,1.802151,31.000000,0.718750
0.076923,0.206489,1.540984,29.859947,2.110924,35.000000,0.606452
0.166667,0.441048,2.250000,25.475189,1.400000,6.000000,0.692308
0.111111,0.792340,6.000000,29.949496,1.500000,9.000000,0.857143
0.076923,0.595683,1.921875,29.630400,1.846591,33.000000,0.657754
0.100000,0.007978,1.750000,26.943240,1.555556,10.000000,0.636364
0.125000,0.008333,1.625000,26.250000,1.535714,8.000000,0.619048
0.066667,0.384171,1.611111,28.710988,1.763333,25.000000,0.617021
0.125000,0.735651,1.761905,30.000000,1.804348,24.000000,0.637931
0.200000,0.726009,1.750000,28.551653,1.994709,28.000000,0.636364
0.166667,0.689438,3.333333,25.714286,1.619048,7.000000,0.769231
0.076923,1.000000,1.100000,25.386439,1.628205,13.000000,0.523810
0.076923,0.863456,1.720930,30.000000,1.804348,24.000000,0.632479
0.043478,0.730580,1.763158,28.062871,1.814229,23.000000,0.638095
0.066667,0.546792,1.873418,29.435424,1.850000,41.000000,0.651982
0.066667,0.862604,1.269231,29.539143,1.771429,15.000000,0.559322
0.125000,0.886268,1.555556,26.177550,1.500000,8.000000,0.608696
0.125000,0.528807,1.842105,29.519257,2.019943,27.000000,0.648148
0.100000,0.016086,3.666667,29.265348,1.577778,10.000000,0.785714
0.100000,0.494903,1.615385,18.126110,1.533333,10.000000,0.617647
0.052632,0.265397,1.527778,27.035191,1.824561,19.000000,0.604396
0.052632,1.000000,1.644444,30.000000,1.809231,26.000000,0.621849
0.222222,0.089340,2.400000,30.000000,1.428571,7.000000,0.705882
0.222222,0.083631,2.400000,30.000000,1.428571,7.000000,0.705882
0.166667,0.031607,3.357143,28.867651,1.683333,16.000000,0.770492
0.166667,0.499341,1.800000,25.000000,1.400000,6.000000,0.642857
0.125000,1.000000,1.645161,30.000000,1.698529,17.000000,0.621951
0.166667,0.031607,3.357143,28.867651,1.683333,16.000000,0.770492
0.166667,0.499341,1.800000,25.000000,1.400000,6.000000,0.642857
0.166667,0.499341,1.800000,25.000000,1.400000,6.000000,0.642857
0.055556,0.075364,1.740741,26.698038,1.771242,18.000000,0.635135
0.111111,0.004049,1.500000,30.000000,1.555556,9.000000,0.600000
0.052632,0.020550,1.550000,27.397953,1.859848,33.000000,0.607843
0.076923,0.040799,1.250000,29.215981,1.666667,13.000000,0.555556
0.058824,1.000000,1.466667,30.000000,1.830882,17.000000,0.594595
0.166667,0.468463,1.550000,27.397953,1.859848,33.000000,0.607843
0.142857,0.312635,1.794872,30.000000,2.016194,39.000000,0.642202
0.125000,0.182713,1.911111,29.630690,1.837438,29.000000,0.656489
0.125000,0.649003,1.625000,26.250000,1.535714,8.000000,0.619048
0.142857,0.312635,1.794872,30.000000,2.016194,39.000000,0.642202
0.142857,0.312635,1.794872,30.000000,2.016194,39.000000,0.642202
0.066667,0.004016,2.291667,27.119525,1.795322,19.000000,0.696203
0.033333,1.000000,3.416667,29.421306,2.252874,30.000000,0.773585
0.033333,0.104630,2.410714,29.966328,2.069701,38.000000,0.706806
0.166667,0.311807,2.057143,21.395140,1.709957,22.000000,0.672897
0.166667,0.370668,3.040816,27.142898,2.239257,42.000000,0.752525
0.066667,1.000000,2.285714,26.787796,2.045752,18.000000,0.695652
0.066667,1.000000,1.321429,26.764322,1.752381,15.000000,0.569231
0.090909,0.671182,1.086957,30.000000,1.618182,11.000000,0.520833
0.090909,0.183122,2.708333,29.647307,1.988235,35.000000,0.730337
0.038462,0.172808,2.562500,29.691395,1.992870,34.000000,0.719298
0.038462,0.558161,3.545455,29.396598,2.227513,28.000000,0.780000
0.142857,0.000000,1.888889,30.000000,1.190476,7.000000,0.653846
0.250000,0.137673,2.351351,29.370325,2.051613,31.000000,0.701613
0.100000,0.279386,1.630952,30.000000,1.937500,33.000000,0.619910
0.142857,0.309342,1.625000,24.749505,1.527273,11.000000,0.619048
0.100000,1.000000,1.630952,30.000000,1.937500,33.000000,0.619910
0.200000,0.019046,2.538462,29.181644,1.800000,31.000000,0.717391
0.142857,0.091599,2.683761,29.810302,1.905030,71.000000,0.728538
0.142857,0.443085,2.000000,21.846518,1.428571,7.000000,0.666667
0.052632,0.823827,1.823529,29.616124,2.014396,43.000000,0.645833
0.052632,0.877180,1.795918,29.712648,2.074597,32.000000,0.642336
0.166667,0.082873,1.714286,24.979969,1.476190,7.000000,0.631579
0.100000,0.448904,1.229167,30.000000,1.686275,18.000000,0.551402
0.250000,0.521920,1.916667,21.239076,1.727273,12.000000,0.657143
0.076923,1.000000,1.727273,27.636723,1.538462,13.000000,0.633333
0.142857,0.223585,2.000000,25.219055,1.333333,7.000000,0.666667
0.142857,0.012346,2.545455,29.962122,1.621212,12.000000,0.717949
0.125000,0.069289,2.828829,29.058259,1.905030,71.000000,0.738824
0.066667,0.185210,2.000000,30.000000,1.542857,15.000000,0.666667
0.066667,0.589602,1.735849,24.910242,1.975369,29.000000,0.634483
0.200000,1.000000,2.250000,30.000000,1.100000,5.000000,0.692308
0.041667,1.000000,1.320000,21.958018,1.855072,24.000000,0.568966
0.041667,0.880247,2.133333,29.693895,1.855072,24.000000,0.680851
0.083333,0.008403,2.000000,30.000000,1.757576,12.000000,0.666667
0.083333,0.106345,2.521739,26.795659,1.819048,21.000000,0.716049
0.031250,0.248666,1.734177,29.856920,1.937500,33.000000,0.634259
0.058824,0.930025,1.872340,30.000000,1.918280,31.000000,0.651852
0.031250,0.042421,1.734177,29.856920,1.937500,33.000000,0.634259
0.037037,0.172645,1.733333,29.203358,1.937322,27.000000,0.634146
0.035714,0.037333,1.472727,28.157209,1.912698,28.000000,0.595588
0.125000,0.870089,2.146341,28.564440,1.918280,31.000000,0.682171
0.142857,0.881136,2.024390,28.804598,1.924138,30.000000,0.669355
0.142857,1.000000,1.857143,29.012449,1.428571,7.000000,0.650000
0.058824,0.568830,1.782609,30.000000,1.860294,17.000000,0.640625
0.058824,0.830852,2.090909,28.203341,1.880000,26.000000,0.676471
0.111111,0.886729,2.133333,30.000000,1.855072,24.000000,0.680851
0.111111,0.495663,2.333333,26.091812,1.722222,9.000000,0.700000
0.052632,0.829393,2.360000,29.330652,1.835498,22.000000,0.702381
0.052632,0.377314,1.840000,28.186751,1.836257,19.000000,0.647887
0.062500,0.882093,2.046512,29.207986,1.918280,31.000000,0.671756
0.200000,0.333553,2.000000,10.890461,1.400000,5.000000,0.666667
0.100000,0.888334,2.083333,23.261936,1.444444,10.000000,0.675676
0.076923,0.812151,1.900000,26.849020,1.551282,13.000000,0.655172
0.071429,0.258854,3.750000,25.728404,1.890110,14.000000,0.789474
0.062500,0.564246,1.807692,16.493402,1.863158,20.000000,0.643836
0.071429,0.258854,3.750000,25.728404,1.890110,14.000000,0.789474
0.125000,0.353216,1.636364,30.000000,1.750000,16.000000,0.620690
0.062500,0.564246,1.807692,16.493402,1.863158,20.000000,0.643836
0.125000,0.353216,1.636364,30.000000,1.750000,16.000000,0.620690
0.100000,0.033840,2.195652,28.998046,1.836694,32.000000,0.687075
0.071429,0.258854,3.750000,25.728404,1.890110,14.000000,0.789474
0.071429,0.258854,3.750000,25.728404,1.890110,14.000000,0.789474
0.111111,0.299991,2.235294,28.365780,1.866667,16.000000,0.690909
0.200000,1.000000,1.750000,30.000000,1.300000,5.000000,0.636364
0.200000,1.000000,4.000000,30.000000,1.533333,6.000000,0.800000
0.083333,0.292533,1.347826,28.553264,1.590909,12.000000,0.574074
0.083333,0.134874,2.224299,24.026722,2.480159,64.000000,0.689855
0.045455,0.375121,2.093023,30.000000,1.645022,22.000000,0.676692
0.045455,0.679057,2.224299,24.026722,2.480159,64.000000,0.689855
0.028571,0.679057,2.224299,24.026722,2.480159,64.000000,0.689855
0.028571,0.162942,1.679012,28.739130,1.865546,35.000000,0.626728
0.250000,0.134874,2.224299,24.026722,2.480159,64.000000,0.689855
0.250000,0.679057,2.224299,24.026722,2.480159,64.000000,0.689855
0.250000,0.679057,2.224299,24.026722,2.480159,64.000000,0.689855
0.083333,0.292533,1.347826,28.553264,1.590909,12.000000,0.574074
0.083333,0.679057,2.224299,24.026722,2.480159,64.000000,0.689855
0.045455,0.375121,2.093023,30.000000,1.645022,22.000000,0.676692
0.045455,0.134874,2.224299,24.026722,2.480159,64.000000,0.689855
0.028571,0.162942,1.679012,28.739130,1.865546,35.000000,0.626728
0.028571,0.134874,2.224299,24.026722,2.480159,64.000000,0.689855
0.083333,0.292533,1.347826,28.553264,1.590909,12.000000,0.574074
0.083333,0.679057,2.224299,24.026722,2.480159,64.000000,0.689855
0.100000,0.000000,2.148936,29.296345,1.836694,32.000000,0.682432
0.028571,0.162942,1.679012,28.739130,1.865546,35.000000,0.626728
0.028571,0.679057,2.224299,24.026722,2.480159,64.000000,0.689855
0.045455,0.375121,2.093023,30.000000,1.645022,22.000000,0.676692
0.045455,0.679057,2.224299,24.026722,2.480159,64.000000,0.689855
0.045455,0.168470,1.545455,21.746876,1.926407,22.000000,0.607143
0.045455,0.133144,2.370370,30.000000,1.884058,24.000000,0.703297
0.043478,0.576442,1.576923,29.711433,1.800570,27.000000,0.611940
0.043478,0.534705,1.565217,26.302502,1.881423,23.000000,0.610169
0.062500,1.000000,2.500000,28.477381,1.750000,16.000000,0.714286
0.062500,0.006658,1.575000,30.000000,1.994318,33.000000,0.611650
0.100000,0.020243,2.509434,29.327303,1.828629,32.000000,0.715054
0.100000,0.020243,2.642857,30.000000,1.726316,20.000000,0.725490
0.038462,0.697503,2.200000,28.230389,1.904615,26.000000,0.687500
0.038462,0.006658,1.575000,30.000000,1.994318,33.000000,0.611650
0.062500,0.034471,1.640000,29.066160,1.933862,28.000000,0.621212
0.100000,0.020243,1.642857,26.648152,1.488889,10.000000,0.621622
0.125000,0.410649,2.483333,29.981472,1.855601,39.000000,0.712919
0.062500,0.047849,1.916667,30.000000,1.637427,19.000000,0.657143
0.062500,1.000000,1.352941,29.514879,1.801471,17.000000,0.575000
0.058824,0.042746,1.720000,28.998324,1.772059,17.000000,0.632353
0.076923,0.715804,4.100000,28.148076,1.512821,13.000000,0.803922
0.076923,0.490780,1.578947,29.615953,1.607843,18.000000,0.612245
0.058824,1.000000,1.538462,28.666706,1.823529,17.000000,0.606061
0.058824,0.673333,1.454545,26.663844,1.917379,27.000000,0.592593
0.125000,0.511281,1.872340,29.841170,1.797101,24.000000,0.651852
0.125000,1.000000,1.352941,29.514879,1.801471,17.000000,0.575000
0.047619,1.000000,1.851064,30.000000,1.585714,21.000000,0.649254
0.047619,0.326165,1.355932,24.861583,1.910769,26.000000,0.575540
0.083333,0.658576,2.183486,29.407606,2.480159,64.000000,0.685879
0.083333,0.163165,1.642857,30.000000,1.742424,12.000000,0.621622
0.083333,0.286002,2.183486,29.407606,2.480159,64.000000,0.685879
0.083333,0.163165,1.642857,30.000000,1.742424,12.000000,0.621622
0.083333,0.658576,2.183486,29.407606,2.480159,64.000000,0.685879
0.083333,0.163165,1.642857,30.000000,1.742424,12.000000,0.621622
0.142857,0.156040,1.867470,29.332907,2.014396,43.000000,0.651261
0.125000,1.000000,1.600000,23.348997,1.742690,19.000000,0.615385
0.111111,0.872707,1.214286,25.292068,1.583333,9.000000,0.548387
0.111111,0.124471,2.625000,30.000000,1.533333,10.000000,0.724138
0.166667,0.694093,2.966667,29.361702,2.237743,47.000000,0.747899
0.166667,0.492982,2.966667,29.361702,2.237743,47.000000,0.747899
0.111111,0.872707,1.214286,25.292068,1.583333,9.000000,0.548387
0.111111,0.141351,2.538462,29.155949,2.275000,16.000000,0.717391
0.100000,0.978275,1.328358,24.438248,1.964015,33.000000,0.570513
0.100000,0.705825,1.400000,27.986443,1.577778,10.000000,0.583333
0.062500,0.389982,1.545455,21.746876,1.926407,22.000000,0.607143
0.062500,0.047236,2.509434,29.035954,1.828629,32.000000,0.715054
0.100000,0.443861,2.500000,29.031256,1.444444,10.000000,0.714286
0.100000,0.614548,3.000000,21.808292,2.031621,23.000000,0.750000
0.076923,1.000000,1.285714,29.858818,1.857550,27.000000,0.562500
0.166667,0.520291,3.500000,29.369351,1.444444,9.000000,0.777778
0.181818,0.534729,2.000000,26.580057,1.422222,10.000000,0.666667
0.200000,0.713152,1.808511,29.379970,2.087302,28.000000,0.643939
0.071429,0.071418,1.275862,24.579519,1.615385,14.000000,0.560606
0.100000,1.000000,2.500000,29.509816,1.555556,10.000000,0.714286
0.166667,0.016000,2.250000,30.000000,1.400000,6.000000,0.692308
0.250000,0.927399,1.842105,27.777778,1.809117,27.000000,0.648148
0.037037,0.362414,2.123596,29.187813,2.039184,50.000000,0.679856
0.037037,0.927399,1.842105,27.777778,1.809117,27.000000,0.648148
0.062500,0.747416,3.956522,30.000000,1.604762,21.000000,0.798246
0.062500,0.703106,1.666667,22.500000,1.816667,16.000000,0.625000
0.250000,0.895088,2.220000,30.000000,1.806878,28.000000,0.689441
0.200000,1.000000,1.714286,30.000000,1.615385,13.000000,0.631579
0.125000,0.696308,1.964286,28.870841,1.830409,19.000000,0.662651
0.166667,0.074605,1.679012,27.394840,1.865546,35.000000,0.626728
0.066667,0.345332,2.270270,29.581484,1.633333,21.000000,0.694215
0.045455,0.174796,1.512821,29.995047,1.962213,39.000000,0.602041
0.066667,0.689975,1.591549,27.750080,1.845161,31.000000,0.614130
0.045455,0.100869,2.514286,29.992570,1.880000,26.000000,0.715447
0.142857,0.709091,1.571429,24.846495,1.476190,7.000000,0.611111
0.111111,0.012346,1.750000,30.000000,1.694444,9.000000,0.636364
0.166667,0.959137,10.000000,25.000000,1.333333,6.000000,0.909091
0.100000,0.619733,3.074074,29.826731,1.692641,22.000000,0.754545
0.052632,0.087726,1.514286,26.694611,1.895238,21.000000,0.602273
0.052632,0.547544,1.730769,18.415702,1.842105,19.000000,0.633803
0.142857,0.968093,1.285714,18.649964,1.681818,12.000000,0.562500
0.100000,0.386549,1.703704,30.000000,1.936508,28.000000,0.630137
0.100000,0.861379,2.272727,29.863640,1.444444,10.000000,0.694444
0.100000,0.861379,2.272727,29.863640,1.444444,10.000000,0.694444
0.100000,0.386549,1.703704,30.000000,1.936508,28.000000,0.630137
0.200000,0.117518,1.962264,29.821242,1.991087,34.000000,0.662420
0.100000,0.386549,1.703704,30.000000,1.936508,28.000000,0.630137
0.100000,0.861379,2.272727,29.863640,1.444444,10.000000,0.694444
0.090909,1.000000,1.538462,23.738522,1.636364,11.000000,0.606061
0.166667,1.000000,1.833333,30.000000,1.266667,6.000000,0.647059
0.090909,0.815259,1.800000,29.871607,2.068376,27.000000,0.642857
0.066667,0.465942,1.458333,24.010798,1.800000,15.000000,0.593220
0.250000,0.576614,1.825000,30.000000,1.851449,24.000000,0.646018
0.250000,0.656296,1.825000,30.000000,1.851449,24.000000,0.646018
0.125000,0.008403,1.875000,28.080045,1.464286,8.000000,0.652174
0.125000,0.382253,3.000000,27.915622,1.757576,22.000000,0.750000
0.045455,0.305923,1.961538,30.000000,2.079665,54.000000,0.662338
0.045455,0.382253,3.000000,27.915622,1.757576,22.000000,0.750000
0.142857,0.200660,2.026316,20.771402,1.990769,26.000000,0.669565
0.142857,0.200660,2.026316,20.771402,1.990769,26.000000,0.669565
0.066667,0.004292,1.625000,23.227864,1.775000,16.000000,0.619048
0.066667,0.382507,1.869565,25.413700,1.666667,15.000000,0.651515
0.076923,0.055933,1.066667,29.367935,1.666667,13.000000,0.516129
0.076923,0.526052,1.587719,25.857691,1.991135,48.000000,0.613559
0.041667,1.000000,1.587719,25.857691,1.991135,48.000000,0.613559
0.041667,0.245260,3.031250,29.062503,1.692029,24.000000,0.751938
0.250000,0.526052,1.587719,25.857691,1.991135,48.000000,0.613559
0.041667,0.245260,3.031250,29.062503,1.692029,24.000000,0.751938
0.041667,0.526052,1.587719,25.857691,1.991135,48.000000,0.613559
0.166667,0.952982,1.540541,6.302611,1.932806,23.000000,0.606383
0.027778,0.535382,1.587719,27.265734,1.991135,48.000000,0.613559
0.027778,0.051223,1.674419,28.699247,1.860317,36.000000,0.626087
0.027778,0.051223,1.674419,28.699247,1.860317,36.000000,0.626087
0.027778,1.000000,1.587719,27.265734,1.991135,48.000000,0.613559
0.050000,1.000000,1.587719,25.857691,1.991135,48.000000,0.613559
0.027778,1.000000,1.587719,27.265734,1.991135,48.000000,0.613559
0.027778,0.051223,1.674419,28.699247,1.860317,36.000000,0.626087
0.250000,1.000000,1.587719,25.857691,1.991135,48.000000,0.613559
0.250000,1.000000,1.587719,25.857691,1.991135,48.000000,0.613559
0.076923,1.000000,1.587719,25.857691,1.991135,48.000000,0.613559
0.076923,0.055933,1.066667,29.367935,1.666667,13.000000,0.516129
0.050000,1.000000,1.587719,25.857691,1.991135,48.000000,0.613559
0.050000,0.526052,1.587719,25.857691,1.991135,48.000000,0.613559
0.076923,1.000000,1.587719,25.857691,1.991135,48.000000,0.613559
0.076923,0.055933,1.066667,29.367935,1.666667,13.000000,0.516129
0.041667,1.000000,1.587719,25.857691,1.991135,48.000000,0.613559
0.041667,0.245260,3.031250,29.062503,1.692029,24.000000,0.751938
0.125000,0.162588,2.209302,30.000000,1.808468,32.000000,0.688406
0.100000,0.613633,1.516484,30.000000,1.953654,34.000000,0.602620
0.066667,1.000000,2.600000,30.000000,1.777778,19.000000,0.722222
0.066667,1.000000,5.857143,29.790834,1.819048,15.000000,0.854167
0.100000,1.000000,1.516484,30.000000,1.953654,34.000000,0.602620
0.125000,1.000000,2.300000,20.950750,2.113846,26.000000,0.696970
0.090909,0.832205,2.173913,27.241755,2.281640,34.000000,0.684932
0.083333,0.897417,1.900000,22.872705,1.424242,12.000000,0.655172
0.083333,0.932604,4.095238,28.421145,2.826546,52.000000,0.803738
0.047619,0.046249,1.611111,29.315749,1.871429,21.000000,0.617021
0.250000,1.000000,1.806452,27.465082,1.800866,22.000000,0.643678
0.066667,0.906950,2.000000,29.620139,1.858333,16.000000,0.666667
0.083333,0.217043,1.640625,29.263489,2.082583,37.000000,0.621302
0.083333,0.196535,1.923077,26.774960,1.712121,12.000000,0.657895
0.062500,1.000000,1.510204,30.000000,1.809231,26.000000,0.601626
0.100000,0.369430,1.781250,28.687995,2.036984,38.000000,0.640449
0.100000,0.000000,1.700000,24.041256,1.666667,10.000000,0.629630
0.285714,0.281210,1.766667,27.629272,2.051051,37.000000,0.638554
0.250000,0.035591,1.673913,29.983767,1.907407,28.000000,0.626016
0.250000,1.000000,2.000000,30.000000,1.333333,4.000000,0.666667
0.100000,0.467639,2.200000,29.031256,1.555556,10.000000,0.687500
0.071429,0.000000,1.942857,30.000000,2.079665,54.000000,0.660194
0.071429,0.163791,1.869565,27.857143,1.560440,14.000000,0.651515
0.076923,0.390224,1.875000,27.988653,1.692308,13.000000,0.652174
0.076923,0.163791,1.869565,27.857143,1.560440,14.000000,0.651515
0.090909,0.502277,5.333333,30.000000,1.454545,11.000000,0.842105
0.090909,0.502277,5.333333,30.000000,1.454545,11.000000,0.842105
0.100000,0.591758,1.533333,28.461297,1.488889,10.000000,0.605263
0.043478,0.150886,1.395349,24.617481,1.802372,23.000000,0.582524
0.043478,0.137642,2.581395,29.796636,1.915315,75.000000,0.720779
0.100000,0.150886,1.395349,24.617481,1.802372,23.000000,0.582524
0.100000,0.542771,2.444444,28.980775,1.555556,10.000000,0.709677
0.125000,0.299802,1.223881,28.926203,1.883598,28.000000,0.550336
0.083333,0.004329,1.727273,30.000000,1.424242,12.000000,0.633333
0.083333,0.004329,1.727273,30.000000,1.424242,12.000000,0.633333
0.250000,0.065467,2.076923,28.992321,1.703297,14.000000,0.675000
0.200000,1.000000,2.418182,30.000000,1.828629,32.000000,0.707447
0.142857,0.234587,2.285714,27.000000,1.733333,10.000000,0.695652
0.142857,1.000000,3.250000,30.000000,1.380952,7.000000,0.764706
0.166667,1.000000,3.285714,30.000000,1.709091,11.000000,0.766667
0.090909,0.004329,2.061224,30.000000,1.836694,32.000000,0.673333
0.250000,0.129732,2.600000,29.943183,1.642857,8.000000,0.722222
0.250000,1.000000,4.000000,30.000000,1.333333,4.000000,0.800000
0.200000,0.100726,1.777778,30.000000,1.238095,7.000000,0.640000
0.166667,1.000000,1.176471,24.545455,1.727273,11.000000,0.540541
0.076923,1.000000,1.675926,27.020158,1.991135,48.000000,0.626298
0.076923,0.719526,0.969697,30.000000,1.666667,13.000000,0.492308
0.076923,0.719526,0.969697,30.000000,1.666667,13.000000,0.492308
0.076923,0.249176,1.675926,27.020158,1.991135,48.000000,0.626298
0.076923,0.249176,1.675926,27.020158,1.991135,48.000000,0.626298
0.076923,0.719526,0.969697,30.000000,1.666667,13.000000,0.492308
0.076923,0.634199,1.588235,23.078017,1.769231,13.000000,0.613636
0.090909,0.000000,1.638554,29.507342,1.975637,43.000000,0.621005
0.166667,0.370428,1.000000,28.856437,1.758242,14.000000,0.500000
0.166667,0.306612,2.428571,29.139886,1.747619,21.000000,0.708333
0.166667,0.503342,3.000000,30.000000,1.733333,6.000000,0.750000
0.083333,0.559205,1.518519,30.000000,1.838235,17.000000,0.602941
0.040000,0.344598,1.466667,16.781875,1.900000,25.000000,0.594595
0.040000,0.027958,2.862745,29.046016,1.760081,32.000000,0.741117
0.166667,0.306612,2.428571,29.139886,1.747619,21.000000,0.708333
0.166667,1.000000,3.000000,30.000000,1.733333,6.000000,0.750000
0.083333,1.000000,1.518519,30.000000,1.838235,17.000000,0.602941
0.111111,0.216713,1.900000,26.666667,1.555556,9.000000,0.655172
0.111111,0.243752,2.473684,28.829922,1.936508,28.000000,0.712121
0.083333,1.000000,1.518519,30.000000,1.838235,17.000000,0.602941
0.083333,0.517524,5.800000,30.000000,2.165025,29.000000,0.852941
0.083333,0.508875,1.948718,29.351114,1.917379,27.000000,0.660870
0.083333,0.517524,5.800000,30.000000,2.165025,29.000000,0.852941
0.083333,0.517524,5.800000,30.000000,2.165025,29.000000,0.852941
0.090909,1.000000,2.300000,29.291700,1.654545,11.000000,0.696970
0.090909,0.184243,1.340426,27.096060,1.807971,24.000000,0.572727
0.038462,1.000000,1.675926,27.020158,1.991135,48.000000,0.626298
0.038462,0.650500,2.941176,28.966720,1.747692,26.000000,0.746269
0.250000,0.335633,1.675926,27.020158,1.991135,48.000000,0.626298
0.038462,0.335633,1.675926,27.020158,1.991135,48.000000,0.626298
0.038462,0.650500,2.941176,28.966720,1.747692,26.000000,0.746269
0.027027,0.335633,1.675926,27.020158,1.991135,48.000000,0.626298
0.027027,0.118084,1.735632,29.392009,1.857357,37.000000,0.634454
0.142857,1.000000,1.666667,22.500000,1.816667,16.000000,0.625000
0.027027,1.000000,1.675926,27.020158,1.991135,48.000000,0.626298
0.027027,0.118084,1.735632,29.392009,1.857357,37.000000,0.634454
0.047619,1.000000,1.675926,27.020158,1.991135,48.000000,0.626298
0.047619,0.289256,1.659574,27.242110,1.628571,21.000000,0.624000
0.142857,1.000000,1.666667,22.500000,1.816667,16.000000,0.625000
0.027027,1.000000,1.675926,27.020158,1.991135,48.000000,0.626298
0.027027,0.118084,1.735632,29.392009,1.857357,37.000000,0.634454
0.250000,1.000000,1.675926,27.020158,1.991135,48.000000,0.626298
0.166667,0.529892,2.333333,27.949342,1.692308,13.000000,0.700000
0.250000,1.000000,1.675926,27.020158,1.991135,48.000000,0.626298
0.047619,1.000000,1.675926,27.020158,1.991135,48.000000,0.626298
0.047619,0.289256,1.659574,27.242110,1.628571,21.000000,0.624000
0.047619,0.335633,1.675926,27.020158,1.991135,48.000000,0.626298
0.047619,0.289256,1.659574,27.242110,1.628571,21.000000,0.624000
0.038462,1.000000,1.675926,27.020158,1.991135,48.000000,0.626298
0.038462,0.650500,2.941176,28.966720,1.747692,26.000000,0.746269
0.166667,1.000000,12.000000,29.330891,1.200000,6.000000,0.923077
0.166667,1.000000,12.000000,29.330891,1.200000,6.000000,0.923077
0.166667,1.000000,12.000000,29.330891,1.200000,6.000000,0.923077
0.166667,1.000000,12.000000,29.330891,1.200000,6.000000,0.923077
0.142857,0.498893,1.785714,16.184352,1.743590,13.000000,0.641026
0.142857,1.000000,2.750000,30.000000,1.476190,7.000000,0.733333
0.076923,0.498893,1.785714,16.184352,1.743590,13.000000,0.641026
0.076923,0.498893,1.785714,16.184352,1.743590,13.000000,0.641026
0.076923,0.933600,1.878788,23.160688,1.978261,24.000000,0.652632
0.200000,0.192547,2.000000,29.744095,1.000000,5.000000,0.666667
0.200000,0.510606,1.625000,23.227864,1.775000,16.000000,0.619048
0.200000,0.073239,3.000000,27.178499,1.100000,5.000000,0.750000
0.090909,1.000000,2.900000,27.264008,1.756410,13.000000,0.743590
0.090909,1.000000,3.833333,28.041361,1.757576,12.000000,0.793103
0.055556,0.083174,2.147059,29.781699,1.990769,26.000000,0.682243
0.055556,0.362191,2.114286,30.000000,1.982456,39.000000,0.678899
0.055556,0.362191,2.114286,30.000000,1.982456,39.000000,0.678899
0.047619,0.678885,4.730769,29.572229,1.911290,32.000000,0.825503
0.055556,0.362191,2.114286,30.000000,1.982456,39.000000,0.678899
0.066667,0.765328,2.578947,27.826345,1.797386,18.000000,0.720588
0.066667,1.000000,1.458333,24.010798,1.800000,15.000000,0.593220
0.125000,0.113402,1.750000,24.271730,1.820513,13.000000,0.636364
0.090909,0.726926,1.904762,30.000000,1.808333,16.000000,0.655738
0.090909,1.000000,2.133333,30.000000,1.418182,11.000000,0.680851
0.083333,0.695185,3.666667,29.637747,1.515152,12.000000,0.785714
0.142857,1.000000,1.766667,27.579641,1.879570,31.000000,0.638554
0.166667,1.000000,2.000000,23.908006,1.466667,6.000000,0.666667
0.142857,0.242094,1.714286,30.000000,1.476190,7.000000,0.631579
0.111111,0.593125,1.307692,22.953999,2.239891,61.000000,0.566667
0.111111,0.012658,2.625000,30.000000,1.444444,9.000000,0.724138
0.111111,0.593125,1.307692,22.953999,2.239891,61.000000,0.566667
0.111111,0.012658,2.625000,30.000000,1.444444,9.000000,0.724138
0.076923,0.593125,1.307692,22.953999,2.239891,61.000000,0.566667
0.058824,0.012658,1.454545,29.370000,1.669118,17.000000,0.592593
0.058824,0.593125,1.307692,22.953999,2.239891,61.000000,0.566667
0.100000,0.593125,1.307692,22.953999,2.239891,61.000000,0.566667
0.058824,0.012658,1.454545,29.370000,1.669118,17.000000,0.592593
0.058824,0.593125,1.307692,22.953999,2.239891,61.000000,0.566667
0.100000,0.593125,1.307692,22.953999,2.239891,61.000000,0.566667
0.076923,0.593125,1.307692,22.953999,2.239891,61.000000,0.566667
0.090909,1.000000,1.208333,17.127477,1.940711,23.000000,0.547170
0.090909,0.702551,3.222222,27.507869,1.472727,11.000000,0.763158
0.230769,1.000000,2.380952,30.000000,1.542857,15.000000,0.704225
0.090909,1.000000,2.000000,26.507859,1.563636,11.000000,0.666667
0.090909,0.312959,5.875000,29.971592,1.608333,16.000000,0.854545
0.142857,1.000000,1.416667,29.970661,1.976827,34.000000,0.586207
0.142857,1.000000,6.500000,23.749831,1.380952,7.000000,0.866667
0.027778,1.000000,1.520000,29.706090,1.969841,36.000000,0.603175
0.090909,1.000000,1.561644,30.000000,1.969841,36.000000,0.609626
0.111111,1.000000,1.447761,29.341961,1.959677,32.000000,0.591463
0.062500,1.000000,2.104167,29.902189,1.836694,32.000000,0.677852
0.250000,0.385217,2.567568,29.534245,1.849003,27.000000,0.719697
0.200000,1.000000,2.020000,30.000000,1.836694,32.000000,0.668874
0.062500,1.000000,1.578947,29.037422,1.794466,23.000000,0.612245
0.062500,1.000000,1.833333,29.727675,1.705882,18.000000,0.647059
0.083333,1.000000,2.140000,29.121212,1.835227,33.000000,0.681529
0.083333,0.549229,1.733333,10.743390,1.606061,12.000000,0.634146
0.166667,1.000000,1.705882,30.000000,1.509091,11.000000,0.630435
0.062500,1.000000,1.413793,19.496279,1.808824,17.000000,0.585714
0.062500,1.000000,2.423077,30.000000,1.880952,21.000000,0.707865
0.058824,0.000000,1.847826,30.000000,1.911330,29.000000,0.648855
0.058824,0.000000,1.375000,26.857371,1.970000,25.000000,0.578947
0.066667,0.444039,1.586207,29.491745,1.619048,15.000000,0.613333
0.066667,0.038665,1.437500,27.231241,1.992870,34.000000,0.589744
0.035714,0.555753,2.000000,27.632616,1.865079,28.000000,0.666667
0.035714,0.944478,2.166667,28.896304,2.043922,51.000000,0.684211
0.043478,0.690985,2.964286,28.687254,1.747036,23.000000,0.747748
0.043478,1.000000,1.871560,30.000000,2.079665,54.000000,0.651757
0.166667,1.000000,2.750000,26.989602,1.266667,6.000000,0.733333
0.142857,0.620609,2.666667,23.487044,1.238095,7.000000,0.727273
0.076923,1.000000,1.100000,25.386439,1.628205,13.000000,0.523810
0.076923,0.656703,2.069444,29.738096,2.063636,45.000000,0.674208
0.142857,0.897824,2.040000,29.681346,2.079665,54.000000,0.671053
0.062500,1.000000,1.625000,23.227864,1.775000,16.000000,0.619048
0.142857,1.000000,2.466667,29.768927,1.780952,15.000000,0.711538
0.142857,0.095140,2.000000,29.352957,1.238095,7.000000,0.666667
0.142857,0.368874,1.857143,24.030620,1.380952,7.000000,0.650000
0.142857,0.944478,2.166667,29.020053,2.043922,51.000000,0.684211
0.090909,0.687599,1.877193,29.631330,2.070034,55.000000,0.652439
0.125000,0.698768,2.920000,30.000000,1.990769,26.000000,0.744898
0.125000,0.159402,1.720930,28.871901,1.847826,24.000000,0.632479
0.125000,0.636231,1.690476,21.805667,1.812308,26.000000,0.628319
0.038462,0.636231,1.690476,21.805667,1.812308,26.000000,0.628319
0.038462,0.698768,2.920000,30.000000,1.990769,26.000000,0.744898
0.200000,0.394250,2.000000,30.000000,1.466667,6.000000,0.666667
0.166667,0.220873,2.000000,30.000000,1.333333,6.000000,0.666667
0.166667,0.906136,2.500000,26.086546,2.021053,20.000000,0.714286
0.200000,0.398725,2.800000,30.000000,1.571429,8.000000,0.736842
0.142857,0.024929,2.865854,29.454130,1.874675,56.000000,0.741325
0.200000,1.000000,2.625000,27.142859,1.880952,21.000000,0.724138
0.142857,1.000000,2.625000,27.142859,1.880952,21.000000,0.724138
0.111111,1.000000,1.916667,28.043464,1.511111,10.000000,0.657143
0.052632,0.864815,4.733333,29.257500,1.584795,19.000000,0.825581
0.052632,0.296297,1.454545,28.890186,1.996377,24.000000,0.592593
0.100000,1.000000,2.750000,26.583393,1.577778,10.000000,0.733333
0.076923,0.144641,1.333333,27.840622,1.782051,13.000000,0.571429
0.083333,0.095023,1.700000,30.000000,1.742424,12.000000,0.629630
0.083333,0.191594,5.000000,28.757642,1.804301,31.000000,0.833333
0.125000,1.000000,1.666667,30.000000,1.500000,8.000000,0.625000
0.100000,1.000000,1.952381,30.000000,1.549451,14.000000,0.661290
0.100000,1.000000,2.500000,30.000000,1.622222,10.000000,0.714286
0.071429,0.918128,1.410256,26.231468,1.884211,20.000000,0.585106
0.062500,0.656311,1.169231,30.000000,1.972308,26.000000,0.539007
0.125000,0.511417,1.230769,26.250000,1.464286,8.000000,0.551724
0.090909,1.000000,3.583333,29.359605,1.783333,25.000000,0.781818
0.090909,0.709019,2.250000,27.272727,1.745455,11.000000,0.692308
0.250000,1.000000,1.540541,6.302611,1.932806,23.000000,0.606383
0.125000,1.000000,1.735294,30.000000,1.913420,22.000000,0.634409
0.125000,0.307420,2.500000,29.424081,1.535714,8.000000,0.714286
0.250000,1.000000,1.529412,28.847660,1.618182,11.000000,0.604651
0.066667,0.801660,1.175000,28.500267,2.210526,20.000000,0.540230
0.142857,0.040503,1.727273,22.722173,1.472222,9.000000,0.633333
0.142857,0.264397,1.833333,21.540435,1.476190,7.000000,0.647059
0.037037,0.440919,2.642857,29.564022,2.125641,40.000000,0.725490
0.090909,0.977711,2.100000,24.545455,1.981818,11.000000,0.677419
0.142857,0.128488,1.857143,29.433838,1.607143,8.000000,0.650000
0.142857,0.264397,1.833333,21.540435,1.476190,7.000000,0.647059
0.296296,1.000000,2.000000,30.000000,1.758621,30.000000,0.666667
0.062500,0.232985,2.038462,29.620139,1.558333,16.000000,0.670886
0.296296,1.000000,2.000000,30.000000,1.758621,30.000000,0.666667
0.076923,1.000000,1.800000,26.222844,1.730769,13.000000,0.642857
0.090909,0.469406,1.833333,26.895231,1.672727,11.000000,0.647059
0.090909,0.995132,2.100000,24.545455,1.981818,11.000000,0.677419
0.125000,0.040503,1.727273,22.722173,1.472222,9.000000,0.633333
0.125000,0.128488,1.857143,29.433838,1.607143,8.000000,0.650000
0.111111,0.044825,1.727273,28.063251,1.472222,9.000000,0.633333
0.296296,1.000000,2.000000,30.000000,1.758621,30.000000,0.666667
0.062500,0.282288,1.903226,27.464750,2.055331,39.000000,0.655556
0.062500,0.446785,2.045455,28.833691,1.725000,16.000000,0.671642
0.047619,0.757995,4.400000,29.402003,2.195402,30.000000,0.814815
0.142857,1.000000,1.320000,30.000000,1.692308,14.000000,0.568966
0.083333,1.000000,1.823529,30.000000,1.602564,13.000000,0.645833
0.050000,0.820339,4.538462,26.755456,2.142292,23.000000,0.819444
0.050000,0.173177,4.133333,28.999520,1.805263,20.000000,0.805195
0.062500,0.235355,4.428571,27.732913,1.805263,20.000000,0.815789
0.047619,0.757995,4.400000,29.402003,2.195402,30.000000,0.814815
0.066667,0.000833,1.320000,23.769939,1.885714,15.000000,0.568966
0.066667,0.884726,4.538462,30.000000,2.142292,23.000000,0.819444
0.066667,0.124594,4.538462,30.000000,2.142292,23.000000,0.819444
0.066667,0.000833,1.320000,23.769939,1.885714,15.000000,0.568966
0.050000,0.120574,4.538462,26.755456,2.142292,23.000000,0.819444
0.050000,0.173177,4.133333,28.999520,1.805263,20.000000,0.805195
0.047619,0.757995,4.400000,29.402003,2.195402,30.000000,0.814815
0.066667,0.000833,1.320000,23.769939,1.885714,15.000000,0.568966
0.066667,0.818999,4.538462,30.000000,2.142292,23.000000,0.819444
0.125000,1.000000,1.538462,30.000000,1.472222,9.000000,0.606061
0.166667,0.186741,3.000000,29.689104,1.400000,6.000000,0.750000
0.166667,0.482839,2.090909,27.147671,1.818182,12.000000,0.676471
0.166667,0.004367,8.000000,25.939545,1.466667,6.000000,0.888889
0.125000,0.003439,1.282609,29.427670,1.699346,18.000000,0.561905
0.111111,0.394265,1.642857,24.756898,1.654545,11.000000,0.621622
0.111111,0.168594,2.333333,29.250228,1.763636,11.000000,0.700000
0.111111,0.394265,1.642857,24.756898,1.654545,11.000000,0.621622
0.111111,0.168594,2.333333,29.250228,1.763636,11.000000,0.700000
0.142857,0.689988,1.777778,25.714286,1.238095,7.000000,0.640000
0.142857,0.102793,3.200000,29.721912,1.884384,37.000000,0.761905
0.090909,1.000000,2.000000,30.000000,1.551282,13.000000,0.666667
0.166667,0.256465,1.857143,30.000000,1.133333,6.000000,0.650000
0.090909,0.741096,2.000000,30.000000,1.551282,13.000000,0.666667
0.047619,0.382927,1.270270,29.777005,1.892473,31.000000,0.559524
0.076923,0.883682,4.333333,30.000000,1.743590,13.000000,0.812500
0.142857,0.311741,2.000000,28.070740,1.523810,7.000000,0.666667
0.066667,0.007913,2.948276,29.439026,1.912121,45.000000,0.746725
0.076923,1.000000,1.153846,30.000000,1.666667,13.000000,0.535714
0.111111,0.306344,2.833333,29.455351,1.527778,9.000000,0.739130
0.111111,1.000000,1.800000,30.000000,1.500000,9.000000,0.642857
0.200000,1.000000,2.000000,30.000000,1.622222,10.000000,0.666667
0.166667,0.141196,2.333333,28.126497,1.533333,6.000000,0.700000
0.200000,1.000000,1.500000,23.333560,1.555556,9.000000,0.600000
0.200000,0.356598,1.327273,30.000000,2.028450,38.000000,0.570312
0.200000,0.356598,1.327273,30.000000,2.028450,38.000000,0.570312
0.200000,0.595060,1.500000,23.333560,1.555556,9.000000,0.600000
0.250000,0.797074,1.714286,30.000000,1.476190,7.000000,0.631579
0.200000,0.024565,2.632653,30.000000,2.252492,43.000000,0.724719
0.200000,0.024565,2.632653,30.000000,2.252492,43.000000,0.724719
0.055556,0.000000,1.250000,30.000000,1.920290,24.000000,0.555556
0.166667,0.139786,1.666667,25.642081,1.333333,6.000000,0.625000
0.050000,0.113424,1.744444,29.745067,1.856330,38.000000,0.635628
0.050000,0.012876,1.892857,27.849313,1.926316,20.000000,0.654321
0.200000,0.280000,1.625000,25.377636,1.535714,8.000000,0.619048
0.250000,0.927941,2.357143,29.475249,1.637363,14.000000,0.702128
0.166667,0.478225,3.530612,29.025673,2.098560,43.000000,0.779279
0.142857,0.134866,3.000000,30.000000,1.285714,7.000000,0.750000
0.142857,0.970849,1.634146,29.822667,2.039855,24.000000,0.620370
0.034483,0.955503,1.788462,29.998790,2.173387,32.000000,0.641379
0.034483,0.006896,2.921569,29.854172,2.239257,42.000000,0.745000
0.035714,0.778406,2.415094,27.591851,2.221323,39.000000,0.707182
0.034483,0.689728,2.921569,29.854172,2.239257,42.000000,0.745000
0.034483,0.955503,1.788462,29.998790,2.173387,32.000000,0.641379
0.071429,0.628443,1.192308,29.226940,1.913420,22.000000,0.543860
0.071429,0.957012,3.000000,25.714411,1.879121,14.000000,0.750000
0.058824,0.911253,2.750000,29.075107,1.875000,17.000000,0.733333
0.058824,0.632048,1.169231,30.000000,1.972308,26.000000,0.539007
0.071429,0.968754,1.192308,29.226940,1.913420,22.000000,0.543860
0.071429,0.957012,3.000000,25.714411,1.879121,14.000000,0.750000
0.083333,0.614651,2.690909,28.320802,2.125641,40.000000,0.729064
0.090909,1.000000,1.896552,29.183394,1.920949,23.000000,0.654762
0.142857,1.000000,9.000000,27.372785,1.761905,7.000000,0.900000
0.083333,0.098934,2.000000,27.632616,1.865079,28.000000,0.666667
0.083333,0.098934,2.000000,27.632616,1.865079,28.000000,0.666667
0.142857,0.523931,2.312500,23.528480,2.096866,27.000000,0.698113
0.250000,0.300505,2.151515,28.890091,1.943333,25.000000,0.682692
0.055556,0.032482,1.878788,28.602930,1.930736,22.000000,0.652632
0.066667,1.000000,2.825397,29.417875,1.913043,46.000000,0.738589
0.142857,0.076190,1.666667,29.645477,1.523810,7.000000,0.625000
0.111111,0.446034,1.721154,29.583879,2.068687,45.000000,0.632509
0.111111,0.446034,1.721154,29.583879,2.068687,45.000000,0.632509
0.100000,0.234331,1.760000,29.594814,1.600000,15.000000,0.637681
0.200000,0.008772,2.333333,30.000000,1.300000,5.000000,0.700000
0.250000,0.519796,2.000000,30.000000,1.333333,4.000000,0.666667
0.250000,0.081526,2.000000,30.000000,1.333333,4.000000,0.666667
0.083333,0.458902,5.407407,27.497463,1.801136,33.000000,0.843931
0.066667,0.445383,1.869565,28.256832,1.590476,15.000000,0.651515
0.047619,0.245304,1.896552,29.467654,1.867949,40.000000,0.654762
0.050000,1.000000,1.892857,30.000000,1.926316,20.000000,0.654321
0.071429,1.000000,1.687500,12.687274,1.974026,22.000000,0.627907
0.071429,1.000000,2.583333,28.155331,2.008333,16.000000,0.720930
0.142857,0.366531,1.684211,28.637313,1.560606,12.000000,0.627451
0.142857,1.000000,1.424242,30.000000,1.794737,20.000000,0.587500
0.142857,0.139191,2.608696,28.421053,1.736842,19.000000,0.722892
0.062500,1.000000,1.551724,30.000000,1.716667,16.000000,0.608108
0.038462,0.333540,1.680851,29.992570,1.907692,26.000000,0.626984
0.062500,1.000000,1.551724,30.000000,1.716667,16.000000,0.608108
0.076923,0.478070,2.545455,27.769231,1.807692,13.000000,0.717949
0.062500,1.000000,1.551724,30.000000,1.716667,16.000000,0.608108
0.111111,0.463831,1.921875,28.677428,1.846591,33.000000,0.657754
0.111111,0.779147,1.416667,26.163411,1.555556,9.000000,0.586207
0.125000,0.529115,2.205882,20.956577,2.259259,27.000000,0.688073
0.200000,0.504721,2.687500,28.265421,2.252492,43.000000,0.728814
0.200000,0.504721,2.687500,28.265421,2.252492,43.000000,0.728814
0.250000,0.360498,2.652174,24.782677,1.901186,23.000000,0.726190
0.250000,0.269081,2.000000,28.754947,1.428571,7.000000,0.666667
0.250000,1.000000,2.000000,27.821157,1.333333,4.000000,0.666667
0.200000,0.494856,3.100000,28.236421,1.754941,23.000000,0.756098
0.200000,0.619997,1.750000,30.000000,1.300000,5.000000,0.636364
0.142857,0.267972,1.866667,25.014280,1.758242,14.000000,0.651163
0.083333,1.000000,1.756098,29.328214,1.747619,21.000000,0.637168
0.090909,0.155442,3.705882,30.000000,1.917339,32.000000,0.787500
0.090909,0.999999,1.590909,30.000000,1.993464,18.000000,0.614035
0.200000,1.000000,2.312500,29.054267,1.830040,23.000000,0.698113
0.166667,0.092611,1.666667,20.063960,1.730769,13.000000,0.625000
0.037037,0.624962,1.590164,28.895873,2.017204,31.000000,0.613924
0.037037,0.453780,2.166667,30.000000,1.715100,27.000000,0.684211
0.142857,1.000000,1.500000,25.063244,1.666667,7.000000,0.600000
0.142857,1.000000,2.352941,28.774440,1.980952,15.000000,0.701754
0.166667,0.463231,1.666667,29.722262,1.666667,15.000000,0.625000
0.071429,1.000000,2.277778,29.989833,1.760234,19.000000,0.694915
0.071429,0.425614,1.739130,28.000000,1.666667,15.000000,0.634921
0.200000,1.000000,1.750000,29.744095,1.300000,5.000000,0.636364
0.200000,0.008621,10.000000,30.000000,1.000000,5.000000,0.909091
0.200000,1.000000,1.900000,28.750998,1.472222,9.000000,0.655172
0.058824,0.303974,4.076923,28.705997,1.695385,26.000000,0.803030
0.058824,0.168025,1.950000,28.617432,1.948529,17.000000,0.661017
0.111111,0.781651,3.147059,27.110396,2.234921,36.000000,0.758865
0.111111,0.297080,2.125000,29.183720,1.527778,9.000000,0.680000
0.111111,0.475221,2.964286,28.687254,1.747036,23.000000,0.747748
0.076923,0.363421,2.727273,28.961168,1.615385,13.000000,0.731707
0.076923,0.671657,3.147059,27.110396,2.234921,36.000000,0.758865
0.111111,0.000000,1.333333,28.548756,1.795238,21.000000,0.571429
0.111111,0.018690,1.611111,29.549839,1.928736,30.000000,0.617021
0.111111,0.015999,2.822581,29.615651,1.768254,36.000000,0.738397
0.100000,0.326101,3.428571,29.031256,1.466667,10.000000,0.774194
0.100000,0.965742,1.437500,24.980859,1.654545,11.000000,0.589744
0.166667,0.295737,11.000000,29.245117,1.266667,6.000000,0.916667
0.166667,0.030717,2.045872,27.500001,2.105085,60.000000,0.671687
0.166667,0.295737,11.000000,29.245117,1.266667,6.000000,0.916667
0.166667,0.030717,2.045872,27.500001,2.105085,60.000000,0.671687
0.022222,0.035196,1.595506,29.586821,1.996970,45.000000,0.614719
0.022222,0.030717,2.045872,27.500001,2.105085,60.000000,0.671687
0.090909,0.049315,2.611111,29.913057,1.852381,36.000000,0.723077
0.090909,0.965742,1.437500,24.980859,1.654545,11.000000,0.589744
0.055556,1.000000,1.852941,29.388482,1.968379,23.000000,0.649485
0.022222,0.035196,1.595506,29.586821,1.996970,45.000000,0.614719
0.022222,0.030717,2.045872,27.500001,2.105085,60.000000,0.671687
0.166667,0.295737,11.000000,29.245117,1.266667,6.000000,0.916667
0.166667,0.030717,2.045872,27.500001,2.105085,60.000000,0.671687
0.022222,0.035196,1.595506,29.586821,1.996970,45.000000,0.614719
0.022222,0.030717,2.045872,27.500001,2.105085,60.000000,0.671687
0.250000,0.289933,1.866667,30.000000,1.736264,14.000000,0.651163
0.142857,0.660691,1.892857,30.000000,1.900433,22.000000,0.654321
0.142857,1.000000,1.333333,25.714286,1.476190,7.000000,0.571429
0.166667,0.004255,1.571429,30.000000,1.266667,6.000000,0.611111
0.043478,0.334232,2.000000,29.913215,2.056667,25.000000,0.666667
0.043478,0.802803,1.673469,29.107599,1.790514,23.000000,0.625954
0.032258,0.931438,1.575000,30.000000,1.994318,33.000000,0.611650
0.032258,0.441055,2.351351,29.601798,2.051613,31.000000,0.701613
0.166667,0.778232,1.178571,27.774171,1.883333,25.000000,0.540984
0.250000,0.384480,1.526316,25.384712,1.782051,13.000000,0.604167
0.200000,0.043598,1.256098,28.197285,1.925134,34.000000,0.556757
0.062500,0.282327,1.270270,29.888174,1.892473,31.000000,0.559524
0.062500,1.000000,1.857143,28.471766,1.775000,16.000000,0.650000
0.071429,0.456724,2.142857,27.649706,1.810526,20.000000,0.681818
0.090909,1.000000,1.466667,24.453467,1.709091,11.000000,0.594595
0.090909,0.681439,1.178082,30.000000,1.881773,29.000000,0.540881
0.142857,1.000000,1.888889,24.571670,1.763636,11.000000,0.653846
0.062500,0.381083,2.744681,24.402439,2.252492,43.000000,0.732955
0.052632,0.583314,1.500000,29.721898,1.807018,19.000000,0.600000
0.052632,0.381083,2.744681,24.402439,2.252492,43.000000,0.732955
0.052632,0.583314,1.500000,29.721898,1.807018,19.000000,0.600000
0.052632,0.381083,2.744681,24.402439,2.252492,43.000000,0.732955
0.062500,0.381083,2.744681,24.402439,2.252492,43.000000,0.732955
0.032258,1.000000,1.539683,27.900299,1.791398,31.000000,0.606250
0.111111,1.000000,2.571429,30.000000,1.555556,9.000000,0.720000
0.041667,0.597765,4.380952,29.694542,1.666667,24.000000,0.814159
0.166667,1.000000,1.696970,27.737722,1.811765,35.000000,0.629213
0.111111,1.000000,1.916667,29.792736,1.361111,9.000000,0.657143
0.083333,0.401959,3.555556,30.000000,1.653846,13.000000,0.780488
0.083333,0.960556,3.500000,30.000000,2.060606,12.000000,0.777778
0.200000,1.000000,1.692308,30.000000,2.102564,13.000000,0.628571
0.200000,0.330394,1.750000,30.000000,1.300000,5.000000,0.636364
0.083333,0.401959,3.555556,30.000000,1.653846,13.000000,0.780488
0.083333,0.960556,3.500000,30.000000,2.060606,12.000000,0.777778
0.076923,0.096495,1.589474,28.914846,1.904184,39.000000,0.613821
0.076923,1.000000,2.000000,30.000000,2.102564,13.000000,0.666667
0.200000,1.000000,1.692308,30.000000,2.102564,13.000000,0.628571
0.200000,0.330394,1.750000,30.000000,1.300000,5.000000,0.636364
0.076923,0.096495,1.589474,28.914846,1.904184,39.000000,0.613821
0.076923,1.000000,2.000000,30.000000,2.102564,13.000000,0.666667
0.111111,1.000000,2.666667,24.762488,1.555556,9.000000,0.727273
0.111111,0.447410,2.666667,28.481710,1.555556,9.000000,0.727273
0.052632,0.125738,1.226415,30.000000,1.920290,24.000000,0.550847
0.090909,0.711561,3.625000,27.272727,1.545455,11.000000,0.783784
0.090909,0.000000,4.000000,29.032824,1.727273,22.000000,0.800000
0.166667,0.125298,1.674419,28.699247,1.860317,36.000000,0.626087
0.125000,0.124660,1.714286,25.274632,1.650000,16.000000,0.631579
0.125000,0.233908,2.684211,27.545874,1.600000,16.000000,0.728571
0.125000,0.072538,1.514286,28.996534,1.673203,18.000000,0.602273
0.142857,1.000000,3.057143,28.574694,2.234921,36.000000,0.753521
0.071429,1.000000,4.571429,28.211430,2.062069,30.000000,0.820513
0.071429,0.000128,1.866667,25.014280,1.758242,14.000000,0.651163
0.062500,0.336468,3.222222,29.382340,1.752137,27.000000,0.763158
0.062500,0.479969,1.619048,23.530519,1.816667,16.000000,0.618182
0.142857,0.880446,2.750000,28.543965,1.476190,7.000000,0.733333
0.142857,0.794421,2.046512,23.734156,2.292339,32.000000,0.671756
0.250000,0.000000,3.000000,30.000000,1.400000,5.000000,0.750000
0.071429,0.215748,1.793478,30.000000,1.867949,40.000000,0.642023
0.071429,1.000000,5.800000,25.714286,2.021978,14.000000,0.852941
0.200000,1.000000,5.800000,25.714286,2.021978,14.000000,0.852941
0.200000,1.000000,3.333333,30.000000,1.000000,5.000000,0.769231
0.071429,0.113591,1.829545,28.936383,1.858351,44.000000,0.646586
0.071429,1.000000,1.421053,21.471299,1.758242,14.000000,0.586957
0.071429,1.000000,1.421053,21.471299,1.758242,14.000000,0.586957
0.071429,1.000000,3.566667,30.000000,1.972414,30.000000,0.781022
0.090909,0.107991,4.416667,30.000000,1.575000,16.000000,0.815385
0.076923,0.858559,2.095238,27.609722,2.111111,19.000000,0.676923
0.040000,0.004219,1.811321,30.000000,1.736667,25.000000,0.644295
0.250000,1.000000,2.478261,30.000000,1.712418,18.000000,0.712500
0.076923,1.000000,2.095238,27.609722,2.111111,19.000000,0.676923
0.076923,0.858559,2.095238,27.609722,2.111111,19.000000,0.676923
0.142857,0.015503,2.734375,30.000000,1.768254,36.000000,0.732218
0.142857,0.000000,2.131579,28.156837,2.088670,29.000000,0.680672
0.142857,0.000000,2.131579,28.156837,2.088670,29.000000,0.680672
0.083333,1.000000,1.409091,29.181466,1.590909,12.000000,0.584906
0.166667,0.273810,2.200000,25.314485,1.266667,6.000000,0.687500
0.166667,1.000000,1.775510,19.977150,2.043561,33.000000,0.639706
0.200000,0.177695,2.000000,27.500000,1.545455,12.000000,0.666667
0.111111,0.699026,2.405941,29.434627,1.893045,59.000000,0.706395
0.076923,1.000000,1.650000,28.140872,1.828571,15.000000,0.622642
0.250000,1.000000,2.625000,30.000000,1.444444,9.000000,0.724138
0.166667,1.000000,2.250000,25.000000,1.400000,6.000000,0.692308
0.166667,0.139969,1.815385,29.644372,2.055331,39.000000,0.644809
0.026316,0.765809,1.635593,27.055371,1.990204,50.000000,0.620579
0.026316,0.332914,1.744444,29.745067,1.856330,38.000000,0.635628
0.026316,0.765809,1.635593,27.055371,1.990204,50.000000,0.620579
0.026316,0.332914,1.744444,29.745067,1.856330,38.000000,0.635628
0.047619,0.765809,1.635593,27.055371,1.990204,50.000000,0.620579
0.047619,0.279620,1.625000,29.939070,1.628571,21.000000,0.619048
0.026316,0.332914,1.744444,29.745067,1.856330,38.000000,0.635628
0.026316,0.765809,1.635593,27.055371,1.990204,50.000000,0.620579
0.050000,0.237075,1.674419,28.699247,1.860317,36.000000,0.626087
0.047619,0.279620,1.625000,29.939070,1.628571,21.000000,0.619048
0.047619,0.765809,1.635593,27.055371,1.990204,50.000000,0.620579
0.047619,0.765809,1.635593,27.055371,1.990204,50.000000,0.620579
0.047619,0.279620,1.625000,29.939070,1.628571,21.000000,0.619048
0.250000,1.000000,6.000000,30.000000,1.000000,4.000000,0.857143
0.250000,0.481917,2.133333,23.649671,1.838095,15.000000,0.680851
0.142857,0.746166,2.000000,22.136859,1.428571,7.000000,0.666667
0.142857,1.000000,2.000000,20.726019,1.476190,7.000000,0.666667
0.166667,0.095790,2.321429,28.388883,1.894928,24.000000,0.698925
0.090909,1.000000,1.466667,24.453467,1.709091,11.000000,0.594595
0.090909,0.340244,1.672727,26.298672,1.975369,29.000000,0.625850
0.111111,0.156660,1.215686,27.357342,1.774892,22.000000,0.548673
0.100000,0.055739,2.605442,29.455951,1.924478,83.000000,0.722642
0.100000,1.000000,2.363636,30.000000,1.796296,28.000000,0.702703
0.250000,0.233375,4.250000,30.000000,1.692308,14.000000,0.809524
0.181818,0.242978,1.086957,30.000000,1.618182,11.000000,0.520833
0.181818,0.750177,3.040000,28.851950,2.054131,27.000000,0.752475
0.181818,0.798813,1.041667,30.000000,1.618182,11.000000,0.510204
0.181818,1.000000,3.416667,29.421306,2.252874,30.000000,0.773585
0.125000,0.904762,1.615385,28.490234,1.638095,15.000000,0.617647
0.166667,1.000000,1.714286,30.000000,1.654545,11.000000,0.631579
0.058824,0.613205,1.666667,30.000000,1.842105,19.000000,0.625000
0.058824,0.648745,1.970588,25.870265,1.927536,24.000000,0.663366
0.111111,0.205281,2.600000,27.363636,1.600000,11.000000,0.722222
0.111111,0.111220,1.730769,17.086230,1.842105,19.000000,0.633803
0.052632,0.010000,2.000000,25.171957,1.868946,27.000000,0.666667
0.142857,0.731983,1.700000,9.254755,1.428571,8.000000,0.629630
0.045455,0.016667,1.808989,29.924887,1.858351,44.000000,0.644000
0.045455,0.113658,1.215686,27.357342,1.774892,22.000000,0.548673
0.083333,0.138154,3.300000,22.028432,1.990476,15.000000,0.767442
0.083333,0.113658,1.215686,27.357342,1.774892,22.000000,0.548673
0.142857,0.332976,2.352941,29.844896,1.666667,16.000000,0.701754
0.058824,0.817908,3.045455,28.431349,2.162602,42.000000,0.752809
0.058824,0.794997,1.703704,30.000000,1.816176,17.000000,0.630137
0.111111,0.152598,2.181818,28.193761,1.488889,10.000000,0.685714
0.166667,0.234178,4.000000,29.924245,1.466667,6.000000,0.800000
0.058824,0.817908,3.045455,28.431349,2.162602,42.000000,0.752809
0.058824,0.794997,1.703704,30.000000,1.816176,17.000000,0.630137
0.062500,0.285365,1.848485,30.000000,1.758893,23.000000,0.648936
0.200000,0.617019,2.428571,29.614820,1.583333,9.000000,0.708333
