thread_id,pre_px,pre_py,post_px,post_py,pre_p_mag,post_p_mag,pre_mass,post_mass,pre_s_sum,post_s_sum,pre_s_mean,post_s_mean,chi,duration,theta,stability_bin,pre_E_total,post_E_total
3,67.858960,0.000000,-110.270866,0.000000,67.858960,200.527674,1857.750000,4617.750000,21.206666,24.463290,10.603333,12.231645,0.166667,8.000000,0.000000,10.000000,2.952732,7.043337
3,11.579587,0.000000,-120.817707,0.000000,86.244712,211.074516,1099.750000,4617.750000,18.416516,24.463290,9.208258,12.231645,0.166667,9.000000,0.000000,5.000000,1.589533,7.043337
3,56.000237,0.000000,-94.709912,0.000000,56.000237,184.966720,1857.750000,4617.750000,21.206666,24.463290,10.603333,12.231645,0.166667,8.000000,0.000000,10.000000,2.952732,7.043337
3,-69.305740,0.000000,-904.355556,0.000000,69.305740,904.355556,171.500000,90.435556,21.915503,45.125277,10.957752,22.562638,0.142857,24.000000,0.000000,10.000000,0.523144,0.995825
3,30.843077,0.000000,-904.355556,0.000000,30.843077,904.355556,929.500000,90.435556,25.594369,45.125277,12.797185,22.562638,0.142857,23.000000,0.000000,10.000000,2.078328,0.995825
3,31.122021,0.000000,-904.355556,0.000000,31.122021,904.355556,929.500000,90.435556,25.594369,45.125277,12.797185,22.562638,0.142857,23.000000,0.000000,10.000000,2.078328,0.995825
3,-37.131874,0.000000,-904.355556,0.000000,37.533251,904.355556,171.500000,90.435556,21.915503,45.125277,10.957752,22.562638,0.142857,24.000000,0.000000,10.000000,0.523144,0.995825
3,42.701800,0.000000,-904.355556,0.000000,42.701800,904.355556,929.500000,90.435556,25.594369,45.125277,12.797185,22.562638,0.142857,23.000000,0.000000,10.000000,2.078328,0.995825
3,42.980744,0.000000,-904.355556,0.000000,42.980744,904.355556,929.500000,90.435556,25.594369,45.125277,12.797185,22.562638,0.142857,23.000000,0.000000,10.000000,2.078328,0.995825
3,-1821.020408,0.000000,-1736.000000,0.000000,1821.020408,1736.000000,182.102041,173.600000,53.308529,57.567202,26.654265,28.783601,0.125000,11.000000,0.000000,25.000000,1.294851,1.372135
3,-1821.020408,0.000000,-1736.000000,0.000000,1821.020408,1736.000000,182.102041,173.600000,53.308529,57.567202,26.654265,28.783601,0.125000,11.000000,0.000000,25.000000,1.294851,1.372135
3,-1967.200000,0.000000,-4822.311111,0.000000,1967.200000,4822.311111,196.720000,482.231111,52.793179,55.100252,26.396590,27.550126,0.100000,5.000000,0.000000,25.000000,1.237437,1.942238
3,-2265.277778,0.000000,-4822.311111,0.000000,2265.277778,4822.311111,226.527778,482.231111,37.480828,55.100252,18.740414,27.550126,0.200000,79.000000,0.000000,15.000000,1.037602,1.942238
3,-3762.000000,0.000000,-3067.450000,0.000000,3762.000000,3067.450000,376.200000,306.745000,76.091175,62.783723,38.045588,31.391862,0.200000,12.000000,0.000000,35.000000,3.726152,1.666135
3,-3762.000000,0.000000,-3067.450000,0.000000,3762.000000,3067.450000,376.200000,306.745000,76.091175,62.783723,38.045588,31.391862,0.200000,12.000000,0.000000,35.000000,3.726152,1.666135
3,-968.666667,0.000000,-3067.450000,0.000000,968.666667,3067.450000,96.866667,306.745000,73.657429,62.783723,36.828715,31.391862,0.200000,34.000000,0.000000,35.000000,1.491113,1.666135
3,-968.666667,0.000000,-3067.450000,0.000000,968.666667,3067.450000,96.866667,306.745000,73.657429,62.783723,36.828715,31.391862,0.200000,34.000000,0.000000,35.000000,1.491113,1.666135
3,-3762.000000,0.000000,-3067.450000,0.000000,3762.000000,3067.450000,376.200000,306.745000,76.091175,62.783723,38.045588,31.391862,0.200000,12.000000,0.000000,35.000000,3.726152,1.666135
3,-953.086420,0.000000,-2440.000000,0.000000,953.086420,2440.000000,95.308642,244.000000,47.890202,54.192632,23.945101,27.096316,0.200000,21.000000,0.000000,20.000000,1.078855,1.395142
3,-968.666667,0.000000,-3067.450000,0.000000,968.666667,3067.450000,96.866667,306.745000,73.657429,62.783723,36.828715,31.391862,0.200000,34.000000,0.000000,35.000000,1.491113,1.666135
3,-953.086420,0.000000,-2440.000000,0.000000,953.086420,2440.000000,95.308642,244.000000,47.890202,54.192632,23.945101,27.096316,0.200000,21.000000,0.000000,20.000000,1.078855,1.395142
3,-3762.000000,0.000000,-3067.450000,0.000000,3762.000000,3067.450000,376.200000,306.745000,76.091175,62.783723,38.045588,31.391862,0.200000,12.000000,0.000000,35.000000,3.726152,1.666135
3,-968.666667,0.000000,-3067.450000,0.000000,968.666667,3067.450000,96.866667,306.745000,73.657429,62.783723,36.828715,31.391862,0.200000,34.000000,0.000000,35.000000,1.491113,1.666135
3,-893.586436,0.000000,-765.000000,0.000000,893.586436,765.000000,109.750000,76.500000,42.341330,65.660225,21.170665,32.830112,0.166667,84.000000,0.000000,20.000000,0.990181,1.414174
3,-2080.800000,0.000000,-765.000000,0.000000,2080.800000,765.000000,208.080000,76.500000,52.020576,65.660225,26.010288,32.830112,0.125000,30.000000,0.000000,25.000000,1.235960,1.414174
3,-832.823689,0.000000,-765.000000,0.000000,832.823689,765.000000,109.750000,76.500000,42.341330,65.660225,21.170665,32.830112,0.166667,84.000000,0.000000,20.000000,0.990181,1.414174
3,-2080.800000,0.000000,-765.000000,0.000000,2080.800000,765.000000,208.080000,76.500000,52.020576,65.660225,26.010288,32.830112,0.125000,30.000000,0.000000,25.000000,1.235960,1.414174
3,-2644.958678,0.000000,-4578.842975,0.000000,2644.958678,4578.842975,264.495868,457.884298,53.634487,30.428376,26.817243,15.214188,0.200000,53.000000,0.000000,25.000000,1.413948,0.000000
3,-2644.958678,0.000000,-4578.842975,0.000000,2644.958678,4578.842975,264.495868,457.884298,53.634487,30.428376,26.817243,15.214188,0.200000,53.000000,0.000000,25.000000,1.413948,0.000000
3,-646.428571,0.000000,-749.690083,0.000000,646.428571,749.690083,64.642857,74.969008,65.702353,67.673874,32.851176,33.836937,0.142857,56.000000,0.000000,30.000000,1.364266,1.432537
3,-646.428571,0.000000,-749.690083,0.000000,646.428571,749.690083,64.642857,74.969008,65.702353,67.673874,32.851176,33.836937,0.142857,56.000000,0.000000,30.000000,1.364266,1.432537
3,-443.961870,0.000000,-707.397959,0.000000,448.691191,707.397959,88.382653,70.739796,66.336819,80.945834,33.168409,40.472917,0.142857,65.000000,0.000000,30.000000,1.434823,1.707046
3,-443.961870,0.000000,-707.397959,0.000000,448.691191,707.397959,88.382653,70.739796,66.336819,80.945834,33.168409,40.472917,0.142857,65.000000,0.000000,30.000000,1.434823,1.707046
3,-443.961870,0.000000,-707.397959,0.000000,448.691191,707.397959,88.382653,70.739796,66.336819,80.945834,33.168409,40.472917,0.142857,65.000000,0.000000,30.000000,1.434823,1.707046
3,-443.961870,0.000000,-707.397959,0.000000,448.691191,707.397959,88.382653,70.739796,66.336819,80.945834,33.168409,40.472917,0.142857,65.000000,0.000000,30.000000,1.434823,1.707046
3,-443.961870,0.000000,-707.397959,0.000000,448.691191,707.397959,88.382653,70.739796,66.336819,80.945834,33.168409,40.472917,0.142857,65.000000,0.000000,30.000000,1.434823,1.707046
3,-4609.204152,0.000000,-10122.066116,0.000000,4609.204152,10122.066116,460.920415,1012.206612,65.565407,65.065053,32.782703,32.532527,0.166667,10.000000,0.000000,30.000000,1.846504,2.621121
3,-4609.204152,0.000000,-10122.066116,0.000000,4609.204152,10122.066116,460.920415,1012.206612,65.565407,65.065053,32.782703,32.532527,0.166667,10.000000,0.000000,30.000000,1.846504,2.621121
3,-3206.755556,0.000000,-2366.172840,0.000000,3206.755556,2366.172840,320.675556,236.617284,67.409662,43.877735,33.704831,21.938868,0.200000,152.000000,0.000000,30.000000,1.775555,0.000000
3,-3206.755556,0.000000,-2366.172840,0.000000,3206.755556,2366.172840,320.675556,236.617284,67.409662,43.877735,33.704831,21.938868,0.200000,152.000000,0.000000,30.000000,1.775555,0.000000
3,4.483294,0.000000,0.000000,0.000000,15.592241,0.000000,1687.500000,0.000000,24.451780,0.000000,12.225890,0.000000,1.000000,286.000000,0.000000,10.000000,2.277284,0.000000
3,-5120.000000,0.000000,0.000000,0.000000,5120.000000,0.000000,512.000000,0.000000,49.930156,0.000000,24.965078,0.000000,1.000000,232.000000,0.000000,20.000000,1.624805,0.000000
3,-3206.755556,0.000000,-2366.172840,0.000000,3206.755556,2366.172840,320.675556,236.617284,67.409662,43.877735,33.704831,21.938868,0.200000,152.000000,0.000000,30.000000,1.775555,0.000000
3,-3206.755556,0.000000,-2366.172840,0.000000,3206.755556,2366.172840,320.675556,236.617284,67.409662,43.877735,33.704831,21.938868,0.200000,152.000000,0.000000,30.000000,1.775555,0.000000
3,-2889.955556,0.000000,0.000000,0.000000,2889.955556,0.000000,288.995556,0.000000,43.277178,0.000000,21.638589,0.000000,1.000000,263.000000,0.000000,20.000000,0.891235,0.000000
3,-2889.955556,0.000000,0.000000,0.000000,2889.955556,0.000000,288.995556,0.000000,43.277178,0.000000,21.638589,0.000000,1.000000,263.000000,0.000000,20.000000,0.891235,0.000000
3,62.868915,0.000000,0.000000,0.000000,62.868915,0.000000,1600.000000,0.000000,11.274536,0.000000,5.637268,0.000000,1.000000,315.000000,0.000000,5.000000,3.088267,0.000000
3,-2889.955556,0.000000,0.000000,0.000000,2889.955556,0.000000,288.995556,0.000000,43.277178,0.000000,21.638589,0.000000,1.000000,263.000000,0.000000,20.000000,0.891235,0.000000
3,-5120.000000,0.000000,0.000000,0.000000,5120.000000,0.000000,512.000000,0.000000,49.930156,0.000000,24.965078,0.000000,1.000000,232.000000,0.000000,20.000000,1.624805,0.000000
3,-5120.000000,0.000000,0.000000,0.000000,5120.000000,0.000000,512.000000,0.000000,49.930156,0.000000,24.965078,0.000000,1.000000,232.000000,0.000000,20.000000,1.624805,0.000000
3,-3206.755556,0.000000,-2366.172840,0.000000,3206.755556,2366.172840,320.675556,236.617284,67.409662,43.877735,33.704831,21.938868,0.200000,152.000000,0.000000,30.000000,1.775555,0.000000
3,16.342017,0.000000,0.000000,0.000000,27.450963,0.000000,1687.500000,0.000000,24.451780,0.000000,12.225890,0.000000,1.000000,286.000000,0.000000,10.000000,2.277284,0.000000
3,-3206.755556,0.000000,-2366.172840,0.000000,3206.755556,2366.172840,320.675556,236.617284,67.409662,43.877735,33.704831,21.938868,0.200000,152.000000,0.000000,30.000000,1.775555,0.000000
3,-4469.722222,0.000000,0.000000,0.000000,4469.722222,0.000000,446.972222,0.000000,48.960397,0.000000,24.480198,0.000000,1.000000,232.000000,0.000000,20.000000,1.404371,0.000000
3,-3206.755556,0.000000,-2366.172840,0.000000,3206.755556,2366.172840,320.675556,236.617284,67.409662,43.877735,33.704831,21.938868,0.200000,152.000000,0.000000,30.000000,1.775555,0.000000
3,-3083.200000,0.000000,-2366.172840,0.000000,3083.200000,2366.172840,308.320000,236.617284,42.154404,43.877735,21.077202,21.938868,0.200000,263.000000,0.000000,20.000000,0.910716,0.000000
3,-3083.200000,0.000000,-2366.172840,0.000000,3083.200000,2366.172840,308.320000,236.617284,42.154404,43.877735,21.077202,21.938868,0.200000,263.000000,0.000000,20.000000,0.910716,0.000000
3,-3206.755556,0.000000,-2366.172840,0.000000,3206.755556,2366.172840,320.675556,236.617284,67.409662,43.877735,33.704831,21.938868,0.200000,152.000000,0.000000,30.000000,1.775555,0.000000
3,-6308.229758,0.000000,-7827.055963,0.000000,6308.229758,7827.055963,630.822976,782.705596,66.347800,73.561241,33.173900,36.780620,0.166667,34.000000,0.000000,30.000000,2.104477,2.578494
3,-581.926531,0.000000,-206.938776,0.000000,581.926531,206.938776,58.192653,20.693878,67.119812,35.942217,33.559906,17.971108,0.166667,34.000000,0.000000,30.000000,1.414819,0.000000
3,-601.428571,0.000000,-597.530864,0.000000,601.428571,597.530864,60.142857,59.753086,57.452200,40.684258,28.726100,20.342129,0.250000,185.000000,0.000000,25.000000,1.199794,0.000000
3,-601.428571,0.000000,-597.530864,0.000000,601.428571,597.530864,60.142857,59.753086,57.452200,40.684258,28.726100,20.342129,0.250000,185.000000,0.000000,25.000000,1.199794,0.000000
3,-6308.229758,0.000000,-7827.055963,0.000000,6308.229758,7827.055963,630.822976,782.705596,66.347800,73.561241,33.173900,36.780620,0.166667,34.000000,0.000000,30.000000,2.104477,2.578494
3,-1084.444444,0.000000,-100.800000,0.000000,1084.444444,100.800000,108.444444,10.080000,73.096488,50.000000,36.548244,25.000000,0.166667,126.000000,0.000000,35.000000,1.477234,0.000000
3,-1084.444444,0.000000,-100.800000,0.000000,1084.444444,100.800000,108.444444,10.080000,73.096488,50.000000,36.548244,25.000000,0.166667,126.000000,0.000000,35.000000,1.477234,0.000000
3,-1877.190083,0.000000,-1246.410035,0.000000,1877.190083,1246.410035,187.719008,124.641003,60.286999,79.323264,30.143500,39.661632,0.250000,180.000000,0.000000,30.000000,1.425820,1.742313
3,-1877.190083,0.000000,-1246.410035,0.000000,1877.190083,1246.410035,187.719008,124.641003,60.286999,79.323264,30.143500,39.661632,0.250000,180.000000,0.000000,30.000000,1.425820,1.742313
3,-4.894223,0.000000,-857.500000,0.000000,4.894223,857.500000,1049.555556,85.750000,17.757588,37.688501,8.878794,18.844250,0.285714,387.000000,0.000000,5.000000,0.406805,0.000000
3,-0.618700,0.000000,-857.500000,0.000000,8.322888,857.500000,1049.555556,85.750000,17.757588,37.688501,8.878794,18.844250,0.285714,387.000000,0.000000,5.000000,0.406805,0.000000
3,-4591.919873,0.000000,-13163.456790,0.000000,4591.919873,13163.456790,459.191987,1316.345679,81.573341,36.228312,40.786670,18.114156,0.100000,59.000000,0.000000,40.000000,2.205967,0.000000
3,-4591.919873,0.000000,-13163.456790,0.000000,4591.919873,13163.456790,459.191987,1316.345679,81.573341,36.228312,40.786670,18.114156,0.100000,59.000000,0.000000,40.000000,2.205967,0.000000
3,65.962939,0.000000,0.000000,0.000000,65.962939,0.000000,1600.000000,0.000000,9.512345,0.000000,4.756172,0.000000,1.000000,415.000000,0.000000,0.000000,2.529138,0.000000
3,-4591.919873,0.000000,-13163.456790,0.000000,4591.919873,13163.456790,459.191987,1316.345679,81.573341,36.228312,40.786670,18.114156,0.100000,59.000000,0.000000,40.000000,2.205967,0.000000
3,-4591.919873,0.000000,-13163.456790,0.000000,4591.919873,13163.456790,459.191987,1316.345679,81.573341,36.228312,40.786670,18.114156,0.100000,59.000000,0.000000,40.000000,2.205967,0.000000
3,-662.361111,0.000000,-20193.905817,0.000000,662.361111,20193.905817,66.236111,2019.390582,32.398415,37.078909,16.199207,18.539454,0.285714,424.000000,0.000000,15.000000,0.675405,0.000000
3,-457.576531,0.000000,-484.000000,0.000000,457.576531,484.000000,45.757653,48.400000,58.505208,48.391872,29.252604,24.195936,0.166667,264.000000,0.000000,25.000000,1.223927,0.000000
3,-662.361111,0.000000,-20193.905817,0.000000,662.361111,20193.905817,66.236111,2019.390582,32.398415,37.078909,16.199207,18.539454,0.285714,424.000000,0.000000,15.000000,0.675405,0.000000
3,-457.576531,0.000000,-484.000000,0.000000,457.576531,484.000000,45.757653,48.400000,58.505208,48.391872,29.252604,24.195936,0.166667,264.000000,0.000000,25.000000,1.223927,0.000000
3,-173.961870,0.000000,-777.520661,0.000000,178.691191,777.520661,61.382653,77.752066,53.615203,25.852719,26.807601,12.926359,0.166667,268.000000,0.000000,25.000000,1.147818,0.000000
2,82.778984,0.000000,-651.711404,0.000000,82.778984,651.711404,2107.000000,575.000000,21.524381,20.686035,10.762191,10.343018,0.125000,26.000000,0.000000,10.000000,2.761284,1.489776
2,182.899603,0.000000,-651.711404,0.000000,182.899603,651.711404,6347.000000,575.000000,21.806781,20.686035,10.903390,10.343018,0.090909,3.000000,0.000000,10.000000,5.065388,1.489776
2,77.678147,0.000000,-651.711404,0.000000,77.678147,651.711404,2107.000000,575.000000,21.524381,20.686035,10.762191,10.343018,0.125000,26.000000,0.000000,10.000000,2.761284,1.489776
2,-314.473366,0.000000,-377.777778,0.000000,314.473366,377.777778,128.160000,37.777778,28.469146,64.620462,14.234573,32.310231,0.250000,98.000000,0.000000,10.000000,0.993810,1.334681
2,-337.929912,0.000000,-377.777778,0.000000,337.929912,377.777778,128.160000,37.777778,28.469146,64.620462,14.234573,32.310231,0.250000,98.000000,0.000000,10.000000,0.993810,1.334681
2,-355.939274,0.000000,-377.777778,0.000000,355.939274,377.777778,128.160000,37.777778,28.469146,64.620462,14.234573,32.310231,0.250000,98.000000,0.000000,10.000000,0.993810,1.334681
2,-199.056032,0.000000,-419.444444,0.000000,199.056032,419.444444,112.160000,41.944444,26.869146,46.912963,13.434573,23.456481,0.200000,98.000000,0.000000,10.000000,0.575548,0.985570
2,-209.996659,0.000000,-715.555556,0.000000,209.996659,715.555556,56.000000,71.555556,20.293630,57.358492,10.146815,28.679246,0.250000,101.000000,0.000000,10.000000,0.868465,1.220128
2,-228.006020,0.000000,-715.555556,0.000000,228.006020,715.555556,56.000000,71.555556,20.293630,57.358492,10.146815,28.679246,0.250000,101.000000,0.000000,10.000000,0.868465,1.220128
2,-186.540112,0.000000,-715.555556,0.000000,186.540112,715.555556,56.000000,71.555556,20.293630,57.358492,10.146815,28.679246,0.250000,101.000000,0.000000,10.000000,0.868465,1.220128
2,-94937.500000,0.000000,-661.111111,0.000000,94937.500000,661.111111,9493.750000,66.111111,50.571081,52.327610,25.285540,26.163805,0.142857,32.000000,0.000000,25.000000,14.424810,1.127587
2,76.083013,0.000000,-661.111111,0.000000,98.216511,661.111111,1837.375000,66.111111,16.455426,52.327610,8.227713,26.163805,0.166667,159.000000,0.000000,5.000000,5.124885,1.127587
2,90.407244,0.000000,-661.111111,0.000000,112.540741,661.111111,1837.375000,66.111111,16.455426,52.327610,8.227713,26.163805,0.166667,159.000000,0.000000,5.000000,5.124885,1.127587
2,68.459778,0.000000,-661.111111,0.000000,90.593275,661.111111,1837.375000,66.111111,16.455426,52.327610,8.227713,26.163805,0.166667,159.000000,0.000000,5.000000,5.124885,1.127587
2,-1734.844444,0.000000,-4605.555556,0.000000,1734.844444,4605.555556,173.484444,460.555556,29.575484,51.988249,14.787742,25.994125,0.200000,88.000000,0.000000,10.000000,0.804175,1.540259
2,-27250.000000,0.000000,-4605.555556,0.000000,27250.000000,4605.555556,2725.000000,460.555556,38.415084,51.988249,19.207542,25.994125,0.200000,55.000000,0.000000,15.000000,12.520155,1.540259
2,-8722.592593,0.000000,-5490.000000,0.000000,8722.592593,5490.000000,872.259259,549.000000,30.945878,55.302691,15.472939,27.651345,0.250000,78.000000,0.000000,15.000000,1.774625,1.717218
2,-28134.444444,0.000000,-5490.000000,0.000000,28134.444444,5490.000000,2813.444444,549.000000,41.230154,55.302691,20.615077,27.651345,0.250000,55.000000,0.000000,20.000000,12.700124,1.717218
2,-8722.592593,0.000000,-5490.000000,0.000000,8722.592593,5490.000000,872.259259,549.000000,30.945878,55.302691,15.472939,27.651345,0.250000,78.000000,0.000000,15.000000,1.774625,1.717218
2,-7572.992593,0.000000,-4605.555556,0.000000,7572.992593,4605.555556,757.299259,460.555556,33.810411,51.988249,16.905205,25.994125,0.200000,78.000000,0.000000,15.000000,1.688709,1.540259
2,-19.669322,0.000000,-5490.000000,0.000000,36.139477,5490.000000,266.500000,549.000000,23.769215,55.302691,11.884608,27.651345,0.250000,131.000000,0.000000,10.000000,0.759088,1.717218
2,-7572.992593,0.000000,-4605.555556,0.000000,7572.992593,4605.555556,757.299259,460.555556,33.810411,51.988249,16.905205,25.994125,0.200000,78.000000,0.000000,15.000000,1.688709,1.540259
2,-345.777778,0.000000,-435.555556,0.000000,345.777778,435.555556,34.577778,43.555556,48.612734,57.452208,24.306367,28.726104,0.250000,69.000000,0.000000,20.000000,0.994721,1.204744
2,-23356.666667,0.000000,-6120.000000,0.000000,23356.666667,6120.000000,2335.666667,612.000000,48.493735,28.985140,24.246868,14.492570,0.250000,55.000000,0.000000,20.000000,3.212132,0.000000
2,-266.403876,0.000000,-6120.000000,0.000000,266.403876,6120.000000,631.160000,612.000000,27.261551,28.985140,13.630775,14.492570,0.250000,211.000000,0.000000,10.000000,1.196859,0.000000
2,-5246.757370,0.000000,-6242.500000,0.000000,5246.757370,6242.500000,524.675737,624.250000,47.898163,58.814567,23.949081,29.407284,0.250000,44.000000,0.000000,20.000000,1.576479,1.966676
2,-5246.757370,0.000000,-6242.500000,0.000000,5246.757370,6242.500000,524.675737,624.250000,47.898163,58.814567,23.949081,29.407284,0.250000,44.000000,0.000000,20.000000,1.576479,1.966676
2,-15952.500000,0.000000,-10972.561983,0.000000,15952.500000,10972.561983,1595.250000,1097.256198,61.851608,81.617677,30.925804,40.808839,0.285714,66.000000,0.000000,30.000000,1.668797,2.988770
2,-15952.500000,0.000000,-10972.561983,0.000000,15952.500000,10972.561983,1595.250000,1097.256198,61.851608,81.617677,30.925804,40.808839,0.285714,66.000000,0.000000,30.000000,1.668797,2.988770
2,-15952.500000,0.000000,-10972.561983,0.000000,15952.500000,10972.561983,1595.250000,1097.256198,61.851608,81.617677,30.925804,40.808839,0.285714,66.000000,0.000000,30.000000,1.668797,2.988770
2,-15952.500000,0.000000,-10972.561983,0.000000,15952.500000,10972.561983,1595.250000,1097.256198,61.851608,81.617677,30.925804,40.808839,0.285714,66.000000,0.000000,30.000000,1.668797,2.988770
2,-9909.861111,0.000000,-1566.543210,0.000000,9909.861111,1566.543210,990.986111,156.654321,60.830568,74.448261,30.415284,37.224130,0.285714,65.000000,0.000000,30.000000,2.660054,1.682213
2,-9909.861111,0.000000,-1566.543210,0.000000,9909.861111,1566.543210,990.986111,156.654321,60.830568,74.448261,30.415284,37.224130,0.285714,65.000000,0.000000,30.000000,2.660054,1.682213
2,-1097.911111,0.000000,-1566.543210,0.000000,1097.911111,1566.543210,109.791111,156.654321,71.082475,74.448261,35.541237,37.224130,0.285714,96.000000,0.000000,35.000000,1.468869,1.682213
2,-9909.861111,0.000000,-1566.543210,0.000000,9909.861111,1566.543210,990.986111,156.654321,60.830568,74.448261,30.415284,37.224130,0.285714,65.000000,0.000000,30.000000,2.660054,1.682213
2,-9909.861111,0.000000,-1566.543210,0.000000,9909.861111,1566.543210,990.986111,156.654321,60.830568,74.448261,30.415284,37.224130,0.285714,65.000000,0.000000,30.000000,2.660054,1.682213
2,-1437.106481,0.000000,-1642.500000,0.000000,1437.106481,1642.500000,143.710648,164.250000,78.870743,69.591687,39.435372,34.795843,0.333333,54.000000,0.000000,35.000000,1.684640,1.584168
2,-3841.343210,0.000000,-1796.543210,0.000000,3841.343210,1796.543210,384.134321,179.654321,69.156964,59.799311,34.578482,29.899656,0.125000,8.000000,0.000000,30.000000,1.867180,1.407301
2,-4623.623529,0.000000,-6979.204152,0.000000,4623.623529,6979.204152,462.362353,697.920415,75.800528,65.018465,37.900264,32.509232,0.058824,8.000000,0.000000,35.000000,2.097317,2.171119
2,-4623.623529,0.000000,-6979.204152,0.000000,4623.623529,6979.204152,462.362353,697.920415,75.800528,65.018465,37.900264,32.509232,0.058824,8.000000,0.000000,35.000000,2.080226,2.171119
2,-4623.623529,0.000000,-6979.204152,0.000000,4623.623529,6979.204152,462.362353,697.920415,75.800528,65.018465,37.900264,32.509232,0.058824,8.000000,0.000000,35.000000,2.097317,2.171119
2,-1437.106481,0.000000,-1642.500000,0.000000,1437.106481,1642.500000,143.710648,164.250000,78.870743,69.591687,39.435372,34.795843,0.333333,54.000000,0.000000,35.000000,1.684640,1.584168
2,-3687.300000,0.000000,-1642.500000,0.000000,3687.300000,1642.500000,368.730000,164.250000,79.168286,69.591687,39.584143,34.795843,0.333333,8.000000,0.000000,35.000000,2.031205,1.584168
2,-3841.343210,0.000000,-1796.543210,0.000000,3841.343210,1796.543210,384.134321,179.654321,69.156964,59.799311,34.578482,29.899656,0.125000,8.000000,0.000000,30.000000,1.867180,1.407301
2,-1437.106481,0.000000,-1642.500000,0.000000,1437.106481,1642.500000,143.710648,164.250000,78.870743,69.591687,39.435372,34.795843,0.333333,54.000000,0.000000,35.000000,1.684640,1.584168
2,-1437.106481,0.000000,-1642.500000,0.000000,1437.106481,1642.500000,143.710648,164.250000,78.870743,69.591687,39.435372,34.795843,0.333333,54.000000,0.000000,35.000000,1.684640,1.584168
2,-3841.343210,0.000000,-1796.543210,0.000000,3841.343210,1796.543210,384.134321,179.654321,69.156964,59.799311,34.578482,29.899656,0.125000,8.000000,0.000000,30.000000,1.850090,1.407301
2,-4623.623529,0.000000,-6979.204152,0.000000,4623.623529,6979.204152,462.362353,697.920415,75.800528,65.018465,37.900264,32.509232,0.058824,8.000000,0.000000,35.000000,2.097317,2.171119
2,-3841.343210,0.000000,-1796.543210,0.000000,3841.343210,1796.543210,384.134321,179.654321,69.156964,59.799311,34.578482,29.899656,0.125000,8.000000,0.000000,30.000000,1.867180,1.407301
2,-3841.343210,0.000000,-1796.543210,0.000000,3841.343210,1796.543210,384.134321,179.654321,69.156964,59.799311,34.578482,29.899656,0.125000,8.000000,0.000000,30.000000,1.867180,1.407301
2,-3841.343210,0.000000,-1796.543210,0.000000,3841.343210,1796.543210,384.134321,179.654321,69.156964,59.799311,34.578482,29.899656,0.125000,8.000000,0.000000,30.000000,1.867180,1.407301
2,-4623.623529,0.000000,-6979.204152,0.000000,4623.623529,6979.204152,462.362353,697.920415,75.800528,65.018465,37.900264,32.509232,0.058824,8.000000,0.000000,35.000000,2.097317,2.171119
2,-4623.623529,0.000000,-6979.204152,0.000000,4623.623529,6979.204152,462.362353,697.920415,75.800528,65.018465,37.900264,32.509232,0.058824,8.000000,0.000000,35.000000,2.097317,2.171119
2,-1437.106481,0.000000,-1642.500000,0.000000,1437.106481,1642.500000,143.710648,164.250000,78.870743,69.591687,39.435372,34.795843,0.333333,54.000000,0.000000,35.000000,1.684640,1.584168
2,-2896.718750,0.000000,-1291.996528,0.000000,2896.718750,1291.996528,289.671875,129.199653,63.550347,68.956789,31.775173,34.478394,0.111111,42.000000,0.000000,30.000000,1.523518,1.541919
2,-2896.718750,0.000000,-1291.996528,0.000000,2896.718750,1291.996528,289.671875,129.199653,63.550347,68.956789,31.775173,34.478394,0.111111,42.000000,0.000000,30.000000,1.523518,1.541919
2,-13342.500000,0.000000,-2147.755102,0.000000,13342.500000,2147.755102,1334.250000,214.775510,57.351027,68.331030,28.675513,34.165515,0.250000,112.000000,0.000000,25.000000,1.326420,1.633887
2,-1488.125000,0.000000,-910.255102,0.000000,1488.125000,910.255102,148.812500,91.025510,74.650819,76.456417,37.325409,38.228209,0.111111,42.000000,0.000000,35.000000,1.669887,1.641903
2,-5741.704152,0.000000,-910.255102,0.000000,5741.704152,910.255102,574.170415,91.025510,74.413839,76.456417,37.206919,38.228209,0.111111,18.000000,0.000000,35.000000,2.206412,1.641903
2,-7372.103561,0.000000,-2112.911352,0.000000,7372.103561,2112.911352,737.210356,211.291135,76.500589,78.478724,38.250295,39.239362,0.062500,18.000000,0.000000,35.000000,2.233539,1.831721
2,-7372.103561,0.000000,-2112.911352,0.000000,7372.103561,2112.911352,737.210356,211.291135,76.500589,78.478724,38.250295,39.239362,0.062500,18.000000,0.000000,35.000000,2.223035,1.831721
2,-6979.204152,0.000000,-2147.755102,0.000000,6979.204152,2147.755102,697.920415,214.775510,66.243926,68.331030,33.121963,34.165515,0.250000,18.000000,0.000000,30.000000,2.197312,1.633887
2,61.748941,0.000000,0.000000,0.000000,61.748941,0.000000,1600.000000,0.000000,2.000000,0.000000,1.000000,0.000000,1.000000,411.000000,0.000000,0.000000,2.072974,0.000000
2,405.422219,0.000000,0.000000,0.000000,405.422219,0.000000,11616.000000,0.000000,26.246396,0.000000,13.123198,0.000000,1.000000,334.000000,0.000000,10.000000,13.705475,0.000000
2,375.086439,0.000000,0.000000,0.000000,375.086439,0.000000,11616.000000,0.000000,26.246396,0.000000,13.123198,0.000000,1.000000,334.000000,0.000000,10.000000,13.705475,0.000000
2,-3976.653517,0.000000,-1088.888889,0.000000,3976.653517,1088.888889,397.665352,108.888889,82.233284,46.664660,41.116642,23.332330,0.250000,100.000000,0.000000,40.000000,2.506611,0.000000
2,-3976.653517,0.000000,-1088.888889,0.000000,3976.653517,1088.888889,397.665352,108.888889,82.233284,46.664660,41.116642,23.332330,0.250000,100.000000,0.000000,40.000000,2.506611,0.000000
2,-3976.653517,0.000000,-1088.888889,0.000000,3976.653517,1088.888889,397.665352,108.888889,82.233284,46.664660,41.116642,23.332330,0.250000,100.000000,0.000000,40.000000,2.506611,0.000000
2,-724.843750,0.000000,-540.000000,0.000000,724.843750,540.000000,72.484375,54.000000,90.858871,50.000000,45.429435,25.000000,0.166667,20.000000,0.000000,45.000000,1.908763,0.000000
2,-1622.934028,0.000000,-1088.888889,0.000000,1622.934028,1088.888889,162.293403,108.888889,79.860596,46.664660,39.930298,23.332330,0.250000,160.000000,0.000000,35.000000,1.800877,0.000000
2,-3976.653517,0.000000,-1088.888889,0.000000,3976.653517,1088.888889,397.665352,108.888889,82.233284,46.664660,41.116642,23.332330,0.250000,100.000000,0.000000,40.000000,2.506611,0.000000
2,-419.444444,0.000000,-312.500000,0.000000,419.444444,312.500000,41.944444,31.250000,75.588734,40.683425,37.794367,20.341712,0.250000,160.000000,0.000000,35.000000,1.540856,0.000000
2,-3976.653517,0.000000,-1088.888889,0.000000,3976.653517,1088.888889,397.665352,108.888889,82.233284,46.664660,41.116642,23.332330,0.250000,100.000000,0.000000,40.000000,2.506611,0.000000
2,-3976.653517,0.000000,-1088.888889,0.000000,3976.653517,1088.888889,397.665352,108.888889,82.233284,46.664660,41.116642,23.332330,0.250000,100.000000,0.000000,40.000000,2.506611,0.000000
2,-724.843750,0.000000,-540.000000,0.000000,724.843750,540.000000,72.484375,54.000000,90.858871,50.000000,45.429435,25.000000,0.166667,20.000000,0.000000,45.000000,1.908763,0.000000
2,-724.843750,0.000000,-540.000000,0.000000,724.843750,540.000000,72.484375,54.000000,90.858871,50.000000,45.429435,25.000000,0.166667,20.000000,0.000000,45.000000,1.908763,0.000000
2,-724.843750,0.000000,-540.000000,0.000000,724.843750,540.000000,72.484375,54.000000,90.858871,50.000000,45.429435,25.000000,0.166667,20.000000,0.000000,45.000000,1.908763,0.000000
2,-724.843750,0.000000,-540.000000,0.000000,724.843750,540.000000,72.484375,54.000000,90.858871,50.000000,45.429435,25.000000,0.166667,20.000000,0.000000,45.000000,1.908763,0.000000
2,-3976.653517,0.000000,-1088.888889,0.000000,3976.653517,1088.888889,397.665352,108.888889,82.233284,46.664660,41.116642,23.332330,0.250000,100.000000,0.000000,40.000000,2.506611,0.000000
2,-3976.653517,0.000000,-1088.888889,0.000000,3976.653517,1088.888889,397.665352,108.888889,82.233284,46.664660,41.116642,23.332330,0.250000,100.000000,0.000000,40.000000,2.506611,0.000000
2,-724.843750,0.000000,-540.000000,0.000000,724.843750,540.000000,72.484375,54.000000,90.858871,50.000000,45.429435,25.000000,0.166667,20.000000,0.000000,45.000000,1.908763,0.000000
2,-3976.653517,0.000000,-1088.888889,0.000000,3976.653517,1088.888889,397.665352,108.888889,82.233284,46.664660,41.116642,23.332330,0.250000,100.000000,0.000000,40.000000,2.506611,0.000000
2,-419.444444,0.000000,-312.500000,0.000000,419.444444,312.500000,41.944444,31.250000,75.588734,40.683425,37.794367,20.341712,0.250000,160.000000,0.000000,35.000000,1.540856,0.000000
2,-3976.653517,0.000000,-1088.888889,0.000000,3976.653517,1088.888889,397.665352,108.888889,82.233284,46.664660,41.116642,23.332330,0.250000,100.000000,0.000000,40.000000,2.506611,0.000000
2,-724.843750,0.000000,-540.000000,0.000000,724.843750,540.000000,72.484375,54.000000,90.858871,50.000000,45.429435,25.000000,0.166667,20.000000,0.000000,45.000000,1.908763,0.000000
2,-724.843750,0.000000,-540.000000,0.000000,724.843750,540.000000,72.484375,54.000000,90.858871,50.000000,45.429435,25.000000,0.166667,20.000000,0.000000,45.000000,1.908763,0.000000
2,-422.577778,0.000000,-204.800000,0.000000,422.577778,204.800000,42.257778,20.480000,72.836539,31.039457,36.418270,15.519729,0.250000,97.000000,0.000000,35.000000,1.790293,0.000000
2,-422.577778,0.000000,-204.800000,0.000000,422.577778,204.800000,42.257778,20.480000,72.836539,31.039457,36.418270,15.519729,0.250000,97.000000,0.000000,35.000000,1.790293,0.000000
2,-3976.653517,0.000000,-1088.888889,0.000000,3976.653517,1088.888889,397.665352,108.888889,82.233284,46.664660,41.116642,23.332330,0.250000,100.000000,0.000000,40.000000,2.506611,0.000000
2,-3976.653517,0.000000,-1088.888889,0.000000,3976.653517,1088.888889,397.665352,108.888889,82.233284,46.664660,41.116642,23.332330,0.250000,100.000000,0.000000,40.000000,2.506611,0.000000
2,-46277.777778,0.000000,0.000000,0.000000,46277.777778,0.000000,4627.777778,0.000000,37.577998,0.000000,18.788999,0.000000,1.000000,272.000000,0.000000,15.000000,6.047892,0.000000
2,-1622.934028,0.000000,-1088.888889,0.000000,1622.934028,1088.888889,162.293403,108.888889,79.860596,46.664660,39.930298,23.332330,0.250000,160.000000,0.000000,35.000000,1.800877,0.000000
2,-3237.097506,0.000000,-561.020408,0.000000,3237.097506,561.020408,323.709751,56.102041,86.067839,89.643753,43.033919,44.821877,0.166667,227.000000,0.000000,40.000000,2.085053,1.861019
2,-3237.097506,0.000000,-561.020408,0.000000,3237.097506,561.020408,323.709751,56.102041,86.067839,89.643753,43.033919,44.821877,0.166667,227.000000,0.000000,40.000000,2.085053,1.861019
2,-3237.097506,0.000000,-561.020408,0.000000,3237.097506,561.020408,323.709751,56.102041,86.067839,89.643753,43.033919,44.821877,0.166667,227.000000,0.000000,40.000000,2.085053,1.861019
2,-3237.097506,0.000000,-561.020408,0.000000,3237.097506,561.020408,323.709751,56.102041,86.067839,89.643753,43.033919,44.821877,0.166667,227.000000,0.000000,40.000000,2.085053,1.861019
2,-4835.973245,0.000000,-2284.958678,0.000000,4835.973245,2284.958678,483.597325,228.495868,77.135423,50.000000,38.567712,25.000000,0.153846,283.000000,0.000000,35.000000,2.481602,0.000000
2,-1592.500000,0.000000,-312.500000,0.000000,1592.500000,312.500000,159.250000,31.250000,64.278906,36.371248,32.139453,18.185624,0.200000,343.000000,0.000000,30.000000,1.324449,0.000000
2,-2685.156250,0.000000,-2284.958678,0.000000,2685.156250,2284.958678,268.515625,228.495868,76.684694,50.000000,38.342347,25.000000,0.153846,343.000000,0.000000,35.000000,1.708277,0.000000
2,-4835.973245,0.000000,-2284.958678,0.000000,4835.973245,2284.958678,483.597325,228.495868,77.135423,50.000000,38.567712,25.000000,0.153846,283.000000,0.000000,35.000000,2.481602,0.000000
2,-3236.705729,0.000000,-4015.784024,0.000000,3236.705729,4015.784024,323.670573,401.578402,80.063214,75.741885,40.031607,37.870943,0.111111,49.000000,0.000000,40.000000,1.948331,2.017262
2,-1482.500000,0.000000,-257.751479,0.000000,1482.500000,257.751479,148.250000,25.775148,74.662387,38.076883,37.331194,19.038441,0.111111,343.000000,0.000000,35.000000,1.518459,0.000000
2,-2720.000000,0.000000,-217.777778,0.000000,2720.000000,217.777778,272.000000,21.777778,66.537000,41.768811,33.268500,20.884406,0.250000,343.000000,0.000000,30.000000,1.510444,0.000000
2,-3236.705729,0.000000,-4015.784024,0.000000,3236.705729,4015.784024,323.670573,401.578402,80.063214,75.741885,40.031607,37.870943,0.111111,49.000000,0.000000,40.000000,1.948331,2.017262
2,-4835.973245,0.000000,-2284.958678,0.000000,4835.973245,2284.958678,483.597325,228.495868,77.135423,50.000000,38.567712,25.000000,0.153846,283.000000,0.000000,35.000000,2.481602,0.000000
2,-4835.973245,0.000000,-2284.958678,0.000000,4835.973245,2284.958678,483.597325,228.495868,77.135423,50.000000,38.567712,25.000000,0.153846,283.000000,0.000000,35.000000,2.481602,0.000000
2,-4835.973245,0.000000,-2284.958678,0.000000,4835.973245,2284.958678,483.597325,228.495868,77.135423,50.000000,38.567712,25.000000,0.153846,283.000000,0.000000,35.000000,2.481602,0.000000
2,-1987.755102,0.000000,-3758.032544,0.000000,1987.755102,3758.032544,198.775510,375.803254,71.661976,37.665002,35.830988,18.832501,0.166667,343.000000,0.000000,35.000000,1.520802,0.000000
2,-1987.755102,0.000000,-3758.032544,0.000000,1987.755102,3758.032544,198.775510,375.803254,71.661976,37.665002,35.830988,18.832501,0.166667,343.000000,0.000000,35.000000,1.520802,0.000000
2,-4835.973245,0.000000,-2284.958678,0.000000,4835.973245,2284.958678,483.597325,228.495868,77.135423,50.000000,38.567712,25.000000,0.153846,283.000000,0.000000,35.000000,2.481602,0.000000
2,-3961.375740,0.000000,-1270.229290,0.000000,3961.375740,1270.229290,396.137574,127.022929,81.248297,48.333333,40.624149,24.166667,0.333333,418.000000,0.000000,40.000000,2.485140,0.000000
2,-3961.375740,0.000000,-1270.229290,0.000000,3961.375740,1270.229290,396.137574,127.022929,81.248297,48.333333,40.624149,24.166667,0.333333,418.000000,0.000000,40.000000,2.485140,0.000000
2,-3961.375740,0.000000,-1270.229290,0.000000,3961.375740,1270.229290,396.137574,127.022929,81.248297,48.333333,40.624149,24.166667,0.333333,418.000000,0.000000,40.000000,2.485140,0.000000
2,-490.000000,0.000000,-462.857143,0.000000,490.000000,462.857143,49.000000,46.285714,64.647719,38.388259,32.323860,19.194130,0.285714,550.000000,0.000000,30.000000,1.318058,0.000000
2,-3961.375740,0.000000,-1270.229290,0.000000,3961.375740,1270.229290,396.137574,127.022929,81.248297,48.333333,40.624149,24.166667,0.333333,418.000000,0.000000,40.000000,2.485140,0.000000
2,-2035.399408,0.000000,-1270.229290,0.000000,2035.399408,1270.229290,203.539941,127.022929,81.073811,48.333333,40.536906,24.166667,0.333333,496.000000,0.000000,40.000000,1.646588,0.000000
2,-3961.375740,0.000000,-1270.229290,0.000000,3961.375740,1270.229290,396.137574,127.022929,81.248297,48.333333,40.624149,24.166667,0.333333,418.000000,0.000000,40.000000,2.485140,0.000000
2,-3961.375740,0.000000,-1270.229290,0.000000,3961.375740,1270.229290,396.137574,127.022929,81.248297,48.333333,40.624149,24.166667,0.333333,418.000000,0.000000,40.000000,2.485140,0.000000
2,-1391.632653,0.000000,-401.527778,0.000000,1391.632653,401.527778,139.163265,40.152778,76.171611,90.550773,38.085805,45.275386,0.250000,513.000000,0.000000,35.000000,1.676539,1.861807
2,-4115.418950,0.000000,-538.125000,0.000000,4115.418950,538.125000,411.541895,53.812500,72.070558,87.437146,36.035279,43.718573,0.222222,515.000000,0.000000,35.000000,2.319248,1.815966
2,-1391.632653,0.000000,-401.527778,0.000000,1391.632653,401.527778,139.163265,40.152778,76.171611,90.550773,38.085805,45.275386,0.250000,513.000000,0.000000,35.000000,1.676539,1.861807
2,-5670.969476,0.000000,-2660.912691,0.000000,5670.969476,2660.912691,567.096948,266.091269,83.517436,90.511885,41.758718,45.255942,0.103448,281.000000,0.000000,40.000000,2.315916,2.134306
2,-1282.743764,0.000000,-376.651235,0.000000,1282.743764,376.651235,128.274376,37.665123,80.485858,83.504926,40.242929,41.752463,0.285714,513.000000,0.000000,40.000000,1.702283,1.717117
2,-5670.969476,0.000000,-2660.912691,0.000000,5670.969476,2660.912691,567.096948,266.091269,83.517436,90.511885,41.758718,45.255942,0.103448,281.000000,0.000000,40.000000,2.315916,2.134306
2,-5670.969476,0.000000,-2660.912691,0.000000,5670.969476,2660.912691,567.096948,266.091269,83.517436,90.511885,41.758718,45.255942,0.103448,281.000000,0.000000,40.000000,2.315916,2.134306
2,-1282.743764,0.000000,-376.651235,0.000000,1282.743764,376.651235,128.274376,37.665123,80.485858,83.504926,40.242929,41.752463,0.285714,513.000000,0.000000,40.000000,1.702283,1.717117
2,-5670.969476,0.000000,-2660.912691,0.000000,5670.969476,2660.912691,567.096948,266.091269,83.517436,90.511885,41.758718,45.255942,0.103448,281.000000,0.000000,40.000000,2.315916,2.134306
2,-5670.969476,0.000000,-2660.912691,0.000000,5670.969476,2660.912691,567.096948,266.091269,83.517436,90.511885,41.758718,45.255942,0.103448,281.000000,0.000000,40.000000,2.315916,2.134306
2,-1391.632653,0.000000,-401.527778,0.000000,1391.632653,401.527778,139.163265,40.152778,76.171611,90.550773,38.085805,45.275386,0.250000,513.000000,0.000000,35.000000,1.676539,1.861807
2,-4115.418950,0.000000,-538.125000,0.000000,4115.418950,538.125000,411.541895,53.812500,72.070558,87.437146,36.035279,43.718573,0.222222,515.000000,0.000000,35.000000,2.319248,1.815966
2,-5670.969476,0.000000,-2660.912691,0.000000,5670.969476,2660.912691,567.096948,266.091269,83.517436,90.511885,41.758718,45.255942,0.103448,281.000000,0.000000,40.000000,2.315916,2.134306
2,-5670.969476,0.000000,-2660.912691,0.000000,5670.969476,2660.912691,567.096948,266.091269,83.517436,90.511885,41.758718,45.255942,0.103448,281.000000,0.000000,40.000000,2.315916,2.134306
2,-1391.632653,0.000000,-401.527778,0.000000,1391.632653,401.527778,139.163265,40.152778,76.171611,90.550773,38.085805,45.275386,0.250000,513.000000,0.000000,35.000000,1.676539,1.861807
2,-1282.743764,0.000000,-376.651235,0.000000,1282.743764,376.651235,128.274376,37.665123,80.485858,83.504926,40.242929,41.752463,0.285714,513.000000,0.000000,40.000000,1.702283,1.717117
2,-5670.969476,0.000000,-2660.912691,0.000000,5670.969476,2660.912691,567.096948,266.091269,83.517436,90.511885,41.758718,45.255942,0.103448,281.000000,0.000000,40.000000,2.315916,2.134306
2,-1391.632653,0.000000,-401.527778,0.000000,1391.632653,401.527778,139.163265,40.152778,76.171611,90.550773,38.085805,45.275386,0.250000,513.000000,0.000000,35.000000,1.676539,1.861807
2,-5670.969476,0.000000,-2660.912691,0.000000,5670.969476,2660.912691,567.096948,266.091269,83.517436,90.511885,41.758718,45.255942,0.103448,281.000000,0.000000,40.000000,2.315916,2.134306
2,-4115.418950,0.000000,-538.125000,0.000000,4115.418950,538.125000,411.541895,53.812500,72.070558,87.437146,36.035279,43.718573,0.222222,515.000000,0.000000,35.000000,2.319248,1.815966
2,-1282.743764,0.000000,-376.651235,0.000000,1282.743764,376.651235,128.274376,37.665123,80.485858,83.504926,40.242929,41.752463,0.285714,513.000000,0.000000,40.000000,1.702283,1.717117
2,-1282.743764,0.000000,-376.651235,0.000000,1282.743764,376.651235,128.274376,37.665123,80.485858,83.504926,40.242929,41.752463,0.285714,513.000000,0.000000,40.000000,1.702283,1.717117
2,-5670.969476,0.000000,-2660.912691,0.000000,5670.969476,2660.912691,567.096948,266.091269,83.517436,90.511885,41.758718,45.255942,0.103448,281.000000,0.000000,40.000000,2.315916,2.134306
2,-4115.418950,0.000000,-538.125000,0.000000,4115.418950,538.125000,411.541895,53.812500,72.070558,87.437146,36.035279,43.718573,0.222222,515.000000,0.000000,35.000000,2.319248,1.815966
2,-1391.632653,0.000000,-401.527778,0.000000,1391.632653,401.527778,139.163265,40.152778,76.171611,90.550773,38.085805,45.275386,0.250000,513.000000,0.000000,35.000000,1.676539,1.861807
2,-5670.969476,0.000000,-2660.912691,0.000000,5670.969476,2660.912691,567.096948,266.091269,83.517436,90.511885,41.758718,45.255942,0.103448,281.000000,0.000000,40.000000,2.315916,2.134306
2,-4115.418950,0.000000,-538.125000,0.000000,4115.418950,538.125000,411.541895,53.812500,72.070558,87.437146,36.035279,43.718573,0.222222,515.000000,0.000000,35.000000,2.319248,1.815966
2,-1282.743764,0.000000,-376.651235,0.000000,1282.743764,376.651235,128.274376,37.665123,80.485858,83.504926,40.242929,41.752463,0.285714,513.000000,0.000000,40.000000,1.702283,1.717117
2,-2189.442618,0.000000,-538.125000,0.000000,2189.442618,538.125000,218.944262,53.812500,71.281436,87.437146,35.640718,43.718573,0.222222,593.000000,0.000000,35.000000,1.469721,1.815966
2,-5670.969476,0.000000,-2660.912691,0.000000,5670.969476,2660.912691,567.096948,266.091269,83.517436,90.511885,41.758718,45.255942,0.103448,281.000000,0.000000,40.000000,2.315916,2.134306
2,-1391.632653,0.000000,-401.527778,0.000000,1391.632653,401.527778,139.163265,40.152778,76.171611,90.550773,38.085805,45.275386,0.250000,513.000000,0.000000,35.000000,1.676539,1.861807
2,-4115.418950,0.000000,-538.125000,0.000000,4115.418950,538.125000,411.541895,53.812500,72.070558,87.437146,36.035279,43.718573,0.222222,515.000000,0.000000,35.000000,2.319248,1.815966
2,-5670.969476,0.000000,-2660.912691,0.000000,5670.969476,2660.912691,567.096948,266.091269,83.517436,90.511885,41.758718,45.255942,0.103448,281.000000,0.000000,40.000000,2.315916,2.134306
2,-5670.969476,0.000000,-2660.912691,0.000000,5670.969476,2660.912691,567.096948,266.091269,83.517436,90.511885,41.758718,45.255942,0.103448,281.000000,0.000000,40.000000,2.315916,2.134306
2,-1282.743764,0.000000,-376.651235,0.000000,1282.743764,376.651235,128.274376,37.665123,80.485858,83.504926,40.242929,41.752463,0.285714,513.000000,0.000000,40.000000,1.702283,1.717117
2,-979.234694,0.000000,-3865.226337,0.000000,979.234694,3865.226337,97.923469,386.522634,63.079943,41.307772,31.539972,20.653886,0.200000,717.000000,0.000000,30.000000,1.299960,0.000000
2,-12458.055556,0.000000,-3865.226337,0.000000,12458.055556,3865.226337,1245.805556,386.522634,54.036585,41.307772,27.018293,20.653886,0.200000,783.000000,0.000000,25.000000,1.149460,0.000000
0,329.165635,0.000000,224.207171,0.000000,352.720028,401.224192,8162.000000,8256.500000,15.530780,17.392436,7.765390,8.696218,0.125000,10.000000,0.000000,5.000000,9.837747,10.583477
0,333.703291,0.000000,238.762324,0.000000,348.182371,386.669040,8162.000000,8256.500000,15.530780,17.392436,7.765390,8.696218,0.125000,10.000000,0.000000,5.000000,9.837747,10.583477
0,125.679305,0.000000,145.105835,0.000000,125.679305,145.105835,2108.000000,209.960000,20.028493,21.774530,10.014247,10.887265,0.200000,1.000000,0.000000,10.000000,3.011860,0.774759
0,-95.710804,0.000000,-4384.399093,0.000000,95.710804,4384.399093,136.222222,438.439909,24.681916,31.912904,12.340958,15.956452,0.125000,13.000000,0.000000,10.000000,1.012462,1.059412
0,-8.426374,0.000000,-8208.888889,0.000000,8.426374,8208.888889,580.666667,820.888889,18.749468,27.914130,9.374734,13.957065,0.200000,15.000000,0.000000,5.000000,0.379871,1.380418
0,-87.549425,0.000000,-4384.399093,0.000000,87.549425,4384.399093,136.222222,438.439909,24.681916,31.912904,12.340958,15.956452,0.125000,13.000000,0.000000,10.000000,1.012462,1.059412
0,-4.061216,0.000000,-8208.888889,0.000000,4.856234,8208.888889,580.666667,820.888889,18.749468,27.914130,9.374734,13.957065,0.200000,15.000000,0.000000,5.000000,0.379871,1.380418
0,-96.081521,0.000000,-3564.444444,0.000000,96.081521,3564.444444,116.555556,356.444444,22.305910,29.013599,11.152955,14.506799,0.200000,7.000000,0.000000,10.000000,0.667927,0.856349
0,-86.066032,0.000000,-4384.399093,0.000000,87.624445,4384.399093,136.222222,438.439909,24.681916,31.912904,12.340958,15.956452,0.125000,13.000000,0.000000,10.000000,1.012462,1.059412
0,-145.540237,0.000000,-3564.444444,0.000000,145.540237,3564.444444,116.555556,356.444444,22.305910,29.013599,11.152955,14.506799,0.200000,7.000000,0.000000,10.000000,0.667927,0.856349
0,-94.227411,0.000000,-4384.399093,0.000000,95.785825,4384.399093,136.222222,438.439909,24.681916,31.912904,12.340958,15.956452,0.125000,13.000000,0.000000,10.000000,1.012462,1.059412
0,-70.510889,0.000000,-1873.106576,0.000000,70.510889,1873.106576,112.480000,187.310658,22.478665,33.314781,11.239332,16.657391,0.200000,26.000000,0.000000,10.000000,0.582280,0.960840
0,-75.221312,0.000000,-1873.106576,0.000000,75.221312,1873.106576,112.480000,187.310658,22.478665,33.314781,11.239332,16.657391,0.200000,26.000000,0.000000,10.000000,0.582280,0.960840
0,-27.281833,0.000000,-478.055556,0.000000,27.281833,478.055556,41.777778,47.805556,22.941018,36.943479,11.470509,18.471740,0.250000,26.000000,0.000000,10.000000,0.780016,0.863054
0,-3722.500000,0.000000,-1562.500000,0.000000,3722.500000,1562.500000,372.250000,156.250000,35.183629,41.265080,17.591814,20.632540,0.250000,18.000000,0.000000,15.000000,1.373884,0.972936
0,-47.807576,0.000000,-1562.500000,0.000000,47.807576,1562.500000,102.444444,156.250000,20.441070,41.265080,10.220535,20.632540,0.250000,40.000000,0.000000,10.000000,0.700639,0.972936
0,-425.982143,0.000000,-415.125000,0.000000,425.982143,415.125000,42.598214,41.512500,28.468940,36.957416,14.234470,18.478708,0.200000,23.000000,0.000000,10.000000,0.621997,0.785467
0,44.793606,0.000000,-474.500000,0.000000,44.793606,474.500000,111.250000,47.450000,21.961573,39.230343,10.980787,19.615172,0.200000,50.000000,0.000000,10.000000,0.527810,0.838888
0,-15245.102041,0.000000,-6573.750000,0.000000,15245.102041,6573.750000,1524.510204,657.375000,43.103137,51.176141,21.551569,25.588071,0.076923,9.000000,0.000000,20.000000,2.390612,1.792437
0,-15245.102041,0.000000,-6573.750000,0.000000,15245.102041,6573.750000,1524.510204,657.375000,43.103137,51.176141,21.551569,25.588071,0.076923,9.000000,0.000000,20.000000,2.390612,1.792437
0,-10652.500000,0.000000,-6573.750000,0.000000,10652.500000,6573.750000,1065.250000,657.375000,40.317873,51.176141,20.158937,25.588071,0.250000,23.000000,0.000000,20.000000,4.919637,1.792437
0,-15245.102041,0.000000,-6573.750000,0.000000,15245.102041,6573.750000,1524.510204,657.375000,43.103137,51.176141,21.551569,25.588071,0.076923,9.000000,0.000000,20.000000,2.390612,1.792437
0,-932.500000,0.000000,-6573.750000,0.000000,932.500000,6573.750000,93.250000,657.375000,38.520173,51.176141,19.260087,25.588071,0.250000,27.000000,0.000000,15.000000,0.785713,1.792437
0,-10652.500000,0.000000,-6573.750000,0.000000,10652.500000,6573.750000,1065.250000,657.375000,40.317873,51.176141,20.158937,25.588071,0.250000,23.000000,0.000000,20.000000,4.919637,1.792437
0,-15245.102041,0.000000,-6573.750000,0.000000,15245.102041,6573.750000,1524.510204,657.375000,43.103137,51.176141,21.551569,25.588071,0.076923,9.000000,0.000000,20.000000,2.390612,1.792437
0,-15245.102041,0.000000,-6573.750000,0.000000,15245.102041,6573.750000,1524.510204,657.375000,43.103137,51.176141,21.551569,25.588071,0.076923,9.000000,0.000000,20.000000,2.390612,1.792437
0,-15245.102041,0.000000,-6573.750000,0.000000,15245.102041,6573.750000,1524.510204,657.375000,43.103137,51.176141,21.551569,25.588071,0.076923,9.000000,0.000000,20.000000,2.390612,1.792437
0,-6521.111111,0.000000,-3468.049887,0.000000,6521.111111,3468.049887,652.111111,346.804989,51.161613,54.083589,25.580807,27.041795,0.111111,8.000000,0.000000,25.000000,1.755015,1.601773
0,-6521.111111,0.000000,-3468.049887,0.000000,6521.111111,3468.049887,652.111111,346.804989,51.161613,54.083589,25.580807,27.041795,0.111111,8.000000,0.000000,25.000000,1.755015,1.601773
0,-4968.227041,0.000000,-3320.063776,0.000000,4968.227041,3320.063776,496.822704,332.006378,40.809829,50.522860,20.404915,25.261430,0.200000,17.000000,0.000000,20.000000,1.146060,1.512165
0,-6521.111111,0.000000,-3468.049887,0.000000,6521.111111,3468.049887,652.111111,346.804989,51.161613,54.083589,25.580807,27.041795,0.111111,8.000000,0.000000,25.000000,1.755015,1.601773
0,-4968.227041,0.000000,-3320.063776,0.000000,4968.227041,3320.063776,496.822704,332.006378,40.809829,50.522860,20.404915,25.261430,0.200000,17.000000,0.000000,20.000000,1.146060,1.512165
0,-4968.227041,0.000000,-3320.063776,0.000000,4968.227041,3320.063776,496.822704,332.006378,40.809829,50.522860,20.404915,25.261430,0.200000,17.000000,0.000000,20.000000,3.877834,1.512165
0,-3583.888889,0.000000,-2182.091837,0.000000,3583.888889,2182.091837,358.388889,218.209184,24.511004,46.843353,12.255502,23.421677,0.200000,72.000000,0.000000,10.000000,0.797198,1.220320
0,-3583.888889,0.000000,-2182.091837,0.000000,3583.888889,2182.091837,358.388889,218.209184,24.511004,46.843353,12.255502,23.421677,0.200000,72.000000,0.000000,10.000000,0.797198,1.220320
0,-1258.055556,0.000000,-1225.000000,0.000000,1258.055556,1225.000000,125.805556,122.500000,26.789454,21.763556,13.394727,10.881778,0.200000,77.000000,0.000000,10.000000,0.754953,0.000000
0,-2744.900000,0.000000,-1528.512397,0.000000,2744.900000,1528.512397,274.490000,152.851240,59.246344,67.319203,29.623172,33.659601,0.111111,1.000000,0.000000,25.000000,1.230074,1.655170
0,-2744.900000,0.000000,-1528.512397,0.000000,2744.900000,1528.512397,274.490000,152.851240,59.246344,67.319203,29.623172,33.659601,0.111111,1.000000,0.000000,25.000000,1.230074,1.655170
0,-2744.900000,0.000000,-1528.512397,0.000000,2744.900000,1528.512397,274.490000,152.851240,59.246344,67.319203,29.623172,33.659601,0.111111,1.000000,0.000000,25.000000,1.230074,1.655170
0,-680.455556,0.000000,-1528.512397,0.000000,680.455556,1528.512397,68.045556,152.851240,41.773998,67.319203,20.886999,33.659601,0.200000,16.000000,0.000000,20.000000,1.258817,1.655170
0,-4470.000000,0.000000,-18864.375000,0.000000,4470.000000,18864.375000,447.000000,1886.437500,56.721706,64.768949,28.360853,32.384475,0.090909,61.000000,0.000000,25.000000,1.805580,3.653264
0,-6403.061224,0.000000,-22280.000000,0.000000,6403.061224,22280.000000,640.306122,2228.000000,47.078484,51.292727,23.539242,25.646364,0.200000,61.000000,0.000000,20.000000,1.755066,3.807663
0,-4470.000000,0.000000,-18864.375000,0.000000,4470.000000,18864.375000,447.000000,1886.437500,56.721706,64.768949,28.360853,32.384475,0.090909,61.000000,0.000000,25.000000,1.805580,3.653264
0,-4470.000000,0.000000,-18864.375000,0.000000,4470.000000,18864.375000,447.000000,1886.437500,56.721706,64.768949,28.360853,32.384475,0.090909,61.000000,0.000000,25.000000,1.805580,3.653264
0,-3432.555556,0.000000,-290.400000,0.000000,3432.555556,290.400000,343.255556,29.040000,40.028138,41.515207,20.014069,20.757603,0.250000,73.000000,0.000000,20.000000,1.217686,0.000000
0,-6765.714286,0.000000,-18864.375000,0.000000,6765.714286,18864.375000,676.571429,1886.437500,57.998346,64.768949,28.999173,32.384475,0.071429,33.000000,0.000000,25.000000,4.128059,3.653264
0,-3432.555556,0.000000,-290.400000,0.000000,3432.555556,290.400000,343.255556,29.040000,40.028138,41.515207,20.014069,20.757603,0.250000,73.000000,0.000000,20.000000,1.217686,0.000000
0,-3432.555556,0.000000,-290.400000,0.000000,3432.555556,290.400000,343.255556,29.040000,40.028138,41.515207,20.014069,20.757603,0.250000,73.000000,0.000000,20.000000,1.217686,0.000000
0,-3963.061224,0.000000,-18720.000000,0.000000,3963.061224,18720.000000,396.306122,1872.000000,52.886810,59.195064,26.443405,29.597532,0.111111,61.000000,0.000000,25.000000,1.575882,3.522310
0,-4470.000000,0.000000,-18864.375000,0.000000,4470.000000,18864.375000,447.000000,1886.437500,56.721706,64.768949,28.360853,32.384475,0.090909,61.000000,0.000000,25.000000,1.805580,3.653264
0,-6765.714286,0.000000,-18864.375000,0.000000,6765.714286,18864.375000,676.571429,1886.437500,57.998346,64.768949,28.999173,32.384475,0.071429,33.000000,0.000000,25.000000,4.128059,3.653264
0,-3963.061224,0.000000,-18720.000000,0.000000,3963.061224,18720.000000,396.306122,1872.000000,52.886810,59.195064,26.443405,29.597532,0.111111,61.000000,0.000000,25.000000,1.575882,3.522310
0,-6403.061224,0.000000,-22280.000000,0.000000,6403.061224,22280.000000,640.306122,2228.000000,47.078484,51.292727,23.539242,25.646364,0.200000,61.000000,0.000000,20.000000,1.755066,3.807663
0,-3963.061224,0.000000,-18720.000000,0.000000,3963.061224,18720.000000,396.306122,1872.000000,52.886810,59.195064,26.443405,29.597532,0.111111,61.000000,0.000000,25.000000,1.575882,3.522310
0,-3963.061224,0.000000,-18720.000000,0.000000,3963.061224,18720.000000,396.306122,1872.000000,52.886810,59.195064,26.443405,29.597532,0.111111,61.000000,0.000000,25.000000,1.575882,3.522310
0,-4470.000000,0.000000,-18864.375000,0.000000,4470.000000,18864.375000,447.000000,1886.437500,56.721706,64.768949,28.360853,32.384475,0.090909,61.000000,0.000000,25.000000,1.805580,3.653264
0,-4470.000000,0.000000,-18864.375000,0.000000,4470.000000,18864.375000,447.000000,1886.437500,56.721706,64.768949,28.360853,32.384475,0.090909,61.000000,0.000000,25.000000,1.805580,3.653264
0,-4980.000000,0.000000,-1984.444444,0.000000,4980.000000,1984.444444,498.000000,198.444444,61.912006,80.638986,30.956003,40.319493,0.111111,63.000000,0.000000,30.000000,4.057578,1.858098
0,-4077.551020,0.000000,-1984.444444,0.000000,4077.551020,1984.444444,407.755102,198.444444,40.894856,80.638986,20.447428,40.319493,0.111111,122.000000,0.000000,20.000000,1.247395,1.858098
0,-326.332177,0.000000,-1984.444444,0.000000,326.332177,1984.444444,82.739229,198.444444,27.458903,80.638986,13.729452,40.319493,0.200000,158.000000,0.000000,10.000000,0.698859,1.858098
0,-1713.750000,0.000000,-746.111111,0.000000,1713.750000,746.111111,171.375000,74.611111,55.962078,68.473565,27.981039,34.236782,0.333333,62.000000,0.000000,25.000000,1.397503,1.460303
0,-7275.102041,0.000000,-1984.444444,0.000000,7275.102041,1984.444444,727.510204,198.444444,44.663790,80.638986,22.331895,40.319493,0.111111,108.000000,0.000000,20.000000,4.237999,1.858098
0,-1713.750000,0.000000,-746.111111,0.000000,1713.750000,746.111111,171.375000,74.611111,55.962078,68.473565,27.981039,34.236782,0.333333,62.000000,0.000000,25.000000,1.397503,1.460303
0,-267.796837,0.000000,-1984.444444,0.000000,267.796837,1984.444444,82.739229,198.444444,27.458903,80.638986,13.729452,40.319493,0.200000,158.000000,0.000000,10.000000,0.698859,1.858098
0,-4077.551020,0.000000,-1984.444444,0.000000,4077.551020,1984.444444,407.755102,198.444444,40.894856,80.638986,20.447428,40.319493,0.111111,122.000000,0.000000,20.000000,1.247395,1.858098
0,-4980.000000,0.000000,-1984.444444,0.000000,4980.000000,1984.444444,498.000000,198.444444,61.912006,80.638986,30.956003,40.319493,0.111111,63.000000,0.000000,30.000000,4.057578,1.858098
0,-7275.102041,0.000000,-1984.444444,0.000000,7275.102041,1984.444444,727.510204,198.444444,44.663790,80.638986,22.331895,40.319493,0.111111,108.000000,0.000000,20.000000,4.237999,1.858098
0,-1713.750000,0.000000,-746.111111,0.000000,1713.750000,746.111111,171.375000,74.611111,55.962078,68.473565,27.981039,34.236782,0.333333,62.000000,0.000000,25.000000,1.397503,1.460303
0,-1713.750000,0.000000,-746.111111,0.000000,1713.750000,746.111111,171.375000,74.611111,55.962078,68.473565,27.981039,34.236782,0.333333,62.000000,0.000000,25.000000,1.397503,1.460303
0,-854.861111,0.000000,-1290.514286,0.000000,854.861111,1290.514286,85.486111,129.051429,47.408948,69.030270,23.704474,34.515135,0.166667,116.000000,0.000000,20.000000,0.985310,1.563029
0,-854.861111,0.000000,-1290.514286,0.000000,854.861111,1290.514286,85.486111,129.051429,47.408948,69.030270,23.704474,34.515135,0.166667,116.000000,0.000000,20.000000,0.985310,1.563029
0,-5773.593750,0.000000,-30785.300000,0.000000,5773.593750,30785.300000,577.359375,3078.530000,68.272604,65.468870,34.136302,32.734435,0.111111,17.000000,0.000000,30.000000,2.110489,5.581999
0,-5773.593750,0.000000,-30785.300000,0.000000,5773.593750,30785.300000,577.359375,3078.530000,68.272604,65.468870,34.136302,32.734435,0.111111,17.000000,0.000000,30.000000,2.110489,5.581999
0,-854.861111,0.000000,-1290.514286,0.000000,854.861111,1290.514286,85.486111,129.051429,47.408948,69.030270,23.704474,34.515135,0.166667,116.000000,0.000000,20.000000,0.985310,1.563029
0,-5773.593750,0.000000,-30785.300000,0.000000,5773.593750,30785.300000,577.359375,3078.530000,68.272604,65.468870,34.136302,32.734435,0.111111,17.000000,0.000000,30.000000,2.110489,5.581999
0,-5773.593750,0.000000,-30785.300000,0.000000,5773.593750,30785.300000,577.359375,3078.530000,68.272604,65.468870,34.136302,32.734435,0.111111,17.000000,0.000000,30.000000,2.110489,5.581999
0,-4070.997162,0.000000,-5618.934911,0.000000,4070.997162,5618.934911,407.099716,561.893491,78.438382,79.993107,39.219191,39.996554,0.100000,9.000000,0.000000,35.000000,2.212707,2.334308
0,-4070.997162,0.000000,-5618.934911,0.000000,4070.997162,5618.934911,407.099716,561.893491,78.438382,79.993107,39.219191,39.996554,0.100000,9.000000,0.000000,35.000000,2.212707,2.334308
0,-4070.997162,0.000000,-5618.934911,0.000000,4070.997162,5618.934911,407.099716,561.893491,78.438382,79.993107,39.219191,39.996554,0.100000,9.000000,0.000000,35.000000,2.212707,2.334308
0,-4070.997162,0.000000,-5618.934911,0.000000,4070.997162,5618.934911,407.099716,561.893491,78.438382,79.993107,39.219191,39.996554,0.100000,9.000000,0.000000,35.000000,2.212707,2.334308
0,-4070.997162,0.000000,-5618.934911,0.000000,4070.997162,5618.934911,407.099716,561.893491,78.438382,79.993107,39.219191,39.996554,0.100000,9.000000,0.000000,35.000000,2.212707,2.334308
0,-4070.997162,0.000000,-5618.934911,0.000000,4070.997162,5618.934911,407.099716,561.893491,78.438382,79.993107,39.219191,39.996554,0.100000,9.000000,0.000000,35.000000,2.212707,2.334308
0,-4070.997162,0.000000,-5618.934911,0.000000,4070.997162,5618.934911,407.099716,561.893491,78.438382,79.993107,39.219191,39.996554,0.100000,9.000000,0.000000,35.000000,2.212707,2.334308
0,-4070.997162,0.000000,-5618.934911,0.000000,4070.997162,5618.934911,407.099716,561.893491,78.438382,79.993107,39.219191,39.996554,0.100000,9.000000,0.000000,35.000000,2.212707,2.334308
0,-4745.912246,0.000000,-8432.475057,0.000000,4745.912246,8432.475057,474.591225,843.247506,80.744821,83.496489,40.372410,41.748244,0.100000,52.000000,0.000000,40.000000,2.213864,2.841228
0,-4745.912246,0.000000,-8432.475057,0.000000,4745.912246,8432.475057,474.591225,843.247506,80.744821,83.496489,40.372410,41.748244,0.100000,52.000000,0.000000,40.000000,2.213864,2.841228
0,-4745.912246,0.000000,-8432.475057,0.000000,4745.912246,8432.475057,474.591225,843.247506,80.744821,83.496489,40.372410,41.748244,0.100000,52.000000,0.000000,40.000000,2.213864,2.841228
0,-4745.912246,0.000000,-8432.475057,0.000000,4745.912246,8432.475057,474.591225,843.247506,80.744821,83.496489,40.372410,41.748244,0.100000,52.000000,0.000000,40.000000,2.213864,2.841228
0,-4745.912246,0.000000,-8432.475057,0.000000,4745.912246,8432.475057,474.591225,843.247506,80.744821,83.496489,40.372410,41.748244,0.100000,52.000000,0.000000,40.000000,2.213864,2.841228
0,-4745.912246,0.000000,-8432.475057,0.000000,4745.912246,8432.475057,474.591225,843.247506,80.744821,83.496489,40.372410,41.748244,0.100000,52.000000,0.000000,40.000000,2.213864,2.841228
0,-4745.912246,0.000000,-8432.475057,0.000000,4745.912246,8432.475057,474.591225,843.247506,80.744821,83.496489,40.372410,41.748244,0.100000,52.000000,0.000000,40.000000,2.213864,2.841228
0,-4745.912246,0.000000,-8432.475057,0.000000,4745.912246,8432.475057,474.591225,843.247506,80.744821,83.496489,40.372410,41.748244,0.100000,52.000000,0.000000,40.000000,2.213864,2.841228
0,-3808.758503,0.000000,-8292.088889,0.000000,3808.758503,8292.088889,380.875850,829.208889,68.232552,70.581862,34.116276,35.290931,0.166667,85.000000,0.000000,30.000000,1.795167,2.412449
0,-3808.758503,0.000000,-8292.088889,0.000000,3808.758503,8292.088889,380.875850,829.208889,68.232552,70.581862,34.116276,35.290931,0.166667,85.000000,0.000000,30.000000,1.795167,2.412449
0,-608.188776,0.000000,-1571.250000,0.000000,608.188776,1571.250000,60.818878,157.125000,77.663774,77.395649,38.831887,38.697824,0.125000,38.000000,0.000000,35.000000,1.628478,1.754876
0,-608.188776,0.000000,-1571.250000,0.000000,608.188776,1571.250000,60.818878,157.125000,77.663774,77.395649,38.831887,38.697824,0.125000,38.000000,0.000000,35.000000,1.628478,1.754876
0,-608.188776,0.000000,-1571.250000,0.000000,608.188776,1571.250000,60.818878,157.125000,77.663774,77.395649,38.831887,38.697824,0.125000,38.000000,0.000000,35.000000,1.628478,1.754876
0,-581.180556,0.000000,-326.666667,0.000000,581.180556,326.666667,58.118056,32.666667,52.240525,59.284556,26.120262,29.642278,0.200000,209.000000,0.000000,25.000000,1.129196,1.227300
0,-722.262397,0.000000,-308.163265,0.000000,722.262397,308.163265,72.226240,30.816327,46.294836,61.509814,23.147418,30.754907,0.166667,265.000000,0.000000,20.000000,0.956421,1.269494
0,-1916.216840,0.000000,-2699.525000,0.000000,1916.216840,2699.525000,191.621684,269.952500,69.567607,78.968988,34.783803,39.484494,0.166667,130.000000,0.000000,30.000000,1.657438,1.917193
0,-1916.216840,0.000000,-2699.525000,0.000000,1916.216840,2699.525000,191.621684,269.952500,69.567607,78.968988,34.783803,39.484494,0.166667,130.000000,0.000000,30.000000,1.657438,1.917193
0,-1916.216840,0.000000,-2699.525000,0.000000,1916.216840,2699.525000,191.621684,269.952500,69.567607,78.968988,34.783803,39.484494,0.166667,130.000000,0.000000,30.000000,1.657438,1.917193
0,-1916.216840,0.000000,-2699.525000,0.000000,1916.216840,2699.525000,191.621684,269.952500,69.567607,78.968988,34.783803,39.484494,0.166667,130.000000,0.000000,30.000000,1.657438,1.917193
0,-8791.639062,0.000000,-6370.550000,0.000000,8791.639062,6370.550000,879.163906,637.055000,72.875250,89.896715,36.437625,44.948357,0.055556,136.000000,0.000000,35.000000,2.574783,2.445587
0,-8791.639062,0.000000,-6370.550000,0.000000,8791.639062,6370.550000,879.163906,637.055000,72.875250,89.896715,36.437625,44.948357,0.055556,136.000000,0.000000,35.000000,2.574783,2.445587
0,-9333.593750,0.000000,-8276.800000,0.000000,9333.593750,8276.800000,933.359375,827.680000,57.599914,81.248457,28.799957,40.624228,0.200000,241.000000,0.000000,25.000000,2.336105,2.509855
0,-8791.639062,0.000000,-6370.550000,0.000000,8791.639062,6370.550000,879.163906,637.055000,72.875250,89.896715,36.437625,44.948357,0.055556,136.000000,0.000000,35.000000,2.574783,2.445587
0,-4186.712803,0.000000,-3825.600000,0.000000,4186.712803,3825.600000,418.671280,382.560000,58.556655,72.585069,29.278328,36.292534,0.250000,216.000000,0.000000,25.000000,1.674775,1.792717
0,-8791.639062,0.000000,-6370.550000,0.000000,8791.639062,6370.550000,879.163906,637.055000,72.875250,89.896715,36.437625,44.948357,0.055556,136.000000,0.000000,35.000000,2.574783,2.445587
0,-8791.639062,0.000000,-6370.550000,0.000000,8791.639062,6370.550000,879.163906,637.055000,72.875250,89.896715,36.437625,44.948357,0.055556,136.000000,0.000000,35.000000,2.574783,2.445587
0,-4186.712803,0.000000,-3825.600000,0.000000,4186.712803,3825.600000,418.671280,382.560000,58.556655,72.585069,29.278328,36.292534,0.250000,216.000000,0.000000,25.000000,1.674775,1.792717
0,-8791.639062,0.000000,-6370.550000,0.000000,8791.639062,6370.550000,879.163906,637.055000,72.875250,89.896715,36.437625,44.948357,0.055556,136.000000,0.000000,35.000000,2.574783,2.445587
0,-8791.639062,0.000000,-6370.550000,0.000000,8791.639062,6370.550000,879.163906,637.055000,72.875250,89.896715,36.437625,44.948357,0.055556,136.000000,0.000000,35.000000,2.574783,2.445587
0,-9333.593750,0.000000,-8276.800000,0.000000,9333.593750,8276.800000,933.359375,827.680000,57.599914,81.248457,28.799957,40.624228,0.200000,241.000000,0.000000,25.000000,2.336105,2.509855
0,-8791.639062,0.000000,-6370.550000,0.000000,8791.639062,6370.550000,879.163906,637.055000,72.875250,89.896715,36.437625,44.948357,0.055556,136.000000,0.000000,35.000000,2.574783,2.445587
0,-1951.216840,0.000000,-4226.597353,0.000000,1951.216840,4226.597353,195.121684,422.659735,69.513037,37.942056,34.756518,18.971028,0.166667,139.000000,0.000000,30.000000,1.660680,0.000000
0,-1951.216840,0.000000,-4226.597353,0.000000,1951.216840,4226.597353,195.121684,422.659735,69.513037,37.942056,34.756518,18.971028,0.166667,139.000000,0.000000,30.000000,1.660680,0.000000
0,-1951.216840,0.000000,-4226.597353,0.000000,1951.216840,4226.597353,195.121684,422.659735,69.513037,37.942056,34.756518,18.971028,0.166667,139.000000,0.000000,30.000000,1.660680,0.000000
0,-1951.216840,0.000000,-4226.597353,0.000000,1951.216840,4226.597353,195.121684,422.659735,69.513037,37.942056,34.756518,18.971028,0.166667,139.000000,0.000000,30.000000,1.660680,0.000000
0,-886.134068,0.000000,-236.686391,0.000000,886.134068,236.686391,88.613407,23.668639,75.215598,37.378843,37.607799,18.689422,0.200000,14.000000,0.000000,35.000000,1.609851,0.000000
0,-1008.333333,0.000000,-2240.000000,0.000000,1008.333333,2240.000000,100.833333,224.000000,69.904492,31.960718,34.952246,15.980359,0.200000,319.000000,0.000000,30.000000,1.567037,0.000000
0,-1008.333333,0.000000,-2240.000000,0.000000,1008.333333,2240.000000,100.833333,224.000000,69.904492,31.960718,34.952246,15.980359,0.200000,319.000000,0.000000,30.000000,1.567037,0.000000
0,-4365.486242,0.000000,-1518.236915,0.000000,4365.486242,1518.236915,436.548624,151.823691,76.265921,44.738021,38.132960,22.369010,0.200000,96.000000,0.000000,35.000000,2.068080,0.000000
0,-4365.486242,0.000000,-1518.236915,0.000000,4365.486242,1518.236915,436.548624,151.823691,76.265921,44.738021,38.132960,22.369010,0.200000,96.000000,0.000000,35.000000,2.068080,0.000000
0,-4365.486242,0.000000,-1518.236915,0.000000,4365.486242,1518.236915,436.548624,151.823691,76.265921,44.738021,38.132960,22.369010,0.200000,96.000000,0.000000,35.000000,2.068080,0.000000
0,72.617767,0.000000,-236.686391,0.000000,72.617767,236.686391,161.210000,23.668639,22.126968,37.494372,11.063484,18.747186,0.400000,493.000000,0.000000,10.000000,0.693229,0.000000
0,-4365.486242,0.000000,-1518.236915,0.000000,4365.486242,1518.236915,436.548624,151.823691,76.265921,44.738021,38.132960,22.369010,0.200000,96.000000,0.000000,35.000000,2.068080,0.000000
0,-674.322917,0.000000,-122.448980,0.000000,674.322917,122.448980,67.432292,12.244898,60.993324,37.019525,30.496662,18.509763,0.166667,226.000000,0.000000,30.000000,1.305074,0.000000
0,-2908.433172,0.000000,-3211.422222,0.000000,2908.433172,3211.422222,290.843317,321.142222,85.862180,87.413440,42.931090,43.706720,0.062500,36.000000,0.000000,40.000000,2.081149,2.176740
0,-2908.433172,0.000000,-3211.422222,0.000000,2908.433172,3211.422222,290.843317,321.142222,85.862180,87.413440,42.931090,43.706720,0.062500,36.000000,0.000000,40.000000,2.081149,2.176740
0,-2908.433172,0.000000,-3211.422222,0.000000,2908.433172,3211.422222,290.843317,321.142222,85.862180,87.413440,42.931090,43.706720,0.062500,36.000000,0.000000,40.000000,2.081149,2.176740
0,-2241.875000,0.000000,-2374.722222,0.000000,2241.875000,2374.722222,224.187500,237.472222,86.612072,88.082676,43.306036,44.041338,0.200000,36.000000,0.000000,40.000000,2.009343,2.087130
0,-2908.433172,0.000000,-3211.422222,0.000000,2908.433172,3211.422222,290.843317,321.142222,85.862180,87.413440,42.931090,43.706720,0.062500,36.000000,0.000000,40.000000,2.081149,2.176740
0,-2908.433172,0.000000,-3211.422222,0.000000,2908.433172,3211.422222,290.843317,321.142222,85.862180,87.413440,42.931090,43.706720,0.062500,36.000000,0.000000,40.000000,2.081149,2.176740
0,-2241.875000,0.000000,-2374.722222,0.000000,2241.875000,2374.722222,224.187500,237.472222,86.612072,88.082676,43.306036,44.041338,0.200000,36.000000,0.000000,40.000000,2.009343,2.087130
0,-2241.875000,0.000000,-2374.722222,0.000000,2241.875000,2374.722222,224.187500,237.472222,86.612072,88.082676,43.306036,44.041338,0.200000,36.000000,0.000000,40.000000,2.009343,2.087130
0,-2908.433172,0.000000,-3211.422222,0.000000,2908.433172,3211.422222,290.843317,321.142222,85.862180,87.413440,42.931090,43.706720,0.062500,36.000000,0.000000,40.000000,2.081149,2.176740
0,-2241.875000,0.000000,-2374.722222,0.000000,2241.875000,2374.722222,224.187500,237.472222,86.612072,88.082676,43.306036,44.041338,0.200000,36.000000,0.000000,40.000000,2.009343,2.087130
0,-2908.433172,0.000000,-3211.422222,0.000000,2908.433172,3211.422222,290.843317,321.142222,85.862180,87.413440,42.931090,43.706720,0.062500,36.000000,0.000000,40.000000,2.081149,2.176740
0,-2908.433172,0.000000,-3211.422222,0.000000,2908.433172,3211.422222,290.843317,321.142222,85.862180,87.413440,42.931090,43.706720,0.062500,36.000000,0.000000,40.000000,2.081149,2.176740
0,-2164.622222,0.000000,-2062.222222,0.000000,2164.622222,2062.222222,216.462222,206.222222,54.328681,47.260558,27.164341,23.630279,0.250000,2.000000,0.000000,25.000000,1.385284,0.000000
0,-809.552095,0.000000,-3821.685744,0.000000,809.552095,3821.685744,80.955210,382.168574,68.091312,62.779482,34.045656,31.389741,0.125000,12.000000,0.000000,30.000000,1.437382,1.893380
0,-809.552095,0.000000,-3821.685744,0.000000,809.552095,3821.685744,80.955210,382.168574,68.091312,62.779482,34.045656,31.389741,0.125000,12.000000,0.000000,30.000000,1.437382,1.893380
0,-2164.622222,0.000000,-2062.222222,0.000000,2164.622222,2062.222222,216.462222,206.222222,54.328681,47.260558,27.164341,23.630279,0.250000,2.000000,0.000000,25.000000,1.385284,0.000000
0,-2164.622222,0.000000,-2062.222222,0.000000,2164.622222,2062.222222,216.462222,206.222222,54.328681,47.260558,27.164341,23.630279,0.250000,2.000000,0.000000,25.000000,1.385284,0.000000
0,-2164.622222,0.000000,-2062.222222,0.000000,2164.622222,2062.222222,216.462222,206.222222,54.328681,47.260558,27.164341,23.630279,0.250000,2.000000,0.000000,25.000000,1.385284,0.000000
0,-5523.907966,0.000000,-8987.907639,0.000000,5523.907966,8987.907639,552.390797,898.790764,88.964018,93.633437,44.482009,46.816718,0.035714,119.000000,0.000000,40.000000,2.622085,3.036423
0,-5523.907966,0.000000,-8987.907639,0.000000,5523.907966,8987.907639,552.390797,898.790764,88.964018,93.633437,44.482009,46.816718,0.035714,119.000000,0.000000,40.000000,2.622085,3.036423
0,-5523.907966,0.000000,-8987.907639,0.000000,5523.907966,8987.907639,552.390797,898.790764,88.964018,93.633437,44.482009,46.816718,0.035714,119.000000,0.000000,40.000000,2.622085,3.036423
0,-3929.077784,0.000000,-8987.907639,0.000000,3929.077784,8987.907639,392.907778,898.790764,85.083705,93.633437,42.541852,46.816718,0.052632,323.000000,0.000000,40.000000,2.073322,3.036423
0,-5523.907966,0.000000,-8987.907639,0.000000,5523.907966,8987.907639,552.390797,898.790764,88.964018,93.633437,44.482009,46.816718,0.035714,119.000000,0.000000,40.000000,2.622085,3.036423
0,-3774.185744,0.000000,-6063.688889,0.000000,3774.185744,6063.688889,377.418574,606.368889,83.428507,90.407026,41.714253,45.203513,0.200000,119.000000,0.000000,40.000000,2.303425,2.592389
0,-5523.907966,0.000000,-8987.907639,0.000000,5523.907966,8987.907639,552.390797,898.790764,88.964018,93.633437,44.482009,46.816718,0.035714,119.000000,0.000000,40.000000,2.622085,3.036423
0,-5523.907966,0.000000,-8987.907639,0.000000,5523.907966,8987.907639,552.390797,898.790764,88.964018,93.633437,44.482009,46.816718,0.035714,119.000000,0.000000,40.000000,2.622085,3.036423
0,-5523.907966,0.000000,-8987.907639,0.000000,5523.907966,8987.907639,552.390797,898.790764,88.964018,93.633437,44.482009,46.816718,0.035714,119.000000,0.000000,40.000000,2.622085,3.036423
0,-3774.185744,0.000000,-6063.688889,0.000000,3774.185744,6063.688889,377.418574,606.368889,83.428507,90.407026,41.714253,45.203513,0.200000,119.000000,0.000000,40.000000,2.303425,2.592389
0,-3929.077784,0.000000,-8987.907639,0.000000,3929.077784,8987.907639,392.907778,898.790764,85.083705,93.633437,42.541852,46.816718,0.052632,323.000000,0.000000,40.000000,2.073322,3.036423
0,-5835.327784,0.000000,-6063.688889,0.000000,5835.327784,6063.688889,583.532778,606.368889,76.435447,90.407026,38.217723,45.203513,0.200000,323.000000,0.000000,35.000000,2.137591,2.592389
0,-3929.077784,0.000000,-8987.907639,0.000000,3929.077784,8987.907639,392.907778,898.790764,85.083705,93.633437,42.541852,46.816718,0.052632,323.000000,0.000000,40.000000,2.073322,3.036423
0,-5523.907966,0.000000,-8987.907639,0.000000,5523.907966,8987.907639,552.390797,898.790764,88.964018,93.633437,44.482009,46.816718,0.035714,119.000000,0.000000,40.000000,2.622085,3.036423
0,-3929.077784,0.000000,-8987.907639,0.000000,3929.077784,8987.907639,392.907778,898.790764,85.083705,93.633437,42.541852,46.816718,0.052632,323.000000,0.000000,40.000000,2.073322,3.036423
0,-2875.387500,0.000000,-946.864063,0.000000,2875.387500,946.864063,287.538750,94.686406,90.933019,94.356056,45.466509,47.178028,0.142857,59.000000,0.000000,45.000000,2.186317,1.970278
0,-2395.684114,0.000000,-1318.164062,0.000000,2395.684114,1318.164062,239.568411,131.816406,83.093365,98.776772,41.546683,49.388386,0.100000,251.000000,0.000000,40.000000,1.956200,2.103932
0,-2395.684114,0.000000,-1318.164062,0.000000,2395.684114,1318.164062,239.568411,131.816406,83.093365,98.776772,41.546683,49.388386,0.100000,251.000000,0.000000,40.000000,1.956200,2.103932
0,-2395.684114,0.000000,-1318.164062,0.000000,2395.684114,1318.164062,239.568411,131.816406,83.093365,98.776772,41.546683,49.388386,0.100000,251.000000,0.000000,40.000000,1.956200,2.103932
0,-2875.387500,0.000000,-946.864063,0.000000,2875.387500,946.864063,287.538750,94.686406,90.933019,94.356056,45.466509,47.178028,0.142857,59.000000,0.000000,45.000000,2.186317,1.970278
0,-4610.885744,0.000000,-1318.164062,0.000000,4610.885744,1318.164062,461.088574,131.816406,83.785623,98.776772,41.892812,49.388386,0.058824,152.000000,0.000000,40.000000,2.467971,2.103932
0,-2395.684114,0.000000,-1318.164062,0.000000,2395.684114,1318.164062,239.568411,131.816406,83.093365,98.776772,41.546683,49.388386,0.100000,251.000000,0.000000,40.000000,1.956200,2.103932
0,-4610.885744,0.000000,-1318.164062,0.000000,4610.885744,1318.164062,461.088574,131.816406,83.785623,98.776772,41.892812,49.388386,0.058824,152.000000,0.000000,40.000000,2.467971,2.103932
0,-2875.387500,0.000000,-946.864063,0.000000,2875.387500,946.864063,287.538750,94.686406,90.933019,94.356056,45.466509,47.178028,0.142857,59.000000,0.000000,45.000000,2.186317,1.970278
0,-698.563177,0.000000,-561.755424,0.000000,698.563177,561.755424,69.856318,56.175542,88.901985,88.314910,44.450993,44.157455,0.142857,83.000000,0.000000,40.000000,1.815577,1.836474
0,-1494.861111,0.000000,-2209.244444,0.000000,1494.861111,2209.244444,149.486111,220.924444,82.986449,47.847417,41.493224,23.923709,0.285714,432.000000,0.000000,40.000000,1.791760,0.000000
0,-1494.861111,0.000000,-2209.244444,0.000000,1494.861111,2209.244444,149.486111,220.924444,82.986449,47.847417,41.493224,23.923709,0.285714,432.000000,0.000000,40.000000,1.791760,0.000000
0,-1494.861111,0.000000,-2209.244444,0.000000,1494.861111,2209.244444,149.486111,220.924444,82.986449,47.847417,41.493224,23.923709,0.285714,432.000000,0.000000,40.000000,1.791760,0.000000
0,-565.208889,0.000000,-901.864667,0.000000,565.208889,901.864667,56.520889,90.186467,89.751555,91.267140,44.875777,45.633570,0.200000,38.000000,0.000000,40.000000,1.866606,1.948001
0,-565.208889,0.000000,-901.864667,0.000000,565.208889,901.864667,56.520889,90.186467,89.751555,91.267140,44.875777,45.633570,0.200000,38.000000,0.000000,40.000000,1.866606,1.948001
0,-1494.861111,0.000000,-2209.244444,0.000000,1494.861111,2209.244444,149.486111,220.924444,82.986449,47.847417,41.493224,23.923709,0.285714,432.000000,0.000000,40.000000,1.791760,0.000000
0,-565.208889,0.000000,-901.864667,0.000000,565.208889,901.864667,56.520889,90.186467,89.751555,91.267140,44.875777,45.633570,0.200000,38.000000,0.000000,40.000000,1.866606,1.948001
0,-2567.640954,0.000000,-4128.202421,0.000000,2567.640954,4128.202421,256.764095,412.820242,88.879236,91.954212,44.439618,45.977106,0.066667,86.000000,0.000000,40.000000,2.040329,2.418148
0,-2567.640954,0.000000,-4128.202421,0.000000,2567.640954,4128.202421,256.764095,412.820242,88.879236,91.954212,44.439618,45.977106,0.066667,86.000000,0.000000,40.000000,2.040329,2.418148
0,-2567.640954,0.000000,-4128.202421,0.000000,2567.640954,4128.202421,256.764095,412.820242,88.879236,91.954212,44.439618,45.977106,0.066667,86.000000,0.000000,40.000000,2.040329,2.418148
0,-2567.640954,0.000000,-4128.202421,0.000000,2567.640954,4128.202421,256.764095,412.820242,88.879236,91.954212,44.439618,45.977106,0.066667,86.000000,0.000000,40.000000,2.040329,2.418148
0,-2088.347669,0.000000,-3643.702385,0.000000,2088.347669,3643.702385,208.834767,364.370239,88.968495,48.774422,44.484247,24.387211,0.200000,210.000000,0.000000,40.000000,2.037960,0.000000
0,-1471.126490,0.000000,-647.443520,0.000000,1471.126490,647.443520,147.112649,64.744352,77.661719,47.333333,38.830860,23.666667,0.200000,297.000000,0.000000,35.000000,1.705091,0.000000
0,-611.388889,0.000000,-454.838021,0.000000,611.388889,454.838021,61.138889,45.483802,89.212035,47.045062,44.606018,23.522531,0.200000,9.000000,0.000000,40.000000,1.864042,0.000000
0,-1471.126490,0.000000,-647.443520,0.000000,1471.126490,647.443520,147.112649,64.744352,77.661719,47.333333,38.830860,23.666667,0.200000,297.000000,0.000000,35.000000,1.705091,0.000000
0,-2088.347669,0.000000,-3643.702385,0.000000,2088.347669,3643.702385,208.834767,364.370239,88.968495,48.774422,44.484247,24.387211,0.200000,210.000000,0.000000,40.000000,2.037960,0.000000
0,-611.388889,0.000000,-454.838021,0.000000,611.388889,454.838021,61.138889,45.483802,89.212035,47.045062,44.606018,23.522531,0.200000,9.000000,0.000000,40.000000,1.864042,0.000000
0,-2088.347669,0.000000,-3643.702385,0.000000,2088.347669,3643.702385,208.834767,364.370239,88.968495,48.774422,44.484247,24.387211,0.200000,210.000000,0.000000,40.000000,2.037960,0.000000
0,-2088.347669,0.000000,-3643.702385,0.000000,2088.347669,3643.702385,208.834767,364.370239,88.968495,48.774422,44.484247,24.387211,0.200000,210.000000,0.000000,40.000000,2.037960,0.000000
0,-611.388889,0.000000,-454.838021,0.000000,611.388889,454.838021,61.138889,45.483802,89.212035,47.045062,44.606018,23.522531,0.200000,9.000000,0.000000,40.000000,1.864042,0.000000
0,-8102.577778,0.000000,-4351.551611,0.000000,8102.577778,4351.551611,810.257778,435.155161,91.093758,95.895518,45.546879,47.947759,0.100000,171.000000,0.000000,45.000000,2.829064,2.462194
0,-8102.577778,0.000000,-4351.551611,0.000000,8102.577778,4351.551611,810.257778,435.155161,91.093758,95.895518,45.546879,47.947759,0.100000,171.000000,0.000000,45.000000,2.829064,2.462194
0,-8102.577778,0.000000,-4351.551611,0.000000,8102.577778,4351.551611,810.257778,435.155161,91.093758,95.895518,45.546879,47.947759,0.100000,171.000000,0.000000,45.000000,2.829064,2.462194
0,-8102.577778,0.000000,-4351.551611,0.000000,8102.577778,4351.551611,810.257778,435.155161,91.093758,95.895518,45.546879,47.947759,0.100000,171.000000,0.000000,45.000000,2.829064,2.462194
0,-8102.577778,0.000000,-4351.551611,0.000000,8102.577778,4351.551611,810.257778,435.155161,91.093758,95.895518,45.546879,47.947759,0.100000,171.000000,0.000000,45.000000,2.829064,2.462194
0,-8102.577778,0.000000,-4351.551611,0.000000,8102.577778,4351.551611,810.257778,435.155161,91.093758,95.895518,45.546879,47.947759,0.100000,171.000000,0.000000,45.000000,2.829064,2.462194
0,-8102.577778,0.000000,-4351.551611,0.000000,8102.577778,4351.551611,810.257778,435.155161,91.093758,95.895518,45.546879,47.947759,0.100000,171.000000,0.000000,45.000000,2.829064,2.462194
0,-8102.577778,0.000000,-4351.551611,0.000000,8102.577778,4351.551611,810.257778,435.155161,91.093758,95.895518,45.546879,47.947759,0.100000,171.000000,0.000000,45.000000,2.829064,2.462194
0,-8102.577778,0.000000,-4351.551611,0.000000,8102.577778,4351.551611,810.257778,435.155161,91.093758,95.895518,45.546879,47.947759,0.100000,171.000000,0.000000,45.000000,2.829064,2.462194
0,-8102.577778,0.000000,-4351.551611,0.000000,8102.577778,4351.551611,810.257778,435.155161,91.093758,95.895518,45.546879,47.947759,0.100000,171.000000,0.000000,45.000000,2.829064,2.462194
0,-8102.577778,0.000000,-4351.551611,0.000000,8102.577778,4351.551611,810.257778,435.155161,91.093758,95.895518,45.546879,47.947759,0.100000,171.000000,0.000000,45.000000,2.829064,2.462194
0,-8102.577778,0.000000,-4351.551611,0.000000,8102.577778,4351.551611,810.257778,435.155161,91.093758,95.895518,45.546879,47.947759,0.100000,171.000000,0.000000,45.000000,2.829064,2.462194
0,-3145.059423,0.000000,-4898.044173,0.000000,3145.059423,4898.044173,314.505942,489.804417,94.180852,97.131959,47.090426,48.565979,0.050000,14.000000,0.000000,45.000000,2.261160,2.584149
0,-3145.059423,0.000000,-4898.044173,0.000000,3145.059423,4898.044173,314.505942,489.804417,94.180852,97.131959,47.090426,48.565979,0.050000,14.000000,0.000000,45.000000,2.261160,2.584149
0,-3145.059423,0.000000,-4898.044173,0.000000,3145.059423,4898.044173,314.505942,489.804417,94.180852,97.131959,47.090426,48.565979,0.050000,14.000000,0.000000,45.000000,2.261160,2.584149
0,-3145.059423,0.000000,-4898.044173,0.000000,3145.059423,4898.044173,314.505942,489.804417,94.180852,97.131959,47.090426,48.565979,0.050000,14.000000,0.000000,45.000000,2.261160,2.584149
0,-3145.059423,0.000000,-4898.044173,0.000000,3145.059423,4898.044173,314.505942,489.804417,94.180852,97.131959,47.090426,48.565979,0.050000,14.000000,0.000000,45.000000,2.261160,2.584149
0,-2665.052951,0.000000,-4418.037701,0.000000,2665.052951,4418.037701,266.505295,441.803770,88.481021,90.335889,44.240510,45.167944,0.058824,14.000000,0.000000,40.000000,2.087407,2.388483
0,-2665.052951,0.000000,-4418.037701,0.000000,2665.052951,4418.037701,266.505295,441.803770,88.481021,90.335889,44.240510,45.167944,0.058824,14.000000,0.000000,40.000000,2.087407,2.388483
0,-3145.059423,0.000000,-4898.044173,0.000000,3145.059423,4898.044173,314.505942,489.804417,94.180852,97.131959,47.090426,48.565979,0.050000,14.000000,0.000000,45.000000,2.261160,2.584149
0,-3145.059423,0.000000,-4898.044173,0.000000,3145.059423,4898.044173,314.505942,489.804417,94.180852,97.131959,47.090426,48.565979,0.050000,14.000000,0.000000,45.000000,2.261160,2.584149
0,-3145.059423,0.000000,-4898.044173,0.000000,3145.059423,4898.044173,314.505942,489.804417,94.180852,97.131959,47.090426,48.565979,0.050000,14.000000,0.000000,45.000000,2.261160,2.584149
0,-3145.059423,0.000000,-4898.044173,0.000000,3145.059423,4898.044173,314.505942,489.804417,94.180852,97.131959,47.090426,48.565979,0.050000,14.000000,0.000000,45.000000,2.261160,2.584149
0,-2665.052951,0.000000,-4418.037701,0.000000,2665.052951,4418.037701,266.505295,441.803770,88.481021,90.335889,44.240510,45.167944,0.058824,14.000000,0.000000,40.000000,2.087407,2.388483
0,-2665.052951,0.000000,-4418.037701,0.000000,2665.052951,4418.037701,266.505295,441.803770,88.481021,90.335889,44.240510,45.167944,0.058824,14.000000,0.000000,40.000000,2.087407,2.388483
0,-3145.059423,0.000000,-4898.044173,0.000000,3145.059423,4898.044173,314.505942,489.804417,94.180852,97.131959,47.090426,48.565979,0.050000,14.000000,0.000000,45.000000,2.261160,2.584149
0,-3145.059423,0.000000,-4898.044173,0.000000,3145.059423,4898.044173,314.505942,489.804417,94.180852,97.131959,47.090426,48.565979,0.050000,14.000000,0.000000,45.000000,2.261160,2.584149
0,-3145.059423,0.000000,-4898.044173,0.000000,3145.059423,4898.044173,314.505942,489.804417,94.180852,97.131959,47.090426,48.565979,0.050000,14.000000,0.000000,45.000000,2.261160,2.584149
0,-4010.485744,0.000000,-761.451517,0.000000,4010.485744,761.451517,401.048574,76.145152,76.585439,49.598517,38.292720,24.799259,0.142857,375.000000,0.000000,35.000000,2.193984,0.000000
0,-1384.127784,0.000000,-761.451517,0.000000,1384.127784,761.451517,138.412778,76.145152,67.772059,49.598517,33.886030,24.799259,0.142857,579.000000,0.000000,30.000000,1.420453,0.000000
0,-4010.485744,0.000000,-761.451517,0.000000,4010.485744,761.451517,401.048574,76.145152,76.585439,49.598517,38.292720,24.799259,0.142857,375.000000,0.000000,35.000000,2.193984,0.000000
4,155.487463,0.000000,132.240342,0.000000,155.487463,132.240342,4401.111111,5102.500000,16.262070,20.766572,8.131035,10.383286,0.100000,21.000000,0.000000,5.000000,4.245027,6.765586
4,151.277802,0.000000,159.354616,0.000000,151.277802,159.354616,4401.111111,5102.500000,16.262070,20.766572,8.131035,10.383286,0.100000,21.000000,0.000000,5.000000,4.245027,6.765586
4,26.641481,0.000000,-175.192854,0.000000,26.641481,175.192854,1138.055556,1138.500000,16.614494,21.938112,8.307247,10.969056,0.200000,24.000000,0.000000,5.000000,1.697134,1.421071
4,2.310388,0.000000,-994.462810,0.000000,56.420614,994.462810,1870.500000,99.446281,22.081398,39.212772,11.040699,19.606386,0.285714,54.000000,0.000000,10.000000,2.824512,0.904769
4,22.521665,0.000000,-994.462810,0.000000,36.209338,994.462810,1870.500000,99.446281,22.081398,39.212772,11.040699,19.606386,0.285714,54.000000,0.000000,10.000000,2.824512,0.904769
4,361.421084,0.000000,-12690.000000,0.000000,405.608351,12690.000000,8160.555556,1269.000000,13.652254,59.958503,6.826127,29.979252,0.200000,115.000000,0.000000,5.000000,13.456304,2.925265
4,377.983515,0.000000,-12690.000000,0.000000,389.045919,12690.000000,8160.555556,1269.000000,13.652254,59.958503,6.826127,29.979252,0.200000,115.000000,0.000000,5.000000,13.456304,2.925265
4,388.435155,0.000000,-12690.000000,0.000000,388.435155,12690.000000,8160.555556,1269.000000,13.652254,59.958503,6.826127,29.979252,0.200000,115.000000,0.000000,5.000000,13.456304,2.925265
4,-1450.993422,0.000000,-478.724523,0.000000,1450.993422,478.724523,145.099342,47.872452,42.320643,60.309093,21.160322,30.154547,0.200000,38.000000,0.000000,20.000000,0.889778,1.268133
4,-1450.993422,0.000000,-478.724523,0.000000,1450.993422,478.724523,145.099342,47.872452,42.320643,60.309093,21.160322,30.154547,0.200000,38.000000,0.000000,20.000000,0.889778,1.268133
4,-17667.708333,0.000000,-23300.946746,0.000000,17667.708333,23300.946746,1766.770833,2330.094675,55.349396,62.774546,27.674698,31.387273,0.083333,9.000000,0.000000,25.000000,3.799786,4.103605
4,-17667.708333,0.000000,-23300.946746,0.000000,17667.708333,23300.946746,1766.770833,2330.094675,55.349396,62.774546,27.674698,31.387273,0.083333,9.000000,0.000000,25.000000,3.799786,4.103605
4,-17667.708333,0.000000,-23300.946746,0.000000,17667.708333,23300.946746,1766.770833,2330.094675,55.349396,62.774546,27.674698,31.387273,0.083333,9.000000,0.000000,25.000000,3.799786,4.103605
4,-17667.708333,0.000000,-23300.946746,0.000000,17667.708333,23300.946746,1766.770833,2330.094675,55.349396,62.774546,27.674698,31.387273,0.083333,9.000000,0.000000,25.000000,3.799786,4.103605
4,-12118.169451,0.000000,-816.326531,0.000000,12118.169451,816.326531,1366.469388,81.632653,31.851628,25.752064,15.925814,12.876032,0.100000,66.000000,0.000000,15.000000,2.238742,0.000000
4,62.372933,0.000000,0.000000,0.000000,62.372933,0.000000,1600.000000,0.000000,3.950000,0.000000,1.975000,0.000000,1.000000,157.000000,0.000000,0.000000,2.050942,0.000000
4,-6024.489796,0.000000,-367.346939,0.000000,6024.489796,367.346939,602.448980,36.734694,36.197725,26.452262,18.098863,13.226131,0.125000,58.000000,0.000000,15.000000,1.388883,0.000000
4,-2407.653061,0.000000,-2025.000000,0.000000,2407.653061,2025.000000,240.765306,202.500000,47.945443,30.406613,23.972721,15.203306,0.100000,31.000000,0.000000,20.000000,1.222023,0.000000
4,-2407.653061,0.000000,-2025.000000,0.000000,2407.653061,2025.000000,240.765306,202.500000,47.945443,30.406613,23.972721,15.203306,0.100000,31.000000,0.000000,20.000000,1.222023,0.000000
4,-2407.653061,0.000000,-2025.000000,0.000000,2407.653061,2025.000000,240.765306,202.500000,47.945443,30.406613,23.972721,15.203306,0.100000,31.000000,0.000000,20.000000,1.222023,0.000000
4,-622.196746,0.000000,-361.250000,0.000000,622.196746,361.250000,62.219675,36.125000,63.747217,28.414397,31.873608,14.207199,0.125000,11.000000,0.000000,30.000000,1.306068,0.000000
4,-622.196746,0.000000,-361.250000,0.000000,622.196746,361.250000,62.219675,36.125000,63.747217,28.414397,31.873608,14.207199,0.125000,11.000000,0.000000,30.000000,1.306068,0.000000
4,-12338.575714,0.000000,-816.326531,0.000000,12338.575714,816.326531,1366.469388,81.632653,31.851628,25.752064,15.925814,12.876032,0.100000,66.000000,0.000000,15.000000,2.238742,0.000000
4,-6024.489796,0.000000,-367.346939,0.000000,6024.489796,367.346939,602.448980,36.734694,36.197725,26.452262,18.098863,13.226131,0.125000,58.000000,0.000000,15.000000,1.388883,0.000000
4,-2407.653061,0.000000,-2025.000000,0.000000,2407.653061,2025.000000,240.765306,202.500000,47.945443,30.406613,23.972721,15.203306,0.100000,31.000000,0.000000,20.000000,1.222023,0.000000
4,-4230.000000,0.000000,-752.500000,0.000000,4230.000000,752.500000,423.000000,75.250000,34.387089,65.730151,17.193544,32.865075,0.142857,85.000000,0.000000,15.000000,1.431661,1.407842
4,-4230.000000,0.000000,-752.500000,0.000000,4230.000000,752.500000,423.000000,75.250000,34.387089,65.730151,17.193544,32.865075,0.142857,85.000000,0.000000,15.000000,1.188586,1.407842
4,-13.834865,0.000000,-10918.888889,0.000000,13.834865,10918.888889,580.666667,1091.888889,8.404354,53.734883,4.202177,26.867442,0.200000,255.000000,0.000000,0.000000,0.244098,2.442936
4,-7.429609,0.000000,-10918.888889,0.000000,7.429609,10918.888889,580.666667,1091.888889,8.404354,53.734883,4.202177,26.867442,0.200000,255.000000,0.000000,0.000000,0.244098,2.442936
4,-534.013605,0.000000,-166.666667,0.000000,534.013605,166.666667,53.401361,16.666667,49.820329,28.862144,24.910164,14.431072,0.200000,114.000000,0.000000,20.000000,1.066360,0.000000
4,-1004.719743,0.000000,-289.115646,0.000000,1004.719743,289.115646,2232.555556,28.911565,20.541858,58.009680,10.270929,29.004840,0.200000,241.000000,0.000000,10.000000,3.189525,1.196316
4,-938.826531,0.000000,-122.448980,0.000000,938.826531,122.448980,93.882653,12.244898,52.876397,27.845302,26.438198,13.922651,0.250000,138.000000,0.000000,25.000000,1.160885,0.000000
4,-261.337868,0.000000,-122.448980,0.000000,261.337868,122.448980,26.133787,12.244898,62.090492,30.083243,31.045246,15.041622,0.200000,18.000000,0.000000,30.000000,1.257181,0.000000
4,-305.555556,0.000000,-166.666667,0.000000,305.555556,166.666667,30.555556,16.666667,64.409568,31.828424,32.204784,15.914212,0.200000,18.000000,0.000000,30.000000,1.308943,0.000000
4,-1429.375000,0.000000,-565.500000,0.000000,1429.375000,565.500000,142.937500,56.550000,70.123068,87.064340,35.061534,43.532170,0.142857,83.000000,0.000000,35.000000,1.599673,1.799620
4,-1716.530612,0.000000,-437.500000,0.000000,1716.530612,437.500000,171.653061,43.750000,38.567464,37.064340,19.283732,18.532170,0.250000,293.000000,0.000000,15.000000,0.848497,0.000000
4,-1429.375000,0.000000,-565.500000,0.000000,1429.375000,565.500000,142.937500,56.550000,70.123068,87.064340,35.061534,43.532170,0.142857,83.000000,0.000000,35.000000,1.594703,1.799620
4,-1429.375000,0.000000,-565.500000,0.000000,1429.375000,565.500000,142.937500,56.550000,70.123068,87.064340,35.061534,43.532170,0.142857,83.000000,0.000000,35.000000,1.599673,1.799620
4,-2120.625000,0.000000,-3492.755102,0.000000,2120.625000,3492.755102,212.062500,349.275510,64.012775,62.452236,32.006387,31.226118,0.250000,240.000000,0.000000,30.000000,1.543411,1.693568
4,-2120.625000,0.000000,-3492.755102,0.000000,2120.625000,3492.755102,212.062500,349.275510,64.012775,62.452236,32.006387,31.226118,0.250000,240.000000,0.000000,30.000000,1.543411,1.693568
4,-2120.625000,0.000000,-3492.755102,0.000000,2120.625000,3492.755102,212.062500,349.275510,64.012775,62.452236,32.006387,31.226118,0.250000,240.000000,0.000000,30.000000,1.543411,1.693568
4,-893.125000,0.000000,-490.811287,0.000000,893.125000,490.811287,89.312500,49.081129,79.446584,85.249348,39.723292,42.624674,0.142857,258.000000,0.000000,35.000000,1.641694,1.764569
4,-3358.373016,0.000000,-490.811287,0.000000,3358.373016,490.811287,335.837302,49.081129,80.675752,85.249348,40.337876,42.624674,0.142857,64.000000,0.000000,40.000000,2.226119,1.764569
4,-3358.373016,0.000000,-490.811287,0.000000,3358.373016,490.811287,335.837302,49.081129,80.675752,85.249348,40.337876,42.624674,0.142857,64.000000,0.000000,40.000000,2.226119,1.764569
4,-3358.373016,0.000000,-490.811287,0.000000,3358.373016,490.811287,335.837302,49.081129,80.675752,85.249348,40.337876,42.624674,0.142857,64.000000,0.000000,40.000000,2.226119,1.764569
4,-3327.413194,0.000000,-490.468750,0.000000,3327.413194,490.468750,332.741319,49.046875,68.505772,81.160230,34.252886,40.580115,0.142857,137.000000,0.000000,30.000000,1.978808,1.681747
4,-376.321492,0.000000,-406.938776,0.000000,376.321492,406.938776,37.632149,40.693878,85.273411,89.649598,42.636706,44.824799,0.166667,73.000000,0.000000,40.000000,1.725001,1.841252
4,-376.321492,0.000000,-406.938776,0.000000,376.321492,406.938776,37.632149,40.693878,85.273411,89.649598,42.636706,44.824799,0.166667,73.000000,0.000000,40.000000,1.725001,1.841252
4,-376.321492,0.000000,-406.938776,0.000000,376.321492,406.938776,37.632149,40.693878,85.273411,89.649598,42.636706,44.824799,0.166667,73.000000,0.000000,40.000000,1.725001,1.841252
4,-3327.413194,0.000000,-490.468750,0.000000,3327.413194,490.468750,332.741319,49.046875,68.505772,81.160230,34.252886,40.580115,0.142857,137.000000,0.000000,30.000000,1.978808,1.681747
4,-3327.413194,0.000000,-490.468750,0.000000,3327.413194,490.468750,332.741319,49.046875,68.505772,81.160230,34.252886,40.580115,0.142857,137.000000,0.000000,30.000000,1.978808,1.681747
4,-650.468750,0.000000,-490.468750,0.000000,650.468750,490.468750,65.046875,49.046875,58.075434,81.160230,29.037717,40.580115,0.142857,260.000000,0.000000,25.000000,1.205869,1.681747
4,-376.321492,0.000000,-406.938776,0.000000,376.321492,406.938776,37.632149,40.693878,85.273411,89.649598,42.636706,44.824799,0.166667,73.000000,0.000000,40.000000,1.725001,1.841252
4,-490.468750,0.000000,-349.438017,0.000000,490.468750,349.438017,49.046875,34.943802,49.859631,73.666952,24.929816,36.833476,0.200000,372.000000,0.000000,20.000000,1.022019,1.520567
4,-488.501038,0.000000,-469.104683,0.000000,488.501038,469.104683,48.850104,46.910468,76.606715,85.846343,38.303358,42.923171,0.142857,158.000000,0.000000,35.000000,1.598717,1.775667
4,-438.138776,0.000000,-440.104167,0.000000,438.138776,440.104167,43.813878,44.010417,83.372892,90.895333,41.686446,45.447666,0.166667,158.000000,0.000000,40.000000,1.727776,1.873045
4,-438.138776,0.000000,-440.104167,0.000000,438.138776,440.104167,43.813878,44.010417,83.372892,90.895333,41.686446,45.447666,0.166667,158.000000,0.000000,40.000000,1.727776,1.873045
4,-438.138776,0.000000,-440.104167,0.000000,438.138776,440.104167,43.813878,44.010417,83.372892,90.895333,41.686446,45.447666,0.166667,158.000000,0.000000,40.000000,1.727776,1.873045
4,-488.501038,0.000000,-469.104683,0.000000,488.501038,469.104683,48.850104,46.910468,76.606715,85.846343,38.303358,42.923171,0.142857,158.000000,0.000000,35.000000,1.598717,1.775667
4,-488.501038,0.000000,-469.104683,0.000000,488.501038,469.104683,48.850104,46.910468,76.606715,85.846343,38.303358,42.923171,0.142857,158.000000,0.000000,35.000000,1.598717,1.775667
4,-488.501038,0.000000,-469.104683,0.000000,488.501038,469.104683,48.850104,46.910468,76.606715,85.846343,38.303358,42.923171,0.142857,158.000000,0.000000,35.000000,1.598717,1.775667
4,-438.138776,0.000000,-440.104167,0.000000,438.138776,440.104167,43.813878,44.010417,83.372892,90.895333,41.686446,45.447666,0.166667,158.000000,0.000000,40.000000,1.727776,1.873045
4,-627.438017,0.000000,-1076.417608,0.000000,627.438017,1076.417608,62.743802,107.641761,77.289888,76.595090,38.644944,38.297545,0.142857,3.000000,0.000000,35.000000,1.626723,1.678995
4,-598.437500,0.000000,-888.979592,0.000000,598.437500,888.979592,59.843750,88.897959,81.969592,40.211111,40.984796,20.105556,0.166667,3.000000,0.000000,40.000000,1.716713,0.000000
4,-598.437500,0.000000,-888.979592,0.000000,598.437500,888.979592,59.843750,88.897959,81.969592,40.211111,40.984796,20.105556,0.166667,3.000000,0.000000,40.000000,1.716713,0.000000
4,-598.437500,0.000000,-888.979592,0.000000,598.437500,888.979592,59.843750,88.897959,81.969592,40.211111,40.984796,20.105556,0.166667,3.000000,0.000000,40.000000,1.716713,0.000000
4,-627.438017,0.000000,-1076.417608,0.000000,627.438017,1076.417608,62.743802,107.641761,77.289888,76.595090,38.644944,38.297545,0.142857,3.000000,0.000000,35.000000,1.626723,1.678995
4,-627.438017,0.000000,-1076.417608,0.000000,627.438017,1076.417608,62.743802,107.641761,77.289888,76.595090,38.644944,38.297545,0.142857,3.000000,0.000000,35.000000,1.626723,1.678995
4,-627.438017,0.000000,-1076.417608,0.000000,627.438017,1076.417608,62.743802,107.641761,77.289888,76.595090,38.644944,38.297545,0.142857,3.000000,0.000000,35.000000,1.626723,1.678995
4,-598.437500,0.000000,-888.979592,0.000000,598.437500,888.979592,59.843750,88.897959,81.969592,40.211111,40.984796,20.105556,0.166667,3.000000,0.000000,40.000000,1.716713,0.000000
4,-23120.000000,0.000000,-24924.350303,0.000000,23120.000000,24924.350303,2312.000000,2492.435030,87.193786,97.242861,43.596893,48.621430,0.111111,138.000000,0.000000,40.000000,4.627887,5.168418
4,-23120.000000,0.000000,-24924.350303,0.000000,23120.000000,24924.350303,2312.000000,2492.435030,87.193786,97.242861,43.596893,48.621430,0.111111,138.000000,0.000000,40.000000,4.627887,5.168418
4,-23120.000000,0.000000,-24924.350303,0.000000,23120.000000,24924.350303,2312.000000,2492.435030,87.193786,97.242861,43.596893,48.621430,0.111111,138.000000,0.000000,40.000000,4.627887,5.168418
4,-23120.000000,0.000000,-24924.350303,0.000000,23120.000000,24924.350303,2312.000000,2492.435030,87.193786,97.242861,43.596893,48.621430,0.111111,138.000000,0.000000,40.000000,4.627887,5.168418
4,-23120.000000,0.000000,-24924.350303,0.000000,23120.000000,24924.350303,2312.000000,2492.435030,87.193786,97.242861,43.596893,48.621430,0.111111,138.000000,0.000000,40.000000,4.627887,5.168418
4,-23120.000000,0.000000,-24924.350303,0.000000,23120.000000,24924.350303,2312.000000,2492.435030,87.193786,97.242861,43.596893,48.621430,0.111111,138.000000,0.000000,40.000000,4.627887,5.168418
4,-23120.000000,0.000000,-24924.350303,0.000000,23120.000000,24924.350303,2312.000000,2492.435030,87.193786,97.242861,43.596893,48.621430,0.111111,138.000000,0.000000,40.000000,4.627887,5.168418
4,-23120.000000,0.000000,-24924.350303,0.000000,23120.000000,24924.350303,2312.000000,2492.435030,87.193786,97.242861,43.596893,48.621430,0.111111,138.000000,0.000000,40.000000,4.627887,5.168418
4,-27725.199015,0.000000,-31264.529086,0.000000,27725.199015,31264.529086,2772.519902,3126.452909,50.179734,45.559439,25.089867,22.779720,0.071429,252.000000,0.000000,25.000000,4.386039,0.000000
4,-27725.199015,0.000000,-31264.529086,0.000000,27725.199015,31264.529086,2772.519902,3126.452909,50.179734,45.559439,25.089867,22.779720,0.071429,252.000000,0.000000,25.000000,4.386039,0.000000
1,-2.499325,0.000000,71.520692,0.000000,11.441004,71.520692,1049.555556,1267.500000,8.501042,15.154373,4.250521,7.577187,0.200000,5.000000,0.000000,0.000000,0.170268,4.598205
1,-8.575694,0.000000,82.524610,0.000000,8.575694,82.524610,1049.555556,1267.500000,8.501042,15.154373,4.250521,7.577187,0.200000,5.000000,0.000000,0.000000,0.170268,4.598205
1,184.395090,0.000000,-24760.000000,0.000000,195.931846,24760.000000,5981.000000,2476.000000,17.789430,30.809971,8.894715,15.404986,0.125000,21.000000,0.000000,5.000000,7.049976,3.936637
1,187.099598,0.000000,-22620.910544,0.000000,198.636354,22620.910544,5981.000000,2476.000000,17.789430,30.809971,8.894715,15.404986,0.125000,21.000000,0.000000,5.000000,8.136834,3.936637
1,236.556890,0.000000,-23825.745291,0.000000,248.093646,23825.745291,5981.000000,2476.000000,17.789430,30.809971,8.894715,15.404986,0.125000,21.000000,0.000000,5.000000,8.136834,3.936637
1,-5047.595002,0.000000,-5270.000000,0.000000,5047.595002,5270.000000,2172.000000,527.000000,38.711855,50.040734,19.355928,25.020367,0.111111,17.000000,0.000000,15.000000,3.414717,1.625428
1,-5704.026364,0.000000,-5270.000000,0.000000,5704.026364,5270.000000,2172.000000,527.000000,38.711855,50.040734,19.355928,25.020367,0.111111,17.000000,0.000000,15.000000,3.414717,1.625428
1,-6764.273798,0.000000,-5270.000000,0.000000,6764.273798,5270.000000,2172.000000,527.000000,38.711855,50.040734,19.355928,25.020367,0.111111,17.000000,0.000000,15.000000,3.414717,1.625428
1,-4942.479792,0.000000,-5270.000000,0.000000,4942.479792,5270.000000,2172.000000,527.000000,38.711855,50.040734,19.355928,25.020367,0.111111,17.000000,0.000000,15.000000,3.414717,1.625428
1,-6869.389008,0.000000,-5270.000000,0.000000,6869.389008,5270.000000,2172.000000,527.000000,38.711855,50.040734,19.355928,25.020367,0.111111,17.000000,0.000000,15.000000,3.414717,1.625428
1,-5598.911154,0.000000,-5270.000000,0.000000,5598.911154,5270.000000,2172.000000,527.000000,38.711855,50.040734,19.355928,25.020367,0.111111,17.000000,0.000000,15.000000,3.414717,1.625428
1,-125.516802,0.000000,-1795.555556,0.000000,448.642633,1795.555556,4445.555556,179.555556,44.973059,51.402882,22.486530,25.701441,0.200000,11.000000,0.000000,20.000000,18.294935,1.105379
1,-9.251350,0.000000,-1795.555556,0.000000,9.251350,1795.555556,1049.555556,179.555556,34.543581,51.402882,17.271790,25.701441,0.200000,32.000000,0.000000,15.000000,0.732031,1.105379
1,-5.147252,0.000000,-1795.555556,0.000000,7.680354,1795.555556,1049.555556,179.555556,34.543581,51.402882,17.271790,25.701441,0.200000,32.000000,0.000000,15.000000,0.732031,1.105379
1,-73.622795,0.000000,-1795.555556,0.000000,396.748626,1795.555556,4445.555556,179.555556,44.973059,51.402882,22.486530,25.701441,0.200000,11.000000,0.000000,20.000000,18.294935,1.105379
1,-1975.555556,0.000000,-1980.000000,0.000000,1975.555556,1980.000000,197.555556,198.000000,53.723985,53.880273,26.861993,26.940136,0.200000,11.000000,0.000000,25.000000,1.117658,1.320650
1,-1975.555556,0.000000,-1980.000000,0.000000,1975.555556,1980.000000,197.555556,198.000000,53.723985,53.880273,26.861993,26.940136,0.200000,11.000000,0.000000,25.000000,1.117658,1.320650
1,-592.607710,0.000000,-1023.611111,0.000000,592.607710,1023.611111,59.260771,102.361111,58.937625,61.220277,29.468813,30.610138,0.166667,18.000000,0.000000,25.000000,1.256627,1.371636
1,-592.607710,0.000000,-1023.611111,0.000000,592.607710,1023.611111,59.260771,102.361111,58.937625,61.220277,29.468813,30.610138,0.166667,18.000000,0.000000,25.000000,1.256627,1.371636
1,-703.718821,0.000000,-625.000000,0.000000,703.718821,625.000000,70.371882,62.500000,44.002169,55.079080,22.001084,27.539540,0.200000,43.000000,0.000000,20.000000,0.902234,1.171523
1,-592.607710,0.000000,-1023.611111,0.000000,592.607710,1023.611111,59.260771,102.361111,58.937625,61.220277,29.468813,30.610138,0.166667,18.000000,0.000000,25.000000,1.256627,1.371636
1,51.595681,0.000000,-1344.444444,0.000000,51.595681,1344.444444,1049.555556,134.444444,12.849494,44.652707,6.424747,22.326353,0.200000,99.000000,0.000000,5.000000,1.618515,1.042513
1,-1035.722515,0.000000,-528.979592,0.000000,1037.877485,528.979592,123.680000,52.897959,24.780184,25.573248,12.390092,12.786624,0.250000,104.000000,0.000000,10.000000,0.627515,0.000000
1,-2140.861678,0.000000,-2075.000000,0.000000,2140.861678,2075.000000,214.086168,207.500000,35.728451,52.284380,17.864225,26.142190,0.200000,67.000000,0.000000,15.000000,0.996857,1.286771
1,-2140.861678,0.000000,-2075.000000,0.000000,2140.861678,2075.000000,214.086168,207.500000,35.728451,52.284380,17.864225,26.142190,0.200000,67.000000,0.000000,15.000000,0.996857,1.286771
1,-401.666667,0.000000,-778.800000,0.000000,401.666667,778.800000,40.166667,77.880000,45.939578,71.822080,22.969789,35.911040,0.200000,125.000000,0.000000,20.000000,0.932881,1.532855
1,-401.666667,0.000000,-778.800000,0.000000,401.666667,778.800000,40.166667,77.880000,45.939578,71.822080,22.969789,35.911040,0.200000,125.000000,0.000000,20.000000,0.932881,1.532855
1,-756.944444,0.000000,-598.888889,0.000000,756.944444,598.888889,75.694444,59.888889,65.069793,43.595343,32.534896,21.797672,0.200000,159.000000,0.000000,30.000000,1.399515,0.000000
1,-756.944444,0.000000,-598.888889,0.000000,756.944444,598.888889,75.694444,59.888889,65.069793,43.595343,32.534896,21.797672,0.200000,159.000000,0.000000,30.000000,1.399515,0.000000
1,-756.944444,0.000000,-598.888889,0.000000,756.944444,598.888889,75.694444,59.888889,65.069793,43.595343,32.534896,21.797672,0.200000,159.000000,0.000000,30.000000,1.399515,0.000000
1,-423.888889,0.000000,-295.102041,0.000000,423.888889,295.102041,42.388889,29.510204,70.193288,63.799788,35.096644,31.899894,0.166667,14.000000,0.000000,35.000000,1.508805,1.313850
1,-636.543210,0.000000,-1049.438776,0.000000,636.543210,1049.438776,63.654321,104.943878,58.938833,61.618412,29.469417,30.809206,0.142857,115.000000,0.000000,25.000000,1.258358,1.373646
1,-577.777778,0.000000,-346.938776,0.000000,577.777778,346.938776,57.777778,34.693878,56.123886,51.911058,28.061943,25.955529,0.200000,14.000000,0.000000,25.000000,1.229634,1.084638
1,-636.543210,0.000000,-1049.438776,0.000000,636.543210,1049.438776,63.654321,104.943878,58.938833,61.618412,29.469417,30.809206,0.142857,115.000000,0.000000,25.000000,1.258358,1.373646
1,-423.888889,0.000000,-295.102041,0.000000,423.888889,295.102041,42.388889,29.510204,70.193288,63.799788,35.096644,31.899894,0.166667,14.000000,0.000000,35.000000,1.508805,1.313850
1,-5271.666667,0.000000,-440.000000,0.000000,5271.666667,440.000000,527.166667,44.000000,49.741835,44.854187,24.870918,22.427093,0.200000,195.000000,0.000000,20.000000,1.605361,0.000000
1,-5271.666667,0.000000,-440.000000,0.000000,5271.666667,440.000000,527.166667,44.000000,49.741835,44.854187,24.870918,22.427093,0.200000,195.000000,0.000000,20.000000,1.605361,0.000000
1,-5271.666667,0.000000,-440.000000,0.000000,5271.666667,440.000000,527.166667,44.000000,49.741835,44.854187,24.870918,22.427093,0.200000,195.000000,0.000000,20.000000,1.605361,0.000000
1,-505.737868,0.000000,-672.468750,0.000000,505.737868,672.468750,50.573787,67.246875,77.877069,71.725987,38.938534,35.862994,0.166667,25.000000,0.000000,35.000000,1.631733,1.518373
1,-505.737868,0.000000,-672.468750,0.000000,505.737868,672.468750,50.573787,67.246875,77.877069,71.725987,38.938534,35.862994,0.166667,25.000000,0.000000,35.000000,1.631733,1.518373
1,-505.737868,0.000000,-672.468750,0.000000,505.737868,672.468750,50.573787,67.246875,77.877069,71.725987,38.938534,35.862994,0.166667,25.000000,0.000000,35.000000,1.631733,1.518373
1,-3530.261224,0.000000,-7942.936889,0.000000,3530.261224,7942.936889,353.026122,794.293689,85.916182,76.490840,42.958091,38.245420,0.111111,53.000000,0.000000,40.000000,2.160948,2.286781
1,-3530.261224,0.000000,-7942.936889,0.000000,3530.261224,7942.936889,353.026122,794.293689,85.916182,76.490840,42.958091,38.245420,0.111111,53.000000,0.000000,40.000000,2.160948,2.286781
1,-3530.261224,0.000000,-7942.936889,0.000000,3530.261224,7942.936889,353.026122,794.293689,85.916182,76.490840,42.958091,38.245420,0.111111,53.000000,0.000000,40.000000,2.160948,2.286781
1,-3530.261224,0.000000,-7942.936889,0.000000,3530.261224,7942.936889,353.026122,794.293689,85.916182,76.490840,42.958091,38.245420,0.111111,53.000000,0.000000,40.000000,2.160948,2.286781
1,-3530.261224,0.000000,-7942.936889,0.000000,3530.261224,7942.936889,353.026122,794.293689,85.916182,76.490840,42.958091,38.245420,0.111111,53.000000,0.000000,40.000000,2.160948,2.286781
1,-3530.261224,0.000000,-7942.936889,0.000000,3530.261224,7942.936889,353.026122,794.293689,85.916182,76.490840,42.958091,38.245420,0.111111,53.000000,0.000000,40.000000,2.160948,2.286781
1,-872.888889,0.000000,-4825.529304,0.000000,872.888889,4825.529304,87.288889,482.552930,55.438653,76.267714,27.719326,38.133857,0.166667,19.000000,0.000000,25.000000,1.210328,2.213880
1,-872.888889,0.000000,-4825.529304,0.000000,872.888889,4825.529304,87.288889,482.552930,55.438653,76.267714,27.719326,38.133857,0.166667,19.000000,0.000000,25.000000,1.210328,2.213880
1,-7934.759111,0.000000,-4788.675000,0.000000,7934.759111,4788.675000,793.475911,478.867500,80.239196,85.687572,40.119598,42.843786,0.100000,25.000000,0.000000,40.000000,2.361139,2.349424
1,-4217.920408,0.000000,-4540.691529,0.000000,4217.920408,4540.691529,421.792041,454.069153,76.729318,80.726147,38.364659,40.363073,0.111111,95.000000,0.000000,35.000000,2.080115,2.220665
1,-813.752933,0.000000,-744.462810,0.000000,813.752933,744.462810,81.375293,74.446281,75.706292,86.457796,37.853146,43.228898,0.125000,83.000000,0.000000,35.000000,1.618212,1.793348
1,-3837.023364,0.000000,-744.462810,0.000000,3837.023364,744.462810,383.702336,74.446281,71.131869,86.457796,35.565935,43.228898,0.125000,8.000000,0.000000,35.000000,1.960643,1.793348
1,-813.752933,0.000000,-744.462810,0.000000,813.752933,744.462810,81.375293,74.446281,75.706292,86.457796,37.853146,43.228898,0.125000,83.000000,0.000000,35.000000,1.618212,1.793348
1,-3717.745739,0.000000,-625.185185,0.000000,3717.745739,625.185185,371.774574,62.518519,71.972668,89.396663,35.986334,44.698332,0.166667,8.000000,0.000000,35.000000,2.007594,1.838047
1,-7934.759111,0.000000,-4788.675000,0.000000,7934.759111,4788.675000,793.475911,478.867500,80.239196,85.687572,40.119598,42.843786,0.100000,25.000000,0.000000,40.000000,2.361139,2.349424
1,-7934.759111,0.000000,-4788.675000,0.000000,7934.759111,4788.675000,793.475911,478.867500,80.239196,85.687572,40.119598,42.843786,0.100000,25.000000,0.000000,40.000000,2.361139,2.349424
1,-3717.745739,0.000000,-625.185185,0.000000,3717.745739,625.185185,371.774574,62.518519,71.972668,89.396663,35.986334,44.698332,0.166667,8.000000,0.000000,35.000000,1.962755,1.838047
1,-4217.920408,0.000000,-4540.691529,0.000000,4217.920408,4540.691529,421.792041,454.069153,76.729318,80.726147,38.364659,40.363073,0.111111,95.000000,0.000000,35.000000,2.080115,2.220665
1,-813.752933,0.000000,-744.462810,0.000000,813.752933,744.462810,81.375293,74.446281,75.706292,86.457796,37.853146,43.228898,0.125000,83.000000,0.000000,35.000000,1.618212,1.793348
1,-4217.920408,0.000000,-4540.691529,0.000000,4217.920408,4540.691529,421.792041,454.069153,76.729318,80.726147,38.364659,40.363073,0.111111,95.000000,0.000000,35.000000,2.080115,2.220665
1,-7934.759111,0.000000,-4788.675000,0.000000,7934.759111,4788.675000,793.475911,478.867500,80.239196,85.687572,40.119598,42.843786,0.100000,25.000000,0.000000,40.000000,2.361139,2.349424
1,-7934.759111,0.000000,-4788.675000,0.000000,7934.759111,4788.675000,793.475911,478.867500,80.239196,85.687572,40.119598,42.843786,0.100000,25.000000,0.000000,40.000000,2.361139,2.349424
1,-3717.745739,0.000000,-625.185185,0.000000,3717.745739,625.185185,371.774574,62.518519,71.972668,89.396663,35.986334,44.698332,0.166667,8.000000,0.000000,35.000000,2.007594,1.838047
1,-7934.759111,0.000000,-4788.675000,0.000000,7934.759111,4788.675000,793.475911,478.867500,80.239196,85.687572,40.119598,42.843786,0.100000,25.000000,0.000000,40.000000,2.361139,2.349424
1,-3717.745739,0.000000,-625.185185,0.000000,3717.745739,625.185185,371.774574,62.518519,71.972668,89.396663,35.986334,44.698332,0.166667,8.000000,0.000000,35.000000,2.007594,1.838047
1,66.557029,0.000000,0.000000,0.000000,66.557029,0.000000,1600.000000,0.000000,5.851250,0.000000,2.925625,0.000000,1.000000,441.000000,0.000000,0.000000,2.346972,0.000000
1,-7463.648000,0.000000,-3837.791495,0.000000,7463.648000,3837.791495,746.364800,383.779150,73.963342,42.850145,36.981671,21.425073,0.166667,87.000000,0.000000,35.000000,2.178323,0.000000
1,-7902.400000,0.000000,-4700.191495,0.000000,7902.400000,4700.191495,790.240000,470.019150,86.363417,87.795734,43.181708,43.897867,0.090909,14.000000,0.000000,40.000000,2.749872,2.405276
1,-7315.625000,0.000000,-4072.643566,0.000000,7315.625000,4072.643566,731.562500,407.264357,84.139273,84.530031,42.069636,42.265015,0.111111,14.000000,0.000000,40.000000,2.636728,2.264326
1,-7902.400000,0.000000,-4700.191495,0.000000,7902.400000,4700.191495,790.240000,470.019150,86.363417,87.795734,43.181708,43.897867,0.090909,14.000000,0.000000,40.000000,2.749872,2.405276
1,-7902.400000,0.000000,-4700.191495,0.000000,7902.400000,4700.191495,790.240000,470.019150,86.363417,87.795734,43.181708,43.897867,0.090909,14.000000,0.000000,40.000000,2.749872,2.405276
1,-7315.625000,0.000000,-4072.643566,0.000000,7315.625000,4072.643566,731.562500,407.264357,84.139273,84.530031,42.069636,42.265015,0.111111,14.000000,0.000000,40.000000,2.636728,2.264326
1,-7185.185185,0.000000,-3837.791495,0.000000,7185.185185,3837.791495,718.518519,383.779150,82.732693,42.850145,41.366347,21.425073,0.166667,14.000000,0.000000,40.000000,2.349996,0.000000
1,-7902.400000,0.000000,-4700.191495,0.000000,7902.400000,4700.191495,790.240000,470.019150,86.363417,87.795734,43.181708,43.897867,0.090909,14.000000,0.000000,40.000000,2.506789,2.405276
1,-7315.625000,0.000000,-4072.643566,0.000000,7315.625000,4072.643566,731.562500,407.264357,84.139273,84.530031,42.069636,42.265015,0.111111,14.000000,0.000000,40.000000,2.636728,2.264326
1,-7463.648000,0.000000,-3837.791495,0.000000,7463.648000,3837.791495,746.364800,383.779150,73.963342,42.850145,36.981671,21.425073,0.166667,87.000000,0.000000,35.000000,2.178323,0.000000
1,-7902.400000,0.000000,-4700.191495,0.000000,7902.400000,4700.191495,790.240000,470.019150,86.363417,87.795734,43.181708,43.897867,0.090909,14.000000,0.000000,40.000000,2.749872,2.405276
1,-7902.400000,0.000000,-4700.191495,0.000000,7902.400000,4700.191495,790.240000,470.019150,86.363417,87.795734,43.181708,43.897867,0.090909,14.000000,0.000000,40.000000,2.749872,2.405276
1,-7902.400000,0.000000,-4700.191495,0.000000,7902.400000,4700.191495,790.240000,470.019150,86.363417,87.795734,43.181708,43.897867,0.090909,14.000000,0.000000,40.000000,2.506789,2.405276
1,-7902.400000,0.000000,-4700.191495,0.000000,7902.400000,4700.191495,790.240000,470.019150,86.363417,87.795734,43.181708,43.897867,0.090909,14.000000,0.000000,40.000000,2.749872,2.405276
1,-1162.327640,0.000000,-4072.643566,0.000000,1162.327640,4072.643566,116.232764,407.264357,84.765912,84.530031,42.382956,42.265015,0.111111,62.000000,0.000000,40.000000,1.734388,2.264326
1,11.426094,0.000000,-355.555556,0.000000,11.426094,355.555556,289.055556,35.555556,8.515727,36.697536,4.257864,18.348768,0.200000,471.000000,0.000000,0.000000,0.649001,0.000000
1,-7463.648000,0.000000,-3837.791495,0.000000,7463.648000,3837.791495,746.364800,383.779150,73.963342,42.850145,36.981671,21.425073,0.166667,87.000000,0.000000,35.000000,2.178323,0.000000
1,-922.500000,0.000000,-562.300000,0.000000,922.500000,562.300000,92.250000,56.230000,50.018479,77.455210,25.009239,38.727605,0.250000,325.000000,0.000000,25.000000,1.096350,1.629202
1,-3060.000000,0.000000,-915.027273,0.000000,3060.000000,915.027273,306.000000,91.502727,39.957339,85.590270,19.978670,42.795135,0.250000,414.000000,0.000000,15.000000,0.833290,1.833903
1,-3060.000000,0.000000,-915.027273,0.000000,3060.000000,915.027273,306.000000,91.502727,39.957339,85.590270,19.978670,42.795135,0.250000,414.000000,0.000000,15.000000,0.833290,1.833903
1,-7704.819945,0.000000,-5730.340741,0.000000,7704.819945,5730.340741,770.481994,573.034074,82.801273,86.177332,41.400637,43.088666,0.066667,29.000000,0.000000,40.000000,2.654798,2.465380
1,-7704.819945,0.000000,-5730.340741,0.000000,7704.819945,5730.340741,770.481994,573.034074,82.801273,86.177332,41.400637,43.088666,0.066667,29.000000,0.000000,40.000000,2.411715,2.465380
1,-7704.819945,0.000000,-5730.340741,0.000000,7704.819945,5730.340741,770.481994,573.034074,82.801273,86.177332,41.400637,43.088666,0.066667,29.000000,0.000000,40.000000,2.654798,2.465380
1,-7704.819945,0.000000,-5730.340741,0.000000,7704.819945,5730.340741,770.481994,573.034074,82.801273,86.177332,41.400637,43.088666,0.066667,29.000000,0.000000,40.000000,2.654798,2.465380
1,-7704.819945,0.000000,-5730.340741,0.000000,7704.819945,5730.340741,770.481994,573.034074,82.801273,86.177332,41.400637,43.088666,0.066667,29.000000,0.000000,40.000000,2.654798,2.465380
1,-7704.819945,0.000000,-5730.340741,0.000000,7704.819945,5730.340741,770.481994,573.034074,82.801273,86.177332,41.400637,43.088666,0.066667,29.000000,0.000000,40.000000,2.654798,2.465380
1,-7704.819945,0.000000,-5730.340741,0.000000,7704.819945,5730.340741,770.481994,573.034074,82.801273,86.177332,41.400637,43.088666,0.066667,29.000000,0.000000,40.000000,2.411715,2.465380
1,-7704.819945,0.000000,-5730.340741,0.000000,7704.819945,5730.340741,770.481994,573.034074,82.801273,86.177332,41.400637,43.088666,0.066667,29.000000,0.000000,40.000000,2.654798,2.465380
1,-972.145699,0.000000,-1481.796176,0.000000,972.145699,1481.796176,97.214570,148.179618,65.654998,73.069334,32.827499,36.534667,0.142857,37.000000,0.000000,30.000000,1.431278,1.702519
1,-972.145699,0.000000,-1481.796176,0.000000,972.145699,1481.796176,97.214570,148.179618,65.654998,73.069334,32.827499,36.534667,0.142857,37.000000,0.000000,30.000000,1.431278,1.702519
1,-904.819945,0.000000,-1556.115702,0.000000,904.819945,1556.115702,90.481994,155.611570,56.223804,65.711688,28.111902,32.855844,0.166667,32.000000,0.000000,25.000000,1.206845,1.564719
1,-904.819945,0.000000,-1556.115702,0.000000,904.819945,1556.115702,90.481994,155.611570,56.223804,65.711688,28.111902,32.855844,0.166667,32.000000,0.000000,25.000000,1.206845,1.564719
1,-711.404959,0.000000,-480.000000,0.000000,711.404959,480.000000,71.140496,48.000000,76.056946,50.000000,38.028473,25.000000,0.142857,83.000000,0.000000,35.000000,1.553985,0.000000
1,-711.404959,0.000000,-480.000000,0.000000,711.404959,480.000000,71.140496,48.000000,76.056946,50.000000,38.028473,25.000000,0.142857,83.000000,0.000000,35.000000,1.553985,0.000000
1,-711.404959,0.000000,-480.000000,0.000000,711.404959,480.000000,71.140496,48.000000,76.056946,50.000000,38.028473,25.000000,0.142857,83.000000,0.000000,35.000000,1.553985,0.000000
1,-711.404959,0.000000,-480.000000,0.000000,711.404959,480.000000,71.140496,48.000000,76.056946,50.000000,38.028473,25.000000,0.142857,83.000000,0.000000,35.000000,1.553985,0.000000
1,-670.433058,0.000000,-828.055556,0.000000,670.433058,828.055556,67.043306,82.805556,71.789090,81.262334,35.894545,40.631167,0.166667,435.000000,0.000000,35.000000,1.519815,1.730151
1,-670.433058,0.000000,-828.055556,0.000000,670.433058,828.055556,67.043306,82.805556,71.789090,81.262334,35.894545,40.631167,0.166667,435.000000,0.000000,35.000000,1.519815,1.730151
1,-1900.000000,0.000000,-626.688000,0.000000,1900.000000,626.688000,190.000000,62.668800,59.295340,42.860054,29.647670,21.430027,0.142857,457.000000,0.000000,25.000000,1.422367,0.000000
1,-670.433058,0.000000,-828.055556,0.000000,670.433058,828.055556,67.043306,82.805556,71.789090,81.262334,35.894545,40.631167,0.166667,435.000000,0.000000,35.000000,1.519815,1.730151
1,-3766.960554,0.000000,-828.055556,0.000000,3766.960554,828.055556,376.696055,82.805556,72.678081,81.262334,36.339040,40.631167,0.166667,189.000000,0.000000,35.000000,1.982944,1.730151
1,-668.055556,0.000000,-440.000000,0.000000,668.055556,440.000000,66.805556,44.000000,42.164749,74.154702,21.082374,37.077351,0.200000,490.000000,0.000000,20.000000,0.886898,1.538391
1,-1900.000000,0.000000,-626.688000,0.000000,1900.000000,626.688000,190.000000,62.668800,59.295340,42.860054,29.647670,21.430027,0.142857,457.000000,0.000000,25.000000,1.422367,0.000000
1,-1199.539571,0.000000,-762.222222,0.000000,1199.539571,762.222222,119.953957,76.222222,84.680678,42.588868,42.340339,21.294434,0.142857,119.000000,0.000000,40.000000,1.722104,0.000000
1,-1460.000000,0.000000,-2151.682099,0.000000,1460.000000,2151.682099,146.000000,215.168210,81.581189,90.869818,40.790595,45.434909,0.100000,275.000000,0.000000,40.000000,1.824397,2.065148
1,-1460.000000,0.000000,-2151.682099,0.000000,1460.000000,2151.682099,146.000000,215.168210,81.581189,90.869818,40.790595,45.434909,0.100000,275.000000,0.000000,40.000000,1.824397,2.065148
1,-1460.000000,0.000000,-2151.682099,0.000000,1460.000000,2151.682099,146.000000,215.168210,81.581189,90.869818,40.790595,45.434909,0.100000,275.000000,0.000000,40.000000,1.824397,2.065148
1,-1460.000000,0.000000,-2151.682099,0.000000,1460.000000,2151.682099,146.000000,215.168210,81.581189,90.869818,40.790595,45.434909,0.100000,275.000000,0.000000,40.000000,1.824397,2.065148
1,-4148.560554,0.000000,-2151.682099,0.000000,4148.560554,2151.682099,414.856055,215.168210,79.390171,90.869818,39.695086,45.434909,0.100000,243.000000,0.000000,35.000000,2.164266,2.065148
1,-1460.000000,0.000000,-2151.682099,0.000000,1460.000000,2151.682099,146.000000,215.168210,81.581189,90.869818,40.790595,45.434909,0.100000,275.000000,0.000000,40.000000,1.824397,2.065148
1,-4148.560554,0.000000,-2151.682099,0.000000,4148.560554,2151.682099,414.856055,215.168210,79.390171,90.869818,39.695086,45.434909,0.100000,243.000000,0.000000,35.000000,2.164266,2.065148
1,-1460.000000,0.000000,-2151.682099,0.000000,1460.000000,2151.682099,146.000000,215.168210,81.581189,90.869818,40.790595,45.434909,0.100000,275.000000,0.000000,40.000000,1.824397,2.065148
1,-250.500000,0.000000,-245.000000,0.000000,250.500000,245.000000,25.050000,24.500000,73.143855,78.011080,36.571927,39.005540,0.250000,80.000000,0.000000,35.000000,1.495657,1.590084
1,-4219.409794,0.000000,-1241.350617,0.000000,4219.409794,1241.350617,421.940979,124.135062,89.574853,93.538785,44.787427,46.769393,0.230769,245.000000,0.000000,40.000000,2.316828,2.023724
1,-5411.239757,0.000000,-1221.201775,0.000000,5411.239757,1221.201775,541.123976,122.120178,92.451926,97.752200,46.225963,48.876100,0.058824,77.000000,0.000000,45.000000,2.528727,2.105524
1,-5411.239757,0.000000,-1221.201775,0.000000,5411.239757,1221.201775,541.123976,122.120178,92.451926,97.752200,46.225963,48.876100,0.058824,77.000000,0.000000,45.000000,2.528727,2.105524
1,-5411.239757,0.000000,-1221.201775,0.000000,5411.239757,1221.201775,541.123976,122.120178,92.451926,97.752200,46.225963,48.876100,0.058824,77.000000,0.000000,45.000000,2.528727,2.105524
1,-5411.239757,0.000000,-1221.201775,0.000000,5411.239757,1221.201775,541.123976,122.120178,92.451926,97.752200,46.225963,48.876100,0.058824,77.000000,0.000000,45.000000,2.528727,2.105524
1,-35.426484,0.000000,-860.308163,0.000000,35.426484,860.308163,756.888889,86.030816,28.446092,86.644498,14.223046,43.322249,0.400000,664.000000,0.000000,10.000000,1.249810,1.838336
1,-4219.409794,0.000000,-1241.350617,0.000000,4219.409794,1241.350617,421.940979,124.135062,89.574853,93.538785,44.787427,46.769393,0.230769,245.000000,0.000000,40.000000,2.316828,2.023724
1,-4219.409794,0.000000,-1241.350617,0.000000,4219.409794,1241.350617,421.940979,124.135062,89.574853,93.538785,44.787427,46.769393,0.230769,245.000000,0.000000,40.000000,2.316828,2.023724
1,-11589.029557,0.000000,-860.308163,0.000000,11589.029557,860.308163,1158.902956,86.030816,81.295477,86.644498,40.647738,43.322249,0.222222,42.000000,0.000000,40.000000,3.235535,1.838336
1,-36.957818,0.000000,-860.308163,0.000000,36.957818,860.308163,756.888889,86.030816,28.446092,86.644498,14.223046,43.322249,0.400000,664.000000,0.000000,10.000000,1.249810,1.838336
1,-11960.385580,0.000000,-1221.201775,0.000000,11960.385580,1221.201775,1196.038558,122.120178,92.673943,97.752200,46.336972,48.876100,0.058824,42.000000,0.000000,45.000000,3.509328,2.105524
1,-11858.351643,0.000000,-1241.350617,0.000000,11858.351643,1241.350617,1185.835164,124.135062,91.183531,93.538785,45.591765,46.769393,0.230769,42.000000,0.000000,45.000000,3.466790,2.023724
1,-4219.409794,0.000000,-1241.350617,0.000000,4219.409794,1241.350617,421.940979,124.135062,89.574853,93.538785,44.787427,46.769393,0.230769,245.000000,0.000000,40.000000,2.316828,2.023724
1,-11858.351643,0.000000,-1241.350617,0.000000,11858.351643,1241.350617,1185.835164,124.135062,91.183531,93.538785,45.591765,46.769393,0.230769,42.000000,0.000000,45.000000,3.466790,2.023724
1,-5411.239757,0.000000,-1221.201775,0.000000,5411.239757,1221.201775,541.123976,122.120178,92.451926,97.752200,46.225963,48.876100,0.058824,77.000000,0.000000,45.000000,2.528727,2.105524
1,-5411.239757,0.000000,-1221.201775,0.000000,5411.239757,1221.201775,541.123976,122.120178,92.451926,97.752200,46.225963,48.876100,0.058824,77.000000,0.000000,45.000000,2.528727,2.105524
1,-4219.409794,0.000000,-1241.350617,0.000000,4219.409794,1241.350617,421.940979,124.135062,89.574853,93.538785,44.787427,46.769393,0.230769,245.000000,0.000000,40.000000,2.316828,2.023724
1,-4219.409794,0.000000,-1241.350617,0.000000,4219.409794,1241.350617,421.940979,124.135062,89.574853,93.538785,44.787427,46.769393,0.230769,245.000000,0.000000,40.000000,2.316828,2.023724
1,-10973.281250,0.000000,-860.308163,0.000000,10973.281250,860.308163,1097.328125,86.030816,58.359341,86.644498,29.179670,43.322249,0.400000,509.000000,0.000000,25.000000,2.688130,1.838336
1,-4219.409794,0.000000,-1241.350617,0.000000,4219.409794,1241.350617,421.940979,124.135062,89.574853,93.538785,44.787427,46.769393,0.230769,245.000000,0.000000,40.000000,2.316828,2.023724
1,-7262.222222,0.000000,-860.308163,0.000000,7262.222222,860.308163,726.222222,86.030816,79.909272,86.644498,39.954636,43.322249,0.250000,263.000000,0.000000,35.000000,2.302577,1.838336
1,-11960.385580,0.000000,-1221.201775,0.000000,11960.385580,1221.201775,1196.038558,122.120178,92.673943,97.752200,46.336972,48.876100,0.058824,42.000000,0.000000,45.000000,3.509328,2.105524
1,-5411.239757,0.000000,-1221.201775,0.000000,5411.239757,1221.201775,541.123976,122.120178,92.451926,97.752200,46.225963,48.876100,0.058824,77.000000,0.000000,45.000000,2.528727,2.105524
1,-4219.409794,0.000000,-1241.350617,0.000000,4219.409794,1241.350617,421.940979,124.135062,89.574853,93.538785,44.787427,46.769393,0.230769,245.000000,0.000000,40.000000,2.316828,2.023724
1,-5411.239757,0.000000,-1221.201775,0.000000,5411.239757,1221.201775,541.123976,122.120178,92.451926,97.752200,46.225963,48.876100,0.058824,77.000000,0.000000,45.000000,2.528727,2.105524
1,-920.000000,0.000000,-1721.632653,0.000000,920.000000,1721.632653,92.000000,172.163265,66.177025,78.167507,33.088512,39.083753,0.166667,193.000000,0.000000,30.000000,1.437021,1.786016
1,-920.000000,0.000000,-1721.632653,0.000000,920.000000,1721.632653,92.000000,172.163265,66.177025,78.167507,33.088512,39.083753,0.166667,193.000000,0.000000,30.000000,1.437021,1.786016
1,-2196.470161,0.000000,-3818.558333,0.000000,2196.470161,3818.558333,219.647016,381.855833,87.934928,90.117995,43.967464,45.058997,0.076923,105.000000,0.000000,40.000000,2.065287,2.263359
1,-2196.470161,0.000000,-3818.558333,0.000000,2196.470161,3818.558333,219.647016,381.855833,87.934928,90.117995,43.967464,45.058997,0.076923,105.000000,0.000000,40.000000,2.065287,2.263359
1,-2196.470161,0.000000,-3818.558333,0.000000,2196.470161,3818.558333,219.647016,381.855833,87.934928,90.117995,43.967464,45.058997,0.076923,105.000000,0.000000,40.000000,2.065287,2.263359
1,-2196.470161,0.000000,-3818.558333,0.000000,2196.470161,3818.558333,219.647016,381.855833,87.934928,90.117995,43.967464,45.058997,0.076923,105.000000,0.000000,40.000000,2.065287,2.263359
1,-2196.470161,0.000000,-3818.558333,0.000000,2196.470161,3818.558333,219.647016,381.855833,87.934928,90.117995,43.967464,45.058997,0.076923,105.000000,0.000000,40.000000,2.065287,2.263359
1,-2196.470161,0.000000,-3818.558333,0.000000,2196.470161,3818.558333,219.647016,381.855833,87.934928,90.117995,43.967464,45.058997,0.076923,105.000000,0.000000,40.000000,2.065287,2.263359
1,-2196.470161,0.000000,-3818.558333,0.000000,2196.470161,3818.558333,219.647016,381.855833,87.934928,90.117995,43.967464,45.058997,0.076923,105.000000,0.000000,40.000000,2.065287,2.263359
1,-2196.470161,0.000000,-3818.558333,0.000000,2196.470161,3818.558333,219.647016,381.855833,87.934928,90.117995,43.967464,45.058997,0.076923,105.000000,0.000000,40.000000,2.065287,2.263359
1,-13297.971891,0.000000,-2874.669421,0.000000,13297.971891,2874.669421,1329.797189,287.466942,96.355404,98.631237,48.177702,49.315618,0.047619,23.000000,0.000000,45.000000,3.607504,2.330182
1,-12738.908084,0.000000,-1583.333333,0.000000,12738.908084,1583.333333,1273.890808,158.333333,92.218796,96.096329,46.109398,48.048164,0.214286,49.000000,0.000000,45.000000,3.932732,2.118364
1,-13297.971891,0.000000,-2874.669421,0.000000,13297.971891,2874.669421,1329.797189,287.466942,96.355404,98.631237,48.177702,49.315618,0.047619,23.000000,0.000000,45.000000,3.607504,2.330182
1,-6673.950617,0.000000,-1583.333333,0.000000,6673.950617,1583.333333,667.395062,158.333333,92.099969,96.096329,46.049985,48.048164,0.214286,76.000000,0.000000,45.000000,1.919797,2.118364
1,-13596.590120,0.000000,-1874.228395,0.000000,13596.590120,1874.228395,1359.659012,187.422840,92.900382,95.032831,46.450191,47.516415,0.066667,49.000000,0.000000,45.000000,4.051814,2.133335
1,-13297.971891,0.000000,-2874.669421,0.000000,13297.971891,2874.669421,1329.797189,287.466942,96.355404,98.631237,48.177702,49.315618,0.047619,23.000000,0.000000,45.000000,3.607504,2.330182
1,-13297.971891,0.000000,-2874.669421,0.000000,13297.971891,2874.669421,1329.797189,287.466942,96.355404,98.631237,48.177702,49.315618,0.047619,23.000000,0.000000,45.000000,3.607504,2.330182
1,-13297.971891,0.000000,-2874.669421,0.000000,13297.971891,2874.669421,1329.797189,287.466942,96.355404,98.631237,48.177702,49.315618,0.047619,23.000000,0.000000,45.000000,3.607504,2.330182
1,-13596.590120,0.000000,-1874.228395,0.000000,13596.590120,1874.228395,1359.659012,187.422840,92.900382,95.032831,46.450191,47.516415,0.066667,49.000000,0.000000,45.000000,4.051814,2.133335
1,-13297.971891,0.000000,-2874.669421,0.000000,13297.971891,2874.669421,1329.797189,287.466942,96.355404,98.631237,48.177702,49.315618,0.047619,23.000000,0.000000,45.000000,3.607504,2.330182
1,-13297.971891,0.000000,-2874.669421,0.000000,13297.971891,2874.669421,1329.797189,287.466942,96.355404,98.631237,48.177702,49.315618,0.047619,23.000000,0.000000,45.000000,3.607504,2.330182
1,-13297.971891,0.000000,-2874.669421,0.000000,13297.971891,2874.669421,1329.797189,287.466942,96.355404,98.631237,48.177702,49.315618,0.047619,23.000000,0.000000,45.000000,3.607504,2.330182
1,-13596.590120,0.000000,-1874.228395,0.000000,13596.590120,1874.228395,1359.659012,187.422840,92.900382,95.032831,46.450191,47.516415,0.066667,49.000000,0.000000,45.000000,4.051814,2.133335
1,-13596.590120,0.000000,-1874.228395,0.000000,13596.590120,1874.228395,1359.659012,187.422840,92.900382,95.032831,46.450191,47.516415,0.066667,49.000000,0.000000,45.000000,4.051814,2.133335
1,-13297.971891,0.000000,-2874.669421,0.000000,13297.971891,2874.669421,1329.797189,287.466942,96.355404,98.631237,48.177702,49.315618,0.047619,23.000000,0.000000,45.000000,3.607504,2.330182
1,-13297.971891,0.000000,-2874.669421,0.000000,13297.971891,2874.669421,1329.797189,287.466942,96.355404,98.631237,48.177702,49.315618,0.047619,23.000000,0.000000,45.000000,3.607504,2.330182
1,-13297.971891,0.000000,-2874.669421,0.000000,13297.971891,2874.669421,1329.797189,287.466942,96.355404,98.631237,48.177702,49.315618,0.047619,23.000000,0.000000,45.000000,3.607504,2.330182
1,-12326.557467,0.000000,-1040.524691,0.000000,12326.557467,1040.524691,1232.655747,104.052469,84.775675,87.973834,42.387837,43.986917,0.250000,49.000000,0.000000,40.000000,3.733169,1.888155
1,-12738.908084,0.000000,-1583.333333,0.000000,12738.908084,1583.333333,1273.890808,158.333333,92.218796,96.096329,46.109398,48.048164,0.214286,49.000000,0.000000,45.000000,3.932732,2.118364
1,-13297.971891,0.000000,-2874.669421,0.000000,13297.971891,2874.669421,1329.797189,287.466942,96.355404,98.631237,48.177702,49.315618,0.047619,23.000000,0.000000,45.000000,3.607504,2.330182
1,-12738.908084,0.000000,-1583.333333,0.000000,12738.908084,1583.333333,1273.890808,158.333333,92.218796,96.096329,46.109398,48.048164,0.214286,49.000000,0.000000,45.000000,3.932732,2.118364
1,-12326.557467,0.000000,-1040.524691,0.000000,12326.557467,1040.524691,1232.655747,104.052469,84.775675,87.973834,42.387837,43.986917,0.250000,49.000000,0.000000,40.000000,3.733169,1.888155
1,-6673.950617,0.000000,-1583.333333,0.000000,6673.950617,1583.333333,667.395062,158.333333,92.099969,96.096329,46.049985,48.048164,0.214286,76.000000,0.000000,45.000000,1.919797,2.118364
1,-12326.557467,0.000000,-1040.524691,0.000000,12326.557467,1040.524691,1232.655747,104.052469,84.775675,87.973834,42.387837,43.986917,0.250000,49.000000,0.000000,40.000000,3.733169,1.888155
1,-13596.590120,0.000000,-1874.228395,0.000000,13596.590120,1874.228395,1359.659012,187.422840,92.900382,95.032831,46.450191,47.516415,0.066667,49.000000,0.000000,45.000000,4.051814,2.133335
1,-13297.971891,0.000000,-2874.669421,0.000000,13297.971891,2874.669421,1329.797189,287.466942,96.355404,98.631237,48.177702,49.315618,0.047619,23.000000,0.000000,45.000000,3.607504,2.330182
1,-12738.908084,0.000000,-1583.333333,0.000000,12738.908084,1583.333333,1273.890808,158.333333,92.218796,96.096329,46.109398,48.048164,0.214286,49.000000,0.000000,45.000000,3.932732,2.118364
1,-12738.908084,0.000000,-1583.333333,0.000000,12738.908084,1583.333333,1273.890808,158.333333,92.218796,96.096329,46.109398,48.048164,0.214286,49.000000,0.000000,45.000000,3.932732,2.118364
1,-13297.971891,0.000000,-2874.669421,0.000000,13297.971891,2874.669421,1329.797189,287.466942,96.355404,98.631237,48.177702,49.315618,0.047619,23.000000,0.000000,45.000000,3.607504,2.330182
1,-12738.908084,0.000000,-1583.333333,0.000000,12738.908084,1583.333333,1273.890808,158.333333,92.218796,96.096329,46.109398,48.048164,0.214286,49.000000,0.000000,45.000000,3.932732,2.118364
1,-6653.801775,0.000000,-1874.228395,0.000000,6653.801775,1874.228395,665.380178,187.422840,96.313384,95.032831,48.156692,47.516415,0.066667,76.000000,0.000000,45.000000,2.001597,2.133335
1,-13297.971891,0.000000,-2874.669421,0.000000,13297.971891,2874.669421,1329.797189,287.466942,96.355404,98.631237,48.177702,49.315618,0.047619,23.000000,0.000000,45.000000,3.607504,2.330182
1,-13297.971891,0.000000,-2874.669421,0.000000,13297.971891,2874.669421,1329.797189,287.466942,96.355404,98.631237,48.177702,49.315618,0.047619,23.000000,0.000000,45.000000,3.607504,2.330182
1,-13596.590120,0.000000,-1874.228395,0.000000,13596.590120,1874.228395,1359.659012,187.422840,92.900382,95.032831,46.450191,47.516415,0.066667,49.000000,0.000000,45.000000,4.051814,2.133335
1,-13297.971891,0.000000,-2874.669421,0.000000,13297.971891,2874.669421,1329.797189,287.466942,96.355404,98.631237,48.177702,49.315618,0.047619,23.000000,0.000000,45.000000,3.607504,2.330182
1,-13596.590120,0.000000,-1874.228395,0.000000,13596.590120,1874.228395,1359.659012,187.422840,92.900382,95.032831,46.450191,47.516415,0.066667,49.000000,0.000000,45.000000,4.051814,2.133335
1,-6653.801775,0.000000,-1874.228395,0.000000,6653.801775,1874.228395,665.380178,187.422840,96.313384,95.032831,48.156692,47.516415,0.066667,76.000000,0.000000,45.000000,2.001597,2.133335
1,-6292.908163,0.000000,-1040.524691,0.000000,6292.908163,1040.524691,629.290816,104.052469,85.205682,87.973834,42.602841,43.986917,0.250000,76.000000,0.000000,40.000000,1.734409,1.888155
1,-13297.971891,0.000000,-2874.669421,0.000000,13297.971891,2874.669421,1329.797189,287.466942,96.355404,98.631237,48.177702,49.315618,0.047619,23.000000,0.000000,45.000000,3.607504,2.330182
1,-12738.908084,0.000000,-1583.333333,0.000000,12738.908084,1583.333333,1273.890808,158.333333,92.218796,96.096329,46.109398,48.048164,0.214286,49.000000,0.000000,45.000000,3.932732,2.118364
1,-13297.971891,0.000000,-2874.669421,0.000000,13297.971891,2874.669421,1329.797189,287.466942,96.355404,98.631237,48.177702,49.315618,0.047619,23.000000,0.000000,45.000000,3.607504,2.330182
1,-12738.908084,0.000000,-1583.333333,0.000000,12738.908084,1583.333333,1273.890808,158.333333,92.218796,96.096329,46.109398,48.048164,0.214286,49.000000,0.000000,45.000000,3.932732,2.118364
1,-13297.971891,0.000000,-2874.669421,0.000000,13297.971891,2874.669421,1329.797189,287.466942,96.355404,98.631237,48.177702,49.315618,0.047619,23.000000,0.000000,45.000000,3.607504,2.330182
1,-13297.971891,0.000000,-2874.669421,0.000000,13297.971891,2874.669421,1329.797189,287.466942,96.355404,98.631237,48.177702,49.315618,0.047619,23.000000,0.000000,45.000000,3.607504,2.330182
1,-12738.908084,0.000000,-1583.333333,0.000000,12738.908084,1583.333333,1273.890808,158.333333,92.218796,96.096329,46.109398,48.048164,0.214286,49.000000,0.000000,45.000000,3.932732,2.118364
1,-12326.557467,0.000000,-1040.524691,0.000000,12326.557467,1040.524691,1232.655747,104.052469,84.775675,87.973834,42.387837,43.986917,0.250000,49.000000,0.000000,40.000000,3.733169,1.888155
1,-12326.557467,0.000000,-1040.524691,0.000000,12326.557467,1040.524691,1232.655747,104.052469,84.775675,87.973834,42.387837,43.986917,0.250000,49.000000,0.000000,40.000000,3.733169,1.888155
1,-13596.590120,0.000000,-1874.228395,0.000000,13596.590120,1874.228395,1359.659012,187.422840,92.900382,95.032831,46.450191,47.516415,0.066667,49.000000,0.000000,45.000000,4.051814,2.133335
1,-13596.590120,0.000000,-1874.228395,0.000000,13596.590120,1874.228395,1359.659012,187.422840,92.900382,95.032831,46.450191,47.516415,0.066667,49.000000,0.000000,45.000000,4.051814,2.133335
1,-12738.908084,0.000000,-1583.333333,0.000000,12738.908084,1583.333333,1273.890808,158.333333,92.218796,96.096329,46.109398,48.048164,0.214286,49.000000,0.000000,45.000000,3.932732,2.118364
1,-13297.971891,0.000000,-2874.669421,0.000000,13297.971891,2874.669421,1329.797189,287.466942,96.355404,98.631237,48.177702,49.315618,0.047619,23.000000,0.000000,45.000000,3.607504,2.330182
1,-13596.590120,0.000000,-1874.228395,0.000000,13596.590120,1874.228395,1359.659012,187.422840,92.900382,95.032831,46.450191,47.516415,0.066667,49.000000,0.000000,45.000000,4.051814,2.133335
1,-13297.971891,0.000000,-2874.669421,0.000000,13297.971891,2874.669421,1329.797189,287.466942,96.355404,98.631237,48.177702,49.315618,0.047619,23.000000,0.000000,45.000000,3.607504,2.330182
1,-13297.971891,0.000000,-2874.669421,0.000000,13297.971891,2874.669421,1329.797189,287.466942,96.355404,98.631237,48.177702,49.315618,0.047619,23.000000,0.000000,45.000000,3.607504,2.330182
1,-2976.989366,0.000000,-3673.478261,0.000000,2976.989366,3673.478261,297.698937,367.347826,92.649164,94.692552,46.324582,47.346276,0.066667,54.000000,0.000000,45.000000,2.237318,2.351393
1,-2976.989366,0.000000,-3673.478261,0.000000,2976.989366,3673.478261,297.698937,367.347826,92.649164,94.692552,46.324582,47.346276,0.066667,54.000000,0.000000,45.000000,2.237318,2.351393
1,-2976.989366,0.000000,-3673.478261,0.000000,2976.989366,3673.478261,297.698937,367.347826,92.649164,94.692552,46.324582,47.346276,0.066667,54.000000,0.000000,45.000000,2.237318,2.351393
1,-2976.989366,0.000000,-3673.478261,0.000000,2976.989366,3673.478261,297.698937,367.347826,92.649164,94.692552,46.324582,47.346276,0.066667,54.000000,0.000000,45.000000,2.237318,2.351393
1,-2976.989366,0.000000,-3673.478261,0.000000,2976.989366,3673.478261,297.698937,367.347826,92.649164,94.692552,46.324582,47.346276,0.066667,54.000000,0.000000,45.000000,2.237318,2.351393
1,-2976.989366,0.000000,-3673.478261,0.000000,2976.989366,3673.478261,297.698937,367.347826,92.649164,94.692552,46.324582,47.346276,0.066667,54.000000,0.000000,45.000000,2.237318,2.351393
1,-2976.989366,0.000000,-3673.478261,0.000000,2976.989366,3673.478261,297.698937,367.347826,92.649164,94.692552,46.324582,47.346276,0.066667,54.000000,0.000000,45.000000,2.237318,2.351393
1,-2976.989366,0.000000,-3673.478261,0.000000,2976.989366,3673.478261,297.698937,367.347826,92.649164,94.692552,46.324582,47.346276,0.066667,54.000000,0.000000,45.000000,2.237318,2.351393
1,-13108.254545,0.000000,-7645.591947,0.000000,13108.254545,7645.591947,1310.825455,764.559195,94.565222,96.691219,47.282611,48.345610,0.045455,135.000000,0.000000,45.000000,4.227605,2.936157
1,-13108.254545,0.000000,-7645.591947,0.000000,13108.254545,7645.591947,1310.825455,764.559195,94.565222,96.691219,47.282611,48.345610,0.045455,135.000000,0.000000,45.000000,4.227605,2.936157
1,-9365.728744,0.000000,-7645.591947,0.000000,9365.728744,7645.591947,936.572874,764.559195,96.067968,96.691219,48.033984,48.345610,0.047619,168.000000,0.000000,45.000000,2.209900,2.936157
1,-13108.254545,0.000000,-7645.591947,0.000000,13108.254545,7645.591947,1310.825455,764.559195,94.565222,96.691219,47.282611,48.345610,0.045455,135.000000,0.000000,45.000000,4.227605,2.936157
1,-13108.254545,0.000000,-7645.591947,0.000000,13108.254545,7645.591947,1310.825455,764.559195,94.565222,96.691219,47.282611,48.345610,0.045455,135.000000,0.000000,45.000000,4.227605,2.936157
1,-13108.254545,0.000000,-7645.591947,0.000000,13108.254545,7645.591947,1310.825455,764.559195,94.565222,96.691219,47.282611,48.345610,0.045455,135.000000,0.000000,45.000000,4.227605,2.936157
1,-13108.254545,0.000000,-7645.591947,0.000000,13108.254545,7645.591947,1310.825455,764.559195,94.565222,96.691219,47.282611,48.345610,0.045455,135.000000,0.000000,45.000000,4.227605,2.936157
1,-13108.254545,0.000000,-7645.591947,0.000000,13108.254545,7645.591947,1310.825455,764.559195,94.565222,96.691219,47.282611,48.345610,0.045455,135.000000,0.000000,45.000000,4.227605,2.936157
1,-13108.254545,0.000000,-7645.591947,0.000000,13108.254545,7645.591947,1310.825455,764.559195,94.565222,96.691219,47.282611,48.345610,0.045455,135.000000,0.000000,45.000000,4.227605,2.936157
1,-13108.254545,0.000000,-7645.591947,0.000000,13108.254545,7645.591947,1310.825455,764.559195,94.565222,96.691219,47.282611,48.345610,0.045455,135.000000,0.000000,45.000000,4.227605,2.936157
1,-13108.254545,0.000000,-7645.591947,0.000000,13108.254545,7645.591947,1310.825455,764.559195,94.565222,96.691219,47.282611,48.345610,0.045455,135.000000,0.000000,45.000000,4.227605,2.936157
1,-13108.254545,0.000000,-7645.591947,0.000000,13108.254545,7645.591947,1310.825455,764.559195,94.565222,96.691219,47.282611,48.345610,0.045455,135.000000,0.000000,45.000000,4.227605,2.936157
1,-13108.254545,0.000000,-7645.591947,0.000000,13108.254545,7645.591947,1310.825455,764.559195,94.565222,96.691219,47.282611,48.345610,0.045455,135.000000,0.000000,45.000000,4.227605,2.936157
1,-13108.254545,0.000000,-7645.591947,0.000000,13108.254545,7645.591947,1310.825455,764.559195,94.565222,96.691219,47.282611,48.345610,0.045455,135.000000,0.000000,45.000000,4.227605,2.936157
1,-13108.254545,0.000000,-7645.591947,0.000000,13108.254545,7645.591947,1310.825455,764.559195,94.565222,96.691219,47.282611,48.345610,0.045455,135.000000,0.000000,45.000000,4.227605,2.936157
1,-13108.254545,0.000000,-7645.591947,0.000000,13108.254545,7645.591947,1310.825455,764.559195,94.565222,96.691219,47.282611,48.345610,0.045455,135.000000,0.000000,45.000000,4.227605,2.936157
1,-13108.254545,0.000000,-7645.591947,0.000000,13108.254545,7645.591947,1310.825455,764.559195,94.565222,96.691219,47.282611,48.345610,0.045455,135.000000,0.000000,45.000000,4.227605,2.936157
1,-13108.254545,0.000000,-7645.591947,0.000000,13108.254545,7645.591947,1310.825455,764.559195,94.565222,96.691219,47.282611,48.345610,0.045455,135.000000,0.000000,45.000000,4.227605,2.936157
1,-13108.254545,0.000000,-7645.591947,0.000000,13108.254545,7645.591947,1310.825455,764.559195,94.565222,96.691219,47.282611,48.345610,0.045455,135.000000,0.000000,45.000000,4.227605,2.936157
1,-9365.728744,0.000000,-7645.591947,0.000000,9365.728744,7645.591947,936.572874,764.559195,96.067968,96.691219,48.033984,48.345610,0.047619,168.000000,0.000000,45.000000,2.209900,2.936157
1,-13108.254545,0.000000,-7645.591947,0.000000,13108.254545,7645.591947,1310.825455,764.559195,94.565222,96.691219,47.282611,48.345610,0.045455,135.000000,0.000000,45.000000,4.227605,2.936157
1,-13108.254545,0.000000,-7645.591947,0.000000,13108.254545,7645.591947,1310.825455,764.559195,94.565222,96.691219,47.282611,48.345610,0.045455,135.000000,0.000000,45.000000,4.227605,2.936157
1,-13108.254545,0.000000,-7645.591947,0.000000,13108.254545,7645.591947,1310.825455,764.559195,94.565222,96.691219,47.282611,48.345610,0.045455,135.000000,0.000000,45.000000,4.227605,2.936157
1,-9365.728744,0.000000,-7645.591947,0.000000,9365.728744,7645.591947,936.572874,764.559195,96.067968,96.691219,48.033984,48.345610,0.047619,168.000000,0.000000,45.000000,2.209900,2.936157
1,-13108.254545,0.000000,-7645.591947,0.000000,13108.254545,7645.591947,1310.825455,764.559195,94.565222,96.691219,47.282611,48.345610,0.045455,135.000000,0.000000,45.000000,4.227605,2.936157
1,-9365.728744,0.000000,-7645.591947,0.000000,9365.728744,7645.591947,936.572874,764.559195,96.067968,96.691219,48.033984,48.345610,0.047619,168.000000,0.000000,45.000000,2.209900,2.936157
1,-13108.254545,0.000000,-7645.591947,0.000000,13108.254545,7645.591947,1310.825455,764.559195,94.565222,96.691219,47.282611,48.345610,0.045455,135.000000,0.000000,45.000000,4.227605,2.936157
1,-13108.254545,0.000000,-7645.591947,0.000000,13108.254545,7645.591947,1310.825455,764.559195,94.565222,96.691219,47.282611,48.345610,0.045455,135.000000,0.000000,45.000000,4.227605,2.936157
1,-918.128544,0.000000,-1467.013889,0.000000,918.128544,1467.013889,91.812854,146.701389,92.722250,40.553931,46.361125,20.276966,0.111111,66.000000,0.000000,45.000000,2.059223,0.000000
1,-3661.953213,0.000000,-3576.050345,0.000000,3661.953213,3576.050345,366.195321,357.605035,97.955512,49.529947,48.977756,24.764973,0.222222,108.000000,0.000000,45.000000,2.383057,0.000000
1,-918.128544,0.000000,-1467.013889,0.000000,918.128544,1467.013889,91.812854,146.701389,92.722250,40.553931,46.361125,20.276966,0.111111,66.000000,0.000000,45.000000,2.059223,0.000000
1,-3661.953213,0.000000,-3576.050345,0.000000,3661.953213,3576.050345,366.195321,357.605035,97.955512,49.529947,48.977756,24.764973,0.222222,108.000000,0.000000,45.000000,2.383057,0.000000
1,-3661.953213,0.000000,-3576.050345,0.000000,3661.953213,3576.050345,366.195321,357.605035,97.955512,49.529947,48.977756,24.764973,0.222222,108.000000,0.000000,45.000000,2.383057,0.000000
1,-3661.953213,0.000000,-3576.050345,0.000000,3661.953213,3576.050345,366.195321,357.605035,97.955512,49.529947,48.977756,24.764973,0.222222,108.000000,0.000000,45.000000,2.383057,0.000000
1,-3661.953213,0.000000,-3576.050345,0.000000,3661.953213,3576.050345,366.195321,357.605035,97.955512,49.529947,48.977756,24.764973,0.222222,108.000000,0.000000,45.000000,2.383057,0.000000
1,-3661.953213,0.000000,-3576.050345,0.000000,3661.953213,3576.050345,366.195321,357.605035,97.955512,49.529947,48.977756,24.764973,0.222222,108.000000,0.000000,45.000000,2.383057,0.000000
1,-3661.953213,0.000000,-3576.050345,0.000000,3661.953213,3576.050345,366.195321,357.605035,97.955512,49.529947,48.977756,24.764973,0.222222,108.000000,0.000000,45.000000,2.383057,0.000000
1,-8179.528525,0.000000,-8602.651132,0.000000,8179.528525,8602.651132,817.952853,860.265113,94.476873,97.584453,47.238437,48.792226,0.035714,13.000000,0.000000,45.000000,2.877975,3.134136
1,-8179.528525,0.000000,-8602.651132,0.000000,8179.528525,8602.651132,817.952853,860.265113,94.476873,97.584453,47.238437,48.792226,0.035714,13.000000,0.000000,45.000000,2.877975,3.134136
1,-8179.528525,0.000000,-8602.651132,0.000000,8179.528525,8602.651132,817.952853,860.265113,94.476873,97.584453,47.238437,48.792226,0.035714,13.000000,0.000000,45.000000,2.877975,3.134136
1,-8179.528525,0.000000,-8602.651132,0.000000,8179.528525,8602.651132,817.952853,860.265113,94.476873,97.584453,47.238437,48.792226,0.035714,13.000000,0.000000,45.000000,2.877975,3.134136
1,-8179.528525,0.000000,-8602.651132,0.000000,8179.528525,8602.651132,817.952853,860.265113,94.476873,97.584453,47.238437,48.792226,0.035714,13.000000,0.000000,45.000000,2.877975,3.134136
1,-8179.528525,0.000000,-8602.651132,0.000000,8179.528525,8602.651132,817.952853,860.265113,94.476873,97.584453,47.238437,48.792226,0.035714,13.000000,0.000000,45.000000,2.877975,3.134136
1,-8179.528525,0.000000,-8602.651132,0.000000,8179.528525,8602.651132,817.952853,860.265113,94.476873,97.584453,47.238437,48.792226,0.035714,13.000000,0.000000,45.000000,2.877975,3.134136
1,-8179.528525,0.000000,-8602.651132,0.000000,8179.528525,8602.651132,817.952853,860.265113,94.476873,97.584453,47.238437,48.792226,0.035714,13.000000,0.000000,45.000000,2.877975,3.134136
1,-8179.528525,0.000000,-8602.651132,0.000000,8179.528525,8602.651132,817.952853,860.265113,94.476873,97.584453,47.238437,48.792226,0.035714,13.000000,0.000000,45.000000,2.877975,3.134136
1,-8179.528525,0.000000,-8602.651132,0.000000,8179.528525,8602.651132,817.952853,860.265113,94.476873,97.584453,47.238437,48.792226,0.035714,13.000000,0.000000,45.000000,2.877975,3.134136
1,-8179.528525,0.000000,-8602.651132,0.000000,8179.528525,8602.651132,817.952853,860.265113,94.476873,97.584453,47.238437,48.792226,0.035714,13.000000,0.000000,45.000000,2.877975,3.134136
1,-8179.528525,0.000000,-8602.651132,0.000000,8179.528525,8602.651132,817.952853,860.265113,94.476873,97.584453,47.238437,48.792226,0.035714,13.000000,0.000000,45.000000,2.877975,3.134136
1,-8179.528525,0.000000,-8602.651132,0.000000,8179.528525,8602.651132,817.952853,860.265113,94.476873,97.584453,47.238437,48.792226,0.035714,13.000000,0.000000,45.000000,2.877975,3.134136
1,-8179.528525,0.000000,-8602.651132,0.000000,8179.528525,8602.651132,817.952853,860.265113,94.476873,97.584453,47.238437,48.792226,0.035714,13.000000,0.000000,45.000000,2.877975,3.134136
1,-8179.528525,0.000000,-8602.651132,0.000000,8179.528525,8602.651132,817.952853,860.265113,94.476873,97.584453,47.238437,48.792226,0.035714,13.000000,0.000000,45.000000,2.877975,3.134136
1,-8179.528525,0.000000,-8602.651132,0.000000,8179.528525,8602.651132,817.952853,860.265113,94.476873,97.584453,47.238437,48.792226,0.035714,13.000000,0.000000,45.000000,2.877975,3.134136
1,-8179.528525,0.000000,-8602.651132,0.000000,8179.528525,8602.651132,817.952853,860.265113,94.476873,97.584453,47.238437,48.792226,0.035714,13.000000,0.000000,45.000000,2.877975,3.134136
1,-8179.528525,0.000000,-8602.651132,0.000000,8179.528525,8602.651132,817.952853,860.265113,94.476873,97.584453,47.238437,48.792226,0.035714,13.000000,0.000000,45.000000,2.877975,3.134136
1,-8179.528525,0.000000,-8602.651132,0.000000,8179.528525,8602.651132,817.952853,860.265113,94.476873,97.584453,47.238437,48.792226,0.035714,13.000000,0.000000,45.000000,2.877975,3.134136
1,-8179.528525,0.000000,-8602.651132,0.000000,8179.528525,8602.651132,817.952853,860.265113,94.476873,97.584453,47.238437,48.792226,0.035714,13.000000,0.000000,45.000000,2.877975,3.134136
1,-8179.528525,0.000000,-8602.651132,0.000000,8179.528525,8602.651132,817.952853,860.265113,94.476873,97.584453,47.238437,48.792226,0.035714,13.000000,0.000000,45.000000,2.877975,3.134136
1,-8179.528525,0.000000,-8602.651132,0.000000,8179.528525,8602.651132,817.952853,860.265113,94.476873,97.584453,47.238437,48.792226,0.035714,13.000000,0.000000,45.000000,2.877975,3.134136
1,-8179.528525,0.000000,-8602.651132,0.000000,8179.528525,8602.651132,817.952853,860.265113,94.476873,97.584453,47.238437,48.792226,0.035714,13.000000,0.000000,45.000000,2.877975,3.134136
1,-8179.528525,0.000000,-8602.651132,0.000000,8179.528525,8602.651132,817.952853,860.265113,94.476873,97.584453,47.238437,48.792226,0.035714,13.000000,0.000000,45.000000,2.877975,3.134136
1,-8179.528525,0.000000,-8602.651132,0.000000,8179.528525,8602.651132,817.952853,860.265113,94.476873,97.584453,47.238437,48.792226,0.035714,13.000000,0.000000,45.000000,2.877975,3.134136
1,-8179.528525,0.000000,-8602.651132,0.000000,8179.528525,8602.651132,817.952853,860.265113,94.476873,97.584453,47.238437,48.792226,0.035714,13.000000,0.000000,45.000000,2.877975,3.134136
1,-8179.528525,0.000000,-8602.651132,0.000000,8179.528525,8602.651132,817.952853,860.265113,94.476873,97.584453,47.238437,48.792226,0.035714,13.000000,0.000000,45.000000,2.877975,3.134136
1,-8179.528525,0.000000,-8602.651132,0.000000,8179.528525,8602.651132,817.952853,860.265113,94.476873,97.584453,47.238437,48.792226,0.035714,13.000000,0.000000,45.000000,2.877975,3.134136
1,-3943.723041,0.000000,-4013.406795,0.000000,3943.723041,4013.406795,394.372304,401.340680,88.918125,50.000000,44.459063,25.000000,0.200000,146.000000,0.000000,40.000000,2.236676,0.000000
1,-3943.723041,0.000000,-4013.406795,0.000000,3943.723041,4013.406795,394.372304,401.340680,88.918125,50.000000,44.459063,25.000000,0.200000,146.000000,0.000000,40.000000,2.236676,0.000000
1,-1624.475543,0.000000,-1263.427734,0.000000,1624.475543,1263.427734,162.447554,126.342773,79.956398,46.630184,39.978199,23.315092,0.100000,146.000000,0.000000,35.000000,1.771161,0.000000
1,-3943.723041,0.000000,-4013.406795,0.000000,3943.723041,4013.406795,394.372304,401.340680,88.918125,50.000000,44.459063,25.000000,0.200000,146.000000,0.000000,40.000000,2.236676,0.000000
1,-3943.723041,0.000000,-4013.406795,0.000000,3943.723041,4013.406795,394.372304,401.340680,88.918125,50.000000,44.459063,25.000000,0.200000,146.000000,0.000000,40.000000,2.236676,0.000000
1,-1624.475543,0.000000,-1263.427734,0.000000,1624.475543,1263.427734,162.447554,126.342773,79.956398,46.630184,39.978199,23.315092,0.100000,146.000000,0.000000,35.000000,1.771161,0.000000
1,-3943.723041,0.000000,-4013.406795,0.000000,3943.723041,4013.406795,394.372304,401.340680,88.918125,50.000000,44.459063,25.000000,0.200000,146.000000,0.000000,40.000000,2.236676,0.000000
1,-3943.723041,0.000000,-4013.406795,0.000000,3943.723041,4013.406795,394.372304,401.340680,88.918125,50.000000,44.459063,25.000000,0.200000,146.000000,0.000000,40.000000,2.236676,0.000000
1,-3943.723041,0.000000,-4013.406795,0.000000,3943.723041,4013.406795,394.372304,401.340680,88.918125,50.000000,44.459063,25.000000,0.200000,146.000000,0.000000,40.000000,2.236676,0.000000
2,-2192.724270,0.000000,-444.577778,0.000000,2192.724270,444.577778,219.272427,44.457778,88.545452,92.234409,44.272726,46.117204,0.250000,95.000000,0.000000,40.000000,2.055769,1.899959
2,-2329.321492,0.000000,-506.800000,0.000000,2329.321492,506.800000,232.932149,50.680000,85.806259,89.932172,42.903129,44.966086,0.142857,95.000000,0.000000,40.000000,2.017766,1.861457
2,-5700.896905,0.000000,-4006.800000,0.000000,5700.896905,4006.800000,570.089691,400.680000,88.199642,93.975617,44.099821,46.987809,0.081081,95.000000,0.000000,40.000000,2.480478,2.372645
2,-2148.076686,0.000000,-466.505215,0.000000,2148.076686,466.505215,214.807669,46.650522,82.699775,84.883687,41.349887,42.441844,0.200000,95.000000,0.000000,40.000000,1.933017,1.755200
2,-5700.896905,0.000000,-4006.800000,0.000000,5700.896905,4006.800000,570.089691,400.680000,88.199642,93.975617,44.099821,46.987809,0.081081,95.000000,0.000000,40.000000,2.480478,2.372645
2,-5700.896905,0.000000,-4006.800000,0.000000,5700.896905,4006.800000,570.089691,400.680000,88.199642,93.975617,44.099821,46.987809,0.081081,95.000000,0.000000,40.000000,2.480478,2.372645
2,-2148.076686,0.000000,-466.505215,0.000000,2148.076686,466.505215,214.807669,46.650522,82.699775,84.883687,41.349887,42.441844,0.200000,95.000000,0.000000,40.000000,1.933017,1.755200
2,-1500.219474,0.000000,-466.505215,0.000000,1500.219474,466.505215,150.021947,46.650522,83.400572,84.883687,41.700286,42.441844,0.200000,194.000000,0.000000,40.000000,1.691323,1.755200
2,-5700.896905,0.000000,-4006.800000,0.000000,5700.896905,4006.800000,570.089691,400.680000,88.199642,93.975617,44.099821,46.987809,0.081081,95.000000,0.000000,40.000000,2.480478,2.372645
2,-5700.896905,0.000000,-4006.800000,0.000000,5700.896905,4006.800000,570.089691,400.680000,88.199642,93.975617,44.099821,46.987809,0.081081,95.000000,0.000000,40.000000,2.480478,2.372645
2,-2192.724270,0.000000,-444.577778,0.000000,2192.724270,444.577778,219.272427,44.457778,88.545452,92.234409,44.272726,46.117204,0.250000,95.000000,0.000000,40.000000,2.055769,1.899959
2,-5700.896905,0.000000,-4006.800000,0.000000,5700.896905,4006.800000,570.089691,400.680000,88.199642,93.975617,44.099821,46.987809,0.081081,95.000000,0.000000,40.000000,2.480478,2.372645
2,-2329.321492,0.000000,-506.800000,0.000000,2329.321492,506.800000,232.932149,50.680000,85.806259,89.932172,42.903129,44.966086,0.142857,95.000000,0.000000,40.000000,2.017766,1.861457
2,-1525.096018,0.000000,-444.577778,0.000000,1525.096018,444.577778,152.509602,44.457778,90.446418,92.234409,45.223209,46.117204,0.250000,194.000000,0.000000,45.000000,1.836013,1.899959
2,-5700.896905,0.000000,-4006.800000,0.000000,5700.896905,4006.800000,570.089691,400.680000,88.199642,93.975617,44.099821,46.987809,0.081081,95.000000,0.000000,40.000000,2.480478,2.372645
2,-2192.724270,0.000000,-444.577778,0.000000,2192.724270,444.577778,219.272427,44.457778,88.545452,92.234409,44.272726,46.117204,0.250000,95.000000,0.000000,40.000000,2.055769,1.899959
2,-2148.076686,0.000000,-466.505215,0.000000,2148.076686,466.505215,214.807669,46.650522,82.699775,84.883687,41.349887,42.441844,0.200000,95.000000,0.000000,40.000000,1.933017,1.755200
2,-5700.896905,0.000000,-4006.800000,0.000000,5700.896905,4006.800000,570.089691,400.680000,88.199642,93.975617,44.099821,46.987809,0.081081,95.000000,0.000000,40.000000,2.480478,2.372645
2,-2192.724270,0.000000,-444.577778,0.000000,2192.724270,444.577778,219.272427,44.457778,88.545452,92.234409,44.272726,46.117204,0.250000,95.000000,0.000000,40.000000,2.055769,1.899959
2,-5700.896905,0.000000,-4006.800000,0.000000,5700.896905,4006.800000,570.089691,400.680000,88.199642,93.975617,44.099821,46.987809,0.081081,95.000000,0.000000,40.000000,2.480478,2.372645
2,-2329.321492,0.000000,-506.800000,0.000000,2329.321492,506.800000,232.932149,50.680000,85.806259,89.932172,42.903129,44.966086,0.142857,95.000000,0.000000,40.000000,2.017766,1.861457
2,-2148.076686,0.000000,-466.505215,0.000000,2148.076686,466.505215,214.807669,46.650522,82.699775,84.883687,41.349887,42.441844,0.200000,95.000000,0.000000,40.000000,1.933017,1.755200
2,-2148.076686,0.000000,-466.505215,0.000000,2148.076686,466.505215,214.807669,46.650522,82.699775,84.883687,41.349887,42.441844,0.200000,95.000000,0.000000,40.000000,1.933017,1.755200
2,-5700.896905,0.000000,-4006.800000,0.000000,5700.896905,4006.800000,570.089691,400.680000,88.199642,93.975617,44.099821,46.987809,0.081081,95.000000,0.000000,40.000000,2.480478,2.372645
2,-2192.724270,0.000000,-444.577778,0.000000,2192.724270,444.577778,219.272427,44.457778,88.545452,92.234409,44.272726,46.117204,0.250000,95.000000,0.000000,40.000000,2.055769,1.899959
2,-2329.321492,0.000000,-506.800000,0.000000,2329.321492,506.800000,232.932149,50.680000,85.806259,89.932172,42.903129,44.966086,0.142857,95.000000,0.000000,40.000000,2.017766,1.861457
2,-5700.896905,0.000000,-4006.800000,0.000000,5700.896905,4006.800000,570.089691,400.680000,88.199642,93.975617,44.099821,46.987809,0.081081,95.000000,0.000000,40.000000,2.480478,2.372645
2,-3784.480931,0.000000,-4006.800000,0.000000,3784.480931,4006.800000,378.448093,400.680000,90.407530,93.975617,45.203765,46.987809,0.096774,194.000000,0.000000,45.000000,2.108512,2.372645
2,-2329.321492,0.000000,-506.800000,0.000000,2329.321492,506.800000,232.932149,50.680000,85.806259,89.932172,42.903129,44.966086,0.142857,95.000000,0.000000,40.000000,2.017766,1.861457
2,-2148.076686,0.000000,-466.505215,0.000000,2148.076686,466.505215,214.807669,46.650522,82.699775,84.883687,41.349887,42.441844,0.200000,95.000000,0.000000,40.000000,1.933017,1.755200
2,-3784.480931,0.000000,-4006.800000,0.000000,3784.480931,4006.800000,378.448093,400.680000,90.407530,93.975617,45.203765,46.987809,0.096774,194.000000,0.000000,45.000000,2.108512,2.372645
2,-2329.321492,0.000000,-506.800000,0.000000,2329.321492,506.800000,232.932149,50.680000,85.806259,89.932172,42.903129,44.966086,0.142857,95.000000,0.000000,40.000000,2.017766,1.861457
2,-2192.724270,0.000000,-444.577778,0.000000,2192.724270,444.577778,219.272427,44.457778,88.545452,92.234409,44.272726,46.117204,0.250000,95.000000,0.000000,40.000000,2.055769,1.899959
2,-5700.896905,0.000000,-4006.800000,0.000000,5700.896905,4006.800000,570.089691,400.680000,88.199642,93.975617,44.099821,46.987809,0.081081,95.000000,0.000000,40.000000,2.480478,2.372645
2,-1661.693240,0.000000,-506.800000,0.000000,1661.693240,506.800000,166.169324,50.680000,87.332792,89.932172,43.666396,44.966086,0.142857,194.000000,0.000000,40.000000,1.790172,1.861457
2,-5700.896905,0.000000,-4006.800000,0.000000,5700.896905,4006.800000,570.089691,400.680000,88.199642,93.975617,44.099821,46.987809,0.081081,95.000000,0.000000,40.000000,2.480478,2.372645
2,-2329.321492,0.000000,-506.800000,0.000000,2329.321492,506.800000,232.932149,50.680000,85.806259,89.932172,42.903129,44.966086,0.142857,95.000000,0.000000,40.000000,2.017766,1.861457
2,-5700.896905,0.000000,-4006.800000,0.000000,5700.896905,4006.800000,570.089691,400.680000,88.199642,93.975617,44.099821,46.987809,0.081081,95.000000,0.000000,40.000000,2.480478,2.372645
2,-2148.076686,0.000000,-466.505215,0.000000,2148.076686,466.505215,214.807669,46.650522,82.699775,84.883687,41.349887,42.441844,0.200000,95.000000,0.000000,40.000000,1.933017,1.755200
2,-2192.724270,0.000000,-444.577778,0.000000,2192.724270,444.577778,219.272427,44.457778,88.545452,92.234409,44.272726,46.117204,0.250000,95.000000,0.000000,40.000000,2.055769,1.899959
2,-2717.823604,0.000000,-3780.000000,0.000000,2717.823604,3780.000000,271.782360,378.000000,68.161077,44.353696,34.080539,22.176848,0.090909,642.000000,0.000000,30.000000,1.701273,0.000000
2,-1400.945951,0.000000,-239.705215,0.000000,1400.945951,239.705215,140.094595,23.970522,73.721883,35.147959,36.860941,17.573979,0.111111,37.000000,0.000000,35.000000,1.645897,0.000000
2,-2717.823604,0.000000,-3780.000000,0.000000,2717.823604,3780.000000,271.782360,378.000000,68.161077,44.353696,34.080539,22.176848,0.090909,642.000000,0.000000,30.000000,1.701273,0.000000
2,-1275.885417,0.000000,-200.000000,0.000000,1275.885417,200.000000,127.588542,20.000000,68.325772,41.718986,34.162886,20.859493,0.200000,782.000000,0.000000,30.000000,1.500217,0.000000
2,-543.085138,0.000000,-191.074380,0.000000,543.085138,191.074380,54.308514,19.107438,51.606321,26.502330,25.803160,13.251165,0.285714,208.000000,0.000000,25.000000,1.078741,0.000000
2,-537.287061,0.000000,-183.524306,0.000000,537.287061,183.524306,53.728706,18.352431,56.937037,36.819435,28.468518,18.409718,0.090909,7.000000,0.000000,25.000000,1.161651,0.000000
2,-2117.775848,0.000000,-1715.353009,0.000000,2117.775848,1715.353009,211.777585,171.535301,64.442989,43.900688,32.221494,21.950344,0.133333,7.000000,0.000000,30.000000,1.509127,0.000000
2,-571.540533,0.000000,-217.777778,0.000000,571.540533,217.777778,57.154053,21.777778,62.854631,42.792718,31.427316,21.396359,0.250000,7.000000,0.000000,30.000000,1.284310,0.000000
2,-4773.133169,0.000000,-4555.785124,0.000000,4773.133169,4555.785124,477.313317,455.578512,65.413950,44.506489,32.706975,22.253244,0.066667,7.000000,0.000000,30.000000,1.860051,0.000000
2,-4773.133169,0.000000,-4555.785124,0.000000,4773.133169,4555.785124,477.313317,455.578512,65.413950,44.506489,32.706975,22.253244,0.066667,7.000000,0.000000,30.000000,1.860051,0.000000
2,-893.985185,0.000000,-519.963968,0.000000,893.985185,519.963968,89.398519,51.996397,90.142720,100.000000,45.071360,50.000000,0.166667,264.000000,0.000000,45.000000,1.915861,2.064800
2,-893.985185,0.000000,-519.963968,0.000000,893.985185,519.963968,89.398519,51.996397,90.142720,100.000000,45.071360,50.000000,0.166667,264.000000,0.000000,45.000000,1.915861,2.064800
2,-893.985185,0.000000,-519.963968,0.000000,893.985185,519.963968,89.398519,51.996397,90.142720,100.000000,45.071360,50.000000,0.166667,264.000000,0.000000,45.000000,1.915861,2.064800
2,-893.985185,0.000000,-519.963968,0.000000,893.985185,519.963968,89.398519,51.996397,90.142720,100.000000,45.071360,50.000000,0.166667,264.000000,0.000000,45.000000,1.915861,2.064800
2,-2494.946492,0.000000,-519.963968,0.000000,2494.946492,519.963968,249.494649,51.996397,89.749124,100.000000,44.874562,50.000000,0.142857,244.000000,0.000000,40.000000,2.119531,2.064800
2,-893.985185,0.000000,-519.963968,0.000000,893.985185,519.963968,89.398519,51.996397,90.142720,100.000000,45.071360,50.000000,0.166667,264.000000,0.000000,45.000000,1.915861,2.064800
2,-893.985185,0.000000,-519.963968,0.000000,893.985185,519.963968,89.398519,51.996397,90.142720,100.000000,45.071360,50.000000,0.166667,264.000000,0.000000,45.000000,1.915861,2.064800
2,-893.985185,0.000000,-519.963968,0.000000,893.985185,519.963968,89.398519,51.996397,90.142720,100.000000,45.071360,50.000000,0.166667,264.000000,0.000000,45.000000,1.915861,2.064800
2,-893.985185,0.000000,-519.963968,0.000000,893.985185,519.963968,89.398519,51.996397,90.142720,100.000000,45.071360,50.000000,0.166667,264.000000,0.000000,45.000000,1.915861,2.064800
2,-893.985185,0.000000,-519.963968,0.000000,893.985185,519.963968,89.398519,51.996397,90.142720,100.000000,45.071360,50.000000,0.166667,264.000000,0.000000,45.000000,1.915861,2.064800
2,-893.985185,0.000000,-519.963968,0.000000,893.985185,519.963968,89.398519,51.996397,90.142720,100.000000,45.071360,50.000000,0.166667,264.000000,0.000000,45.000000,1.915861,2.064800
2,-893.985185,0.000000,-519.963968,0.000000,893.985185,519.963968,89.398519,51.996397,90.142720,100.000000,45.071360,50.000000,0.166667,264.000000,0.000000,45.000000,1.915861,2.064800
2,-893.985185,0.000000,-519.963968,0.000000,893.985185,519.963968,89.398519,51.996397,90.142720,100.000000,45.071360,50.000000,0.166667,264.000000,0.000000,45.000000,1.915861,2.064800
2,-893.985185,0.000000,-519.963968,0.000000,893.985185,519.963968,89.398519,51.996397,90.142720,100.000000,45.071360,50.000000,0.166667,264.000000,0.000000,45.000000,1.915861,2.064800
2,-893.985185,0.000000,-519.963968,0.000000,893.985185,519.963968,89.398519,51.996397,90.142720,100.000000,45.071360,50.000000,0.166667,264.000000,0.000000,45.000000,1.915861,2.064800
2,-893.985185,0.000000,-519.963968,0.000000,893.985185,519.963968,89.398519,51.996397,90.142720,100.000000,45.071360,50.000000,0.166667,264.000000,0.000000,45.000000,1.915861,2.064800
2,-2494.946492,0.000000,-519.963968,0.000000,2494.946492,519.963968,249.494649,51.996397,89.749124,100.000000,44.874562,50.000000,0.142857,244.000000,0.000000,40.000000,2.119531,2.064800
2,-893.985185,0.000000,-519.963968,0.000000,893.985185,519.963968,89.398519,51.996397,90.142720,100.000000,45.071360,50.000000,0.166667,264.000000,0.000000,45.000000,1.915861,2.064800
2,-893.985185,0.000000,-519.963968,0.000000,893.985185,519.963968,89.398519,51.996397,90.142720,100.000000,45.071360,50.000000,0.166667,264.000000,0.000000,45.000000,1.915861,2.064800
2,-2494.946492,0.000000,-519.963968,0.000000,2494.946492,519.963968,249.494649,51.996397,89.749124,100.000000,44.874562,50.000000,0.142857,244.000000,0.000000,40.000000,2.119531,2.064800
2,-893.985185,0.000000,-519.963968,0.000000,893.985185,519.963968,89.398519,51.996397,90.142720,100.000000,45.071360,50.000000,0.166667,264.000000,0.000000,45.000000,1.915861,2.064800
2,-893.985185,0.000000,-519.963968,0.000000,893.985185,519.963968,89.398519,51.996397,90.142720,100.000000,45.071360,50.000000,0.166667,264.000000,0.000000,45.000000,1.915861,2.064800
2,-2494.946492,0.000000,-519.963968,0.000000,2494.946492,519.963968,249.494649,51.996397,89.749124,100.000000,44.874562,50.000000,0.142857,244.000000,0.000000,40.000000,2.119531,2.064800
2,-893.985185,0.000000,-519.963968,0.000000,893.985185,519.963968,89.398519,51.996397,90.142720,100.000000,45.071360,50.000000,0.166667,264.000000,0.000000,45.000000,1.915861,2.064800
2,-893.985185,0.000000,-519.963968,0.000000,893.985185,519.963968,89.398519,51.996397,90.142720,100.000000,45.071360,50.000000,0.166667,264.000000,0.000000,45.000000,1.915861,2.064800
2,-893.985185,0.000000,-519.963968,0.000000,893.985185,519.963968,89.398519,51.996397,90.142720,100.000000,45.071360,50.000000,0.166667,264.000000,0.000000,45.000000,1.915861,2.064800
2,-893.985185,0.000000,-519.963968,0.000000,893.985185,519.963968,89.398519,51.996397,90.142720,100.000000,45.071360,50.000000,0.166667,264.000000,0.000000,45.000000,1.915861,2.064800
2,-893.985185,0.000000,-519.963968,0.000000,893.985185,519.963968,89.398519,51.996397,90.142720,100.000000,45.071360,50.000000,0.166667,264.000000,0.000000,45.000000,1.915861,2.064800
2,-893.985185,0.000000,-519.963968,0.000000,893.985185,519.963968,89.398519,51.996397,90.142720,100.000000,45.071360,50.000000,0.166667,264.000000,0.000000,45.000000,1.915861,2.064800
2,-893.985185,0.000000,-519.963968,0.000000,893.985185,519.963968,89.398519,51.996397,90.142720,100.000000,45.071360,50.000000,0.166667,264.000000,0.000000,45.000000,1.915861,2.064800
2,-893.985185,0.000000,-519.963968,0.000000,893.985185,519.963968,89.398519,51.996397,90.142720,100.000000,45.071360,50.000000,0.166667,264.000000,0.000000,45.000000,1.915861,2.064800
2,-893.985185,0.000000,-519.963968,0.000000,893.985185,519.963968,89.398519,51.996397,90.142720,100.000000,45.071360,50.000000,0.166667,264.000000,0.000000,45.000000,1.915861,2.064800
2,-6327.086666,0.000000,-6395.935234,0.000000,6327.086666,6395.935234,632.708667,639.593523,52.224249,44.519316,26.112124,22.259658,0.100000,8.000000,0.000000,25.000000,1.795496,0.000000
2,-6327.086666,0.000000,-6395.935234,0.000000,6327.086666,6395.935234,632.708667,639.593523,52.224249,44.519316,26.112124,22.259658,0.100000,8.000000,0.000000,25.000000,1.795496,0.000000
2,-8475.485799,0.000000,-6807.075155,0.000000,8475.485799,6807.075155,847.548580,680.707515,87.551837,96.132805,43.775918,48.066402,0.063830,68.000000,0.000000,40.000000,2.794397,2.772495
2,-2612.872745,0.000000,-769.031405,0.000000,2612.872745,769.031405,261.287274,76.903140,83.293572,90.937380,41.646786,45.468690,0.142857,68.000000,0.000000,40.000000,1.982299,1.920079
2,-2508.572745,0.000000,-664.731405,0.000000,2508.572745,664.731405,250.857274,66.473140,85.141319,92.626941,42.570659,46.313471,0.250000,68.000000,0.000000,40.000000,2.006307,1.940927
2,-3424.344350,0.000000,-1012.053627,0.000000,3424.344350,1012.053627,342.434435,101.205363,80.487115,85.918303,40.243557,42.959151,0.100000,68.000000,0.000000,40.000000,2.026728,1.849640
2,-8475.485799,0.000000,-6807.075155,0.000000,8475.485799,6807.075155,847.548580,680.707515,87.551837,96.132805,43.775918,48.066402,0.063830,68.000000,0.000000,40.000000,2.794397,2.772495
2,-8475.485799,0.000000,-6807.075155,0.000000,8475.485799,6807.075155,847.548580,680.707515,87.551837,96.132805,43.775918,48.066402,0.063830,68.000000,0.000000,40.000000,2.794397,2.772495
2,-5441.991535,0.000000,-6807.075155,0.000000,5441.991535,6807.075155,544.199153,680.707515,90.970749,96.132805,45.485375,48.066402,0.081081,327.000000,0.000000,45.000000,2.284429,2.772495
2,-3424.344350,0.000000,-1012.053627,0.000000,3424.344350,1012.053627,342.434435,101.205363,80.487115,85.918303,40.243557,42.959151,0.100000,68.000000,0.000000,40.000000,2.026728,1.849640
2,-1879.769313,0.000000,-664.731405,0.000000,1879.769313,664.731405,187.976931,66.473140,89.229540,92.626941,44.614770,46.313471,0.250000,327.000000,0.000000,40.000000,1.811743,1.940927
2,-1901.696750,0.000000,-1012.053627,0.000000,1901.696750,1012.053627,190.169675,101.205363,81.878819,85.918303,40.939409,42.959151,0.181818,327.000000,0.000000,40.000000,1.666984,1.849640
2,-3424.344350,0.000000,-1012.053627,0.000000,3424.344350,1012.053627,342.434435,101.205363,80.487115,85.918303,40.243557,42.959151,0.100000,68.000000,0.000000,40.000000,2.026728,1.849640
2,-8475.485799,0.000000,-6807.075155,0.000000,8475.485799,6807.075155,847.548580,680.707515,87.551837,96.132805,43.775918,48.066402,0.063830,68.000000,0.000000,40.000000,2.794397,2.772495
2,-8475.485799,0.000000,-6807.075155,0.000000,8475.485799,6807.075155,847.548580,680.707515,87.551837,96.132805,43.775918,48.066402,0.063830,68.000000,0.000000,40.000000,2.794397,2.772495
2,-2508.572745,0.000000,-664.731405,0.000000,2508.572745,664.731405,250.857274,66.473140,85.141319,92.626941,42.570659,46.313471,0.250000,68.000000,0.000000,40.000000,2.006307,1.940927
2,-2612.872745,0.000000,-769.031405,0.000000,2612.872745,769.031405,261.287274,76.903140,83.293572,90.937380,41.646786,45.468690,0.142857,68.000000,0.000000,40.000000,1.982299,1.920079
2,-8475.485799,0.000000,-6807.075155,0.000000,8475.485799,6807.075155,847.548580,680.707515,87.551837,96.132805,43.775918,48.066402,0.063830,68.000000,0.000000,40.000000,2.794397,2.772495
2,-5441.991535,0.000000,-6807.075155,0.000000,5441.991535,6807.075155,544.199153,680.707515,90.970749,96.132805,45.485375,48.066402,0.081081,327.000000,0.000000,45.000000,2.284429,2.772495
2,-2508.572745,0.000000,-664.731405,0.000000,2508.572745,664.731405,250.857274,66.473140,85.141319,92.626941,42.570659,46.313471,0.250000,68.000000,0.000000,40.000000,2.006307,1.940927
2,-8475.485799,0.000000,-6807.075155,0.000000,8475.485799,6807.075155,847.548580,680.707515,87.551837,96.132805,43.775918,48.066402,0.063830,68.000000,0.000000,40.000000,2.794397,2.772495
2,-2508.572745,0.000000,-664.731405,0.000000,2508.572745,664.731405,250.857274,66.473140,85.141319,92.626941,42.570659,46.313471,0.250000,68.000000,0.000000,40.000000,2.006307,1.940927
2,-3424.344350,0.000000,-1012.053627,0.000000,3424.344350,1012.053627,342.434435,101.205363,80.487115,85.918303,40.243557,42.959151,0.100000,68.000000,0.000000,40.000000,2.026728,1.849640
2,-8475.485799,0.000000,-6807.075155,0.000000,8475.485799,6807.075155,847.548580,680.707515,87.551837,96.132805,43.775918,48.066402,0.063830,68.000000,0.000000,40.000000,2.794397,2.772495
2,-2508.572745,0.000000,-664.731405,0.000000,2508.572745,664.731405,250.857274,66.473140,85.141319,92.626941,42.570659,46.313471,0.250000,68.000000,0.000000,40.000000,2.006307,1.940927
2,-8475.485799,0.000000,-6807.075155,0.000000,8475.485799,6807.075155,847.548580,680.707515,87.551837,96.132805,43.775918,48.066402,0.063830,68.000000,0.000000,40.000000,2.794397,2.772495
2,-3424.344350,0.000000,-1012.053627,0.000000,3424.344350,1012.053627,342.434435,101.205363,80.487115,85.918303,40.243557,42.959151,0.100000,68.000000,0.000000,40.000000,2.026728,1.849640
2,-2612.872745,0.000000,-769.031405,0.000000,2612.872745,769.031405,261.287274,76.903140,83.293572,90.937380,41.646786,45.468690,0.142857,68.000000,0.000000,40.000000,1.982299,1.920079
2,-3424.344350,0.000000,-1012.053627,0.000000,3424.344350,1012.053627,342.434435,101.205363,80.487115,85.918303,40.243557,42.959151,0.100000,68.000000,0.000000,40.000000,2.026728,1.849640
2,-8475.485799,0.000000,-6807.075155,0.000000,8475.485799,6807.075155,847.548580,680.707515,87.551837,96.132805,43.775918,48.066402,0.063830,68.000000,0.000000,40.000000,2.794397,2.772495
2,-2612.872745,0.000000,-769.031405,0.000000,2612.872745,769.031405,261.287274,76.903140,83.293572,90.937380,41.646786,45.468690,0.142857,68.000000,0.000000,40.000000,1.982299,1.920079
2,-2508.572745,0.000000,-664.731405,0.000000,2508.572745,664.731405,250.857274,66.473140,85.141319,92.626941,42.570659,46.313471,0.250000,68.000000,0.000000,40.000000,2.006307,1.940927
2,-8475.485799,0.000000,-6807.075155,0.000000,8475.485799,6807.075155,847.548580,680.707515,87.551837,96.132805,43.775918,48.066402,0.063830,68.000000,0.000000,40.000000,2.794397,2.772495
2,-8475.485799,0.000000,-6807.075155,0.000000,8475.485799,6807.075155,847.548580,680.707515,87.551837,96.132805,43.775918,48.066402,0.063830,68.000000,0.000000,40.000000,2.794397,2.772495
2,-2612.872745,0.000000,-769.031405,0.000000,2612.872745,769.031405,261.287274,76.903140,83.293572,90.937380,41.646786,45.468690,0.142857,68.000000,0.000000,40.000000,1.982299,1.920079
2,-3424.344350,0.000000,-1012.053627,0.000000,3424.344350,1012.053627,342.434435,101.205363,80.487115,85.918303,40.243557,42.959151,0.100000,68.000000,0.000000,40.000000,2.026728,1.849640
2,-8475.485799,0.000000,-6807.075155,0.000000,8475.485799,6807.075155,847.548580,680.707515,87.551837,96.132805,43.775918,48.066402,0.063830,68.000000,0.000000,40.000000,2.794397,2.772495
2,-1941.991535,0.000000,-769.031405,0.000000,1941.991535,769.031405,194.199153,76.903140,86.927304,90.937380,43.463652,45.468690,0.142857,327.000000,0.000000,40.000000,1.773241,1.920079
2,-2612.872745,0.000000,-769.031405,0.000000,2612.872745,769.031405,261.287274,76.903140,83.293572,90.937380,41.646786,45.468690,0.142857,68.000000,0.000000,40.000000,1.982299,1.920079
2,-8475.485799,0.000000,-6807.075155,0.000000,8475.485799,6807.075155,847.548580,680.707515,87.551837,96.132805,43.775918,48.066402,0.063830,68.000000,0.000000,40.000000,2.794397,2.772495
2,-2508.572745,0.000000,-664.731405,0.000000,2508.572745,664.731405,250.857274,66.473140,85.141319,92.626941,42.570659,46.313471,0.250000,68.000000,0.000000,40.000000,2.006307,1.940927
2,-2612.872745,0.000000,-769.031405,0.000000,2612.872745,769.031405,261.287274,76.903140,83.293572,90.937380,41.646786,45.468690,0.142857,68.000000,0.000000,40.000000,1.982299,1.920079
2,-2612.872745,0.000000,-769.031405,0.000000,2612.872745,769.031405,261.287274,76.903140,83.293572,90.937380,41.646786,45.468690,0.142857,68.000000,0.000000,40.000000,1.982299,1.920079
2,-8475.485799,0.000000,-6807.075155,0.000000,8475.485799,6807.075155,847.548580,680.707515,87.551837,96.132805,43.775918,48.066402,0.063830,68.000000,0.000000,40.000000,2.794397,2.772495
2,-8475.485799,0.000000,-6807.075155,0.000000,8475.485799,6807.075155,847.548580,680.707515,87.551837,96.132805,43.775918,48.066402,0.063830,68.000000,0.000000,40.000000,2.794397,2.772495
2,-3424.344350,0.000000,-1012.053627,0.000000,3424.344350,1012.053627,342.434435,101.205363,80.487115,85.918303,40.243557,42.959151,0.100000,68.000000,0.000000,40.000000,2.026728,1.849640
2,-2508.572745,0.000000,-664.731405,0.000000,2508.572745,664.731405,250.857274,66.473140,85.141319,92.626941,42.570659,46.313471,0.250000,68.000000,0.000000,40.000000,2.006307,1.940927
2,-2652.245584,0.000000,-542.231405,0.000000,2652.245584,542.231405,265.224558,54.223140,57.478743,50.000000,28.739371,25.000000,0.111111,52.000000,0.000000,25.000000,1.447459,0.000000
2,-2652.245584,0.000000,-542.231405,0.000000,2652.245584,542.231405,265.224558,54.223140,57.478743,50.000000,28.739371,25.000000,0.111111,52.000000,0.000000,25.000000,1.447459,0.000000
2,-2652.245584,0.000000,-542.231405,0.000000,2652.245584,542.231405,265.224558,54.223140,57.478743,50.000000,28.739371,25.000000,0.111111,52.000000,0.000000,25.000000,1.447459,0.000000
2,-2652.245584,0.000000,-542.231405,0.000000,2652.245584,542.231405,265.224558,54.223140,57.478743,50.000000,28.739371,25.000000,0.111111,52.000000,0.000000,25.000000,1.447459,0.000000
2,-2652.245584,0.000000,-542.231405,0.000000,2652.245584,542.231405,265.224558,54.223140,57.478743,50.000000,28.739371,25.000000,0.111111,52.000000,0.000000,25.000000,1.447459,0.000000
2,-2652.245584,0.000000,-542.231405,0.000000,2652.245584,542.231405,265.224558,54.223140,57.478743,50.000000,28.739371,25.000000,0.111111,52.000000,0.000000,25.000000,1.447459,0.000000
2,-2652.245584,0.000000,-542.231405,0.000000,2652.245584,542.231405,265.224558,54.223140,57.478743,50.000000,28.739371,25.000000,0.111111,52.000000,0.000000,25.000000,1.447459,0.000000
2,-2652.245584,0.000000,-542.231405,0.000000,2652.245584,542.231405,265.224558,54.223140,57.478743,50.000000,28.739371,25.000000,0.111111,52.000000,0.000000,25.000000,1.447459,0.000000
2,-2652.245584,0.000000,-542.231405,0.000000,2652.245584,542.231405,265.224558,54.223140,57.478743,50.000000,28.739371,25.000000,0.111111,52.000000,0.000000,25.000000,1.447459,0.000000
2,-1907.774108,0.000000,-1641.601268,0.000000,1907.774108,1641.601268,190.777411,164.160127,60.185678,48.281085,30.092839,24.140542,0.090909,15.000000,0.000000,30.000000,1.236423,0.000000
2,75.702292,0.000000,0.000000,0.000000,75.702292,0.000000,1800.000000,0.000000,11.274536,0.000000,5.637268,0.000000,1.000000,1424.000000,0.000000,5.000000,2.363949,0.000000
2,-14179.204152,0.000000,-5962.968471,0.000000,14179.204152,5962.968471,1417.920415,596.296847,83.573686,46.670292,41.786843,23.335146,0.166667,1145.000000,0.000000,40.000000,3.448832,0.000000
2,-45.030124,0.000000,0.000000,0.000000,57.464195,0.000000,259.520000,0.000000,29.681270,0.000000,14.840635,0.000000,1.000000,1361.000000,0.000000,10.000000,0.901329,0.000000
2,-9306.734694,0.000000,-5962.968471,0.000000,9306.734694,5962.968471,930.673469,596.296847,82.184132,46.670292,41.092066,23.335146,0.166667,1173.000000,0.000000,40.000000,2.714931,0.000000
2,-9306.734694,0.000000,-5962.968471,0.000000,9306.734694,5962.968471,930.673469,596.296847,82.184132,46.670292,41.092066,23.335146,0.166667,1173.000000,0.000000,40.000000,2.714931,0.000000
2,-5.431457,0.000000,0.000000,0.000000,13.917455,0.000000,481.055556,0.000000,20.305385,0.000000,10.152692,0.000000,1.000000,1395.000000,0.000000,10.000000,0.644068,0.000000
2,-51.418552,0.000000,0.000000,0.000000,63.852622,0.000000,259.520000,0.000000,29.681270,0.000000,14.840635,0.000000,1.000000,1361.000000,0.000000,10.000000,0.901329,0.000000
2,-9306.734694,0.000000,-5962.968471,0.000000,9306.734694,5962.968471,930.673469,596.296847,82.184132,46.670292,41.092066,23.335146,0.166667,1173.000000,0.000000,40.000000,2.714931,0.000000
2,-8722.592593,0.000000,0.000000,0.000000,8722.592593,0.000000,872.259259,0.000000,31.445570,0.000000,15.722785,0.000000,1.000000,1317.000000,0.000000,15.000000,1.707269,0.000000
2,-14179.204152,0.000000,-5962.968471,0.000000,14179.204152,5962.968471,1417.920415,596.296847,83.573686,46.670292,41.786843,23.335146,0.166667,1145.000000,0.000000,40.000000,3.448832,0.000000
2,-1.526514,0.000000,0.000000,0.000000,17.822398,0.000000,481.055556,0.000000,20.305385,0.000000,10.152692,0.000000,1.000000,1395.000000,0.000000,10.000000,0.644068,0.000000
2,-14179.204152,0.000000,-5962.968471,0.000000,14179.204152,5962.968471,1417.920415,596.296847,83.573686,46.670292,41.786843,23.335146,0.166667,1145.000000,0.000000,40.000000,3.448832,0.000000
2,-14179.204152,0.000000,-5962.968471,0.000000,14179.204152,5962.968471,1417.920415,596.296847,83.573686,46.670292,41.786843,23.335146,0.166667,1145.000000,0.000000,40.000000,3.448832,0.000000
2,-9306.734694,0.000000,-5962.968471,0.000000,9306.734694,5962.968471,930.673469,596.296847,82.184132,46.670292,41.092066,23.335146,0.166667,1173.000000,0.000000,40.000000,2.714931,0.000000
3,-123.615042,0.000000,-1440.000000,0.000000,141.793121,1440.000000,157.270408,144.000000,76.549623,38.831366,38.274811,19.415683,0.250000,136.000000,0.000000,35.000000,1.725641,0.000000
3,-7200.000000,0.000000,0.000000,0.000000,7200.000000,0.000000,720.000000,0.000000,52.182351,0.000000,26.091175,0.000000,1.000000,438.000000,0.000000,25.000000,3.236525,0.000000
3,-123.615042,0.000000,-1440.000000,0.000000,141.793121,1440.000000,157.270408,144.000000,76.549623,38.831366,38.274811,19.415683,0.250000,136.000000,0.000000,35.000000,1.725641,0.000000
3,-18456.200000,0.000000,-22050.000000,0.000000,18456.200000,22050.000000,1845.620000,2205.000000,72.224179,38.580410,36.112090,19.290205,0.125000,102.000000,0.000000,35.000000,3.717323,0.000000
3,-1240.400000,0.000000,-1080.000000,0.000000,1240.400000,1080.000000,124.040000,108.000000,74.542550,43.971711,37.271275,21.985855,0.125000,102.000000,0.000000,35.000000,1.616770,0.000000
3,-18456.200000,0.000000,-22050.000000,0.000000,18456.200000,22050.000000,1845.620000,2205.000000,72.224179,38.580410,36.112090,19.290205,0.125000,102.000000,0.000000,35.000000,3.717323,0.000000
3,-1008.720661,0.000000,-777.520661,0.000000,1008.720661,777.520661,100.872066,77.752066,59.977406,28.905236,29.988703,14.452618,0.125000,102.000000,0.000000,25.000000,1.296548,0.000000
3,-1240.400000,0.000000,-1080.000000,0.000000,1240.400000,1080.000000,124.040000,108.000000,74.542550,43.971711,37.271275,21.985855,0.125000,102.000000,0.000000,35.000000,1.616770,0.000000
3,-681.200000,0.000000,-450.000000,0.000000,681.200000,450.000000,68.120000,45.000000,67.184559,36.054323,33.592279,18.027161,0.200000,102.000000,0.000000,30.000000,1.399860,0.000000
3,-1053.145661,0.000000,-234.852071,0.000000,1053.145661,234.852071,105.314566,23.485207,60.324504,34.511298,30.162252,17.255649,0.111111,94.000000,0.000000,30.000000,1.302731,0.000000
3,-1168.186983,0.000000,-668.518519,0.000000,1168.186983,668.518519,116.818698,66.851852,75.386117,43.170474,37.693058,21.585237,0.111111,155.000000,0.000000,35.000000,1.618287,0.000000
3,-21755.069444,0.000000,-27701.955556,0.000000,21755.069444,27701.955556,2175.506944,2770.195556,70.293871,42.995810,35.146936,21.497905,0.111111,155.000000,0.000000,35.000000,4.055186,0.000000
3,-1168.186983,0.000000,-668.518519,0.000000,1168.186983,668.518519,116.818698,66.851852,75.386117,43.170474,37.693058,21.585237,0.111111,155.000000,0.000000,35.000000,1.618287,0.000000
3,-21755.069444,0.000000,-27701.955556,0.000000,21755.069444,27701.955556,2175.506944,2770.195556,70.293871,42.995810,35.146936,21.497905,0.111111,155.000000,0.000000,35.000000,4.055186,0.000000
3,-725.625000,0.000000,-450.000000,0.000000,725.625000,450.000000,72.562500,45.000000,66.950702,40.794274,33.475351,20.397137,0.200000,155.000000,0.000000,30.000000,1.394848,0.000000
3,-690.580553,0.000000,-600.000000,0.000000,690.580553,600.000000,69.058055,60.000000,59.835759,49.005133,29.917880,24.502567,0.125000,189.000000,0.000000,25.000000,1.258703,0.000000
3,-690.580553,0.000000,-600.000000,0.000000,690.580553,600.000000,69.058055,60.000000,59.835759,49.005133,29.917880,24.502567,0.125000,189.000000,0.000000,25.000000,1.258703,0.000000
3,-23992.384719,0.000000,-25993.248457,0.000000,23992.384719,25993.248457,2399.238472,2599.324846,82.004384,47.252487,41.002192,23.626244,0.166667,124.000000,0.000000,40.000000,4.616390,0.000000
3,-23992.384719,0.000000,-25993.248457,0.000000,23992.384719,25993.248457,2399.238472,2599.324846,82.004384,47.252487,41.002192,23.626244,0.166667,124.000000,0.000000,40.000000,4.616390,0.000000
3,-1473.379219,0.000000,-1510.205917,0.000000,1473.379219,1510.205917,147.337922,151.020592,64.118323,84.481366,32.059161,42.240683,0.100000,403.000000,0.000000,30.000000,1.416381,1.883458
3,-1473.379219,0.000000,-1510.205917,0.000000,1473.379219,1510.205917,147.337922,151.020592,64.118323,84.481366,32.059161,42.240683,0.100000,403.000000,0.000000,30.000000,1.416381,1.883458
3,-12684.786954,0.000000,-13588.098056,0.000000,12684.786954,13588.098056,1268.478695,1358.809806,52.907900,47.456893,26.453950,23.728447,0.090909,36.000000,0.000000,25.000000,2.604494,0.000000
3,-12684.786954,0.000000,-13588.098056,0.000000,12684.786954,13588.098056,1268.478695,1358.809806,52.907900,47.456893,26.453950,23.728447,0.090909,36.000000,0.000000,25.000000,2.604494,0.000000
3,-22365.801038,0.000000,-25222.622702,0.000000,22365.801038,25222.622702,2236.580104,2522.262270,54.002208,47.142498,27.001104,23.571249,0.166667,158.000000,0.000000,25.000000,3.838255,0.000000
3,-1149.245483,0.000000,-1251.005917,0.000000,1149.245483,1251.005917,114.924548,125.100592,58.913092,48.524334,29.456546,24.262167,0.090909,158.000000,0.000000,25.000000,1.289607,0.000000
3,-1149.245483,0.000000,-1251.005917,0.000000,1149.245483,1251.005917,114.924548,125.100592,58.913092,48.524334,29.456546,24.262167,0.090909,158.000000,0.000000,25.000000,1.289607,0.000000
3,-22365.801038,0.000000,-25222.622702,0.000000,22365.801038,25222.622702,2236.580104,2522.262270,54.002208,47.142498,27.001104,23.571249,0.166667,158.000000,0.000000,25.000000,3.838255,0.000000
3,-624.801038,0.000000,-259.200000,0.000000,624.801038,259.200000,62.480104,25.920000,42.126981,39.103610,21.063490,19.551805,0.125000,158.000000,0.000000,20.000000,0.888366,0.000000
3,-27205.401379,0.000000,-25065.223081,0.000000,27205.401379,25065.223081,2720.540138,2506.522308,66.977493,48.348670,33.488747,24.174335,0.125000,580.000000,0.000000,30.000000,4.603910,0.000000
3,-27205.401379,0.000000,-25065.223081,0.000000,27205.401379,25065.223081,2720.540138,2506.522308,66.977493,48.348670,33.488747,24.174335,0.125000,580.000000,0.000000,30.000000,4.603910,0.000000
4,-1890.248210,0.000000,-1335.144043,0.000000,1890.248210,1335.144043,189.024821,133.514404,55.903559,50.000000,27.951780,25.000000,0.041667,27.000000,0.000000,25.000000,1.284700,0.000000
4,-1095.859722,0.000000,-540.755556,0.000000,1095.859722,540.755556,109.585972,54.075556,12.562549,10.288881,6.281274,5.144440,0.086957,27.000000,0.000000,5.000000,0.318274,0.000000
4,-1890.248210,0.000000,-1335.144043,0.000000,1890.248210,1335.144043,189.024821,133.514404,55.903559,50.000000,27.951780,25.000000,0.041667,27.000000,0.000000,25.000000,1.284700,0.000000
4,-37408.268155,0.000000,-37307.351743,0.000000,37408.268155,37307.351743,3740.826816,3730.735174,54.207800,47.942488,27.103900,23.971244,0.041667,27.000000,0.000000,25.000000,5.681251,0.000000
4,-1890.248210,0.000000,-1335.144043,0.000000,1890.248210,1335.144043,189.024821,133.514404,55.903559,50.000000,27.951780,25.000000,0.041667,27.000000,0.000000,25.000000,1.284700,0.000000
4,-37408.268155,0.000000,-37307.351743,0.000000,37408.268155,37307.351743,3740.826816,3730.735174,54.207800,47.942488,27.103900,23.971244,0.041667,27.000000,0.000000,25.000000,5.681251,0.000000
4,-37393.919544,0.000000,-36526.067590,0.000000,37393.919544,36526.067590,3739.391954,3652.606759,52.896138,48.087675,26.448069,24.043838,0.086957,42.000000,0.000000,25.000000,5.653198,0.000000
4,-37393.919544,0.000000,-36526.067590,0.000000,37393.919544,36526.067590,3739.391954,3652.606759,52.896138,48.087675,26.448069,24.043838,0.086957,42.000000,0.000000,25.000000,5.653198,0.000000
2,-2999.296677,0.000000,0.000000,0.000000,2999.296677,0.000000,299.929668,0.000000,69.601036,0.000000,34.800518,0.000000,1.000000,2895.000000,0.000000,30.000000,1.677189,0.000000
3,-2312.000000,0.000000,0.000000,0.000000,2312.000000,0.000000,231.200000,0.000000,43.272848,0.000000,21.636424,0.000000,1.000000,2697.000000,0.000000,20.000000,1.141633,0.000000
