chi,dp_norm,coh,stab,rad,size,ratio
0.142857,0.298444,4.200000,0.895511,1.618182,11.000000,0.807692
0.250000,0.080466,3.454545,3.183467,1.850000,25.000000,0.775510
0.166667,0.038820,4.000000,1.388492,1.794118,17.000000,0.800000
0.166667,0.915653,5.000000,0.743828,1.464286,8.000000,0.833333
0.166667,0.697874,1.600000,2.502621,1.466667,6.000000,0.615385
0.111111,0.324298,1.439024,4.524266,1.960145,24.000000,0.590000
0.058824,0.442344,1.514286,3.943234,1.943723,22.000000,0.602273
0.083333,0.252309,2.187500,4.159482,1.515152,12.000000,0.686275
0.083333,0.860088,2.054054,6.854618,1.858462,26.000000,0.672566
0.200000,0.086584,2.937500,5.461827,1.805263,20.000000,0.746032
0.200000,0.377423,2.333333,6.311693,1.300000,5.000000,0.700000
0.142857,0.294648,2.000000,5.483170,1.428571,7.000000,0.666667
0.142857,0.148161,1.718750,7.445047,1.691176,17.000000,0.632184
0.111111,0.181961,2.227273,7.202047,1.861905,21.000000,0.690141
0.111111,0.814283,4.250000,6.038856,1.611111,9.000000,0.809524
0.111111,0.155581,2.115385,9.646959,1.710526,20.000000,0.679012
0.071429,0.094602,2.333333,8.880709,1.650000,16.000000,0.700000
0.111111,0.733351,1.916667,3.263583,1.388889,9.000000,0.657143
0.200000,0.309316,1.595745,7.537929,1.703557,23.000000,0.614754
0.157895,0.455803,3.333333,2.623597,1.725275,14.000000,0.769231
0.066667,0.599368,1.292308,9.002604,1.806154,26.000000,0.563758
0.142857,0.737885,1.090909,10.271130,1.476190,7.000000,0.521739
0.142857,0.211700,1.733333,14.456248,1.894872,40.000000,0.634146
0.111111,0.338197,2.173913,8.696614,1.673203,18.000000,0.684932
0.100000,0.634299,3.333333,2.623597,1.725275,14.000000,0.769231
0.071429,0.469966,1.571429,8.317911,1.549451,14.000000,0.611111
0.083333,0.044586,2.108696,15.582552,1.975379,33.000000,0.678322
0.083333,0.062500,2.888889,9.944742,1.810277,23.000000,0.742857
0.100000,0.132781,1.777778,13.512849,1.722944,22.000000,0.640000
0.100000,0.338212,2.888889,9.441174,1.618182,11.000000,0.742857
0.083333,0.057429,1.848485,16.644562,1.709524,21.000000,0.648936
0.071429,0.186394,1.906250,14.538490,1.709524,21.000000,0.655914
0.071429,0.202050,1.571429,8.317911,1.549451,14.000000,0.611111
0.076923,0.033432,2.821429,11.427651,1.855072,24.000000,0.738318
0.076923,0.224066,2.104167,15.897607,1.969697,34.000000,0.677852
0.076923,0.228029,1.541667,6.338669,1.647619,15.000000,0.606557
0.100000,0.047206,2.166667,11.127288,1.618182,11.000000,0.684211
0.100000,0.291575,2.518519,10.108867,1.780952,21.000000,0.715789
0.100000,0.375651,3.571429,9.128249,1.488889,10.000000,0.781250
0.166667,0.957371,1.090909,10.271130,1.476190,7.000000,0.521739
0.166667,0.159374,2.150000,13.029190,1.891626,29.000000,0.682540
0.090909,1.000000,1.571429,6.692670,1.600000,11.000000,0.611111
0.083333,0.264105,3.368421,9.938736,1.814286,21.000000,0.771084
0.100000,0.048475,2.104167,15.200549,1.969697,34.000000,0.677852
0.200000,0.713145,1.703704,9.779051,1.609524,15.000000,0.630137
0.035714,0.182893,3.730769,11.707620,1.878307,28.000000,0.788618
0.035714,0.221566,2.485714,12.699112,2.254032,32.000000,0.713115
0.111111,0.319714,2.333333,14.304409,2.331092,35.000000,0.700000
0.111111,0.093439,2.333333,14.304409,2.331092,35.000000,0.700000
0.068966,0.249938,2.515152,7.718855,2.247312,31.000000,0.715517
0.068966,0.103160,2.944444,12.659851,1.884236,29.000000,0.746479
0.068966,0.923434,2.515152,7.718855,2.247312,31.000000,0.715517
0.068966,0.103160,2.944444,12.659851,1.884236,29.000000,0.746479
0.111111,0.744416,2.333333,14.304409,2.331092,35.000000,0.700000
0.035714,0.469262,2.485714,12.699112,2.254032,32.000000,0.713115
0.035714,0.182893,3.730769,11.707620,1.878307,28.000000,0.788618
0.035714,0.182893,3.730769,11.707620,1.878307,28.000000,0.788618
0.035714,0.833231,2.485714,12.699112,2.254032,32.000000,0.713115
0.076923,0.203153,2.866667,12.463124,1.843333,25.000000,0.741379
0.115385,0.255369,2.237288,15.572022,2.033223,43.000000,0.691099
0.115385,0.307119,2.420000,15.292706,2.019231,40.000000,0.707602
0.115385,0.273993,2.367347,14.969316,2.014845,39.000000,0.703030
0.166667,0.062500,2.000000,7.488714,1.466667,6.000000,0.666667
0.166667,0.332597,1.600000,19.833395,1.466667,6.000000,0.615385
0.166667,0.062500,2.000000,7.488714,1.466667,6.000000,0.666667
0.166667,0.287359,1.600000,19.833395,1.466667,6.000000,0.615385
0.032258,0.837666,2.680851,15.197537,1.910985,33.000000,0.728324
0.032258,0.209589,3.114286,13.782435,1.901075,31.000000,0.756944
0.125000,0.849970,2.723404,15.359728,1.934046,34.000000,0.731429
0.125000,0.115897,2.545455,13.011417,1.545455,11.000000,0.717949
0.100000,0.790213,6.750000,11.312200,1.444444,10.000000,0.870968
0.125000,0.239604,3.400000,12.749480,1.910345,30.000000,0.772727
0.066667,0.127508,3.046512,15.211033,1.900178,34.000000,0.752874
0.071429,0.492243,1.391304,8.999824,1.736264,14.000000,0.581818
0.071429,0.552427,1.815789,20.125394,2.026578,43.000000,0.644860
0.142857,0.574425,1.555556,11.620706,1.333333,7.000000,0.608696
0.142857,0.724302,2.166667,8.674356,1.500000,13.000000,0.684211
0.125000,0.813552,1.909091,10.298903,1.695238,15.000000,0.656250
0.200000,0.266179,2.300000,8.755043,1.533333,10.000000,0.696970
0.142857,0.012048,1.666667,26.261457,1.523810,7.000000,0.625000
0.100000,0.135809,1.872340,14.302406,1.921839,30.000000,0.651852
0.071429,0.036909,2.410714,17.662337,1.960961,37.000000,0.706806
0.142857,0.009901,1.666667,26.261457,1.523810,7.000000,0.625000
0.285714,0.055595,2.200000,7.413088,1.266667,6.000000,0.687500
0.142857,0.184307,2.105263,15.776440,1.904412,17.000000,0.677966
0.071429,0.319741,1.407407,19.214325,1.657143,15.000000,0.584615
0.071429,0.191444,2.285714,16.183597,1.736264,14.000000,0.695652
0.142857,0.184307,2.105263,15.776440,1.904412,17.000000,0.677966
0.045455,0.515956,1.608696,6.633719,1.679654,22.000000,0.616667
0.125000,0.927758,1.432836,12.071905,2.000000,32.000000,0.588957
0.111111,0.180261,1.619048,16.750294,1.576923,13.000000,0.618182
0.090909,0.258395,2.153846,11.459102,1.563636,11.000000,0.682927
0.250000,0.047619,2.444444,13.497290,1.511111,10.000000,0.709677
0.142857,0.336207,1.200000,7.787592,1.476190,7.000000,0.545455
0.045455,0.927758,1.432836,12.071905,2.000000,32.000000,0.588957
0.045455,0.179706,1.541667,8.297489,1.679654,22.000000,0.606557
0.090909,0.082207,2.157895,16.884338,1.775000,16.000000,0.683333
0.090909,0.021974,1.529412,14.200494,1.717949,13.000000,0.604651
0.222222,0.529230,1.545455,11.395292,1.555556,9.000000,0.607143
0.222222,0.970477,1.280000,12.357496,1.560606,12.000000,0.561404
0.166667,0.247417,1.539474,15.687829,1.992063,36.000000,0.606218
0.142857,0.829912,1.200000,15.376180,1.695238,15.000000,0.545455
0.111111,0.199969,2.000000,17.190251,1.444444,9.000000,0.666667
0.111111,0.283900,1.484848,8.890229,1.880952,21.000000,0.597561
0.076923,0.101545,1.761905,17.622254,1.604396,14.000000,0.637931
0.100000,0.171873,1.500000,11.493023,2.015385,26.000000,0.600000
0.100000,0.020408,1.565217,20.170566,1.200000,10.000000,0.610169
0.100000,0.940201,3.250000,13.196630,1.466667,10.000000,0.764706
0.043478,1.000000,1.666667,10.941603,1.683794,23.000000,0.625000
0.200000,1.000000,1.687500,7.388065,1.692308,13.000000,0.627907
0.250000,0.203708,1.166667,13.363998,1.956667,25.000000,0.538462
0.100000,0.160190,0.948718,16.737849,2.008547,27.000000,0.486842
0.090909,0.192863,1.933333,20.186413,1.761905,21.000000,0.659091
0.100000,0.124425,1.588235,12.847424,1.997537,29.000000,0.613636
0.111111,0.188554,1.700000,24.774073,1.527778,9.000000,0.629630
0.090909,0.084319,1.500000,15.054996,2.042683,41.000000,0.600000
0.062500,0.452690,1.400000,11.435688,1.885714,21.000000,0.583333
0.062500,0.258634,1.538462,22.384375,1.700000,16.000000,0.606061
0.111111,0.568852,1.166667,13.363998,1.956667,25.000000,0.538462
0.111111,0.233382,2.125000,23.369911,1.527778,9.000000,0.680000
0.111111,0.493098,1.652174,13.259599,1.790476,15.000000,0.622951
0.125000,0.610398,1.777778,11.697552,1.428571,8.000000,0.640000
0.074074,0.179050,1.525773,14.762945,2.020513,40.000000,0.604082
0.074074,0.776371,0.948718,16.737849,2.008547,27.000000,0.486842
0.125000,1.000000,1.190476,19.777071,1.625000,16.000000,0.543478
0.125000,0.172905,2.043478,14.258402,1.732026,18.000000,0.671429
0.045455,0.384633,1.823529,14.313974,1.904762,22.000000,0.645833
0.045455,0.035372,1.656566,16.891614,2.032115,43.000000,0.623574
0.090909,0.099789,1.709091,15.538260,1.995699,31.000000,0.630872
0.200000,0.195768,1.619048,16.750294,1.576923,13.000000,0.618182
0.090909,0.049891,1.774194,21.364861,1.678363,19.000000,0.639535
0.100000,0.509786,1.615385,23.312625,1.533333,10.000000,0.617647
0.052632,0.719843,2.833333,24.344368,1.666667,19.000000,0.739130
0.052632,0.841411,0.933333,18.672957,1.898551,24.000000,0.482759
0.117647,0.198846,1.542857,19.850466,1.602941,17.000000,0.606742
0.166667,0.048780,2.666667,23.154190,1.466667,6.000000,0.727273
0.166667,0.584844,3.250000,10.713493,1.727273,12.000000,0.764706
0.142857,0.774218,2.344828,21.167988,1.666667,19.000000,0.701031
0.166667,0.144656,1.774194,20.927656,1.678363,19.000000,0.639535
0.250000,0.354430,1.500000,11.493023,2.015385,26.000000,0.600000
0.125000,1.000000,1.190476,19.777071,1.625000,16.000000,0.543478
0.058824,0.368781,2.789474,15.195378,1.669118,17.000000,0.736111
0.250000,0.255814,2.000000,11.111363,1.000000,4.000000,0.666667
0.250000,0.089134,1.812500,19.086638,1.692308,13.000000,0.644444
0.071429,0.071429,1.736842,12.735355,1.637363,14.000000,0.634615
0.071429,0.275046,3.071429,17.313794,1.791667,16.000000,0.754386
0.111111,0.370578,3.600000,20.172281,1.500000,9.000000,0.782609
0.125000,0.686843,1.538462,15.601358,1.285714,8.000000,0.606061
0.125000,0.009524,1.630769,21.231324,2.085973,52.000000,0.619883
0.125000,0.801416,2.727273,18.172880,1.985222,29.000000,0.731707
0.083333,0.962374,0.933333,18.672957,1.898551,24.000000,0.482759
0.083333,0.315354,1.666667,22.521235,1.678363,19.000000,0.625000
0.076923,0.100068,1.604167,23.080055,1.906667,25.000000,0.616000
0.076923,0.200000,1.557692,21.886253,1.951567,27.000000,0.609023
0.166667,0.480570,3.000000,15.031838,1.743590,13.000000,0.750000
0.100000,0.010309,2.818182,19.505262,2.191667,16.000000,0.738095
0.105263,1.000000,1.687500,7.388065,1.692308,13.000000,0.627907
0.105263,1.000000,1.574468,9.884675,1.679654,22.000000,0.611570
0.166667,0.301636,3.583333,20.704172,1.907692,26.000000,0.781818
0.074074,0.190862,1.566176,22.827775,2.105951,53.000000,0.610315
0.074074,0.840377,1.557692,21.886253,1.951567,27.000000,0.609023
0.083333,0.219283,1.634615,18.263174,2.033827,44.000000,0.620438
0.100000,0.027523,2.071429,22.202789,1.802198,14.000000,0.674419
0.076923,0.234060,2.081633,17.695403,2.017045,33.000000,0.675497
0.034483,0.285140,2.014286,24.435747,1.837121,33.000000,0.668246
0.034483,0.059281,2.046512,19.079419,1.869458,29.000000,0.671756
0.142857,0.038507,2.400000,12.445666,1.476190,7.000000,0.705882
0.083333,0.113958,1.500000,26.512223,1.818182,12.000000,0.600000
0.083333,0.606204,1.689655,14.750351,1.661765,17.000000,0.628205
0.071429,0.524421,1.639175,16.674955,2.030197,42.000000,0.621094
0.100000,0.435304,2.375000,25.231431,1.577778,10.000000,0.703704
0.100000,0.349464,1.942857,16.141292,1.826087,24.000000,0.660194
0.038462,0.393238,3.583333,20.704172,1.907692,26.000000,0.781818
0.038462,0.316186,2.071429,23.277169,1.815271,29.000000,0.674419
0.100000,0.121421,3.125000,16.043066,2.175824,14.000000,0.757576
0.100000,0.477007,2.375000,23.100812,1.577778,10.000000,0.703704
0.086957,0.107708,2.939394,22.577992,1.671937,23.000000,0.746154
0.086957,0.452046,1.666667,20.037577,1.862319,24.000000,0.625000
0.074074,0.316186,2.071429,23.277169,1.815271,29.000000,0.674419
0.074074,1.000000,1.557692,21.886253,1.951567,27.000000,0.609023
0.058824,0.291097,1.684615,24.906709,1.981224,50.000000,0.627507
0.125000,0.390943,1.818182,26.258275,1.709091,11.000000,0.645161
0.125000,0.080896,1.260417,24.131919,1.915323,32.000000,0.557604
0.200000,0.048482,2.448276,28.879941,1.795238,21.000000,0.710000
0.200000,1.000000,2.448276,28.879941,1.795238,21.000000,0.710000
0.040000,0.232266,2.055556,13.774555,1.936667,25.000000,0.672727
0.040000,0.617150,1.603774,18.829322,2.033827,44.000000,0.615942
0.050000,0.142857,1.967742,19.049789,1.678947,20.000000,0.663043
0.050000,0.119273,1.809524,22.673503,2.008403,35.000000,0.644068
0.090909,0.498284,1.538462,26.761335,1.636364,11.000000,0.606061
0.090909,0.134100,1.812500,24.637134,1.802198,14.000000,0.644444
0.058824,0.414115,2.518519,20.054441,2.106410,40.000000,0.715789
0.058824,0.550928,1.633333,15.352180,1.661765,17.000000,0.620253
0.058824,0.047619,1.375000,6.491044,1.823529,17.000000,0.578947
0.058824,0.182011,2.323077,23.647090,2.101883,43.000000,0.699074
0.058824,0.047619,1.375000,6.491044,1.823529,17.000000,0.578947
0.058824,0.354641,2.323077,23.647090,2.101883,43.000000,0.699074
0.060606,0.414115,2.518519,20.054441,2.106410,40.000000,0.715789
0.060606,0.018717,1.203704,25.632886,1.903409,33.000000,0.546218
0.080000,0.172298,1.656566,20.904273,1.937805,41.000000,0.623574
0.080000,0.221265,2.939394,22.577992,1.671937,23.000000,0.746154
0.074074,0.282368,1.558442,21.396908,1.883871,31.000000,0.609137
0.166667,0.062899,2.163636,22.343667,1.967914,34.000000,0.683908
0.125000,0.215533,3.200000,21.930777,1.650000,16.000000,0.761905
0.052632,0.439509,2.240000,22.674748,1.789474,19.000000,0.691358
0.055556,0.273946,1.833333,15.053466,1.660131,18.000000,0.647059
0.088235,0.828491,1.403226,18.643972,1.883077,26.000000,0.583893
0.088235,0.757634,7.384615,21.458150,1.614719,22.000000,0.880734
0.071429,0.155743,1.800000,24.050249,1.824176,14.000000,0.642857
0.071429,0.760868,1.176471,25.879927,1.921008,35.000000,0.540541
0.054054,0.741820,1.190476,25.724458,1.929429,37.000000,0.543478
0.054054,0.260434,2.378788,23.957092,2.120202,45.000000,0.704036
0.090909,0.052632,2.538462,10.004453,2.033333,25.000000,0.717391
0.045455,0.235520,3.842105,20.027097,1.787879,22.000000,0.793478
0.045455,0.813342,1.297297,19.498620,1.915344,28.000000,0.564706
0.054054,0.289330,2.378788,23.957092,2.120202,45.000000,0.704036
0.054054,0.741820,1.190476,25.724458,1.929429,37.000000,0.543478
0.200000,0.003262,3.500000,17.853730,1.300000,5.000000,0.777778
0.200000,0.760868,1.176471,25.879927,1.921008,35.000000,0.540541
0.090909,0.169765,1.812500,24.637134,1.802198,14.000000,0.644444
0.060606,0.766761,1.166667,26.111500,1.921008,35.000000,0.538462
0.210526,0.828491,1.403226,18.643972,1.883077,26.000000,0.583893
0.125000,1.000000,1.888889,8.584896,1.392857,8.000000,0.653846
0.125000,0.758200,2.163636,22.343667,1.967914,34.000000,0.683908
0.047619,0.795275,2.750000,23.937038,1.858462,26.000000,0.733333
0.047619,0.128927,2.181818,27.190978,1.852814,22.000000,0.685714
0.200000,0.739747,2.357143,23.828668,1.894089,29.000000,0.702128
0.047619,0.795275,2.750000,23.937038,1.858462,26.000000,0.733333
0.047619,1.000000,2.181818,27.190978,1.852814,22.000000,0.685714
0.033333,0.230677,1.948052,24.910440,1.830660,34.000000,0.660793
0.033333,0.759044,2.377778,23.662573,1.882759,30.000000,0.703947
0.125000,0.802327,2.233333,22.186846,1.981982,37.000000,0.690722
0.125000,0.122165,1.625000,26.499297,1.571429,8.000000,0.619048
0.125000,0.418585,2.240000,22.674748,1.789474,19.000000,0.691358
0.047619,0.265227,2.441860,21.111630,1.926136,33.000000,0.709459
0.047619,0.027778,1.306122,18.358516,1.776190,21.000000,0.566372
0.250000,0.105263,4.000000,19.214219,1.333333,4.000000,0.800000
0.166667,0.284898,2.303030,28.367547,1.861660,23.000000,0.697248
0.166667,0.051252,2.303030,28.367547,1.861660,23.000000,0.697248
0.250000,0.105263,4.000000,19.214219,1.333333,4.000000,0.800000
0.071429,0.359897,1.620000,25.769749,1.951567,27.000000,0.618321
0.071429,1.000000,1.620000,25.769749,1.951567,27.000000,0.618321
0.083333,0.044142,1.500000,28.146723,1.636364,12.000000,0.600000
0.200000,1.000000,2.225806,11.579764,2.074074,27.000000,0.690000
0.100000,0.142586,2.105263,23.604367,1.876812,24.000000,0.677966
0.100000,0.152620,2.194444,28.389607,1.880435,24.000000,0.686957
0.100000,0.294074,2.194444,28.389607,1.880435,24.000000,0.686957
0.052632,1.000000,1.687500,19.366769,1.684211,19.000000,0.627907
0.052632,0.096366,1.361702,17.779186,1.776190,21.000000,0.576577
0.142857,0.099941,2.375000,28.193010,1.861660,23.000000,0.703704
0.142857,0.411634,2.375000,28.193010,1.861660,23.000000,0.703704
0.047619,0.069352,1.254902,21.391583,1.776190,21.000000,0.556522
0.047619,0.379092,2.460000,20.985717,1.941441,37.000000,0.710983
0.083333,0.004821,1.375000,7.505239,1.823529,17.000000,0.578947
0.083333,0.088119,1.375000,8.435255,1.823529,17.000000,0.578947
0.083333,0.553625,2.378788,23.957092,2.120202,45.000000,0.704036
0.166667,0.838590,3.204082,26.553558,2.120202,45.000000,0.762136
0.166667,0.490446,4.000000,22.204381,1.533333,6.000000,0.800000
0.055556,0.553625,2.378788,23.957092,2.120202,45.000000,0.704036
0.055556,0.244831,1.774194,18.725814,1.660131,18.000000,0.639535
0.083333,0.088119,1.375000,8.435255,1.823529,17.000000,0.578947
0.083333,0.566903,2.378788,23.957092,2.120202,45.000000,0.704036
0.055556,0.273984,1.774194,18.151832,1.660131,18.000000,0.639535
0.055556,0.244831,1.774194,18.725814,1.660131,18.000000,0.639535
0.055556,0.566903,2.378788,23.957092,2.120202,45.000000,0.704036
0.166667,0.726572,3.204082,26.553558,2.120202,45.000000,0.762136
0.166667,0.490446,4.000000,22.204381,1.533333,6.000000,0.800000
0.166667,0.720903,3.204082,26.553558,2.120202,45.000000,0.762136
0.166667,0.490446,4.000000,22.204381,1.533333,6.000000,0.800000
0.142857,0.007559,3.218750,22.542820,1.864516,31.000000,0.762963
0.066667,0.129649,1.560000,26.491015,1.628571,15.000000,0.609375
0.066667,0.237430,1.026316,17.820990,1.800000,16.000000,0.506494
0.047619,0.039792,1.306122,24.289368,1.776190,21.000000,0.566372
0.047619,0.423973,2.729167,22.471630,1.963563,39.000000,0.731844
0.038462,0.301974,3.318182,21.618725,2.113846,26.000000,0.768421
0.038462,0.519201,3.121212,22.955056,1.864516,31.000000,0.757353
0.083333,0.154521,3.258621,27.608111,2.148235,51.000000,0.765182
0.083333,0.177546,3.258621,27.608111,2.148235,51.000000,0.765182
0.142857,0.031197,2.521739,20.848237,1.789474,19.000000,0.716049
0.083333,0.173210,3.258621,27.608111,2.148235,51.000000,0.765182
0.250000,0.025731,1.444444,28.040783,1.571429,8.000000,0.590909
0.047619,0.262173,1.254902,26.531558,1.776190,21.000000,0.556522
0.047619,0.412950,2.940000,23.099372,1.977933,42.000000,0.746193
0.090909,0.631713,1.538462,26.761335,1.636364,11.000000,0.606061
0.090909,0.291594,1.774194,15.704907,1.660131,18.000000,0.639535
0.090909,0.124817,2.090909,22.973518,1.925926,27.000000,0.676471
0.200000,0.575814,4.000000,18.059403,1.200000,5.000000,0.800000
0.200000,0.197110,1.454545,26.406012,1.583333,9.000000,0.592593
0.076923,0.150525,1.823529,25.691803,1.962963,28.000000,0.645833
0.058824,0.113419,1.894737,24.772988,1.919118,17.000000,0.654545
0.058824,0.153663,1.320755,25.872271,1.770563,22.000000,0.569106
0.100000,0.200617,2.289474,29.112952,1.863333,25.000000,0.696000
0.100000,0.196054,3.000000,24.548665,1.644444,10.000000,0.750000
0.100000,0.196054,3.000000,24.548665,1.644444,10.000000,0.750000
0.100000,0.214194,2.289474,29.112952,1.863333,25.000000,0.696000
0.142857,0.122384,1.959184,28.693512,1.894587,27.000000,0.662069
0.058824,0.018382,1.285714,25.716830,1.794466,23.000000,0.562500
0.058824,0.209651,1.636364,25.814165,1.919118,17.000000,0.620690
0.090909,0.651670,1.538462,26.761335,1.636364,11.000000,0.606061
0.090909,0.732848,2.136364,19.907151,1.875862,30.000000,0.681159
0.142857,0.095186,1.959184,28.693512,1.894587,27.000000,0.662069
0.250000,0.482784,1.666667,28.146026,1.781818,11.000000,0.625000
0.083333,0.503014,1.114286,22.114874,1.800000,16.000000,0.527027
0.083333,0.527160,1.026316,17.820990,1.800000,16.000000,0.506494
0.083333,0.824604,3.258621,27.608111,2.148235,51.000000,0.765182
0.083333,0.527160,1.026316,17.820990,1.800000,16.000000,0.506494
0.083333,0.979549,3.258621,27.608111,2.148235,51.000000,0.765182
0.100000,0.219554,2.090909,10.456828,1.488889,10.000000,0.676471
0.083333,0.691753,3.258621,27.608111,2.148235,51.000000,0.765182
0.083333,0.527160,1.026316,17.820990,1.800000,16.000000,0.506494
0.083333,0.527160,1.026316,17.820990,1.800000,16.000000,0.506494
0.083333,0.746504,3.258621,27.608111,2.148235,51.000000,0.765182
0.125000,0.106752,1.846154,29.549837,1.894587,27.000000,0.648649
0.125000,0.084504,1.846154,29.549837,1.894587,27.000000,0.648649
0.111111,0.181220,2.351351,28.569479,1.863333,25.000000,0.701613
0.111111,0.165548,2.351351,28.569479,1.863333,25.000000,0.701613
0.083333,0.092155,2.363636,7.843744,1.606061,12.000000,0.702703
0.125000,0.436779,3.750000,26.239099,1.535714,8.000000,0.789474
0.125000,0.265294,1.617021,22.829828,1.866667,25.000000,0.617886
0.166667,0.265294,1.617021,22.829828,1.866667,25.000000,0.617886
0.166667,0.761508,4.333333,24.346577,2.000000,8.000000,0.812500
0.100000,0.264574,2.333333,28.212474,1.377778,10.000000,0.700000
0.062500,0.143689,1.571429,26.124701,1.633333,16.000000,0.611111
0.125000,0.080460,6.000000,16.639707,1.357143,8.000000,0.857143
0.111111,0.038607,2.222222,27.356117,1.500000,9.000000,0.689655
0.111111,0.082085,1.446154,25.779575,1.888889,28.000000,0.591195
0.250000,0.504720,2.200000,28.701450,1.266667,6.000000,0.687500
0.090909,0.796523,2.482759,28.006761,1.844156,22.000000,0.712871
0.090909,0.250745,2.482759,28.006761,1.844156,22.000000,0.712871
0.125000,0.043539,1.872727,25.914646,1.940887,29.000000,0.651899
0.055556,0.011765,1.909091,29.464750,1.825397,36.000000,0.656250
0.055556,0.017857,1.909091,29.464750,1.825397,36.000000,0.656250
0.055556,0.015877,1.909091,29.464750,1.825397,36.000000,0.656250
0.066667,0.135330,1.446154,25.779575,1.888889,28.000000,0.591195
0.055556,0.025000,1.909091,29.464750,1.825397,36.000000,0.656250
0.083333,0.004985,2.549550,25.204563,1.880987,53.000000,0.718274
0.083333,0.129032,2.846154,19.020851,1.525641,13.000000,0.740000
0.090909,0.018900,1.718750,26.210796,1.640523,18.000000,0.632184
0.052632,0.090701,1.063830,25.340064,1.931034,30.000000,0.515464
0.052632,0.045101,1.533333,23.394752,1.900585,19.000000,0.605263
0.052632,0.085668,3.775000,26.452302,1.956410,40.000000,0.790576
0.052632,0.045101,1.533333,23.394752,1.900585,19.000000,0.605263
0.200000,0.045101,1.533333,23.394752,1.900585,19.000000,0.605263
0.066667,0.091747,2.714286,23.172296,1.457143,15.000000,0.730769
0.066667,0.382521,1.886792,27.277177,1.843305,27.000000,0.653595
0.200000,0.292867,2.800000,23.421301,1.722222,9.000000,0.736842
0.066667,0.091747,2.714286,23.172296,1.457143,15.000000,0.730769
0.066667,0.245295,1.886792,27.277177,1.843305,27.000000,0.653595
0.166667,0.781280,3.258621,27.608111,2.148235,51.000000,0.765182
0.142857,0.098901,1.714286,19.385893,1.476190,7.000000,0.631579
0.166667,0.638808,3.258621,27.608111,2.148235,51.000000,0.765182
0.166667,0.702295,3.258621,27.608111,2.148235,51.000000,0.765182
0.111111,0.328736,1.886792,27.277177,1.843305,27.000000,0.653595
0.111111,0.442075,1.886792,27.277177,1.843305,27.000000,0.653595
0.125000,1.000000,1.700000,8.993071,1.392857,8.000000,0.629630
0.125000,0.950980,1.772727,27.841435,1.713235,17.000000,0.639344
0.037037,0.125173,1.010101,26.642238,1.931034,30.000000,0.502513
0.037037,0.070688,2.150000,26.343072,1.976827,34.000000,0.682540
0.250000,0.459964,1.666667,30.000000,1.166667,4.000000,0.625000
0.200000,0.252610,1.446154,25.779575,1.888889,28.000000,0.591195
0.090909,0.254224,2.136364,19.409044,1.875862,30.000000,0.681159
0.032258,0.489515,1.948052,24.910440,1.830660,34.000000,0.660793
0.032258,0.235360,2.061224,20.225470,1.868817,31.000000,0.673333
0.166667,0.797147,3.333333,25.790992,1.333333,6.000000,0.769231
0.166667,0.725751,3.500000,26.500414,1.974630,44.000000,0.777778
0.111111,0.035461,7.333333,23.686084,1.388889,9.000000,0.880000
0.071429,0.136608,1.984615,27.194900,1.960784,34.000000,0.664948
0.111111,0.145780,1.800000,26.740122,1.484848,12.000000,0.642857
0.125000,0.140801,3.000000,28.184701,1.642857,8.000000,0.750000
0.071429,0.044358,1.614035,29.589097,1.601732,22.000000,0.617450
0.076923,0.232292,1.761905,25.680079,1.602564,13.000000,0.637931
0.071429,0.038483,1.614035,29.589097,1.601732,22.000000,0.617450
0.111111,0.046204,2.114754,26.498820,1.976827,34.000000,0.678947
0.100000,0.241538,1.375000,16.923457,1.555556,10.000000,0.578947
0.047619,0.069927,1.844828,26.855611,1.926882,31.000000,0.648485
0.142857,0.367089,2.400000,5.365540,1.428571,7.000000,0.705882
0.090909,0.325935,2.750000,24.007919,1.620915,18.000000,0.733333
0.045455,0.558244,1.948052,24.910440,1.830660,34.000000,0.660793
0.037037,0.103689,2.169231,26.639192,1.979365,36.000000,0.684466
0.037037,0.061653,1.123596,27.975791,1.840456,27.000000,0.529101
0.125000,0.600867,1.600000,20.151220,1.428571,8.000000,0.615385
0.125000,0.240269,1.705882,19.267338,1.256410,13.000000,0.630435
0.045455,0.558244,1.948052,24.910440,1.830660,34.000000,0.660793
0.142857,0.109440,1.875000,7.937633,1.733333,10.000000,0.652174
0.066667,0.180734,3.500000,20.586956,1.590476,15.000000,0.777778
0.066667,0.968188,2.944444,23.609597,1.732308,26.000000,0.746479
0.125000,0.109322,3.000000,28.682531,1.642857,8.000000,0.750000
0.142857,0.246283,1.847458,29.445530,1.823864,33.000000,0.648810
0.090909,0.335637,1.888889,29.611783,1.832148,38.000000,0.653846
0.142857,0.188821,1.847458,29.445530,1.823864,33.000000,0.648810
0.142857,0.474242,1.905983,28.950653,2.405026,59.000000,0.655882
0.090909,0.256205,1.888889,29.611783,1.832148,38.000000,0.653846
0.090909,0.398157,1.888889,29.611783,1.832148,38.000000,0.653846
0.142857,0.243529,1.847458,29.445530,1.823864,33.000000,0.648810
0.142857,0.130955,1.847458,29.445530,1.823864,33.000000,0.648810
0.090909,0.474242,1.905983,28.950653,2.405026,59.000000,0.655882
0.090909,0.366034,1.888889,29.611783,1.832148,38.000000,0.653846
0.034483,0.438318,1.827869,29.818007,2.405026,59.000000,0.646377
0.034483,0.120605,1.564356,25.246952,2.063123,43.000000,0.610039
0.034483,0.438846,1.827869,29.818007,2.405026,59.000000,0.646377
0.034483,0.120605,1.564356,25.246952,2.063123,43.000000,0.610039
0.034483,0.120605,1.564356,25.246952,2.063123,43.000000,0.610039
0.034483,0.432394,1.827869,29.818007,2.405026,59.000000,0.646377
0.200000,0.011765,1.545455,28.133710,1.641026,13.000000,0.607143
0.200000,0.036991,1.619048,25.075619,2.099517,46.000000,0.618182
0.200000,0.005780,3.500000,27.961551,1.300000,5.000000,0.777778
0.034483,0.437423,1.827869,29.818007,2.405026,59.000000,0.646377
0.034483,0.120605,1.564356,25.246952,2.063123,43.000000,0.610039
0.034483,0.438488,1.827869,29.818007,2.405026,59.000000,0.646377
0.034483,0.120605,1.564356,25.246952,2.063123,43.000000,0.610039
0.142857,0.713789,3.375000,23.184029,2.205128,13.000000,0.771429
0.142857,0.105956,1.725806,27.776529,1.926882,31.000000,0.633136
0.142857,0.058960,1.754098,27.154212,1.926882,31.000000,0.636905
0.071429,0.407952,1.333333,21.091954,1.658009,22.000000,0.571429
0.071429,0.011236,1.590909,26.404419,1.714286,14.000000,0.614035
0.142857,0.008403,2.333333,22.240073,1.333333,7.000000,0.700000
0.142857,0.407952,1.333333,21.091954,1.658009,22.000000,0.571429
0.125000,0.009709,3.166667,21.373436,1.321429,8.000000,0.760000
0.142857,0.724519,3.375000,23.184029,2.205128,13.000000,0.771429
0.142857,0.465349,2.090909,19.521881,1.361111,9.000000,0.676471
0.200000,0.318173,2.352941,21.399364,2.163743,19.000000,0.701754
0.200000,0.261985,2.000000,26.845355,1.820513,13.000000,0.666667
0.250000,0.543998,2.000000,30.000000,1.642857,8.000000,0.666667
0.066667,1.000000,2.352941,21.399364,2.163743,19.000000,0.701754
0.066667,0.131828,1.689655,28.084178,1.713450,19.000000,0.628205
0.083333,1.000000,1.888889,25.246581,1.716667,16.000000,0.653846
0.083333,0.058447,2.666667,26.055778,1.757576,12.000000,0.727273
0.111111,0.569613,1.769231,25.787577,1.388889,9.000000,0.638889
0.045455,0.167929,1.542169,27.660578,1.932264,34.000000,0.606635
0.045455,0.014874,1.542169,27.660578,1.932264,34.000000,0.606635
0.111111,0.586604,1.769231,25.787577,1.388889,9.000000,0.638889
0.045455,0.237601,1.542169,27.660578,1.932264,34.000000,0.606635
0.100000,0.189906,1.456790,26.651207,2.000000,35.000000,0.592965
0.100000,0.292575,2.153846,25.152434,1.400000,10.000000,0.682927
0.045455,0.281284,1.542169,27.660578,1.932264,34.000000,0.606635
0.045455,0.220763,1.542169,27.660578,1.932264,34.000000,0.606635
0.100000,0.189906,1.456790,26.651207,2.000000,35.000000,0.592965
0.100000,0.324209,2.153846,25.152434,1.400000,10.000000,0.682927
0.045455,0.189906,1.456790,26.651207,2.000000,35.000000,0.592965
0.200000,0.031235,1.571429,15.622332,1.266667,6.000000,0.611111
0.083333,0.344429,1.185185,21.654300,1.889163,29.000000,0.542373
0.200000,0.344429,1.185185,21.654300,1.889163,29.000000,0.542373
0.111111,0.283287,1.419355,22.913428,1.658009,22.000000,0.586667
0.035714,0.048875,1.658824,28.251120,1.934921,36.000000,0.623894
0.142857,0.339286,4.750000,20.876887,1.095238,7.000000,0.826087
0.035714,0.017316,1.658824,28.251120,1.934921,36.000000,0.623894
0.035714,0.006121,1.658824,28.251120,1.934921,36.000000,0.623894
0.035714,0.020663,1.658824,28.251120,1.934921,36.000000,0.623894
0.111111,0.801726,1.769231,27.263419,1.388889,9.000000,0.638889
0.111111,0.851165,1.769231,27.263419,1.388889,9.000000,0.638889
0.035714,0.173801,1.658824,28.251120,1.934921,36.000000,0.623894
0.200000,0.320505,1.357143,20.811299,1.527778,9.000000,0.575758
0.111111,0.203224,2.666667,14.273973,1.525641,13.000000,0.727273
0.250000,0.242786,1.523810,18.477957,1.733333,16.000000,0.603774
0.029412,0.278498,1.542169,27.660578,1.932264,34.000000,0.606635
0.029412,0.002642,1.666667,24.665389,2.118197,49.000000,0.625000
0.125000,0.030769,1.833333,25.276238,1.214286,8.000000,0.647059
0.029412,0.255835,1.542169,27.660578,1.932264,34.000000,0.606635
0.029412,0.002642,1.666667,24.665389,2.118197,49.000000,0.625000
0.029412,0.069157,1.542169,27.660578,1.932264,34.000000,0.606635
0.029412,0.002642,1.666667,24.665389,2.118197,49.000000,0.625000
0.200000,1.000000,3.500000,28.256926,1.300000,5.000000,0.777778
0.200000,0.002642,1.666667,24.665389,2.118197,49.000000,0.625000
0.029412,0.303595,1.542169,27.660578,1.932264,34.000000,0.606635
0.029412,0.002642,1.666667,24.665389,2.118197,49.000000,0.625000
0.029412,0.210391,1.542169,27.660578,1.932264,34.000000,0.606635
0.029412,0.002642,1.666667,24.665389,2.118197,49.000000,0.625000
0.250000,0.272727,5.000000,7.387831,1.166667,4.000000,0.833333
0.034483,0.086604,1.703297,29.342105,1.935989,38.000000,0.630081
0.058824,0.088774,1.715596,25.004029,2.137143,50.000000,0.631757
0.034483,0.040069,1.703297,29.342105,1.935989,38.000000,0.630081
0.058824,0.223268,1.419355,22.913428,1.658009,22.000000,0.586667
0.083333,0.191293,1.588235,27.576341,1.715789,20.000000,0.613636
0.083333,0.514935,1.687500,21.867020,1.621212,12.000000,0.627907
0.034483,0.028321,1.703297,29.342105,1.935989,38.000000,0.630081
0.034483,0.013542,1.703297,29.342105,1.935989,38.000000,0.630081
0.200000,0.037037,3.000000,23.278047,1.400000,5.000000,0.750000
0.142857,0.037037,2.714286,26.008117,1.095238,7.000000,0.730769
0.034483,0.043222,1.703297,29.342105,1.935989,38.000000,0.630081
0.043478,0.086098,1.449438,26.433018,2.013514,37.000000,0.591743
0.166667,1.000000,1.687500,17.300204,1.563636,11.000000,0.627907
0.166667,1.000000,1.346154,28.928134,1.714286,14.000000,0.573770
0.071429,0.086098,1.449438,26.433018,2.013514,37.000000,0.591743
0.071429,0.010989,3.133333,26.124902,1.516484,14.000000,0.758065
0.071429,0.025000,3.133333,26.124902,1.516484,14.000000,0.758065
0.071429,0.086098,1.449438,26.433018,2.013514,37.000000,0.591743
0.045455,0.057079,2.527778,27.618874,1.636364,22.000000,0.716535
0.166667,0.310623,2.000000,30.000000,1.333333,6.000000,0.666667
0.142857,0.258989,2.500000,19.574631,2.406667,25.000000,0.714286
0.142857,0.166934,1.857143,27.519882,1.380952,7.000000,0.650000
0.040000,0.161497,1.250000,23.027422,1.905376,31.000000,0.555556
0.040000,0.258989,2.500000,19.574631,2.406667,25.000000,0.714286
0.040000,0.080456,1.701754,27.300054,2.090612,50.000000,0.629870
0.040000,0.258989,2.500000,19.574631,2.406667,25.000000,0.714286
0.142857,0.166934,1.857143,27.519882,1.380952,7.000000,0.650000
0.142857,0.035747,2.500000,19.574631,2.406667,25.000000,0.714286
0.040000,0.161497,1.250000,23.027422,1.905376,31.000000,0.555556
0.040000,0.035747,2.500000,19.574631,2.406667,25.000000,0.714286
0.066667,0.542872,6.600000,23.193865,1.800000,15.000000,0.868421
0.066667,0.009196,1.643478,25.929787,2.162142,52.000000,0.621711
0.200000,0.004831,1.680000,24.811342,1.725490,18.000000,0.626866
0.200000,0.037037,1.571429,16.933103,1.266667,6.000000,0.611111
0.142857,0.006623,1.625000,27.984642,1.380952,7.000000,0.619048
0.142857,0.636103,2.035714,20.751100,2.278986,24.000000,0.670588
0.142857,0.006623,1.625000,27.984642,1.380952,7.000000,0.619048
0.142857,0.371649,2.035714,20.751100,2.278986,24.000000,0.670588
0.250000,0.291989,2.428571,29.000555,1.666667,9.000000,0.708333
0.111111,0.233975,2.470588,22.312926,1.800000,16.000000,0.711864
0.111111,0.201240,3.800000,23.959603,2.254545,11.000000,0.791667
0.250000,0.174827,2.428571,29.000555,1.666667,9.000000,0.708333
0.111111,0.723748,3.800000,23.959603,2.254545,11.000000,0.791667
0.111111,0.233975,2.470588,22.312926,1.800000,16.000000,0.711864
0.100000,0.287278,1.714286,18.615798,1.696970,12.000000,0.631579
0.083333,0.386371,1.590909,27.171676,1.714286,14.000000,0.614035
0.083333,0.701960,1.419355,22.913428,1.658009,22.000000,0.586667
0.045455,0.818718,2.035714,20.751100,2.278986,24.000000,0.670588
0.045455,0.452580,1.111111,18.965764,2.093939,45.000000,0.526316
0.166667,0.023427,2.333333,19.593242,1.066667,6.000000,0.700000
0.166667,0.570651,1.235294,22.687372,1.905376,31.000000,0.552632
0.100000,0.580133,1.525424,25.860103,1.691700,23.000000,0.604027
0.045455,0.452580,1.111111,18.965764,2.093939,45.000000,0.526316
0.045455,0.673742,2.035714,20.751100,2.278986,24.000000,0.670588
0.142857,0.049434,1.615385,24.723433,1.000000,7.000000,0.617647
0.142857,0.557649,1.540000,19.963678,1.496732,18.000000,0.606299
0.043478,0.107784,1.722222,29.210526,1.935989,38.000000,0.632653
0.043478,0.134352,1.722222,29.210526,1.935989,38.000000,0.632653
0.142857,0.445278,2.714286,28.956435,1.095238,7.000000,0.730769
0.142857,1.000000,1.810127,9.590929,2.085624,44.000000,0.644144
0.071429,0.206875,3.133333,22.854864,1.516484,14.000000,0.758065
0.043478,0.135589,1.722222,29.210526,1.935989,38.000000,0.632653
0.025641,0.039529,1.709677,29.230769,1.933873,39.000000,0.630952
0.025641,1.000000,1.810127,9.590929,2.085624,44.000000,0.644144
0.025641,1.000000,1.810127,9.590929,2.085624,44.000000,0.644144
0.025641,0.042463,1.709677,29.230769,1.933873,39.000000,0.630952
0.071429,0.308146,3.133333,22.854864,1.516484,14.000000,0.758065
0.043478,0.013052,1.722222,29.210526,1.935989,38.000000,0.632653
0.043478,0.039992,1.722222,29.210526,1.935989,38.000000,0.632653
0.200000,0.046154,2.000000,25.870329,1.400000,5.000000,0.666667
0.200000,1.000000,1.810127,9.590929,2.085624,44.000000,0.644144
0.025641,1.000000,1.810127,9.590929,2.085624,44.000000,0.644144
0.025641,0.105345,1.709677,29.230769,1.933873,39.000000,0.630952
0.025641,1.000000,1.810127,9.590929,2.085624,44.000000,0.644144
0.025641,0.016773,1.709677,29.230769,1.933873,39.000000,0.630952
0.025641,1.000000,1.810127,9.590929,2.085624,44.000000,0.644144
0.025641,0.042463,1.709677,29.230769,1.933873,39.000000,0.630952
0.125000,0.026667,1.700000,24.203219,1.428571,8.000000,0.629630
0.125000,1.000000,1.296296,29.382181,1.714286,14.000000,0.564516
0.142857,1.000000,1.296296,29.382181,1.714286,14.000000,0.564516
0.142857,0.292818,2.375000,15.829192,1.095238,7.000000,0.703704
0.200000,0.103448,1.666667,19.391502,1.500000,5.000000,0.625000
0.045455,0.175723,1.784483,26.971798,2.081448,52.000000,0.640867
0.045455,0.013189,2.035714,20.751100,2.278986,24.000000,0.670588
0.250000,0.163052,2.511111,25.567334,1.803419,27.000000,0.715190
0.058824,0.018207,2.009615,27.034644,2.091437,53.000000,0.667732
0.071429,0.037037,2.437500,9.280270,1.571429,14.000000,0.709091
0.045455,0.175723,1.784483,26.971798,2.081448,52.000000,0.640867
0.045455,0.125518,2.035714,20.751100,2.278986,24.000000,0.670588
0.111111,0.369576,2.333333,20.135479,1.666667,15.000000,0.700000
0.111111,0.851114,1.700000,9.233307,1.583333,9.000000,0.629630
0.047619,0.166053,1.718750,25.323071,1.923810,21.000000,0.632184
0.047619,0.402345,1.542169,26.959568,1.932264,34.000000,0.606635
0.047619,0.166053,1.718750,25.323071,1.923810,21.000000,0.632184
0.047619,0.198413,1.542169,26.959568,1.932264,34.000000,0.606635
0.047619,0.166053,1.718750,25.323071,1.923810,21.000000,0.632184
0.047619,0.415424,1.542169,26.959568,1.932264,34.000000,0.606635
0.047619,0.166053,1.718750,25.323071,1.923810,21.000000,0.632184
0.047619,0.251283,1.542169,26.959568,1.932264,34.000000,0.606635
0.047619,0.166053,1.718750,25.323071,1.923810,21.000000,0.632184
0.047619,0.303590,1.542169,26.959568,1.932264,34.000000,0.606635
0.041667,0.153662,1.641026,27.654775,1.963492,36.000000,0.621359
0.041667,0.070056,1.729730,26.693807,2.003623,24.000000,0.633663
0.111111,0.686900,1.672414,27.159030,2.090612,50.000000,0.625806
0.055556,0.186203,2.750000,24.007919,1.620915,18.000000,0.733333
0.055556,0.706904,1.984615,27.194900,1.960784,34.000000,0.664948
0.071429,0.519832,1.540000,20.492364,1.496732,18.000000,0.606299
0.071429,0.761358,1.564356,25.246952,2.063123,43.000000,0.610039
0.200000,0.705538,1.644231,24.492034,2.066667,45.000000,0.621818
0.111111,0.577650,2.253731,26.408921,1.942943,37.000000,0.692661
0.250000,0.685447,2.352941,19.510458,1.876812,24.000000,0.701754
0.045455,0.695351,1.701754,27.300054,2.090612,50.000000,0.629870
0.100000,0.444444,1.400000,6.111134,1.622222,10.000000,0.583333
0.142857,0.633781,4.750000,13.532696,1.095238,7.000000,0.826087
0.066667,0.179439,2.666667,29.574000,1.619048,15.000000,0.727273
0.066667,0.003868,1.371429,26.442971,2.084785,42.000000,0.578313
0.066667,0.179312,2.666667,29.574000,1.619048,15.000000,0.727273
0.066667,0.003868,1.371429,26.442971,2.084785,42.000000,0.578313
0.166667,0.105292,1.600000,27.694127,2.003623,24.000000,0.615385
0.100000,0.585887,1.266667,22.499766,1.800000,11.000000,0.558824
0.100000,0.285064,2.687500,26.145050,1.875000,17.000000,0.728814
0.100000,0.275987,2.777778,26.748209,2.214286,21.000000,0.735294
0.100000,0.520082,1.583333,22.974140,1.577778,10.000000,0.612903
0.125000,0.314064,1.944444,28.379288,1.849754,29.000000,0.660377
0.125000,0.003565,1.877551,29.105923,1.925668,42.000000,0.652482
0.125000,0.026176,1.333333,26.877278,2.084785,42.000000,0.571429
0.125000,0.032874,1.877551,29.105923,1.925668,42.000000,0.652482
0.125000,0.003565,1.877551,29.105923,1.925668,42.000000,0.652482
0.125000,0.003565,1.877551,29.105923,1.925668,42.000000,0.652482
0.125000,0.003565,1.877551,29.105923,1.925668,42.000000,0.652482
0.066667,0.128386,3.500000,28.303374,1.679739,18.000000,0.777778
0.066667,0.175718,1.380952,21.674462,1.885714,15.000000,0.580000
0.100000,0.196461,1.720000,19.012868,1.825000,16.000000,0.632353
0.100000,0.308015,1.571429,20.004592,1.889706,17.000000,0.611111
0.125000,0.753186,3.166667,17.375931,1.577778,10.000000,0.760000
0.125000,1.000000,1.272727,12.818684,1.756410,13.000000,0.560000
0.083333,0.007017,1.126761,24.525740,2.165780,48.000000,0.529801
0.090909,0.162089,1.750000,23.536439,1.618182,11.000000,0.636364
0.071429,0.018168,1.126761,24.525740,2.165780,48.000000,0.529801
0.071429,0.951540,1.428571,19.136934,1.824176,14.000000,0.588235
0.090909,1.000000,2.000000,24.235396,2.168091,27.000000,0.666667
0.038462,0.405120,1.878788,21.059061,2.193846,26.000000,0.652632
0.038462,1.000000,1.878788,21.059061,2.193846,26.000000,0.652632
0.090909,0.483070,2.000000,24.235396,2.168091,27.000000,0.666667
0.200000,1.000000,2.000000,21.531378,2.168091,27.000000,0.666667
0.038462,0.361264,1.878788,21.059061,2.193846,26.000000,0.652632
0.200000,0.451304,2.000000,21.531378,2.168091,27.000000,0.666667
0.090909,0.418191,2.000000,24.235396,2.168091,27.000000,0.666667
0.200000,0.485949,2.000000,21.531378,2.168091,27.000000,0.666667
0.142857,0.092404,2.307692,20.781456,1.802198,14.000000,0.697674
0.142857,0.092404,2.307692,20.781456,1.802198,14.000000,0.697674
0.111111,0.091224,2.888889,26.886111,1.305556,9.000000,0.742857
0.111111,0.593964,1.533333,21.605328,1.880952,21.000000,0.605263
0.200000,0.347676,1.571429,9.062555,1.266667,6.000000,0.611111
0.083333,0.019608,1.557692,23.728837,1.914530,27.000000,0.609023
0.045455,0.007888,1.893617,20.597035,2.087347,50.000000,0.654412
0.083333,0.059916,1.158621,26.247180,2.117484,47.000000,0.536741
0.200000,0.136772,2.000000,20.781057,1.527273,11.000000,0.666667
0.090909,0.009998,1.805556,28.886111,1.959596,45.000000,0.643564
0.090909,0.009998,1.805556,28.886111,1.959596,45.000000,0.643564
0.125000,1.000000,1.333333,7.593301,1.876190,15.000000,0.571429
0.142857,0.125000,1.933333,19.929582,1.621212,12.000000,0.659091
0.090909,0.047938,1.805556,28.886111,1.959596,45.000000,0.643564
0.090909,0.009998,1.805556,28.886111,1.959596,45.000000,0.643564
0.090909,0.009998,1.805556,28.886111,1.959596,45.000000,0.643564
0.125000,0.066362,1.772727,30.000000,1.959596,45.000000,0.639344
0.125000,0.066362,1.772727,30.000000,1.959596,45.000000,0.639344
0.125000,0.029771,1.772727,30.000000,1.959596,45.000000,0.639344
0.125000,0.066362,1.772727,30.000000,1.959596,45.000000,0.639344
0.058824,0.159602,2.647059,29.691237,1.830882,17.000000,0.725806
0.058824,0.254102,1.455696,25.929991,1.976190,36.000000,0.592784
0.125000,0.027909,1.174825,25.843672,2.117484,47.000000,0.540193
0.058824,0.048716,2.647059,29.691237,1.830882,17.000000,0.725806
0.058824,0.254102,1.455696,25.929991,1.976190,36.000000,0.592784
0.125000,0.066362,1.772727,30.000000,1.959596,45.000000,0.639344
0.125000,0.527124,1.714286,16.737615,1.642857,8.000000,0.631579
0.125000,0.091801,1.750000,27.697172,1.866667,21.000000,0.636364
0.142857,0.010520,3.166667,24.308096,1.909524,21.000000,0.760000
0.125000,0.270522,1.419355,27.828656,1.808824,17.000000,0.586667
0.062500,0.261928,2.842105,28.937042,1.616667,16.000000,0.739726
0.062500,0.745660,1.126761,24.299904,2.165780,48.000000,0.529801
0.062500,0.254391,2.842105,28.937042,1.616667,16.000000,0.739726
0.062500,0.745660,1.126761,24.299904,2.165780,48.000000,0.529801
0.062500,0.341533,1.523810,18.477957,1.733333,16.000000,0.603774
0.062500,0.369126,1.981481,27.833155,1.862069,30.000000,0.664596
0.076923,0.513458,1.628205,26.593492,1.957983,35.000000,0.619512
0.166667,0.772607,1.111111,25.001761,2.165780,48.000000,0.526316
0.090909,0.479981,1.226190,18.722810,2.238739,37.000000,0.550802
0.125000,0.479981,1.226190,18.722810,2.238739,37.000000,0.550802
0.125000,0.006135,2.142857,27.062042,1.464286,8.000000,0.681818
0.066667,0.260653,1.322581,24.150340,1.775000,16.000000,0.569444
0.166667,0.112665,1.590909,18.919551,1.714286,15.000000,0.614035
0.058824,0.078620,1.875000,21.675373,1.705882,17.000000,0.652174
0.058824,0.492777,1.226190,18.722810,2.238739,37.000000,0.550802
0.055556,0.625751,1.227273,20.510025,1.736842,19.000000,0.551020
0.055556,0.126186,1.593750,26.768296,1.784314,18.000000,0.614458
0.058824,0.625751,1.227273,20.510025,1.736842,19.000000,0.551020
0.058824,0.435353,1.451613,24.394337,1.772059,17.000000,0.592105
0.250000,0.464081,2.090909,17.488596,1.705128,13.000000,0.676471
0.142857,0.060463,1.865385,24.241315,2.099231,54.000000,0.651007
0.076923,0.063855,1.716667,29.429750,2.009354,49.000000,0.631902
0.037037,0.050852,1.609375,30.000000,2.009354,49.000000,0.616766
0.037037,0.056619,1.609375,30.000000,2.009354,49.000000,0.616766
0.090909,0.153524,1.925926,23.410058,1.889328,23.000000,0.658228
0.037037,0.056619,1.609375,30.000000,2.009354,49.000000,0.616766
0.090909,0.077213,2.909091,23.895917,1.692308,13.000000,0.744186
0.090909,0.197279,2.909091,23.895917,1.692308,13.000000,0.744186
0.037037,0.056619,1.609375,30.000000,2.009354,49.000000,0.616766
0.076923,0.063855,1.716667,29.429750,2.009354,49.000000,0.631902
0.076923,0.063855,1.716667,29.429750,2.009354,49.000000,0.631902
0.076923,0.063855,1.716667,29.429750,2.009354,49.000000,0.631902
0.037037,0.056619,1.609375,30.000000,2.009354,49.000000,0.616766
0.076923,0.056927,1.716667,29.429750,2.009354,49.000000,0.631902
0.142857,0.201179,1.419355,27.828656,1.808824,17.000000,0.586667
0.142857,0.722408,2.111111,28.587268,1.095238,7.000000,0.678571
0.142857,0.450971,2.111111,22.190049,1.095238,7.000000,0.678571
0.142857,0.449414,1.882353,25.375585,1.880460,30.000000,0.653061
0.071429,0.073334,1.593750,27.010153,1.784314,18.000000,0.614458
0.071429,0.752750,7.200000,29.872378,1.835165,14.000000,0.878049
0.071429,0.744903,7.200000,29.872378,1.835165,14.000000,0.878049
0.071429,0.073334,1.593750,27.010153,1.784314,18.000000,0.614458
0.071429,0.252484,1.806452,28.140550,1.892045,33.000000,0.643678
0.071429,0.752750,7.200000,29.872378,1.835165,14.000000,0.878049
0.071429,0.744903,7.200000,29.872378,1.835165,14.000000,0.878049
0.071429,0.252484,1.806452,28.140550,1.892045,33.000000,0.643678
0.142857,0.061494,3.333333,26.180418,1.523810,7.000000,0.769231
0.142857,0.313125,1.882353,25.375585,1.880460,30.000000,0.653061
0.250000,0.421147,6.000000,29.533487,1.000000,4.000000,0.857143
0.250000,0.195502,1.763636,26.638517,1.909677,31.000000,0.638158
0.071429,0.100460,1.772727,26.070408,1.659341,14.000000,0.639344
0.058824,0.201179,1.419355,27.828656,1.808824,17.000000,0.586667
0.058824,0.166934,1.437500,27.185520,1.976190,36.000000,0.589744
0.111111,0.158608,1.555556,29.308719,1.892045,33.000000,0.608696
0.083333,0.026268,2.909091,30.000000,1.692308,13.000000,0.744186
0.083333,0.010989,2.909091,30.000000,1.692308,13.000000,0.744186
0.083333,0.052450,2.259259,26.916672,1.876667,25.000000,0.693182
0.062500,1.000000,1.666667,12.269469,1.666667,16.000000,0.625000
0.062500,0.048426,1.221053,21.305401,2.070571,37.000000,0.549763
0.058824,0.738345,1.518519,15.246157,1.698529,17.000000,0.602941
0.058824,0.246161,1.963964,26.967537,2.094374,58.000000,0.662614
0.062500,1.000000,1.666667,12.269469,1.666667,16.000000,0.625000
0.062500,0.081368,1.892857,28.409645,1.747619,21.000000,0.654321
0.062500,0.008626,2.666667,27.062632,1.736842,20.000000,0.727273
0.058824,0.140743,1.221053,20.512354,2.070571,37.000000,0.549763
0.090909,0.073431,1.221053,20.512354,2.070571,37.000000,0.549763
0.076923,0.029844,1.848485,27.519641,1.798419,23.000000,0.648936
0.076923,0.670079,2.909091,30.000000,1.692308,13.000000,0.744186
0.076923,0.029844,1.848485,27.519641,1.798419,23.000000,0.648936
0.076923,0.594474,2.909091,30.000000,1.692308,13.000000,0.744186
0.083333,0.098887,1.819048,29.318182,1.950317,44.000000,0.645270
0.083333,0.152278,1.819048,29.318182,1.950317,44.000000,0.645270
0.083333,0.252227,1.380952,21.674462,1.885714,15.000000,0.580000
0.083333,0.152278,1.819048,29.318182,1.950317,44.000000,0.645270
0.083333,0.152278,1.819048,29.318182,1.950317,44.000000,0.645270
0.125000,0.123064,3.000000,28.319702,1.909524,21.000000,0.750000
0.083333,0.152278,1.819048,29.318182,1.950317,44.000000,0.645270
0.111111,0.505364,1.405405,27.077994,1.830409,19.000000,0.584270
0.166667,0.018327,3.500000,23.181537,1.863158,20.000000,0.777778
0.166667,0.098237,1.766667,29.349352,1.719577,28.000000,0.638554
0.166667,0.018901,2.650000,21.836555,2.090909,23.000000,0.726027
0.055556,0.323768,1.258065,23.946398,2.086771,38.000000,0.557143
0.055556,0.458923,1.586207,15.649073,1.699346,18.000000,0.613333
0.117647,0.222486,1.500000,27.863916,1.784314,18.000000,0.600000
0.055556,0.045856,1.701031,27.547472,1.798780,41.000000,0.629771
0.055556,0.458923,1.586207,15.649073,1.699346,18.000000,0.613333
0.055556,0.218919,1.794118,27.884154,1.798419,23.000000,0.642105
0.055556,0.458923,1.586207,15.649073,1.699346,18.000000,0.613333
0.058824,0.320137,1.363636,27.387795,1.772059,17.000000,0.576923
0.200000,1.000000,1.625000,14.609823,1.638889,9.000000,0.619048
0.111111,0.390218,1.394737,27.176283,1.868421,20.000000,0.582418
0.166667,0.465276,1.271739,23.615738,2.086771,38.000000,0.559809
0.166667,0.062857,2.000000,25.759959,1.750000,16.000000,0.666667
0.166667,0.615519,1.714286,24.766508,1.476190,7.000000,0.631579
0.125000,0.459093,1.221053,20.512354,2.070571,37.000000,0.549763
0.125000,0.433293,2.190476,28.371875,1.716667,16.000000,0.686567
0.125000,0.750576,1.545455,22.151447,1.392857,8.000000,0.607143
0.125000,0.750576,1.545455,22.151447,1.392857,8.000000,0.607143
0.125000,0.487431,2.190476,28.371875,1.716667,16.000000,0.686567
0.076923,0.548684,1.750000,27.417311,1.703297,14.000000,0.636364
0.076923,0.010417,2.151515,28.150822,1.874644,27.000000,0.682692
0.250000,0.202730,1.817391,29.776300,1.977837,48.000000,0.645062
0.250000,0.202730,1.817391,29.776300,1.977837,48.000000,0.645062
0.250000,0.291343,6.200000,28.040940,1.717949,13.000000,0.861111
0.250000,0.202730,1.817391,29.776300,1.977837,48.000000,0.645062
0.250000,0.202730,1.817391,29.776300,1.977837,48.000000,0.645062
0.250000,0.202730,1.817391,29.776300,1.977837,48.000000,0.645062
0.142857,0.060930,2.440000,24.539741,1.974026,22.000000,0.709302
0.142857,0.008130,1.727273,29.896772,1.095238,7.000000,0.633333
0.142857,0.047048,2.440000,24.539741,1.974026,22.000000,0.709302
0.142857,0.008130,1.727273,29.896772,1.095238,7.000000,0.633333
0.021277,0.087937,1.808696,30.000000,1.960222,47.000000,0.643963
0.021277,0.617652,2.132812,24.095149,2.190890,70.000000,0.680798
0.023256,0.160120,1.873874,30.000000,1.960222,47.000000,0.652038
0.023256,0.560954,2.318681,24.796636,2.003922,51.000000,0.698675
0.023256,0.160120,1.873874,30.000000,1.960222,47.000000,0.652038
0.023256,0.560954,2.318681,24.796636,2.003922,51.000000,0.698675
0.052632,0.216599,1.515152,18.458144,1.707602,19.000000,0.602410
0.052632,0.108495,1.578947,28.335009,1.809725,44.000000,0.612245
0.024390,0.239018,1.834951,29.957822,1.934662,43.000000,0.647260
0.023256,0.160120,1.873874,30.000000,1.960222,47.000000,0.652038
0.023256,0.560954,2.318681,24.796636,2.003922,51.000000,0.698675
0.021277,0.617652,2.132812,24.095149,2.190890,70.000000,0.680798
0.021277,0.087937,1.808696,30.000000,1.960222,47.000000,0.643963
0.066667,0.497129,2.650000,21.836555,2.090909,23.000000,0.726027
0.066667,0.213097,3.166667,25.189853,1.909524,21.000000,0.760000
0.071429,0.169010,2.421053,28.232358,1.527473,14.000000,0.707692
0.071429,0.617652,2.132812,24.095149,2.190890,70.000000,0.680798
0.032258,0.713663,1.942308,22.678794,1.782796,31.000000,0.660131
0.032258,0.617652,2.132812,24.095149,2.190890,70.000000,0.680798
0.023256,0.160120,1.873874,30.000000,1.960222,47.000000,0.652038
0.023256,0.560954,2.318681,24.796636,2.003922,51.000000,0.698675
0.043478,0.556085,1.541667,26.879792,1.790514,23.000000,0.606557
0.043478,0.560954,2.318681,24.796636,2.003922,51.000000,0.698675
0.052632,0.228334,1.515152,19.287891,1.707602,19.000000,0.602410
0.052632,0.617652,2.132812,24.095149,2.190890,70.000000,0.680798
0.021277,0.087937,1.808696,30.000000,1.960222,47.000000,0.643963
0.021277,0.617652,2.132812,24.095149,2.190890,70.000000,0.680798
0.021277,0.087937,1.808696,30.000000,1.960222,47.000000,0.643963
0.021277,0.617652,2.132812,24.095149,2.190890,70.000000,0.680798
0.023256,0.160120,1.873874,30.000000,1.960222,47.000000,0.652038
0.023256,0.560954,2.318681,24.796636,2.003922,51.000000,0.698675
0.024390,0.025541,1.834951,29.957822,1.934662,43.000000,0.647260
0.024390,0.025541,1.834951,29.957822,1.934662,43.000000,0.647260
0.052632,0.216599,1.515152,18.458144,1.707602,19.000000,0.602410
0.052632,0.356064,1.578947,28.335009,1.809725,44.000000,0.612245
0.035714,0.107217,1.961165,24.969653,2.090236,55.000000,0.662295
0.071429,0.165010,2.421053,27.194037,1.527473,14.000000,0.707692
0.071429,0.560954,2.318681,24.796636,2.003922,51.000000,0.698675
0.024390,0.025541,1.834951,29.957822,1.934662,43.000000,0.647260
0.111111,0.046290,3.571429,28.293373,1.305556,9.000000,0.781250
0.035714,0.560954,2.318681,24.796636,2.003922,51.000000,0.698675
0.021277,0.087937,1.808696,30.000000,1.960222,47.000000,0.643963
0.021277,0.617652,2.132812,24.095149,2.190890,70.000000,0.680798
0.043478,0.879574,1.301887,28.345271,1.901186,23.000000,0.565574
0.043478,0.199268,1.736842,27.141389,1.798780,41.000000,0.634615
0.024390,0.025541,1.834951,29.957822,1.934662,43.000000,0.647260
0.040000,0.008130,2.048780,25.887937,1.790000,25.000000,0.672000
0.040000,0.617652,2.132812,24.095149,2.190890,70.000000,0.680798
0.023810,0.275312,1.478723,28.037414,2.098722,42.000000,0.596567
0.023810,0.036887,1.717391,25.366610,2.056025,44.000000,0.632000
0.076923,0.068480,2.300000,28.389396,1.786232,24.000000,0.696970
0.076923,0.030612,2.151515,28.150822,1.874644,27.000000,0.682692
0.040000,0.090055,1.531915,19.565227,1.926667,25.000000,0.605042
0.071429,0.122085,2.151515,28.692667,1.874644,27.000000,0.682692
0.058824,0.566518,2.518519,28.258133,1.614379,18.000000,0.715789
0.058824,0.527276,2.518519,28.258133,1.614379,18.000000,0.715789
0.071429,0.088508,2.151515,28.351847,1.874644,27.000000,0.682692
0.250000,0.305225,1.800000,19.221281,2.002699,39.000000,0.642857
0.125000,0.090084,1.375000,26.146804,1.900000,21.000000,0.578947
0.023256,0.259589,1.456311,27.075958,2.140097,46.000000,0.592885
0.023256,0.132456,1.706522,27.253243,2.040975,43.000000,0.630522
0.250000,0.734185,1.583333,26.412342,1.800000,15.000000,0.612903
0.035714,0.222182,1.576923,25.642083,1.978836,28.000000,0.611940
0.052632,0.208230,2.352941,28.380439,1.549708,19.000000,0.701754
0.250000,0.503306,6.000000,23.463121,1.000000,4.000000,0.857143
0.052632,0.208230,2.352941,28.380439,1.549708,19.000000,0.701754
0.083333,0.774463,2.153846,29.107500,1.575758,12.000000,0.682927
0.111111,0.873150,1.529412,27.824782,1.305556,9.000000,0.604651
0.111111,0.227895,2.250000,28.648028,1.600000,10.000000,0.692308
0.055556,0.203485,1.630137,27.681366,2.040260,56.000000,0.619792
0.055556,0.021277,2.200000,24.823129,1.784314,18.000000,0.687500
0.055556,0.021277,2.200000,24.823129,1.784314,18.000000,0.687500
0.055556,0.203485,1.630137,27.681366,2.040260,56.000000,0.619792
0.055556,0.021277,2.200000,24.823129,1.784314,18.000000,0.687500
0.055556,0.203485,1.630137,27.681366,2.040260,56.000000,0.619792
0.055556,0.441837,1.937500,27.420965,1.861905,21.000000,0.659574
0.055556,0.074996,1.675676,27.494359,1.803030,33.000000,0.626263
0.055556,0.203485,1.630137,27.681366,2.040260,56.000000,0.619792
0.055556,0.021277,2.200000,24.823129,1.784314,18.000000,0.687500
0.055556,0.074996,1.675676,27.494359,1.803030,33.000000,0.626263
0.055556,0.493695,1.937500,27.420965,1.861905,21.000000,0.659574
0.055556,0.203485,1.630137,27.681366,2.040260,56.000000,0.619792
0.055556,0.021277,2.200000,24.823129,1.784314,18.000000,0.687500
0.111111,0.272761,1.727273,21.494936,1.472222,9.000000,0.633333
0.111111,0.070667,1.873874,30.000000,1.960222,47.000000,0.652038
0.111111,0.272761,1.727273,21.494936,1.472222,9.000000,0.633333
0.111111,0.070667,1.873874,30.000000,1.960222,47.000000,0.652038
0.111111,0.070667,1.873874,30.000000,1.960222,47.000000,0.652038
0.111111,0.272761,1.727273,21.494936,1.472222,9.000000,0.633333
0.111111,0.272761,1.727273,21.494936,1.472222,9.000000,0.633333
0.111111,0.070667,1.873874,30.000000,1.960222,47.000000,0.652038
0.250000,0.648375,1.962963,26.117789,1.919048,21.000000,0.662500
0.111111,0.272761,1.727273,21.494936,1.472222,9.000000,0.633333
0.111111,0.070667,1.873874,30.000000,1.960222,47.000000,0.652038
0.111111,0.107308,1.714286,22.662617,2.112299,34.000000,0.631579
0.111111,0.003922,2.000000,25.210277,1.611111,9.000000,0.666667
0.019231,0.394312,2.006711,27.185397,2.189189,74.000000,0.667411
0.019231,0.032250,1.909836,29.245155,1.971342,52.000000,0.656338
0.019231,0.387417,2.006711,27.185397,2.189189,74.000000,0.667411
0.019231,0.032250,1.909836,29.245155,1.971342,52.000000,0.656338
0.019231,0.387417,2.006711,27.185397,2.189189,74.000000,0.667411
0.019231,0.032250,1.909836,29.245155,1.971342,52.000000,0.656338
0.050000,0.387417,2.006711,27.185397,2.189189,74.000000,0.667411
0.050000,0.009009,1.555556,25.117026,1.705263,20.000000,0.608696
0.019231,0.032250,1.909836,29.245155,1.971342,52.000000,0.656338
0.019231,0.074883,2.006711,27.185397,2.189189,74.000000,0.667411
0.019231,0.032250,1.909836,29.245155,1.971342,52.000000,0.656338
0.019231,0.387417,2.006711,27.185397,2.189189,74.000000,0.667411
0.019231,0.394312,2.006711,27.185397,2.189189,74.000000,0.667411
0.019231,0.032250,1.909836,29.245155,1.971342,52.000000,0.656338
0.062500,0.394312,2.006711,27.185397,2.189189,74.000000,0.667411
0.062500,0.000000,2.160000,26.932373,1.600000,16.000000,0.683544
0.023810,0.394312,2.006711,27.185397,2.189189,74.000000,0.667411
0.023810,0.013333,1.780822,25.294670,2.024390,42.000000,0.640394
0.019231,0.032250,1.909836,29.245155,1.971342,52.000000,0.656338
0.019231,0.387417,2.006711,27.185397,2.189189,74.000000,0.667411
0.034483,0.387417,2.006711,27.185397,2.189189,74.000000,0.667411
0.034483,0.018690,1.962264,26.185372,1.862069,29.000000,0.662420
0.050000,0.394312,2.006711,27.185397,2.189189,74.000000,0.667411
0.050000,0.009009,1.555556,25.117026,1.705263,20.000000,0.608696
0.019231,0.394312,2.006711,27.185397,2.189189,74.000000,0.667411
0.019231,0.032250,1.909836,29.245155,1.971342,52.000000,0.656338
0.019231,0.394312,2.006711,27.185397,2.189189,74.000000,0.667411
0.019231,0.032250,1.909836,29.245155,1.971342,52.000000,0.656338
0.019231,0.387417,2.006711,27.185397,2.189189,74.000000,0.667411
0.019231,0.032250,1.909836,29.245155,1.971342,52.000000,0.656338
0.019231,0.032250,1.909836,29.245155,1.971342,52.000000,0.656338
0.019231,0.074883,2.006711,27.185397,2.189189,74.000000,0.667411
0.019231,0.074883,2.006711,27.185397,2.189189,74.000000,0.667411
0.019231,0.032250,1.909836,29.245155,1.971342,52.000000,0.656338
0.050000,0.074883,2.006711,27.185397,2.189189,74.000000,0.667411
0.050000,0.009009,1.555556,25.117026,1.705263,20.000000,0.608696
0.023810,0.013333,1.780822,25.294670,2.024390,42.000000,0.640394
0.023810,0.074883,2.006711,27.185397,2.189189,74.000000,0.667411
0.062500,0.387417,2.006711,27.185397,2.189189,74.000000,0.667411
0.062500,0.000000,2.160000,26.932373,1.600000,16.000000,0.683544
0.019231,0.074883,2.006711,27.185397,2.189189,74.000000,0.667411
0.019231,0.032250,1.909836,29.245155,1.971342,52.000000,0.656338
0.062500,0.000000,2.160000,26.932373,1.600000,16.000000,0.683544
0.062500,0.074883,2.006711,27.185397,2.189189,74.000000,0.667411
0.019231,0.032250,1.909836,29.245155,1.971342,52.000000,0.656338
0.019231,0.394312,2.006711,27.185397,2.189189,74.000000,0.667411
0.023810,0.387417,2.006711,27.185397,2.189189,74.000000,0.667411
0.023810,0.013333,1.780822,25.294670,2.024390,42.000000,0.640394
0.034483,0.018690,1.962264,26.185372,1.862069,29.000000,0.662420
0.034483,0.074883,2.006711,27.185397,2.189189,74.000000,0.667411
0.019231,0.032250,1.909836,29.245155,1.971342,52.000000,0.656338
0.019231,0.074883,2.006711,27.185397,2.189189,74.000000,0.667411
0.034483,0.394312,2.006711,27.185397,2.189189,74.000000,0.667411
0.034483,0.018690,1.962264,26.185372,1.862069,29.000000,0.662420
0.166667,0.313922,1.833333,26.503420,1.266667,6.000000,0.647059
0.166667,0.755629,1.800000,19.221281,2.002699,39.000000,0.642857
0.166667,0.601515,1.833333,26.503420,1.266667,6.000000,0.647059
0.166667,0.755629,1.800000,19.221281,2.002699,39.000000,0.642857
0.166667,0.755629,1.800000,19.221281,2.002699,39.000000,0.642857
0.166667,0.601515,1.833333,26.503420,1.266667,6.000000,0.647059
0.083333,0.554721,2.058824,25.841677,1.500000,12.000000,0.673077
0.125000,0.628109,1.208333,22.806035,2.070571,37.000000,0.547170
0.090909,0.103217,1.680851,26.798954,2.056025,44.000000,0.626984
0.066667,0.409490,2.846154,26.625379,1.790476,15.000000,0.740000
0.066667,0.041667,1.520000,22.260023,1.638095,15.000000,0.603175
0.050000,0.461632,1.555556,25.876443,1.705263,20.000000,0.608696
0.050000,0.054421,2.064516,26.648766,2.302319,82.000000,0.673684
0.066667,0.409490,2.846154,26.625379,1.790476,15.000000,0.740000
0.066667,0.241706,1.972222,28.561846,1.800000,25.000000,0.663551
0.066667,0.041667,1.520000,22.260023,1.638095,15.000000,0.603175
0.066667,0.409490,2.846154,26.625379,1.790476,15.000000,0.740000
0.066667,0.241706,1.972222,28.561846,1.800000,25.000000,0.663551
0.066667,0.409490,2.846154,26.625379,1.790476,15.000000,0.740000
0.050000,0.071204,2.064516,26.648766,2.302319,82.000000,0.673684
0.050000,0.461632,1.555556,25.876443,1.705263,20.000000,0.608696
0.052632,0.503546,1.515152,18.458144,1.707602,19.000000,0.602410
0.052632,0.293531,1.666667,25.730279,2.053659,41.000000,0.625000
0.050000,0.461632,1.555556,25.876443,1.705263,20.000000,0.608696
0.050000,0.087081,2.064516,26.648766,2.302319,82.000000,0.673684
0.052632,0.503546,1.515152,18.458144,1.707602,19.000000,0.602410
0.052632,0.045027,2.300000,28.040115,1.786232,24.000000,0.696970
0.050000,0.461632,1.555556,25.876443,1.705263,20.000000,0.608696
0.050000,0.040223,2.064516,26.648766,2.302319,82.000000,0.673684
0.055556,0.041426,2.000000,29.497785,1.535948,18.000000,0.666667
0.023256,0.050950,1.778947,27.457319,2.026427,44.000000,0.640152
0.130435,1.000000,1.750000,17.633468,1.867647,17.000000,0.636364
0.037037,0.008929,1.362069,20.322975,1.951567,27.000000,0.576642
0.055556,0.041426,2.000000,29.497785,1.535948,18.000000,0.666667
0.083333,0.397591,3.571429,22.327151,1.933333,15.000000,0.781250
0.090909,0.698512,1.226190,18.722810,2.238739,37.000000,0.550802
0.200000,0.464695,1.586667,26.127847,2.020513,40.000000,0.613402
0.034483,0.592616,3.222222,23.035510,1.991398,31.000000,0.763158
0.034483,0.360228,2.243902,26.219376,2.004926,29.000000,0.691729
0.083333,1.000000,2.000000,6.698312,1.515152,12.000000,0.666667
0.071429,0.139879,2.156250,28.838346,1.786232,24.000000,0.683168
0.023256,0.003560,2.064516,26.648766,2.302319,82.000000,0.673684
0.023256,0.903562,1.742268,28.192766,2.026427,44.000000,0.635338
0.023256,0.161562,2.064516,26.648766,2.302319,82.000000,0.673684
0.023256,0.903562,1.742268,28.192766,2.026427,44.000000,0.635338
0.250000,0.749916,1.446154,20.259151,1.972414,30.000000,0.591195
0.125000,0.655700,1.221053,21.305401,2.070571,37.000000,0.549763
0.066667,0.259014,1.806452,28.140550,1.892045,33.000000,0.643678
0.066667,0.598684,1.226190,18.722810,2.238739,37.000000,0.550802
0.023256,0.097350,2.064516,26.648766,2.302319,82.000000,0.673684
0.023256,0.903562,1.742268,28.192766,2.026427,44.000000,0.635338
0.023256,0.129022,2.064516,26.648766,2.302319,82.000000,0.673684
0.023256,0.903562,1.742268,28.192766,2.026427,44.000000,0.635338
0.142857,0.387176,1.652778,25.757926,2.020513,40.000000,0.623037
0.142857,0.387176,1.652778,25.757926,2.020513,40.000000,0.623037
0.142857,0.387176,1.652778,25.757926,2.020513,40.000000,0.623037
0.045455,0.027969,2.205128,29.732879,2.300560,85.000000,0.688000
0.045455,0.372190,1.318182,25.151795,1.835498,22.000000,0.568627
0.045455,0.372190,1.318182,25.151795,1.835498,22.000000,0.568627
0.045455,0.034955,2.205128,29.732879,2.300560,85.000000,0.688000
0.045455,0.018341,2.205128,29.732879,2.300560,85.000000,0.688000
0.045455,0.372190,1.318182,25.151795,1.835498,22.000000,0.568627
0.045455,0.372190,1.318182,25.151795,1.835498,22.000000,0.568627
0.045455,0.000000,2.105263,28.092110,1.787692,26.000000,0.677966
0.045455,0.044354,2.205128,29.732879,2.300560,85.000000,0.688000
0.045455,0.372190,1.318182,25.151795,1.835498,22.000000,0.568627
0.043478,0.173570,1.800000,29.446605,1.960222,47.000000,0.642857
0.043478,0.173570,1.800000,29.446605,1.960222,47.000000,0.642857
0.043478,0.173570,1.800000,29.446605,1.960222,47.000000,0.642857
0.034483,0.014404,2.064516,26.648766,2.302319,82.000000,0.673684
0.034483,0.192601,2.064516,26.648766,2.302319,82.000000,0.673684
0.071429,0.314521,1.523810,18.477957,1.733333,16.000000,0.603774
0.043478,0.173570,1.800000,29.446605,1.960222,47.000000,0.642857
0.090909,0.200068,1.538462,26.299343,1.709091,11.000000,0.606061
0.034483,0.113988,2.064516,26.648766,2.302319,82.000000,0.673684
0.043478,0.173570,1.800000,29.446605,1.960222,47.000000,0.642857
0.034483,0.233092,2.064516,26.648766,2.302319,82.000000,0.673684
0.076923,0.286452,1.529412,26.910212,1.794872,13.000000,0.604651
0.076923,0.000000,1.689655,29.973263,1.713235,17.000000,0.628205
0.125000,1.000000,1.362069,20.322975,1.951567,27.000000,0.576642
0.076923,1.000000,1.391304,29.434883,1.641026,13.000000,0.581818
0.076923,0.010626,1.152174,28.737809,1.878947,20.000000,0.535354
0.066667,0.224235,2.363636,25.572318,2.083333,33.000000,0.702703
0.055556,0.011451,2.106383,24.988815,1.929032,31.000000,0.678082
0.055556,0.003922,2.055556,28.086015,1.758170,18.000000,0.672727
0.125000,0.011451,2.106383,24.988815,1.929032,31.000000,0.678082
0.111111,0.721311,2.000000,25.030484,1.611111,9.000000,0.666667
0.200000,0.334713,4.363636,24.314448,1.875817,18.000000,0.813559
0.019231,0.823722,2.064516,26.648766,2.302319,82.000000,0.673684
0.019231,0.356066,1.849206,29.793508,1.971342,52.000000,0.649025
0.090909,0.278621,2.230769,30.000000,1.509091,11.000000,0.690476
0.090909,0.115342,2.043478,22.838138,1.878947,20.000000,0.671429
0.019231,0.799970,2.064516,26.648766,2.302319,82.000000,0.673684
0.019231,0.356066,1.849206,29.793508,1.971342,52.000000,0.649025
0.019231,0.799970,2.064516,26.648766,2.302319,82.000000,0.673684
0.019231,0.356066,1.849206,29.793508,1.971342,52.000000,0.649025
0.019231,0.356066,1.849206,29.793508,1.971342,52.000000,0.649025
0.019231,1.000000,2.064516,26.648766,2.302319,82.000000,0.673684
0.019231,0.356066,1.849206,29.793508,1.971342,52.000000,0.649025
0.019231,0.981364,2.064516,26.648766,2.302319,82.000000,0.673684
0.058824,0.018016,1.412844,27.166910,1.981174,43.000000,0.585551
0.058824,1.000000,4.111111,26.628147,2.139706,17.000000,0.804348
0.058824,0.018016,1.412844,27.166910,1.981174,43.000000,0.585551
0.058824,0.403492,4.111111,26.628147,2.139706,17.000000,0.804348
0.090909,0.115342,2.043478,22.838138,1.878947,20.000000,0.671429
0.090909,0.073973,2.230769,30.000000,1.509091,11.000000,0.690476
0.019231,0.356066,1.849206,29.793508,1.971342,52.000000,0.649025
0.019231,0.799970,2.064516,26.648766,2.302319,82.000000,0.673684
0.019231,0.823722,2.064516,26.648766,2.302319,82.000000,0.673684
0.019231,0.356066,1.849206,29.793508,1.971342,52.000000,0.649025
0.071429,0.823722,2.064516,26.648766,2.302319,82.000000,0.673684
0.071429,0.289326,2.160000,27.320211,1.600000,16.000000,0.683544
0.028571,0.823722,2.064516,26.648766,2.302319,82.000000,0.673684
0.028571,0.364147,2.050847,26.798831,1.826891,35.000000,0.672222
0.076923,0.984590,2.218750,29.738342,2.310078,87.000000,0.689320
0.090909,0.170610,2.230769,30.000000,1.509091,11.000000,0.690476
0.090909,0.115342,2.043478,22.838138,1.878947,20.000000,0.671429
0.019231,0.356066,1.849206,29.793508,1.971342,52.000000,0.649025
0.019231,0.799970,2.064516,26.648766,2.302319,82.000000,0.673684
0.019231,0.356066,1.849206,29.793508,1.971342,52.000000,0.649025
0.019231,0.823722,2.064516,26.648766,2.302319,82.000000,0.673684
0.019231,1.000000,2.064516,26.648766,2.302319,82.000000,0.673684
0.019231,0.356066,1.849206,29.793508,1.971342,52.000000,0.649025
0.019231,1.000000,2.064516,26.648766,2.302319,82.000000,0.673684
0.019231,0.356066,1.849206,29.793508,1.971342,52.000000,0.649025
0.019231,0.356066,1.849206,29.793508,1.971342,52.000000,0.649025
0.019231,0.823722,2.064516,26.648766,2.302319,82.000000,0.673684
0.019231,0.356066,1.849206,29.793508,1.971342,52.000000,0.649025
0.019231,1.000000,2.064516,26.648766,2.302319,82.000000,0.673684
0.071429,0.289326,2.160000,27.320211,1.600000,16.000000,0.683544
0.071429,1.000000,2.064516,26.648766,2.302319,82.000000,0.673684
0.019231,0.356066,1.849206,29.793508,1.971342,52.000000,0.649025
0.019231,0.799970,2.064516,26.648766,2.302319,82.000000,0.673684
0.019231,0.356066,1.849206,29.793508,1.971342,52.000000,0.649025
0.019231,0.981364,2.064516,26.648766,2.302319,82.000000,0.673684
0.019231,0.356066,1.849206,29.793508,1.971342,52.000000,0.649025
0.019231,1.000000,2.064516,26.648766,2.302319,82.000000,0.673684
0.058824,0.018016,1.412844,27.166910,1.981174,43.000000,0.585551
0.058824,0.403492,4.111111,26.628147,2.139706,17.000000,0.804348
0.019231,0.981364,2.064516,26.648766,2.302319,82.000000,0.673684
0.019231,0.356066,1.849206,29.793508,1.971342,52.000000,0.649025
0.142857,0.074202,1.445545,26.700366,1.959756,41.000000,0.591093
0.028571,0.981364,2.064516,26.648766,2.302319,82.000000,0.673684
0.028571,0.364147,2.050847,26.798831,1.826891,35.000000,0.672222
0.076923,0.660648,2.218750,29.738342,2.310078,87.000000,0.689320
0.071429,0.289326,2.160000,27.320211,1.600000,16.000000,0.683544
0.071429,0.799970,2.064516,26.648766,2.302319,82.000000,0.673684
0.028571,1.000000,2.064516,26.648766,2.302319,82.000000,0.673684
0.028571,0.364147,2.050847,26.798831,1.826891,35.000000,0.672222
0.076923,0.655639,2.218750,29.738342,2.310078,87.000000,0.689320
0.076923,1.000000,2.218750,29.738342,2.310078,87.000000,0.689320
0.019231,0.356066,1.849206,29.793508,1.971342,52.000000,0.649025
0.019231,0.981364,2.064516,26.648766,2.302319,82.000000,0.673684
0.071429,0.289326,2.160000,27.320211,1.600000,16.000000,0.683544
0.071429,0.981364,2.064516,26.648766,2.302319,82.000000,0.673684
0.019231,0.823722,2.064516,26.648766,2.302319,82.000000,0.673684
0.019231,0.356066,1.849206,29.793508,1.971342,52.000000,0.649025
0.028571,0.799970,2.064516,26.648766,2.302319,82.000000,0.673684
0.028571,0.364147,2.050847,26.798831,1.826891,35.000000,0.672222
0.019231,0.981364,2.064516,26.648766,2.302319,82.000000,0.673684
0.019231,0.356066,1.849206,29.793508,1.971342,52.000000,0.649025
0.090909,0.167797,3.000000,26.111188,1.701754,19.000000,0.750000
0.083333,0.358803,1.870370,25.017129,1.888172,31.000000,0.651613
0.125000,0.155212,2.750000,29.599468,1.214286,8.000000,0.733333
0.090909,0.007812,2.222222,26.762922,1.874459,22.000000,0.689655
0.037037,0.123730,1.412844,27.780298,1.981174,43.000000,0.585551
0.050000,0.142668,1.125000,29.696111,1.868421,20.000000,0.529412
0.125000,1.000000,1.666667,30.000000,1.107143,8.000000,0.625000
0.125000,0.154670,1.156863,25.537548,1.900433,22.000000,0.536364
0.111111,0.145321,1.923077,24.947081,1.681818,12.000000,0.657895
0.045455,0.069560,1.463636,27.555987,1.974630,44.000000,0.594096
0.045455,0.154670,1.156863,25.537548,1.900433,22.000000,0.536364
0.111111,0.261608,1.602564,27.651405,1.844920,34.000000,0.615764
0.250000,0.420101,2.016667,27.055639,1.826891,35.000000,0.668508
0.090909,0.368576,1.961538,25.799548,1.890476,21.000000,0.662338
0.090909,0.928555,3.000000,29.344306,1.672727,11.000000,0.750000
0.090909,0.368576,1.961538,25.799548,1.890476,21.000000,0.662338
0.090909,0.368576,1.961538,25.799548,1.890476,21.000000,0.662338
0.090909,0.928555,3.000000,29.344306,1.672727,11.000000,0.750000
0.090909,0.928555,3.000000,29.344306,1.672727,11.000000,0.750000
0.090909,0.319001,1.372093,24.558245,1.869565,23.000000,0.578431
0.058824,1.000000,1.666667,19.610788,1.705882,18.000000,0.625000
0.058824,0.267504,1.814815,29.711656,1.713235,17.000000,0.644737
0.090909,1.000000,1.261905,18.418477,1.883117,22.000000,0.557895
0.090909,0.257159,1.411765,26.498623,1.600000,11.000000,0.585366
0.045455,0.176248,2.593750,26.342989,1.843305,27.000000,0.721739
0.045455,1.000000,1.261905,18.418477,1.883117,22.000000,0.557895
0.052632,0.097714,2.344828,29.991951,1.753623,24.000000,0.701031
0.250000,0.099244,2.266272,29.722222,2.260175,90.000000,0.693841
0.250000,0.029418,2.266272,29.722222,2.260175,90.000000,0.693841
0.250000,0.380791,2.266272,29.722222,2.260175,90.000000,0.693841
0.250000,0.028369,2.266272,29.722222,2.260175,90.000000,0.693841
0.090909,0.471121,1.689655,30.000000,1.713235,17.000000,0.628205
0.166667,0.319440,2.142857,29.833744,1.000000,6.000000,0.681818
0.200000,0.452397,1.484848,30.000000,1.713235,17.000000,0.597561
0.250000,0.383330,2.266272,29.722222,2.260175,90.000000,0.693841
0.055556,0.101691,2.344828,30.000000,1.753623,24.000000,0.701031
0.055556,0.199553,1.125000,29.675498,1.868421,20.000000,0.529412
0.200000,0.129222,1.879032,29.543225,1.971342,52.000000,0.652661
0.040000,0.038462,1.967742,16.145499,1.996667,25.000000,0.663043
0.040000,0.029683,2.237569,29.208156,2.302320,91.000000,0.691126
0.071429,0.061760,2.214286,15.270780,1.659341,14.000000,0.688889
0.071429,0.008922,1.905983,28.950653,2.405026,59.000000,0.655882
0.040000,0.560694,2.237569,29.208156,2.302320,91.000000,0.691126
0.040000,0.038462,1.967742,16.145499,1.996667,25.000000,0.663043
0.040000,0.068475,2.237569,29.208156,2.302320,91.000000,0.691126
0.040000,0.038462,1.967742,16.145499,1.996667,25.000000,0.663043
0.040000,0.038462,1.967742,16.145499,1.996667,25.000000,0.663043
0.040000,0.028109,2.237569,29.208156,2.302320,91.000000,0.691126
0.071429,0.061760,2.214286,15.270780,1.659341,14.000000,0.688889
0.071429,0.080077,1.905983,28.950653,2.405026,59.000000,0.655882
0.040000,0.038462,1.967742,16.145499,1.996667,25.000000,0.663043
0.040000,0.561833,2.237569,29.208156,2.302320,91.000000,0.691126
0.083333,0.731745,1.041667,26.044543,1.931034,30.000000,0.510204
0.071429,0.133296,1.905983,28.950653,2.405026,59.000000,0.655882
0.071429,0.061760,2.214286,15.270780,1.659341,14.000000,0.688889
0.071429,0.183779,1.905983,28.950653,2.405026,59.000000,0.655882
0.071429,0.061760,2.214286,15.270780,1.659341,14.000000,0.688889
0.200000,0.129222,1.879032,29.543225,1.971342,52.000000,0.652661
0.200000,0.129222,1.879032,29.543225,1.971342,52.000000,0.652661
0.200000,0.129222,1.879032,29.543225,1.971342,52.000000,0.652661
0.200000,0.129222,1.879032,29.543225,1.971342,52.000000,0.652661
0.021277,1.000000,2.290909,28.586695,2.313065,91.000000,0.696133
0.021277,0.255655,1.606897,30.000000,1.971342,52.000000,0.616402
0.021277,0.252822,1.618056,30.000000,1.971342,52.000000,0.618037
0.021277,1.000000,2.290909,28.586695,2.313065,91.000000,0.696133
0.021277,0.255655,1.606897,30.000000,1.971342,52.000000,0.616402
0.021277,1.000000,2.290909,28.586695,2.313065,91.000000,0.696133
0.021277,0.255655,1.606897,30.000000,1.971342,52.000000,0.616402
0.021277,0.073013,2.290909,28.586695,2.313065,91.000000,0.696133
0.021277,0.255655,1.606897,30.000000,1.971342,52.000000,0.616402
0.021277,0.020584,2.290909,28.586695,2.313065,91.000000,0.696133
0.021277,0.255655,1.606897,30.000000,1.971342,52.000000,0.616402
0.021277,0.252822,1.618056,30.000000,1.971342,52.000000,0.618037
0.021277,1.000000,2.290909,28.586695,2.313065,91.000000,0.696133
0.021277,0.255655,1.606897,30.000000,1.971342,52.000000,0.616402
0.021277,1.000000,2.290909,28.586695,2.313065,91.000000,0.696133
0.021277,0.255655,1.606897,30.000000,1.971342,52.000000,0.616402
0.021277,0.252822,1.618056,30.000000,1.971342,52.000000,0.618037
0.066667,1.000000,2.290909,28.586695,2.313065,91.000000,0.696133
0.066667,0.118998,2.500000,28.366587,1.476190,15.000000,0.714286
0.026316,1.000000,2.290909,28.586695,2.313065,91.000000,0.696133
0.026316,0.437971,1.734177,28.175288,2.006645,43.000000,0.634259
0.076923,0.020584,2.290909,28.586695,2.313065,91.000000,0.696133
0.021277,1.000000,2.290909,28.586695,2.313065,91.000000,0.696133
0.021277,0.255655,1.606897,30.000000,1.971342,52.000000,0.616402
0.021277,1.000000,2.290909,28.586695,2.313065,91.000000,0.696133
0.021277,0.255655,1.606897,30.000000,1.971342,52.000000,0.616402
0.021277,0.255655,1.606897,30.000000,1.971342,52.000000,0.616402
0.021277,0.073013,2.290909,28.586695,2.313065,91.000000,0.696133
0.021277,0.255655,1.606897,30.000000,1.971342,52.000000,0.616402
0.021277,0.073013,2.290909,28.586695,2.313065,91.000000,0.696133
0.021277,1.000000,2.290909,28.586695,2.313065,91.000000,0.696133
0.021277,0.255655,1.606897,30.000000,1.971342,52.000000,0.616402
0.021277,0.073013,2.290909,28.586695,2.313065,91.000000,0.696133
0.021277,0.255655,1.606897,30.000000,1.971342,52.000000,0.616402
0.066667,0.118998,2.500000,28.366587,1.476190,15.000000,0.714286
0.066667,0.073013,2.290909,28.586695,2.313065,91.000000,0.696133
0.021277,1.000000,2.290909,28.586695,2.313065,91.000000,0.696133
0.021277,0.255655,1.606897,30.000000,1.971342,52.000000,0.616402
0.021277,0.020584,2.290909,28.586695,2.313065,91.000000,0.696133
0.021277,0.255655,1.606897,30.000000,1.971342,52.000000,0.616402
0.021277,0.255655,1.606897,30.000000,1.971342,52.000000,0.616402
0.021277,0.073013,2.290909,28.586695,2.313065,91.000000,0.696133
0.021277,0.020584,2.290909,28.586695,2.313065,91.000000,0.696133
0.021277,0.255655,1.606897,30.000000,1.971342,52.000000,0.616402
0.066667,0.057526,2.619048,28.050400,1.476190,15.000000,0.723684
0.026316,0.020584,2.290909,28.586695,2.313065,91.000000,0.696133
0.026316,0.437971,1.734177,28.175288,2.006645,43.000000,0.634259
0.076923,1.000000,2.290909,28.586695,2.313065,91.000000,0.696133
0.250000,0.370548,2.833333,29.702390,1.828571,15.000000,0.739130
0.066667,1.000000,2.290909,28.586695,2.313065,91.000000,0.696133
0.066667,0.118998,2.500000,28.366587,1.476190,15.000000,0.714286
0.021277,0.252822,1.618056,30.000000,1.971342,52.000000,0.618037
0.026316,0.437971,1.734177,28.175288,2.006645,43.000000,0.634259
0.026316,0.073013,2.290909,28.586695,2.313065,91.000000,0.696133
0.076923,1.000000,2.290909,28.586695,2.313065,91.000000,0.696133
0.076923,0.073013,2.290909,28.586695,2.313065,91.000000,0.696133
0.021277,0.020584,2.290909,28.586695,2.313065,91.000000,0.696133
0.021277,0.255655,1.606897,30.000000,1.971342,52.000000,0.616402
0.066667,0.118998,2.500000,28.366587,1.476190,15.000000,0.714286
0.066667,0.020584,2.290909,28.586695,2.313065,91.000000,0.696133
0.021277,1.000000,2.290909,28.586695,2.313065,91.000000,0.696133
0.021277,0.255655,1.606897,30.000000,1.971342,52.000000,0.616402
0.026316,1.000000,2.290909,28.586695,2.313065,91.000000,0.696133
0.026316,0.437971,1.734177,28.175288,2.006645,43.000000,0.634259
0.026316,0.423158,1.734177,27.630917,2.006645,43.000000,0.634259
0.021277,0.252822,1.618056,30.000000,1.971342,52.000000,0.618037
0.021277,0.020584,2.290909,28.586695,2.313065,91.000000,0.696133
0.021277,0.255655,1.606897,30.000000,1.971342,52.000000,0.616402
0.125000,0.386675,2.000000,16.086389,1.428571,8.000000,0.666667
0.100000,0.520871,2.250000,27.196646,1.666667,10.000000,0.692308
0.100000,0.266205,1.661538,24.702086,2.143670,38.000000,0.624277
0.021277,0.081429,2.084112,30.000000,1.872340,47.000000,0.675758
0.021277,0.642088,2.323864,28.998832,2.281563,91.000000,0.699145
0.021277,0.325358,2.323864,28.998832,2.281563,91.000000,0.699145
0.021277,0.081429,2.084112,30.000000,1.872340,47.000000,0.675758
0.021277,0.643825,2.323864,28.998832,2.281563,91.000000,0.699145
0.021277,0.081429,2.084112,30.000000,1.872340,47.000000,0.675758
0.021277,0.643825,2.323864,28.998832,2.281563,91.000000,0.699145
0.021277,0.081429,2.084112,30.000000,1.872340,47.000000,0.675758
0.021277,0.081429,2.084112,30.000000,1.872340,47.000000,0.675758
0.021277,0.019405,2.323864,28.998832,2.281563,91.000000,0.699145
0.021277,0.081429,2.084112,30.000000,1.872340,47.000000,0.675758
0.021277,0.034955,2.323864,28.998832,2.281563,91.000000,0.699145
0.058824,0.496664,1.686275,25.991740,1.892473,31.000000,0.627737
0.021277,0.325358,2.323864,28.998832,2.281563,91.000000,0.699145
0.021277,0.081429,2.084112,30.000000,1.872340,47.000000,0.675758
0.076923,0.325358,2.323864,28.998832,2.281563,91.000000,0.699145
0.021277,0.643825,2.323864,28.998832,2.281563,91.000000,0.699145
0.021277,0.081429,2.084112,30.000000,1.872340,47.000000,0.675758
0.021277,0.642088,2.323864,28.998832,2.281563,91.000000,0.699145
0.021277,0.081429,2.084112,30.000000,1.872340,47.000000,0.675758
0.021277,0.325358,2.323864,28.998832,2.281563,91.000000,0.699145
0.021277,0.081429,2.084112,30.000000,1.872340,47.000000,0.675758
0.066667,0.186726,2.500000,29.354171,1.476190,15.000000,0.714286
0.066667,0.642088,2.323864,28.998832,2.281563,91.000000,0.699145
0.025641,0.003471,2.121212,27.651414,1.838057,39.000000,0.679612
0.025641,0.642088,2.323864,28.998832,2.281563,91.000000,0.699145
0.076923,0.034955,2.323864,28.998832,2.281563,91.000000,0.699145
0.021277,0.643825,2.323864,28.998832,2.281563,91.000000,0.699145
0.021277,0.081429,2.084112,30.000000,1.872340,47.000000,0.675758
0.021277,0.081429,2.084112,30.000000,1.872340,47.000000,0.675758
0.021277,0.642088,2.323864,28.998832,2.281563,91.000000,0.699145
0.021277,0.081429,2.084112,30.000000,1.872340,47.000000,0.675758
0.021277,0.019405,2.323864,28.998832,2.281563,91.000000,0.699145
0.021277,0.019405,2.323864,28.998832,2.281563,91.000000,0.699145
0.021277,0.081429,2.084112,30.000000,1.872340,47.000000,0.675758
0.021277,0.081429,2.084112,30.000000,1.872340,47.000000,0.675758
0.021277,0.642088,2.323864,28.998832,2.281563,91.000000,0.699145
0.021277,0.081429,2.084112,30.000000,1.872340,47.000000,0.675758
0.021277,0.019405,2.323864,28.998832,2.281563,91.000000,0.699145
0.066667,0.186726,2.500000,29.354171,1.476190,15.000000,0.714286
0.066667,0.019405,2.323864,28.998832,2.281563,91.000000,0.699145
0.021277,0.643825,2.323864,28.998832,2.281563,91.000000,0.699145
0.021277,0.081429,2.084112,30.000000,1.872340,47.000000,0.675758
0.021277,0.081429,2.084112,30.000000,1.872340,47.000000,0.675758
0.021277,0.034955,2.323864,28.998832,2.281563,91.000000,0.699145
0.021277,0.081429,2.084112,30.000000,1.872340,47.000000,0.675758
0.021277,0.019405,2.323864,28.998832,2.281563,91.000000,0.699145
0.021277,0.034955,2.323864,28.998832,2.281563,91.000000,0.699145
0.021277,0.081429,2.084112,30.000000,1.872340,47.000000,0.675758
0.066667,0.325358,2.323864,28.998832,2.281563,91.000000,0.699145
0.066667,0.186726,2.500000,29.354171,1.476190,15.000000,0.714286
0.025641,0.034955,2.323864,28.998832,2.281563,91.000000,0.699145
0.025641,0.003471,2.121212,27.651414,1.838057,39.000000,0.679612
0.076923,0.642088,2.323864,28.998832,2.281563,91.000000,0.699145
0.066667,0.643825,2.323864,28.998832,2.281563,91.000000,0.699145
0.066667,0.186726,2.500000,29.354171,1.476190,15.000000,0.714286
0.021277,0.325358,2.323864,28.998832,2.281563,91.000000,0.699145
0.021277,0.081429,2.084112,30.000000,1.872340,47.000000,0.675758
0.025641,0.003471,2.121212,27.651414,1.838057,39.000000,0.679612
0.025641,0.019405,2.323864,28.998832,2.281563,91.000000,0.699145
0.076923,0.643825,2.323864,28.998832,2.281563,91.000000,0.699145
0.076923,0.019405,2.323864,28.998832,2.281563,91.000000,0.699145
0.021277,0.034955,2.323864,28.998832,2.281563,91.000000,0.699145
0.021277,0.081429,2.084112,30.000000,1.872340,47.000000,0.675758
0.066667,0.034955,2.323864,28.998832,2.281563,91.000000,0.699145
0.066667,0.186726,2.500000,29.354171,1.476190,15.000000,0.714286
0.025641,0.643825,2.323864,28.998832,2.281563,91.000000,0.699145
0.025641,0.003471,2.121212,27.651414,1.838057,39.000000,0.679612
0.021277,0.081429,2.084112,30.000000,1.872340,47.000000,0.675758
0.021277,0.642088,2.323864,28.998832,2.281563,91.000000,0.699145
0.025641,0.325358,2.323864,28.998832,2.281563,91.000000,0.699145
0.025641,0.003471,2.121212,27.651414,1.838057,39.000000,0.679612
0.021277,0.325358,2.323864,28.998832,2.281563,91.000000,0.699145
0.021277,0.081429,2.084112,30.000000,1.872340,47.000000,0.675758
0.021277,0.081429,2.084112,30.000000,1.872340,47.000000,0.675758
0.021277,0.034955,2.323864,28.998832,2.281563,91.000000,0.699145
0.090909,0.072444,2.045872,30.000000,1.872340,47.000000,0.671687
0.090909,0.072444,2.045872,30.000000,1.872340,47.000000,0.671687
0.076923,0.597282,1.900000,14.598307,1.992754,24.000000,0.655172
0.076923,0.425395,1.878788,27.770123,1.725146,19.000000,0.652632
0.200000,0.339187,1.863636,29.063727,1.784211,20.000000,0.650794
0.090909,0.044907,2.291667,29.896368,1.790850,18.000000,0.696203
0.090909,0.072444,2.045872,30.000000,1.872340,47.000000,0.671687
0.090909,0.072444,2.045872,30.000000,1.872340,47.000000,0.671687
0.200000,0.508022,1.863636,29.063727,1.784211,20.000000,0.650794
0.090909,0.072444,2.045872,30.000000,1.872340,47.000000,0.671687
0.050000,0.471977,1.920000,20.618039,1.873684,20.000000,0.657534
0.050000,0.223895,1.148936,29.587626,1.868421,20.000000,0.534653
0.083333,0.912414,1.206349,21.069020,1.935385,26.000000,0.546763
0.083333,0.004115,1.695652,25.023586,1.409091,12.000000,0.629032
0.038462,0.912414,1.206349,21.069020,1.935385,26.000000,0.546763
0.038462,0.012773,1.543103,28.761565,1.959420,46.000000,0.606780
0.055556,0.924114,1.487805,24.510939,1.784211,20.000000,0.598039
0.055556,0.054945,4.100000,21.746182,1.869281,18.000000,0.803922
0.200000,0.924114,1.487805,24.510939,1.784211,20.000000,0.598039
0.090909,0.368452,2.444444,28.357965,1.600000,11.000000,0.709677
0.142857,0.121905,2.714286,27.080527,1.095238,7.000000,0.730769
0.125000,0.885514,1.666667,29.975854,1.107143,8.000000,0.625000
0.055556,0.000319,2.416667,24.036771,1.961345,35.000000,0.707317
0.058824,0.015806,2.098361,26.034680,2.018893,39.000000,0.677249
0.058824,0.009282,3.028571,23.382738,1.901478,29.000000,0.751773
0.058824,0.020581,3.028571,23.382738,1.901478,29.000000,0.751773
0.055556,0.116879,1.828571,26.519237,1.690058,19.000000,0.646465
0.055556,0.030946,2.200000,29.928915,1.790850,18.000000,0.687500
0.058824,0.075727,3.028571,23.382738,1.901478,29.000000,0.751773
0.058824,0.023163,3.028571,23.382738,1.901478,29.000000,0.751773
0.058824,0.004518,3.028571,23.382738,1.901478,29.000000,0.751773
0.166667,1.000000,2.851852,27.839370,1.898551,24.000000,0.740385
0.166667,0.092071,2.142857,30.000000,1.000000,6.000000,0.681818
0.166667,1.000000,2.851852,27.839370,1.898551,24.000000,0.740385
0.166667,0.032249,2.142857,30.000000,1.000000,6.000000,0.681818
0.166667,1.000000,2.851852,27.839370,1.898551,24.000000,0.740385
0.166667,0.040899,2.142857,30.000000,1.000000,6.000000,0.681818
0.250000,1.000000,1.539683,24.260943,1.877419,31.000000,0.606250
0.125000,0.057971,2.750000,22.650239,1.214286,8.000000,0.733333
0.055556,0.074800,2.169492,27.910014,2.018893,39.000000,0.684492
0.100000,0.394474,1.750000,28.757487,1.847953,19.000000,0.636364
0.083333,0.573075,2.115385,30.000000,1.790850,18.000000,0.679012
0.062500,1.000000,1.600000,10.003048,1.600000,16.000000,0.615385
0.062500,0.028104,1.016393,28.307559,1.891775,22.000000,0.504065
0.090909,0.130548,1.538462,26.299343,1.709091,11.000000,0.606061
0.090909,0.140205,2.428571,29.406575,1.753623,24.000000,0.708333
0.111111,0.290523,1.672727,30.000000,1.746377,24.000000,0.625850
0.166667,0.035088,2.666667,27.658699,1.533333,6.000000,0.727273
0.166667,0.198988,2.000000,21.876213,1.238095,7.000000,0.666667
0.111111,0.290523,1.672727,30.000000,1.746377,24.000000,0.625850
0.100000,0.697559,2.214286,17.506687,1.602564,13.000000,0.688889
0.142857,0.817701,2.750000,25.052320,1.476190,7.000000,0.733333
0.125000,0.079163,1.242424,22.121510,1.794118,17.000000,0.554054
0.142857,0.501129,1.466667,28.385318,2.159244,39.000000,0.594595
0.142857,0.294118,2.142857,16.886091,1.285714,7.000000,0.681818
0.142857,0.598292,1.714286,24.340002,1.428571,7.000000,0.631579
0.142857,0.231971,1.395062,28.290368,2.189024,41.000000,0.582474
0.250000,0.147608,3.028571,30.000000,1.901478,29.000000,0.751773
0.250000,0.391957,3.028571,30.000000,1.901478,29.000000,0.751773
0.250000,0.072917,3.028571,30.000000,1.901478,29.000000,0.751773
0.250000,0.350887,3.028571,30.000000,1.901478,29.000000,0.751773
0.250000,0.050178,3.028571,30.000000,1.901478,29.000000,0.751773
0.125000,0.021722,1.493151,28.352695,2.061905,36.000000,0.598901
0.125000,0.121568,2.157895,18.681286,1.731884,24.000000,0.683333
0.200000,0.427815,1.555556,28.142404,1.705128,13.000000,0.608696
0.200000,0.456908,1.555556,28.142404,1.705128,13.000000,0.608696
0.250000,0.553778,1.533333,29.589932,1.730994,19.000000,0.605263
0.166667,0.826178,3.250000,22.529774,1.133333,6.000000,0.764706
0.166667,0.087598,4.818182,24.570131,1.859649,19.000000,0.828125
0.166667,0.546856,2.600000,29.119343,1.133333,6.000000,0.722222
0.166667,0.514674,1.554140,28.989054,1.964441,53.000000,0.608479
0.045455,0.514674,1.554140,28.989054,1.964441,53.000000,0.608479
0.045455,0.296054,2.131579,29.341855,1.649351,22.000000,0.680672
0.045455,0.296054,2.131579,29.341855,1.649351,22.000000,0.680672
0.045455,0.514674,1.554140,28.989054,1.964441,53.000000,0.608479
0.045455,0.296054,2.131579,29.341855,1.649351,22.000000,0.680672
0.045455,0.514674,1.554140,28.989054,1.964441,53.000000,0.608479
0.045455,0.514674,1.554140,28.989054,1.964441,53.000000,0.608479
0.045455,0.296054,2.131579,29.341855,1.649351,22.000000,0.680672
0.045455,0.296054,2.131579,29.341855,1.649351,22.000000,0.680672
0.045455,0.514674,1.554140,28.989054,1.964441,53.000000,0.608479
0.166667,0.546856,2.600000,29.119343,1.133333,6.000000,0.722222
0.166667,0.514674,1.554140,28.989054,1.964441,53.000000,0.608479
0.166667,0.546856,2.600000,29.119343,1.133333,6.000000,0.722222
0.166667,0.514674,1.554140,28.989054,1.964441,53.000000,0.608479
0.166667,0.546856,2.600000,29.119343,1.133333,6.000000,0.722222
0.166667,0.514674,1.554140,28.989054,1.964441,53.000000,0.608479
0.166667,0.546856,2.600000,29.119343,1.133333,6.000000,0.722222
0.166667,0.514674,1.554140,28.989054,1.964441,53.000000,0.608479
0.100000,0.068797,1.979592,27.245006,2.105882,35.000000,0.664384
0.111111,0.296471,2.250000,24.942146,1.500000,9.000000,0.692308
0.090909,0.316096,2.454545,22.808464,1.563636,11.000000,0.710526
0.090909,0.705462,1.597222,25.582223,1.875223,34.000000,0.614973
0.062500,0.300728,1.666667,11.090123,1.833333,16.000000,0.625000
0.062500,0.705462,1.597222,25.582223,1.875223,34.000000,0.614973
0.058824,1.000000,1.558824,16.400256,1.610294,17.000000,0.609195
0.058824,0.019319,0.885714,29.625114,1.891775,22.000000,0.469697
0.050000,0.218021,3.076923,30.000000,1.883871,31.000000,0.754717
0.050000,0.218021,3.076923,30.000000,1.883871,31.000000,0.754717
0.050000,0.066255,3.076923,30.000000,1.883871,31.000000,0.754717
0.050000,0.218021,3.076923,30.000000,1.883871,31.000000,0.754717
0.050000,0.145395,3.076923,30.000000,1.883871,31.000000,0.754717
0.043478,0.063284,1.584615,29.411902,2.009470,33.000000,0.613095
0.062500,0.777778,1.666667,7.357408,1.833333,16.000000,0.625000
0.166667,1.000000,1.470588,30.000000,1.742424,12.000000,0.595238
0.166667,0.427674,1.470588,30.000000,1.742424,12.000000,0.595238
0.111111,0.834508,1.529412,22.881650,1.618182,11.000000,0.604651
0.111111,0.004484,1.900000,28.810001,1.472222,9.000000,0.655172
0.111111,0.152941,2.000000,27.569076,1.750000,9.000000,0.666667
0.166667,0.216490,1.571429,26.869677,1.266667,6.000000,0.611111
0.166667,0.493334,1.705882,29.733337,1.628205,13.000000,0.630435
0.166667,0.263638,2.000000,28.987036,1.533333,6.000000,0.666667
0.166667,0.067127,1.954545,24.439581,1.641667,16.000000,0.661538
0.055556,0.000000,0.945205,28.311558,1.873518,23.000000,0.485915
0.055556,1.000000,1.594595,18.296327,1.614379,18.000000,0.614583
0.052632,0.138240,1.826087,29.050025,1.667984,23.000000,0.646154
0.052632,0.124514,1.435294,29.777391,1.867227,35.000000,0.589372
0.125000,0.368722,2.000000,21.284167,1.618182,11.000000,0.666667
0.125000,0.115072,3.000000,16.818359,1.678571,8.000000,0.750000
0.142857,0.373628,2.846154,27.859585,1.647619,15.000000,0.740000
0.142857,0.070675,1.800000,27.169169,1.968293,41.000000,0.642857
0.076923,0.027160,1.496933,28.910899,2.036364,56.000000,0.599509
0.076923,0.027160,1.496933,28.910899,2.036364,56.000000,0.599509
0.076923,0.027160,1.496933,28.910899,2.036364,56.000000,0.599509
0.076923,0.027160,1.496933,28.910899,2.036364,56.000000,0.599509
0.058824,0.591031,1.545455,26.852726,1.698529,17.000000,0.607143
0.058824,0.059840,1.959459,27.544433,1.972315,43.000000,0.662100
0.076923,0.027160,1.496933,28.910899,2.036364,56.000000,0.599509
0.166667,0.199274,1.788732,26.396527,1.960864,39.000000,0.641414
0.166667,0.121271,2.500000,28.775580,1.000000,6.000000,0.714286
0.125000,0.352390,2.000000,25.834596,1.571429,8.000000,0.666667
0.125000,0.397760,1.979592,26.834795,2.105882,35.000000,0.664384
0.166667,1.000000,1.571429,23.479287,1.266667,6.000000,0.611111
0.166667,0.369329,2.063830,26.269372,2.105882,35.000000,0.673611
0.250000,0.399794,2.176471,28.119081,1.830108,31.000000,0.685185
0.071429,0.210761,1.544304,29.929095,1.867227,35.000000,0.606965
0.200000,1.000000,1.642857,18.846939,1.868132,14.000000,0.621622
0.071429,1.000000,1.642857,18.846939,1.868132,14.000000,0.621622
0.071429,0.023076,1.525000,29.946704,1.867227,35.000000,0.603960
0.166667,0.214212,3.400000,29.095772,1.910873,34.000000,0.772727
0.166667,0.060808,3.400000,29.095772,1.910873,34.000000,0.772727
0.166667,0.214212,3.400000,29.095772,1.910873,34.000000,0.772727
0.166667,0.214212,3.400000,29.095772,1.910873,34.000000,0.772727
0.166667,0.214212,3.400000,29.095772,1.910873,34.000000,0.772727
0.166667,0.301756,1.051282,15.654659,1.695238,15.000000,0.512500
0.043478,0.550309,1.568182,26.087064,1.913043,23.000000,0.610619
0.043478,0.461435,1.506173,29.579267,1.867227,35.000000,0.600985
0.083333,0.133595,1.941176,29.384708,1.500000,12.000000,0.660000
0.083333,0.527033,1.400000,26.731654,1.942029,24.000000,0.583333
0.250000,0.775447,2.888889,29.187488,1.926407,22.000000,0.742857
0.250000,1.000000,2.900000,23.210199,1.666667,12.000000,0.743590
0.250000,1.000000,1.533333,23.516300,1.654545,11.000000,0.605263
0.250000,0.283403,1.533333,23.516300,1.654545,11.000000,0.605263
0.142857,0.254237,1.875000,29.552864,1.285714,7.000000,0.652174
0.142857,0.278486,1.666667,7.357408,1.833333,16.000000,0.625000
0.100000,0.251584,2.340426,23.770060,1.862903,32.000000,0.700637
0.055556,0.022170,1.026667,28.276630,1.900000,25.000000,0.506579
0.055556,0.597189,3.307692,26.373114,1.895425,18.000000,0.767857
0.125000,0.127474,1.875000,28.398566,1.968288,44.000000,0.652174
0.200000,0.757948,2.031746,26.931428,2.018893,39.000000,0.670157
0.250000,1.000000,2.000000,9.306466,1.333333,4.000000,0.666667
0.250000,0.113716,2.555556,28.804606,1.581818,11.000000,0.718750
0.028571,0.302340,1.496933,28.910899,2.036364,56.000000,0.599509
0.028571,0.538715,1.626667,29.859947,1.867227,35.000000,0.619289
0.111111,0.098868,2.000000,29.654831,1.555556,9.000000,0.666667
0.111111,0.302340,1.496933,28.910899,2.036364,56.000000,0.599509
0.032258,0.224402,2.170213,23.540741,1.870968,31.000000,0.684564
0.032258,0.302340,1.496933,28.910899,2.036364,56.000000,0.599509
0.032258,0.224402,2.170213,23.540741,1.870968,31.000000,0.684564
0.032258,0.302340,1.496933,28.910899,2.036364,56.000000,0.599509
0.032258,0.224402,2.170213,23.540741,1.870968,31.000000,0.684564
0.032258,0.302340,1.496933,28.910899,2.036364,56.000000,0.599509
0.032258,0.224402,2.170213,23.540741,1.870968,31.000000,0.684564
0.032258,0.302340,1.496933,28.910899,2.036364,56.000000,0.599509
0.028571,0.302340,1.496933,28.910899,2.036364,56.000000,0.599509
0.028571,0.538715,1.626667,29.859947,1.867227,35.000000,0.619289
0.028571,0.302340,1.496933,28.910899,2.036364,56.000000,0.599509
0.028571,0.538715,1.626667,29.859947,1.867227,35.000000,0.619289
0.032258,0.224402,2.170213,23.540741,1.870968,31.000000,0.684564
0.032258,0.302340,1.496933,28.910899,2.036364,56.000000,0.599509
0.028571,0.302340,1.496933,28.910899,2.036364,56.000000,0.599509
0.028571,0.538715,1.626667,29.859947,1.867227,35.000000,0.619289
0.028571,0.302340,1.496933,28.910899,2.036364,56.000000,0.599509
0.028571,0.538715,1.626667,29.859947,1.867227,35.000000,0.619289
0.111111,0.098868,2.000000,29.654831,1.555556,9.000000,0.666667
0.111111,0.302340,1.496933,28.910899,2.036364,56.000000,0.599509
0.111111,0.098868,2.000000,29.654831,1.555556,9.000000,0.666667
0.111111,0.302340,1.496933,28.910899,2.036364,56.000000,0.599509
0.111111,0.302340,1.496933,28.910899,2.036364,56.000000,0.599509
0.111111,0.098868,2.000000,29.654831,1.555556,9.000000,0.666667
0.111111,0.098868,2.000000,29.654831,1.555556,9.000000,0.666667
0.111111,0.302340,1.496933,28.910899,2.036364,56.000000,0.599509
0.090909,0.094989,2.084112,30.000000,1.872340,47.000000,0.675758
0.090909,0.094989,2.084112,30.000000,1.872340,47.000000,0.675758
0.090909,0.094989,2.084112,30.000000,1.872340,47.000000,0.675758
0.090909,0.094989,2.084112,30.000000,1.872340,47.000000,0.675758
0.090909,0.094989,2.084112,30.000000,1.872340,47.000000,0.675758
0.125000,0.140832,2.291667,25.930970,1.862903,32.000000,0.696203
0.125000,0.798041,1.666667,17.405846,1.464286,8.000000,0.625000
0.034483,0.012529,1.909836,30.000000,1.953725,51.000000,0.656338
0.034483,0.407059,2.714286,26.411397,1.975369,29.000000,0.730769
0.034483,0.407059,2.714286,26.411397,1.975369,29.000000,0.730769
0.034483,0.012529,1.909836,30.000000,1.953725,51.000000,0.656338
0.034483,0.407059,2.714286,26.411397,1.975369,29.000000,0.730769
0.034483,0.012529,1.909836,30.000000,1.953725,51.000000,0.656338
0.034483,0.012529,1.909836,30.000000,1.953725,51.000000,0.656338
0.034483,0.407059,2.714286,26.411397,1.975369,29.000000,0.730769
0.034483,0.012529,1.909836,30.000000,1.953725,51.000000,0.656338
0.034483,0.407059,2.714286,26.411397,1.975369,29.000000,0.730769
0.066667,0.155556,2.142857,27.449857,1.571429,15.000000,0.681818
0.066667,0.096210,1.505263,27.047266,2.023229,42.000000,0.600840
0.052632,0.086869,1.833333,29.302912,1.742690,19.000000,0.647059
0.052632,0.096210,1.505263,27.047266,2.023229,42.000000,0.600840
0.166667,0.347472,1.444444,28.341164,1.777778,19.000000,0.590909
0.071429,0.754828,2.833333,29.038062,1.626374,14.000000,0.739130
0.071429,0.538868,1.242424,22.121510,1.794118,17.000000,0.554054
0.071429,0.223609,2.636364,20.616966,1.813187,14.000000,0.725000
0.250000,0.917250,1.666667,27.758616,1.681818,12.000000,0.625000
0.062500,0.037421,1.588235,20.031552,1.945869,27.000000,0.613636
0.083333,0.504949,1.772727,23.797066,1.409091,12.000000,0.639344
0.066667,0.633130,2.421053,28.004908,1.940230,30.000000,0.707692
0.066667,0.149500,1.684211,15.847143,1.695238,15.000000,0.627451
0.066667,0.454521,1.489583,27.560839,2.023229,42.000000,0.598326
0.200000,0.000188,2.933333,25.354647,1.766667,16.000000,0.745763
0.117647,0.226892,2.888889,16.147473,1.666667,13.000000,0.742857
0.117647,0.350182,2.038462,29.418613,1.948617,23.000000,0.670886
0.250000,0.424108,1.931034,27.379821,1.875000,32.000000,0.658824
0.100000,1.000000,1.265306,18.611961,1.757895,20.000000,0.558559
0.166667,0.223194,2.326923,25.745759,1.884135,34.000000,0.699422
0.166667,0.594187,2.666667,23.497911,1.533333,6.000000,0.727273
0.100000,0.091487,4.050000,30.000000,1.944669,39.000000,0.801980
0.100000,0.307083,1.650000,20.666291,1.266667,10.000000,0.622642
0.100000,0.091487,4.050000,30.000000,1.944669,39.000000,0.801980
0.100000,0.307083,1.650000,20.666291,1.266667,10.000000,0.622642
0.111111,0.077877,1.750000,27.459534,1.750000,9.000000,0.636364
0.100000,0.091487,4.050000,30.000000,1.944669,39.000000,0.801980
0.100000,0.307083,1.650000,20.666291,1.266667,10.000000,0.622642
0.090909,0.036207,1.577465,28.878673,1.807882,29.000000,0.612022
0.090909,0.036207,1.577465,28.878673,1.807882,29.000000,0.612022
0.100000,0.091487,4.050000,30.000000,1.944669,39.000000,0.801980
0.100000,0.307083,1.650000,20.666291,1.266667,10.000000,0.622642
0.090909,0.159313,2.933333,25.354647,1.766667,16.000000,0.745763
0.200000,0.767135,0.885714,29.625114,1.891775,22.000000,0.469697
0.100000,0.091487,4.050000,30.000000,1.944669,39.000000,0.801980
0.100000,0.307083,1.650000,20.666291,1.266667,10.000000,0.622642
0.166667,0.115568,2.000000,29.192713,1.575758,12.000000,0.666667
0.166667,0.648474,1.600000,25.000000,1.466667,6.000000,0.615385
0.125000,0.178713,2.333333,28.661251,1.500000,8.000000,0.700000
0.250000,0.230194,1.914286,29.756320,1.941538,26.000000,0.656863
0.050000,0.517219,1.703704,25.486785,1.928571,21.000000,0.630137
0.050000,0.254083,2.035714,28.401306,1.952821,47.000000,0.670588
0.050000,0.108932,1.482759,27.484903,2.063158,20.000000,0.597222
0.050000,0.028175,1.943182,29.100228,1.952821,47.000000,0.660232
0.125000,0.729839,1.875000,25.331685,1.464286,8.000000,0.652174
0.055556,0.500351,1.243243,29.014641,1.843137,18.000000,0.554217
0.062500,0.202766,2.074074,29.513044,1.541667,16.000000,0.674699
0.076923,0.004444,2.568182,28.639707,1.834409,31.000000,0.719745
0.200000,0.568651,5.000000,24.250480,1.000000,5.000000,0.833333
0.142857,0.909887,1.714286,29.321980,1.476190,7.000000,0.631579
0.142857,0.209121,4.333333,27.969772,1.696970,12.000000,0.812500
0.058824,0.328670,1.322581,25.408318,1.757353,17.000000,0.569444
0.058824,0.333356,1.770492,28.984821,1.915916,37.000000,0.639053
0.058824,0.091888,1.770492,28.984821,1.915916,37.000000,0.639053
0.058824,0.328670,1.322581,25.408318,1.757353,17.000000,0.569444
0.250000,0.385143,1.904762,28.646846,1.757353,17.000000,0.655738
0.071429,0.111395,1.640000,20.822137,1.960784,18.000000,0.621212
0.071429,0.342845,2.291667,25.031033,1.862903,32.000000,0.696203
0.250000,0.272099,1.904762,28.646846,1.757353,17.000000,0.655738
0.125000,0.537235,1.433333,28.235485,1.830882,17.000000,0.589041
0.125000,0.004405,2.333333,21.472985,1.500000,8.000000,0.700000
0.125000,0.004405,2.333333,21.472985,1.500000,8.000000,0.700000
0.125000,0.537235,1.433333,28.235485,1.830882,17.000000,0.589041
0.100000,1.000000,2.142857,26.980683,1.355556,10.000000,0.681818
0.200000,0.657693,1.210526,28.090496,1.843137,18.000000,0.547619
0.166667,0.387771,1.967742,16.145499,1.996667,25.000000,0.663043
0.166667,0.069907,1.833333,20.530564,1.214286,8.000000,0.647059
0.166667,0.135911,1.833333,28.987036,1.266667,6.000000,0.647059
0.250000,0.064498,1.821429,30.000000,1.666667,18.000000,0.645570
0.125000,0.654110,1.666667,24.869105,1.464286,8.000000,0.625000
0.125000,0.034224,2.161290,26.281559,1.903904,37.000000,0.683673
0.090909,0.296828,3.545455,26.518256,1.889706,17.000000,0.780000
0.066667,0.000000,1.857143,29.617679,1.628571,15.000000,0.650000
0.066667,0.356777,2.000000,18.098023,1.790476,15.000000,0.666667
0.200000,0.026316,1.750000,29.566076,1.300000,5.000000,0.636364
0.125000,0.470648,1.875000,30.000000,1.464286,8.000000,0.652174
0.142857,0.235064,2.000000,27.740833,1.333333,7.000000,0.666667
0.142857,0.782452,2.102041,29.304353,2.093093,37.000000,0.677632
0.125000,0.067225,2.102041,29.304353,2.093093,37.000000,0.677632
0.125000,0.689864,1.714286,30.000000,1.571429,8.000000,0.631579
0.083333,0.407562,2.207547,28.676230,2.073084,34.000000,0.688235
0.125000,0.431627,1.685714,23.608042,1.861905,21.000000,0.627660
0.052632,0.189177,1.340426,22.483751,1.666667,19.000000,0.572727
0.052632,0.316264,1.661765,29.800951,1.913229,38.000000,0.624309
0.142857,0.067225,2.102041,29.304353,2.093093,37.000000,0.677632
0.142857,0.235064,2.000000,27.740833,1.333333,7.000000,0.666667
0.125000,0.689864,1.714286,30.000000,1.571429,8.000000,0.631579
0.125000,0.782452,2.102041,29.304353,2.093093,37.000000,0.677632
0.052632,0.189177,1.340426,22.483751,1.666667,19.000000,0.572727
0.052632,0.102298,1.661765,29.800951,1.913229,38.000000,0.624309
0.200000,0.273468,1.730769,29.268045,1.818713,19.000000,0.633803
0.200000,0.273468,1.730769,29.268045,1.818713,19.000000,0.633803
0.142857,0.590587,4.937500,28.346970,1.886667,25.000000,0.831579
0.111111,0.750224,2.285714,28.226281,1.555556,9.000000,0.695652
0.076923,1.000000,1.444444,29.059834,1.782051,13.000000,0.590909
0.050000,0.047619,1.586207,15.358368,1.931579,20.000000,0.613333
0.111111,0.017094,1.425926,25.432858,1.714286,22.000000,0.587786
0.083333,1.000000,1.230769,27.268224,1.560606,12.000000,0.551724
0.142857,1.000000,2.000000,25.714286,1.476190,7.000000,0.666667
0.142857,0.143328,2.086957,27.464724,1.732026,18.000000,0.676056
0.250000,0.443709,2.555556,27.895463,1.388889,9.000000,0.718750
0.111111,0.017094,1.692308,28.578440,1.953216,19.000000,0.628571
0.076923,0.090161,1.533333,29.901954,1.666667,16.000000,0.605263
0.076923,0.005268,1.733333,28.201130,1.730769,13.000000,0.634146
0.050000,0.606001,1.580000,26.564080,2.021212,45.000000,0.612403
0.050000,0.429283,1.026667,28.276630,1.900000,25.000000,0.506579
0.050000,1.000000,1.265306,18.611961,1.757895,20.000000,0.558559
0.076923,0.173103,1.347826,27.808035,1.780952,15.000000,0.574074
0.142857,0.528127,1.952381,27.514870,1.549451,14.000000,0.661290
0.166667,0.084260,1.769231,29.330625,1.683333,16.000000,0.638889
0.166667,0.149701,2.200000,28.215001,1.266667,6.000000,0.687500
0.125000,0.132401,1.478261,22.877436,1.956522,24.000000,0.596491
0.142857,0.757639,2.565217,27.648792,2.023810,21.000000,0.719512
0.090909,0.367752,1.538462,29.832751,1.830108,31.000000,0.606061
0.076923,0.448085,1.355263,29.884446,2.022989,30.000000,0.575419
0.090909,0.367752,1.538462,29.832751,1.830108,31.000000,0.606061
0.142857,0.371728,1.666667,26.788172,1.285714,7.000000,0.625000
0.142857,1.000000,1.647059,16.705312,1.976285,23.000000,0.622222
0.250000,0.036269,1.541667,28.060159,1.916667,24.000000,0.606557
0.250000,0.098901,3.000000,24.770591,1.000000,4.000000,0.750000
0.250000,0.029195,1.825000,25.712282,1.883333,25.000000,0.646018
0.076923,1.000000,1.586207,15.358368,1.931579,20.000000,0.613333
0.076923,1.000000,1.300000,30.000000,1.782051,13.000000,0.565217
0.043478,0.249469,1.162162,12.875847,2.058065,31.000000,0.537500
0.043478,1.000000,1.555556,18.440901,1.976285,23.000000,0.608696
0.050000,1.000000,1.586207,15.358368,1.931579,20.000000,0.613333
0.050000,0.104276,1.921569,26.695510,1.943548,32.000000,0.657718
0.090909,0.151300,1.652482,30.000000,1.971342,52.000000,0.622995
0.090909,0.151300,1.652482,30.000000,1.971342,52.000000,0.622995
0.166667,0.605220,7.000000,30.000000,1.066667,6.000000,0.875000
0.166667,0.163230,2.526316,29.134060,1.968421,20.000000,0.716418
0.090909,0.151300,1.652482,30.000000,1.971342,52.000000,0.622995
0.090909,0.151300,1.652482,30.000000,1.971342,52.000000,0.622995
0.090909,0.151300,1.652482,30.000000,1.971342,52.000000,0.622995
0.166667,0.102041,2.333333,28.158739,2.060606,12.000000,0.700000
0.166667,0.164046,2.125000,30.000000,1.527778,9.000000,0.680000
0.111111,0.378479,1.192982,12.122081,1.785714,21.000000,0.544000
0.058824,0.000000,1.600000,28.181778,1.923333,25.000000,0.615385
0.058824,0.173136,1.587302,27.016787,1.798387,32.000000,0.613497
0.125000,0.445859,2.357143,26.700429,1.880000,26.000000,0.702128
0.076923,0.229391,2.264706,28.495555,1.763077,26.000000,0.693694
0.076923,0.903298,1.444444,28.099780,1.794872,13.000000,0.590909
0.058824,0.837776,2.102041,29.304353,2.093093,37.000000,0.677632
0.058824,0.513203,2.000000,28.271038,1.757353,17.000000,0.666667
0.058824,0.600560,2.000000,28.271038,1.757353,17.000000,0.666667
0.058824,0.837776,2.102041,29.304353,2.093093,37.000000,0.677632
0.055556,0.493028,1.210526,27.181609,1.751634,18.000000,0.547619
0.055556,0.090019,1.732394,29.616696,1.914103,40.000000,0.634021
0.055556,0.078228,1.732394,29.616696,1.914103,40.000000,0.634021
0.055556,0.493028,1.210526,27.181609,1.751634,18.000000,0.547619
0.166667,0.884370,1.863636,25.808024,1.960784,18.000000,0.650794
0.166667,0.657586,1.578947,16.186837,1.769231,14.000000,0.612245
0.055556,0.367631,1.214286,9.049442,1.785714,21.000000,0.548387
0.055556,0.415433,1.645161,30.000000,1.666667,18.000000,0.621951
0.083333,0.149585,1.600000,18.409029,1.772727,12.000000,0.615385
0.166667,0.367631,1.214286,9.049442,1.785714,21.000000,0.548387
0.166667,0.461538,2.500000,15.690671,1.333333,6.000000,0.714286
0.166667,0.131883,2.166667,30.000000,1.133333,6.000000,0.684211
0.166667,0.260327,2.133333,24.782732,1.714286,14.000000,0.680851
0.052632,0.000000,1.852941,25.435166,1.878788,22.000000,0.649485
0.052632,0.182064,1.692308,29.705084,1.953216,19.000000,0.628571
0.200000,0.912997,13.000000,29.800493,1.888889,10.000000,0.928571
0.142857,0.083110,1.824561,28.646644,2.085065,56.000000,0.645963
0.090909,0.525913,1.352273,29.247656,1.995968,32.000000,0.574879
0.090909,0.830682,11.000000,25.790340,1.454545,11.000000,0.916667
0.090909,0.255251,1.352273,29.247656,1.995968,32.000000,0.574879
0.090909,0.830682,11.000000,25.790340,1.454545,11.000000,0.916667
0.090909,0.255251,1.352273,29.247656,1.995968,32.000000,0.574879
0.090909,0.830682,11.000000,25.790340,1.454545,11.000000,0.916667
0.090909,0.425943,2.625000,21.877457,1.618182,11.000000,0.724138
0.076923,0.095382,2.333333,26.273867,1.641026,13.000000,0.700000
0.200000,1.000000,1.846154,20.836265,1.958128,29.000000,0.648649
0.200000,0.387097,3.333333,23.903389,1.000000,5.000000,0.769231
0.166667,0.418889,1.645161,30.000000,1.666667,18.000000,0.621951
0.058824,0.345428,1.600000,28.741569,1.923333,25.000000,0.615385
0.090909,0.230181,2.888889,29.497380,1.787879,12.000000,0.742857
0.090909,0.115605,3.642857,28.400284,1.873684,20.000000,0.784615
0.166667,0.400626,3.000000,27.730442,1.400000,6.000000,0.750000
0.166667,1.000000,1.442308,24.531846,1.904615,26.000000,0.590551
0.076923,0.010063,1.562500,27.370462,1.730769,13.000000,0.609756
0.076923,0.658497,3.000000,29.272878,2.039216,18.000000,0.750000
0.076923,0.623993,3.000000,29.272878,2.039216,18.000000,0.750000
0.076923,0.010063,1.562500,27.370462,1.730769,13.000000,0.609756
0.076923,1.000000,3.000000,29.272878,2.039216,18.000000,0.750000
0.076923,0.010063,1.562500,27.370462,1.730769,13.000000,0.609756
0.111111,0.524468,1.812500,26.297051,1.377778,10.000000,0.644444
0.111111,0.906477,3.555556,23.833971,1.288889,10.000000,0.780488
0.100000,0.090614,1.933333,28.300697,1.771930,19.000000,0.659091
0.100000,0.229370,1.916667,28.662827,1.488889,10.000000,0.657143
0.142857,0.047619,3.250000,25.525484,1.380952,7.000000,0.764706
0.142857,0.873851,1.418182,24.867911,1.903134,27.000000,0.586466
0.100000,0.008547,0.969388,25.637658,1.903448,30.000000,0.492228
0.166667,0.455828,3.333333,30.000000,1.523810,7.000000,0.769231
0.142857,0.268503,3.000000,27.896336,1.285714,7.000000,0.750000
0.076923,0.388442,2.066667,27.668186,1.602564,13.000000,0.673913
0.200000,0.092847,1.533333,29.783337,1.666667,16.000000,0.605263
0.166667,0.005868,2.650000,29.433764,1.810458,18.000000,0.726027
0.125000,0.149777,3.928571,29.201176,2.000000,22.000000,0.797101
0.200000,1.000000,1.385714,18.107916,2.056818,33.000000,0.580838
0.142857,0.368968,1.807692,30.000000,1.742647,17.000000,0.643836
0.142857,0.368968,1.807692,30.000000,1.742647,17.000000,0.643836
0.166667,0.253933,1.520548,21.661815,2.082583,37.000000,0.603261
0.166667,0.180269,2.416667,26.155562,1.771930,19.000000,0.707317
0.166667,0.049327,2.200000,30.000000,1.266667,6.000000,0.687500
0.083333,0.403698,1.733333,21.706268,1.666667,13.000000,0.634146
0.166667,0.253294,2.333333,29.833744,1.066667,6.000000,0.700000
0.166667,0.753776,0.979381,24.484537,1.903448,30.000000,0.494792
0.033333,0.042592,1.772727,27.481550,1.803361,35.000000,0.639344
0.033333,0.753776,0.979381,24.484537,1.903448,30.000000,0.494792
0.111111,0.867220,2.375000,15.533910,1.472222,9.000000,0.703704
0.166667,0.012832,1.687500,26.501776,1.807487,34.000000,0.627907
0.142857,0.067949,1.647887,29.156532,1.748387,31.000000,0.622340
0.166667,0.352429,1.896907,24.104668,2.256327,50.000000,0.654804
0.020000,0.352429,1.896907,24.104668,2.256327,50.000000,0.654804
0.020000,0.116136,1.673203,30.000000,1.964983,55.000000,0.625917
0.020000,0.116136,1.673203,30.000000,1.964983,55.000000,0.625917
0.020000,0.352429,1.896907,24.104668,2.256327,50.000000,0.654804
0.250000,0.352429,1.896907,24.104668,2.256327,50.000000,0.654804
0.250000,0.035897,2.500000,30.000000,1.166667,4.000000,0.714286
0.020000,0.352429,1.896907,24.104668,2.256327,50.000000,0.654804
0.020000,0.116136,1.673203,30.000000,1.964983,55.000000,0.625917
0.020000,0.352429,1.896907,24.104668,2.256327,50.000000,0.654804
0.020000,0.116136,1.673203,30.000000,1.964983,55.000000,0.625917
0.020000,0.116136,1.673203,30.000000,1.964983,55.000000,0.625917
0.020000,0.352429,1.896907,24.104668,2.256327,50.000000,0.654804
0.166667,1.000000,1.571429,22.229507,1.266667,6.000000,0.611111
0.166667,0.527164,3.789474,28.747051,1.740260,22.000000,0.791209
0.090909,0.044444,1.768116,28.355426,1.806349,36.000000,0.638743
0.166667,0.527164,3.789474,28.747051,1.740260,22.000000,0.791209
0.166667,1.000000,1.571429,22.229507,1.266667,6.000000,0.611111
0.062500,1.000000,1.558824,17.376352,1.773684,20.000000,0.609195
0.125000,0.007759,2.093750,28.302614,1.897233,23.000000,0.676768
0.125000,0.016807,2.333333,30.000000,1.500000,8.000000,0.700000
0.125000,0.007759,2.093750,28.302614,1.897233,23.000000,0.676768
0.125000,0.016807,2.333333,30.000000,1.500000,8.000000,0.700000
0.090909,0.408514,1.615385,27.195385,1.745455,11.000000,0.617647
0.142857,0.719859,1.448276,26.154103,1.894180,28.000000,0.591549
0.142857,0.060109,3.250000,27.842137,1.380952,7.000000,0.764706
0.090909,0.020921,1.764706,30.000000,1.545455,12.000000,0.638298
0.111111,0.526732,1.736000,29.210038,2.093513,59.000000,0.634503
0.066667,0.078090,2.142857,29.215934,1.571429,15.000000,0.681818
0.066667,0.090645,1.580000,26.564080,2.021212,45.000000,0.612403
0.090909,0.328843,1.776316,29.819908,1.908246,42.000000,0.639810
0.090909,0.328843,1.776316,29.819908,1.908246,42.000000,0.639810
0.083333,0.054015,2.590909,29.421475,1.922078,22.000000,0.721519
0.090909,0.546389,1.916667,19.339175,1.654545,11.000000,0.657143
0.090909,0.918200,3.000000,25.688462,1.769231,13.000000,0.750000
0.200000,0.666086,2.222222,29.471606,1.622222,10.000000,0.689655
0.033333,0.201830,1.313253,28.749813,1.986742,33.000000,0.567708
0.033333,0.201938,1.614286,30.000000,1.740230,30.000000,0.617486
0.200000,0.904659,2.186047,23.665202,1.732194,27.000000,0.686131
0.250000,0.060179,1.686567,29.755116,1.740230,30.000000,0.627778
0.166667,0.178759,1.720000,28.105010,1.823529,18.000000,0.632353
0.166667,0.003984,1.857143,30.000000,1.133333,6.000000,0.650000
0.142857,0.503100,1.500000,24.848073,1.973333,25.000000,0.600000
0.090909,1.000000,2.043478,29.118901,1.854680,29.000000,0.671429
0.090909,0.299585,2.133333,25.840960,2.018893,39.000000,0.680851
0.022727,0.140191,1.426230,27.022257,2.081239,59.000000,0.587838
0.022727,0.170275,1.722222,29.424888,2.093513,59.000000,0.632653
0.022727,0.140191,1.426230,27.022257,2.081239,59.000000,0.587838
0.022727,0.170275,1.722222,29.424888,2.093513,59.000000,0.632653
0.022727,0.140191,1.426230,27.022257,2.081239,59.000000,0.587838
0.022727,0.170275,1.722222,29.424888,2.093513,59.000000,0.632653
0.200000,0.348024,1.777778,30.000000,1.692308,14.000000,0.640000
0.200000,1.000000,1.777778,30.000000,1.692308,14.000000,0.640000
0.022727,0.140191,1.426230,27.022257,2.081239,59.000000,0.587838
0.022727,0.170275,1.722222,29.424888,2.093513,59.000000,0.632653
0.200000,1.000000,1.777778,30.000000,1.692308,14.000000,0.640000
0.022727,0.140191,1.426230,27.022257,2.081239,59.000000,0.587838
0.022727,0.170275,1.722222,29.424888,2.093513,59.000000,0.632653
0.200000,0.098541,1.606061,18.879936,1.800000,21.000000,0.616279
0.100000,1.000000,1.538462,27.182042,1.636364,11.000000,0.606061
0.100000,0.306868,3.166667,30.000000,1.577778,10.000000,0.760000
0.090909,0.074627,1.769231,29.056861,1.654545,11.000000,0.638889
0.090909,0.594700,2.647059,23.291063,2.058824,18.000000,0.725806
0.111111,1.000000,2.833333,28.156553,1.527778,9.000000,0.739130
0.111111,0.157864,1.653846,28.918909,1.667984,23.000000,0.623188
0.090909,0.874323,1.764706,26.065017,1.821538,26.000000,0.638298
0.250000,1.000000,3.166667,28.235294,2.044118,17.000000,0.760000
0.250000,1.000000,3.166667,28.235294,2.044118,17.000000,0.760000
0.250000,1.000000,3.166667,28.235294,2.044118,17.000000,0.760000
0.166667,0.000000,2.142857,29.361372,2.197040,47.000000,0.681818
0.166667,0.327409,1.571429,25.487604,1.266667,6.000000,0.611111
0.142857,0.304295,1.551020,28.764048,1.900285,27.000000,0.608000
0.043478,1.000000,1.658537,13.649886,1.932806,23.000000,0.623853
0.043478,0.559408,1.095238,29.348178,1.907407,28.000000,0.522727
0.083333,0.229676,2.047619,27.704182,1.773684,20.000000,0.671875
0.083333,0.487011,1.300000,22.404937,1.651515,12.000000,0.565217
0.037037,0.304295,1.551020,28.764048,1.900285,27.000000,0.608000
0.037037,0.891206,1.365217,28.449730,1.990338,46.000000,0.577206
0.166667,0.953789,1.551724,29.201985,1.736842,19.000000,0.608108
0.142857,0.334371,1.478261,21.859723,1.653846,13.000000,0.596491
0.142857,0.456376,1.833333,27.393493,1.476190,7.000000,0.647059
0.250000,0.627277,2.169492,27.784103,2.018893,39.000000,0.684492
0.250000,1.000000,1.658537,13.649886,1.932806,23.000000,0.623853
0.250000,1.000000,4.000000,30.000000,1.333333,4.000000,0.800000
0.111111,0.927059,2.375000,25.213862,1.472222,9.000000,0.703704
0.111111,0.821403,1.567308,26.251221,2.063830,48.000000,0.610487
0.125000,0.434753,1.916667,27.878140,1.654545,11.000000,0.657143
0.142857,0.781767,2.461538,22.613009,1.311111,10.000000,0.711111
0.250000,0.275775,2.205882,27.224670,1.760870,24.000000,0.688073
0.083333,0.887911,1.544304,29.335082,1.964441,53.000000,0.606965
0.090909,0.769230,1.426230,27.022257,2.081239,59.000000,0.587838
0.090909,0.779088,4.166667,28.086074,1.545455,11.000000,0.806452
0.041667,0.856953,1.478788,29.215446,2.036364,56.000000,0.596577
0.041667,0.840585,0.909091,28.977856,1.916667,24.000000,0.476190
0.064516,0.837939,1.759398,30.000000,1.969834,52.000000,0.637602
0.064516,0.236669,1.340426,22.483751,1.666667,19.000000,0.572727
0.041667,0.840585,0.909091,28.977856,1.916667,24.000000,0.476190
0.041667,0.856953,1.478788,29.215446,2.036364,56.000000,0.596577
0.033333,0.769230,1.426230,27.022257,2.081239,59.000000,0.587838
0.033333,1.000000,1.890625,30.000000,1.721839,30.000000,0.654054
0.055556,0.539263,3.133333,28.626375,1.692810,18.000000,0.758065
0.055556,0.836611,1.759398,29.832397,1.969834,52.000000,0.637602
0.029412,1.000000,1.944444,29.533298,1.946524,34.000000,0.660377
0.029412,0.769230,1.426230,27.022257,2.081239,59.000000,0.587838
0.071429,0.657959,1.489899,29.901284,2.068100,63.000000,0.598377
0.033333,0.769230,1.426230,27.022257,2.081239,59.000000,0.587838
0.033333,1.000000,1.890625,30.000000,1.721839,30.000000,0.654054
0.064516,0.236669,1.340426,22.483751,1.666667,19.000000,0.572727
0.064516,0.837939,1.759398,30.000000,1.969834,52.000000,0.637602
0.033333,0.769230,1.426230,27.022257,2.081239,59.000000,0.587838
0.033333,1.000000,1.890625,30.000000,1.721839,30.000000,0.654054
0.071429,0.657959,1.489899,29.901284,2.068100,63.000000,0.598377
0.166667,0.789525,3.285714,25.056942,1.388889,9.000000,0.766667
0.071429,0.657959,1.489899,29.901284,2.068100,63.000000,0.598377
0.090909,0.779088,4.166667,28.086074,1.545455,11.000000,0.806452
0.090909,0.769230,1.426230,27.022257,2.081239,59.000000,0.587838
0.055556,0.836611,1.759398,29.832397,1.969834,52.000000,0.637602
0.055556,0.539263,3.133333,28.626375,1.692810,18.000000,0.758065
0.166667,0.789525,3.285714,25.056942,1.388889,9.000000,0.766667
0.166667,0.728868,2.064815,30.000000,1.872340,47.000000,0.673716
0.064516,0.236669,1.340426,22.483751,1.666667,19.000000,0.572727
0.064516,0.837939,1.759398,30.000000,1.969834,52.000000,0.637602
0.090909,0.779088,4.166667,28.086074,1.545455,11.000000,0.806452
0.090909,0.769230,1.426230,27.022257,2.081239,59.000000,0.587838
0.055556,0.539263,3.133333,28.626375,1.692810,18.000000,0.758065
0.055556,0.836611,1.759398,29.832397,1.969834,52.000000,0.637602
0.055556,0.836611,1.759398,29.832397,1.969834,52.000000,0.637602
0.055556,0.539263,3.133333,28.626375,1.692810,18.000000,0.758065
0.055556,0.539263,3.133333,28.626375,1.692810,18.000000,0.758065
0.055556,0.836611,1.759398,29.832397,1.969834,52.000000,0.637602
0.076923,0.071633,1.590909,23.167907,1.666667,13.000000,0.614035
0.076923,0.873784,1.661972,30.000000,1.976778,53.000000,0.624339
0.100000,0.573106,1.850000,28.107096,1.758170,18.000000,0.649123
0.100000,1.000000,1.285714,8.336763,1.422222,10.000000,0.562500
0.064516,0.236669,1.340426,22.483751,1.666667,19.000000,0.572727
0.064516,0.837939,1.759398,30.000000,1.969834,52.000000,0.637602
0.076923,0.071633,1.590909,23.167907,1.666667,13.000000,0.614035
0.076923,0.873784,1.661972,30.000000,1.976778,53.000000,0.624339
0.083333,0.887911,1.544304,29.335082,1.964441,53.000000,0.606965
0.041667,0.856953,1.478788,29.215446,2.036364,56.000000,0.596577
0.041667,0.840585,0.909091,28.977856,1.916667,24.000000,0.476190
0.083333,0.887911,1.544304,29.335082,1.964441,53.000000,0.606965
0.041667,0.856953,1.478788,29.215446,2.036364,56.000000,0.596577
0.041667,0.840585,0.909091,28.977856,1.916667,24.000000,0.476190
0.166667,0.728868,2.064815,30.000000,1.872340,47.000000,0.673716
0.029412,1.000000,1.944444,29.533298,1.946524,34.000000,0.660377
0.029412,0.769230,1.426230,27.022257,2.081239,59.000000,0.587838
0.041667,0.856953,1.478788,29.215446,2.036364,56.000000,0.596577
0.041667,0.840585,0.909091,28.977856,1.916667,24.000000,0.476190
0.033333,0.769230,1.426230,27.022257,2.081239,59.000000,0.587838
0.033333,1.000000,1.890625,30.000000,1.721839,30.000000,0.654054
0.033333,0.769230,1.426230,27.022257,2.081239,59.000000,0.587838
0.033333,1.000000,1.890625,30.000000,1.721839,30.000000,0.654054
0.166667,0.789525,3.285714,25.056942,1.388889,9.000000,0.766667
0.076923,0.071633,1.590909,23.167907,1.666667,13.000000,0.614035
0.076923,0.873784,1.661972,30.000000,1.976778,53.000000,0.624339
0.027778,0.769230,1.426230,27.022257,2.081239,59.000000,0.587838
0.027778,0.162239,1.742857,28.561952,1.806349,36.000000,0.635417
0.029412,1.000000,1.944444,29.533298,1.946524,34.000000,0.660377
0.029412,0.769230,1.426230,27.022257,2.081239,59.000000,0.587838
0.027778,0.162239,1.742857,28.561952,1.806349,36.000000,0.635417
0.027778,0.769230,1.426230,27.022257,2.081239,59.000000,0.587838
0.166667,0.728868,2.064815,30.000000,1.872340,47.000000,0.673716
0.076923,0.071633,1.590909,23.167907,1.666667,13.000000,0.614035
0.076923,0.873784,1.661972,30.000000,1.976778,53.000000,0.624339
0.090909,0.779088,4.166667,28.086074,1.545455,11.000000,0.806452
0.090909,0.769230,1.426230,27.022257,2.081239,59.000000,0.587838
0.029412,1.000000,1.944444,29.533298,1.946524,34.000000,0.660377
0.029412,0.769230,1.426230,27.022257,2.081239,59.000000,0.587838
0.027778,0.162239,1.742857,28.561952,1.806349,36.000000,0.635417
0.027778,0.769230,1.426230,27.022257,2.081239,59.000000,0.587838
0.166667,0.728868,2.064815,30.000000,1.872340,47.000000,0.673716
0.090909,0.779088,4.166667,28.086074,1.545455,11.000000,0.806452
0.090909,0.769230,1.426230,27.022257,2.081239,59.000000,0.587838
0.029412,1.000000,1.944444,29.533298,1.946524,34.000000,0.660377
0.029412,0.769230,1.426230,27.022257,2.081239,59.000000,0.587838
0.071429,0.657959,1.489899,29.901284,2.068100,63.000000,0.598377
0.071429,0.657959,1.489899,29.901284,2.068100,63.000000,0.598377
0.083333,0.887911,1.544304,29.335082,1.964441,53.000000,0.606965
0.083333,0.887911,1.544304,29.335082,1.964441,53.000000,0.606965
0.076923,0.071633,1.590909,23.167907,1.666667,13.000000,0.614035
0.076923,0.873784,1.661972,30.000000,1.976778,53.000000,0.624339
0.027778,0.162239,1.742857,28.561952,1.806349,36.000000,0.635417
0.027778,0.769230,1.426230,27.022257,2.081239,59.000000,0.587838
0.064516,0.236669,1.340426,22.483751,1.666667,19.000000,0.572727
0.064516,0.837939,1.759398,30.000000,1.969834,52.000000,0.637602
0.166667,0.728868,2.064815,30.000000,1.872340,47.000000,0.673716
0.027778,0.162239,1.742857,28.561952,1.806349,36.000000,0.635417
0.027778,0.769230,1.426230,27.022257,2.081239,59.000000,0.587838
0.166667,1.000000,1.355263,29.884446,2.022989,30.000000,0.575419
0.166667,0.120370,1.500000,20.032364,1.555556,9.000000,0.600000
0.200000,0.346764,1.687500,29.129494,1.760684,27.000000,0.627907
0.200000,0.346764,1.687500,29.129494,1.760684,27.000000,0.627907
0.083333,0.010735,2.888889,28.413513,1.735294,17.000000,0.742857
0.166667,0.957527,2.750000,26.358430,1.266667,6.000000,0.733333
0.166667,0.031790,1.916667,24.554011,1.618182,11.000000,0.657143
0.052632,0.126730,1.613636,28.553203,1.907692,26.000000,0.617391
0.200000,0.928239,2.333333,19.518532,1.300000,5.000000,0.700000
0.058824,0.145052,1.661538,26.935898,1.807487,34.000000,0.624277
0.047619,0.032629,1.514286,21.108097,1.800000,21.000000,0.602273
0.047619,0.254588,2.370370,25.371533,1.966667,25.000000,0.703297
0.050000,1.000000,1.967742,16.145499,1.996667,25.000000,0.663043
0.050000,0.147703,1.686275,25.323895,1.892473,31.000000,0.627737
0.050000,1.000000,1.967742,19.950059,1.996667,25.000000,0.663043
0.050000,0.312817,2.224599,29.115977,2.330588,94.000000,0.689884
0.050000,1.000000,1.967742,19.950059,1.996667,25.000000,0.663043
0.050000,0.702776,2.224599,29.115977,2.330588,94.000000,0.689884
0.050000,1.000000,1.967742,19.950059,1.996667,25.000000,0.663043
0.050000,0.055559,2.224599,29.115977,2.330588,94.000000,0.689884
0.050000,1.000000,1.967742,19.950059,1.996667,25.000000,0.663043
0.050000,0.219509,2.224599,29.115977,2.330588,94.000000,0.689884
0.050000,1.000000,1.967742,19.950059,1.996667,25.000000,0.663043
0.050000,0.740687,2.224599,29.115977,2.330588,94.000000,0.689884
0.041667,0.959286,2.102041,29.304353,2.093093,37.000000,0.677632
0.041667,1.000000,1.972973,28.027032,1.735507,24.000000,0.663636
0.100000,0.945419,2.000000,30.000000,1.555556,10.000000,0.666667
0.100000,1.000000,1.921569,26.562703,1.943548,32.000000,0.657718
0.125000,0.152883,1.541667,27.891816,1.836257,19.000000,0.606557
0.125000,0.152883,1.541667,27.891816,1.836257,19.000000,0.606557
0.125000,0.152883,1.541667,27.891816,1.836257,19.000000,0.606557
0.125000,0.073973,2.730769,28.708669,1.916667,25.000000,0.731959
0.050000,0.016260,3.862069,30.000000,1.993197,49.000000,0.794326
0.050000,0.016260,3.862069,30.000000,1.993197,49.000000,0.794326
0.050000,0.016260,3.862069,30.000000,1.993197,49.000000,0.794326
0.050000,0.016260,3.862069,30.000000,1.993197,49.000000,0.794326
0.050000,0.016260,3.862069,30.000000,1.993197,49.000000,0.794326
0.062500,0.525587,2.111111,29.883414,1.683333,16.000000,0.678571
0.062500,0.080209,2.030303,29.341477,1.941538,26.000000,0.670000
0.250000,0.000571,1.588235,29.382692,2.001350,39.000000,0.613636
0.250000,0.000571,1.588235,29.382692,2.001350,39.000000,0.613636
0.250000,1.000000,1.588235,29.382692,2.001350,39.000000,0.613636
0.125000,1.000000,2.558140,23.534037,2.166667,37.000000,0.718954
0.066667,0.206287,1.481481,28.067543,1.780952,15.000000,0.597015
0.050000,0.118243,1.858586,28.065668,2.248980,50.000000,0.650177
0.100000,1.000000,2.272727,12.850559,1.711111,10.000000,0.694444
0.100000,0.485256,2.583333,26.705873,1.530303,12.000000,0.720930
0.090909,0.136000,1.647059,26.852216,1.490909,11.000000,0.622222
0.076923,0.008065,1.687500,27.502568,1.769231,13.000000,0.627907
0.083333,0.085071,2.000000,30.000000,1.538462,13.000000,0.666667
0.090909,0.008130,1.909091,26.792914,1.618182,11.000000,0.656250
0.090909,0.211454,2.000000,28.771229,1.900000,25.000000,0.666667
0.090909,0.008130,1.909091,26.792914,1.618182,11.000000,0.656250
0.090909,0.211454,2.000000,28.771229,1.900000,25.000000,0.666667
0.055556,0.002318,1.520548,21.661815,2.082583,37.000000,0.603261
0.055556,0.908688,1.645161,30.000000,1.666667,18.000000,0.621951
0.200000,0.048167,1.535714,28.571429,1.885714,21.000000,0.605634
0.200000,0.000000,4.000000,26.387523,1.200000,5.000000,0.800000
0.166667,0.350215,1.364706,29.619968,2.118758,39.000000,0.577114
0.200000,0.000000,4.000000,26.387523,1.200000,5.000000,0.800000
0.200000,0.048167,1.535714,28.571429,1.885714,21.000000,0.605634
0.066667,0.002318,1.520548,21.661815,2.082583,37.000000,0.603261
0.066667,0.479403,2.333333,25.744499,1.666667,15.000000,0.700000
0.200000,0.048167,1.535714,28.571429,1.885714,21.000000,0.605634
0.200000,0.000000,4.000000,26.387523,1.200000,5.000000,0.800000
0.111111,0.112876,1.180000,29.062209,1.859848,33.000000,0.541284
0.250000,0.122390,1.750000,22.956636,1.795238,21.000000,0.636364
0.047619,0.000000,1.717391,28.044453,1.805419,29.000000,0.632000
0.047619,0.122390,1.750000,22.956636,1.795238,21.000000,0.636364
0.032258,0.146023,1.934783,21.979067,2.126882,31.000000,0.659259
0.032258,0.038582,1.736842,28.975038,1.931183,31.000000,0.634615
0.166667,0.312024,1.500000,21.623919,1.885714,15.000000,0.600000
0.040000,0.146023,1.934783,21.979067,2.126882,31.000000,0.659259
0.040000,0.133179,2.913043,29.653614,1.910000,25.000000,0.744444
0.142857,0.746218,1.157895,22.110653,1.555556,10.000000,0.536585
0.250000,0.494204,1.415929,30.000000,1.886202,38.000000,0.586081
0.222222,0.209797,1.777778,26.375252,1.238095,7.000000,0.640000
0.076923,0.532882,1.589474,29.232341,1.992492,37.000000,0.613821
0.076923,0.128812,1.842105,28.422261,1.875000,16.000000,0.648148
0.083333,0.090899,1.703704,29.915843,1.746377,24.000000,0.630137
0.071429,0.255053,1.518987,30.000000,1.830108,31.000000,0.603015
0.071429,1.000000,1.578947,16.186837,1.769231,14.000000,0.612245
0.200000,0.393899,1.538462,30.000000,1.830108,31.000000,0.606061
0.076923,0.532882,1.589474,29.232341,1.992492,37.000000,0.613821
0.076923,0.128812,1.842105,28.422261,1.875000,16.000000,0.648148
0.071429,1.000000,1.578947,16.186837,1.769231,14.000000,0.612245
0.071429,0.255053,1.518987,30.000000,1.830108,31.000000,0.603015
0.200000,0.393899,1.538462,30.000000,1.830108,31.000000,0.606061
0.083333,0.090899,1.703704,29.915843,1.746377,24.000000,0.630137
0.142857,0.610450,1.509259,29.915874,2.019231,40.000000,0.601476
0.200000,1.000000,1.355263,29.884446,2.022989,30.000000,0.575419
0.200000,0.758023,1.875000,13.337251,1.454545,11.000000,0.652174
0.250000,0.721587,6.000000,26.770700,1.000000,4.000000,0.857143
0.250000,0.526632,1.520000,30.000000,2.012802,38.000000,0.603175
0.066667,1.000000,1.355263,29.884446,2.022989,30.000000,0.575419
0.066667,1.000000,1.800000,20.857835,1.742857,15.000000,0.642857
0.052632,0.591931,1.214286,9.049442,1.785714,21.000000,0.548387
0.052632,0.000670,1.325301,29.898079,2.010753,31.000000,0.569948
0.052632,0.591931,1.214286,9.049442,1.785714,21.000000,0.548387
0.052632,1.000000,1.325301,29.898079,2.010753,31.000000,0.569948
0.052632,0.591931,1.214286,9.049442,1.785714,21.000000,0.548387
0.052632,0.000670,1.325301,29.898079,2.010753,31.000000,0.569948
0.250000,0.721587,6.000000,26.770700,1.000000,4.000000,0.857143
0.250000,0.526632,1.520000,30.000000,2.012802,38.000000,0.603175
0.250000,0.494204,1.415929,30.000000,1.886202,38.000000,0.586081
0.142857,0.610450,1.509259,29.915874,2.019231,40.000000,0.601476
0.142857,0.610450,1.509259,29.915874,2.019231,40.000000,0.601476
0.047619,1.000000,1.355263,29.884446,2.022989,30.000000,0.575419
0.047619,0.645647,1.657143,26.044279,1.809524,21.000000,0.623656
0.125000,0.351380,1.341667,30.000000,1.904184,39.000000,0.572954
0.125000,0.771841,1.555556,24.252458,1.500000,8.000000,0.608696
0.250000,0.494204,1.415929,30.000000,1.886202,38.000000,0.586081
0.045455,1.000000,1.355263,29.884446,2.022989,30.000000,0.575419
0.045455,0.040543,2.333333,27.783482,1.848485,22.000000,0.700000
0.125000,0.351380,1.341667,30.000000,1.904184,39.000000,0.572954
0.125000,0.771841,1.555556,24.252458,1.500000,8.000000,0.608696
0.076923,1.000000,1.589474,29.232341,1.992492,37.000000,0.613821
0.076923,0.128812,1.842105,28.422261,1.875000,16.000000,0.648148
0.125000,0.351380,1.341667,30.000000,1.904184,39.000000,0.572954
0.125000,0.771841,1.555556,24.252458,1.500000,8.000000,0.608696
0.250000,0.721587,6.000000,26.770700,1.000000,4.000000,0.857143
0.250000,1.000000,1.520000,30.000000,2.012802,38.000000,0.603175
0.222222,0.283737,1.777778,26.375252,1.238095,7.000000,0.640000
0.040000,0.363676,2.250000,28.594517,2.197040,47.000000,0.692308
0.040000,0.428457,2.760000,27.424228,1.997151,27.000000,0.734043
0.111111,0.210543,2.000000,28.326124,1.750000,9.000000,0.666667
0.111111,0.334883,2.168675,29.162437,2.197040,47.000000,0.684411
0.031250,0.188422,2.365385,28.047507,2.014260,34.000000,0.702857
0.031250,0.210994,1.457143,19.644601,2.075630,35.000000,0.593023
0.090909,0.024278,1.750000,26.538403,1.490909,11.000000,0.636364
0.090909,0.174005,2.764706,28.762134,1.666667,16.000000,0.734375
0.076923,1.000000,1.714286,28.952753,1.958128,29.000000,0.631579
0.076923,0.647641,2.727273,23.345515,1.730769,13.000000,0.731707
0.076923,1.000000,1.714286,28.952753,1.958128,29.000000,0.631579
0.076923,0.647641,2.727273,23.345515,1.730769,13.000000,0.731707
0.062500,0.068118,1.426667,30.000000,1.967803,33.000000,0.587912
0.071429,0.102860,1.823529,22.647875,1.810526,20.000000,0.645833
0.080000,0.289127,2.333333,28.479414,1.848485,22.000000,0.700000
0.142857,0.566936,2.338983,27.492671,2.001587,36.000000,0.700508
0.142857,0.919338,1.714286,13.034250,1.428571,7.000000,0.631579
0.200000,0.534020,2.320755,28.260087,2.014260,34.000000,0.698864
0.028571,0.324734,2.157143,27.698802,2.053981,39.000000,0.683258
0.028571,0.051706,1.695652,28.439553,1.803361,35.000000,0.629032
0.142857,0.042390,2.000000,16.965723,1.428571,8.000000,0.666667
0.142857,0.431398,1.090909,20.755017,1.476190,7.000000,0.521739
0.090909,0.498233,1.095238,29.212192,1.907407,28.000000,0.522727
0.285714,0.854900,2.785714,29.900000,1.742857,15.000000,0.735849
0.111111,0.296924,1.562500,23.668068,1.444444,10.000000,0.609756
0.285714,0.854900,2.785714,29.900000,1.742857,15.000000,0.735849
0.100000,0.158284,7.750000,25.941318,1.311111,10.000000,0.885714
0.100000,0.006828,1.823529,28.888889,1.760684,27.000000,0.645833
0.250000,0.016129,6.000000,23.689043,1.000000,4.000000,0.857143
0.047619,0.073733,3.819672,29.692562,1.986122,50.000000,0.792517
0.047619,0.073733,3.819672,29.692562,1.986122,50.000000,0.792517
0.047619,0.073733,3.819672,29.692562,1.986122,50.000000,0.792517
0.047619,0.073733,3.819672,29.692562,1.986122,50.000000,0.792517
0.047619,0.073733,3.819672,29.692562,1.986122,50.000000,0.792517
0.100000,0.432906,1.857143,30.000000,1.581818,11.000000,0.650000
0.200000,0.285638,4.666667,27.987081,1.563636,11.000000,0.823529
0.200000,0.012146,5.000000,28.421674,1.600000,5.000000,0.833333
0.062500,0.011085,2.315789,25.274236,1.764706,18.000000,0.698413
0.062500,0.605402,1.545455,20.192052,1.575000,16.000000,0.607143
0.047619,0.052017,2.300000,25.152391,1.866667,21.000000,0.696970
0.047619,0.387113,1.620000,27.755924,1.830769,26.000000,0.618321
0.250000,0.806561,1.857143,20.536872,1.766234,22.000000,0.650000
0.035714,0.567210,1.672727,22.881239,1.962963,28.000000,0.625850
0.035714,0.062198,1.545455,28.729083,2.137050,42.000000,0.607143
0.090909,0.054531,1.190476,24.292714,1.581818,11.000000,0.543478
0.100000,0.016129,2.200000,30.000000,1.511111,10.000000,0.687500
0.200000,0.385109,3.133333,28.966271,1.692810,18.000000,0.758065
0.250000,0.065390,1.779661,27.969242,1.978151,35.000000,0.640244
0.250000,0.000000,4.000000,25.830798,1.333333,4.000000,0.800000
0.083333,0.268297,1.711864,28.079540,1.775862,29.000000,0.631250
0.083333,0.882058,8.200000,27.901131,1.378788,12.000000,0.891304
0.111111,0.544078,1.781250,15.379857,1.774704,23.000000,0.640449
0.111111,0.107073,1.870130,28.668142,1.824390,41.000000,0.651584
0.111111,0.000210,2.796875,29.104831,2.107071,45.000000,0.736626
0.076923,0.000000,3.150000,28.285539,1.961039,22.000000,0.759036
0.125000,0.188722,3.000000,28.304315,1.800000,16.000000,0.750000
0.200000,0.939601,9.000000,29.626925,1.100000,5.000000,0.900000
0.200000,0.276974,2.500000,28.547105,2.031746,28.000000,0.714286
0.125000,0.348982,1.857143,22.930885,1.607143,8.000000,0.650000
0.125000,0.384674,3.854167,30.000000,1.983389,43.000000,0.793991
0.125000,0.348982,1.857143,22.930885,1.607143,8.000000,0.650000
0.125000,0.384674,3.854167,30.000000,1.983389,43.000000,0.793991
0.111111,0.000000,2.000000,26.776100,1.666667,10.000000,0.666667
0.035714,0.015777,1.197802,21.137413,2.147619,36.000000,0.545000
0.035714,0.158644,3.259259,28.593449,1.949735,28.000000,0.765217
0.037037,0.109449,3.806452,28.086890,1.703704,27.000000,0.791946
0.037037,0.015777,1.197802,21.137413,2.147619,36.000000,0.545000
0.125000,0.348982,1.857143,22.930885,1.607143,8.000000,0.650000
0.125000,0.384674,3.854167,30.000000,1.983389,43.000000,0.793991
0.125000,0.348982,1.857143,22.930885,1.607143,8.000000,0.650000
0.125000,0.384674,3.854167,30.000000,1.983389,43.000000,0.793991
0.125000,0.348982,1.857143,22.930885,1.607143,8.000000,0.650000
0.125000,0.384674,3.854167,30.000000,1.983389,43.000000,0.793991
0.142857,0.527823,3.333333,26.761990,1.047619,7.000000,0.769231
0.142857,0.294816,1.268041,28.859458,2.121951,41.000000,0.559091
0.043478,0.172298,1.825000,28.780763,1.711462,23.000000,0.646018
0.043478,0.294816,1.268041,28.859458,2.121951,41.000000,0.559091
0.055556,0.098502,1.800000,29.282378,1.751634,18.000000,0.642857
0.055556,0.294816,1.268041,28.859458,2.121951,41.000000,0.559091
0.250000,0.434675,2.500000,22.254767,1.166667,4.000000,0.714286
0.250000,0.070720,2.000000,26.875956,1.600000,10.000000,0.666667
0.200000,0.904260,1.750000,30.000000,1.300000,5.000000,0.636364
0.083333,0.288950,3.176471,29.375499,1.718954,18.000000,0.760563
0.083333,0.109283,1.736842,26.687958,1.500000,12.000000,0.634615
0.031250,0.015747,1.603175,29.648718,1.965726,32.000000,0.615854
0.031250,0.177027,1.860000,25.874193,2.141129,32.000000,0.650350
0.032258,0.000000,2.531250,27.012761,2.045161,31.000000,0.716814
0.032258,0.177027,1.860000,25.874193,2.141129,32.000000,0.650350
0.142857,0.200675,1.521739,20.008942,1.823529,18.000000,0.603448
0.142857,0.200675,1.521739,20.008942,1.823529,18.000000,0.603448
0.142857,0.200675,1.521739,20.008942,1.823529,18.000000,0.603448
0.030303,0.146113,1.500000,29.090165,2.137050,42.000000,0.600000
0.030303,0.526441,1.197802,21.137413,2.147619,36.000000,0.545000
0.166667,0.526441,1.197802,21.137413,2.147619,36.000000,0.545000
0.111111,0.003984,1.769231,29.085244,1.581818,11.000000,0.638889
0.111111,1.000000,2.125000,24.513965,1.611111,9.000000,0.680000
0.111111,0.003984,1.769231,29.342282,1.581818,11.000000,0.638889
0.142857,0.687288,1.625000,26.264641,1.380952,7.000000,0.619048
0.111111,0.591557,1.606061,18.879936,1.800000,21.000000,0.616279
0.090909,0.613005,1.268293,25.913161,1.976827,34.000000,0.559140
0.142857,0.673907,2.500000,30.000000,1.285714,7.000000,0.714286
0.090909,0.179098,1.483516,28.963094,2.151147,39.000000,0.597345
0.090909,0.065561,1.753086,29.075750,1.817949,40.000000,0.636771
0.111111,0.184968,2.333333,27.783482,1.848485,22.000000,0.700000
0.200000,0.208070,1.750000,30.000000,1.300000,5.000000,0.636364
0.200000,0.124231,2.523810,27.511581,1.900000,20.000000,0.716216
0.100000,0.015069,1.117647,15.555609,1.622222,10.000000,0.527778
0.052632,0.481560,2.578947,27.081132,1.830409,19.000000,0.720588
0.166667,0.163856,4.500000,25.522655,1.400000,6.000000,0.818182
0.166667,1.000000,2.333333,13.195782,1.882353,17.000000,0.700000
0.045455,0.315893,1.732394,28.631001,1.914103,40.000000,0.634021
0.166667,1.000000,2.000000,30.000000,1.066667,6.000000,0.666667
0.100000,0.451910,2.375000,28.582339,1.577778,10.000000,0.703704
0.045455,0.401484,1.732394,28.631001,1.914103,40.000000,0.634021
0.032258,0.244221,1.768116,28.687817,1.806349,36.000000,0.638743
0.142857,0.100000,1.526316,18.890950,1.730769,13.000000,0.604167
0.111111,0.247892,1.680000,28.938844,1.826316,20.000000,0.626866
0.111111,0.249432,2.535714,29.729735,1.916667,25.000000,0.717172
0.111111,0.247892,1.680000,28.938844,1.826316,20.000000,0.626866
0.111111,0.247892,1.680000,28.938844,1.826316,20.000000,0.626866
0.111111,0.068613,2.000000,30.000000,1.666667,10.000000,0.666667
0.027778,0.127952,1.742857,28.061713,2.007937,36.000000,0.635417
0.027778,0.791369,1.783333,27.141624,2.330769,40.000000,0.640719
0.071429,1.000000,1.666667,25.551356,1.593407,14.000000,0.625000
0.071429,0.174120,2.842105,29.959856,1.718954,18.000000,0.739726
0.052632,0.004255,2.391304,28.473684,1.760234,19.000000,0.705128
0.052632,0.791369,1.783333,27.141624,2.330769,40.000000,0.640719
0.027778,0.127952,1.742857,28.061713,2.007937,36.000000,0.635417
0.027778,0.248932,1.783333,27.141624,2.330769,40.000000,0.640719
0.166667,0.463718,2.333333,28.944453,2.031746,28.000000,0.700000
0.166667,0.065780,1.780220,28.027675,2.029388,50.000000,0.640316
0.100000,0.337304,1.894737,28.802636,1.758333,16.000000,0.654545
0.200000,0.010700,1.750000,25.591432,1.300000,5.000000,0.636364
0.200000,0.027637,1.622642,28.178127,1.829060,27.000000,0.618705
0.076923,0.247105,1.526316,29.668154,1.628205,13.000000,0.604167
0.076923,1.000000,1.625000,28.928571,1.828042,28.000000,0.619048
0.142857,0.642197,2.600000,30.000000,1.380952,7.000000,0.722222
0.142857,1.000000,1.268293,25.913161,1.976827,34.000000,0.559140
0.050000,0.069367,1.558824,17.376352,1.773684,20.000000,0.609195
0.050000,0.299053,3.135135,29.153793,2.034091,33.000000,0.758170
0.166667,1.000000,1.821429,10.640538,1.853755,23.000000,0.645570
0.076923,0.954144,1.687500,29.093411,1.769231,13.000000,0.627907
0.071429,0.004255,1.473684,29.410894,1.846154,14.000000,0.595745
0.043478,0.397205,2.757143,29.272524,2.169218,49.000000,0.733840
0.045455,0.422090,1.745283,28.817331,2.272941,51.000000,0.635739
0.200000,0.003150,1.666667,25.642081,1.333333,6.000000,0.625000
0.200000,0.272307,2.531250,26.894809,2.045161,31.000000,0.716814
0.200000,0.008547,2.200000,28.789070,1.750000,8.000000,0.687500
0.142857,0.529203,2.600000,25.801952,1.380952,7.000000,0.722222
0.142857,0.512347,1.588235,27.904706,1.830769,26.000000,0.613636
0.166667,0.136256,1.543860,29.073342,1.870370,28.000000,0.606897
0.166667,0.442562,2.200000,30.000000,1.523810,7.000000,0.687500
0.100000,0.280879,1.661765,29.911747,1.913229,38.000000,0.624309
0.100000,0.505972,1.661765,29.911747,1.913229,38.000000,0.624309
0.166667,0.074599,1.457143,29.182112,2.137050,42.000000,0.593023
0.111111,0.412380,2.000000,28.326124,1.750000,9.000000,0.666667
0.111111,0.416720,3.045455,28.390124,1.910000,25.000000,0.752809
0.111111,1.000000,1.521739,20.008942,1.823529,18.000000,0.603448
0.111111,0.447829,2.000000,30.000000,1.750000,9.000000,0.666667
0.111111,1.000000,1.521739,20.008942,1.823529,18.000000,0.603448
0.111111,0.447829,2.000000,30.000000,1.750000,9.000000,0.666667
0.111111,1.000000,1.521739,20.008942,1.823529,18.000000,0.603448
0.111111,0.447829,2.000000,30.000000,1.750000,9.000000,0.666667
0.200000,0.019721,1.578125,29.336389,1.701538,26.000000,0.612121
0.090909,0.148583,2.153846,28.984886,1.797101,24.000000,0.682927
0.071429,0.153515,1.975610,29.607991,1.966154,26.000000,0.663934
0.071429,0.061728,1.521739,24.372231,1.615385,14.000000,0.603448
0.142857,0.604934,2.000000,2.640185,1.333333,7.000000,0.666667
0.142857,0.175070,1.934783,23.093333,2.126882,31.000000,0.659259
0.125000,0.059459,2.000000,29.135893,1.428571,8.000000,0.666667
0.125000,0.693662,1.521739,24.372231,1.615385,14.000000,0.603448
0.029412,0.032047,1.423077,24.423290,2.074866,34.000000,0.587302
0.100000,0.098298,1.722222,24.792092,1.311111,10.000000,0.632653
0.100000,0.098298,1.722222,24.792092,1.311111,10.000000,0.632653
0.058824,0.020067,4.569231,29.315731,1.994740,59.000000,0.820442
0.058824,1.000000,1.478261,23.167333,1.963235,17.000000,0.596491
0.058824,0.020067,4.569231,29.315731,1.994740,59.000000,0.820442
0.058824,1.000000,1.478261,23.167333,1.963235,17.000000,0.596491
0.058824,1.000000,1.478261,23.167333,1.963235,17.000000,0.596491
0.058824,0.020067,4.569231,29.315731,1.994740,59.000000,0.820442
0.058824,0.020067,4.569231,29.315731,1.994740,59.000000,0.820442
0.058824,1.000000,1.478261,23.167333,1.963235,17.000000,0.596491
0.058824,1.000000,1.478261,23.167333,1.963235,17.000000,0.596491
0.058824,0.020067,4.569231,29.315731,1.994740,59.000000,0.820442
0.076923,0.873825,1.661765,30.000000,1.913229,38.000000,0.624309
0.076923,0.420000,1.642857,25.240156,1.410256,13.000000,0.621622
0.076923,0.314160,1.562500,27.474662,1.730769,13.000000,0.609756
0.076923,0.867580,1.732394,28.631001,1.914103,40.000000,0.634021
0.076923,0.420000,1.642857,25.240156,1.410256,13.000000,0.621622
0.076923,0.419344,1.661765,30.000000,1.913229,38.000000,0.624309
0.055556,0.193646,2.233333,29.044155,1.941538,26.000000,0.690722
0.055556,0.988879,2.102041,29.304353,2.093093,37.000000,0.677632
0.142857,0.867580,1.732394,28.631001,1.914103,40.000000,0.634021
0.076923,0.314160,1.562500,27.474662,1.730769,13.000000,0.609756
0.076923,0.515883,1.732394,28.631001,1.914103,40.000000,0.634021
0.076923,0.967365,1.722222,28.262092,1.666667,13.000000,0.632653
0.076923,0.988879,2.102041,29.304353,2.093093,37.000000,0.677632
0.142857,0.515883,1.732394,28.631001,1.914103,40.000000,0.634021
0.100000,0.108725,1.439560,21.228323,1.784314,34.000000,0.590090
0.100000,0.004184,2.857143,28.263917,1.600000,10.000000,0.740741
0.076923,0.960731,1.823529,27.775960,1.666667,13.000000,0.645833
0.076923,0.799403,2.279070,28.797323,1.802419,32.000000,0.695035
0.250000,0.273712,1.868852,27.527904,1.980480,37.000000,0.651429
0.250000,1.000000,11.000000,30.000000,2.054545,11.000000,0.916667
0.250000,0.998545,14.500000,28.000000,2.209524,15.000000,0.935484
0.250000,1.000000,11.000000,30.000000,2.054545,11.000000,0.916667
0.050000,0.145327,4.292308,30.000000,1.998747,57.000000,0.811047
0.050000,0.650620,1.500000,30.000000,1.826316,20.000000,0.600000
0.050000,0.650620,1.500000,30.000000,1.826316,20.000000,0.600000
0.050000,0.145327,4.292308,30.000000,1.998747,57.000000,0.811047
0.050000,0.145327,4.292308,30.000000,1.998747,57.000000,0.811047
0.050000,0.650620,1.500000,30.000000,1.826316,20.000000,0.600000
0.050000,0.145327,4.292308,30.000000,1.998747,57.000000,0.811047
0.050000,0.650620,1.500000,30.000000,1.826316,20.000000,0.600000
0.050000,0.145327,4.292308,30.000000,1.998747,57.000000,0.811047
0.050000,0.650620,1.500000,30.000000,1.826316,20.000000,0.600000
0.050000,0.145327,4.292308,30.000000,1.998747,57.000000,0.811047
0.050000,0.650620,1.500000,30.000000,1.826316,20.000000,0.600000
0.050000,0.145327,4.292308,30.000000,1.998747,57.000000,0.811047
0.050000,0.650620,1.500000,30.000000,1.826316,20.000000,0.600000
0.050000,0.145327,4.292308,30.000000,1.998747,57.000000,0.811047
0.050000,0.650620,1.500000,30.000000,1.826316,20.000000,0.600000
0.050000,0.650620,1.500000,30.000000,1.826316,20.000000,0.600000
0.050000,0.145327,4.292308,30.000000,1.998747,57.000000,0.811047
0.050000,0.650620,1.500000,30.000000,1.826316,20.000000,0.600000
0.050000,0.145327,4.292308,30.000000,1.998747,57.000000,0.811047
0.050000,0.650620,1.500000,30.000000,1.826316,20.000000,0.600000
0.050000,0.145327,4.292308,30.000000,1.998747,57.000000,0.811047
0.050000,0.145327,4.292308,30.000000,1.998747,57.000000,0.811047
0.050000,0.650620,1.500000,30.000000,1.826316,20.000000,0.600000
0.050000,0.145327,4.292308,30.000000,1.998747,57.000000,0.811047
0.050000,0.650620,1.500000,30.000000,1.826316,20.000000,0.600000
0.050000,0.650620,1.500000,30.000000,1.826316,20.000000,0.600000
0.050000,0.145327,4.292308,30.000000,1.998747,57.000000,0.811047
0.050000,0.145327,4.292308,30.000000,1.998747,57.000000,0.811047
0.050000,0.650620,1.500000,30.000000,1.826316,20.000000,0.600000
0.166667,0.080147,2.000000,29.126023,2.023333,25.000000,0.666667
0.166667,0.092962,2.296296,28.084491,1.690058,19.000000,0.696629
0.076923,0.029448,1.562500,24.917375,1.972308,26.000000,0.609756
0.076923,0.029448,1.562500,24.917375,1.972308,26.000000,0.609756
0.076923,0.854231,1.781250,24.333140,1.819048,21.000000,0.640449
0.071429,0.883093,1.750000,25.868276,1.747368,20.000000,0.636364
0.071429,0.200258,2.058824,23.664153,1.723810,15.000000,0.673077
0.058824,0.900811,2.166667,27.047520,2.242754,24.000000,0.684211
0.058824,0.370139,1.588235,25.774607,1.889474,20.000000,0.613636
0.142857,0.886355,1.333333,20.501424,1.476190,7.000000,0.571429
0.142857,0.708890,1.736842,29.809103,1.576923,13.000000,0.634615
0.066667,0.529421,1.620000,27.755924,1.830769,26.000000,0.618321
0.076923,0.854231,1.781250,24.333140,1.819048,21.000000,0.640449
0.166667,0.056604,2.333333,16.090590,1.250000,8.000000,0.700000
0.111111,1.000000,3.000000,26.894443,1.500000,9.000000,0.750000
0.111111,0.820182,2.100000,25.850981,1.618182,11.000000,0.677419
0.142857,0.303734,1.384615,27.351020,1.555556,9.000000,0.580645
0.250000,0.135443,1.794872,25.074756,1.795238,21.000000,0.642202
0.200000,0.101545,2.025000,28.253023,1.798419,23.000000,0.669421
0.200000,0.000000,2.333333,24.000000,1.300000,5.000000,0.700000
0.200000,0.205612,2.160000,26.387379,1.800000,20.000000,0.683544
0.200000,0.230387,4.000000,28.160949,1.200000,5.000000,0.800000
0.166667,0.135443,1.794872,25.074756,1.795238,21.000000,0.642202
0.166667,0.441105,1.858586,27.802548,2.248980,50.000000,0.650177
0.166667,0.017613,1.484848,20.101602,1.847368,20.000000,0.597561
0.166667,0.155803,1.423077,24.423290,2.074866,34.000000,0.587302
0.200000,0.623502,1.640000,30.000000,1.666667,15.000000,0.621212
0.125000,0.507788,1.666667,24.932657,1.619048,15.000000,0.625000
0.125000,0.211510,2.000000,29.803907,1.428571,8.000000,0.666667
0.250000,1.000000,3.750000,30.000000,1.285714,7.000000,0.789474
0.125000,0.028249,1.250000,27.202425,1.800000,15.000000,0.555556
0.200000,0.623502,1.640000,30.000000,1.666667,15.000000,0.621212
0.076923,0.099832,2.000000,25.829067,1.919540,30.000000,0.666667
0.111111,0.256831,4.750000,26.864648,1.472222,9.000000,0.826087
0.111111,0.670682,1.600000,28.529196,2.025210,35.000000,0.615385
0.166667,0.039716,2.111111,18.136387,1.321429,8.000000,0.678571
0.166667,0.560072,1.250000,22.014181,1.581818,11.000000,0.555556
0.142857,0.538462,1.687500,10.583703,1.400000,10.000000,0.627907
0.142857,0.042705,1.600000,26.795172,1.238095,7.000000,0.615385
0.125000,0.670682,1.600000,28.529196,2.025210,35.000000,0.615385
0.090909,0.842666,1.160000,27.839212,1.590909,12.000000,0.537037
0.200000,0.831816,1.833333,20.360948,1.641026,13.000000,0.647059
0.142857,0.013151,5.500000,26.393739,1.476190,7.000000,0.846154
0.111111,0.192463,1.672727,22.881239,1.962963,28.000000,0.625850
0.142857,0.467202,1.551020,26.352522,2.017094,27.000000,0.608000
0.200000,0.337198,1.780220,28.027675,2.029388,50.000000,0.640316
0.100000,0.218342,2.888889,27.197500,1.422222,10.000000,0.742857
0.100000,0.933893,1.387500,29.844590,2.073084,34.000000,0.581152
0.062500,1.000000,1.549020,29.688348,1.913333,25.000000,0.607692
0.062500,1.000000,1.606061,18.879936,1.800000,21.000000,0.616279
0.090909,0.700497,3.028571,30.000000,1.901478,29.000000,0.751773
0.090909,1.000000,1.352941,29.212174,1.672727,11.000000,0.575000
0.083333,0.700497,3.028571,30.000000,1.901478,29.000000,0.751773
0.083333,1.000000,2.437500,24.110016,2.267974,18.000000,0.709091
0.076923,0.897371,1.642857,25.240156,1.410256,13.000000,0.621622
0.076923,0.794178,3.854167,30.000000,1.983389,43.000000,0.793991
0.083333,1.000000,2.437500,24.110016,2.267974,18.000000,0.709091
0.083333,0.858532,3.028571,30.000000,1.901478,29.000000,0.751773
0.083333,0.898808,3.028571,30.000000,1.901478,29.000000,0.751773
0.083333,1.000000,2.437500,24.110016,2.267974,18.000000,0.709091
0.090909,1.000000,1.352941,29.212174,1.672727,11.000000,0.575000
0.090909,0.861139,3.028571,30.000000,1.901478,29.000000,0.751773
0.090909,0.812279,3.028571,30.000000,1.901478,29.000000,0.751773
0.090909,1.000000,1.352941,29.212174,1.672727,11.000000,0.575000
0.076923,0.794178,3.854167,30.000000,1.983389,43.000000,0.793991
0.076923,0.897371,1.642857,25.240156,1.410256,13.000000,0.621622
0.090909,0.903287,3.028571,30.000000,1.901478,29.000000,0.751773
0.090909,1.000000,1.352941,29.212174,1.672727,11.000000,0.575000
0.090909,1.000000,1.352941,29.212174,1.672727,11.000000,0.575000
0.090909,0.721630,3.028571,30.000000,1.901478,29.000000,0.751773
0.076923,0.897371,1.642857,25.240156,1.410256,13.000000,0.621622
0.076923,0.794178,3.854167,30.000000,1.983389,43.000000,0.793991
0.076923,0.897371,1.642857,25.240156,1.410256,13.000000,0.621622
0.076923,0.794178,3.854167,30.000000,1.983389,43.000000,0.793991
0.083333,0.717361,3.028571,30.000000,1.901478,29.000000,0.751773
0.083333,1.000000,2.437500,24.110016,2.267974,18.000000,0.709091
0.076923,0.897371,1.642857,25.240156,1.410256,13.000000,0.621622
0.076923,0.794178,3.854167,30.000000,1.983389,43.000000,0.793991
0.083333,0.807003,3.028571,30.000000,1.901478,29.000000,0.751773
0.083333,1.000000,2.437500,24.110016,2.267974,18.000000,0.709091
0.166667,0.320957,4.333333,25.080882,1.133333,6.000000,0.812500
0.166667,1.000000,2.178571,20.400874,2.015385,26.000000,0.685393
0.111111,0.446007,1.656250,29.892102,1.790514,23.000000,0.623529
0.040000,0.357246,1.947368,28.773441,1.986667,25.000000,0.660714
0.040000,1.000000,2.178571,20.400874,2.015385,26.000000,0.685393
0.062500,0.030303,1.678571,29.141426,1.658333,16.000000,0.626667
0.062500,1.000000,1.613636,19.487404,1.846154,27.000000,0.617391
0.038462,0.475788,1.649351,28.845876,2.009009,37.000000,0.622549
0.038462,1.000000,2.178571,20.400874,2.015385,26.000000,0.685393
0.111111,0.004367,3.611111,27.496717,2.130000,25.000000,0.783133
0.100000,1.000000,1.613636,16.971715,1.846154,27.000000,0.617391
0.100000,0.322878,2.142857,29.984436,1.355556,10.000000,0.681818
0.125000,0.300068,1.432432,27.562152,1.842857,21.000000,0.588889
0.125000,0.180874,2.333333,21.897260,1.250000,8.000000,0.700000
0.166667,1.000000,1.613636,16.971715,1.846154,27.000000,0.617391
0.066667,1.000000,1.613636,16.971715,1.846154,27.000000,0.617391
0.066667,0.254680,1.840000,27.309376,1.561905,15.000000,0.647887
0.050000,0.202710,3.750000,28.695219,1.732804,28.000000,0.789474
0.050000,0.446193,1.337209,24.949039,2.151652,37.000000,0.572139
0.111111,0.112272,3.208333,29.304260,1.943020,27.000000,0.762376
0.250000,1.000000,1.613636,16.971715,1.846154,27.000000,0.617391
0.037037,1.000000,1.613636,16.971715,1.846154,27.000000,0.617391
0.037037,0.037140,2.096774,28.394244,1.814815,27.000000,0.677083
0.200000,0.008850,1.750000,24.200000,1.300000,5.000000,0.636364
0.200000,1.000000,1.967742,26.945786,2.015385,26.000000,0.663043
0.200000,0.379693,2.153846,27.212627,2.094697,33.000000,0.682927
0.040000,0.263158,1.947368,28.773441,1.986667,25.000000,0.660714
0.040000,1.000000,2.178571,20.400874,2.015385,26.000000,0.685393
0.142857,0.551616,2.600000,30.000000,1.380952,7.000000,0.722222
0.142857,0.004367,1.603448,21.825524,1.866995,29.000000,0.615894
0.166667,0.723377,1.750000,24.021783,1.852217,29.000000,0.636364
0.062500,0.269062,2.769231,24.936833,1.825000,16.000000,0.734694
0.062500,0.096057,1.551724,16.866594,1.625000,16.000000,0.608108
0.062500,0.029126,1.310345,26.847525,1.825000,16.000000,0.567164
0.062500,0.096057,1.551724,16.866594,1.625000,16.000000,0.608108
0.062500,0.029126,1.310345,26.847525,1.825000,16.000000,0.567164
0.111111,0.641662,1.923077,29.515902,1.751634,18.000000,0.657895
0.062500,0.029126,1.310345,26.847525,1.825000,16.000000,0.567164
0.062500,0.096057,1.551724,16.866594,1.625000,16.000000,0.608108
0.062500,0.096057,1.551724,16.866594,1.625000,16.000000,0.608108
0.062500,0.029126,1.310345,26.847525,1.825000,16.000000,0.567164
0.062500,0.029126,1.310345,26.847525,1.825000,16.000000,0.567164
0.062500,0.096057,1.551724,16.866594,1.625000,16.000000,0.608108
0.142857,1.000000,3.400000,30.000000,1.190476,7.000000,0.772727
0.142857,0.479378,1.827586,28.362143,2.042857,21.000000,0.646341
0.043478,0.330162,1.812500,29.318396,2.090909,23.000000,0.644444
0.043478,1.000000,1.821429,10.640538,1.853755,23.000000,0.645570
0.125000,0.037722,1.703704,27.062557,1.616667,16.000000,0.630137
0.166667,0.272554,1.603448,21.825524,1.866995,29.000000,0.615894
0.142857,0.501983,2.277778,28.486196,2.072581,32.000000,0.694915
0.166667,0.295312,3.437500,27.612528,1.852632,20.000000,0.774648
0.058824,0.210305,2.137931,28.925028,1.902174,24.000000,0.681319
0.058824,0.355791,2.000000,28.960536,1.617647,17.000000,0.666667
0.062500,0.143959,2.846154,26.667224,2.130719,18.000000,0.740000
0.062500,0.206091,2.137931,29.095078,1.902174,24.000000,0.681319
0.062500,0.635942,2.846154,26.667224,2.130719,18.000000,0.740000
0.062500,0.206091,2.137931,29.095078,1.902174,24.000000,0.681319
0.100000,0.033708,1.566667,30.000000,1.658333,16.000000,0.610390
0.100000,0.032967,1.566667,30.000000,1.658333,16.000000,0.610390
0.100000,0.030000,1.530612,23.652304,1.786325,27.000000,0.604839
0.062500,1.000000,1.652174,19.815122,1.843915,28.000000,0.622951
0.062500,0.144456,1.620690,30.000000,1.658333,16.000000,0.618421
0.090909,0.127842,2.714286,27.939448,1.327273,11.000000,0.730769
0.090909,1.000000,1.652174,19.815122,1.843915,28.000000,0.622951
0.166667,1.000000,1.652174,19.815122,1.843915,28.000000,0.622951
0.062500,0.147094,1.620690,30.000000,1.658333,16.000000,0.618421
0.062500,1.000000,1.652174,19.815122,1.843915,28.000000,0.622951
0.250000,1.000000,1.652174,19.815122,1.843915,28.000000,0.622951
0.166667,0.726013,1.666667,3.512593,1.000000,6.000000,0.625000
0.166667,0.021555,1.833333,24.665474,1.810458,18.000000,0.647059
0.250000,0.394748,2.304348,25.433466,1.735294,17.000000,0.697368
0.071429,0.399027,1.198347,25.754399,2.159112,47.000000,0.545113
0.071429,0.067897,1.904762,29.636326,1.560440,14.000000,0.655738
0.040000,0.399027,1.198347,25.754399,2.159112,47.000000,0.545113
0.040000,0.058744,1.760870,29.833357,1.756667,25.000000,0.637795
0.045455,1.000000,1.162162,12.875847,2.058065,31.000000,0.537500
0.045455,0.279484,2.312500,29.846121,1.740260,22.000000,0.698113
0.111111,0.037077,1.242424,29.725829,2.121951,41.000000,0.554054
0.052632,0.454831,1.188525,26.883915,2.159112,47.000000,0.543071
0.142857,0.399027,1.198347,25.754399,2.159112,47.000000,0.545113
0.142857,1.000000,1.162162,12.875847,2.058065,31.000000,0.537500
0.071429,0.038251,1.880000,29.925298,1.776190,21.000000,0.652778
0.125000,0.098203,1.395062,29.571200,2.102418,38.000000,0.582474
0.125000,1.000000,2.666667,28.661251,1.464286,8.000000,0.727273
0.047619,0.399027,1.198347,25.754399,2.159112,47.000000,0.545113
0.047619,0.400989,1.964286,29.729722,1.780952,21.000000,0.662651
0.200000,0.046559,1.415730,29.091098,1.953968,36.000000,0.586047
0.100000,0.449424,2.250000,30.000000,1.688889,10.000000,0.692308
0.142857,0.051949,1.647059,29.463566,1.672515,19.000000,0.622222
0.250000,0.346342,1.858586,27.802548,2.248980,50.000000,0.650177
0.142857,0.055556,1.857143,22.255026,1.380952,7.000000,0.650000
0.142857,0.115823,2.597403,29.702505,2.226244,52.000000,0.722022
0.166667,0.385848,2.127907,28.933724,2.222789,49.000000,0.680297
0.100000,0.492135,2.857143,28.980775,1.600000,10.000000,0.740741
0.100000,0.502628,1.494845,20.816193,1.787302,36.000000,0.599174
0.125000,0.969946,2.600000,29.689793,1.535714,8.000000,0.722222
0.076923,0.166867,1.700000,21.070953,1.564103,13.000000,0.629630
0.125000,1.000000,1.545455,14.211174,1.392857,8.000000,0.607143
0.055556,0.203817,1.612903,21.008193,1.800000,20.000000,0.617284
0.071429,1.000000,1.807692,30.000000,1.505495,14.000000,0.643836
0.071429,0.707553,1.545455,20.192052,1.575000,16.000000,0.607143
0.062500,0.002213,1.703704,27.062557,1.616667,16.000000,0.630137
0.142857,0.225353,1.777778,30.000000,1.238095,7.000000,0.640000
0.142857,1.000000,1.625000,16.509037,2.009231,26.000000,0.619048
0.052632,0.099102,1.853333,27.919971,1.938834,38.000000,0.649533
0.166667,0.008696,1.375000,29.804378,1.883333,16.000000,0.578947
0.166667,0.008696,1.641026,30.000000,1.853755,23.000000,0.621359
0.166667,0.163795,1.571429,29.586390,1.266667,6.000000,0.611111
0.038462,0.386483,1.696078,29.659200,2.031205,53.000000,0.629091
0.038462,1.000000,1.625000,16.509037,2.009231,26.000000,0.619048
0.250000,0.185533,6.285714,28.055044,1.833333,25.000000,0.862745
0.090909,1.000000,1.368421,30.000000,1.581818,11.000000,0.577778
0.142857,0.520748,3.000000,25.996429,1.571429,7.000000,0.750000
0.071429,0.221728,1.900000,21.786899,1.889706,17.000000,0.655172
0.071429,0.260214,2.416667,23.868861,1.813187,14.000000,0.707317
0.100000,0.068028,2.424242,25.383029,1.960591,29.000000,0.707965
0.125000,1.000000,1.266667,28.107623,1.825000,16.000000,0.558824
0.111111,0.000000,1.741935,28.187694,1.879032,32.000000,0.635294
0.111111,0.774748,1.600000,23.333333,1.555556,9.000000,0.615385
0.200000,0.584010,2.333333,24.000000,1.300000,5.000000,0.700000
0.142857,0.129932,2.000000,27.601990,1.851852,27.000000,0.666667
0.200000,0.251762,1.809524,27.787063,1.638095,15.000000,0.644068
0.111111,0.000000,4.333333,27.754143,1.638889,9.000000,0.812500
0.076923,0.117219,2.402174,27.574619,2.244987,57.000000,0.706070
0.076923,0.136957,4.571429,29.014634,1.615385,13.000000,0.820513
0.142857,0.117219,2.402174,27.574619,2.244987,57.000000,0.706070
0.142857,0.004292,1.857143,29.599757,1.380952,7.000000,0.650000
0.250000,0.389363,1.257143,22.345203,2.126923,40.000000,0.556962
0.166667,0.520631,1.800000,25.000000,1.400000,6.000000,0.642857
0.166667,0.117196,2.448276,28.461642,1.786561,23.000000,0.710000
0.166667,0.389363,1.257143,22.345203,2.126923,40.000000,0.556962
0.111111,0.017391,2.714286,29.788155,1.527778,9.000000,0.730769
0.111111,0.904703,1.571429,21.967090,1.388889,9.000000,0.611111
0.111111,0.060057,1.741935,28.350189,1.879032,32.000000,0.635294
0.033333,0.087971,1.515152,23.426602,2.046371,32.000000,0.602410
0.125000,0.918649,1.553846,29.649222,1.701538,26.000000,0.608434
0.250000,0.624453,2.333333,22.500000,1.500000,8.000000,0.700000
0.166667,0.703491,1.750000,30.000000,1.533333,6.000000,0.636364
0.066667,0.115714,1.413793,30.000000,1.666667,15.000000,0.585714
0.166667,0.703491,1.750000,30.000000,1.533333,6.000000,0.636364
0.050000,0.062441,7.909091,28.516510,1.782609,24.000000,0.887755
0.050000,0.116653,1.549020,27.404396,2.021164,28.000000,0.607692
0.166667,0.703491,1.750000,30.000000,1.533333,6.000000,0.636364
0.066667,0.115714,1.413793,30.000000,1.666667,15.000000,0.585714
0.100000,1.000000,2.375000,28.466673,1.577778,10.000000,0.703704
0.100000,0.750992,1.777778,27.002581,1.648352,14.000000,0.640000
0.100000,0.473631,1.750000,29.265378,1.666667,15.000000,0.636364
0.100000,0.578422,2.857143,30.000000,1.555556,10.000000,0.740741
0.142857,0.023041,2.166667,23.629588,1.380952,7.000000,0.684211
0.142857,0.163703,2.617647,24.157654,1.959140,31.000000,0.723577
0.043478,0.178641,1.883721,28.101983,2.029388,50.000000,0.653226
0.100000,0.056338,1.600000,24.078426,1.644444,10.000000,0.615385
0.111111,0.120304,2.053571,28.497900,2.000000,38.000000,0.672515
0.043478,0.433095,2.269231,28.283505,2.079051,23.000000,0.694118
0.111111,0.663069,5.000000,25.385576,1.444444,9.000000,0.833333
0.083333,0.429427,2.166667,25.767452,1.606061,12.000000,0.684211
0.142857,0.283917,3.000000,30.000000,1.666667,7.000000,0.750000
0.142857,0.019882,2.875000,26.606066,1.747619,21.000000,0.741935
0.071429,0.029519,2.488372,29.427624,2.080672,35.000000,0.713333
0.071429,0.034095,1.636364,27.801441,1.857143,21.000000,0.620690
0.071429,1.000000,1.666667,21.489655,1.994302,27.000000,0.625000
0.100000,1.000000,3.000000,29.308715,1.533333,10.000000,0.750000
0.076923,0.018017,1.818182,29.423972,2.025063,57.000000,0.645161
0.071429,0.274999,3.150000,28.651538,1.961039,22.000000,0.759036
0.125000,0.075481,1.896104,29.452900,1.987805,41.000000,0.654709
0.071429,0.797461,1.619048,26.285574,1.703297,14.000000,0.618182
0.071429,0.562014,1.650000,23.175171,1.725000,16.000000,0.622642
0.071429,0.797461,1.619048,26.285574,1.703297,14.000000,0.618182
0.071429,0.562014,1.650000,23.175171,1.725000,16.000000,0.622642
0.250000,0.081487,1.360360,23.799795,2.169133,44.000000,0.576336
0.200000,0.004255,5.000000,24.080247,1.500000,5.000000,0.833333
0.166667,0.081487,1.360360,23.799795,2.169133,44.000000,0.576336
0.200000,1.000000,2.333333,30.000000,1.300000,5.000000,0.700000
0.200000,0.651153,2.000000,28.978305,1.638889,9.000000,0.666667
0.142857,0.178509,1.714286,28.976836,1.879032,32.000000,0.631579
0.043478,0.515798,1.742857,28.165726,2.007937,36.000000,0.635417
0.142857,0.767389,2.000000,23.133945,1.428571,7.000000,0.666667
0.142857,0.186316,2.387097,28.323655,1.797101,24.000000,0.704762
0.052632,0.037730,1.846154,22.212760,1.824561,19.000000,0.648649
0.055556,0.447642,1.615385,28.557407,1.601307,18.000000,0.617647
0.062500,0.114190,1.878788,18.681978,2.356237,44.000000,0.652632
0.052632,1.000000,1.875000,27.732612,1.993333,25.000000,0.652174
0.052632,0.441540,2.222222,29.630287,1.896104,22.000000,0.689655
0.125000,1.000000,2.285714,18.452232,1.638889,9.000000,0.695652
0.125000,0.798780,1.666667,30.000000,1.464286,8.000000,0.625000
0.166667,1.000000,1.676471,29.578816,1.857708,23.000000,0.626374
0.090909,0.011560,1.896552,28.800957,1.999113,48.000000,0.654762
0.090909,1.000000,1.833333,24.722235,1.709091,11.000000,0.647059
0.076923,0.207157,2.384615,27.690542,1.641026,13.000000,0.704545
0.041667,0.004255,1.785714,29.658251,2.025063,57.000000,0.641026
0.111111,0.592538,1.605263,24.297333,1.829710,24.000000,0.616162
0.100000,0.039548,1.600000,26.716942,1.644444,10.000000,0.615385
0.142857,0.147628,1.612903,29.900734,1.673333,25.000000,0.617284
0.111111,0.226541,1.342105,28.635818,1.769841,28.000000,0.573034
0.111111,0.004219,2.500000,27.293030,1.444444,9.000000,0.714286
0.111111,0.214456,1.526316,18.890950,1.730769,13.000000,0.604167
0.111111,0.777735,1.307692,29.689781,1.583333,9.000000,0.566667
0.111111,0.226541,1.342105,28.635818,1.769841,28.000000,0.573034
0.125000,0.067212,3.142857,30.000000,1.214286,8.000000,0.758621
0.166667,0.044021,1.405405,24.731091,2.156566,45.000000,0.584270
0.142857,0.259987,1.750000,20.954925,2.020000,25.000000,0.636364
0.142857,0.118133,2.800000,23.415865,1.571429,8.000000,0.736842
0.142857,0.279166,2.800000,28.790841,1.571429,8.000000,0.736842
0.142857,0.484535,2.634921,27.793181,2.688215,55.000000,0.724891
0.142857,0.279166,2.800000,28.790841,1.571429,8.000000,0.736842
0.142857,0.484535,2.634921,27.793181,2.688215,55.000000,0.724891
0.062500,0.236364,2.000000,28.498810,1.650000,16.000000,0.666667
0.062500,0.484535,2.634921,27.793181,2.688215,55.000000,0.724891
0.066667,0.259987,1.750000,20.954925,2.020000,25.000000,0.636364
0.066667,0.288810,2.111111,28.481148,1.638095,15.000000,0.678571
0.062500,0.236364,2.000000,28.498810,1.650000,16.000000,0.666667
0.062500,0.484535,2.634921,27.793181,2.688215,55.000000,0.724891
0.125000,0.452036,1.850746,29.250000,2.017949,40.000000,0.649215
0.125000,0.254898,6.000000,30.000000,1.357143,8.000000,0.857143
0.200000,0.214808,1.974359,27.807131,1.766234,22.000000,0.663793
0.250000,0.913673,1.894737,25.693826,1.948529,17.000000,0.654545
0.142857,0.482917,1.716418,27.951513,2.000000,38.000000,0.631868
0.142857,0.449220,3.200000,26.851059,1.238095,7.000000,0.761905
0.037037,0.216503,1.911111,28.644307,1.905983,27.000000,0.656489
0.037037,0.103234,1.607143,29.045705,1.961694,32.000000,0.616438
0.100000,0.674853,1.929412,28.764115,1.986124,47.000000,0.658635
0.142857,0.183935,1.589286,28.944873,1.939785,31.000000,0.613793
0.027027,0.629122,1.927711,28.566273,1.987440,46.000000,0.658436
0.027027,0.554784,2.634921,27.793181,2.688215,55.000000,0.724891
0.055556,0.742348,2.488889,28.886697,2.074603,36.000000,0.713376
0.037037,0.103234,1.607143,29.045705,1.961694,32.000000,0.616438
0.037037,0.216503,1.911111,28.644307,1.905983,27.000000,0.656489
0.062500,0.075607,1.884615,22.585201,1.591667,16.000000,0.653333
0.125000,0.416270,1.542857,28.506213,1.857143,21.000000,0.606742
0.100000,0.666737,2.600000,28.236276,1.606061,12.000000,0.722222
0.100000,0.256971,1.428571,24.068858,1.742647,17.000000,0.588235
0.100000,0.697973,2.000000,28.895756,1.555556,10.000000,0.666667
0.100000,0.056398,2.238095,28.420664,1.776190,21.000000,0.691176
0.066667,0.658794,2.150000,28.094188,1.908497,18.000000,0.682540
0.142857,0.080384,1.769912,29.869798,2.025063,57.000000,0.638978
0.111111,0.449508,1.764706,22.500662,1.545455,12.000000,0.638298
0.111111,0.083354,4.000000,28.978305,1.333333,9.000000,0.800000
0.166667,0.047685,2.025000,28.311767,1.886154,26.000000,0.669421
0.111111,0.007303,2.555556,29.515325,2.337198,46.000000,0.718750
0.111111,0.340317,2.555556,29.515325,2.337198,46.000000,0.718750
0.090909,0.081697,2.675325,29.454408,2.100340,49.000000,0.727915
0.090909,0.670181,2.100000,27.272727,1.690909,11.000000,0.677419
0.222222,0.667243,1.777778,29.423929,1.515152,12.000000,0.640000
0.222222,0.634547,1.636364,21.034998,1.583333,9.000000,0.620690
0.166667,0.648894,2.750000,27.659270,1.266667,6.000000,0.733333
0.111111,0.100187,2.181818,30.000000,1.563636,11.000000,0.685714
0.111111,0.876400,2.111111,30.000000,1.527778,9.000000,0.678571
0.142857,0.274472,4.333333,30.000000,1.380952,7.000000,0.812500
0.066667,0.240078,1.826087,29.432143,1.988604,27.000000,0.646154
0.066667,0.240078,1.826087,29.432143,1.988604,27.000000,0.646154
0.200000,1.000000,1.750000,24.200000,1.300000,5.000000,0.636364
0.200000,0.393143,1.947368,30.000000,1.986667,25.000000,0.660714
0.200000,1.000000,1.750000,24.200000,1.300000,5.000000,0.636364
0.200000,1.000000,1.947368,30.000000,1.986667,25.000000,0.660714
0.083333,0.588879,1.857143,29.916872,1.606061,12.000000,0.650000
0.250000,0.867417,1.813953,30.000000,1.709957,22.000000,0.644628
0.055556,0.185414,4.000000,24.519170,1.934641,18.000000,0.800000
0.055556,0.313467,2.782609,30.000000,1.802372,23.000000,0.735632
0.250000,1.000000,1.813953,30.000000,1.709957,22.000000,0.644628
0.100000,0.304103,1.800000,25.929002,1.400000,10.000000,0.642857
0.100000,0.133947,2.600000,30.000000,1.948529,17.000000,0.722222
0.100000,0.579855,2.600000,30.000000,1.948529,17.000000,0.722222
0.100000,0.304103,1.800000,25.929002,1.400000,10.000000,0.642857
0.090909,0.337432,2.377778,29.588823,2.080672,35.000000,0.703947
0.250000,0.086156,1.466667,28.667553,1.883041,19.000000,0.594595
0.076923,0.000000,3.500000,28.065221,1.705128,13.000000,0.777778
0.090909,0.500179,1.611940,29.892684,1.879032,32.000000,0.617143
0.090909,0.675575,1.705882,21.752300,1.472727,11.000000,0.630435
0.125000,0.707591,1.611111,26.055484,1.472727,11.000000,0.617021
0.200000,0.000000,5.000000,29.627933,1.500000,5.000000,0.833333
0.142857,0.223491,3.250000,29.733518,1.380952,7.000000,0.764706
0.076923,1.000000,2.800000,29.215981,1.641026,13.000000,0.736842
0.076923,0.256971,1.428571,24.068858,1.742647,17.000000,0.588235
0.052632,0.124043,1.720000,22.197922,1.871345,19.000000,0.632353
0.052632,0.004219,2.500000,28.350523,1.823362,27.000000,0.714286
0.166667,0.142857,1.888889,25.169133,1.690909,11.000000,0.653846
0.052632,0.004219,2.892857,28.274510,2.319216,51.000000,0.743119
0.052632,0.124043,1.720000,22.197922,1.871345,19.000000,0.632353
0.052632,0.010417,2.892857,28.274510,2.319216,51.000000,0.743119
0.052632,0.124043,1.720000,22.197922,1.871345,19.000000,0.632353
0.200000,0.124043,1.720000,22.197922,1.871345,19.000000,0.632353
0.200000,0.586987,2.160000,30.000000,1.800000,20.000000,0.683544
0.100000,1.000000,1.454545,30.000000,1.853755,23.000000,0.592593
0.083333,0.189929,1.785714,24.215731,1.712121,12.000000,0.641026
0.083333,0.070100,1.189189,29.370000,1.801471,17.000000,0.543210
0.200000,0.107649,1.517241,30.000000,1.845588,17.000000,0.602740
0.200000,0.607619,4.066667,29.751040,1.874459,22.000000,0.802632
0.050000,1.000000,2.714286,29.279936,2.142857,28.000000,0.730769
0.200000,0.121912,2.500000,28.086386,2.275862,59.000000,0.714286
0.250000,0.485195,2.361111,25.855745,1.721014,24.000000,0.702479
0.047619,1.000000,2.807692,28.741838,2.116809,27.000000,0.737374
0.047619,0.533412,1.828571,29.729722,1.695238,21.000000,0.646465
0.200000,0.376488,1.428571,24.068858,1.742647,17.000000,0.588235
0.200000,0.098520,1.606061,27.739437,1.982684,22.000000,0.616279
0.111111,0.141697,2.444444,27.575994,2.231169,56.000000,0.709677
0.125000,1.000000,1.851852,28.947890,2.025063,57.000000,0.649351
0.037037,1.000000,1.948276,28.802366,2.013115,61.000000,0.660819
0.037037,0.243209,1.380000,21.858614,1.931624,27.000000,0.579832
0.040000,1.000000,4.550000,29.483312,1.710000,25.000000,0.819820
0.040000,1.000000,1.730000,29.471226,2.031205,53.000000,0.633700
0.062500,0.293108,1.650000,18.172569,1.725000,16.000000,0.622642
0.062500,1.000000,1.679612,29.767089,2.031205,53.000000,0.626812
0.055556,1.000000,1.886792,28.454162,2.025063,57.000000,0.653595
0.055556,0.485175,2.727273,27.785378,1.627451,18.000000,0.731707
0.166667,0.201901,1.724638,28.856962,1.878788,34.000000,0.632979
0.037037,1.000000,1.886792,28.454162,2.025063,57.000000,0.653595
0.037037,1.000000,1.666667,21.489655,1.994302,27.000000,0.625000
0.125000,0.113347,1.722222,25.128459,1.679487,13.000000,0.632653
0.100000,0.053426,2.103448,28.093954,2.137681,24.000000,0.677778
0.200000,1.000000,1.500000,30.000000,1.711111,10.000000,0.600000
0.166667,0.016949,2.466667,29.896598,1.931159,24.000000,0.711538
0.100000,0.455576,2.222222,29.933997,1.896104,22.000000,0.689655
0.200000,0.481141,2.320000,28.767340,1.923810,21.000000,0.698795
0.200000,0.481141,2.320000,28.767340,1.923810,21.000000,0.698795
0.250000,0.115567,2.269231,29.925298,1.833333,21.000000,0.694118
0.250000,0.805942,1.294118,20.795659,1.672727,11.000000,0.564103
0.090909,0.229389,2.181818,28.283392,1.618182,11.000000,0.685714
0.090909,0.101907,1.416667,29.845739,1.812865,19.000000,0.586207
0.090909,0.229389,2.181818,28.283392,1.618182,11.000000,0.685714
0.090909,0.101907,1.416667,29.845739,1.812865,19.000000,0.586207
0.090909,0.871009,1.857143,27.563746,1.527273,11.000000,0.650000
0.076923,0.110143,1.906977,29.610662,2.009852,29.000000,0.656000
0.076923,0.878567,1.526316,26.633701,1.628205,13.000000,0.604167
0.100000,0.102722,2.548387,28.878682,1.796667,25.000000,0.718182
0.100000,0.925429,1.571429,24.473744,1.511111,10.000000,0.611111
0.076923,0.878567,1.526316,26.633701,1.628205,13.000000,0.604167
0.076923,0.108295,1.820896,29.366447,2.032717,38.000000,0.645503
0.076923,0.018861,1.820896,29.366447,2.032717,38.000000,0.645503
0.076923,0.878567,1.526316,26.633701,1.628205,13.000000,0.604167
0.076923,0.018861,1.820896,29.366447,2.032717,38.000000,0.645503
0.076923,0.878567,1.526316,26.633701,1.628205,13.000000,0.604167
0.250000,0.216366,2.250000,29.473636,1.901186,23.000000,0.692308
0.066667,0.276335,1.370370,21.044684,1.685714,15.000000,0.578125
0.066667,1.000000,1.372093,28.196090,1.752632,20.000000,0.578431
0.041667,0.165641,2.216216,28.880000,1.886667,25.000000,0.689076
0.250000,1.000000,2.250000,29.473636,1.901186,23.000000,0.692308
0.041667,0.165641,2.216216,28.880000,1.886667,25.000000,0.689076
0.111111,0.050072,2.100000,30.000000,1.668421,20.000000,0.677419
0.200000,0.000000,1.551724,26.539535,1.738562,18.000000,0.608108
0.111111,0.050072,2.100000,30.000000,1.668421,20.000000,0.677419
0.111111,0.050072,2.100000,30.000000,1.668421,20.000000,0.677419
0.111111,0.050072,2.100000,30.000000,1.668421,20.000000,0.677419
0.200000,0.921451,2.875000,26.914713,1.747619,21.000000,0.741935
0.111111,0.050072,2.100000,30.000000,1.668421,20.000000,0.677419
0.200000,0.257131,2.285714,27.528967,1.796537,22.000000,0.695652
0.200000,0.288797,3.000000,27.211438,1.285714,7.000000,0.750000
0.071429,0.246154,1.370370,29.887947,1.703297,14.000000,0.578125
0.071429,0.368787,1.647059,29.721601,1.636364,22.000000,0.622222
0.111111,0.422270,1.354430,27.835109,1.773399,29.000000,0.575269
0.111111,0.434257,2.500000,27.913118,1.444444,9.000000,0.714286
0.071429,0.858396,3.000000,29.144369,1.659341,14.000000,0.750000
0.071429,0.368787,1.647059,29.721601,1.636364,22.000000,0.622222
0.071429,0.246154,1.370370,29.887947,1.703297,14.000000,0.578125
0.111111,0.422270,1.354430,27.835109,1.773399,29.000000,0.575269
0.076923,0.470588,2.800000,29.593543,1.705128,13.000000,0.736842
0.055556,0.188267,1.758621,30.000000,1.758170,18.000000,0.637500
0.076923,0.480179,2.400000,27.331115,1.615385,13.000000,0.705882
0.100000,0.324126,2.250000,22.806246,1.688889,10.000000,0.692308
0.100000,0.652941,1.818182,23.962710,1.555556,10.000000,0.645161
0.076923,0.074861,1.761364,29.523518,2.009967,43.000000,0.637860
0.083333,0.785735,1.550000,26.258452,1.530303,12.000000,0.607843
0.083333,0.240117,1.608108,29.917597,1.878788,34.000000,0.616580
0.125000,0.785735,1.550000,26.258452,1.530303,12.000000,0.607843
0.058824,0.529890,1.878788,18.681978,2.356237,44.000000,0.652632
0.058824,0.514101,1.641026,30.000000,1.853755,23.000000,0.621359
0.058824,0.128756,2.391304,28.623815,1.760234,19.000000,0.705128
0.250000,1.000000,1.416667,27.694333,1.428571,8.000000,0.586207
0.250000,0.716364,6.000000,26.770700,1.000000,4.000000,0.857143
0.058824,0.664530,1.607143,23.299758,1.669118,17.000000,0.616438
0.058824,0.717726,2.475610,29.576313,2.183258,52.000000,0.712281
0.200000,0.720512,2.491803,27.087044,2.105128,40.000000,0.713615
0.022727,1.000000,1.878788,18.681978,2.356237,44.000000,0.652632
0.022727,0.441196,2.942857,28.299416,2.100340,49.000000,0.746377
0.041667,0.610087,2.852941,29.176863,2.107308,47.000000,0.740458
0.045455,0.760490,2.303371,29.111416,2.239693,54.000000,0.697279
0.045455,0.730771,2.392857,30.000000,1.709957,22.000000,0.705263
0.111111,1.000000,2.444444,27.293030,1.388889,9.000000,0.709677
0.111111,0.717726,2.475610,29.534330,2.183258,52.000000,0.712281
0.200000,0.577565,2.386667,26.719802,2.171981,46.000000,0.704724
0.200000,0.134638,2.333333,24.585125,1.300000,5.000000,0.700000
0.111111,1.000000,1.689655,24.736729,1.658333,16.000000,0.628205
0.111111,0.641569,1.583333,26.666667,1.527778,9.000000,0.612903
0.250000,0.040362,1.555556,21.291068,1.794118,17.000000,0.608696
0.250000,0.040362,1.555556,21.291068,1.794118,17.000000,0.608696
0.142857,0.495212,1.571429,21.685197,1.476190,7.000000,0.611111
0.166667,0.131212,1.730769,29.775770,1.669118,17.000000,0.633803
0.083333,0.012204,1.684211,29.493518,1.515152,12.000000,0.627451
0.125000,0.686586,1.380000,21.858614,1.931624,27.000000,0.579832
0.142857,0.004016,1.928571,30.000000,1.836257,19.000000,0.658537
0.142857,0.949965,6.500000,20.242850,1.380952,7.000000,0.866667
0.076923,0.028979,1.735294,29.548007,1.778947,20.000000,0.634409
0.076923,1.000000,1.450000,24.655432,1.730769,13.000000,0.591837
0.076923,1.000000,1.450000,24.655432,1.730769,13.000000,0.591837
0.076923,0.028979,1.735294,29.548007,1.778947,20.000000,0.634409
0.142857,0.507563,2.567568,29.811279,1.789855,24.000000,0.719697
0.142857,1.000000,13.000000,27.439043,1.821429,8.000000,0.928571
0.142857,0.461634,2.000000,27.601990,1.851852,27.000000,0.666667
0.142857,0.871876,2.333333,25.682027,1.571429,8.000000,0.700000
0.142857,0.461634,2.000000,27.601990,1.851852,27.000000,0.666667
0.142857,0.461634,2.000000,27.601990,1.851852,27.000000,0.666667
0.142857,0.997483,13.000000,27.439043,1.821429,8.000000,0.928571
0.111111,1.000000,2.714286,30.000000,1.527778,9.000000,0.730769
0.111111,0.461634,2.000000,27.601990,1.851852,27.000000,0.666667
0.250000,0.478195,2.256410,29.273003,1.735931,22.000000,0.692913
0.090909,0.772168,1.515152,23.426602,2.046371,32.000000,0.602410
0.090909,0.395765,2.500000,29.712077,1.636364,11.000000,0.714286
0.034483,0.772168,1.515152,23.426602,2.046371,32.000000,0.602410
0.034483,0.832382,2.000000,26.472227,1.940230,30.000000,0.666667
0.142857,0.089655,1.400000,29.068878,1.745455,11.000000,0.583333
0.142857,0.337215,1.500000,29.192245,1.857143,21.000000,0.600000
0.250000,0.632916,2.111111,27.000000,1.622222,10.000000,0.678571
0.076923,0.011766,4.153846,26.592079,2.059289,23.000000,0.805970
0.076923,1.000000,2.133333,30.000000,1.692308,13.000000,0.680851
0.062500,0.003984,1.880000,29.228483,1.608333,16.000000,0.652778
0.062500,0.486364,2.512195,29.109375,2.713790,64.000000,0.715278
0.111111,0.380356,4.500000,29.724260,1.500000,9.000000,0.818182
0.062500,0.003984,1.880000,29.228483,1.608333,16.000000,0.652778
0.062500,0.483197,2.512195,29.109375,2.713790,64.000000,0.715278
0.062500,0.003984,1.880000,29.228483,1.608333,16.000000,0.652778
0.062500,0.483197,2.512195,29.109375,2.713790,64.000000,0.715278
0.250000,0.223856,2.666667,29.909315,1.636364,11.000000,0.727273
0.250000,1.000000,6.000000,30.000000,1.000000,4.000000,0.857143
0.062500,0.481677,1.673469,30.000000,1.992611,29.000000,0.625954
0.062500,0.008000,1.880000,28.902875,1.608333,16.000000,0.652778
0.100000,0.460533,2.208333,29.082427,1.608333,16.000000,0.688312
0.250000,0.572820,2.150000,26.262612,2.274854,19.000000,0.682540
0.250000,0.975831,1.300000,26.115202,1.666667,12.000000,0.565217
0.125000,0.166722,1.975610,29.273978,1.886154,26.000000,0.663934
0.071429,0.007874,1.773585,25.137094,1.933333,31.000000,0.639456
0.071429,0.056604,2.600000,28.564736,1.616667,16.000000,0.722222
0.166667,0.974397,1.833333,30.000000,1.266667,6.000000,0.647059
0.166667,1.000000,1.833333,30.000000,1.266667,6.000000,0.647059
0.100000,0.809421,5.333333,28.526513,2.052874,30.000000,0.842105
0.100000,0.148470,1.600000,24.078426,1.644444,10.000000,0.615385
0.100000,1.000000,1.600000,30.000000,1.644444,10.000000,0.615385
0.100000,0.151088,3.666667,28.582772,2.549758,46.000000,0.785714
0.100000,0.231960,3.160000,29.888216,1.970899,28.000000,0.759615
0.100000,0.148470,1.600000,24.078426,1.644444,10.000000,0.615385
0.100000,0.417883,1.600000,29.528140,1.644444,10.000000,0.615385
0.100000,0.558201,1.380000,21.858614,1.931624,27.000000,0.579832
0.100000,1.000000,2.000000,29.126023,2.023333,25.000000,0.666667
0.142857,0.559059,3.250000,30.000000,1.380952,7.000000,0.764706
0.100000,0.652757,1.461538,27.035333,1.688889,10.000000,0.593750
0.142857,0.559059,3.250000,30.000000,1.380952,7.000000,0.764706
0.076923,1.000000,2.000000,30.000000,1.692308,13.000000,0.666667
0.200000,0.613431,1.571429,30.000000,1.266667,6.000000,0.611111
0.142857,1.000000,1.553571,22.352523,1.800000,30.000000,0.608392
0.083333,1.000000,1.526316,23.551591,1.800000,30.000000,0.604167
0.142857,0.205869,5.400000,24.322331,1.782051,13.000000,0.843750
0.050000,0.097695,2.344828,30.000000,1.673684,20.000000,0.701031
0.125000,1.000000,1.611111,16.947343,1.800000,30.000000,0.617021
0.250000,0.337646,2.608696,27.988438,1.844156,22.000000,0.722892
0.250000,0.245548,1.566667,25.081519,1.878947,20.000000,0.610390
0.250000,0.150009,1.625000,24.525058,1.928571,21.000000,0.619048
0.050000,0.176222,2.090909,29.510524,1.866995,29.000000,0.676471
0.050000,0.068242,2.862069,29.489216,2.280000,51.000000,0.741071
0.050000,0.068242,2.862069,29.489216,2.280000,51.000000,0.741071
0.100000,0.000000,2.375000,29.301673,2.015054,31.000000,0.703704
0.100000,1.000000,2.000000,29.800493,1.711111,10.000000,0.666667
0.250000,1.000000,1.433333,26.475443,1.823529,17.000000,0.589041
0.071429,0.469689,2.157895,28.053507,1.549451,14.000000,0.683333
0.071429,0.026352,2.470588,28.750554,1.992063,28.000000,0.711864
0.166667,0.376633,1.956522,30.000000,1.628571,15.000000,0.661765
0.076923,0.274978,1.652174,28.807244,1.720588,17.000000,0.622951
0.125000,1.000000,1.857143,22.500000,1.535714,8.000000,0.650000
0.125000,0.477154,1.757576,29.980238,2.090909,23.000000,0.637363
0.100000,0.754688,2.625000,29.017659,1.857708,23.000000,0.724138
0.100000,1.000000,1.863636,25.597298,1.843305,27.000000,0.650794
0.100000,0.289979,1.903448,24.741978,2.655321,72.000000,0.655582
0.100000,0.022530,1.368421,29.761626,1.926108,29.000000,0.577778
0.100000,0.470720,1.588235,26.618809,1.422222,10.000000,0.613636
0.125000,0.242207,2.083333,30.000000,1.736842,20.000000,0.675676
0.076923,0.712918,4.375000,29.474097,1.897479,35.000000,0.813953
0.083333,0.049182,2.117647,29.802065,1.454545,12.000000,0.679245
0.083333,0.440580,1.369565,22.557755,2.182724,43.000000,0.577982
0.062500,1.000000,1.285714,15.602335,1.915789,20.000000,0.562500
0.045455,0.483994,2.277778,26.610694,1.714286,22.000000,0.694915
0.045455,0.630875,1.369565,22.557755,2.182724,43.000000,0.577982
0.045455,0.724063,4.153846,26.592079,2.059289,23.000000,0.805970
0.045455,0.065868,2.533333,30.000000,1.809231,26.000000,0.716981
0.125000,0.249908,3.400000,27.863822,1.392857,8.000000,0.772727
0.125000,0.794070,3.764706,28.151667,2.046667,25.000000,0.790123
0.071429,0.776410,4.066667,28.371235,2.028986,24.000000,0.802632
0.071429,0.085230,1.833333,30.000000,1.780220,14.000000,0.647059
0.083333,0.941078,2.583333,29.141896,1.606061,12.000000,0.720930
0.083333,0.646151,4.000000,24.519170,1.934641,18.000000,0.800000
0.045455,0.686695,3.857143,28.306458,2.059289,23.000000,0.794118
0.045455,0.041803,2.866667,29.097521,1.967816,30.000000,0.741379
0.250000,1.000000,2.300000,26.660624,1.511111,10.000000,0.696970
0.142857,0.019920,1.363636,30.000000,1.638889,9.000000,0.576923
0.142857,0.729817,1.875000,25.714286,1.285714,7.000000,0.652174
0.142857,0.019920,1.363636,30.000000,1.638889,9.000000,0.576923
0.142857,0.729817,1.875000,25.714286,1.285714,7.000000,0.652174
0.038462,0.463476,3.515152,26.922307,2.107563,35.000000,0.778523
0.038462,0.278908,1.400000,29.494642,1.979167,33.000000,0.583333
0.062500,0.164890,1.880000,29.297436,1.608333,16.000000,0.652778
0.058824,0.074184,1.727273,18.860278,1.889706,17.000000,0.633333
0.058824,0.623626,1.369565,24.032676,2.182724,43.000000,0.577982
0.062500,0.074184,1.727273,18.860278,1.889706,17.000000,0.633333
0.062500,0.231592,2.363636,29.824894,1.616667,16.000000,0.702703
0.071429,0.203237,3.300000,27.829626,1.941176,17.000000,0.767442
0.071429,0.527727,2.133333,24.206438,1.758242,14.000000,0.680851
0.111111,1.000000,1.275000,11.852367,1.771242,18.000000,0.560440
0.111111,0.008130,2.000000,29.278885,1.527778,9.000000,0.666667
0.071429,0.000000,1.965517,29.372412,1.985714,21.000000,0.662791
0.071429,0.494115,1.590909,22.065377,1.736264,14.000000,0.614035
0.166667,1.000000,2.250000,27.855319,1.400000,6.000000,0.692308
0.166667,1.000000,2.250000,27.855319,1.400000,6.000000,0.692308
0.142857,0.004082,1.363636,30.000000,1.638889,9.000000,0.576923
0.142857,0.004082,1.950000,28.000000,1.752381,15.000000,0.661017
0.142857,0.004082,1.461538,29.927740,1.688889,10.000000,0.593750
0.142857,0.004082,1.363636,30.000000,1.638889,9.000000,0.576923
0.142857,0.493631,2.142857,29.523511,1.464286,8.000000,0.681818
0.076923,0.766714,3.411765,29.792102,2.107563,35.000000,0.773333
0.125000,0.471697,2.000000,27.061241,2.047619,22.000000,0.666667
0.047619,0.471440,2.512195,29.109375,2.713790,64.000000,0.715278
0.047619,1.000000,1.793103,29.710582,1.980952,21.000000,0.641975
0.027778,0.417563,2.358491,29.135295,1.942857,36.000000,0.702247
0.027778,0.122531,3.666667,28.582772,2.549758,46.000000,0.785714
0.111111,0.244371,1.980000,29.680191,2.037879,33.000000,0.664430
0.111111,1.000000,1.529412,30.000000,1.618182,11.000000,0.604651
0.142857,1.000000,1.571429,29.482213,2.019763,23.000000,0.611111
0.033333,0.369042,2.964286,29.298227,2.020690,30.000000,0.747748
0.033333,0.362356,2.333333,29.161039,2.074603,36.000000,0.700000
0.050000,0.768544,1.600000,27.794625,1.800000,20.000000,0.615385
0.050000,1.000000,1.617647,28.841333,2.019763,23.000000,0.617978
0.050000,1.000000,1.451613,20.153567,1.957895,20.000000,0.592105
0.050000,0.566737,2.634921,27.793181,2.688215,55.000000,0.724891
0.111111,0.244371,1.980000,29.680191,2.037879,33.000000,0.664430
0.111111,1.000000,1.529412,30.000000,1.618182,11.000000,0.604651
0.066667,0.310484,2.160714,28.561082,1.934454,35.000000,0.683616
0.076923,1.000000,2.529412,25.124551,1.448718,13.000000,0.716667
0.076923,0.636907,2.321429,26.115535,2.083671,39.000000,0.698925
0.047619,0.070703,3.666667,28.582772,2.549758,46.000000,0.785714
0.047619,1.000000,1.793103,29.650166,1.980952,21.000000,0.641975
0.071429,0.189616,2.705882,27.059150,1.720588,17.000000,0.730159
0.032258,1.000000,1.833333,28.929319,2.023656,31.000000,0.647059
0.142857,0.139015,1.342105,29.426412,1.894737,20.000000,0.573034
0.142857,0.663448,1.800000,27.663920,1.590909,12.000000,0.642857
0.076923,0.348861,2.194444,30.000000,1.736667,25.000000,0.686957
0.250000,0.194954,3.470588,26.301600,1.580882,17.000000,0.776316
0.025000,0.163237,1.894737,28.753592,1.974359,40.000000,0.654545
0.025000,1.000000,1.878788,18.681978,2.356237,44.000000,0.652632
0.142857,1.000000,2.934426,29.069590,2.266328,53.000000,0.745833
0.025000,0.163237,1.894737,28.753592,1.974359,40.000000,0.654545
0.025000,0.354033,1.878788,18.681978,2.356237,44.000000,0.652632
0.142857,1.000000,2.934426,29.069590,2.266328,53.000000,0.745833
0.076923,1.000000,2.384615,29.733337,1.641026,13.000000,0.704545
0.076923,0.153596,1.380000,21.858614,1.931624,27.000000,0.579832
0.142857,0.919308,2.000000,22.101427,1.428571,7.000000,0.666667
0.090909,0.278364,1.344828,29.830971,1.926108,29.000000,0.573529
0.142857,0.875754,2.000000,28.687226,1.428571,7.000000,0.666667
0.076923,0.000000,2.210526,28.818489,1.461538,13.000000,0.688525
0.076923,0.336612,1.505747,25.680218,2.128461,43.000000,0.600917
0.111111,0.566766,2.066667,29.085017,1.846154,14.000000,0.673913
0.111111,0.225553,1.541667,30.000000,1.703297,14.000000,0.606557
0.034483,1.000000,1.373494,30.000000,1.937611,34.000000,0.578680
0.034483,1.000000,1.890909,25.919727,1.906404,29.000000,0.654088
0.166667,1.000000,2.866667,29.097521,1.967816,30.000000,0.741379
0.166667,0.774712,4.333333,25.655061,1.133333,6.000000,0.812500
0.040000,0.116990,3.666667,28.419188,1.726667,25.000000,0.785714
0.040000,1.000000,1.890909,25.919727,1.906404,29.000000,0.654088
0.250000,1.000000,2.666667,30.000000,1.802372,23.000000,0.727273
0.068966,0.758436,2.035714,28.913215,1.916221,34.000000,0.670588
0.068966,1.000000,1.890909,25.919727,1.906404,29.000000,0.654088
0.125000,0.797597,1.600000,28.103341,1.800000,20.000000,0.615385
0.125000,1.000000,1.700000,15.386977,1.392857,8.000000,0.629630
0.200000,0.008264,2.325581,29.553550,1.931183,31.000000,0.699301
0.125000,0.484450,3.666667,28.582772,2.549758,46.000000,0.785714
0.125000,1.000000,1.700000,24.172754,1.392857,8.000000,0.629630
0.090909,0.275480,1.617647,28.986157,1.763158,20.000000,0.617978
0.125000,0.043912,1.730769,30.000000,1.705882,18.000000,0.633803
0.125000,0.728198,1.875000,22.279869,1.464286,8.000000,0.652174
0.125000,0.626573,8.500000,30.000000,1.428571,8.000000,0.894737
0.125000,0.065457,1.234043,29.584982,1.871429,21.000000,0.552381
0.090909,0.535774,1.533333,25.358801,1.581818,11.000000,0.605263
0.090909,0.415732,1.750000,29.759821,1.727273,22.000000,0.636364
0.125000,0.717307,2.851852,28.995989,1.735931,22.000000,0.740385
0.250000,0.117150,1.606061,29.987898,1.736842,19.000000,0.616279
0.071429,1.000000,1.521739,9.146396,1.615385,14.000000,0.603448
0.071429,0.012448,1.533333,28.483027,1.609524,15.000000,0.605263
0.071429,1.000000,1.521739,9.146396,1.615385,14.000000,0.603448
0.071429,0.171990,1.234043,29.850955,1.871429,21.000000,0.552381
0.055556,0.356238,1.592593,29.667494,1.915033,18.000000,0.614286
0.055556,1.000000,1.592593,29.667494,1.915033,18.000000,0.614286
0.142857,0.699131,1.500000,10.664859,1.723810,15.000000,0.600000
0.076923,0.717521,1.473684,26.125533,1.743590,13.000000,0.595745
0.076923,0.025550,3.923077,28.690674,2.568627,52.000000,0.796875
0.100000,0.061598,5.500000,27.000000,1.511111,10.000000,0.846154
0.071429,0.136535,6.200000,26.515576,2.010989,14.000000,0.861111
0.250000,0.681938,3.384615,30.000000,2.549758,46.000000,0.771930
0.076923,0.717521,1.473684,26.125533,1.743590,13.000000,0.595745
0.076923,0.028033,3.923077,28.690674,2.568627,52.000000,0.796875
0.250000,0.031803,3.384615,30.000000,2.549758,46.000000,0.771930
0.100000,0.110311,1.826087,29.739621,1.683333,16.000000,0.646154
0.100000,0.368449,1.727273,18.860278,1.889706,17.000000,0.633333
0.142857,0.179304,2.047619,30.000000,1.527473,14.000000,0.671875
0.142857,0.102719,1.737500,28.468731,1.872372,37.000000,0.634703
0.250000,1.000000,4.333333,30.000000,1.380952,7.000000,0.812500
0.250000,0.941719,4.333333,30.000000,1.380952,7.000000,0.812500
0.100000,0.012658,1.357143,30.000000,1.688889,10.000000,0.575758
0.100000,1.000000,1.909091,28.893937,1.533333,10.000000,0.656250
0.090909,0.661380,3.111111,24.924489,1.696970,12.000000,0.756757
0.111111,0.079070,2.363636,29.496745,1.277778,9.000000,0.702703
0.055556,0.105615,1.686567,20.488238,1.977477,37.000000,0.627778
0.083333,0.698459,1.540541,25.588158,1.748538,19.000000,0.606383
0.083333,0.006354,1.625000,22.149742,1.606061,12.000000,0.619048
0.090909,1.000000,4.473684,28.756495,1.886040,27.000000,0.817308
0.050000,0.057282,1.586207,30.000000,1.757895,20.000000,0.613333
0.066667,0.805905,1.521739,27.339213,1.666667,15.000000,0.603448
0.050000,0.057282,1.586207,30.000000,1.757895,20.000000,0.613333
0.055556,1.000000,1.765957,18.117906,1.806268,27.000000,0.638462
0.066667,0.000757,1.880000,30.000000,1.859649,19.000000,0.652778
0.076923,0.157946,1.880000,22.130143,1.859649,19.000000,0.652778
0.076923,1.000000,2.066667,25.724751,1.602564,13.000000,0.673913
0.029412,0.478476,1.335570,28.790840,2.152338,52.000000,0.571839
0.029412,0.011727,2.204082,23.787096,2.040998,34.000000,0.687898
0.166667,0.480378,1.326667,29.128871,2.152338,52.000000,0.570201
0.166667,0.004255,4.000000,30.000000,1.466667,6.000000,0.800000
0.166667,0.084895,1.758621,28.644516,1.745098,18.000000,0.637500
0.166667,0.006643,1.641026,30.000000,1.844156,22.000000,0.621359
0.166667,0.006643,1.641026,30.000000,1.844156,22.000000,0.621359
0.100000,0.480504,2.310345,30.000000,1.680952,21.000000,0.697917
0.166667,0.711046,8.000000,29.924245,1.466667,6.000000,0.888889
0.142857,0.197364,5.333333,26.072474,1.238095,7.000000,0.842105
0.076923,0.055492,2.210526,29.434883,1.461538,13.000000,0.688525
0.076923,0.167048,1.933333,25.949952,2.134300,46.000000,0.659091
0.200000,0.224792,1.875000,25.714286,1.285714,7.000000,0.652174
0.142857,0.233766,1.222222,21.181022,1.523810,7.000000,0.550000
0.142857,1.000000,1.625000,26.593317,1.535714,8.000000,0.619048
0.125000,1.000000,1.857143,13.425588,1.535714,8.000000,0.650000
0.250000,0.221457,1.961538,29.127267,2.162162,37.000000,0.662338
0.083333,1.000000,3.111111,24.924489,1.696970,12.000000,0.756757
0.083333,0.043574,2.291667,29.642483,1.639706,17.000000,0.696203
0.090909,0.479082,1.432432,27.297631,2.049787,38.000000,0.588889
0.090909,1.000000,1.478873,24.315760,2.021021,37.000000,0.596591
0.111111,0.840587,1.500000,26.596534,1.577778,10.000000,0.600000
0.071429,0.075140,1.533333,29.479930,1.609524,15.000000,0.605263
0.071429,1.000000,1.521739,17.980075,1.615385,14.000000,0.603448
0.142857,1.000000,1.954545,30.000000,1.527473,14.000000,0.661538
0.076923,0.945328,1.421053,27.767976,1.669118,17.000000,0.586957
0.200000,0.341449,1.857143,27.847392,1.847619,21.000000,0.650000
0.062500,0.288605,2.500000,26.528024,1.766667,16.000000,0.714286
0.062500,0.510297,2.916667,29.689180,1.897059,17.000000,0.744681
0.076923,0.334713,2.558824,28.264014,1.699275,24.000000,0.719008
0.071429,0.008621,1.414634,30.000000,1.871429,21.000000,0.585859
0.071429,1.000000,1.521739,17.980075,1.615385,14.000000,0.603448
0.166667,0.619909,1.181818,27.947257,1.919048,21.000000,0.541667
0.166667,0.619909,1.181818,27.947257,1.919048,21.000000,0.541667
0.035714,0.237392,2.763158,27.840910,1.806878,28.000000,0.734266
0.035714,0.012876,3.735294,28.918092,1.737634,31.000000,0.788820
0.166667,0.052133,1.800000,22.308050,1.400000,6.000000,0.642857
0.166667,0.751384,1.600000,21.564284,1.866667,16.000000,0.615385
0.062500,0.659927,1.222222,29.564231,1.894737,20.000000,0.550000
0.071429,0.751384,1.600000,21.564284,1.866667,16.000000,0.615385
0.071429,0.012987,3.777778,30.000000,1.626374,14.000000,0.790698
0.090909,0.020702,3.690476,28.679666,2.600145,53.000000,0.786802
0.090909,0.076873,1.400000,29.833284,1.743590,13.000000,0.583333
0.250000,0.020702,3.690476,28.679666,2.600145,53.000000,0.786802
0.090909,0.020702,3.690476,28.679666,2.600145,53.000000,0.786802
0.090909,0.076873,1.400000,29.833284,1.743590,13.000000,0.583333
0.250000,0.020702,3.690476,28.679666,2.600145,53.000000,0.786802
0.038462,0.826545,1.686567,19.440854,1.977477,37.000000,0.627778
0.038462,0.275899,1.521739,30.000000,1.950769,26.000000,0.603448
0.250000,0.559244,1.720000,28.646515,1.718954,18.000000,0.632353
0.090909,0.857301,1.671233,20.352774,2.043590,40.000000,0.625641
0.090909,0.103878,2.500000,29.527460,1.490909,11.000000,0.714286
0.250000,0.826545,1.686567,19.440854,1.977477,37.000000,0.627778
0.052632,0.823248,1.640000,23.828475,2.060976,41.000000,0.621212
0.200000,1.000000,2.111111,30.000000,1.577778,10.000000,0.678571
0.090909,0.038590,1.586207,30.000000,1.757895,20.000000,0.613333
0.090909,0.048992,1.122449,27.897712,1.894737,20.000000,0.528846
0.090909,0.038590,1.586207,30.000000,1.757895,20.000000,0.613333
0.166667,0.008772,1.833333,25.000000,1.266667,6.000000,0.647059
0.166667,0.008772,1.833333,25.000000,1.266667,6.000000,0.647059
0.066667,0.569180,1.636364,28.571429,1.871429,21.000000,0.620690
0.200000,0.351880,1.428571,30.000000,1.950769,26.000000,0.588235
0.052632,0.600320,1.571429,24.673608,1.883041,19.000000,0.611111
0.052632,0.336071,5.352941,28.917025,1.710000,25.000000,0.842593
0.125000,0.513258,4.111111,27.917356,1.525641,13.000000,0.804348
0.200000,0.003617,2.053571,30.000000,2.107937,36.000000,0.672515
0.200000,0.003617,2.053571,30.000000,2.107937,36.000000,0.672515
0.200000,0.003617,2.053571,30.000000,2.107937,36.000000,0.672515
0.200000,0.957416,1.606061,30.000000,1.789474,19.000000,0.616279
0.043478,0.186714,2.181818,27.269683,2.259213,70.000000,0.685714
0.043478,0.936199,1.558140,30.000000,1.845850,23.000000,0.609091
0.250000,0.753795,1.807229,29.605020,2.009292,42.000000,0.643777
0.043478,0.086331,2.181818,27.269683,2.259213,70.000000,0.685714
0.043478,0.936199,1.558140,30.000000,1.845850,23.000000,0.609091
0.043478,0.086331,2.181818,27.269683,2.259213,70.000000,0.685714
0.043478,0.936199,1.558140,30.000000,1.845850,23.000000,0.609091
0.043478,0.936199,1.558140,30.000000,1.845850,23.000000,0.609091
0.043478,0.186714,2.181818,27.269683,2.259213,70.000000,0.685714
0.045455,0.936382,1.641026,29.847563,1.844156,22.000000,0.621359
0.045455,0.936382,1.641026,29.847563,1.844156,22.000000,0.621359
0.200000,0.957416,1.606061,30.000000,1.789474,19.000000,0.616279
0.090909,0.797264,1.495327,28.320523,2.087879,45.000000,0.599251
0.090909,1.000000,1.636364,27.551020,1.781818,11.000000,0.620690
0.200000,0.158607,2.139535,29.817795,1.866995,29.000000,0.681481
0.090909,1.000000,1.636364,27.551020,1.781818,11.000000,0.620690
0.090909,0.797264,1.495327,28.320523,2.087879,45.000000,0.599251
0.250000,1.000000,1.636364,25.993706,1.781818,11.000000,0.620690
0.250000,1.000000,1.636364,25.993706,1.781818,11.000000,0.620690
0.111111,0.477268,2.265306,29.561153,2.020168,35.000000,0.693750
0.035714,0.290503,2.108696,29.777005,1.961290,31.000000,0.678322
0.035714,0.365250,2.204082,23.787096,2.040998,34.000000,0.687898
0.125000,1.000000,1.888889,27.795511,1.392857,8.000000,0.653846
0.125000,1.000000,1.666667,21.489655,1.994302,27.000000,0.625000
0.045455,1.000000,1.600000,21.787418,1.688312,22.000000,0.615385
0.045455,0.140588,2.282609,29.182890,1.947581,32.000000,0.695364
0.166667,0.012048,1.681818,26.714947,1.845588,17.000000,0.627119
0.045455,0.911039,4.242424,29.938011,1.897479,35.000000,0.809249
0.076923,0.531025,1.440678,21.074401,1.828042,28.000000,0.590278
0.076923,0.117351,1.812500,28.867258,1.628205,13.000000,0.644444
0.035714,0.531025,1.440678,21.074401,1.828042,28.000000,0.590278
0.035714,0.595112,1.326667,29.658611,2.152338,52.000000,0.570201
0.166667,1.000000,1.750000,20.000000,1.533333,6.000000,0.636364
0.166667,0.235751,8.000000,27.990543,1.877193,19.000000,0.888889
0.111111,0.518898,2.428571,29.614820,1.527778,9.000000,0.708333
0.166667,1.000000,1.750000,20.000000,1.533333,6.000000,0.636364
0.166667,0.235751,8.000000,27.990543,1.877193,19.000000,0.888889
0.166667,1.000000,1.750000,20.000000,1.533333,6.000000,0.636364
0.166667,0.235751,8.000000,27.990543,1.877193,19.000000,0.888889
0.050000,0.029719,4.814815,28.398950,1.878788,33.000000,0.828025
0.050000,1.000000,1.285714,15.602335,1.915789,20.000000,0.562500
0.125000,0.019032,2.400000,28.690482,1.361111,9.000000,0.705882
0.125000,0.008561,4.653846,28.731219,1.889113,32.000000,0.823129
0.076923,0.531025,1.440678,21.074401,1.828042,28.000000,0.590278
0.076923,0.038287,2.210526,29.563397,1.461538,13.000000,0.688525
0.200000,0.846292,3.400000,28.923618,1.583333,9.000000,0.772727
0.035714,0.117896,1.774436,25.467598,2.324859,60.000000,0.639566
0.035714,0.187577,2.923077,29.007251,1.780423,28.000000,0.745098
0.062500,0.535993,1.700000,23.707230,1.625000,17.000000,0.629630
0.062500,0.535993,1.700000,23.707230,1.625000,17.000000,0.629630
0.125000,1.000000,1.857143,29.962122,1.606061,12.000000,0.650000
0.062500,0.535993,1.700000,23.707230,1.625000,17.000000,0.629630
0.062500,0.535993,1.700000,23.707230,1.625000,17.000000,0.629630
0.062500,0.535993,1.700000,23.707230,1.625000,17.000000,0.629630
0.090909,0.793750,1.495327,28.320523,2.087879,45.000000,0.599251
0.062500,0.379707,2.066667,29.872936,1.908046,30.000000,0.673913
0.062500,0.470875,1.826087,29.540843,1.683333,16.000000,0.646154
0.066667,0.533579,2.555556,29.211139,1.720588,17.000000,0.718750
0.181818,0.025355,2.300000,28.215374,1.866995,29.000000,0.696970
0.181818,0.542770,3.333333,30.000000,1.285714,8.000000,0.769231
0.100000,0.008696,1.550000,30.000000,1.311111,10.000000,0.607843
0.100000,0.094511,1.368421,22.805373,2.051383,23.000000,0.577778
0.142857,0.611415,2.375000,24.738017,1.095238,7.000000,0.703704
0.142857,0.491704,1.545455,30.000000,1.190476,7.000000,0.607143
0.142857,0.307196,2.687500,29.147480,1.778656,23.000000,0.728814
0.076923,0.083663,1.395833,23.890460,1.893314,38.000000,0.582609
0.076923,1.000000,2.058824,30.000000,1.551282,13.000000,0.673077
0.166667,0.933624,2.857143,30.000000,1.666667,10.000000,0.740741
0.090909,0.083663,1.395833,23.890460,1.893314,38.000000,0.582609
0.090909,0.435002,2.500000,30.000000,1.490909,11.000000,0.714286
0.027027,0.028852,1.337079,29.149504,2.010511,37.000000,0.572115
0.027027,0.083663,1.395833,23.890460,1.893314,38.000000,0.582609
0.125000,0.861802,3.000000,28.245568,1.818182,12.000000,0.750000
0.166667,0.833825,1.659091,18.242121,1.883077,26.000000,0.623932
0.071429,1.000000,2.047619,13.050823,1.527473,14.000000,0.671875
0.071429,0.622287,1.407407,29.043227,1.937611,34.000000,0.584615
0.111111,1.000000,9.000000,30.000000,1.555556,9.000000,0.900000
0.037037,1.000000,1.765957,18.117906,1.806268,27.000000,0.638462
0.037037,0.516302,1.500000,30.000000,1.929435,32.000000,0.600000
0.142857,0.300293,3.433333,29.454746,1.738462,26.000000,0.774436
0.142857,1.000000,1.527778,30.000000,1.736842,20.000000,0.604396
0.125000,1.000000,2.222222,14.987290,1.500000,9.000000,0.689655
0.125000,0.723597,2.923077,28.704615,2.142857,28.000000,0.745098
0.166667,0.443599,2.500000,19.152237,1.672727,11.000000,0.714286
0.090909,1.000000,3.551724,28.968268,1.738462,26.000000,0.780303
0.142857,1.000000,2.736842,29.845701,1.792023,27.000000,0.732394
0.142857,0.012766,1.555556,29.072852,1.333333,7.000000,0.608696
0.142857,0.699166,1.545455,26.250000,1.392857,8.000000,0.607143
0.111111,0.626406,1.800000,28.923618,1.500000,9.000000,0.642857
0.111111,0.597625,1.380000,21.858614,1.931624,27.000000,0.579832
0.200000,0.338235,2.333333,26.101782,1.300000,5.000000,0.700000
0.076923,0.511030,3.100000,27.703093,1.717949,13.000000,0.756098
0.050000,0.028692,1.181818,22.534737,1.919048,21.000000,0.541667
0.050000,0.028692,1.181818,22.534737,1.919048,21.000000,0.541667
0.166667,1.000000,1.866667,21.226600,1.743590,13.000000,0.651163
0.045455,1.000000,1.600000,21.787418,1.688312,22.000000,0.615385
0.045455,1.000000,1.600000,21.787418,1.688312,22.000000,0.615385
0.045455,1.000000,1.600000,21.787418,1.688312,22.000000,0.615385
0.045455,1.000000,1.600000,21.787418,1.688312,22.000000,0.615385
0.045455,1.000000,1.600000,21.787418,1.688312,22.000000,0.615385
0.200000,0.000000,2.000000,30.000000,1.200000,5.000000,0.666667
0.071429,0.157813,1.619048,25.719871,1.252747,14.000000,0.618182
0.071429,0.391593,1.770833,29.181226,1.954023,30.000000,0.639098
0.125000,0.152448,2.333333,30.000000,1.863636,12.000000,0.700000
0.125000,0.410450,2.318182,20.939373,2.087719,19.000000,0.698630
0.125000,0.152448,2.333333,30.000000,1.863636,12.000000,0.700000
0.125000,0.152448,2.333333,30.000000,1.863636,12.000000,0.700000
0.125000,0.284355,2.318182,20.939373,2.087719,19.000000,0.698630
0.125000,0.081617,2.833333,25.099166,1.527778,9.000000,0.739130
0.250000,0.920637,1.659091,18.242121,1.883077,26.000000,0.623932
0.200000,1.000000,2.666667,30.000000,1.200000,5.000000,0.727273
0.027027,0.008403,1.449438,28.954443,1.995733,38.000000,0.591743
0.027027,0.008727,1.710526,29.523547,2.054264,43.000000,0.631068
0.066667,0.007118,1.608696,22.071283,1.647619,15.000000,0.616667
0.076923,1.000000,2.027027,30.000000,1.774704,23.000000,0.669643
0.062500,0.329468,2.000000,17.482698,1.683333,16.000000,0.666667
0.027027,0.008727,1.710526,29.523547,2.054264,43.000000,0.631068
0.027027,0.129846,2.215385,29.873870,2.104040,45.000000,0.688995
0.222222,0.839930,2.000000,29.081685,1.357143,8.000000,0.666667
0.045455,1.000000,1.903448,24.741978,2.655321,72.000000,0.655582
0.071429,0.819041,2.500000,26.097106,1.741667,16.000000,0.714286
0.076923,0.046776,1.388350,26.257755,1.886640,39.000000,0.581301
0.026316,0.046776,1.388350,26.257755,1.886640,39.000000,0.581301
0.026316,0.136891,1.387097,28.702778,1.995733,38.000000,0.581081
0.250000,0.009951,1.400000,25.424916,1.961905,21.000000,0.583333
0.250000,0.244544,1.500000,25.548441,1.816176,17.000000,0.600000
0.250000,0.301205,2.000000,25.751404,1.333333,4.000000,0.666667
0.142857,0.587773,2.129630,29.563014,2.107937,36.000000,0.680473
0.142857,1.000000,2.129630,29.563014,2.107937,36.000000,0.680473
0.142857,0.587773,2.129630,29.563014,2.107937,36.000000,0.680473
0.055556,0.420916,1.655172,30.000000,1.764706,18.000000,0.623377
0.055556,1.000000,1.392857,17.142857,1.835979,28.000000,0.582090
0.035714,0.004329,1.949153,29.426567,1.988889,36.000000,0.660920
0.035714,1.000000,1.392857,17.142857,1.835979,28.000000,0.582090
0.250000,0.907400,1.703704,27.062557,1.616667,16.000000,0.630137
0.125000,1.000000,3.250000,30.000000,1.607143,8.000000,0.764706
0.125000,0.338048,2.312500,30.000000,1.691667,16.000000,0.698113
0.043478,0.004329,1.711111,29.905669,1.770751,23.000000,0.631148
0.043478,1.000000,1.392857,17.142857,1.835979,28.000000,0.582090
0.090909,1.000000,1.392857,17.142857,1.835979,28.000000,0.582090
0.055556,0.420916,1.655172,30.000000,1.764706,18.000000,0.623377
0.055556,1.000000,1.392857,17.142857,1.835979,28.000000,0.582090
0.035714,0.007647,1.481928,28.752853,1.841355,34.000000,0.597087
0.035714,1.000000,1.392857,17.142857,1.835979,28.000000,0.582090
0.076923,0.173988,1.710526,29.587784,2.054264,43.000000,0.631068
0.076923,0.295670,2.076923,27.692308,1.794872,13.000000,0.675000
0.076923,0.173988,1.710526,29.587784,2.054264,43.000000,0.631068
0.076923,0.295670,2.076923,27.692308,1.794872,13.000000,0.675000
0.043478,0.066750,1.679487,29.347023,2.077167,44.000000,0.626794
0.043478,0.231986,1.282609,29.404398,1.928854,23.000000,0.561905
0.043478,0.066750,1.679487,29.347023,2.077167,44.000000,0.626794
0.043478,0.231986,1.282609,29.404398,1.928854,23.000000,0.561905
0.200000,1.000000,1.750000,30.000000,1.300000,5.000000,0.636364
0.200000,0.385843,2.100000,30.000000,1.863636,12.000000,0.677419
0.200000,0.385843,2.100000,30.000000,1.863636,12.000000,0.677419
0.200000,1.000000,1.750000,30.000000,1.300000,5.000000,0.636364
0.043478,0.231986,1.282609,29.404398,1.928854,23.000000,0.561905
0.043478,0.066750,1.679487,29.347023,2.077167,44.000000,0.626794
0.043478,0.231986,1.282609,29.404398,1.928854,23.000000,0.561905
0.043478,0.066750,1.679487,29.347023,2.077167,44.000000,0.626794
0.200000,0.385843,2.100000,30.000000,1.863636,12.000000,0.677419
0.200000,1.000000,1.750000,30.000000,1.300000,5.000000,0.636364
0.083333,0.373259,1.733333,24.934566,1.606061,12.000000,0.634146
0.100000,0.988922,2.000000,27.553189,1.688889,10.000000,0.666667
0.100000,0.138269,1.140000,29.784319,1.933333,21.000000,0.532710
0.125000,0.412163,1.625000,29.459164,1.606061,12.000000,0.619048
0.125000,0.008621,1.750000,22.500000,1.500000,8.000000,0.636364
0.125000,0.091270,12.000000,26.844522,1.607143,8.000000,0.923077
0.125000,0.289066,1.353293,28.255213,2.161688,56.000000,0.575064
0.026316,0.369438,1.471014,29.764287,2.101224,50.000000,0.595308
0.026316,0.389562,3.317073,29.049660,1.941679,38.000000,0.768362
0.111111,0.236587,2.222222,30.000000,1.444444,9.000000,0.689655
0.111111,0.771786,1.588235,26.458879,1.250000,9.000000,0.613636
0.100000,1.000000,1.842857,30.000000,2.030197,42.000000,0.648241
0.100000,1.000000,2.428571,20.341333,1.755556,10.000000,0.708333
0.100000,0.110338,1.842857,30.000000,2.030197,42.000000,0.648241
0.100000,1.000000,2.428571,20.341333,1.755556,10.000000,0.708333
0.125000,1.000000,2.090909,30.000000,1.705128,13.000000,0.676471
0.125000,0.305182,1.888889,26.250000,1.428571,8.000000,0.653846
0.071429,0.239139,3.238095,29.379944,1.941679,38.000000,0.764045
0.071429,0.020919,3.500000,28.462214,1.945055,14.000000,0.777778
0.071429,0.571933,2.868421,29.038272,1.700855,27.000000,0.741497
0.071429,0.054864,1.303030,27.789299,1.891738,27.000000,0.565789
0.200000,0.781481,2.333333,26.101782,1.300000,5.000000,0.700000
0.200000,0.781481,2.333333,26.101782,1.300000,5.000000,0.700000
0.076923,0.113746,2.183824,29.784054,2.232998,71.000000,0.685912
0.076923,0.113746,2.183824,29.784054,2.232998,71.000000,0.685912
0.071429,0.345212,1.600000,29.776432,1.648352,14.000000,0.615385
0.071429,1.000000,2.111111,22.950411,1.897059,17.000000,0.678571
0.200000,0.004292,1.571429,25.000000,1.266667,6.000000,0.611111
0.166667,0.999999,2.200000,30.000000,1.266667,6.000000,0.687500
0.166667,0.999999,2.200000,30.000000,1.266667,6.000000,0.687500
0.066667,1.000000,1.281250,30.000000,1.657143,15.000000,0.561644
0.200000,0.438826,2.224490,29.349324,2.090090,37.000000,0.689873
0.200000,0.793475,2.333333,24.000000,1.300000,5.000000,0.700000
0.058824,0.226729,2.526316,28.294118,1.698529,17.000000,0.716418
0.142857,0.672387,2.217391,29.907556,1.928854,23.000000,0.689189
0.142857,0.077035,2.500000,25.096870,1.913420,22.000000,0.714286
0.111111,0.040359,1.666667,22.005395,1.583333,9.000000,0.625000
0.100000,0.004255,3.250000,26.241190,1.422222,10.000000,0.764706
0.090909,0.754352,1.342105,29.662345,1.784314,18.000000,0.573034
0.090909,0.021627,1.353535,28.067939,1.893314,38.000000,0.575107
0.111111,0.429272,1.571429,30.000000,1.661765,17.000000,0.611111
0.071429,0.137742,1.745098,28.293778,1.959140,31.000000,0.635714
0.071429,1.000000,1.545455,28.239653,1.252747,14.000000,0.607143
0.250000,0.118677,1.545455,29.649787,1.392857,8.000000,0.607143
0.071429,1.000000,1.714286,30.000000,1.472527,14.000000,0.631579
0.071429,0.896961,1.655172,24.137600,1.764706,18.000000,0.623377
0.071429,0.762562,1.655172,24.137600,1.764706,18.000000,0.623377
0.071429,1.000000,1.714286,30.000000,1.472527,14.000000,0.631579
0.058824,0.526505,1.740741,30.000000,1.683824,17.000000,0.635135
0.058824,0.989726,2.250000,27.329479,1.735294,17.000000,0.692308
0.200000,0.989726,2.250000,27.329479,1.735294,17.000000,0.692308
0.111111,0.183787,3.166667,25.576593,1.472222,9.000000,0.760000
0.200000,0.405867,2.200000,30.000000,1.476190,7.000000,0.687500
0.076923,0.698447,1.838710,29.164699,1.992929,45.000000,0.647727
0.090909,0.225326,2.176471,20.624341,1.742857,15.000000,0.685185
0.050000,1.000000,1.538462,29.806325,2.092929,45.000000,0.606061
0.100000,0.214114,2.555556,28.232566,1.488889,10.000000,0.718750
0.041667,0.341168,1.739130,29.155131,1.753623,24.000000,0.634921
0.062500,0.316202,2.050000,30.000000,1.950000,16.000000,0.672131
0.062500,0.074083,2.050000,30.000000,1.950000,16.000000,0.672131
0.062500,0.316202,2.050000,30.000000,1.950000,16.000000,0.672131
0.250000,0.133535,1.272727,30.000000,1.870370,28.000000,0.560000
0.166667,1.000000,1.555556,27.805766,1.333333,7.000000,0.608696
0.045455,0.025259,1.283582,29.129523,1.891626,29.000000,0.562092
0.200000,0.721023,1.896104,29.984184,2.029036,42.000000,0.654709
0.200000,0.721023,1.896104,29.984184,2.029036,42.000000,0.654709
0.200000,0.788318,1.896104,29.984184,2.029036,42.000000,0.654709
0.200000,0.721023,1.896104,29.984184,2.029036,42.000000,0.654709
0.166667,0.785679,1.636364,30.000000,1.500000,9.000000,0.620690
0.066667,0.517730,1.750000,20.452144,1.801170,19.000000,0.636364
0.200000,0.012552,1.866667,29.939784,1.621212,12.000000,0.651163
0.090909,0.149542,3.333333,21.909091,1.836364,11.000000,0.769231
0.090909,0.096549,3.583333,26.848751,1.733333,16.000000,0.781818
0.100000,0.552472,4.000000,27.299760,1.733333,10.000000,0.800000
0.100000,0.337501,3.600000,30.000000,1.901099,14.000000,0.782609
0.062500,0.042718,2.050000,28.797717,1.950000,16.000000,0.672131
0.100000,0.552472,4.000000,27.299760,1.733333,10.000000,0.800000
0.100000,0.331276,3.600000,30.000000,1.901099,14.000000,0.782609
0.062500,0.042718,2.050000,28.797717,1.950000,16.000000,0.672131
0.200000,1.000000,3.000000,24.388670,1.818182,12.000000,0.750000
0.062500,0.521518,2.050000,28.797717,1.950000,16.000000,0.672131
0.111111,0.176471,1.636364,16.817939,1.500000,9.000000,0.620690
0.055556,0.043851,1.245283,29.272278,1.900433,22.000000,0.554622
0.100000,0.552472,4.000000,27.299760,1.733333,10.000000,0.800000
0.100000,0.331276,3.600000,30.000000,1.901099,14.000000,0.782609
0.111111,1.000000,1.571429,23.570448,1.636364,11.000000,0.611111
0.043478,0.279186,2.233333,27.724497,1.932806,23.000000,0.690722
0.043478,0.224563,1.983193,28.459566,2.232028,59.000000,0.664789
0.100000,0.046486,4.000000,30.000000,1.657143,21.000000,0.800000
0.043478,0.279186,2.233333,27.724497,1.932806,23.000000,0.690722
0.043478,1.000000,1.983193,28.459566,2.232028,59.000000,0.664789
0.166667,0.350231,1.626866,8.323085,2.026984,36.000000,0.619318
0.142857,0.097705,1.368421,22.805373,2.051383,23.000000,0.577778
0.142857,0.057318,2.200000,30.000000,1.511111,10.000000,0.687500
0.166667,0.130924,1.800000,29.774685,1.400000,6.000000,0.642857
0.071429,0.312992,1.492308,24.095124,1.822989,30.000000,0.598765
0.076923,1.000000,1.625000,26.868661,1.780952,21.000000,0.619048
0.071429,0.059626,2.157895,24.891502,1.915033,18.000000,0.683333
0.076923,0.681573,1.528846,29.025839,2.077167,44.000000,0.604563
0.076923,0.681573,1.528846,29.025839,2.077167,44.000000,0.604563
0.035714,0.823117,2.906250,29.786733,1.957672,28.000000,0.744000
0.035714,0.287653,1.353293,28.255213,2.161688,56.000000,0.575064
0.125000,1.000000,1.833333,30.000000,1.780220,14.000000,0.647059
0.125000,1.000000,1.833333,30.000000,1.780220,14.000000,0.647059
0.200000,1.000000,2.750000,30.000000,1.266667,6.000000,0.733333
0.206897,1.000000,1.706897,12.819050,1.984874,35.000000,0.630573
0.206897,1.000000,1.264706,29.300798,1.891626,29.000000,0.558442
0.250000,1.000000,6.000000,17.053651,1.000000,4.000000,0.857143
0.250000,1.000000,1.136364,25.874726,1.880000,25.000000,0.531915
0.058824,0.379452,2.043478,28.279765,1.654412,17.000000,0.671429
0.058824,1.000000,1.136364,25.874726,1.880000,25.000000,0.531915
0.040000,0.931526,2.179104,30.000000,2.029036,42.000000,0.685446
0.040000,1.000000,1.136364,25.874726,1.880000,25.000000,0.531915
0.040000,0.931526,2.179104,30.000000,2.029036,42.000000,0.685446
0.040000,1.000000,1.136364,25.874726,1.880000,25.000000,0.531915
0.032258,0.819162,1.220779,29.081857,2.000000,31.000000,0.549708
0.032258,0.157977,3.070588,29.600000,2.697297,75.000000,0.754335
0.040000,0.051710,1.514925,29.421481,2.101224,50.000000,0.602374
0.040000,1.000000,1.136364,25.874726,1.880000,25.000000,0.531915
0.040000,0.931526,2.179104,30.000000,2.029036,42.000000,0.685446
0.040000,1.000000,1.136364,25.874726,1.880000,25.000000,0.531915
0.040000,0.931526,2.179104,30.000000,2.029036,42.000000,0.685446
0.040000,1.000000,1.136364,25.874726,1.880000,25.000000,0.531915
0.142857,0.830244,1.283582,26.512118,1.891738,27.000000,0.562092
0.090909,0.664374,1.810000,28.549166,2.090426,48.000000,0.644128
0.166667,0.377469,2.157895,25.895272,1.915033,18.000000,0.683333
0.083333,0.535125,2.700000,29.350725,1.590909,12.000000,0.729730
0.083333,0.201118,3.333333,26.000000,1.857143,15.000000,0.769231
0.166667,0.201118,3.333333,26.000000,1.857143,15.000000,0.769231
0.083333,0.535125,2.700000,29.350725,1.590909,12.000000,0.729730
0.083333,0.201118,3.333333,26.000000,1.857143,15.000000,0.769231
0.166667,0.201118,3.333333,26.000000,1.857143,15.000000,0.769231
0.083333,1.000000,1.454545,22.133627,1.934046,34.000000,0.592593
0.076923,1.000000,1.432432,27.297631,2.049787,38.000000,0.588889
0.111111,1.000000,1.692308,17.672357,1.388889,9.000000,0.628571
0.111111,1.000000,2.333333,26.649317,1.618182,11.000000,0.700000
0.045455,0.118111,3.000000,30.000000,1.805195,22.000000,0.750000
0.045455,0.853617,1.400000,17.135522,1.832512,29.000000,0.583333
0.142857,0.384221,1.827586,29.489153,1.679739,18.000000,0.646341
0.142857,0.039676,1.500000,26.467820,1.714286,7.000000,0.600000
0.111111,0.008264,2.318182,24.883730,1.826316,20.000000,0.698630
0.034483,0.111195,1.826087,29.243583,1.988620,38.000000,0.646154
0.034483,0.853617,1.400000,17.135522,1.832512,29.000000,0.583333
0.200000,0.008264,2.333333,27.106499,1.300000,5.000000,0.700000
0.043478,0.853617,1.400000,17.135522,1.832512,29.000000,0.583333
0.100000,0.853617,1.400000,17.135522,1.832512,29.000000,0.583333
0.100000,0.175460,1.933333,30.000000,1.355556,10.000000,0.659091
0.045455,0.118111,3.000000,30.000000,1.805195,22.000000,0.750000
0.045455,0.853617,1.400000,17.135522,1.832512,29.000000,0.583333
0.034483,0.853617,1.400000,17.135522,1.832512,29.000000,0.583333
0.034483,0.060991,1.500000,29.929095,1.835294,35.000000,0.600000
0.062500,0.276442,1.466667,29.776529,2.006748,39.000000,0.594595
0.250000,1.000000,1.846154,30.000000,1.636364,12.000000,0.648649
0.062500,1.000000,1.744186,30.000000,1.753247,22.000000,0.635593
0.111111,0.299559,2.014493,30.000000,2.130488,41.000000,0.668269
0.076923,0.039911,2.183673,30.000000,2.298596,76.000000,0.685897
0.111111,0.299559,2.014493,30.000000,2.130488,41.000000,0.668269
0.111111,0.299559,2.014493,30.000000,2.130488,41.000000,0.668269
0.076923,0.039911,2.183673,30.000000,2.298596,76.000000,0.685897
0.250000,0.033175,2.168919,29.709441,2.298596,76.000000,0.684435
0.250000,0.033175,2.168919,29.709441,2.298596,76.000000,0.684435
0.142857,0.047346,2.767442,27.854650,2.011765,35.000000,0.734568
0.142857,0.409625,1.793103,26.022994,1.992754,24.000000,0.641975
0.142857,0.000000,1.442623,28.941227,1.910345,30.000000,0.590604
0.200000,0.017685,2.000000,30.000000,2.148394,43.000000,0.666667
0.111111,0.094454,1.875000,22.265751,1.666667,9.000000,0.652174
0.200000,0.017685,2.000000,30.000000,2.148394,43.000000,0.666667
0.200000,0.017685,2.000000,30.000000,2.148394,43.000000,0.666667
0.041667,0.008264,1.777778,30.000000,1.753623,24.000000,0.640000
0.047619,0.000000,1.965517,28.955240,1.861905,21.000000,0.662791
0.100000,0.448503,2.090909,30.000000,1.488889,10.000000,0.676471
0.125000,0.703692,2.526316,28.235294,1.698529,17.000000,0.716418
0.125000,0.166566,1.583333,30.000000,1.321429,8.000000,0.612903
0.023810,0.914401,2.027778,30.000000,2.029036,42.000000,0.669725
0.023810,0.466555,1.871795,26.497224,2.150786,47.000000,0.651786
0.090909,0.447132,3.000000,29.975818,2.697297,75.000000,0.750000
0.200000,0.281914,2.932584,30.000000,2.697297,75.000000,0.745714
0.090909,0.264724,3.000000,29.975818,2.697297,75.000000,0.750000
0.090909,1.000000,3.011236,29.359536,2.721121,77.000000,0.750700
0.090909,0.004149,1.312500,30.000000,1.672727,11.000000,0.567568
0.090909,0.264724,3.000000,29.975818,2.697297,75.000000,0.750000
0.023810,0.873477,2.027778,30.000000,2.029036,42.000000,0.669725
0.023810,0.466555,1.871795,26.497224,2.150786,47.000000,0.651786
0.090909,0.264724,3.000000,29.975818,2.697297,75.000000,0.750000
0.023810,0.914401,2.027778,30.000000,2.029036,42.000000,0.669725
0.023810,0.466555,1.871795,26.497224,2.150786,47.000000,0.651786
0.200000,0.672511,2.932584,30.000000,2.697297,75.000000,0.745714
0.090909,0.076939,1.400000,29.250228,1.672727,11.000000,0.583333
0.090909,0.418028,3.070588,29.600000,2.697297,75.000000,0.754335
0.066667,0.895402,1.871795,30.000000,2.029036,42.000000,0.651786
0.066667,0.037940,1.583333,26.317078,1.638095,15.000000,0.612903
0.031250,0.060979,1.287500,28.557043,1.981855,32.000000,0.562842
0.031250,0.239457,3.011236,29.910583,2.721121,77.000000,0.750700
0.031250,0.060979,1.287500,28.557043,1.981855,32.000000,0.562842
0.031250,0.239457,3.011236,29.910583,2.721121,77.000000,0.750700
0.200000,0.281914,2.932584,30.000000,2.697297,75.000000,0.745714
0.100000,0.982429,2.013333,30.000000,2.054968,44.000000,0.668142
0.100000,1.000000,1.461538,30.000000,1.622222,10.000000,0.593750
0.100000,0.982429,2.013333,30.000000,2.054968,44.000000,0.668142
0.100000,1.000000,1.461538,30.000000,1.622222,10.000000,0.593750
0.090909,0.264724,3.000000,29.975818,2.697297,75.000000,0.750000
0.058824,0.087274,1.720000,29.593361,1.735294,17.000000,0.632353
0.020408,0.540064,1.961039,29.361870,2.164116,49.000000,0.662281
0.020408,1.000000,3.011236,29.359536,2.721121,77.000000,0.750700
0.200000,0.281914,2.932584,30.000000,2.697297,75.000000,0.745714
0.100000,0.982429,2.013333,30.000000,2.054968,44.000000,0.668142
0.100000,1.000000,1.461538,30.000000,1.622222,10.000000,0.593750
0.066667,0.828776,1.871795,30.000000,2.029036,42.000000,0.651786
0.066667,0.037940,1.583333,26.317078,1.638095,15.000000,0.612903
0.031250,1.000000,3.011236,29.910583,2.721121,77.000000,0.750700
0.031250,0.060979,1.287500,28.557043,1.981855,32.000000,0.562842
0.100000,1.000000,1.461538,30.000000,1.622222,10.000000,0.593750
0.100000,0.982429,2.013333,30.000000,2.054968,44.000000,0.668142
0.200000,0.281914,2.932584,30.000000,2.697297,75.000000,0.745714
0.020833,0.041892,2.307692,29.168932,2.144504,48.000000,0.697674
0.020833,0.418028,3.070588,29.600000,2.697297,75.000000,0.754335
0.031250,0.932053,3.011236,29.910583,2.721121,77.000000,0.750700
0.031250,0.060979,1.287500,28.557043,1.981855,32.000000,0.562842
0.066667,0.037940,1.583333,26.317078,1.638095,15.000000,0.612903
0.066667,0.783519,1.821429,28.918815,2.162162,37.000000,0.645570
0.023810,0.914401,2.027778,30.000000,2.029036,42.000000,0.669725
0.023810,0.466555,1.871795,26.497224,2.150786,47.000000,0.651786
0.090909,1.000000,3.011236,29.359536,2.721121,77.000000,0.750700
0.031250,0.239457,3.011236,29.910583,2.721121,77.000000,0.750700
0.031250,0.060979,1.287500,28.557043,1.981855,32.000000,0.562842
0.066667,0.828776,1.871795,30.000000,2.029036,42.000000,0.651786
0.066667,0.037940,1.583333,26.317078,1.638095,15.000000,0.612903
0.066667,0.037940,1.583333,26.317078,1.638095,15.000000,0.612903
0.066667,0.828776,1.871795,30.000000,2.029036,42.000000,0.651786
0.031250,0.060979,1.287500,28.557043,1.981855,32.000000,0.562842
0.031250,0.239457,3.011236,29.910583,2.721121,77.000000,0.750700
0.090909,0.399945,1.233333,29.553750,1.923913,24.000000,0.552239
0.090909,0.000000,2.384615,29.073432,1.490909,11.000000,0.704545
0.100000,0.063621,1.379310,25.507850,1.941176,18.000000,0.579710
0.222222,0.149256,2.083333,29.308715,1.444444,10.000000,0.675676
0.200000,0.338046,1.333333,19.360928,1.870000,25.000000,0.571429
0.166667,0.932544,1.833333,26.006241,1.266667,6.000000,0.647059
0.125000,0.132743,2.000000,30.000000,1.500000,8.000000,0.666667
0.125000,0.295715,2.068966,27.674275,1.972308,26.000000,0.674157
0.083333,0.000000,2.033333,29.536716,1.735931,22.000000,0.670330
0.083333,0.332233,1.714286,24.365736,1.742424,12.000000,0.631579
0.083333,0.457988,4.250000,28.842612,1.895238,15.000000,0.809524
0.083333,0.332233,1.714286,24.365736,1.742424,12.000000,0.631579
0.125000,0.132743,2.000000,30.000000,1.500000,8.000000,0.666667
0.125000,0.163086,2.068966,27.674275,1.972308,26.000000,0.674157
0.125000,0.574680,1.714286,18.757896,1.571429,8.000000,0.631579
0.125000,0.135967,2.260870,30.000000,1.836601,18.000000,0.693333
0.071429,0.167375,2.470588,22.398478,1.750000,16.000000,0.711864
0.111111,0.558661,2.142857,21.283193,1.694444,9.000000,0.681818
0.111111,0.118001,1.653846,29.988637,1.735294,17.000000,0.623188
0.066667,0.089488,1.338462,26.948507,1.610526,20.000000,0.572368
0.111111,0.963542,1.956522,26.000000,1.657143,15.000000,0.661765
0.111111,0.020408,3.333333,28.147021,1.444444,9.000000,0.769231
0.066667,0.082548,1.551020,29.016400,2.102041,49.000000,0.608000
0.111111,0.020408,3.333333,28.147021,1.444444,9.000000,0.769231
0.111111,0.963542,1.956522,26.000000,1.657143,15.000000,0.661765
0.066667,0.082548,1.551020,29.016400,2.102041,49.000000,0.608000
0.058824,1.000000,2.368421,26.635763,1.735294,17.000000,0.703125
0.058824,0.743063,1.213115,28.554881,1.910769,26.000000,0.548148
0.066667,0.697925,1.777778,26.613105,1.800000,15.000000,0.640000
0.066667,0.428568,1.549296,29.834877,1.818548,32.000000,0.607735
0.090909,1.000000,1.193548,30.000000,1.910769,26.000000,0.544118
0.090909,0.008065,1.818182,21.886019,1.636364,11.000000,0.645161
0.050000,0.170161,1.215385,29.317078,2.204598,30.000000,0.548611
0.066667,1.000000,3.083333,29.480580,1.790476,15.000000,0.755102
0.066667,0.474610,1.815789,27.623576,2.097826,24.000000,0.644860
0.050000,0.170161,1.215385,29.317078,2.204598,30.000000,0.548611
0.111111,0.596568,2.285714,18.377270,1.611111,9.000000,0.695652
0.111111,0.923741,1.750000,20.452144,1.801170,19.000000,0.636364
0.166667,0.962145,1.571429,28.583764,1.266667,6.000000,0.611111
0.166667,0.126595,1.225806,9.879631,1.982759,29.000000,0.550725
0.066667,1.000000,3.083333,29.480580,1.790476,15.000000,0.755102
0.066667,0.474610,1.815789,27.623576,2.097826,24.000000,0.644860
0.100000,0.011486,2.017544,30.000000,2.107937,36.000000,0.668605
0.100000,0.011486,2.017544,30.000000,2.107937,36.000000,0.668605
0.100000,0.011486,2.017544,30.000000,2.107937,36.000000,0.668605
0.090909,0.967907,2.000000,30.000000,1.454545,11.000000,0.666667
0.090909,1.000000,1.500000,27.438610,1.858333,16.000000,0.600000
0.250000,0.032787,6.000000,30.000000,1.000000,4.000000,0.857143
0.200000,0.078250,2.185714,29.405587,2.299148,74.000000,0.686099
0.200000,0.078250,2.185714,29.405587,2.299148,74.000000,0.686099
0.071429,0.000000,3.111111,28.624647,1.868132,14.000000,0.756757
0.050000,0.973292,1.415929,29.350718,2.092929,45.000000,0.586081
0.050000,0.991249,2.000000,27.018282,1.810526,20.000000,0.666667
0.071429,0.233060,1.566038,30.000000,2.395699,31.000000,0.610294
0.200000,0.960405,1.838710,29.105622,1.880952,21.000000,0.647727
0.083333,0.644093,1.722222,29.768892,1.704762,15.000000,0.632653
0.100000,0.732067,1.765957,19.354839,2.395699,31.000000,0.638462
0.142857,0.154504,1.471014,29.764287,2.101224,50.000000,0.595308
0.071429,0.732067,1.765957,19.354839,2.395699,31.000000,0.638462
0.071429,0.760927,4.777778,30.000000,1.527473,14.000000,0.826923
0.090909,0.472545,1.287500,28.557043,1.981855,32.000000,0.562842
0.071429,0.569372,2.217391,29.907556,1.928854,23.000000,0.689189
0.050000,0.065378,1.245902,25.402778,2.209360,29.000000,0.554745
0.076923,0.011952,1.615385,29.697378,1.830330,37.000000,0.617647
0.058824,0.317333,1.359375,26.201826,1.610526,20.000000,0.576159
0.100000,0.104238,1.791667,28.235294,1.735294,17.000000,0.641791
0.076923,0.600292,2.906250,29.688141,1.957672,28.000000,0.744000
0.076923,0.154332,2.000000,29.092523,1.807692,13.000000,0.666667
0.050000,0.065378,1.245902,25.402778,2.209360,29.000000,0.554745
0.052632,0.011952,5.400000,29.799373,1.725146,19.000000,0.843750
0.052632,1.000000,1.253333,19.377579,1.939394,33.000000,0.556213
0.125000,0.011952,2.375000,30.000000,1.321429,8.000000,0.703704
0.125000,1.000000,1.253333,19.377579,1.939394,33.000000,0.556213
0.043478,1.000000,1.253333,19.377579,1.939394,33.000000,0.556213
0.045455,1.000000,1.253333,19.377579,1.939394,33.000000,0.556213
0.045455,0.042698,1.781250,28.068726,1.870130,22.000000,0.640449
0.090909,0.482782,2.050000,29.306726,1.698529,17.000000,0.672131
0.100000,0.357735,1.445783,28.759741,2.047233,39.000000,0.591133
0.083333,0.699838,1.607843,29.020681,1.811594,24.000000,0.616541
0.076923,0.412065,0.781818,21.098418,2.108108,38.000000,0.438776
0.250000,0.093911,1.745098,28.293778,1.959140,31.000000,0.635714
0.125000,0.644295,1.571429,19.234220,1.672727,11.000000,0.611111
0.125000,1.000000,1.909091,30.000000,1.250000,8.000000,0.656250
0.047619,0.051526,2.093750,26.411028,2.101282,40.000000,0.676768
0.090909,0.630324,1.755556,30.000000,1.960000,26.000000,0.637097
0.071429,0.286904,1.387097,28.567060,1.995733,38.000000,0.581081
0.200000,1.000000,1.750000,30.000000,1.300000,5.000000,0.636364
0.200000,0.484676,1.270270,28.211471,2.000000,31.000000,0.559524
0.066667,0.071429,2.333333,27.822946,1.852941,17.000000,0.700000
0.066667,0.580047,1.454545,23.443732,1.885714,15.000000,0.592593
0.071429,1.000000,1.777778,18.788863,1.714286,14.000000,0.640000
0.071429,0.760132,2.333333,29.979292,1.648352,14.000000,0.700000
0.083333,0.580047,1.454545,23.443732,1.885714,15.000000,0.592593
0.083333,0.003953,2.416667,27.176819,1.590909,12.000000,0.707317
0.100000,1.000000,1.777778,18.788863,1.714286,14.000000,0.640000
0.083333,0.940754,2.000000,30.000000,1.659341,14.000000,0.666667
0.083333,0.480660,2.078947,27.651577,1.843305,27.000000,0.675214
0.083333,0.940754,2.000000,30.000000,1.659341,14.000000,0.666667
0.083333,0.480660,2.078947,27.651577,1.843305,27.000000,0.675214
0.062500,0.740602,2.260870,29.585913,1.836601,18.000000,0.693333
0.062500,1.000000,1.653846,29.754937,1.735294,17.000000,0.623188
0.100000,1.000000,1.937500,28.847341,1.941667,16.000000,0.659574
0.100000,1.000000,1.253333,19.377579,1.939394,33.000000,0.556213
0.100000,1.000000,1.253333,19.377579,1.939394,33.000000,0.556213
0.100000,1.000000,1.937500,28.847341,1.941667,16.000000,0.659574
0.100000,1.000000,1.937500,28.847341,1.941667,16.000000,0.659574
0.100000,1.000000,1.253333,19.377579,1.939394,33.000000,0.556213
0.071429,0.112460,2.101190,28.790620,2.345955,84.000000,0.677543
0.200000,1.000000,1.666667,15.314759,1.000000,5.000000,0.625000
0.125000,0.015349,4.111111,28.835887,1.764706,35.000000,0.804348
0.071429,0.112460,2.101190,28.790620,2.345955,84.000000,0.677543
0.142857,1.000000,1.432432,27.297631,2.049787,38.000000,0.588889
0.142857,1.000000,1.454545,22.133627,1.934046,34.000000,0.592593
0.062500,1.000000,1.250000,23.351536,1.808333,16.000000,0.555556
0.062500,0.138245,1.318182,28.880778,1.871429,21.000000,0.568627
0.066667,0.213606,1.256098,29.005095,1.981855,32.000000,0.556757
0.066667,0.407708,4.172414,30.000000,1.735632,30.000000,0.806667
0.100000,0.519854,1.608696,18.894131,1.525641,13.000000,0.616667
0.100000,0.062499,2.000000,30.000000,1.422222,10.000000,0.666667
0.066667,0.928936,1.609756,29.939070,1.819048,21.000000,0.616822
0.066667,0.295306,1.456140,29.660048,2.131881,58.000000,0.592857
0.250000,0.678507,3.600000,28.789363,1.688889,10.000000,0.782609
0.033333,1.000000,1.492308,24.095124,1.822989,30.000000,0.598765
0.033333,0.456281,1.372093,29.379543,2.162734,58.000000,0.578431
0.250000,1.000000,3.600000,28.789363,1.688889,10.000000,0.782609
0.083333,1.000000,2.300000,30.000000,1.651515,12.000000,0.696970
0.083333,0.113351,1.475610,28.473684,1.964349,34.000000,0.596059
0.032258,0.560362,1.407407,29.305338,1.937611,34.000000,0.584615
0.032258,0.113351,1.475610,28.473684,1.964349,34.000000,0.596059
0.076923,0.612443,1.866667,26.209637,1.730769,13.000000,0.651163
0.076923,0.000783,2.096774,28.871273,1.883333,25.000000,0.677083
0.071429,0.739341,1.800000,28.122027,1.875862,30.000000,0.642857
0.071429,0.934108,1.869565,30.000000,1.549451,14.000000,0.651515
0.071429,0.934108,1.869565,30.000000,1.549451,14.000000,0.651515
0.071429,0.739341,1.800000,28.122027,1.875862,30.000000,0.642857
0.058824,1.000000,1.518519,21.176471,1.698529,17.000000,0.602941
0.058824,0.324064,1.692308,30.000000,2.006748,39.000000,0.628571
0.076923,0.185916,4.875000,28.841402,1.883333,16.000000,0.829787
0.076923,0.612443,1.866667,26.209637,1.730769,13.000000,0.651163
0.058824,1.000000,1.518519,21.176471,1.698529,17.000000,0.602941
0.058824,0.370475,2.396825,29.553706,2.164116,49.000000,0.705607
0.250000,0.560617,1.714286,29.041484,1.881773,29.000000,0.631579
0.142857,1.000000,2.500000,29.825695,1.500000,9.000000,0.714286
0.045455,0.044009,2.526316,24.912423,2.203463,22.000000,0.716418
0.045455,0.016529,4.000000,29.575685,1.764706,35.000000,0.800000
0.062500,0.758230,1.365854,30.000000,1.575000,16.000000,0.577320
0.062500,0.871391,1.827586,30.000000,1.888889,19.000000,0.646341
0.083333,1.000000,2.461538,25.095397,1.560606,12.000000,0.711111
0.083333,1.000000,3.800000,28.433089,1.638095,15.000000,0.791667
0.125000,0.870421,1.827586,30.000000,1.888889,19.000000,0.646341
0.125000,0.020576,1.714286,21.440625,1.571429,8.000000,0.631579
0.041667,0.042953,2.093750,26.411028,2.101282,40.000000,0.676768
0.041667,1.000000,1.702128,30.000000,1.753623,24.000000,0.629921
0.200000,0.028571,1.800000,20.444914,1.877470,23.000000,0.642857
0.071429,0.024737,1.523810,17.862692,1.802198,14.000000,0.603774
0.071429,0.390751,1.770270,29.725829,2.035366,41.000000,0.639024
0.125000,0.343248,1.949153,29.426567,1.988889,36.000000,0.660920
0.125000,1.000000,18.000000,30.000000,1.357143,8.000000,0.947368
0.055556,0.236182,2.153846,29.489153,1.725490,18.000000,0.682927
0.055556,0.544995,2.222222,29.816908,1.931183,31.000000,0.689655
0.071429,0.066941,2.217391,28.990523,1.970964,42.000000,0.689189
0.250000,0.575981,2.333333,29.869271,1.575758,12.000000,0.700000
0.250000,0.669446,1.421053,26.673331,1.514286,15.000000,0.586957
0.071429,0.833754,1.611111,19.845779,1.791209,14.000000,0.617021
0.071429,0.188650,1.739130,22.281405,1.666667,16.000000,0.634921
0.071429,0.833754,1.611111,19.845779,1.791209,14.000000,0.617021
0.157895,0.379937,7.500000,30.000000,1.609524,15.000000,0.882353
0.250000,0.198682,2.969697,27.984849,1.956322,30.000000,0.748092
0.071429,0.021459,3.466667,28.097468,1.745098,18.000000,0.776119
0.142857,0.366214,1.714286,29.007841,1.571429,8.000000,0.631579
0.029412,0.317773,2.093750,26.411028,2.101282,40.000000,0.676768
0.029412,0.018268,4.454545,28.398201,1.750446,34.000000,0.816667
0.142857,0.631036,1.965517,28.955240,1.861905,21.000000,0.662791
0.058824,1.000000,1.740741,30.000000,1.683824,17.000000,0.635135
0.083333,0.428692,1.163265,28.721696,1.933333,21.000000,0.537736
0.142857,0.743413,2.250000,28.920242,2.091966,44.000000,0.692308
0.142857,1.000000,2.071429,27.692308,1.692308,13.000000,0.674419
0.066667,0.754811,1.785714,30.000000,1.753247,22.000000,0.641026
0.066667,1.000000,1.583333,26.317078,1.638095,15.000000,0.612903
0.133333,0.241496,3.000000,30.000000,1.400000,10.000000,0.750000
0.214286,0.733093,1.357143,24.963095,1.527778,9.000000,0.575758
0.111111,1.000000,2.837209,27.631259,2.023810,36.000000,0.739394
0.214286,0.917149,1.357143,24.963095,1.527778,9.000000,0.575758
0.052632,1.000000,1.875000,30.000000,1.672515,19.000000,0.652174
0.052632,1.000000,2.304348,26.711604,1.760234,19.000000,0.697368
0.166667,1.000000,2.304348,26.711604,1.760234,19.000000,0.697368
0.166667,1.000000,3.666667,30.000000,1.266667,6.000000,0.785714
0.125000,0.327566,2.600000,28.789070,1.535714,8.000000,0.722222
0.125000,0.226282,2.068966,27.674275,1.972308,26.000000,0.674157
0.125000,0.327566,2.600000,28.789070,1.535714,8.000000,0.722222
0.125000,0.374803,2.068966,27.674275,1.972308,26.000000,0.674157
0.071429,0.694992,1.781250,27.168768,1.870130,22.000000,0.640449
0.071429,1.000000,1.750000,30.000000,1.723810,15.000000,0.636364
0.090909,0.404905,1.169231,30.000000,2.209360,29.000000,0.539007
0.090909,0.404905,1.169231,30.000000,2.209360,29.000000,0.539007
0.045455,0.145694,1.394366,20.651861,1.939394,34.000000,0.582353
0.045455,0.669023,1.676471,29.441061,1.870130,22.000000,0.626374
0.166667,1.000000,2.250000,25.274350,1.400000,6.000000,0.692308
0.166667,0.974006,1.306818,30.000000,1.969748,35.000000,0.566502
0.250000,1.000000,1.666667,27.316866,1.523810,7.000000,0.625000
0.027778,0.194836,2.223881,29.009504,2.087108,42.000000,0.689815
0.027778,0.015574,4.078947,29.166667,1.766667,36.000000,0.803109
0.040000,0.188728,2.458333,24.426279,2.256667,25.000000,0.710843
0.040000,0.124658,4.000000,29.946704,1.764706,35.000000,0.800000
0.062500,0.781359,2.500000,27.238962,1.816667,16.000000,0.714286
0.062500,0.619143,2.521739,29.513182,1.748918,22.000000,0.716049
0.090909,1.000000,2.777778,29.116858,1.545455,11.000000,0.735294
0.090909,0.124365,4.454545,28.398201,1.750446,34.000000,0.816667
0.047619,0.633482,2.310345,26.246430,1.974638,24.000000,0.697917
0.047619,0.241790,1.714286,29.017078,1.714286,21.000000,0.631579
0.142857,0.890454,1.700000,30.000000,1.392857,8.000000,0.629630
0.066667,0.004367,1.586667,28.828379,1.827094,34.000000,0.613402
0.066667,0.382805,1.631579,20.423086,1.819048,15.000000,0.620000
0.055556,0.172954,3.769231,29.788227,1.712418,18.000000,0.790323
0.166667,0.291884,1.800000,25.000000,1.400000,6.000000,0.642857
0.066667,0.191890,1.600000,28.331421,1.666667,16.000000,0.615385
0.066667,0.382805,1.631579,20.423086,1.819048,15.000000,0.620000
0.050000,0.486711,1.714286,28.598750,1.794737,20.000000,0.631579
0.076923,0.714058,1.777778,22.247538,1.900000,16.000000,0.640000
0.055556,1.000000,3.466667,29.510790,1.745098,18.000000,0.776119
0.125000,0.404821,1.394366,20.651861,1.939394,34.000000,0.582353
0.125000,1.000000,2.375000,30.000000,1.321429,8.000000,0.703704
0.142857,0.503474,2.106667,28.798333,2.149495,45.000000,0.678112
0.052632,0.404821,1.394366,20.651861,1.939394,34.000000,0.582353
0.052632,0.451598,5.400000,30.000000,1.725146,19.000000,0.843750
0.142857,0.503474,2.106667,28.798333,2.149495,45.000000,0.678112
0.041667,0.404821,1.394366,20.651861,1.939394,34.000000,0.582353
0.041667,0.548838,2.000000,29.247401,1.764493,24.000000,0.666667
0.142857,0.503474,2.106667,28.798333,2.149495,45.000000,0.678112
0.125000,0.710935,2.166667,22.946315,2.000000,8.000000,0.684211
0.142857,0.053873,1.181818,28.517366,1.934783,24.000000,0.541667
0.142857,0.106866,2.600000,30.000000,1.696970,12.000000,0.722222
0.066667,0.563169,2.000000,28.948174,1.764493,24.000000,0.666667
0.066667,0.281388,2.111111,23.060717,1.930000,25.000000,0.678571
0.100000,1.000000,1.857143,30.000000,1.422222,10.000000,0.650000
0.125000,1.000000,2.500000,30.000000,1.500000,8.000000,0.714286
0.066667,0.460040,1.549296,30.000000,1.818548,32.000000,0.607735
0.066667,1.000000,1.640000,23.071793,1.741667,16.000000,0.621212
0.066667,0.876892,2.400000,29.956629,1.893281,23.000000,0.705882
0.062500,0.387096,1.529412,28.503747,1.819355,31.000000,0.604651
0.062500,1.000000,1.157895,26.795375,1.725000,16.000000,0.536585
0.083333,0.219162,2.800000,29.939784,1.575758,12.000000,0.736842
0.083333,1.000000,1.157895,26.795375,1.725000,16.000000,0.536585
0.040000,0.038206,1.490196,28.195140,2.102041,49.000000,0.598425
0.076923,0.217388,5.375000,27.988653,1.448718,13.000000,0.843137
0.076923,0.056499,2.300000,28.333333,1.745098,18.000000,0.696970
0.031250,0.800061,1.540373,29.383146,2.120301,57.000000,0.606357
0.055556,0.637733,1.806452,30.000000,1.810526,20.000000,0.643678
0.200000,0.152848,2.210526,30.000000,1.650000,16.000000,0.688525
0.200000,0.495651,1.750000,24.000000,1.300000,5.000000,0.636364
0.040000,0.038206,1.490196,28.195140,2.102041,49.000000,0.598425
0.045455,0.886186,2.600000,26.445415,2.031621,23.000000,0.722222
0.033333,0.019690,1.853659,29.149849,2.059259,55.000000,0.649573
0.033333,0.294664,1.955556,26.320681,2.149425,30.000000,0.661654
0.041667,0.097885,2.111111,23.060717,1.930000,25.000000,0.678571
0.041667,0.566169,2.000000,29.089607,1.764493,24.000000,0.666667
0.062500,0.607573,1.400000,27.628593,1.875000,16.000000,0.583333
0.062500,0.039988,2.141361,29.226540,2.299331,92.000000,0.681667
0.062500,0.039988,2.141361,29.226540,2.299331,92.000000,0.681667
0.062500,0.607573,1.400000,27.628593,1.875000,16.000000,0.583333
0.055556,0.070939,1.382353,21.630570,1.826316,20.000000,0.580247
0.055556,0.243710,2.076923,29.768552,1.647059,18.000000,0.675000
0.040000,0.128242,1.400000,30.000000,1.900000,25.000000,0.583333
0.083333,0.021796,2.130208,29.963626,2.299331,92.000000,0.680532
0.062500,0.030815,1.727273,26.921588,1.800000,16.000000,0.633333
0.062500,0.438098,1.611111,30.000000,1.763333,25.000000,0.617021
0.055556,0.070939,1.382353,21.630570,1.826316,20.000000,0.580247
0.055556,0.272240,1.142857,28.958568,1.856209,18.000000,0.533333
0.058824,0.352222,1.714286,20.943372,1.992647,17.000000,0.631579
0.125000,0.528142,1.714286,30.000000,1.571429,8.000000,0.631579
0.083333,0.021796,2.130208,29.963626,2.299331,92.000000,0.680532
0.142857,0.490894,2.045455,30.000000,2.120513,40.000000,0.671642
0.027027,0.684029,1.966102,30.000000,2.132132,37.000000,0.662857
0.027027,0.404764,1.825000,27.687861,2.150786,47.000000,0.646018
0.058824,0.690940,2.012658,29.460440,2.160386,46.000000,0.668067
0.058824,0.107424,1.944444,29.240165,1.742647,17.000000,0.660377
0.100000,0.114222,1.806818,30.000000,2.160386,46.000000,0.643725
0.142857,0.490894,2.045455,30.000000,2.120513,40.000000,0.671642
0.027027,0.404764,1.825000,27.687861,2.150786,47.000000,0.646018
0.027027,0.684029,1.966102,30.000000,2.132132,37.000000,0.662857
0.142857,0.490894,2.045455,30.000000,2.120513,40.000000,0.671642
0.027027,0.404764,1.825000,27.687861,2.150786,47.000000,0.646018
0.027027,0.684029,1.966102,30.000000,2.132132,37.000000,0.662857
0.058824,0.690940,2.012658,29.460440,2.160386,46.000000,0.668067
0.058824,0.107424,1.944444,29.240165,1.742647,17.000000,0.660377
0.100000,0.114222,1.806818,30.000000,2.160386,46.000000,0.643725
0.058824,0.690940,2.012658,29.460440,2.160386,46.000000,0.668067
0.058824,0.107424,1.944444,29.240165,1.742647,17.000000,0.660377
0.100000,0.114222,1.806818,30.000000,2.160386,46.000000,0.643725
0.125000,0.576789,2.166667,28.095697,1.607143,8.000000,0.684211
0.125000,0.290596,1.537037,30.000000,2.118798,54.000000,0.605839
0.142857,0.477928,1.857143,29.916293,1.607143,8.000000,0.650000
0.125000,0.290596,1.537037,30.000000,2.118798,54.000000,0.605839
0.125000,0.576789,2.166667,28.095697,1.607143,8.000000,0.684211
0.038462,0.004405,2.088889,29.336688,1.781538,26.000000,0.676259
0.038462,0.050331,1.550000,26.602650,2.083871,31.000000,0.607843
0.062500,0.050331,1.550000,26.602650,2.083871,31.000000,0.607843
0.041667,0.609020,2.223881,29.009504,2.087108,42.000000,0.689815
0.250000,0.800789,4.000000,30.000000,1.333333,4.000000,0.800000
0.100000,0.008772,1.352941,30.000000,1.696970,12.000000,0.575000
0.083333,0.239960,1.913043,29.235219,2.236216,57.000000,0.656716
0.083333,0.051248,1.894737,28.245568,1.454545,12.000000,0.654545
0.100000,0.008772,1.352941,30.000000,1.696970,12.000000,0.575000
0.250000,0.267387,1.733333,30.000000,1.422222,10.000000,0.634146
0.076923,0.173620,1.409091,25.714295,1.747253,14.000000,0.584906
0.076923,0.267315,1.305556,25.791884,1.826316,20.000000,0.566265
0.100000,0.115162,1.850000,21.604858,1.714286,15.000000,0.649123
0.250000,0.443727,4.000000,28.301292,1.466667,6.000000,0.800000
0.166667,1.000000,2.500000,30.000000,1.333333,6.000000,0.714286
0.066667,0.095568,1.507463,23.015918,2.080645,32.000000,0.601190
0.142857,0.318425,1.636364,22.270974,1.600000,10.000000,0.620690
0.111111,1.000000,1.937500,28.408596,1.889328,23.000000,0.659574
0.062500,0.820996,1.387435,28.149575,2.181260,63.000000,0.581140
0.076923,0.639581,1.507463,22.490857,2.080645,32.000000,0.601190
0.142857,0.494231,2.000000,25.111431,1.688889,10.000000,0.666667
0.125000,0.211476,1.750000,30.000000,1.877470,23.000000,0.636364
0.125000,0.374721,1.636364,22.500000,1.357143,8.000000,0.620690
0.062500,0.143548,1.214286,28.073701,2.009195,30.000000,0.548387
0.062500,0.373814,3.333333,30.000000,1.825000,16.000000,0.769231
0.050000,0.115852,1.180556,28.927910,2.009195,30.000000,0.541401
0.050000,0.157166,4.833333,28.013652,1.847368,20.000000,0.828571
0.050000,0.157166,4.833333,28.013652,1.847368,20.000000,0.828571
0.050000,0.115852,1.180556,28.927910,2.009195,30.000000,0.541401
0.047619,0.143548,1.214286,28.073701,2.009195,30.000000,0.548387
0.047619,0.691576,1.714286,29.584982,1.714286,21.000000,0.631579
0.062500,0.143548,1.214286,28.073701,2.009195,30.000000,0.548387
0.062500,0.373814,3.333333,30.000000,1.825000,16.000000,0.769231
0.047619,0.143548,1.214286,28.073701,2.009195,30.000000,0.548387
0.047619,0.691576,1.714286,29.584982,1.714286,21.000000,0.631579
0.200000,0.000000,2.000000,27.949270,1.600000,15.000000,0.666667
0.047619,0.564071,2.217391,29.907556,1.928854,23.000000,0.689189
0.111111,0.587486,2.250000,30.000000,1.733333,10.000000,0.692308
0.111111,1.000000,2.750000,26.666667,1.416667,9.000000,0.733333
0.022727,1.000000,1.903448,24.741978,2.655321,72.000000,0.655582
0.045455,0.329297,1.925926,20.424328,1.992754,24.000000,0.658228
0.200000,0.540928,1.584158,29.322936,2.091429,50.000000,0.613027
0.090909,1.000000,1.500000,26.512570,1.651515,12.000000,0.600000
0.090909,0.564946,2.000000,27.017521,1.575758,12.000000,0.666667
0.200000,0.477675,2.000000,27.368352,1.535714,8.000000,0.666667
0.200000,0.540928,1.584158,29.322936,2.091429,50.000000,0.613027
0.055556,0.291163,2.200000,29.126490,1.712418,18.000000,0.687500
0.055556,1.000000,1.387435,28.149575,2.181260,63.000000,0.581140
0.250000,0.754155,1.400000,19.726359,1.722944,22.000000,0.583333
0.250000,0.304176,2.800000,29.975854,1.571429,8.000000,0.736842
0.024390,0.294428,1.853333,29.500233,2.037805,41.000000,0.649533
0.024390,1.000000,1.387435,28.149575,2.181260,63.000000,0.581140
0.071429,0.590479,2.095238,29.673213,1.638095,15.000000,0.676923
0.111111,0.875612,1.630435,29.583666,1.920228,27.000000,0.619835
0.111111,0.499723,2.125000,27.094720,1.527778,9.000000,0.680000
0.029412,0.658322,1.586667,29.186975,1.827094,34.000000,0.613402
0.029412,1.000000,1.387435,28.149575,2.181260,63.000000,0.581140
0.125000,0.016434,2.260870,27.423567,1.863158,20.000000,0.693333
0.111111,1.000000,1.840000,28.789034,1.716667,16.000000,0.647887
0.055556,0.990304,3.016129,28.348178,1.920773,46.000000,0.751004
0.055556,0.123785,1.576923,21.593609,1.849673,18.000000,0.611940
0.111111,1.000000,1.840000,28.789034,1.716667,16.000000,0.647887
0.025000,0.593245,2.444444,29.279853,2.175510,50.000000,0.709677
0.076923,0.989839,3.016129,28.591018,1.920773,46.000000,0.751004
0.050000,0.989175,2.842105,29.103865,1.933798,42.000000,0.739726
0.050000,0.367275,1.371429,26.622575,1.963158,20.000000,0.578313
0.066667,0.521343,1.888889,20.161974,1.891667,16.000000,0.653846
0.111111,0.260675,1.843750,27.982315,1.876190,21.000000,0.648352
0.111111,0.710307,3.000000,30.000000,1.944444,9.000000,0.750000
0.111111,0.260675,1.843750,27.982315,1.876190,21.000000,0.648352
0.111111,1.000000,3.000000,30.000000,1.944444,9.000000,0.750000
0.076923,1.000000,1.613636,29.149184,1.735931,22.000000,0.617391
0.076923,0.846094,2.000000,20.262986,1.736264,14.000000,0.666667
0.090909,1.000000,2.500000,28.061534,1.893281,23.000000,0.714286
0.250000,0.787104,1.379310,26.710211,1.720588,17.000000,0.579710
0.050000,0.194169,1.396226,29.241198,1.957265,27.000000,0.582677
0.062500,0.000000,2.050000,28.422261,1.691667,16.000000,0.672131
0.050000,0.194169,1.396226,29.241198,1.957265,27.000000,0.582677
0.050000,0.117951,1.445255,28.629938,2.135686,51.000000,0.591045
0.050000,0.411052,1.941176,28.489017,1.715789,20.000000,0.660000
0.083333,0.284337,1.526316,25.000002,1.560606,12.000000,0.604167
0.083333,0.645820,1.353234,28.374430,2.200481,65.000000,0.575053
0.090909,1.000000,2.071429,28.126498,1.560606,12.000000,0.674419
0.090909,1.000000,1.538462,21.818417,1.636364,11.000000,0.606061
0.111111,1.000000,1.600000,30.000000,1.583333,9.000000,0.615385
0.111111,0.690755,2.186567,27.859403,2.274257,72.000000,0.686183
0.111111,1.000000,1.600000,30.000000,1.583333,9.000000,0.615385
0.111111,0.506193,2.186567,27.859403,2.274257,72.000000,0.686183
0.111111,1.000000,1.600000,30.000000,1.583333,9.000000,0.615385
0.111111,0.506193,2.186567,27.859403,2.274257,72.000000,0.686183
0.111111,1.000000,1.600000,30.000000,1.583333,9.000000,0.615385
0.111111,0.690755,2.186567,27.859403,2.274257,72.000000,0.686183
0.083333,0.852096,1.769231,27.524168,1.712121,12.000000,0.638889
0.083333,0.331432,1.750000,30.000000,1.714286,14.000000,0.636364
0.062500,0.004292,1.935065,26.900049,1.856950,39.000000,0.659292
0.200000,0.049841,1.750000,16.661345,1.300000,5.000000,0.636364
0.100000,1.000000,1.388350,26.257755,1.886640,39.000000,0.581301
0.250000,0.572071,3.000000,27.000000,1.600000,10.000000,0.750000
0.090909,0.766278,1.448276,30.000000,1.571429,14.000000,0.591549
0.090909,0.004255,5.000000,27.075489,1.709091,11.000000,0.833333
0.083333,1.000000,1.430000,27.842849,1.886640,39.000000,0.588477
0.083333,0.975692,1.428571,22.238351,1.590909,12.000000,0.588235
0.050000,0.249914,0.961538,29.870068,1.973684,20.000000,0.490196
0.050000,0.233033,2.681818,30.000000,2.256667,25.000000,0.728395
0.166667,0.980495,1.571429,30.000000,1.266667,6.000000,0.611111
0.181818,1.000000,1.476190,30.000000,1.575758,12.000000,0.596154
0.166667,0.980495,1.571429,30.000000,1.266667,6.000000,0.611111
0.166667,0.980495,1.571429,30.000000,1.266667,6.000000,0.611111
0.166667,0.980495,1.571429,30.000000,1.266667,6.000000,0.611111
0.166667,0.980495,1.571429,30.000000,1.266667,6.000000,0.611111
0.166667,0.980495,1.571429,30.000000,1.266667,6.000000,0.611111
0.181818,1.000000,1.476190,30.000000,1.575758,12.000000,0.596154
0.166667,0.980495,1.571429,30.000000,1.266667,6.000000,0.611111
0.166667,0.980495,1.571429,30.000000,1.266667,6.000000,0.611111
0.166667,0.980495,1.571429,30.000000,1.266667,6.000000,0.611111
0.166667,0.980495,1.571429,30.000000,1.266667,6.000000,0.611111
0.166667,0.980495,1.571429,30.000000,1.266667,6.000000,0.611111
0.181818,1.000000,1.476190,30.000000,1.575758,12.000000,0.596154
0.166667,0.980495,1.571429,30.000000,1.266667,6.000000,0.611111
0.090909,0.049061,1.388889,27.138068,1.618182,11.000000,0.581395
0.090909,0.736316,2.138686,29.906844,2.274257,72.000000,0.681395
0.166667,0.980495,1.571429,30.000000,1.266667,6.000000,0.611111
0.166667,0.980495,1.571429,30.000000,1.266667,6.000000,0.611111
0.166667,0.980495,1.571429,30.000000,1.266667,6.000000,0.611111
0.166667,0.980495,1.571429,30.000000,1.266667,6.000000,0.611111
0.166667,0.980495,1.571429,30.000000,1.266667,6.000000,0.611111
0.166667,0.980495,1.571429,30.000000,1.266667,6.000000,0.611111
0.166667,0.980495,1.571429,30.000000,1.266667,6.000000,0.611111
0.166667,0.980495,1.571429,30.000000,1.266667,6.000000,0.611111
0.181818,1.000000,1.476190,30.000000,1.575758,12.000000,0.596154
0.166667,0.980495,1.571429,30.000000,1.266667,6.000000,0.611111
0.166667,0.980495,1.571429,30.000000,1.266667,6.000000,0.611111
0.166667,0.980495,1.571429,30.000000,1.266667,6.000000,0.611111
0.166667,0.980495,1.571429,30.000000,1.266667,6.000000,0.611111
0.166667,0.980495,1.571429,30.000000,1.266667,6.000000,0.611111
0.166667,0.980495,1.571429,30.000000,1.266667,6.000000,0.611111
0.166667,0.980495,1.571429,30.000000,1.266667,6.000000,0.611111
0.090909,0.049061,1.388889,27.138068,1.618182,11.000000,0.581395
0.090909,1.000000,2.138686,29.906844,2.274257,72.000000,0.681395
0.166667,0.980495,1.571429,30.000000,1.266667,6.000000,0.611111
0.181818,1.000000,1.476190,30.000000,1.575758,12.000000,0.596154
0.166667,0.980495,1.571429,30.000000,1.266667,6.000000,0.611111
0.166667,0.980495,1.571429,30.000000,1.266667,6.000000,0.611111
0.076923,0.322498,2.642857,30.000000,1.525641,13.000000,0.725490
0.071429,0.810190,3.600000,28.380995,1.725275,14.000000,0.782609
0.028571,0.096159,1.275862,25.769316,1.968468,37.000000,0.560606
0.076923,0.038545,1.722222,26.386947,1.666667,13.000000,0.632653
0.071429,0.037722,1.653846,30.000000,1.527473,14.000000,0.623188
0.071429,0.727983,2.842105,24.082216,1.842105,20.000000,0.739726
0.090909,0.322864,2.176471,28.976024,1.733333,15.000000,0.685185
0.090909,0.621873,1.750000,28.772289,1.527273,11.000000,0.636364
0.166667,0.041113,1.607143,30.000000,2.078788,45.000000,0.616438
0.166667,0.041113,1.607143,30.000000,2.078788,45.000000,0.616438
0.090909,0.182326,1.875000,29.761616,1.672515,19.000000,0.652174
0.250000,1.000000,2.000000,24.000000,1.400000,5.000000,0.666667
0.035714,0.010576,2.585714,29.201956,2.138607,53.000000,0.721116
0.035714,0.296173,1.661538,27.310200,1.767196,28.000000,0.624277
0.166667,1.000000,2.500000,29.622559,1.651515,12.000000,0.714286
0.083333,0.816690,1.687500,22.643041,1.590909,12.000000,0.627907
0.083333,0.147054,2.153846,28.914807,1.641026,13.000000,0.682927
0.111111,0.671508,3.076923,30.000000,1.560440,14.000000,0.754717
0.111111,0.671508,3.076923,30.000000,1.560440,14.000000,0.754717
0.111111,0.671508,3.076923,30.000000,1.560440,14.000000,0.754717
0.166667,1.000000,3.333333,27.272727,2.145455,11.000000,0.769231
0.166667,0.718950,3.333333,27.272727,2.145455,11.000000,0.769231
0.100000,0.071003,1.927273,29.203695,1.944742,34.000000,0.658385
0.100000,0.730894,1.359375,26.201826,1.610526,20.000000,0.576159
0.200000,0.191309,2.500000,28.062512,1.000000,5.000000,0.714286
0.200000,0.325471,1.371429,26.624053,1.675325,22.000000,0.578313
0.058824,0.674835,2.193333,29.901768,2.302461,77.000000,0.686848
0.058824,0.730894,1.359375,26.201826,1.610526,20.000000,0.576159
0.071429,0.170068,2.133333,26.344111,1.747253,14.000000,0.680851
0.071429,0.067069,0.981395,25.811426,2.240774,58.000000,0.495305
0.090909,0.411993,2.333333,27.705107,1.490909,11.000000,0.700000
0.090909,0.779518,0.781818,21.098418,2.108108,38.000000,0.438776
0.071429,0.773404,1.720000,29.866822,1.527473,14.000000,0.632353
0.071429,0.126756,0.938389,23.625094,2.242857,56.000000,0.484108
0.200000,1.000000,3.333333,27.054870,1.000000,5.000000,0.769231
0.200000,0.779518,0.781818,21.098418,2.108108,38.000000,0.438776
0.045455,0.199787,2.173913,27.992035,1.926407,22.000000,0.684932
0.045455,0.464128,1.293333,27.471023,1.735178,23.000000,0.563953
0.076923,0.387944,1.008000,27.710189,2.036975,35.000000,0.501992
0.058824,0.730894,1.359375,26.201826,1.610526,20.000000,0.576159
0.058824,0.674835,2.193333,29.901768,2.302461,77.000000,0.686848
0.062500,0.394131,1.428571,29.783337,1.716667,16.000000,0.588235
0.062500,0.126756,0.938389,23.625094,2.242857,56.000000,0.484108
0.083333,0.133120,1.071429,29.558957,2.104878,41.000000,0.517241
0.083333,0.103589,2.454545,30.000000,1.636364,12.000000,0.710526
0.090909,0.909363,1.128205,29.349373,1.725000,16.000000,0.530120
0.090909,0.730894,1.359375,26.201826,1.610526,20.000000,0.576159
0.062500,0.000125,2.088889,29.336688,1.781538,26.000000,0.676259
0.035714,0.000000,1.547170,30.000000,1.846561,28.000000,0.607407
0.062500,0.314990,1.842105,22.764328,1.911765,17.000000,0.648148
0.058824,0.044423,1.863636,27.658351,1.742647,17.000000,0.650794
0.035714,0.012269,1.851852,29.920137,2.029900,43.000000,0.649351
0.062500,0.559244,1.657895,28.844890,1.825210,35.000000,0.623762
0.142857,0.256713,2.333333,25.897326,1.948276,29.000000,0.700000
0.142857,0.004149,4.000000,27.229391,1.428571,7.000000,0.800000
0.200000,0.198063,3.000000,30.000000,1.400000,6.000000,0.750000
0.200000,1.000000,1.750000,30.000000,1.300000,5.000000,0.636364
0.040000,0.342937,2.214286,30.000000,1.990000,25.000000,0.688889
0.040000,0.414430,1.547170,30.000000,1.846561,28.000000,0.607407
0.142857,0.181864,2.400000,30.000000,1.476190,7.000000,0.705882
0.125000,0.447214,1.769231,29.312709,1.651515,12.000000,0.638889
0.055556,0.001389,2.750000,29.826414,1.760870,24.000000,0.733333
0.055556,0.995409,3.000000,26.169266,1.869281,18.000000,0.750000
0.200000,0.549493,1.833333,28.319157,1.638095,15.000000,0.647059
0.071429,0.451662,1.615385,29.759047,1.830330,37.000000,0.617647
0.090909,0.115861,1.880000,28.468257,1.683333,16.000000,0.652778
0.090909,0.008333,1.733333,20.154107,1.527273,11.000000,0.634146
0.111111,1.000000,1.432432,27.297631,2.049787,38.000000,0.588889
0.111111,0.524491,3.000000,30.000000,1.333333,9.000000,0.750000
0.111111,1.000000,1.454545,22.133627,1.934046,34.000000,0.592593
0.111111,0.507013,3.000000,28.750998,1.333333,9.000000,0.750000
0.071429,0.008264,1.791667,30.000000,1.527473,14.000000,0.641791
0.071429,0.814603,3.263158,22.990421,1.883117,22.000000,0.765432
0.062500,0.929331,2.173913,29.039877,2.317374,82.000000,0.684932
0.083333,0.118436,1.242424,30.000000,1.888889,27.000000,0.554054
0.111111,0.052461,8.333333,29.825695,1.305556,9.000000,0.892857
0.083333,0.118436,1.242424,30.000000,1.888889,27.000000,0.554054
0.062500,0.929331,2.173913,29.039877,2.317374,82.000000,0.684932
0.076923,0.513077,1.833333,28.797496,1.638095,15.000000,0.647059
0.076923,0.012976,2.315789,25.710753,1.779412,17.000000,0.698413
0.045455,0.989068,1.390244,30.000000,1.937611,34.000000,0.581633
0.090909,1.000000,2.875000,28.784124,1.942029,24.000000,0.741935
0.090909,0.361183,2.550000,29.122273,1.824561,19.000000,0.718310
0.023256,0.647227,1.898734,29.368733,2.029900,43.000000,0.655022
0.023256,0.461593,1.367150,28.690943,2.204885,67.000000,0.577551
0.111111,1.000000,1.606061,18.879936,1.800000,21.000000,0.616279
0.111111,0.336292,2.750000,28.956559,1.640523,18.000000,0.733333
0.026316,0.441997,2.086957,29.816722,2.104040,45.000000,0.676056
0.026316,0.895516,1.387097,28.567060,1.995733,38.000000,0.581081
0.111111,1.000000,1.937500,29.468467,1.889328,23.000000,0.659574
0.111111,1.000000,2.166667,27.047520,2.242754,24.000000,0.684211
0.034483,0.795068,1.851852,30.000000,2.029900,43.000000,0.649351
0.200000,0.430349,2.740741,29.438897,1.679654,22.000000,0.732673
0.125000,0.123479,2.178571,30.000000,1.938406,24.000000,0.685393
0.200000,0.012146,1.170213,29.714320,2.022177,32.000000,0.539216
0.058824,0.271345,2.025974,28.527701,1.855128,40.000000,0.669528
0.166667,0.026433,1.647059,26.788456,1.636364,12.000000,0.622222
0.166667,1.000000,1.600000,4.996815,1.466667,6.000000,0.615385
0.142857,1.000000,1.909091,28.245811,2.065359,18.000000,0.656250
0.090909,1.000000,1.472222,29.778149,2.049787,38.000000,0.595506
0.050000,0.474904,1.456140,30.000000,2.118798,54.000000,0.592857
0.050000,1.000000,2.217391,30.000000,1.826316,20.000000,0.689189
0.038462,0.050066,1.264151,25.010031,1.975385,26.000000,0.558333
0.038462,0.599893,1.490196,28.195140,2.102041,49.000000,0.598425
0.038462,0.050066,1.264151,25.010031,1.975385,26.000000,0.558333
0.038462,0.599893,1.490196,28.195140,2.102041,49.000000,0.598425
0.062500,0.656380,1.400000,27.628593,1.875000,16.000000,0.583333
0.062500,0.445716,1.509091,30.000000,2.118798,54.000000,0.601449
0.038462,0.599893,1.490196,28.195140,2.102041,49.000000,0.598425
0.038462,0.050066,1.264151,25.010031,1.975385,26.000000,0.558333
0.062500,0.656380,1.400000,27.628593,1.875000,16.000000,0.583333
0.062500,0.445716,1.509091,30.000000,2.118798,54.000000,0.601449
0.038462,0.050066,1.264151,25.010031,1.975385,26.000000,0.558333
0.038462,0.599893,1.490196,28.195140,2.102041,49.000000,0.598425
0.031250,1.000000,1.243243,26.583003,1.981855,32.000000,0.554217
0.031250,0.757861,1.580952,30.000000,2.118798,54.000000,0.612546
0.050000,0.474904,1.456140,30.000000,2.118798,54.000000,0.592857
0.050000,1.000000,2.217391,30.000000,1.826316,20.000000,0.689189
0.090909,1.000000,1.472222,29.778149,2.049787,38.000000,0.595506
0.031250,1.000000,1.243243,26.583003,1.981855,32.000000,0.554217
0.031250,0.757861,1.580952,30.000000,2.118798,54.000000,0.612546
0.083333,0.539309,1.333333,26.753899,1.606061,12.000000,0.571429
0.090909,1.000000,1.500000,28.575683,1.651515,12.000000,0.600000
0.076923,0.991907,1.545455,18.402545,1.653846,13.000000,0.607143
0.052632,0.059960,1.923077,29.427106,1.853801,19.000000,0.657895
0.083333,1.000000,1.526316,25.000002,1.560606,12.000000,0.604167
0.083333,0.402437,3.307692,28.714740,1.875000,17.000000,0.767857
0.200000,0.074914,1.480519,28.384619,2.099160,35.000000,0.596859
0.052632,0.271768,1.480769,30.000000,2.140212,28.000000,0.596899
0.052632,0.462329,1.933333,29.487131,1.713450,19.000000,0.659091
0.200000,1.000000,1.750000,29.439660,1.300000,5.000000,0.636364
0.076923,1.000000,1.425926,30.000000,2.140212,28.000000,0.587786
0.200000,0.940179,2.000000,30.000000,1.200000,5.000000,0.666667
0.200000,0.048264,1.245902,25.402778,2.209360,29.000000,0.554745
0.200000,0.940179,2.000000,30.000000,1.200000,5.000000,0.666667
0.200000,0.048264,1.245902,25.402778,2.209360,29.000000,0.554745
0.052632,0.271768,1.480769,30.000000,2.140212,28.000000,0.596899
0.052632,0.462329,1.933333,29.487131,1.713450,19.000000,0.659091
0.076923,1.000000,1.425926,30.000000,2.140212,28.000000,0.587786
0.142857,1.000000,1.243243,26.583003,1.981855,32.000000,0.554217
0.071429,0.836725,2.191781,29.652704,2.293333,75.000000,0.686695
0.071429,0.836725,2.191781,29.652704,2.293333,75.000000,0.686695
0.250000,1.000000,3.000000,30.000000,1.000000,4.000000,0.750000
0.090909,0.586464,1.716049,28.640033,1.872372,37.000000,0.631818
0.250000,0.091929,2.583333,30.000000,1.679487,13.000000,0.720930
0.083333,1.000000,2.228571,30.000000,2.165962,44.000000,0.690265
0.071429,0.169027,1.294118,26.287864,1.888889,19.000000,0.564103
0.062500,1.000000,2.000000,30.000000,2.270769,26.000000,0.666667
0.062500,0.728550,3.928571,30.000000,1.558333,16.000000,0.797101
0.250000,1.000000,2.000000,30.000000,1.333333,4.000000,0.666667
0.250000,0.270575,2.611111,28.396027,1.713235,17.000000,0.723077
0.111111,0.242856,1.555556,21.291068,1.794118,17.000000,0.608696
0.045455,0.481071,1.576271,27.097617,2.181452,32.000000,0.611842
0.045455,0.192454,1.558140,29.385614,1.896667,25.000000,0.609091
0.111111,0.242856,1.555556,21.291068,1.794118,17.000000,0.608696
0.045455,0.123025,2.585714,29.240775,2.138607,53.000000,0.721116
0.045455,0.143750,2.428571,24.214183,1.981884,24.000000,0.708333
0.066667,0.669110,3.800000,28.000000,1.638095,15.000000,0.791667
0.066667,0.004515,1.681818,26.714947,1.845588,17.000000,0.627119
0.047619,0.011858,2.821429,28.896777,1.774929,27.000000,0.738318
0.047619,0.875848,2.217391,26.453928,1.914286,21.000000,0.689189
0.125000,0.011858,2.750000,30.000000,1.580952,15.000000,0.733333
0.076923,0.090235,1.466165,29.708988,2.098639,49.000000,0.594512
0.076923,1.000000,1.250000,29.149510,1.736264,14.000000,0.555556
0.142857,0.092151,3.200000,28.608830,1.238095,7.000000,0.761905
0.071429,0.989654,1.761905,29.967533,1.703297,14.000000,0.637931
0.071429,0.907692,1.450000,8.100859,1.780220,14.000000,0.591837
0.071429,0.961916,1.212766,29.096881,1.884211,20.000000,0.548077
0.045455,0.907602,1.215686,27.657696,2.011858,23.000000,0.548673
0.045455,0.015748,1.325000,21.847058,1.848485,22.000000,0.569892
0.066667,0.441775,1.414634,30.000000,1.871429,21.000000,0.585859
0.066667,0.988470,1.461538,30.000000,1.771429,15.000000,0.593750
0.058824,1.000000,1.840000,28.143015,1.750000,17.000000,0.647887
0.038462,0.135733,1.592593,28.331561,1.885057,30.000000,0.614286
0.083333,0.386411,1.125000,21.657160,1.666667,12.000000,0.529412
0.066667,1.000000,1.757576,30.000000,1.723810,21.000000,0.637363
0.142857,0.548310,1.769231,29.150646,1.651515,12.000000,0.638889
0.111111,0.079633,1.655172,26.324763,1.954545,33.000000,0.623377
0.050000,0.041814,2.275862,29.354140,1.652632,20.000000,0.694737
0.050000,1.000000,1.325000,21.847058,1.848485,22.000000,0.569892
0.045455,0.501983,1.557692,22.032898,1.813793,30.000000,0.609023
0.045455,1.000000,1.325000,21.847058,1.848485,22.000000,0.569892
0.100000,0.407394,1.703704,29.963870,1.884211,20.000000,0.630137
0.250000,1.000000,2.285714,29.761755,1.733333,16.000000,0.695652
0.083333,1.000000,1.636364,30.000000,1.727273,12.000000,0.620690
0.142857,0.433283,1.555556,25.714286,1.333333,7.000000,0.608696
0.142857,0.136737,1.465753,27.841089,1.926108,29.000000,0.594444
0.055556,1.000000,2.142857,28.333333,1.803922,18.000000,0.681818
0.055556,0.387350,1.586667,29.076398,1.827094,34.000000,0.613402
0.111111,0.011765,4.000000,26.991736,1.555556,9.000000,0.800000
0.111111,1.000000,3.040000,28.495047,1.920000,25.000000,0.752475
0.100000,0.070999,1.168831,28.241891,1.953202,29.000000,0.538922
0.100000,0.070999,1.168831,28.241891,1.953202,29.000000,0.538922
0.200000,0.003891,3.333333,30.000000,1.000000,5.000000,0.769231
0.200000,0.783482,1.533333,13.402601,1.581818,11.000000,0.605263
0.071429,1.000000,3.000000,29.855730,2.285714,14.000000,0.750000
0.071429,0.283822,1.385621,29.832463,2.086357,53.000000,0.580822
0.071429,0.283822,1.385621,29.832463,2.086357,53.000000,0.580822
0.071429,0.408471,3.000000,29.855730,2.285714,14.000000,0.750000
0.090909,0.546540,1.916667,29.934309,1.618182,11.000000,0.657143
0.083333,0.382853,2.851852,29.931794,1.774704,23.000000,0.740385
0.055556,0.112405,1.342105,29.345241,1.784314,18.000000,0.573034
0.076923,0.406311,1.473684,29.679533,1.717949,13.000000,0.595745
0.100000,0.030998,1.608696,29.711656,1.845588,17.000000,0.616667
0.100000,0.127413,1.800000,21.003478,1.711111,10.000000,0.642857
0.142857,1.000000,1.461538,29.251095,2.099160,35.000000,0.593750
0.066667,0.498672,2.312500,29.278203,1.874644,27.000000,0.698113
0.066667,0.100661,1.428571,29.537805,1.761905,15.000000,0.588235
0.055556,0.008532,1.929412,29.814493,1.873403,42.000000,0.658635
0.055556,1.000000,1.750000,29.247157,1.770751,23.000000,0.636364
0.055556,0.820095,4.000000,29.567150,1.633987,18.000000,0.800000
0.038462,1.000000,2.043478,29.811468,1.781538,26.000000,0.671429
0.038462,0.287159,1.290698,25.200859,1.968468,37.000000,0.563452
0.052632,0.008065,1.236842,29.029488,1.812865,19.000000,0.552941
0.052632,1.000000,2.127273,28.466337,1.816092,30.000000,0.680233
0.055556,0.087936,2.095238,30.000000,1.712418,18.000000,0.676923
0.055556,0.077331,1.367150,28.690943,2.204885,67.000000,0.577551
0.111111,0.548027,1.422819,29.577894,2.086357,53.000000,0.587258
0.166667,0.434800,2.176471,29.605330,1.874644,27.000000,0.685185
0.076923,0.103151,1.500000,29.908107,2.076869,54.000000,0.600000
0.125000,0.391399,1.353234,28.194111,2.200481,65.000000,0.575053
0.200000,0.680206,1.470588,29.615366,2.092208,56.000000,0.595238
0.025641,0.077331,1.367150,28.690943,2.204885,67.000000,0.577551
0.025641,0.380372,1.935065,27.863365,1.856950,39.000000,0.659292
0.111111,0.700689,1.490066,29.401650,2.092208,56.000000,0.598404
0.020833,0.553683,3.454545,28.622651,1.965426,48.000000,0.775510
0.020833,0.103151,1.500000,29.866481,2.076869,54.000000,0.600000
0.142857,0.139031,2.434783,26.886031,2.047619,21.000000,0.708861
0.142857,0.030692,2.434783,26.886031,2.047619,21.000000,0.708861
0.076923,0.395875,3.357143,29.487331,1.823529,17.000000,0.770492
0.076923,0.124055,1.108108,28.553837,1.970899,28.000000,0.525641
0.050000,0.952239,4.153846,25.289349,2.084211,20.000000,0.805970
0.050000,1.000000,1.704545,29.231505,1.845850,23.000000,0.630252
0.076923,0.198913,1.791667,29.215981,1.448718,13.000000,0.641791
0.076923,0.466042,3.615385,29.133785,1.823529,17.000000,0.783333
0.058824,0.606883,4.153846,30.000000,2.084211,20.000000,0.805970
0.058824,0.213193,1.063830,27.901421,1.757353,17.000000,0.515464
0.076923,0.124055,1.108108,28.553837,1.970899,28.000000,0.525641
0.076923,0.395875,3.357143,29.487331,1.823529,17.000000,0.770492
0.058824,0.541210,4.153846,30.000000,2.084211,20.000000,0.805970
0.058824,0.213193,1.063830,27.901421,1.757353,17.000000,0.515464
0.076923,0.952239,4.153846,25.289349,2.084211,20.000000,0.805970
0.076923,0.147547,1.720000,29.784484,1.448718,13.000000,0.632353
0.050000,0.952239,4.153846,25.289349,2.084211,20.000000,0.805970
0.050000,1.000000,1.704545,29.231505,1.845850,23.000000,0.630252
0.142857,0.882428,2.764706,30.000000,1.750000,17.000000,0.734375
0.125000,0.066341,1.600000,27.684653,1.954545,33.000000,0.615385
0.166667,1.000000,3.270833,28.636948,2.053156,43.000000,0.765854
0.125000,0.169562,2.966667,28.711045,2.067736,34.000000,0.747899
0.166667,1.000000,1.583333,28.132258,1.816667,16.000000,0.612903
0.062500,0.634813,2.110553,30.000000,2.268514,92.000000,0.678514
0.062500,1.000000,2.166667,29.844896,1.825000,16.000000,0.684211
0.100000,1.000000,2.300000,12.404414,1.858974,13.000000,0.696970
0.076923,0.000000,1.562500,29.801616,1.928571,21.000000,0.609756
0.076923,1.000000,2.300000,12.404414,1.858974,13.000000,0.696970
0.062500,1.000000,2.166667,29.844896,1.825000,16.000000,0.684211
0.062500,0.634813,2.110553,30.000000,2.268514,92.000000,0.678514
0.055556,0.308827,2.947368,28.763037,1.633987,18.000000,0.746667
0.055556,0.850651,1.168831,28.241891,1.953202,29.000000,0.538922
0.142857,0.632455,1.714286,30.000000,1.428571,7.000000,0.631579
0.055556,0.308827,2.947368,28.763037,1.633987,18.000000,0.746667
0.055556,0.850651,1.168831,28.241891,1.953202,29.000000,0.538922
0.034483,0.047704,1.634615,29.000000,1.869458,29.000000,0.620438
0.052632,1.000000,1.620690,19.442341,1.807018,19.000000,0.618421
0.052632,0.094340,1.833333,29.589932,1.678363,19.000000,0.647059
0.111111,0.702817,1.909091,29.733394,2.047619,21.000000,0.656250
0.058824,0.154136,1.782609,28.851648,1.742647,17.000000,0.640625
0.062500,0.319851,2.275862,28.877572,1.998498,37.000000,0.694737
0.200000,0.472376,3.500000,19.178642,1.500000,8.000000,0.777778
0.200000,1.000000,1.600000,2.951575,1.200000,5.000000,0.615385
0.090909,0.618425,1.133333,29.932674,2.009195,30.000000,0.531250
0.090909,0.618425,1.133333,29.932674,2.009195,30.000000,0.531250
0.166667,1.000000,2.000000,30.000000,1.466667,6.000000,0.666667
0.166667,0.989308,1.216216,28.333333,1.777778,18.000000,0.548780
0.125000,0.102620,1.280000,29.239941,2.018487,35.000000,0.561404
0.125000,0.810744,1.800000,26.250000,1.357143,8.000000,0.642857
0.142857,0.896347,1.615385,22.614966,1.416667,9.000000,0.617647
0.142857,0.177665,1.777778,27.368278,1.238095,7.000000,0.640000
0.166667,0.119079,2.800000,28.270856,1.873684,20.000000,0.736842
0.166667,0.000000,5.500000,26.082723,1.266667,6.000000,0.846154
0.090909,0.068082,2.000000,27.272727,1.672727,11.000000,0.666667
0.090909,0.000000,1.789474,29.613665,1.716667,16.000000,0.641509
0.034483,0.195037,1.451613,26.183734,2.246305,29.000000,0.592105
0.038462,1.000000,4.608696,29.944944,1.809231,26.000000,0.821705
0.038462,1.000000,4.608696,29.944944,1.809231,26.000000,0.821705
0.045455,0.361175,1.416667,27.035666,1.753247,22.000000,0.586207
0.142857,0.748514,3.000000,29.615953,1.699346,18.000000,0.750000
0.166667,0.635575,2.000000,24.740675,1.535714,8.000000,0.666667
0.166667,0.284102,1.965909,29.058581,2.023936,48.000000,0.662835
0.100000,1.000000,2.333333,30.000000,1.533333,10.000000,0.700000
0.100000,1.000000,2.333333,30.000000,1.533333,10.000000,0.700000
0.100000,1.000000,2.333333,30.000000,1.533333,10.000000,0.700000
0.111111,0.125061,2.428571,29.455351,1.527778,9.000000,0.708333
0.047619,0.533840,3.822222,29.989429,1.881506,43.000000,0.792627
0.100000,1.000000,2.333333,30.000000,1.533333,10.000000,0.700000
0.111111,0.125061,2.428571,29.455351,1.527778,9.000000,0.708333
0.045455,0.010879,1.735849,29.029751,1.830000,25.000000,0.634483
0.045455,0.010879,1.735849,29.029751,1.830000,25.000000,0.634483
0.055556,1.000000,2.000000,30.000000,1.954248,18.000000,0.666667
0.055556,0.646961,1.782609,26.429452,1.910526,20.000000,0.640625
0.142857,0.302533,4.600000,27.197573,1.581818,11.000000,0.821429
0.250000,0.646961,1.782609,26.429452,1.910526,20.000000,0.640625
0.142857,0.049720,1.875000,30.000000,1.285714,7.000000,0.652174
0.142857,0.052726,2.166667,28.365780,1.566667,16.000000,0.684211
0.111111,0.198830,1.636364,30.000000,1.500000,9.000000,0.620690
0.200000,0.182390,1.750000,22.880798,1.300000,5.000000,0.636364
0.166667,0.335473,1.176471,30.000000,1.977833,29.000000,0.540541
0.166667,0.335473,1.176471,30.000000,1.977833,29.000000,0.540541
0.125000,0.000000,1.703704,29.772966,1.830000,25.000000,0.630137
0.125000,0.003922,1.666667,30.000000,1.464286,8.000000,0.625000
0.125000,0.776734,1.705882,19.809905,1.808333,16.000000,0.630435
0.062500,0.003922,2.541667,28.390887,1.847619,21.000000,0.717647
0.062500,0.776734,1.705882,19.809905,1.808333,16.000000,0.630435
0.100000,0.327639,1.750000,30.000000,1.533333,10.000000,0.636364
0.125000,0.011673,1.416667,30.000000,1.428571,8.000000,0.586207
0.125000,1.000000,1.622222,16.076079,1.977208,27.000000,0.618644
0.142857,1.000000,1.622222,16.076079,1.977208,27.000000,0.618644
0.083333,0.790036,2.121212,27.985626,1.900000,25.000000,0.679612
0.090909,0.023434,4.195122,29.373938,1.881506,43.000000,0.807512
0.090909,1.000000,1.818182,21.886019,1.636364,11.000000,0.645161
0.125000,0.011673,1.416667,30.000000,1.428571,8.000000,0.586207
0.125000,1.000000,1.622222,16.076079,1.977208,27.000000,0.618644
0.200000,0.011673,3.571429,25.715781,2.131868,14.000000,0.781250
0.043478,0.475161,1.159420,30.000000,1.977833,29.000000,0.536913
0.142857,0.325305,2.000000,26.306852,1.891304,24.000000,0.666667
0.142857,1.000000,4.000000,30.000000,1.428571,7.000000,0.800000
0.066667,0.051444,1.842105,23.324898,1.911765,17.000000,0.648148
0.058824,0.055760,1.842105,22.764328,1.911765,17.000000,0.648148
0.058824,0.427863,1.842105,28.025688,1.822823,37.000000,0.648148
0.100000,0.749692,1.514286,26.078741,1.773684,20.000000,0.602273
0.043478,0.475161,1.159420,30.000000,1.977833,29.000000,0.536913
0.052632,0.551257,2.350000,24.023427,1.847953,19.000000,0.701493
0.052632,0.006006,1.650000,29.474113,1.952564,40.000000,0.622642
0.076923,0.134066,1.647059,25.830067,1.794872,13.000000,0.622222
0.076923,0.211093,3.830508,28.961083,1.951379,53.000000,0.792982
0.090909,0.015504,3.777778,28.877794,1.400000,11.000000,0.790698
0.090909,0.011321,4.166667,30.000000,1.545455,11.000000,0.806452
0.090909,0.319108,2.058824,21.992649,1.923977,19.000000,0.673077
0.200000,1.000000,3.000000,30.000000,1.400000,5.000000,0.750000
0.090909,0.034186,2.789474,30.000000,1.653595,18.000000,0.736111
0.200000,0.022901,2.550000,29.060530,2.019763,23.000000,0.718310
0.200000,1.000000,2.000000,29.495933,1.400000,5.000000,0.666667
0.090909,0.034186,2.789474,30.000000,1.653595,18.000000,0.736111
0.058824,0.234085,2.012048,29.522850,1.880399,43.000000,0.668000
0.090909,0.034186,2.789474,30.000000,1.653595,18.000000,0.736111
0.200000,1.000000,2.100000,18.947336,1.681818,12.000000,0.677419
0.083333,0.182498,1.916667,28.766916,1.952899,24.000000,0.657143
0.083333,1.000000,2.100000,18.947336,1.681818,12.000000,0.677419
0.250000,0.274723,1.655172,24.137600,1.764706,18.000000,0.623377
0.250000,0.170494,1.655172,24.137600,1.764706,18.000000,0.623377
0.200000,0.131422,2.833333,21.191187,2.019763,23.000000,0.739130
0.250000,0.060090,2.101695,28.656062,2.080952,36.000000,0.677596
0.090909,0.026820,1.562500,25.240443,1.545455,11.000000,0.609756
0.090909,1.000000,1.909091,28.952633,1.681818,12.000000,0.656250
0.040000,0.743858,2.240000,29.833357,1.963333,25.000000,0.691358
0.040000,0.304239,1.647619,28.125037,2.023936,48.000000,0.622302
0.200000,0.900624,2.318182,20.939373,2.087719,19.000000,0.698630
0.200000,0.617433,2.318182,20.939373,2.087719,19.000000,0.698630
0.062500,0.505654,2.117647,26.589527,2.231151,64.000000,0.679245
0.062500,0.275020,2.190476,29.330625,1.666667,16.000000,0.686567
0.050000,0.044018,2.051282,28.826667,1.926154,26.000000,0.672269
0.050000,1.000000,1.263158,25.500000,1.810526,20.000000,0.558140
0.050000,0.228373,2.750000,29.431614,2.026667,25.000000,0.733333
0.050000,1.000000,1.263158,25.500000,1.810526,20.000000,0.558140
0.090909,0.026820,1.846154,30.000000,1.777778,19.000000,0.648649
0.055556,0.476142,1.918367,29.187970,2.036863,51.000000,0.657343
0.055556,0.610650,1.625000,26.741334,1.712418,18.000000,0.619048
0.111111,0.034483,1.700000,20.211053,1.527778,9.000000,0.629630
0.111111,1.000000,1.358974,29.727723,1.754386,19.000000,0.576087
0.142857,0.205955,3.000000,30.000000,1.285714,7.000000,0.750000
0.076923,0.099209,1.500000,26.088307,1.790514,23.000000,0.600000
0.100000,0.137637,2.500000,26.253008,1.644444,10.000000,0.714286
0.076923,0.099363,1.920000,30.000000,1.777778,19.000000,0.657534
0.166667,0.206222,5.500000,26.746678,1.266667,6.000000,0.846154
0.166667,0.258918,2.034483,25.863044,1.857143,21.000000,0.670455
0.090909,0.209214,2.168919,29.814741,2.298596,76.000000,0.684435
0.090909,0.209214,2.168919,29.814741,2.298596,76.000000,0.684435
0.200000,0.150427,2.671642,30.000000,2.186939,50.000000,0.727642
0.200000,0.861791,3.000000,30.000000,1.944444,9.000000,0.750000
0.200000,1.000000,3.500000,30.000000,1.300000,5.000000,0.777778
0.200000,0.927900,3.000000,30.000000,1.944444,9.000000,0.750000
0.200000,1.000000,3.500000,30.000000,1.300000,5.000000,0.777778
0.166667,1.000000,1.666667,30.000000,1.333333,6.000000,0.625000
0.250000,0.817097,2.190476,28.956559,1.862745,18.000000,0.686567
0.100000,1.000000,1.500000,26.088307,1.790514,23.000000,0.600000
0.083333,0.232323,3.300000,26.148987,1.575758,12.000000,0.767442
0.071429,1.000000,1.108108,28.679277,1.970899,28.000000,0.525641
0.071429,1.000000,1.108108,28.679277,1.970899,28.000000,0.525641
0.050000,0.195076,1.558140,30.000000,1.747368,20.000000,0.609091
0.083333,0.618435,4.285714,27.664583,1.606061,12.000000,0.810811
0.090909,1.000000,2.900000,30.000000,1.545455,11.000000,0.743590
0.111111,0.495218,2.363636,30.000000,1.666667,13.000000,0.702703
0.200000,0.894225,3.777778,30.000000,1.626374,14.000000,0.790698
0.250000,1.000000,2.318182,24.701261,1.826316,20.000000,0.698630
0.100000,0.642589,1.740741,30.000000,2.036863,51.000000,0.635135
0.142857,0.508293,1.825243,29.925257,2.036863,51.000000,0.646048
0.032258,0.234119,1.913978,28.969846,2.046531,50.000000,0.656827
0.032258,0.629289,1.162162,30.000000,1.993548,31.000000,0.537500
0.032258,0.234119,1.913978,28.969846,2.046531,50.000000,0.656827
0.032258,0.629289,1.162162,30.000000,1.993548,31.000000,0.537500
0.200000,0.587816,1.463415,28.628734,2.047233,39.000000,0.594059
0.071429,0.323404,1.876923,29.039735,1.944444,37.000000,0.652406
0.111111,0.478918,1.700000,20.211053,1.527778,9.000000,0.629630
0.111111,0.505355,1.825243,29.951340,2.036863,51.000000,0.646048
0.166667,0.408405,1.854167,29.427963,2.046531,50.000000,0.649635
0.071429,0.390967,2.024390,24.423080,1.978462,26.000000,0.669355
0.200000,0.655127,1.333333,24.938278,1.678571,8.000000,0.571429
0.125000,1.000000,1.488095,29.298783,2.076190,36.000000,0.598086
0.125000,0.096443,1.750000,21.469064,1.500000,8.000000,0.636364
0.125000,0.293168,1.500000,29.594814,1.847619,15.000000,0.600000
0.045455,0.231397,1.969697,25.583565,1.805195,22.000000,0.663265
0.045455,0.007463,1.804878,29.826431,1.943333,25.000000,0.643478
0.083333,0.352880,1.520000,27.637069,2.099160,35.000000,0.603175
0.166667,0.231397,1.969697,25.583565,1.805195,22.000000,0.663265
0.200000,0.664812,2.333333,30.000000,1.300000,5.000000,0.700000
0.066667,1.000000,1.488095,29.298783,2.076190,36.000000,0.598086
0.058824,0.601189,1.775510,29.752201,1.878436,44.000000,0.639706
0.058824,1.000000,1.448276,23.403102,1.816176,17.000000,0.591549
0.071429,1.000000,1.448276,28.845535,1.816176,17.000000,0.591549
0.071429,0.631410,1.550000,18.536727,1.714286,14.000000,0.607843
0.100000,0.000496,1.407895,24.268622,1.968254,36.000000,0.584699
0.100000,0.000496,1.407895,24.268622,1.968254,36.000000,0.584699
0.100000,0.000496,1.407895,24.268622,1.968254,36.000000,0.584699
0.166667,1.000000,1.600000,30.000000,1.533333,6.000000,0.615385
0.166667,1.000000,1.709091,30.000000,1.875269,31.000000,0.630872
0.058824,0.438478,2.560000,29.817547,1.643275,19.000000,0.719101
0.076923,0.677472,2.727273,30.000000,1.705128,13.000000,0.731707
0.200000,0.459756,1.750000,28.943212,1.300000,5.000000,0.636364
0.142857,0.355402,1.878378,29.597366,2.275909,94.000000,0.652582
0.142857,1.000000,1.333333,30.000000,1.476190,7.000000,0.571429
0.142857,1.000000,1.333333,30.000000,1.476190,7.000000,0.571429
0.142857,0.355402,1.878378,29.597366,2.275909,94.000000,0.652582
0.090909,0.430822,3.777778,29.715459,1.400000,11.000000,0.790698
0.090909,1.000000,1.791667,20.482031,1.803922,18.000000,0.641791
0.055556,1.000000,1.678571,30.000000,1.875269,31.000000,0.626667
0.055556,1.000000,1.791667,20.482031,1.803922,18.000000,0.641791
0.125000,0.763212,1.717949,27.220655,2.190883,27.000000,0.632075
0.125000,0.513356,1.717949,27.220655,2.190883,27.000000,0.632075
0.125000,0.480321,1.717949,27.220655,2.190883,27.000000,0.632075
0.058824,0.992563,1.313433,29.927865,1.936508,28.000000,0.567742
0.058824,0.286210,1.063830,27.901421,1.757353,17.000000,0.515464
0.058824,0.992563,1.313433,29.927865,1.936508,28.000000,0.567742
0.058824,0.286210,1.063830,27.901421,1.757353,17.000000,0.515464
0.125000,0.480321,1.717949,27.220655,2.190883,27.000000,0.632075
0.166667,0.843256,1.625000,25.552352,1.380952,7.000000,0.619048
0.076923,0.352386,2.652174,27.023968,1.847619,21.000000,0.726190
0.142857,0.184520,3.446429,28.968175,1.971088,49.000000,0.775100
0.200000,0.057748,2.666667,23.266624,1.691667,16.000000,0.727273
0.035714,0.762155,1.527778,30.000000,1.818548,32.000000,0.604396
0.035714,0.242730,1.236111,30.000000,1.929032,31.000000,0.552795
0.200000,1.000000,1.700000,29.698502,1.981855,32.000000,0.629630
0.100000,0.445474,1.547170,30.000000,1.846561,28.000000,0.607407
0.250000,1.000000,1.448276,23.403102,1.816176,17.000000,0.591549
0.090909,0.158527,2.500000,25.680957,1.948052,22.000000,0.714286
0.031250,1.000000,1.700000,29.766267,1.981855,32.000000,0.629630
0.031250,0.261056,2.043478,27.613566,1.939042,53.000000,0.671429
0.166667,0.565794,5.000000,27.493826,1.454545,11.000000,0.833333
0.125000,1.000000,2.000000,28.593850,1.428571,8.000000,0.666667
0.125000,0.512315,2.222222,26.975316,1.709091,11.000000,0.689655
0.125000,0.775773,1.333333,24.938278,1.678571,8.000000,0.571429
0.125000,0.516015,1.714286,30.000000,1.571429,8.000000,0.631579
0.125000,1.000000,2.076923,25.907075,1.666667,12.000000,0.675000
0.083333,0.162429,1.846154,25.321040,1.712121,12.000000,0.648649
0.083333,0.068884,1.714286,28.555236,1.692308,13.000000,0.631579
0.142857,0.400263,4.241935,30.000000,1.990960,60.000000,0.809231
0.100000,1.000000,1.923077,30.000000,1.581818,11.000000,0.657895
0.142857,0.469483,3.625000,30.000000,1.377778,10.000000,0.783784
0.043478,0.007692,1.750000,29.592310,1.766667,25.000000,0.636364
0.076923,0.007692,3.444444,29.759235,1.717949,13.000000,0.775000
0.076923,0.395780,2.250000,29.254812,1.615385,13.000000,0.692308
0.166667,0.243523,2.200000,21.777619,1.266667,6.000000,0.687500
0.166667,0.615762,3.571429,30.000000,2.131868,14.000000,0.781250
0.111111,0.286610,1.187500,14.074455,1.500000,9.000000,0.542857
0.111111,0.286610,1.187500,14.074455,1.500000,9.000000,0.542857
0.166667,0.243523,2.200000,21.777619,1.266667,6.000000,0.687500
0.166667,1.000000,3.571429,30.000000,2.131868,14.000000,0.781250
0.111111,0.286610,1.187500,14.074455,1.500000,9.000000,0.542857
0.100000,0.862680,1.687500,22.345823,1.400000,10.000000,0.627907
0.066667,0.248855,1.285714,30.000000,1.800000,15.000000,0.562500
0.047619,0.262848,1.509804,26.871040,1.970899,28.000000,0.601562
0.100000,1.000000,1.409091,27.787984,1.766234,22.000000,0.584906
0.052632,1.000000,1.409091,27.787984,1.766234,22.000000,0.584906
0.052632,0.000000,1.730769,26.172454,2.070175,19.000000,0.633803
0.090909,0.614414,1.764706,29.934309,1.490909,11.000000,0.638298
0.090909,0.003831,2.916667,29.949586,1.983389,43.000000,0.744681
0.200000,1.000000,1.318182,25.947184,1.769231,14.000000,0.568627
0.071429,0.257396,1.934426,13.025943,2.227021,43.000000,0.659218
0.071429,0.000000,5.142857,29.727720,1.681319,14.000000,0.837209
0.045455,0.257396,1.934426,13.025943,2.227021,43.000000,0.659218
0.045455,0.000000,3.190476,28.931652,1.761905,22.000000,0.761364
0.058824,0.016667,1.695652,30.000000,1.713235,17.000000,0.629032
0.090909,0.019231,1.833333,19.424421,1.600000,11.000000,0.647059
0.090909,1.000000,1.318182,28.569356,1.769231,14.000000,0.568627
0.062500,0.721170,2.000000,29.901954,1.633333,16.000000,0.666667
0.062500,0.148986,1.575000,24.285714,1.747619,21.000000,0.611650
0.142857,0.628419,2.346154,29.412855,1.783550,22.000000,0.701149
0.062500,0.148986,1.575000,24.285714,1.747619,21.000000,0.611650
0.022222,0.061063,1.551724,24.942473,2.295960,45.000000,0.608108
0.022222,0.031249,2.259259,30.000000,2.157802,59.000000,0.693182
0.076923,0.061063,1.551724,24.942473,2.295960,45.000000,0.608108
0.076923,0.087511,1.923077,27.137765,1.679487,13.000000,0.657895
0.125000,0.061063,1.551724,24.942473,2.295960,45.000000,0.608108
0.125000,0.061063,1.551724,24.942473,2.295960,45.000000,0.608108
0.022222,0.031249,2.259259,30.000000,2.157802,59.000000,0.693182
0.022222,0.061063,1.551724,24.942473,2.295960,45.000000,0.608108
0.166667,0.103910,1.911765,23.823791,2.043333,25.000000,0.656566
0.166667,0.099913,1.911765,23.823791,2.043333,25.000000,0.656566
0.125000,0.827635,1.649123,30.000000,1.875269,31.000000,0.622517
0.125000,1.000000,1.555556,22.500000,1.500000,8.000000,0.608696
0.047619,0.496639,2.175000,28.256949,1.911681,27.000000,0.685039
0.047619,1.000000,1.410256,25.594771,1.795238,21.000000,0.585106
0.047619,0.451168,2.750000,29.740399,2.026667,25.000000,0.733333
0.047619,1.000000,1.410256,25.594771,1.795238,21.000000,0.585106
0.090909,0.061063,1.551724,24.942473,2.295960,45.000000,0.608108
0.083333,0.240331,2.074766,28.382973,1.891429,50.000000,0.674772
0.083333,0.844687,1.875000,30.000000,1.636364,12.000000,0.652174
0.047619,0.163740,1.465517,22.119046,1.925403,32.000000,0.594406
0.047619,0.122882,1.911765,30.000000,2.043333,25.000000,0.656566
0.090909,0.517821,1.131579,29.931065,2.041270,36.000000,0.530864
0.062500,0.271310,2.079208,30.000000,2.268514,92.000000,0.675241
0.090909,0.198449,2.576271,28.812899,1.998718,40.000000,0.720379
0.071429,1.000000,2.187500,30.000000,1.648352,14.000000,0.686275
0.047619,0.163740,1.465517,22.119046,1.925403,32.000000,0.594406
0.047619,0.328986,1.911765,30.000000,2.043333,25.000000,0.656566
0.062500,0.271310,2.079208,30.000000,2.268514,92.000000,0.675241
0.250000,1.000000,1.260870,29.948213,1.769231,14.000000,0.557692
0.166667,0.977453,1.534483,28.801501,1.912698,28.000000,0.605442
0.166667,0.067403,1.884615,27.592890,2.141129,32.000000,0.653333
0.076923,0.672036,1.684211,23.848433,1.589744,13.000000,0.627451
0.200000,0.527590,1.354839,25.551341,1.801471,17.000000,0.575342
0.142857,1.000000,2.888889,30.000000,1.732026,18.000000,0.742857
0.125000,0.000000,2.428571,29.433838,1.392857,8.000000,0.708333
0.125000,1.000000,1.800000,29.635850,1.555556,9.000000,0.642857
0.111111,0.000000,1.092437,30.000000,2.070571,37.000000,0.522088
0.111111,1.000000,1.800000,29.635850,1.555556,9.000000,0.642857
0.090909,0.742239,2.036585,30.000000,1.880399,43.000000,0.670683
0.100000,1.000000,1.358974,28.465720,1.754386,19.000000,0.576087
0.166667,0.141431,4.833333,30.000000,1.653846,13.000000,0.828571
0.071429,1.000000,1.115385,29.799893,1.846154,14.000000,0.527273
0.071429,0.372694,1.480769,29.483927,1.970899,28.000000,0.596899
0.076923,0.097975,1.571429,27.003599,1.628205,13.000000,0.611111
0.076923,0.044177,1.509091,29.326899,1.970443,29.000000,0.601449
0.076923,0.097975,1.571429,27.003599,1.628205,13.000000,0.611111
0.076923,0.109826,2.868852,30.000000,1.983389,43.000000,0.741525
0.100000,0.106301,3.133333,27.704157,1.752632,20.000000,0.758065
0.066667,0.799188,1.549296,30.000000,1.818548,32.000000,0.607735
0.076923,0.069336,1.842105,29.965036,1.551282,13.000000,0.648148
0.058824,0.251535,3.000000,28.325331,1.794118,17.000000,0.750000
0.166667,1.000000,2.000000,23.199649,1.705882,17.000000,0.666667
0.166667,0.625577,2.250000,23.701450,1.400000,6.000000,0.692308
0.200000,0.201191,2.904762,27.777295,1.861905,21.000000,0.743902
0.200000,0.665041,5.500000,27.942622,1.266667,6.000000,0.846154
0.071429,0.454777,1.947368,29.135259,1.626374,14.000000,0.660714
0.071429,1.000000,2.000000,27.895137,1.900585,19.000000,0.666667
0.071429,1.000000,2.000000,27.895137,1.900585,19.000000,0.666667
0.071429,0.454777,1.947368,29.135259,1.626374,14.000000,0.660714
0.200000,0.000978,3.789474,29.626386,1.927454,38.000000,0.791209
0.090909,1.000000,1.746269,28.145699,1.910345,30.000000,0.635870
0.090909,0.783104,1.625000,27.376640,1.527273,11.000000,0.619048
0.066667,0.184643,2.235294,29.647737,1.638095,15.000000,0.690909
0.066667,1.000000,1.451613,26.183734,2.246305,29.000000,0.592105
0.076923,1.000000,1.684932,29.540509,1.752016,32.000000,0.627551
0.076923,1.000000,1.451613,26.183734,2.246305,29.000000,0.592105
0.071429,0.367418,1.151786,29.770903,2.041270,36.000000,0.535270
0.071429,0.409685,3.416667,30.000000,1.549451,14.000000,0.773585
0.076923,0.217186,2.098039,30.000000,1.826211,27.000000,0.677215
0.076923,1.000000,1.527027,27.918237,1.740230,30.000000,0.604278
0.066667,0.184643,2.235294,29.647737,1.638095,15.000000,0.690909
0.066667,1.000000,1.451613,26.183734,2.246305,29.000000,0.592105
0.200000,0.785899,1.666667,29.773535,1.710526,20.000000,0.625000
0.066667,0.184643,2.235294,29.647737,1.638095,15.000000,0.690909
0.066667,1.000000,1.451613,26.183734,2.246305,29.000000,0.592105
0.055556,0.000000,2.462500,29.262016,1.884752,48.000000,0.711191
0.052632,0.142855,1.450000,26.754490,1.789474,19.000000,0.591837
0.052632,1.000000,1.451613,26.183734,2.246305,29.000000,0.592105
0.058824,1.000000,1.746269,28.683615,1.910345,30.000000,0.635870
0.058824,0.527843,1.063830,27.901421,1.757353,17.000000,0.515464
0.090909,0.783104,1.625000,27.376640,1.527273,11.000000,0.619048
0.090909,1.000000,1.746269,28.145699,1.910345,30.000000,0.635870
0.058824,1.000000,1.746269,28.683615,1.910345,30.000000,0.635870
0.058824,0.527843,1.063830,27.901421,1.757353,17.000000,0.515464
0.071429,0.367418,1.151786,29.770903,2.041270,36.000000,0.535270
0.071429,0.409685,3.416667,30.000000,1.549451,14.000000,0.773585
0.090909,1.000000,1.451613,26.183734,2.246305,29.000000,0.592105
0.090909,0.783104,1.625000,30.000000,1.527273,11.000000,0.619048
0.076923,1.000000,2.098039,30.000000,1.826211,27.000000,0.677215
0.076923,1.000000,1.527027,27.918237,1.740230,30.000000,0.604278
0.047619,1.000000,2.147059,29.766579,1.652381,21.000000,0.682243
0.090909,0.178696,1.811111,29.071475,1.840683,38.000000,0.644269
0.142857,0.373651,2.428571,30.000000,1.428571,8.000000,0.708333
0.142857,0.407123,1.642857,13.744309,1.772727,12.000000,0.621622
0.200000,0.407123,1.642857,13.744309,1.772727,12.000000,0.621622
0.090909,0.081090,1.647059,30.000000,1.490909,11.000000,0.622222
0.090909,0.141812,1.525641,28.499756,1.744086,31.000000,0.604061
0.076923,1.000000,2.250000,28.053310,1.653846,13.000000,0.692308
0.076923,0.141812,1.525641,28.499756,1.744086,31.000000,0.604061
0.050000,0.990885,1.168831,28.241891,1.953202,29.000000,0.538922
0.250000,1.000000,4.000000,23.909317,1.333333,4.000000,0.800000
0.050000,1.000000,2.816667,26.695921,2.169326,48.000000,0.737991
0.050000,0.990885,1.168831,28.241891,1.953202,29.000000,0.538922
0.166667,0.511441,2.631579,27.936148,1.956322,30.000000,0.724638
0.166667,1.000000,1.833333,30.000000,1.266667,6.000000,0.647059
0.166667,0.008264,2.200000,29.478342,1.266667,6.000000,0.687500
0.142857,0.271639,2.534884,29.899939,1.753968,28.000000,0.717105
0.045455,0.622157,1.652174,26.157914,1.926667,25.000000,0.622951
0.045455,1.000000,1.377778,28.645060,1.766234,22.000000,0.579439
0.047619,1.000000,1.475000,11.938908,1.809524,21.000000,0.595960
0.047619,0.536217,2.103448,29.991601,1.940711,23.000000,0.677778
0.142857,0.415377,2.100000,25.385461,1.963235,17.000000,0.677419
0.142857,0.415377,2.100000,25.385461,1.963235,17.000000,0.677419
0.142857,0.415377,2.100000,25.385461,1.963235,17.000000,0.677419
0.021739,0.093902,2.178571,30.000000,2.157802,59.000000,0.685393
0.021739,0.416422,1.489362,26.748665,2.222222,46.000000,0.598291
0.083333,0.674217,1.814815,29.228483,2.141129,32.000000,0.644737
0.250000,0.352461,1.556818,26.205910,2.312077,46.000000,0.608889
0.250000,0.341132,1.687500,20.174571,1.651515,12.000000,0.627907
0.090909,1.000000,3.000000,27.552074,1.563636,11.000000,0.750000
0.090909,0.657396,1.884615,28.320711,2.141129,32.000000,0.653333
0.071429,0.416422,1.489362,26.748665,2.222222,46.000000,0.598291
0.071429,0.550459,2.153846,29.343196,1.692308,14.000000,0.682927
0.100000,0.189485,2.000000,29.220870,1.422222,10.000000,0.666667
0.100000,0.377116,1.294118,26.287864,1.888889,19.000000,0.564103
0.052632,0.278462,2.020000,28.888889,1.809117,27.000000,0.668874
0.052632,0.377116,1.294118,26.287864,1.888889,19.000000,0.564103
0.031250,0.655264,1.884615,27.592890,2.141129,32.000000,0.653333
0.031250,0.293689,2.327586,27.526586,1.928571,36.000000,0.699482
0.111111,0.294127,3.166667,27.522774,1.472222,9.000000,0.760000
0.111111,0.416422,1.489362,26.748665,2.222222,46.000000,0.598291
0.142857,0.000000,1.555556,21.815496,1.692308,14.000000,0.608696
0.111111,0.294127,3.166667,27.522774,1.472222,9.000000,0.760000
0.111111,0.416422,1.489362,26.748665,2.222222,46.000000,0.598291
0.021739,0.093902,2.178571,30.000000,2.157802,59.000000,0.685393
0.021739,0.416422,1.489362,26.748665,2.222222,46.000000,0.598291
0.200000,1.000000,1.666667,30.000000,1.500000,5.000000,0.625000
0.250000,0.060994,3.166667,29.866759,1.604396,14.000000,0.760000
0.250000,1.000000,4.000000,20.584276,1.333333,4.000000,0.800000
0.125000,0.412612,1.687500,20.174571,1.651515,12.000000,0.627907
0.166667,0.406208,3.583333,29.249233,1.809231,26.000000,0.781818
0.100000,0.222496,1.555556,16.818837,1.705128,13.000000,0.608696
0.142857,0.008475,1.689655,28.066667,1.600000,15.000000,0.628205
0.142857,0.722945,2.058824,21.992649,1.923977,19.000000,0.673077
0.100000,0.376140,2.352941,23.028463,1.900000,20.000000,0.701754
0.052632,0.823311,2.440000,29.407405,1.847619,21.000000,0.709302
0.052632,0.722945,2.058824,21.992649,1.923977,19.000000,0.673077
0.076923,1.000000,2.380952,28.322875,1.748538,19.000000,0.704225
0.076923,0.549848,5.375000,29.944416,1.448718,13.000000,0.843137
0.100000,0.978736,1.716981,30.000000,1.771739,24.000000,0.631944
0.062500,0.445875,2.833333,28.914948,1.575000,16.000000,0.739130
0.100000,0.885149,2.000000,24.067269,1.800000,10.000000,0.666667
0.040000,0.006175,2.888889,29.745033,2.090909,44.000000,0.742857
0.250000,1.000000,1.583333,19.875900,1.577778,10.000000,0.612903
0.090909,1.000000,1.448276,30.000000,1.571429,14.000000,0.591549
0.090909,1.000000,2.454545,30.000000,1.636364,12.000000,0.710526
0.125000,0.056637,1.333333,24.938278,1.678571,8.000000,0.571429
0.100000,0.154048,3.000000,29.375876,1.466667,10.000000,0.750000
0.166667,0.332975,1.431034,29.761626,1.970443,29.000000,0.588652
0.111111,0.321307,4.600000,22.809673,1.361111,9.000000,0.821429
0.040000,0.450172,2.161290,29.651126,2.307368,79.000000,0.683673
0.040000,0.450172,2.161290,29.651126,2.307368,79.000000,0.683673
0.023256,0.333274,2.456790,28.981955,1.934694,50.000000,0.710714
0.142857,0.242066,2.000000,9.041592,1.238095,7.000000,0.666667
0.071429,0.017241,1.377778,30.000000,1.766234,22.000000,0.579439
0.142857,1.000000,1.545455,30.000000,1.428571,8.000000,0.607143
0.166667,1.000000,2.166667,30.000000,1.733333,15.000000,0.684211
0.200000,0.361284,3.000000,30.000000,1.400000,5.000000,0.750000
0.200000,0.361096,1.469697,24.518344,1.822989,30.000000,0.595092
0.100000,0.390066,1.533333,27.272727,1.618182,11.000000,0.605263
0.100000,0.096410,1.142857,30.000000,1.533333,10.000000,0.533333
0.090909,0.919084,1.692308,29.693635,1.758333,16.000000,0.628571
0.090909,0.245902,1.608696,28.407390,1.727941,17.000000,0.616667
0.100000,0.021898,1.518519,30.000000,1.698529,17.000000,0.602941
0.100000,1.000000,1.200000,26.925000,1.711111,10.000000,0.545455
0.071429,0.132590,4.714286,30.000000,1.637363,14.000000,0.825000
0.071429,0.004329,2.333333,30.000000,1.533333,15.000000,0.700000
0.071429,0.310422,1.208333,30.000000,1.846154,14.000000,0.547170
0.090909,0.591677,1.531250,22.628724,1.805263,20.000000,0.604938
0.142857,1.000000,1.488889,27.556127,1.844203,24.000000,0.598214
0.142857,0.421149,2.500000,30.000000,1.285714,7.000000,0.714286
0.200000,0.321446,1.625000,30.000000,1.766082,19.000000,0.619048
0.166667,0.379530,1.733333,30.000000,1.666667,12.000000,0.634146
0.083333,1.000000,1.705882,30.000000,1.606061,12.000000,0.630435
0.166667,1.000000,1.705882,30.000000,1.606061,12.000000,0.630435
0.062500,0.289252,1.212121,30.000000,1.977833,29.000000,0.547945
0.200000,0.665503,1.759259,26.508197,1.841379,30.000000,0.637584
0.062500,0.289252,1.212121,30.000000,1.977833,29.000000,0.547945
0.100000,1.000000,2.250000,20.816867,1.835165,14.000000,0.692308
0.250000,1.000000,1.603774,29.951996,1.927419,32.000000,0.615942
0.111111,1.000000,4.800000,29.797407,2.052874,30.000000,0.827586
0.100000,1.000000,1.903448,24.741978,2.655321,72.000000,0.655582
0.062500,1.000000,4.774194,28.775801,1.986607,64.000000,0.826816
0.062500,0.669001,2.100000,28.125000,1.791667,16.000000,0.677419
0.142857,0.447038,3.000000,24.763463,1.428571,7.000000,0.750000
0.142857,1.000000,4.753846,28.937036,1.998191,67.000000,0.826203
0.071429,1.000000,4.774194,28.775801,1.986607,64.000000,0.826816
0.071429,0.130030,1.555556,21.815496,1.692308,14.000000,0.608696
0.125000,1.000000,4.822581,28.696262,1.994231,65.000000,0.828255
0.100000,1.000000,4.241935,30.000000,1.990960,60.000000,0.809231
0.100000,1.000000,1.833333,20.653350,1.577778,10.000000,0.647059
0.100000,0.169790,1.523364,19.359120,1.801802,37.000000,0.603704
0.200000,1.000000,5.111111,24.906562,1.727941,17.000000,0.836364
0.125000,0.180257,2.800000,30.000000,1.797101,24.000000,0.736842
0.058824,1.000000,1.683036,29.910461,2.287640,90.000000,0.627288
0.142857,0.033889,2.000000,29.144762,1.852814,22.000000,0.666667
0.058824,1.000000,1.683036,29.910461,2.287640,90.000000,0.627288
0.111111,0.897385,2.692308,30.000000,1.747253,14.000000,0.729167
0.066667,0.008772,2.846154,30.000000,1.761905,15.000000,0.740000
0.066667,0.663507,2.132353,25.162616,2.222017,47.000000,0.680751
0.142857,0.492132,2.500000,25.818909,1.945652,24.000000,0.714286
0.090909,0.492132,2.500000,25.818909,1.945652,24.000000,0.714286
0.043478,0.492132,2.500000,25.818909,1.945652,24.000000,0.714286
0.043478,0.004367,2.517241,30.000000,1.798419,23.000000,0.715686
0.062500,0.312900,2.000000,28.531021,1.633333,16.000000,0.666667
0.062500,0.413240,2.368421,26.635763,1.735294,17.000000,0.703125
0.111111,1.000000,1.647059,30.000000,1.222222,9.000000,0.622222
0.111111,0.310993,2.392857,30.000000,1.733333,21.000000,0.705263
0.111111,0.310993,2.392857,30.000000,1.733333,21.000000,0.705263
0.111111,1.000000,1.647059,30.000000,1.222222,9.000000,0.622222
0.111111,0.310993,2.392857,30.000000,1.733333,21.000000,0.705263
0.111111,1.000000,1.647059,30.000000,1.222222,9.000000,0.622222
0.071429,1.000000,2.375000,30.000000,1.681319,14.000000,0.703704
0.071429,0.464381,2.155172,29.444444,1.888889,54.000000,0.683060
0.142857,1.000000,2.333333,30.000000,1.571429,8.000000,0.700000
0.142857,1.000000,2.333333,30.000000,1.571429,8.000000,0.700000
0.142857,1.000000,2.333333,30.000000,1.571429,8.000000,0.700000
0.090909,0.139969,1.636364,28.109140,1.345455,11.000000,0.620690
0.090909,0.254247,2.500000,29.957349,1.783908,30.000000,0.714286
0.100000,1.000000,1.909091,29.583393,1.555556,10.000000,0.656250
0.076923,1.000000,1.765957,18.117906,1.806268,27.000000,0.638462
0.076923,1.000000,4.111111,28.326103,1.551282,13.000000,0.804348
0.142857,0.676999,1.705882,29.385614,1.763333,25.000000,0.630435
0.066667,0.629252,2.918919,30.000000,1.756614,28.000000,0.744828
0.043478,1.000000,1.645161,29.968583,1.798419,23.000000,0.621951
0.043478,0.748211,2.674419,29.065833,1.783908,30.000000,0.727848
0.111111,0.874418,1.687500,26.090541,1.590909,12.000000,0.627907
0.111111,0.618942,1.290698,25.200859,1.968468,37.000000,0.563452
0.050000,0.759023,5.363636,29.540237,1.726316,20.000000,0.842857
0.050000,0.618942,1.290698,25.200859,1.968468,37.000000,0.563452
0.029412,0.647130,1.352273,29.651456,1.958748,38.000000,0.574879
0.083333,0.885342,1.823529,28.490372,1.980808,45.000000,0.645833
0.047619,0.032264,2.416667,25.805685,1.838095,21.000000,0.707317
0.047619,0.571116,1.677419,29.831776,2.005797,46.000000,0.626506
0.250000,0.166739,2.916667,29.991951,1.797101,24.000000,0.744681
0.125000,1.000000,1.446429,25.119880,1.880342,27.000000,0.591241
0.125000,0.000000,2.375000,28.080045,1.321429,8.000000,0.703704
0.142857,0.118515,2.383929,28.774404,2.218417,73.000000,0.704485
0.038462,0.333621,2.150442,30.000000,1.861237,52.000000,0.682584
0.038462,0.610303,2.500000,20.770101,2.104615,26.000000,0.714286
0.100000,0.159270,2.000000,27.432672,1.644444,10.000000,0.666667
0.083333,0.012766,3.333333,29.063248,1.545455,12.000000,0.769231
0.111111,0.108434,2.300000,26.198483,1.361111,9.000000,0.696970
0.250000,0.032892,2.500000,30.000000,1.718954,18.000000,0.714286
0.058824,0.012766,5.750000,27.602208,1.661765,17.000000,0.851852
0.022222,0.425249,2.553846,29.799114,2.098990,45.000000,0.718615
0.022222,0.566938,2.085227,29.466639,2.266781,84.000000,0.675875
0.022222,0.425249,2.553846,29.799114,2.098990,45.000000,0.718615
0.022222,0.566938,2.085227,29.466639,2.266781,84.000000,0.675875
0.100000,1.000000,1.769231,30.000000,1.750000,17.000000,0.638889
0.111111,1.000000,2.750000,29.134300,1.388889,9.000000,0.733333
0.111111,0.476312,2.100000,30.000000,1.533333,10.000000,0.677419
0.022222,0.566938,2.085227,29.466639,2.266781,84.000000,0.675875
0.022222,0.425249,2.553846,29.799114,2.098990,45.000000,0.718615
0.022222,0.566938,2.085227,29.466639,2.266781,84.000000,0.675875
0.022222,0.425249,2.553846,29.799114,2.098990,45.000000,0.718615
0.111111,1.000000,2.750000,29.134300,1.388889,9.000000,0.733333
0.111111,0.476312,2.100000,30.000000,1.533333,10.000000,0.677419
0.090909,0.434583,2.863636,23.979295,2.061594,24.000000,0.741176
0.250000,1.000000,1.724138,28.754880,1.876190,21.000000,0.632911
0.142857,0.403811,5.000000,26.264641,1.523810,7.000000,0.833333
0.066667,0.023085,2.397260,30.000000,2.148050,48.000000,0.705645
0.066667,0.351398,3.416667,28.488929,1.609524,15.000000,0.773585
0.090909,0.194104,2.363636,28.544556,1.527273,11.000000,0.702703
0.066667,0.023085,2.397260,30.000000,2.148050,48.000000,0.705645
0.066667,0.351398,3.416667,28.488929,1.609524,15.000000,0.773585
0.090909,1.000000,2.500000,30.000000,1.545455,11.000000,0.714286
0.090909,1.000000,2.500000,30.000000,1.545455,11.000000,0.714286
0.090909,1.000000,2.500000,30.000000,1.545455,11.000000,0.714286
0.125000,0.329359,1.583333,26.853994,1.766667,16.000000,0.612903
0.125000,0.004115,2.000000,29.081685,1.357143,8.000000,0.666667
0.052632,1.000000,1.377778,27.965935,1.766234,22.000000,0.579439
0.052632,0.096398,1.730769,27.419804,2.070175,19.000000,0.633803
0.250000,0.377276,2.863636,23.979295,2.061594,24.000000,0.741176
0.250000,0.411405,1.296296,30.000000,1.795238,21.000000,0.564516
0.142857,1.000000,1.600000,18.750001,1.428571,8.000000,0.615385
0.166667,0.268674,2.050000,26.199733,1.714286,15.000000,0.672131
0.166667,0.298837,1.685714,17.255559,1.847619,21.000000,0.627660
0.166667,0.268674,2.050000,26.199733,1.714286,15.000000,0.672131
0.111111,1.000000,2.687500,28.844346,2.071429,28.000000,0.728814
0.111111,1.000000,1.200000,26.925000,1.711111,10.000000,0.545455
0.041667,1.000000,1.621622,24.014209,1.640000,25.000000,0.618557
0.041667,0.792580,1.479167,30.000000,1.807971,24.000000,0.596639
0.066667,0.256479,1.583333,26.317078,1.638095,15.000000,0.612903
0.066667,0.704395,1.983193,29.611065,2.232028,59.000000,0.664789
0.066667,0.559528,2.144330,29.597165,2.255431,90.000000,0.681967
0.066667,0.406638,3.416667,28.488929,1.609524,15.000000,0.773585
0.066667,0.586931,2.091371,29.760268,2.304348,93.000000,0.676519
0.029412,0.465609,1.763033,29.659091,2.277952,88.000000,0.638079
0.029412,0.019795,1.268041,29.115206,2.023173,34.000000,0.559091
0.076923,0.643425,2.088757,29.215470,2.345955,84.000000,0.676245
0.076923,1.000000,2.428571,26.136000,1.653846,13.000000,0.708333
0.076923,0.605968,2.157068,29.605732,2.250255,89.000000,0.683250
0.050000,0.157036,1.735426,28.435539,2.307939,94.000000,0.634426
0.050000,0.578851,1.277778,29.856149,1.942105,20.000000,0.560976
0.153846,0.230711,2.545455,27.867330,1.974359,13.000000,0.717949
0.153846,0.085893,1.523364,19.359120,1.801802,37.000000,0.603704
0.076923,0.206116,1.906122,29.754246,2.353819,106.000000,0.655899
0.076923,0.794312,2.750000,30.000000,1.628205,13.000000,0.733333
0.076923,0.643425,2.088757,29.215470,2.345955,84.000000,0.676245
0.076923,1.000000,2.428571,26.136000,1.653846,13.000000,0.708333
0.029412,0.465609,1.763033,29.659091,2.277952,88.000000,0.638079
0.029412,0.019795,1.268041,29.115206,2.023173,34.000000,0.559091
0.050000,0.157036,1.735426,28.435539,2.307939,94.000000,0.634426
0.050000,0.578851,1.277778,29.856149,1.942105,20.000000,0.560976
0.066667,0.559528,2.144330,29.597165,2.255431,90.000000,0.681967
0.200000,0.328132,1.948936,30.000000,2.341138,103.000000,0.660895
0.076923,0.206116,1.906122,29.754246,2.353819,106.000000,0.655899
0.076923,0.794312,2.750000,30.000000,1.628205,13.000000,0.733333
0.052632,0.023629,1.923077,29.375259,1.853801,19.000000,0.657895
0.052632,0.245598,1.866337,29.109175,2.251270,87.000000,0.651123
0.200000,0.126588,1.939516,29.632689,2.345089,107.000000,0.659808
0.111111,0.025210,1.615385,24.887790,1.416667,9.000000,0.617647
0.111111,0.215077,1.987179,29.767800,2.341113,104.000000,0.665236
0.066667,0.406638,3.416667,28.488929,1.609524,15.000000,0.773585
0.066667,0.586931,2.091371,29.760268,2.304348,93.000000,0.676519
0.076923,0.794312,2.750000,30.000000,1.628205,13.000000,0.733333
0.076923,0.206116,1.906122,29.754246,2.353819,106.000000,0.655899
0.066667,1.000000,1.983193,29.611065,2.232028,59.000000,0.664789
0.066667,0.256479,1.583333,26.317078,1.638095,15.000000,0.612903
0.200000,0.126588,1.939516,29.632689,2.345089,107.000000,0.659808
0.250000,0.635117,1.642857,13.744309,1.772727,12.000000,0.621622
0.111111,0.025210,1.615385,24.887790,1.416667,9.000000,0.617647
0.111111,0.215077,1.987179,29.767800,2.341113,104.000000,0.665236
0.200000,0.328132,1.948936,30.000000,2.341138,103.000000,0.660895
0.153846,1.000000,1.903448,24.741978,2.655321,72.000000,0.655582
0.153846,0.691706,1.923077,30.000000,1.618182,11.000000,0.657895
0.076923,0.605968,2.157068,29.605732,2.250255,89.000000,0.683250
0.052632,0.023629,1.923077,29.375259,1.853801,19.000000,0.657895
0.052632,0.245598,1.866337,29.109175,2.251270,87.000000,0.651123
0.076923,0.794312,2.750000,30.000000,1.628205,13.000000,0.733333
0.076923,0.206116,1.906122,29.754246,2.353819,106.000000,0.655899
0.125000,1.000000,1.761905,30.000000,1.647619,15.000000,0.637931
0.058824,0.698274,2.076923,26.470588,1.676471,17.000000,0.675000
0.058824,0.889059,1.649123,30.000000,1.875269,31.000000,0.622517
0.111111,1.000000,3.250000,30.000000,1.638889,9.000000,0.764706
0.100000,0.060383,2.200000,28.871101,1.633333,16.000000,0.687500
0.100000,1.000000,2.720000,28.685424,1.831169,22.000000,0.731183
0.062500,0.004115,1.884615,29.950123,1.742105,20.000000,0.653333
0.062500,0.009523,4.750000,27.039948,1.758333,16.000000,0.826087
0.200000,0.256633,2.299145,29.054072,1.863636,56.000000,0.696891
0.058824,1.000000,2.272727,30.000000,1.632353,17.000000,0.694444
0.166667,0.008623,2.200000,28.475228,1.628205,13.000000,0.687500
0.062500,0.189959,1.923077,30.000000,1.583333,16.000000,0.657895
0.052632,0.435194,2.789474,26.894737,1.748538,19.000000,0.736111
0.052632,0.004184,1.962963,27.903366,1.878947,20.000000,0.662500
0.125000,0.016667,2.375000,29.290520,1.321429,8.000000,0.703704
0.125000,0.040521,1.435484,22.637308,1.958621,30.000000,0.589404
0.045455,0.510402,1.714286,29.856465,1.923645,29.000000,0.631579
0.045455,1.000000,1.355556,26.456780,1.787879,22.000000,0.575472
0.250000,1.000000,3.400000,28.610500,1.757143,21.000000,0.772727
0.083333,0.164815,1.941176,29.271982,1.637363,14.000000,0.660000
0.125000,0.095023,1.800000,29.909675,1.357143,8.000000,0.642857
0.125000,1.000000,1.529412,17.814559,1.606061,12.000000,0.604651
0.150000,0.023714,1.783784,3.328737,1.978947,20.000000,0.640777
0.150000,0.197639,1.783784,3.328737,1.978947,20.000000,0.640777
0.200000,0.104323,1.702128,4.517842,1.873518,23.000000,0.629921
0.200000,0.242479,1.702128,4.517842,1.873518,23.000000,0.629921
0.111111,0.269978,2.846154,3.623772,1.647619,15.000000,0.740000
0.083333,0.285128,2.250000,3.852674,1.700000,21.000000,0.692308
0.166667,0.903780,3.935484,4.922372,1.950089,34.000000,0.797386
0.125000,0.255440,3.133333,4.955749,1.654412,17.000000,0.758065
0.200000,0.981540,1.750000,8.104875,1.300000,5.000000,0.636364
0.076923,0.144022,2.024390,8.836041,1.836923,26.000000,0.669355
0.200000,0.113781,2.636364,6.680056,1.710526,20.000000,0.725000
0.200000,0.210915,2.100000,6.691022,1.600000,10.000000,0.677419
0.100000,0.637225,2.000000,6.445308,1.618182,11.000000,0.666667
0.250000,0.426262,1.541667,5.742227,1.692308,14.000000,0.606557
0.250000,0.730504,6.000000,2.091024,1.000000,4.000000,0.857143
0.142857,0.516347,2.545455,8.260322,1.681818,12.000000,0.717949
0.142857,0.546639,1.666667,8.987510,1.523810,7.000000,0.625000
0.142857,1.000000,1.714286,7.599333,1.476190,7.000000,0.631579
0.166667,1.000000,1.558824,5.383028,1.705882,17.000000,0.609195
0.166667,0.786077,5.000000,4.059244,1.333333,6.000000,0.833333
0.142857,0.546639,1.666667,8.987510,1.523810,7.000000,0.625000
0.058824,1.000000,1.558824,5.383028,1.705882,17.000000,0.609195
0.142857,0.049400,2.400000,10.902658,1.428571,7.000000,0.705882
0.142857,0.546639,1.666667,8.987510,1.523810,7.000000,0.625000
0.142857,0.803911,6.000000,8.155592,1.428571,7.000000,0.857143
0.125000,0.516199,2.250000,7.204356,1.884211,20.000000,0.692308
0.125000,1.000000,2.125000,8.358181,1.428571,8.000000,0.680000
0.125000,0.253145,3.625000,10.902719,1.666667,12.000000,0.783784
0.125000,0.106095,1.714286,5.877159,1.571429,8.000000,0.631579
0.125000,0.534012,2.178571,7.903562,1.926407,22.000000,0.685393
0.125000,0.516199,2.250000,7.204356,1.884211,20.000000,0.692308
0.125000,0.718604,2.125000,8.358181,1.428571,8.000000,0.680000
0.142857,0.327989,2.812500,5.170135,1.912281,19.000000,0.737705
0.142857,0.582689,1.600000,4.409717,1.238095,7.000000,0.615385
0.071429,0.516199,2.250000,7.204356,1.884211,20.000000,0.692308
0.090909,0.111433,2.727273,11.613096,1.769231,13.000000,0.731707
0.090909,0.339821,1.538462,12.928819,1.800000,11.000000,0.606061
0.090909,0.111433,2.727273,11.613096,1.769231,13.000000,0.731707
0.090909,0.480361,1.538462,12.928819,1.800000,11.000000,0.606061
0.111111,0.392709,3.625000,10.902719,1.666667,12.000000,0.783784
0.111111,0.004528,1.384615,11.268347,1.583333,9.000000,0.580645
0.111111,0.392709,3.625000,10.902719,1.666667,12.000000,0.783784
0.111111,0.202713,1.384615,11.268347,1.583333,9.000000,0.580645
0.111111,0.289085,2.586207,8.934929,1.907692,26.000000,0.721154
0.076923,0.792775,4.000000,5.403753,2.000000,13.000000,0.800000
0.076923,0.067144,2.384615,14.808145,1.846154,14.000000,0.704545
0.076923,0.792775,4.000000,5.403753,2.000000,13.000000,0.800000
0.076923,0.062125,2.384615,14.808145,1.846154,14.000000,0.704545
0.125000,0.032258,1.900000,17.201380,1.688889,10.000000,0.655172
0.200000,0.143357,3.633333,9.645413,2.058730,36.000000,0.784173
0.125000,0.032258,1.900000,17.201380,1.688889,10.000000,0.655172
0.111111,0.056348,3.823529,9.433900,2.008097,39.000000,0.792683
0.200000,0.000373,1.714286,7.148311,1.571429,8.000000,0.631579
0.200000,1.000000,1.750000,5.819172,1.300000,5.000000,0.636364
0.200000,0.017398,5.750000,8.552612,1.742424,12.000000,0.851852
0.166667,0.179900,1.909091,20.014939,1.763636,11.000000,0.656250
0.166667,0.118881,1.625000,6.716548,1.133333,6.000000,0.619048
0.166667,0.491982,1.909091,20.014939,1.763636,11.000000,0.656250
0.066667,0.335474,2.400000,20.996995,1.828571,15.000000,0.705882
0.066667,0.360455,3.000000,18.077383,2.005263,20.000000,0.750000
0.066667,0.335474,2.400000,20.996995,1.828571,15.000000,0.705882
0.066667,0.360455,3.000000,18.077383,2.005263,20.000000,0.750000
0.066667,0.067764,3.000000,18.077383,2.005263,20.000000,0.750000
0.066667,0.335474,2.400000,20.996995,1.828571,15.000000,0.705882
0.066667,0.335474,2.400000,20.996995,1.828571,15.000000,0.705882
0.066667,0.067764,3.000000,18.077383,2.005263,20.000000,0.750000
0.166667,1.000000,1.625000,7.149005,1.133333,6.000000,0.619048
0.166667,0.457955,2.125000,8.358181,1.428571,8.000000,0.680000
0.166667,1.000000,1.625000,7.149005,1.133333,6.000000,0.619048
0.166667,0.049862,2.125000,8.358181,1.428571,8.000000,0.680000
0.100000,0.169417,1.695652,20.632206,2.000000,18.000000,0.629032
0.090909,0.195231,3.552632,11.605732,2.103659,41.000000,0.780347
0.100000,0.316077,1.695652,20.632206,2.000000,18.000000,0.629032
0.250000,0.249770,1.909091,20.014939,1.763636,11.000000,0.656250
0.142857,0.131794,2.125000,8.122307,1.190476,7.000000,0.680000
0.142857,0.545440,1.166667,11.820419,1.636364,12.000000,0.538462
0.062500,0.163312,1.857143,21.838973,1.866667,16.000000,0.650000
0.062500,0.078478,2.737705,12.801010,2.015726,47.000000,0.732456
0.100000,0.455858,1.695652,20.632206,2.000000,18.000000,0.629032
0.100000,0.113236,3.142857,9.032768,1.555556,10.000000,0.758621
0.100000,0.282719,2.166667,13.379816,1.670330,14.000000,0.684211
0.062500,0.001583,1.857143,21.838973,1.866667,16.000000,0.650000
0.062500,0.078478,2.737705,12.801010,2.015726,47.000000,0.732456
0.250000,0.720598,1.909091,20.014939,1.763636,11.000000,0.656250
0.100000,0.167878,1.695652,20.632206,2.000000,18.000000,0.629032
0.100000,0.113236,3.142857,9.032768,1.555556,10.000000,0.758621
0.200000,0.479397,3.000000,5.988612,1.400000,5.000000,0.750000
0.071429,0.569258,2.750000,11.010624,1.685714,15.000000,0.733333
0.166667,0.058240,3.473684,4.865698,1.905797,24.000000,0.776471
0.166667,0.139015,5.500000,6.253012,1.266667,6.000000,0.846154
0.076923,0.190755,2.588235,18.322575,1.843137,18.000000,0.721311
0.076923,0.175943,2.588235,18.322575,1.843137,18.000000,0.721311
0.076923,0.094594,1.206897,13.222883,1.602564,13.000000,0.546875
0.142857,0.240506,2.000000,11.584143,1.476190,7.000000,0.666667
0.125000,0.057152,2.823529,14.156022,2.058699,62.000000,0.738462
0.090909,0.395552,0.916667,16.124943,1.733333,16.000000,0.478261
0.090909,0.209097,2.600000,10.334605,1.563636,11.000000,0.722222
0.100000,0.023011,1.857143,10.610266,1.422222,10.000000,0.650000
0.100000,0.214449,1.206897,13.222883,1.602564,13.000000,0.546875
0.071429,0.021571,3.086957,15.987014,2.090543,71.000000,0.755319
0.090909,0.291170,2.076923,15.885058,1.545455,11.000000,0.675000
0.071429,0.022138,3.086957,15.987014,2.090543,71.000000,0.755319
0.100000,0.122924,2.208333,13.126315,1.653595,18.000000,0.688312
0.058824,0.483725,1.088889,18.248934,1.790850,18.000000,0.521277
0.058824,0.263795,2.578947,12.195418,1.669118,17.000000,0.720588
0.090909,0.033333,1.631579,16.976403,1.436364,11.000000,0.620000
0.090909,0.483725,1.088889,18.248934,1.790850,18.000000,0.521277
0.111111,0.077949,3.000000,18.254448,2.092188,74.000000,0.750000
0.166667,0.388120,3.000000,4.132811,1.400000,6.000000,0.750000
0.166667,0.473132,2.000000,11.610241,1.476190,7.000000,0.666667
0.166667,0.068522,2.400000,8.278338,1.200000,6.000000,0.705882
0.166667,0.308976,2.812500,17.257455,1.912281,19.000000,0.737705
0.111111,0.079117,3.000000,18.254448,2.092188,74.000000,0.750000
0.166667,0.068522,2.400000,8.278338,1.200000,6.000000,0.705882
0.166667,0.198424,2.812500,17.257455,1.912281,19.000000,0.737705
0.125000,0.281540,1.857143,10.610266,1.422222,10.000000,0.650000
0.125000,0.723558,3.000000,15.693812,1.571429,8.000000,0.750000
0.142857,0.559303,1.888889,16.751952,1.622222,10.000000,0.653846
0.142857,0.264499,4.000000,11.132736,1.428571,7.000000,0.800000
0.111111,0.297505,3.764706,11.797166,1.945946,38.000000,0.790123
0.043478,0.364916,3.112360,14.897821,2.072464,69.000000,0.756831
0.043478,0.172469,1.968750,25.558048,1.877470,23.000000,0.663158
0.052632,0.275650,3.404255,11.895099,1.995960,45.000000,0.772947
0.052632,0.361826,1.800000,19.495900,1.877193,19.000000,0.642857
0.062500,0.340238,2.000000,12.757807,1.650000,16.000000,0.666667
0.062500,0.364916,3.112360,14.897821,2.072464,69.000000,0.756831
0.043478,0.208017,1.968750,25.558048,1.877470,23.000000,0.663158
0.043478,0.364916,3.112360,14.897821,2.072464,69.000000,0.756831
0.052632,0.275650,3.404255,11.895099,1.995960,45.000000,0.772947
0.052632,0.303417,1.800000,19.495900,1.877193,19.000000,0.642857
0.055556,0.394887,1.113636,20.501636,1.790850,18.000000,0.526882
0.055556,0.073775,1.700000,14.196888,1.771930,19.000000,0.629630
0.142857,0.394887,1.113636,20.501636,1.790850,18.000000,0.526882
0.142857,0.320918,1.583333,18.186136,1.095238,7.000000,0.612903
0.222222,0.469099,3.112360,14.897821,2.072464,69.000000,0.756831
0.250000,0.263396,2.933333,13.060383,2.034014,49.000000,0.745763
0.142857,0.440651,1.037037,14.802107,1.920949,23.000000,0.509091
0.250000,0.933637,3.404255,11.895099,1.995960,45.000000,0.772947
0.166667,0.118331,1.571429,20.217247,1.266667,6.000000,0.611111
0.166667,0.251559,1.700000,14.196888,1.771930,19.000000,0.629630
0.086957,0.528679,1.037037,14.802107,1.920949,23.000000,0.509091
0.086957,0.959970,3.166667,22.599406,2.077702,86.000000,0.760000
0.100000,0.880023,2.851064,25.139171,1.781513,35.000000,0.740331
0.142857,0.274603,1.833333,13.496068,1.600000,11.000000,0.647059
0.142857,0.931953,3.027778,12.243799,2.036967,57.000000,0.751724
0.200000,0.947251,3.112360,14.897821,2.072464,69.000000,0.756831
0.200000,0.874244,4.500000,13.544417,1.100000,5.000000,0.818182
0.142857,0.947251,3.112360,14.897821,2.072464,69.000000,0.756831
0.142857,0.634268,2.428571,15.598898,1.626374,14.000000,0.708333
0.086957,0.528679,1.037037,14.802107,1.920949,23.000000,0.509091
0.086957,0.958653,3.166667,22.599406,2.077702,86.000000,0.760000
0.100000,0.877242,2.851064,25.139171,1.781513,35.000000,0.740331
0.111111,0.158448,2.020000,23.650350,2.049206,36.000000,0.668874
0.111111,0.878629,1.562500,10.639060,1.305556,9.000000,0.609756
0.062500,0.158448,2.020000,23.650350,2.049206,36.000000,0.668874
0.062500,0.024390,1.384615,23.000739,1.758333,16.000000,0.580645
0.100000,0.193015,0.893939,22.294517,1.880952,21.000000,0.472000
0.111111,0.170361,2.020000,23.650350,2.049206,36.000000,0.668874
0.111111,0.878629,1.562500,10.639060,1.305556,9.000000,0.609756
0.062500,0.170361,2.020000,23.650350,2.049206,36.000000,0.668874
0.062500,0.024390,1.384615,23.000739,1.758333,16.000000,0.580645
0.100000,0.218811,2.020000,23.650350,2.049206,36.000000,0.668874
0.100000,0.126223,1.775000,17.769609,1.883333,25.000000,0.639640
0.100000,0.205137,2.020000,23.650350,2.049206,36.000000,0.668874
0.100000,0.074388,1.457143,18.868666,1.771930,19.000000,0.593023
0.200000,0.088742,1.384615,23.000739,1.758333,16.000000,0.580645
0.142857,0.174284,1.888889,21.928233,1.626374,14.000000,0.653846
0.200000,0.063449,1.054545,23.472737,1.821053,20.000000,0.513274
0.052632,0.207858,1.457143,18.868666,1.771930,19.000000,0.593023
0.052632,0.210548,0.893939,22.294517,1.880952,21.000000,0.472000
0.062500,0.186823,1.821429,15.081821,1.993277,35.000000,0.645570
0.062500,0.671428,1.333333,24.491005,1.750000,16.000000,0.571429
0.200000,0.454545,2.000000,8.977371,1.400000,5.000000,0.666667
0.043478,0.233915,1.750000,27.410865,1.873563,30.000000,0.636364
0.095238,0.108565,1.065574,23.547520,1.823810,21.000000,0.515873
0.200000,0.073365,2.066667,11.611811,1.641026,13.000000,0.673913
0.043478,0.060469,1.680851,19.336006,1.920228,27.000000,0.626984
0.043478,0.248164,1.750000,27.410865,1.873563,30.000000,0.636364
0.200000,0.155680,1.821429,15.081821,1.993277,35.000000,0.645570
0.090909,0.303975,1.380000,23.565710,1.785714,21.000000,0.579832
0.125000,0.380164,2.181818,11.283146,1.563636,11.000000,0.685714
0.166667,0.351031,1.309524,21.593996,1.823810,21.000000,0.567010
0.166667,0.303507,2.333333,11.089031,1.066667,6.000000,0.700000
0.047619,0.351031,1.309524,21.593996,1.823810,21.000000,0.567010
0.047619,0.049556,1.795455,21.505480,1.920228,27.000000,0.642276
0.090909,0.092651,1.687500,20.623581,1.768421,20.000000,0.627907
0.052632,0.222610,1.821429,15.081821,1.993277,35.000000,0.645570
0.052632,0.393323,1.325000,20.002519,1.800000,20.000000,0.569892
0.166667,0.075176,1.962963,25.527413,2.039039,37.000000,0.662500
0.166667,0.059567,1.962963,25.527413,2.039039,37.000000,0.662500
0.062500,0.008844,3.071429,9.598372,1.960784,18.000000,0.754386
0.083333,0.080151,1.775000,17.769609,1.883333,25.000000,0.639640
0.250000,0.336194,2.555556,19.128238,1.672727,11.000000,0.718750
0.200000,0.184526,1.941176,20.140946,2.408333,16.000000,0.660000
0.200000,0.410032,1.941176,20.140946,2.408333,16.000000,0.660000
0.285714,0.518340,1.833333,23.635541,2.408333,16.000000,0.647059
0.285714,0.100036,1.833333,23.635541,2.408333,16.000000,0.647059
0.062500,0.057643,1.666667,22.694147,1.933333,30.000000,0.625000
0.062500,0.459586,1.772727,19.282211,1.783333,16.000000,0.639344
0.062500,0.085188,1.519231,14.104652,2.002646,28.000000,0.603053
0.062500,0.459586,1.772727,19.282211,1.783333,16.000000,0.639344
0.045455,0.135924,2.078431,26.649684,2.039039,37.000000,0.675159
0.045455,0.095221,2.078431,26.649684,2.039039,37.000000,0.675159
0.050000,0.608541,1.380000,23.565710,1.785714,21.000000,0.579832
0.142857,0.043478,2.083333,18.198776,2.204678,19.000000,0.675676
0.062500,0.291529,2.529412,13.765574,1.700000,16.000000,0.716667
0.062500,0.110288,1.985294,25.501091,2.070825,44.000000,0.665025
0.062500,0.291529,2.529412,13.765574,1.700000,16.000000,0.716667
0.062500,0.116517,1.985294,25.501091,2.070825,44.000000,0.665025
0.062500,0.155534,2.529412,13.765574,1.700000,16.000000,0.716667
0.058824,0.014706,1.689655,22.688493,1.937634,31.000000,0.628205
0.111111,0.506646,2.250000,13.896994,1.500000,9.000000,0.692308
0.166667,0.047619,2.777778,14.038031,1.777778,18.000000,0.735294
0.111111,0.020979,2.352941,19.484951,1.838235,17.000000,0.701754
0.250000,0.620124,1.723404,21.747046,1.960317,28.000000,0.632812
0.200000,0.733611,1.545455,11.577833,1.622222,10.000000,0.607143
0.200000,0.207173,1.750000,16.042870,1.300000,5.000000,0.636364
0.055556,0.635168,1.837209,20.945792,1.920228,27.000000,0.647541
0.090909,0.635168,1.837209,20.945792,1.920228,27.000000,0.647541
0.200000,0.560152,1.651163,18.375369,1.883333,25.000000,0.622807
0.083333,0.433982,1.400000,16.710260,1.902174,24.000000,0.583333
0.083333,0.657206,1.516129,20.378139,1.683333,16.000000,0.602564
0.090909,0.344115,2.375000,18.937793,1.900585,19.000000,0.703704
0.090909,0.017241,2.571429,22.981328,1.345455,11.000000,0.720000
0.200000,0.296502,1.409091,13.722532,1.606061,12.000000,0.584906
0.142857,0.212898,2.170213,17.384911,1.993277,35.000000,0.684564
0.125000,0.483953,3.750000,14.945903,1.464286,8.000000,0.789474
0.125000,0.211705,2.600000,19.648097,1.607143,8.000000,0.722222
0.047619,0.131595,1.559322,18.532296,2.121212,33.000000,0.609272
0.047619,0.465849,1.656250,20.478079,1.909524,21.000000,0.623529
0.125000,0.790694,1.333333,24.491005,1.750000,16.000000,0.571429
0.058824,0.253360,2.777778,14.728747,1.777778,18.000000,0.735294
0.136364,0.916356,1.166667,11.820419,1.636364,12.000000,0.538462
0.200000,0.722711,2.923077,19.135453,1.714286,15.000000,0.745098
0.111111,0.677571,2.444444,19.972361,1.843137,18.000000,0.709677
0.052632,0.357053,1.153846,14.595943,1.941520,19.000000,0.535714
0.058824,0.253360,2.777778,14.728747,1.777778,18.000000,0.735294
0.071429,0.465849,1.656250,20.478079,1.909524,21.000000,0.623529
0.071429,0.436373,2.000000,16.552272,1.813187,14.000000,0.666667
0.125000,0.790694,1.333333,24.491005,1.750000,16.000000,0.571429
0.136364,0.916356,1.166667,11.820419,1.636364,12.000000,0.538462
0.052632,0.357053,1.153846,14.595943,1.941520,19.000000,0.535714
0.166667,0.274968,1.614035,15.723508,2.121212,33.000000,0.617450
0.166667,0.062069,2.000000,14.996697,1.466667,6.000000,0.666667
0.058824,0.274968,1.614035,15.723508,2.121212,33.000000,0.617450
0.058824,0.268638,2.777778,14.728747,1.777778,18.000000,0.735294
0.083333,0.791455,1.423077,23.709740,1.787879,22.000000,0.587302
0.083333,0.300541,1.850000,13.339072,1.439394,12.000000,0.649123
0.125000,0.108003,1.857143,17.732592,1.607143,8.000000,0.650000
0.125000,0.194438,1.490566,15.918269,2.002646,28.000000,0.598485
0.250000,0.309115,2.000000,19.267168,1.555556,9.000000,0.666667
0.052632,0.325505,1.586207,17.974072,2.121212,33.000000,0.613333
0.052632,0.212355,1.153846,14.595943,1.941520,19.000000,0.535714
0.250000,0.584928,2.384615,19.869967,2.483333,16.000000,0.704545
0.040000,0.125386,3.444444,25.547506,1.726667,25.000000,0.775000
0.040000,0.418489,2.655172,20.256618,2.310345,29.000000,0.726415
0.250000,1.000000,2.000000,17.278624,1.800000,15.000000,0.666667
0.038462,0.006910,1.405405,20.040106,2.062185,35.000000,0.584270
0.038462,0.065634,3.740741,24.966681,1.723077,26.000000,0.789062
0.100000,0.027778,2.125000,20.507551,1.755556,10.000000,0.680000
0.100000,0.006910,1.405405,20.040106,2.062185,35.000000,0.584270
0.043478,0.006910,1.405405,20.040106,2.062185,35.000000,0.584270
0.043478,0.047619,1.347826,18.013692,1.948617,23.000000,0.574074
0.125000,0.330447,1.461538,22.573449,1.688889,10.000000,0.593750
0.125000,0.320875,1.461538,22.573449,1.688889,10.000000,0.593750
0.111111,0.500586,2.875000,23.585651,1.388889,9.000000,0.741935
0.111111,0.064270,2.083333,18.198776,2.204678,19.000000,0.675676
0.111111,0.556528,2.875000,23.585651,1.388889,9.000000,0.741935
0.111111,0.064270,2.083333,18.198776,2.204678,19.000000,0.675676
0.045455,0.037975,2.133333,23.200758,1.904762,22.000000,0.680851
0.045455,0.043905,1.490909,20.116082,2.022167,29.000000,0.598540
0.043478,0.017531,1.347826,19.864508,1.948617,23.000000,0.574074
0.043478,0.043905,1.490909,20.116082,2.022167,29.000000,0.598540
0.100000,0.168816,5.166667,20.018058,1.311111,10.000000,0.837838
0.058824,0.440411,2.153846,25.451033,2.036998,44.000000,0.682927
0.058824,0.446850,2.076923,17.796522,2.252308,26.000000,0.675000
0.090909,0.160232,1.153846,14.595943,1.941520,19.000000,0.535714
0.142857,0.142014,3.600000,24.938201,1.723647,27.000000,0.782609
0.033333,0.487442,2.202899,25.117502,2.035749,46.000000,0.687783
0.033333,0.075251,3.542857,23.867231,1.754023,30.000000,0.779874
0.142857,0.114539,2.750000,22.016451,1.476190,7.000000,0.733333
0.200000,0.560827,1.600000,20.790146,1.200000,5.000000,0.615385
0.083333,0.667132,2.076923,17.796522,2.252308,26.000000,0.675000
0.083333,0.183097,2.176471,25.879935,1.454545,12.000000,0.685185
0.125000,0.235572,1.750000,21.680830,1.500000,8.000000,0.636364
0.125000,0.667132,2.076923,17.796522,2.252308,26.000000,0.675000
0.090909,0.412089,1.555556,17.004888,1.588235,17.000000,0.608696
0.076923,0.838184,1.516129,21.040560,1.683333,16.000000,0.602564
0.076923,0.169999,2.500000,12.623210,1.666667,13.000000,0.714286
0.111111,0.199695,5.400000,16.549129,1.250000,9.000000,0.843750
0.111111,0.433478,2.000000,19.267168,1.555556,9.000000,0.666667
0.100000,0.170915,2.384615,19.869967,2.483333,16.000000,0.704545
0.100000,0.006416,6.200000,16.927969,1.311111,10.000000,0.861111
0.090909,0.303029,2.111111,22.599629,1.818182,11.000000,0.678571
0.090909,0.006135,2.800000,17.871628,1.705128,13.000000,0.736842
0.041667,0.009901,2.303030,23.848173,1.876812,24.000000,0.697248
0.090909,0.303029,2.111111,22.599629,1.818182,11.000000,0.678571
0.090909,0.100122,1.534091,19.178001,2.097561,42.000000,0.605381
0.038462,0.097573,1.387755,21.629508,2.015385,26.000000,0.581197
0.200000,1.000000,2.000000,16.240131,1.400000,5.000000,0.666667
0.200000,0.366245,4.214286,24.011346,1.614379,18.000000,0.808219
0.037037,0.100122,1.534091,19.178001,2.097561,42.000000,0.605381
0.125000,0.164184,1.571429,16.812082,1.388889,9.000000,0.611111
0.125000,0.207317,2.800000,23.169542,1.500000,8.000000,0.736842
0.142857,0.027778,1.875000,15.696545,1.464286,8.000000,0.652174
0.142857,1.000000,1.090909,8.818056,1.476190,7.000000,0.521739
0.041667,0.159318,2.303030,24.179052,1.876812,24.000000,0.697248
0.041667,0.085108,1.476190,18.869508,2.212245,50.000000,0.596154
0.040000,0.009346,1.925000,24.486079,1.923333,25.000000,0.658120
0.040000,0.140774,1.842105,9.803698,1.973545,28.000000,0.648148
0.035714,0.012987,1.480000,21.746639,2.034392,28.000000,0.596774
0.035714,0.140774,1.842105,9.803698,1.973545,28.000000,0.648148
0.050000,0.085108,1.476190,18.869508,2.212245,50.000000,0.596154
0.050000,0.017964,2.739130,24.345602,1.684211,20.000000,0.732558
0.035714,0.054040,1.462264,19.833826,2.212245,50.000000,0.593870
0.035714,0.140774,1.842105,9.803698,1.973545,28.000000,0.648148
0.250000,0.311805,1.405405,20.040106,2.062185,35.000000,0.584270
0.166667,0.013025,1.347826,19.292472,1.948617,23.000000,0.574074
0.166667,0.792773,2.666667,18.773200,1.533333,6.000000,0.727273
0.166667,0.090592,1.925000,24.486079,1.923333,25.000000,0.658120
0.076923,0.126440,2.600000,20.754008,1.500000,13.000000,0.722222
0.090909,0.027027,1.615385,20.662069,1.654545,11.000000,0.617647
0.076923,0.062839,2.052632,26.979169,1.525641,13.000000,0.672414
0.040000,0.085094,1.790698,25.192828,1.923333,25.000000,0.641667
0.040000,0.089400,1.477477,20.288426,2.196863,51.000000,0.596364
0.034483,0.108684,1.462264,19.833826,2.212245,50.000000,0.593870
0.034483,0.423171,2.076923,18.198796,2.041872,29.000000,0.675000
0.050000,0.266864,2.625000,25.416822,1.684211,20.000000,0.724138
0.050000,0.089400,1.477477,20.288426,2.196863,51.000000,0.596364
0.032258,0.178524,3.571429,25.120003,1.782796,31.000000,0.781250
0.032258,0.385618,1.534091,19.178001,2.097561,42.000000,0.605381
0.062500,0.174218,3.571429,25.338777,1.782796,31.000000,0.781250
0.071429,0.271130,2.846154,21.269250,1.736264,14.000000,0.740000
0.071429,0.279708,1.508197,19.076564,2.121212,33.000000,0.601307
0.250000,0.310592,1.918919,19.952230,1.626316,20.000000,0.657407
0.074074,0.108494,1.387755,21.629508,2.015385,26.000000,0.581197
0.074074,0.385618,1.534091,19.178001,2.097561,42.000000,0.605381
0.033333,0.526287,1.709677,20.513673,2.090821,46.000000,0.630952
0.033333,0.088700,1.948718,10.758461,2.009195,30.000000,0.660870
0.062500,0.273504,2.303030,24.179052,1.876812,24.000000,0.697248
0.071429,0.261954,2.846154,21.269250,1.736264,14.000000,0.740000
0.071429,0.279708,1.508197,19.076564,2.121212,33.000000,0.601307
0.125000,1.000000,1.529412,27.186664,1.527273,11.000000,0.604651
0.125000,0.094456,2.368421,22.274415,1.900000,20.000000,0.703125
0.040000,0.051833,1.948718,10.758461,2.009195,30.000000,0.660870
0.040000,0.192854,1.673913,25.847521,1.923333,25.000000,0.626016
0.200000,0.289392,2.500000,8.544479,1.000000,5.000000,0.714286
0.200000,0.363546,1.925000,24.119055,1.923333,25.000000,0.658120
0.090909,1.000000,2.750000,26.988855,1.600000,11.000000,0.733333
0.090909,1.000000,2.750000,26.988855,1.600000,11.000000,0.733333
0.125000,0.316991,4.250000,28.879209,1.428571,8.000000,0.809524
0.125000,0.227316,4.250000,28.879209,1.428571,8.000000,0.809524
0.285714,0.763089,1.387097,16.104593,1.676190,15.000000,0.581081
0.285714,0.271012,3.333333,11.623682,1.000000,5.000000,0.769231
0.200000,0.069656,1.714286,21.353002,1.428571,7.000000,0.631579
0.142857,0.064146,1.584906,23.985800,2.025287,30.000000,0.613139
0.142857,0.938794,2.000000,21.846384,1.476190,7.000000,0.666667
0.062500,0.489942,3.000000,26.558218,1.816288,33.000000,0.750000
0.250000,0.427617,2.465517,25.667946,1.896396,37.000000,0.711443
0.200000,0.589338,1.120690,24.027325,1.823810,21.000000,0.528455
0.058824,0.526441,3.022727,26.101955,1.827094,34.000000,0.751412
0.200000,0.383562,2.383333,25.904626,1.896396,37.000000,0.704433
0.047619,0.203345,1.692308,24.420110,1.714286,22.000000,0.628571
0.047619,0.571505,3.225000,25.919666,1.816288,33.000000,0.763314
0.062500,0.427617,2.465517,25.667946,1.896396,37.000000,0.711443
0.076923,0.330446,2.437500,21.824100,1.500000,13.000000,0.709091
0.035714,0.061729,1.510204,23.331714,2.034392,28.000000,0.601626
0.035714,0.267936,1.948718,10.758461,2.009195,30.000000,0.660870
0.076923,0.180549,1.950000,27.425162,1.525641,13.000000,0.661017
0.050000,0.005620,1.390244,20.684252,1.773684,20.000000,0.581633
0.066667,1.000000,2.000000,17.278624,1.800000,15.000000,0.666667
0.047619,0.018430,1.727273,19.937814,1.774704,23.000000,0.633333
0.100000,0.007519,2.375000,24.151893,1.577778,10.000000,0.703704
0.058824,0.126390,2.575000,26.392013,2.034409,31.000000,0.720280
0.058824,0.124324,2.575000,26.392013,2.034409,31.000000,0.720280
0.066667,0.004695,1.708333,28.935141,1.676190,15.000000,0.630769
0.090909,0.312333,1.390244,20.684252,1.773684,20.000000,0.581633
0.125000,0.041556,2.375000,23.258344,1.901186,23.000000,0.703704
0.125000,0.061538,1.727273,29.261516,1.321429,8.000000,0.633333
0.090909,1.000000,1.642857,11.762698,1.581818,11.000000,0.621622
0.090909,0.722727,1.454545,17.781331,1.628205,13.000000,0.592593
0.125000,0.140862,2.230769,23.854166,1.945652,24.000000,0.690476
0.076923,0.615215,1.315789,21.266469,1.730769,13.000000,0.568182
0.076923,0.047619,1.363636,17.741004,2.094474,34.000000,0.576923
0.133333,0.084213,1.781250,28.697500,1.700000,20.000000,0.640449
0.071429,0.634084,1.650000,24.809608,1.714286,22.000000,0.622642
0.071429,0.262815,2.076923,13.583975,1.757895,20.000000,0.675000
0.133333,1.000000,1.781250,28.697500,1.700000,20.000000,0.640449
0.066667,0.175406,1.245283,21.397113,1.909420,24.000000,0.554622
0.043478,1.000000,1.392157,16.465552,1.869565,24.000000,0.581967
0.043478,0.180992,2.280000,23.557320,1.901186,23.000000,0.695122
0.050000,1.000000,1.392157,17.132320,1.869565,24.000000,0.581967
0.050000,0.306931,1.390244,20.684252,1.773684,20.000000,0.581633
0.076923,1.000000,1.147541,15.793893,1.833992,23.000000,0.534351
0.076923,0.555024,1.750000,21.853871,1.756410,13.000000,0.636364
0.058824,0.158337,1.363636,17.741004,2.094474,34.000000,0.576923
0.111111,0.127800,2.480000,23.693656,1.894928,24.000000,0.712644
0.166667,0.416933,1.676471,20.439368,1.774704,23.000000,0.626374
0.125000,0.457109,1.888889,19.455206,1.428571,8.000000,0.653846
0.166667,1.000000,1.727273,17.842722,1.808333,16.000000,0.633333
0.166667,0.588866,2.200000,18.618978,1.266667,6.000000,0.687500
0.050000,0.646849,1.781250,28.697500,1.700000,20.000000,0.640449
0.050000,0.438923,1.390244,20.684252,1.773684,20.000000,0.581633
0.043478,0.079938,2.731707,27.816080,1.984946,31.000000,0.732026
0.043478,0.693296,1.777778,28.200776,1.826087,23.000000,0.640000
0.043478,0.086148,2.731707,27.816080,1.984946,31.000000,0.732026
0.043478,0.139948,1.777778,28.200776,1.826087,23.000000,0.640000
0.043478,0.086148,2.731707,27.816080,1.984946,31.000000,0.732026
0.043478,0.693296,1.777778,28.200776,1.826087,23.000000,0.640000
0.043478,0.079938,2.731707,27.816080,1.984946,31.000000,0.732026
0.043478,0.139948,1.777778,28.200776,1.826087,23.000000,0.640000
0.050000,1.000000,1.781250,28.697500,1.700000,20.000000,0.640449
0.050000,0.438923,1.390244,20.684252,1.773684,20.000000,0.581633
0.083333,0.306667,1.600000,14.644913,1.636364,12.000000,0.615385
0.083333,0.258875,1.231884,21.318383,2.000000,30.000000,0.551948
0.250000,0.218356,4.400000,19.360640,1.953216,19.000000,0.814815
0.250000,0.799145,3.000000,15.453327,1.000000,4.000000,0.750000
0.142857,0.218356,4.400000,19.360640,1.953216,19.000000,0.814815
0.090909,0.178656,3.200000,25.008060,1.895425,18.000000,0.761905
0.090909,0.149271,3.200000,25.008060,1.895425,18.000000,0.761905
0.071429,0.021445,1.250000,23.419863,1.714286,14.000000,0.555556
0.076923,0.296439,1.482759,28.794613,1.941520,19.000000,0.597222
0.076923,0.846373,1.562500,17.073274,1.679487,13.000000,0.609756
0.045455,0.095207,2.860000,28.156517,2.020635,36.000000,0.740933
0.083333,0.743216,1.600000,14.644913,1.636364,12.000000,0.615385
0.083333,0.148845,1.231884,24.076711,2.000000,30.000000,0.551948
0.045455,0.091838,2.860000,28.156517,2.020635,36.000000,0.740933
0.076923,0.846373,1.562500,17.073274,1.679487,13.000000,0.609756
0.076923,0.300512,1.482759,28.794613,1.941520,19.000000,0.597222
0.034483,0.434980,2.404255,29.088891,2.022177,32.000000,0.706250
0.034483,0.134913,2.567568,24.425671,1.921182,29.000000,0.719697
0.111111,0.229657,2.372093,25.423756,1.910345,30.000000,0.703448
0.034483,0.419342,2.404255,29.088891,2.022177,32.000000,0.706250
0.034483,0.134913,2.567568,24.425671,1.921182,29.000000,0.719697
0.090909,0.806294,3.369565,27.073326,2.032717,38.000000,0.771144
0.090909,0.809540,3.369565,27.073326,2.032717,38.000000,0.771144
0.200000,0.906945,2.758621,24.642743,1.950000,25.000000,0.733945
0.250000,0.914333,2.809524,26.065384,1.938095,21.000000,0.737500
0.111111,0.891261,2.512195,23.971561,2.034409,31.000000,0.715278
0.200000,0.900908,2.758621,24.642743,1.950000,25.000000,0.733945
0.071429,0.908113,2.423077,28.274647,2.032086,34.000000,0.707865
0.071429,0.229317,2.307692,25.414979,1.670330,14.000000,0.697674
0.111111,0.899200,2.512195,23.971561,2.034409,31.000000,0.715278
0.071429,0.229317,2.307692,25.414979,1.670330,14.000000,0.697674
0.071429,0.907020,2.423077,28.274647,2.032086,34.000000,0.707865
0.250000,0.919686,2.809524,26.065384,1.938095,21.000000,0.737500
0.111111,0.048195,2.083333,23.912407,1.305556,9.000000,0.675676
0.166667,0.066871,2.636364,21.086951,1.730994,19.000000,0.725000
0.090909,0.633092,1.164384,26.004267,2.000000,30.000000,0.537975
0.058824,0.738684,1.325000,23.021111,1.654412,17.000000,0.569892
0.058824,0.015873,2.181818,25.908913,1.915789,20.000000,0.685714
0.058824,0.738684,1.325000,23.021111,1.654412,17.000000,0.569892
0.058824,0.009709,2.181818,25.908913,1.915789,20.000000,0.685714
0.125000,0.104705,1.615385,15.447394,1.848485,12.000000,0.617647
0.166667,0.477573,3.333333,16.877914,1.333333,6.000000,0.769231
0.071429,1.000000,1.180556,25.165124,2.000000,30.000000,0.541401
0.071429,1.000000,1.739130,9.195727,1.560440,14.000000,0.634921
0.166667,0.137961,1.913043,21.971537,1.633333,16.000000,0.656716
0.142857,0.114188,5.500000,24.711753,1.571429,7.000000,0.846154
0.142857,0.066667,1.625000,24.143413,1.783626,19.000000,0.619048
0.100000,0.403314,1.692308,27.577375,1.600000,10.000000,0.628571
0.125000,0.780975,1.538462,18.477841,1.560440,14.000000,0.606061
0.058824,0.057701,2.962963,25.462344,1.995074,29.000000,0.747664
0.076923,0.095725,1.168539,26.936480,2.005348,34.000000,0.538860
0.111111,0.231028,1.516129,21.220425,1.973684,20.000000,0.602564
0.111111,0.212165,2.375000,22.497072,1.500000,9.000000,0.703704
0.071429,0.159359,1.173913,16.797804,1.802198,14.000000,0.540000
0.040000,0.073973,4.384615,23.726694,1.804233,28.000000,0.814286
0.052632,0.026316,1.222222,21.120535,1.812865,19.000000,0.550000
0.200000,0.080000,10.000000,12.283149,1.333333,6.000000,0.909091
0.200000,1.000000,5.000000,19.686552,1.600000,5.000000,0.833333
0.071429,0.143080,1.863636,22.795395,1.560440,14.000000,0.650794
0.071429,0.349495,1.850000,21.373670,1.647619,15.000000,0.649123
0.062500,0.140859,1.466667,21.645352,1.806324,23.000000,0.594595
0.062500,0.096399,1.952381,22.499215,1.915033,18.000000,0.661290
0.055556,0.087001,1.325581,24.256091,1.666667,18.000000,0.570000
0.055556,0.760514,3.862069,21.731836,2.487988,37.000000,0.794326
0.052632,0.141370,2.774194,26.345146,1.981609,30.000000,0.735043
0.052632,0.005630,2.375000,22.416108,1.725146,19.000000,0.703704
0.142857,0.299916,2.600000,19.708696,1.428571,7.000000,0.722222
0.142857,0.541612,2.333333,24.126255,1.500000,8.000000,0.700000
0.031250,0.031738,3.000000,25.068731,1.993952,32.000000,0.750000
0.031250,0.760514,3.862069,21.731836,2.487988,37.000000,0.794326
0.062500,0.406832,3.200000,26.865648,1.650000,16.000000,0.761905
0.062500,0.507480,3.200000,26.865648,1.650000,16.000000,0.761905
0.052632,0.132715,1.386364,23.807690,1.678363,19.000000,0.580952
0.047619,0.030762,2.906250,25.933013,1.993952,32.000000,0.744000
0.090909,0.012346,1.619048,26.927157,1.381818,11.000000,0.618182
0.062500,0.004184,1.379310,29.832763,1.791667,16.000000,0.579710
0.062500,0.012560,1.379310,29.832763,1.791667,16.000000,0.579710
0.066667,0.174251,1.168539,26.936480,2.005348,34.000000,0.538860
0.142857,0.475677,1.173913,16.797804,1.802198,14.000000,0.540000
0.200000,0.616380,2.250000,26.919845,1.400000,6.000000,0.692308
0.055556,0.133963,2.000000,27.822846,1.914286,21.000000,0.666667
0.055556,0.840397,1.357143,23.773892,1.666667,18.000000,0.575758
0.055556,0.840397,1.357143,23.773892,1.666667,18.000000,0.575758
0.055556,0.008466,2.000000,27.822846,1.914286,21.000000,0.666667
0.055556,0.047426,1.919355,23.255621,2.007937,36.000000,0.657459
0.055556,0.853496,1.325581,24.920006,1.666667,18.000000,0.570000
0.090909,0.985475,7.666667,21.025206,1.560440,14.000000,0.884615
0.090909,0.572715,2.400000,26.637076,1.672727,11.000000,0.705882
0.200000,0.978208,5.052632,22.549858,1.790000,25.000000,0.834783
0.200000,0.332612,2.333333,21.126520,1.300000,5.000000,0.700000
0.090909,0.985475,7.666667,21.025206,1.560440,14.000000,0.884615
0.090909,0.615349,2.400000,26.637076,1.672727,11.000000,0.705882
0.125000,0.222908,3.000000,18.296576,1.357143,8.000000,0.750000
0.125000,1.000000,1.600000,18.163149,1.784314,18.000000,0.615385
0.038462,0.963875,4.071429,25.317794,1.804233,28.000000,0.802817
0.076923,0.221576,1.971429,27.899028,1.748918,22.000000,0.663462
0.166667,0.955951,3.545455,24.872526,1.857471,30.000000,0.780000
0.166667,0.236990,2.750000,27.749197,1.266667,6.000000,0.733333
0.125000,0.683004,2.500000,25.224761,1.654545,11.000000,0.714286
0.058824,0.123227,1.729730,24.199553,1.833333,24.000000,0.633663
0.142857,0.307662,2.125000,22.216863,1.622222,10.000000,0.680000
0.142857,0.591097,3.250000,24.687271,1.428571,7.000000,0.764706
0.076923,1.000000,1.164384,26.004267,2.000000,30.000000,0.537975
0.125000,0.111229,2.571429,21.323098,1.357143,8.000000,0.720000
0.125000,1.000000,1.116883,27.107969,2.025806,31.000000,0.527607
0.058824,0.183989,2.909091,25.875352,2.000000,33.000000,0.744186
0.250000,1.000000,1.119048,27.618361,2.008065,32.000000,0.528090
0.100000,0.414189,0.990476,29.228553,2.005348,34.000000,0.497608
0.100000,0.004149,2.050000,27.590891,1.685714,15.000000,0.672131
0.076923,0.290536,1.625000,21.981679,1.761905,15.000000,0.619048
0.071429,1.000000,1.164384,25.762870,2.000000,30.000000,0.537975
0.071429,0.757895,1.072165,27.741281,2.005348,34.000000,0.517413
0.142857,1.000000,1.135135,19.998489,1.970443,29.000000,0.531646
0.142857,0.651699,6.500000,20.869188,1.380952,7.000000,0.866667
0.142857,0.037627,2.181818,24.627522,1.488889,10.000000,0.685714
0.142857,0.961474,1.529412,21.153764,1.783626,19.000000,0.604651
0.062500,0.450728,3.733333,22.715501,2.487988,37.000000,0.788732
0.062500,0.450728,3.733333,22.715501,2.487988,37.000000,0.788732
0.142857,1.000000,3.142857,23.007370,1.600000,11.000000,0.758621
0.062500,0.298264,3.733333,22.715501,2.487988,37.000000,0.788732
0.142857,1.000000,3.142857,23.007370,1.600000,11.000000,0.758621
0.142857,1.000000,3.142857,23.007370,1.600000,11.000000,0.758621
0.062500,0.298264,3.733333,22.715501,2.487988,37.000000,0.788732
0.142857,1.000000,3.142857,23.007370,1.600000,11.000000,0.758621
0.083333,0.069767,2.083333,18.484073,1.757576,12.000000,0.675676
0.083333,1.000000,1.280000,26.746246,1.780952,15.000000,0.561404
0.250000,0.089118,1.481481,23.255156,1.825000,16.000000,0.597015
0.062500,0.711940,1.189189,24.314918,1.812865,19.000000,0.543210
0.083333,0.224147,1.333333,19.183464,1.780952,15.000000,0.571429
0.041667,0.010565,1.729730,24.199553,1.833333,24.000000,0.633663
0.045455,0.694017,7.444444,22.038870,1.982684,22.000000,0.881579
0.045455,0.379633,1.018018,27.848234,1.989916,35.000000,0.504464
0.047619,0.656632,1.919355,23.255621,2.007937,36.000000,0.657459
0.047619,0.382621,2.074074,27.966214,1.913420,22.000000,0.674699
0.047619,0.656632,1.919355,23.255621,2.007937,36.000000,0.657459
0.047619,0.278015,2.074074,27.966214,1.913420,22.000000,0.674699
0.125000,0.293658,1.545455,21.054227,1.428571,8.000000,0.607143
0.125000,0.523344,3.000000,18.550754,1.859649,19.000000,0.750000
0.090909,0.317987,1.428571,29.162520,1.876812,24.000000,0.588235
0.090909,0.496745,4.000000,23.546252,1.803030,12.000000,0.800000
0.090909,0.496745,4.000000,23.546252,1.803030,12.000000,0.800000
0.090909,0.230762,1.428571,29.162520,1.876812,24.000000,0.588235
0.125000,0.966311,1.200000,17.204281,1.642857,8.000000,0.545455
0.076923,0.064449,2.000000,23.152137,1.692308,13.000000,0.666667
0.076923,0.071061,1.678571,25.097161,1.494505,14.000000,0.626667
0.090909,0.338572,1.487805,26.466749,1.795238,21.000000,0.598039
0.090909,0.038835,2.000000,28.254785,1.509091,11.000000,0.666667
0.142857,0.262387,1.158879,26.739780,1.998498,37.000000,0.536797
0.066667,0.216943,1.550000,25.837604,1.958333,16.000000,0.607843
0.111111,0.968831,1.533333,13.793351,1.361111,9.000000,0.605263
0.111111,0.078391,1.696970,24.880851,1.900000,21.000000,0.629213
0.062500,0.170344,1.550000,26.756464,1.958333,16.000000,0.607843
0.200000,0.010573,2.050000,27.137741,1.685714,15.000000,0.672131
0.066667,0.324442,1.500000,23.220376,1.761905,15.000000,0.600000
0.111111,0.506613,4.200000,16.986556,1.416667,9.000000,0.807692
0.066667,0.324442,1.500000,23.220376,1.761905,15.000000,0.600000
0.111111,0.506613,4.200000,16.986556,1.416667,9.000000,0.807692
0.055556,0.148103,2.058824,26.603493,2.031532,37.000000,0.673077
0.055556,0.050132,1.658537,25.134115,1.833333,25.000000,0.623853
0.111111,0.128616,2.000000,25.071151,1.388889,9.000000,0.666667
0.083333,0.956458,1.173913,16.797804,1.802198,14.000000,0.540000
0.090909,0.073395,4.285714,25.474861,1.454545,11.000000,0.810811
0.028571,0.557914,2.019231,27.345923,2.031532,37.000000,0.668790
0.028571,0.715941,1.018018,27.848234,1.989916,35.000000,0.504464
0.250000,1.000000,6.000000,25.870057,1.000000,4.000000,0.857143
0.250000,0.046010,2.000000,23.152137,1.692308,13.000000,0.666667
0.125000,0.087772,1.700000,23.901405,1.428571,8.000000,0.629630
0.125000,0.611642,2.058824,26.440173,2.031532,37.000000,0.673077
0.125000,0.638660,2.857143,25.661993,1.995074,29.000000,0.740741
0.125000,0.274633,1.692308,27.577375,1.600000,10.000000,0.628571
0.055556,0.091822,1.781250,28.165291,1.627451,18.000000,0.640449
0.055556,0.554568,1.500000,23.635859,1.934641,18.000000,0.600000
0.200000,0.481736,2.156250,22.424426,1.952899,24.000000,0.683168
0.142857,0.245182,1.514706,15.470136,1.836508,36.000000,0.602339
0.125000,0.022109,1.288288,27.574929,1.943101,38.000000,0.562992
0.083333,1.000000,1.112903,23.965393,1.935385,26.000000,0.526718
0.083333,0.000000,1.578947,26.585810,1.545455,12.000000,0.612245
0.125000,0.152103,1.611111,18.207022,1.472727,11.000000,0.617021
0.142857,0.412756,7.444444,22.374262,1.982684,22.000000,0.881579
0.090909,0.626490,1.611111,18.207022,1.472727,11.000000,0.617021
0.090909,0.117903,1.714286,24.665496,2.003077,26.000000,0.631579
0.090909,0.011637,3.470588,18.679754,1.719048,21.000000,0.776316
0.111111,0.020278,2.933333,24.955662,1.538462,14.000000,0.745763
0.250000,0.325005,1.220339,28.012857,1.958165,39.000000,0.549618
0.200000,0.255018,1.571429,22.999195,1.511111,10.000000,0.611111
0.071429,0.426718,1.736842,23.539557,1.866667,15.000000,0.634615
0.071429,0.230828,1.694444,25.234637,1.909420,24.000000,0.628866
0.090909,0.129238,1.510204,28.921366,1.857550,27.000000,0.601626
0.076923,0.414813,1.894737,27.023434,1.564103,13.000000,0.654545
0.076923,1.000000,1.628571,30.000000,1.728571,21.000000,0.619565
0.076923,0.414813,1.894737,27.023434,1.564103,13.000000,0.654545
0.076923,1.000000,1.628571,30.000000,1.728571,21.000000,0.619565
0.100000,1.000000,1.722222,25.893648,1.659341,14.000000,0.632653
0.100000,0.335395,1.533333,25.830161,1.488889,10.000000,0.605263
0.083333,0.055526,1.578947,27.235678,1.545455,12.000000,0.612245
0.083333,1.000000,1.171875,23.657480,1.923077,27.000000,0.539568
0.111111,0.658213,2.884615,27.093803,1.701299,22.000000,0.742574
0.111111,0.412285,2.000000,26.713173,1.500000,9.000000,0.666667
0.250000,0.149587,1.657143,18.482071,1.834993,38.000000,0.623656
0.083333,0.465460,1.700000,24.419477,1.701754,19.000000,0.629630
0.083333,0.051283,1.578947,25.866681,1.545455,12.000000,0.612245
0.066667,0.147741,2.181818,21.124883,1.953333,25.000000,0.685714
0.066667,0.033358,1.589041,21.029359,1.834993,38.000000,0.613757
0.066667,0.387108,1.200000,26.819980,1.761905,15.000000,0.545455
0.066667,0.361492,1.200000,26.819980,1.761905,15.000000,0.545455
0.083333,0.088608,1.708333,24.982417,2.005291,28.000000,0.630769
0.100000,0.597444,1.800000,9.690975,1.688889,10.000000,0.642857
0.052632,0.450260,1.700000,24.419477,1.701754,19.000000,0.629630
0.052632,0.175661,1.681818,28.076645,1.857550,27.000000,0.627119
0.142857,0.462614,2.000000,27.468955,1.428571,7.000000,0.666667
0.142857,0.160942,1.729730,24.199553,1.833333,24.000000,0.633663
0.142857,0.191820,1.333333,27.627885,1.476190,7.000000,0.571429
0.142857,0.796975,2.000000,17.612131,1.928854,23.000000,0.666667
0.166667,1.000000,1.722222,25.893648,1.659341,14.000000,0.632653
0.125000,0.010526,1.588235,30.000000,1.400000,10.000000,0.613636
0.166667,1.000000,2.750000,25.809874,1.266667,6.000000,0.733333
0.100000,0.051069,1.506329,24.523114,1.839406,39.000000,0.601010
0.100000,0.272563,1.545455,23.896596,1.711111,10.000000,0.607143
0.083333,0.089445,1.280992,27.296592,1.967073,41.000000,0.561594
0.142857,0.046980,2.285714,23.214101,1.238095,7.000000,0.695652
0.142857,0.175934,1.750000,25.300326,1.622222,10.000000,0.636364
0.066667,0.798649,1.947368,24.546553,1.647619,15.000000,0.660714
0.090909,0.205984,1.456522,26.285020,1.787879,22.000000,0.592920
0.090909,0.877782,1.018018,27.848234,1.989916,35.000000,0.504464
0.111111,0.042497,2.000000,26.850899,1.555556,9.000000,0.666667
0.058824,0.554670,1.571429,27.085747,1.778986,24.000000,0.611111
0.142857,0.000000,1.481481,28.650070,1.825000,16.000000,0.597015
0.250000,0.655952,2.166667,25.288080,1.571429,8.000000,0.684211
0.200000,0.383294,3.444444,19.636548,1.560606,12.000000,0.775000
0.058824,0.892903,1.018018,27.848234,1.989916,35.000000,0.504464
0.058824,0.059884,1.733333,28.390448,1.617647,17.000000,0.634146
0.050000,0.042658,1.574468,25.203523,1.840580,24.000000,0.611570
0.050000,0.523635,1.642857,24.447441,1.952632,20.000000,0.621622
0.071429,0.199592,1.171429,26.926911,1.910053,28.000000,0.539474
0.100000,0.428080,1.241379,27.829739,1.958165,39.000000,0.553846
0.142857,0.262961,1.543478,24.141915,1.807971,24.000000,0.606838
0.166667,0.185370,1.734375,22.107590,2.136637,37.000000,0.634286
0.055556,0.210793,1.680000,21.399253,1.856209,18.000000,0.626866
0.055556,0.028240,1.902439,24.204682,1.960317,28.000000,0.655462
0.055556,0.399951,1.188406,25.573551,1.910053,28.000000,0.543046
0.055556,0.210793,1.680000,21.399253,1.856209,18.000000,0.626866
0.055556,0.210793,1.680000,21.399253,1.856209,18.000000,0.626866
0.055556,0.291543,1.604167,25.425831,1.803333,25.000000,0.616000
0.200000,0.137777,1.123288,27.738091,1.910053,28.000000,0.529032
0.058824,0.320839,1.578947,25.482226,1.904762,28.000000,0.612245
0.090909,1.000000,2.000000,30.000000,1.600000,11.000000,0.666667
0.090909,0.809874,2.000000,30.000000,1.600000,11.000000,0.666667
0.166667,1.000000,1.958333,6.383278,2.004762,21.000000,0.661972
0.166667,0.072464,3.250000,23.389622,1.133333,6.000000,0.764706
0.250000,0.457784,2.000000,17.418929,1.901186,23.000000,0.666667
0.076923,0.223107,1.304000,28.327224,1.959350,42.000000,0.565972
0.076923,0.085189,1.635135,22.263751,2.167949,40.000000,0.620513
0.142857,0.067118,2.148936,25.349758,1.975806,32.000000,0.682432
0.250000,0.482100,2.000000,23.152137,1.692308,13.000000,0.666667
0.076923,0.371885,1.705882,24.237029,1.628205,13.000000,0.630435
0.076923,0.191610,4.000000,27.819026,1.583333,16.000000,0.800000
0.076923,0.145263,4.000000,27.819026,1.583333,16.000000,0.800000
0.076923,0.371885,1.705882,24.237029,1.628205,13.000000,0.630435
0.142857,0.073483,1.613333,22.923690,2.167949,40.000000,0.617347
0.166667,0.116264,2.150000,24.072990,1.997537,29.000000,0.682540
0.166667,0.379276,1.481481,29.193985,1.825000,16.000000,0.597015
0.125000,0.238831,2.192308,29.682520,1.793478,24.000000,0.686747
0.125000,0.702536,1.843750,22.487742,1.771429,21.000000,0.648352
0.090909,0.059325,1.734375,22.107590,2.136637,37.000000,0.634286
0.250000,0.520658,2.000000,27.163670,1.500000,8.000000,0.666667
0.058824,0.231391,4.200000,27.998911,1.727941,17.000000,0.807692
0.058824,0.708839,1.490909,24.530859,2.026455,28.000000,0.598540
0.083333,0.020442,1.549180,27.546854,1.971014,46.000000,0.607717
0.083333,0.146764,1.551282,25.618768,2.167949,40.000000,0.608040
0.055556,0.808506,3.750000,27.955381,1.745098,18.000000,0.789474
0.055556,0.148085,1.491667,27.552875,1.979798,45.000000,0.598662
0.250000,0.487294,2.000000,19.064988,1.000000,4.000000,0.666667
0.100000,0.134941,3.444444,25.439143,1.660819,19.000000,0.775000
0.142857,0.316273,1.720930,25.742119,1.933333,25.000000,0.632479
0.125000,0.796893,1.600000,21.591734,1.428571,8.000000,0.615385
0.125000,0.307491,2.166667,26.369526,1.500000,13.000000,0.684211
0.125000,1.000000,1.571429,21.565797,1.511111,10.000000,0.611111
0.100000,0.130414,3.576923,25.814455,1.838710,31.000000,0.781513
0.100000,1.000000,1.571429,21.565797,1.511111,10.000000,0.611111
0.100000,0.605081,1.675676,24.115134,1.544118,17.000000,0.626263
0.100000,1.000000,1.571429,21.565797,1.511111,10.000000,0.611111
0.142857,0.188082,1.733333,22.305388,1.696970,12.000000,0.634146
0.076923,0.413175,1.571429,24.935104,2.167949,40.000000,0.611111
0.166667,0.490121,1.635135,22.263751,2.167949,40.000000,0.620513
0.076923,0.072888,1.549180,27.200323,1.971014,46.000000,0.607717
0.100000,0.503254,2.750000,23.408091,1.511111,10.000000,0.733333
0.100000,0.513262,2.000000,19.379285,1.577778,10.000000,0.666667
0.050000,0.144033,1.490909,20.993031,1.873846,26.000000,0.598540
0.055556,0.103448,1.862069,18.931348,1.647059,18.000000,0.650602
0.055556,0.681467,1.507937,25.074232,1.958621,30.000000,0.601266
0.166667,0.344914,1.333333,21.402136,1.828571,15.000000,0.571429
0.166667,0.153973,3.250000,25.580230,1.133333,6.000000,0.764706
0.200000,0.318641,1.218750,23.318525,1.895425,18.000000,0.549296
0.050000,0.036352,2.074074,25.261696,1.974638,24.000000,0.674699
0.050000,0.060076,2.368421,22.193992,2.078947,20.000000,0.703125
0.050000,0.036352,2.074074,25.261696,1.974638,24.000000,0.674699
0.050000,0.065475,2.368421,22.193992,2.078947,20.000000,0.703125
0.142857,0.978715,1.083333,28.566865,2.005348,34.000000,0.520000
0.200000,0.342323,1.181818,25.182472,1.895425,18.000000,0.541667
0.125000,0.191483,3.800000,25.435513,1.321429,8.000000,0.791667
0.111111,0.927887,3.857143,22.595889,1.277778,9.000000,0.794118
0.200000,0.073973,1.769231,29.724260,1.361111,9.000000,0.638889
0.083333,0.164267,1.770833,23.039335,2.103226,31.000000,0.639098
0.083333,0.011765,2.400000,27.259213,1.636364,12.000000,0.705882
0.052632,0.613419,1.629630,26.164030,1.883041,19.000000,0.619718
0.052632,0.084059,2.111111,26.848647,1.985887,32.000000,0.678571
0.052632,0.613419,1.629630,26.164030,1.883041,19.000000,0.619718
0.052632,0.848815,1.108108,29.289517,1.910053,28.000000,0.525641
0.052632,0.016149,1.697674,26.981342,1.803333,25.000000,0.629310
0.052632,0.613419,1.629630,26.164030,1.883041,19.000000,0.619718
0.125000,0.388187,1.304000,28.327224,1.959350,42.000000,0.565972
0.125000,0.379330,2.047619,23.788389,1.997537,29.000000,0.671875
0.083333,0.504535,2.714286,26.553223,1.424242,12.000000,0.730769
0.250000,0.682709,6.000000,24.124084,1.000000,4.000000,0.857143
0.250000,0.682709,6.000000,24.124084,1.000000,4.000000,0.857143
0.083333,0.504535,2.714286,26.553223,1.424242,12.000000,0.730769
0.111111,0.656672,1.775510,24.538793,2.016092,30.000000,0.639706
0.250000,0.633296,2.142857,18.590707,1.900000,16.000000,0.681818
0.142857,1.000000,1.562500,19.033466,1.679487,13.000000,0.609756
0.153846,0.633296,2.142857,18.590707,1.900000,16.000000,0.681818
0.153846,1.000000,1.562500,19.615321,1.679487,13.000000,0.609756
0.071429,0.349960,7.800000,22.231079,1.604396,14.000000,0.886364
0.038462,0.426118,2.285714,26.389465,1.991087,34.000000,0.695652
0.045455,0.279701,2.000000,22.505089,1.761905,22.000000,0.666667
0.200000,0.238794,3.000000,24.562820,1.100000,5.000000,0.750000
0.200000,1.000000,1.593750,11.237096,1.731579,20.000000,0.614458
0.083333,0.201115,1.480000,27.330174,1.800000,16.000000,0.596774
0.083333,0.223881,2.214286,16.570232,1.590909,12.000000,0.688889
0.083333,0.031804,1.614754,28.383570,1.981383,48.000000,0.617555
0.083333,0.063551,6.500000,25.161303,1.604396,14.000000,0.866667
0.083333,0.345864,2.384615,16.054938,1.590909,12.000000,0.704545
0.071429,1.000000,1.906250,16.095166,1.943723,22.000000,0.655914
0.133333,0.871829,1.500000,23.635859,1.934641,18.000000,0.600000
0.250000,0.096407,2.138889,22.577473,1.941538,26.000000,0.681416
0.125000,0.363704,1.909091,20.850683,1.250000,8.000000,0.656250
0.028571,0.146787,1.656250,28.625857,2.015126,35.000000,0.623529
0.285714,0.690083,3.200000,27.265523,1.733333,10.000000,0.761905
0.200000,0.259826,2.653061,26.904227,1.978979,37.000000,0.726257
0.055556,0.012346,1.741935,27.422381,1.647059,18.000000,0.635294
0.055556,0.490564,1.714286,23.613525,2.105263,38.000000,0.631579
0.200000,0.765729,2.885714,24.703170,1.891626,29.000000,0.742647
0.111111,0.367825,1.733333,27.326161,1.606061,12.000000,0.634146
0.076923,0.087026,2.100000,22.875574,2.115966,35.000000,0.677419
0.076923,0.625348,1.241379,27.829739,1.958165,39.000000,0.553846
0.125000,0.852816,1.700000,25.558231,1.701754,19.000000,0.629630
0.090909,0.671793,1.764706,9.890691,1.454545,11.000000,0.638298
0.083333,0.846549,4.000000,18.155071,1.723810,15.000000,0.800000
0.041667,0.243299,1.931034,25.860153,1.974638,24.000000,0.658824
0.083333,0.034743,1.281250,26.483116,1.935673,19.000000,0.561644
0.090909,0.827762,1.485714,26.136349,1.926407,22.000000,0.597701
0.062500,0.773146,2.176471,26.031339,1.825000,16.000000,0.685185
0.062500,0.290344,1.265487,27.675029,1.943101,38.000000,0.558594
0.125000,0.139042,3.666667,16.673351,2.000000,8.000000,0.785714
0.250000,0.921855,2.000000,25.120017,1.333333,4.000000,0.666667
0.045455,0.432070,1.604651,28.247661,2.002353,51.000000,0.616071
0.045455,0.192162,2.433333,24.480276,1.835498,22.000000,0.708738
0.090909,0.091006,1.764706,9.890691,1.454545,11.000000,0.638298
0.090909,0.450531,1.619835,27.355927,1.965772,47.000000,0.618297
0.083333,0.121679,2.676471,24.929181,2.101149,30.000000,0.728000
0.083333,0.071895,11.500000,21.908595,1.727273,12.000000,0.920000
0.040000,0.121679,2.676471,24.929181,2.101149,30.000000,0.728000
0.040000,0.218010,1.906250,27.366834,1.960000,25.000000,0.655914
0.050000,0.847761,1.018018,27.848234,1.989916,35.000000,0.504464
0.050000,0.150429,2.529412,20.607137,1.773684,20.000000,0.716667
0.071429,0.161498,5.571429,25.389413,1.604396,14.000000,0.847826
0.071429,0.468113,1.614754,28.383570,1.981383,48.000000,0.617555
0.045455,1.000000,1.906250,16.095166,1.943723,22.000000,0.655914
0.045455,0.847761,1.018018,27.848234,1.989916,35.000000,0.504464
0.045455,0.432070,1.604651,28.247661,2.002353,51.000000,0.616071
0.045455,0.005888,2.433333,24.480276,1.835498,22.000000,0.708738
0.090909,0.450531,1.619835,27.795010,1.965772,47.000000,0.618297
0.100000,0.025041,2.019231,26.641809,2.001783,34.000000,0.668790
0.076923,0.415487,1.628788,28.323572,1.996229,52.000000,0.619597
0.090909,0.243045,2.076923,13.583975,1.757895,20.000000,0.675000
0.090909,1.000000,1.390244,20.684252,1.773684,20.000000,0.581633
0.032258,0.179234,1.681159,28.431408,2.024024,37.000000,0.627027
0.200000,0.116279,1.695652,25.359731,1.500000,13.000000,0.629032
0.111111,0.005609,1.666667,20.004100,1.615385,14.000000,0.625000
0.200000,0.116279,1.695652,25.359731,1.500000,13.000000,0.629032
0.111111,0.177614,2.166667,22.567170,1.277778,9.000000,0.684211
0.090909,0.866667,1.750000,4.038482,1.690909,11.000000,0.636364
0.090909,0.256246,1.705882,28.842920,2.024024,37.000000,0.630435
0.033333,0.053632,2.288889,26.767505,2.011364,33.000000,0.695946
0.033333,0.296333,2.023256,26.816476,1.974713,30.000000,0.669231
0.111111,0.180623,3.250000,18.608128,2.083333,9.000000,0.764706
0.111111,0.513475,2.019231,26.641809,2.001783,34.000000,0.668790
0.041667,0.412943,1.766667,28.137565,2.015126,35.000000,0.638554
0.041667,0.287254,1.931034,25.860153,1.974638,24.000000,0.658824
0.083333,0.244107,1.803922,23.738650,2.088710,32.000000,0.643357
0.200000,0.002253,1.636364,27.902365,1.752381,15.000000,0.620690
0.090909,0.096625,2.019231,23.910612,2.115966,35.000000,0.668790
0.100000,0.449205,2.114286,22.423210,1.965608,28.000000,0.678899
0.100000,0.080412,2.571429,20.918744,1.688889,10.000000,0.720000
0.037037,0.088791,3.306122,26.997280,2.011074,43.000000,0.767773
0.037037,0.031493,1.707317,18.386599,2.017094,27.000000,0.630631
0.250000,0.484270,2.062500,21.044537,1.889706,17.000000,0.673469
0.133333,0.484270,2.062500,21.044537,1.889706,17.000000,0.673469
0.133333,0.104218,1.631579,21.666758,1.771429,15.000000,0.620000
0.058824,0.430662,1.400000,20.853462,2.025974,22.000000,0.583333
0.058824,0.497943,2.062500,21.964515,1.889706,17.000000,0.673469
0.045455,0.411481,2.433333,24.480276,1.835498,22.000000,0.708738
0.045455,0.281785,1.983607,28.308573,2.048364,38.000000,0.664835
0.045455,0.243696,2.433333,24.480276,1.835498,22.000000,0.708738
0.045455,0.281785,1.983607,28.308573,2.048364,38.000000,0.664835
0.111111,0.191211,1.666667,20.429203,1.666667,16.000000,0.625000
0.111111,0.561829,1.642857,28.770722,1.661765,17.000000,0.621622
0.111111,0.481780,1.490909,22.591666,2.101075,31.000000,0.598540
0.111111,0.108943,2.000000,30.000000,1.500000,9.000000,0.666667
0.032258,0.481780,1.490909,22.591666,2.101075,31.000000,0.598540
0.032258,0.087767,2.287879,27.139082,2.033223,43.000000,0.695853
0.142857,0.024793,2.500000,21.953952,1.683824,17.000000,0.714286
0.142857,0.051649,1.730769,27.723105,1.823529,18.000000,0.633803
0.076923,0.326409,2.466667,24.715830,1.576923,13.000000,0.711538
0.076923,0.253167,5.500000,28.788652,1.609524,15.000000,0.846154
0.111111,0.000000,1.800000,30.000000,1.500000,9.000000,0.642857
0.111111,0.066655,1.551724,22.259016,2.153298,34.000000,0.608108
0.029412,0.000000,2.652174,28.082564,1.880570,34.000000,0.726190
0.029412,0.066655,1.551724,22.259016,2.153298,34.000000,0.608108
0.083333,0.434253,2.357143,23.607146,1.530303,12.000000,0.702128
0.083333,0.865788,2.894737,27.221671,1.748538,19.000000,0.743243
0.066667,0.922972,2.968750,26.663090,1.756923,26.000000,0.748031
0.066667,0.672310,4.666667,22.264005,1.714286,15.000000,0.823529
0.250000,0.133343,3.442308,26.632679,2.004040,45.000000,0.774892
0.076923,0.075392,2.300000,21.174842,1.860000,25.000000,0.696970
0.076923,0.171898,1.785714,18.936361,1.679487,13.000000,0.641026
0.250000,0.704526,1.571429,25.615910,1.266667,6.000000,0.611111
0.111111,0.283254,1.900000,12.610334,1.472222,9.000000,0.655172
0.111111,0.536130,2.138889,22.577473,1.941538,26.000000,0.681416
0.166667,0.640585,3.037037,23.361724,1.707510,23.000000,0.752294
0.090909,0.175942,1.473684,24.257853,1.545455,11.000000,0.595745
0.166667,0.076690,2.428571,21.842817,2.105820,28.000000,0.708333
0.125000,0.049977,2.083333,24.005965,1.925926,28.000000,0.675676
0.125000,0.273894,1.538462,26.193183,1.285714,8.000000,0.606061
0.066667,0.311984,1.510638,25.735161,1.763333,25.000000,0.601695
0.200000,0.054099,1.392857,21.814453,2.189024,41.000000,0.582090
0.125000,0.528507,2.163265,26.472333,1.984848,33.000000,0.683871
0.090909,0.434307,1.533333,23.671421,1.581818,11.000000,0.605263
0.037037,0.360239,1.577778,23.441616,2.019943,27.000000,0.612069
0.111111,1.000000,1.636364,14.229905,1.600000,10.000000,0.620690
0.111111,0.346974,3.750000,22.223177,1.583333,9.000000,0.789474
0.250000,0.360364,2.000000,23.945857,1.869281,18.000000,0.666667
0.250000,0.349367,2.114286,22.423210,1.965608,28.000000,0.678899
0.090909,0.100657,6.000000,23.374303,1.581818,11.000000,0.857143
0.090909,0.171386,1.555556,21.029190,1.545455,11.000000,0.608696
0.250000,0.417018,2.344828,20.832044,1.975385,26.000000,0.701031
0.133333,0.355932,1.476190,26.979548,1.771429,15.000000,0.596154
0.133333,0.360364,2.000000,23.945857,1.869281,18.000000,0.666667
0.111111,0.417018,2.344828,20.832044,1.975385,26.000000,0.701031
0.111111,0.603600,2.000000,30.000000,1.500000,9.000000,0.666667
0.055556,0.280849,1.714286,24.539449,2.101538,26.000000,0.631579
0.055556,0.360364,2.000000,23.945857,1.869281,18.000000,0.666667
0.071429,0.572712,1.923077,27.145662,1.925926,28.000000,0.657895
0.071429,0.029851,1.631579,22.417206,1.659341,14.000000,0.620000
0.200000,0.266043,1.750000,12.558977,1.690909,11.000000,0.636364
0.142857,0.203852,1.543478,25.169932,1.763333,25.000000,0.606838
0.071429,0.009908,2.147059,30.000000,1.835498,22.000000,0.682243
0.071429,0.590991,1.600000,23.086812,1.780952,15.000000,0.615385
0.071429,0.009908,2.147059,30.000000,1.835498,22.000000,0.682243
0.071429,0.590991,1.600000,23.086812,1.780952,15.000000,0.615385
0.111111,0.363427,2.111111,28.932696,1.638095,15.000000,0.678571
0.090909,0.015983,2.615385,27.996466,1.909910,37.000000,0.723404
0.090909,1.000000,1.583333,7.519182,1.654545,11.000000,0.612903
0.200000,0.064859,2.272727,17.665104,1.742424,12.000000,0.694444
0.090909,0.164495,3.218750,28.316438,1.822989,30.000000,0.762963
0.090909,1.000000,1.583333,7.519182,1.654545,11.000000,0.612903
0.033333,0.060928,4.041667,27.923049,2.000000,47.000000,0.801653
0.033333,0.305514,1.733333,22.891072,2.064368,30.000000,0.634146
0.111111,0.210518,2.000000,17.975823,1.871795,13.000000,0.666667
0.111111,0.059567,2.086957,28.058979,1.658333,16.000000,0.676056
0.166667,0.049944,3.105263,26.370349,1.993651,36.000000,0.756410
0.090909,0.123651,1.400000,28.718446,1.545455,11.000000,0.583333
0.142857,0.081887,8.000000,8.591905,1.809524,7.000000,0.888889
0.100000,1.000000,1.263158,26.872832,1.757576,12.000000,0.558140
0.142857,0.482074,2.408163,26.727713,1.996639,35.000000,0.706587
0.090909,0.058875,4.125000,22.150916,1.436364,11.000000,0.804878
0.083333,0.004049,3.769231,27.452934,1.779412,17.000000,0.790323
0.250000,0.341861,1.866667,28.612914,1.672515,19.000000,0.651163
0.090909,0.042573,1.939394,27.997360,1.800866,22.000000,0.659794
0.066667,0.026718,1.939394,27.519652,1.800866,22.000000,0.659794
0.045455,0.348216,1.596154,21.530234,2.015054,31.000000,0.614815
0.045455,0.938888,4.081633,28.038186,1.994681,48.000000,0.803213
0.066667,0.933577,3.509804,26.473669,2.004040,45.000000,0.778261
0.062500,0.939370,4.081633,27.945148,1.994681,48.000000,0.803213
0.062500,0.086041,4.461538,27.917020,1.591667,16.000000,0.816901
0.047619,0.097065,1.244444,24.896156,1.923810,21.000000,0.554455
0.047619,0.944857,4.160000,27.554839,1.988095,49.000000,0.806202
0.066667,0.447035,1.657143,22.036576,2.083333,25.000000,0.623656
0.047619,0.326120,1.191489,25.390848,1.923810,21.000000,0.543689
0.047619,0.011952,1.685185,28.158629,1.826211,27.000000,0.627586
0.083333,0.237298,4.363636,27.968285,1.705882,17.000000,0.813559
0.083333,0.585173,2.187500,28.943827,1.515152,12.000000,0.686275
0.090909,0.299154,1.263158,28.753502,1.757576,12.000000,0.558140
0.083333,0.277129,2.187500,28.943827,1.515152,12.000000,0.686275
0.083333,0.237298,4.363636,27.968285,1.705882,17.000000,0.813559
0.250000,0.000000,1.413043,26.938744,2.182724,43.000000,0.585586
0.071429,0.228408,1.285714,25.329495,1.681319,14.000000,0.562500
0.250000,0.744494,3.037037,23.361724,1.707510,23.000000,0.752294
0.090909,0.278575,1.750000,18.493384,1.690909,11.000000,0.636364
0.125000,0.115166,1.500000,10.120778,1.642857,8.000000,0.600000
0.125000,0.141104,2.000000,29.638473,1.500000,8.000000,0.666667
0.200000,0.774919,1.533333,18.627805,1.581818,11.000000,0.605263
0.100000,0.221879,2.460000,28.354146,1.912605,35.000000,0.710983
0.058824,0.180909,2.964286,28.658119,1.906667,25.000000,0.747748
0.058824,0.180909,2.964286,28.658119,1.906667,25.000000,0.747748
0.125000,0.269988,1.545455,17.071489,1.428571,8.000000,0.607143
0.125000,0.347368,2.000000,29.975854,1.500000,8.000000,0.666667
0.125000,0.829733,1.333333,19.612639,1.758242,14.000000,0.571429
0.071429,0.105865,1.428571,26.311787,2.182724,43.000000,0.588235
0.071429,0.829733,1.333333,19.612639,1.758242,14.000000,0.571429
0.090909,0.378206,1.588235,13.244599,1.703297,14.000000,0.613636
0.111111,0.011236,1.666667,23.333505,1.666667,9.000000,0.625000
0.111111,0.378206,1.588235,13.244599,1.703297,14.000000,0.613636
0.045455,0.070020,2.971429,28.675979,1.864516,31.000000,0.748201
0.045455,0.458298,1.710526,26.115008,2.137566,28.000000,0.631068
0.045455,0.302767,1.526316,25.813782,1.861472,22.000000,0.604167
0.045455,0.033942,1.695652,22.929830,1.876667,25.000000,0.629032
0.142857,0.007874,3.000000,29.153609,1.428571,7.000000,0.750000
0.166667,0.441301,1.652174,28.414379,1.758333,16.000000,0.622951
0.041667,0.407874,2.515152,24.732586,1.742754,24.000000,0.715517
0.041667,0.372361,2.484848,26.545847,1.943350,29.000000,0.713043
0.125000,1.000000,9.000000,20.257960,1.964286,8.000000,0.900000
0.125000,0.008621,2.666667,20.791882,2.000000,33.000000,0.727273
0.076923,0.006711,2.071429,23.331018,1.756410,13.000000,0.674419
0.076923,0.099027,2.115385,22.857994,1.777778,18.000000,0.679012
0.076923,0.006711,2.071429,23.331018,1.756410,13.000000,0.674419
0.076923,0.097776,2.115385,22.857994,1.777778,18.000000,0.679012
0.083333,1.000000,1.526316,22.345077,1.606061,12.000000,0.604167
0.083333,0.215129,1.789474,30.000000,1.615385,13.000000,0.641509
0.100000,0.515440,1.809524,29.698047,1.638095,15.000000,0.644068
0.125000,0.219925,2.666667,26.663050,1.888502,42.000000,0.727273
0.200000,0.307988,1.611111,28.251868,1.777778,19.000000,0.617021
0.200000,0.061850,2.000000,22.925775,1.400000,5.000000,0.666667
0.166667,0.408848,1.871795,28.637616,1.803333,25.000000,0.651786
0.166667,0.843854,1.307692,29.558861,1.628205,13.000000,0.566667
0.090909,0.406002,1.916667,28.284293,1.654545,11.000000,0.657143
0.083333,0.659988,1.850000,27.455844,1.525641,13.000000,0.649123
0.142857,0.744062,1.631579,18.304284,1.771429,15.000000,0.620000
0.083333,0.250339,1.866667,25.751236,1.621212,12.000000,0.651163
0.071429,0.002042,2.270270,27.260731,1.857550,27.000000,0.694215
0.071429,0.058081,2.250000,15.608968,1.890110,14.000000,0.692308
0.071429,0.058081,2.250000,15.608968,1.890110,14.000000,0.692308
0.071429,0.359199,7.250000,28.987780,1.857143,15.000000,0.878788
0.100000,0.592845,1.740000,24.800323,2.016092,30.000000,0.635036
0.250000,0.695105,2.048780,27.525006,1.790000,25.000000,0.672000
0.035714,0.003922,2.595745,28.321054,1.900840,35.000000,0.721893
0.035714,0.136614,2.625000,22.704574,1.992063,28.000000,0.724138
0.142857,0.430889,1.695652,22.063989,1.876667,25.000000,0.629032
0.100000,0.528415,1.473684,26.673514,1.914286,21.000000,0.595745
0.071429,0.003922,2.000000,27.659590,1.873684,20.000000,0.666667
0.055556,0.621113,1.695652,22.063989,1.876667,25.000000,0.629032
0.055556,0.169501,1.833333,17.251586,1.712418,18.000000,0.647059
0.071429,0.280059,1.285714,25.329495,1.681319,14.000000,0.562500
0.058824,0.621113,1.695652,22.063989,1.876667,25.000000,0.629032
0.055556,0.930717,1.333333,18.352888,1.809524,21.000000,0.571429
0.034483,0.351513,2.636364,22.789160,2.007389,29.000000,0.725000
0.034483,0.025296,2.595745,28.592827,1.900840,35.000000,0.721893
0.045455,0.003891,1.400000,23.248410,1.913420,22.000000,0.583333
0.062500,0.013158,2.148148,29.664163,1.550000,16.000000,0.682353
0.200000,0.235760,2.052632,24.104041,1.500000,13.000000,0.672414
0.062500,0.003891,2.148148,29.664163,1.550000,16.000000,0.682353
0.100000,0.367472,2.333333,23.782241,1.622222,10.000000,0.700000
0.062500,0.000000,1.685714,25.995513,1.932806,23.000000,0.627660
0.125000,0.946768,3.166667,29.237745,1.357143,8.000000,0.760000
0.111111,0.821928,2.621622,25.777804,2.291667,33.000000,0.723881
0.111111,0.806492,2.621622,25.777804,2.291667,33.000000,0.723881
0.125000,0.327321,2.625000,29.951708,1.250000,8.000000,0.724138
0.125000,0.210822,1.500000,19.861501,1.909524,21.000000,0.600000
0.090909,0.635081,1.666667,23.375473,1.581818,11.000000,0.625000
0.090909,0.099214,2.281250,22.428988,1.683983,22.000000,0.695238
0.111111,0.250125,2.400000,21.583315,1.511111,10.000000,0.705882
0.038462,0.192286,2.684211,27.294094,2.159091,33.000000,0.728571
0.111111,0.851420,1.800000,30.000000,1.500000,9.000000,0.642857
0.111111,0.539694,1.677966,22.331856,2.129412,35.000000,0.626582
0.066667,0.799905,1.476190,27.305059,1.771429,15.000000,0.596154
0.066667,0.456795,1.392857,21.814453,2.189024,41.000000,0.582090
0.038462,0.192286,2.684211,27.294094,2.159091,33.000000,0.728571
0.111111,0.035730,1.577778,23.441616,2.019943,27.000000,0.612069
0.111111,0.344585,2.062500,22.459520,1.889706,17.000000,0.673469
0.083333,0.487689,1.428571,25.369280,2.182724,43.000000,0.588235
0.028571,0.051954,2.460000,28.354146,1.912605,35.000000,0.710983
0.028571,0.539694,1.677966,22.331856,2.129412,35.000000,0.626582
0.045455,0.296322,2.521739,28.695424,2.047101,24.000000,0.716049
0.045455,0.265328,1.216216,29.133954,2.215152,45.000000,0.548780
0.083333,0.839766,8.250000,22.208586,1.530303,12.000000,0.891892
0.100000,0.003831,1.379310,29.076980,1.733333,16.000000,0.579710
0.125000,0.608708,3.666667,18.490320,1.750000,8.000000,0.785714
0.125000,0.371063,1.766667,20.644208,1.948617,23.000000,0.638554
0.100000,0.883115,4.750000,26.570215,1.577778,10.000000,0.826087
0.041667,0.448770,1.311111,29.286885,2.047101,24.000000,0.567308
0.041667,0.337660,1.666667,25.195614,1.981884,24.000000,0.625000
0.083333,0.628481,1.636364,24.858438,1.812865,19.000000,0.620690
0.142857,0.630562,3.000000,29.685618,1.428571,7.000000,0.750000
0.062500,0.021350,1.869565,25.079156,1.683333,16.000000,0.651515
0.200000,0.659231,2.500000,24.251229,1.500000,5.000000,0.714286
0.200000,1.000000,3.500000,25.911425,1.533333,6.000000,0.777778
0.090909,0.125031,2.500000,29.400669,1.551282,13.000000,0.714286
0.090909,0.752129,1.875000,28.564413,1.606061,12.000000,0.652174
0.166667,1.000000,7.000000,24.245117,1.533333,6.000000,0.875000
0.166667,0.158756,2.000000,28.080045,1.285714,8.000000,0.666667
0.055556,0.074790,1.875000,28.825745,1.673203,18.000000,0.652174
0.090909,0.229584,2.788462,26.067337,1.806723,35.000000,0.736041
0.090909,0.699468,1.733333,24.294468,1.527273,11.000000,0.634146
0.052632,0.371948,1.500000,26.605114,1.923977,19.000000,0.600000
0.055556,0.017627,1.875000,28.825745,1.673203,18.000000,0.652174
0.090909,0.243067,2.400000,27.265010,1.636364,11.000000,0.705882
0.062500,0.052598,1.903226,29.058242,1.602941,17.000000,0.655556
0.062500,0.248458,2.062500,23.297157,1.925000,16.000000,0.673469
0.062500,0.061559,1.903226,29.058242,1.602941,17.000000,0.655556
0.062500,0.248458,2.062500,23.297157,1.925000,16.000000,0.673469
0.058824,0.263452,1.302326,23.129604,1.952569,23.000000,0.565657
0.058824,0.145798,1.680000,28.832312,1.691176,17.000000,0.626866
0.125000,0.263452,1.302326,23.129604,1.952569,23.000000,0.565657
0.076923,0.114296,2.666667,28.223931,1.934615,40.000000,0.727273
0.076923,0.243830,2.301887,28.020315,1.900840,35.000000,0.697143
0.083333,0.338761,2.909091,27.043751,1.515152,12.000000,0.744186
0.083333,0.249880,1.302326,23.129604,1.952569,23.000000,0.565657
0.250000,0.290164,2.037037,25.510651,1.956522,23.000000,0.670732
0.200000,0.165934,2.734694,25.561578,1.795455,33.000000,0.732240
0.125000,0.196375,2.857143,28.893932,1.619048,15.000000,0.740741
0.125000,0.498691,2.000000,14.255007,1.642857,8.000000,0.666667
0.111111,1.000000,2.055556,18.687012,1.804233,28.000000,0.672727
0.111111,0.146753,1.769231,30.000000,1.361111,9.000000,0.638889
0.111111,1.000000,2.023810,27.679533,1.902116,28.000000,0.669291
0.111111,0.758501,1.583333,27.293030,1.527778,9.000000,0.612903
0.111111,0.238202,1.769231,30.000000,1.361111,9.000000,0.638889
0.250000,0.331719,2.000000,29.360238,1.533333,6.000000,0.666667
0.250000,0.087558,1.736842,26.573205,1.982906,27.000000,0.634615
0.250000,0.111111,1.593750,19.105058,1.777778,18.000000,0.614458
0.111111,0.003922,1.692308,30.000000,1.416667,9.000000,0.628571
0.111111,0.135317,1.365385,21.083676,1.968661,27.000000,0.577236
0.062500,0.244265,1.500000,26.605114,1.923977,19.000000,0.600000
0.062500,0.256121,2.187500,24.747739,1.883333,16.000000,0.686275
0.090909,0.135317,1.365385,21.083676,1.968661,27.000000,0.577236
0.090909,0.003922,2.100000,27.559442,1.763636,11.000000,0.677419
0.125000,0.967306,3.142857,24.135640,1.214286,8.000000,0.758621
0.125000,0.960048,1.833333,21.895583,1.935673,19.000000,0.647059
0.076923,0.411598,1.823529,29.421102,1.602564,13.000000,0.645833
0.076923,0.770988,2.803571,23.123545,2.497143,50.000000,0.737089
0.076923,0.411598,1.823529,29.421102,1.602564,13.000000,0.645833
0.076923,0.099899,2.803571,23.123545,2.497143,50.000000,0.737089
0.076923,0.411598,1.823529,29.421102,1.602564,13.000000,0.645833
0.076923,0.125730,2.803571,23.123545,2.497143,50.000000,0.737089
0.090909,0.127877,3.000000,28.034187,1.604396,14.000000,0.750000
0.090909,0.453651,1.000000,30.000000,1.636364,11.000000,0.500000
0.083333,0.391167,5.000000,23.834221,1.712121,12.000000,0.833333
0.076923,0.085202,2.000000,6.866225,1.847619,15.000000,0.666667
0.090909,0.058052,2.000000,26.382382,1.996377,24.000000,0.666667
0.166667,0.898293,2.250000,30.000000,1.400000,6.000000,0.692308
0.050000,0.399854,2.972973,27.646794,2.178151,35.000000,0.748299
0.050000,0.318476,1.891304,28.000670,1.918719,29.000000,0.654135
0.027778,0.256102,3.189189,28.601467,2.160317,36.000000,0.761290
0.027778,0.132991,2.300000,27.857115,2.293030,38.000000,0.696970
0.050000,0.318476,1.891304,28.000670,1.918719,29.000000,0.654135
0.050000,0.399854,2.972973,27.646794,2.178151,35.000000,0.748299
0.027778,0.256102,3.189189,28.601467,2.160317,36.000000,0.761290
0.027778,0.132991,2.300000,27.857115,2.293030,38.000000,0.696970
0.166667,0.590083,1.290323,30.000000,1.733333,16.000000,0.563380
0.071429,0.590524,1.625000,27.630918,1.615385,14.000000,0.619048
0.071429,0.003891,1.920000,29.075667,1.650000,16.000000,0.657534
0.027778,0.256102,3.189189,28.601467,2.160317,36.000000,0.761290
0.027778,0.058632,2.300000,27.857115,2.293030,38.000000,0.696970
0.027778,0.256102,3.189189,28.601467,2.160317,36.000000,0.761290
0.027778,0.058632,2.300000,27.857115,2.293030,38.000000,0.696970
0.062500,0.366237,1.379310,29.076980,1.733333,16.000000,0.579710
0.062500,0.224322,1.794118,9.980520,1.709524,21.000000,0.642105
0.090909,0.586825,1.333333,29.975116,1.733333,16.000000,0.571429
0.166667,0.694807,2.285714,29.886946,2.155556,10.000000,0.695652
0.111111,0.130547,2.409091,28.691123,1.929268,41.000000,0.706667
0.111111,0.007590,2.687500,29.391864,1.527473,14.000000,0.728814
0.111111,0.582661,2.000000,24.926772,1.807692,13.000000,0.666667
0.200000,0.911654,1.750000,28.696500,1.865613,23.000000,0.636364
0.200000,0.408708,1.400000,21.382259,1.750000,9.000000,0.583333
0.111111,1.000000,1.666667,21.084354,1.666667,9.000000,0.625000
0.066667,0.241421,1.772727,28.246309,1.704762,15.000000,0.639344
0.090909,0.632209,1.722222,14.078899,1.704762,15.000000,0.632653
0.090909,0.259312,2.000000,6.866225,1.847619,15.000000,0.666667
0.111111,1.000000,2.909091,20.373433,1.606061,12.000000,0.744186
0.111111,0.470520,2.300000,27.857115,2.293030,38.000000,0.696970
0.050000,0.010062,2.500000,29.265903,1.605263,20.000000,0.714286
0.050000,0.067017,1.333333,27.395563,1.987692,26.000000,0.571429
0.045455,0.287678,1.704545,28.694578,1.761905,22.000000,0.630252
0.045455,0.526310,2.300000,27.857115,2.293030,38.000000,0.696970
0.111111,1.000000,2.909091,20.373433,1.606061,12.000000,0.744186
0.111111,0.539355,2.300000,27.857115,2.293030,38.000000,0.696970
0.111111,1.000000,2.909091,20.373433,1.606061,12.000000,0.744186
0.111111,0.526310,2.300000,27.857115,2.293030,38.000000,0.696970
0.045455,0.539355,2.300000,27.857115,2.293030,38.000000,0.696970
0.045455,0.287678,1.704545,28.694578,1.761905,22.000000,0.630252
0.166667,0.633186,1.290323,30.000000,1.733333,16.000000,0.563380
0.090909,0.287489,2.000000,25.723948,1.527273,11.000000,0.666667
0.090909,0.526310,2.300000,27.857115,2.293030,38.000000,0.696970
0.047619,0.307475,1.155172,28.359169,1.891775,22.000000,0.536000
0.047619,0.320702,2.644444,25.921583,1.800000,31.000000,0.725610
0.090909,0.287489,2.000000,25.723948,1.527273,11.000000,0.666667
0.090909,0.470520,2.300000,27.857115,2.293030,38.000000,0.696970
0.045455,0.028659,1.704545,28.694578,1.761905,22.000000,0.630252
0.045455,0.526310,2.300000,27.857115,2.293030,38.000000,0.696970
0.050000,0.422953,1.891304,27.578414,1.918719,29.000000,0.654135
0.050000,0.055120,1.666667,28.703848,1.761905,21.000000,0.625000
0.062500,0.633186,1.290323,30.000000,1.733333,16.000000,0.563380
0.062500,0.007092,2.200000,22.558470,1.980392,34.000000,0.687500
0.076923,0.633186,1.290323,30.000000,1.733333,16.000000,0.563380
0.076923,0.015385,1.846154,23.124979,1.692308,13.000000,0.648649
0.045455,0.539355,2.300000,27.857115,2.293030,38.000000,0.696970
0.045455,0.028659,1.704545,28.694578,1.761905,22.000000,0.630252
0.050000,0.276255,1.666667,28.703848,1.761905,21.000000,0.625000
0.050000,0.422953,1.891304,27.578414,1.918719,29.000000,0.654135
0.090909,0.287489,2.000000,25.723948,1.527273,11.000000,0.666667
0.090909,0.539355,2.300000,27.857115,2.293030,38.000000,0.696970
0.200000,1.000000,1.950000,27.981960,1.807882,29.000000,0.661017
0.111111,0.160133,1.352941,26.996731,1.388889,9.000000,0.575000
0.111111,0.073914,2.652174,27.791997,1.880570,34.000000,0.726190
0.166667,0.736800,1.689655,28.821217,1.720588,17.000000,0.628205
0.052632,1.000000,1.902439,29.682922,1.807882,29.000000,0.655462
0.052632,0.080220,2.200000,22.558470,1.980392,34.000000,0.687500
0.040000,0.198880,2.518519,23.595689,2.064646,45.000000,0.715789
0.040000,0.080007,4.952381,28.111645,1.750000,25.000000,0.832000
0.111111,0.198880,2.518519,23.595689,2.064646,45.000000,0.715789
0.111111,1.000000,1.692308,30.000000,1.416667,9.000000,0.628571
0.111111,0.272539,1.875000,23.966715,1.583333,9.000000,0.652174
0.111111,0.129564,1.736842,27.359148,1.982906,27.000000,0.634615
0.038462,0.198880,2.518519,23.595689,2.064646,45.000000,0.715789
0.038462,0.272483,1.439024,28.923077,1.975385,26.000000,0.590000
0.250000,1.000000,4.000000,22.500000,1.333333,4.000000,0.800000
0.038462,0.198880,2.518519,23.595689,2.064646,45.000000,0.715789
0.038462,0.225688,1.439024,28.923077,1.975385,26.000000,0.590000
0.142857,0.481766,5.000000,24.242044,1.444444,9.000000,0.833333
0.076923,0.012448,2.222222,28.601646,1.560440,14.000000,0.689655
0.090909,0.221636,1.428571,30.000000,1.709091,11.000000,0.588235
0.200000,0.169033,1.600000,22.878226,1.466667,6.000000,0.615385
0.052632,0.147113,1.333333,21.683943,2.186555,35.000000,0.571429
0.111111,0.088997,1.666667,25.909634,1.666667,9.000000,0.625000
0.100000,0.822218,2.111111,29.980683,1.600000,10.000000,0.678571
0.100000,0.191164,1.333333,21.683943,2.186555,35.000000,0.571429
0.028571,0.002134,2.548387,28.365992,1.925668,42.000000,0.718182
0.028571,0.191164,1.333333,21.683943,2.186555,35.000000,0.571429
0.035714,0.174652,3.361111,28.067773,2.295875,38.000000,0.770701
0.035714,0.527830,1.381818,17.357215,2.071429,28.000000,0.580153
0.200000,0.020568,1.480000,26.379528,1.800000,16.000000,0.596774
0.035714,0.174652,3.361111,28.067773,2.295875,38.000000,0.770701
0.035714,0.527830,1.381818,17.357215,2.071429,28.000000,0.580153
0.066667,0.527830,1.381818,17.357215,2.071429,28.000000,0.580153
0.066667,0.354024,1.727273,26.472560,1.695238,15.000000,0.633333
0.125000,0.729850,2.521739,28.695424,2.047101,24.000000,0.716049
0.040000,0.527830,1.381818,17.357215,2.071429,28.000000,0.580153
0.040000,0.527412,1.311475,28.710033,1.987692,26.000000,0.567376
0.090909,0.264783,2.130435,10.345303,1.679739,18.000000,0.680556
0.090909,0.772136,1.538462,27.705107,1.636364,11.000000,0.606061
0.125000,0.124574,2.120000,28.206683,1.861905,21.000000,0.679487
0.100000,0.902584,2.375000,30.000000,1.577778,10.000000,0.703704
0.100000,0.036201,1.631579,25.911714,1.993846,26.000000,0.620000
0.043478,0.393420,2.054545,26.225675,1.825806,31.000000,0.672619
0.043478,0.760262,1.450000,27.256283,2.015810,23.000000,0.591837
0.076923,0.768841,1.375000,29.688348,2.020000,25.000000,0.578947
0.125000,0.397581,1.571429,28.309310,2.272177,32.000000,0.611111
0.125000,0.008475,4.000000,25.027538,1.642857,8.000000,0.800000
0.090909,0.936202,2.222222,23.652214,1.709091,11.000000,0.689655
0.090909,0.411257,2.055556,18.687012,1.804233,28.000000,0.672727
0.111111,0.842794,1.404255,28.416370,2.020000,25.000000,0.584071
0.111111,0.326741,6.000000,28.363817,1.500000,9.000000,0.857143
0.125000,0.008475,4.000000,25.027538,1.642857,8.000000,0.800000
0.125000,1.000000,1.571429,28.309310,2.272177,32.000000,0.611111
0.200000,0.887586,1.339623,29.260188,2.062678,27.000000,0.572581
0.200000,0.433309,1.950000,12.975015,1.772059,17.000000,0.661017
0.040000,0.922556,1.404255,29.441626,2.020000,25.000000,0.584071
0.040000,0.036201,1.631579,25.911714,1.993846,26.000000,0.620000
0.125000,0.008475,4.000000,25.027538,1.642857,8.000000,0.800000
0.125000,0.026460,1.571429,28.309310,2.272177,32.000000,0.611111
0.100000,0.409469,1.687500,23.162449,1.812865,19.000000,0.627907
0.100000,0.294464,1.090909,28.631878,1.533333,10.000000,0.521739
0.166667,0.688838,1.166667,25.672744,1.923810,21.000000,0.538462
0.111111,0.686653,5.500000,28.117838,1.589744,13.000000,0.846154
0.111111,0.052624,1.625000,26.677425,1.754386,19.000000,0.619048
0.111111,0.111586,1.700000,28.117593,1.583333,9.000000,0.629630
0.034483,0.960729,1.527273,11.121593,1.866995,29.000000,0.604317
0.034483,0.433007,2.790698,29.595894,1.825806,31.000000,0.736196
0.125000,0.960729,1.527273,11.121593,1.866995,29.000000,0.604317
0.125000,0.354773,3.000000,29.133346,1.500000,8.000000,0.750000
0.250000,0.882072,2.166667,28.404405,2.133333,31.000000,0.684211
0.076923,0.122779,1.764706,24.671037,1.679487,13.000000,0.638298
0.076923,0.598497,2.314286,29.142849,1.706522,24.000000,0.698276
0.200000,0.605946,1.321429,22.100393,1.676190,15.000000,0.569231
0.076923,0.916910,3.000000,27.947493,2.225371,39.000000,0.750000
0.076923,0.122779,1.764706,24.900415,1.679487,13.000000,0.638298
0.076923,0.122779,1.764706,24.671037,1.679487,13.000000,0.638298
0.076923,0.546219,2.314286,29.142849,1.706522,24.000000,0.698276
0.200000,0.161464,1.692308,20.971356,1.767196,28.000000,0.628571
0.074074,0.371029,1.571429,27.198937,2.272177,32.000000,0.611111
0.074074,0.092822,1.512195,28.611297,1.980057,27.000000,0.601942
0.166667,0.045431,1.441860,29.973360,1.980057,27.000000,0.590476
0.166667,0.772256,1.571429,22.648749,1.266667,6.000000,0.611111
0.076923,1.000000,1.652174,25.079369,2.247312,31.000000,0.622951
0.076923,0.184323,1.439024,28.923077,1.975385,26.000000,0.590000
0.100000,0.817728,1.961538,24.543070,1.826316,20.000000,0.662338
0.100000,0.023229,2.076923,30.000000,1.883117,22.000000,0.675000
0.125000,0.371029,1.571429,27.198937,2.272177,32.000000,0.611111
0.125000,0.112422,6.333333,26.275127,1.357143,8.000000,0.863636
0.200000,0.817728,1.961538,24.543070,1.826316,20.000000,0.662338
0.200000,0.832741,3.333333,29.800493,1.000000,5.000000,0.769231
0.076923,1.000000,1.652174,25.079369,2.247312,31.000000,0.622951
0.076923,0.135708,1.439024,28.923077,1.975385,26.000000,0.590000
0.074074,0.371029,1.571429,27.198937,2.272177,32.000000,0.611111
0.074074,0.092822,1.512195,28.611297,1.980057,27.000000,0.601942
0.166667,0.045431,1.441860,29.973360,1.980057,27.000000,0.590476
0.166667,0.772256,1.571429,22.648749,1.266667,6.000000,0.611111
0.100000,0.294366,2.076923,30.000000,1.883117,22.000000,0.675000
0.100000,0.817728,1.961538,24.543070,1.826316,20.000000,0.662338
0.125000,0.100114,6.333333,25.048861,1.357143,8.000000,0.863636
0.125000,1.000000,1.652174,25.079369,2.247312,31.000000,0.622951
0.052632,0.004219,2.611111,29.320173,1.777778,19.000000,0.723077
0.052632,0.007217,2.375000,23.320520,1.984985,37.000000,0.703704
0.200000,0.341083,1.590909,28.776933,1.469697,12.000000,0.614035
0.250000,0.651931,2.058824,29.564845,1.515152,12.000000,0.673077
0.250000,0.159323,2.058824,29.564845,1.515152,12.000000,0.673077
0.200000,0.345185,1.590909,28.776933,1.469697,12.000000,0.614035
0.052632,0.217179,2.407407,27.716866,2.501057,44.000000,0.706522
0.052632,0.260499,3.545455,29.518031,2.169748,35.000000,0.780000
0.052632,0.281793,2.407407,27.716866,2.501057,44.000000,0.706522
0.052632,0.260499,3.545455,29.518031,2.169748,35.000000,0.780000
0.052632,0.217179,2.407407,27.716866,2.501057,44.000000,0.706522
0.052632,0.260499,3.545455,29.518031,2.169748,35.000000,0.780000
0.052632,0.281793,2.407407,27.716866,2.501057,44.000000,0.706522
0.052632,0.260499,3.545455,29.518031,2.169748,35.000000,0.780000
0.052632,0.301320,2.407407,27.716866,2.501057,44.000000,0.706522
0.052632,0.260499,3.545455,29.518031,2.169748,35.000000,0.780000
0.052632,0.301320,2.407407,27.716866,2.501057,44.000000,0.706522
0.052632,0.260499,3.545455,29.518031,2.169748,35.000000,0.780000
0.071429,0.441066,2.906977,29.094700,2.179232,38.000000,0.744048
0.052632,0.129057,3.694444,26.636444,2.358885,42.000000,0.786982
0.052632,0.129057,3.694444,26.636444,2.358885,42.000000,0.786982
0.071429,0.441066,2.906977,29.094700,2.179232,38.000000,0.744048
0.040000,0.368017,2.322034,28.471757,2.488889,45.000000,0.698980
0.040000,0.081254,1.641509,28.295288,1.830000,25.000000,0.621429
0.090909,0.180220,2.322034,28.471757,2.488889,45.000000,0.698980
0.090909,0.497575,1.647059,29.101302,1.527273,11.000000,0.622222
0.090909,0.497575,1.647059,29.101302,1.527273,11.000000,0.622222
0.090909,0.424108,2.322034,28.471757,2.488889,45.000000,0.698980
0.037037,0.048573,2.026667,28.102041,2.517857,49.000000,0.669604
0.037037,0.068571,1.735849,28.209547,1.886040,27.000000,0.634483
0.037037,0.048573,2.026667,28.102041,2.517857,49.000000,0.669604
0.037037,0.068571,1.735849,28.209547,1.886040,27.000000,0.634483
0.076923,0.354554,1.666667,21.649284,1.615385,14.000000,0.625000
0.076923,0.368017,2.322034,28.471757,2.488889,45.000000,0.698980
0.043478,0.004525,1.425000,21.844140,1.932806,23.000000,0.587629
0.043478,0.540668,1.760563,29.189189,1.974474,37.000000,0.637755
0.200000,0.080145,1.295775,22.980199,2.186555,35.000000,0.564417
0.166667,0.662447,1.542857,29.585329,1.964349,34.000000,0.606742
0.040000,0.256271,2.322034,28.471757,2.488889,45.000000,0.698980
0.040000,0.081254,1.641509,28.295288,1.830000,25.000000,0.621429
0.076923,0.354554,1.666667,21.649284,1.615385,14.000000,0.625000
0.076923,0.424108,2.322034,28.471757,2.488889,45.000000,0.698980
0.043478,0.004525,1.425000,21.844140,1.932806,23.000000,0.587629
0.043478,0.541386,1.760563,29.189189,1.974474,37.000000,0.637755
0.076923,0.354554,1.666667,21.649284,1.615385,14.000000,0.625000
0.076923,0.256271,2.322034,28.471757,2.488889,45.000000,0.698980
0.047619,0.137198,1.638298,29.260551,1.802372,23.000000,0.620968
0.040000,0.081254,1.641509,28.295288,1.830000,25.000000,0.621429
0.040000,0.424108,2.322034,28.471757,2.488889,45.000000,0.698980
0.166667,0.724255,1.542857,29.585329,1.964349,34.000000,0.606742
0.200000,0.241680,1.756098,28.661952,2.012315,29.000000,0.637168
0.047619,0.137198,1.638298,29.260551,1.802372,23.000000,0.620968
0.076923,0.413411,1.666667,24.960050,1.615385,14.000000,0.625000
0.076923,0.048573,2.026667,28.102041,2.517857,49.000000,0.669604
0.090909,0.256271,2.322034,28.471757,2.488889,45.000000,0.698980
0.090909,0.497575,1.647059,29.101302,1.527273,11.000000,0.622222
0.043478,0.004525,1.425000,21.844140,1.932806,23.000000,0.587629
0.043478,0.539733,1.760563,29.189189,1.974474,37.000000,0.637755
0.043478,0.004525,1.425000,21.844140,1.932806,23.000000,0.587629
0.043478,0.548476,1.760563,29.189189,1.974474,37.000000,0.637755
0.043478,0.004525,1.425000,21.844140,1.932806,23.000000,0.587629
0.043478,0.547131,1.760563,29.189189,1.974474,37.000000,0.637755
0.090909,0.368017,2.322034,28.471757,2.488889,45.000000,0.698980
0.090909,0.497575,1.647059,29.101302,1.527273,11.000000,0.622222
0.166667,0.619500,1.542857,29.585329,1.964349,34.000000,0.606742
0.076923,0.354554,1.666667,21.649284,1.615385,14.000000,0.625000
0.076923,0.180220,2.322034,28.471757,2.488889,45.000000,0.698980
0.166667,0.727227,1.542857,29.585329,1.964349,34.000000,0.606742
0.090909,0.048573,2.026667,28.102041,2.517857,49.000000,0.669604
0.090909,0.481668,1.647059,29.843624,1.527273,11.000000,0.622222
0.040000,0.081254,1.641509,28.295288,1.830000,25.000000,0.621429
0.040000,0.256271,2.322034,28.471757,2.488889,45.000000,0.698980
0.040000,0.081254,1.641509,28.295288,1.830000,25.000000,0.621429
0.040000,0.368017,2.322034,28.471757,2.488889,45.000000,0.698980
0.040000,0.081254,1.641509,28.295288,1.830000,25.000000,0.621429
0.040000,0.424108,2.322034,28.471757,2.488889,45.000000,0.698980
0.166667,0.048573,2.026667,28.102041,2.517857,49.000000,0.669604
0.090909,0.668534,5.000000,24.744708,1.745455,11.000000,0.833333
0.090909,0.010244,1.631579,25.911714,1.993846,26.000000,0.620000
0.062500,0.041226,1.736842,28.888595,1.982906,27.000000,0.634615
0.062500,0.117185,1.750000,20.090649,1.741667,16.000000,0.636364
0.090909,0.017128,1.958333,29.305843,2.223810,21.000000,0.661972
0.090909,1.000000,3.166667,21.059187,2.072727,11.000000,0.760000
0.166667,0.735803,1.800000,20.855817,1.400000,6.000000,0.642857
0.166667,0.229123,2.384615,24.009504,1.802198,14.000000,0.704545
0.052632,0.775910,3.380952,21.617740,1.678947,20.000000,0.771739
0.062500,1.000000,1.888889,9.612573,1.683824,17.000000,0.653846
0.071429,0.701423,3.384615,24.019157,1.849673,18.000000,0.771930
0.166667,0.163579,2.666667,21.295788,1.533333,6.000000,0.727273
0.166667,0.178246,1.958333,28.387163,2.223810,21.000000,0.661972
0.043478,0.606212,1.425000,21.844140,1.932806,23.000000,0.587629
0.043478,0.060860,2.575758,28.368605,1.963636,45.000000,0.720339
0.043478,0.606212,1.425000,21.844140,1.932806,23.000000,0.587629
0.043478,0.038651,1.385965,29.753883,2.020690,30.000000,0.580882
0.100000,0.606212,1.425000,21.844140,1.932806,23.000000,0.587629
0.100000,0.004184,1.714286,28.649518,1.511111,10.000000,0.631579
0.076923,0.742421,2.000000,29.373989,1.976667,25.000000,0.666667
0.100000,0.033106,3.250000,22.254944,1.444444,10.000000,0.764706
0.100000,0.613234,2.421053,25.361035,1.993103,30.000000,0.707692
0.090909,0.570747,2.304348,28.876051,1.929268,41.000000,0.697368
0.076923,0.578947,2.181818,11.328158,1.923977,19.000000,0.685714
0.076923,0.656669,2.559322,27.776882,1.924359,40.000000,0.719048
0.031250,0.553705,2.372549,29.706421,1.850806,32.000000,0.703488
0.031250,0.577031,2.316456,29.435563,1.931313,45.000000,0.698473
0.166667,0.403202,2.114286,24.967190,1.804233,28.000000,0.678899
0.062500,0.214682,2.242424,22.267302,1.804233,28.000000,0.691589
0.062500,0.265949,1.761905,27.440020,1.850000,16.000000,0.637931
0.142857,1.000000,4.333333,25.763317,1.466667,10.000000,0.812500
0.142857,0.201800,3.000000,27.623604,1.285714,7.000000,0.750000
0.176471,0.454974,4.187500,26.553670,1.742857,21.000000,0.807229
0.176471,1.000000,3.307692,26.703941,1.615385,14.000000,0.767857
0.062500,1.000000,2.020000,27.776705,1.742754,24.000000,0.668874
0.062500,0.892937,2.571429,29.024260,1.550000,16.000000,0.720000
0.040000,1.000000,1.854545,28.483991,1.790000,25.000000,0.649682
0.040000,0.115962,4.695652,26.954652,2.254032,32.000000,0.824427
0.166667,0.304348,3.000000,26.737173,1.200000,6.000000,0.750000
0.166667,1.000000,1.924528,28.080275,1.790000,25.000000,0.658065
0.111111,0.008475,2.444444,30.000000,1.600000,11.000000,0.709677
0.111111,0.428257,1.777778,20.104433,1.555556,9.000000,0.640000
0.058824,0.734468,2.833333,28.332210,1.836336,37.000000,0.739130
0.071429,1.000000,1.600000,29.272487,1.648352,14.000000,0.615385
0.142857,0.293038,1.777778,25.430667,1.238095,7.000000,0.640000
0.142857,0.005989,1.666667,27.578453,1.981884,24.000000,0.625000
0.111111,1.000000,1.692308,30.000000,1.416667,9.000000,0.628571
0.090909,0.262566,1.909091,28.982088,1.763636,11.000000,0.656250
0.062500,0.165931,3.500000,29.340393,1.583333,16.000000,0.777778
0.033333,0.447175,2.000000,27.342284,1.788506,30.000000,0.666667
0.062500,0.323304,3.500000,29.340393,1.583333,16.000000,0.777778
0.041667,0.588377,1.871795,29.167152,1.803333,25.000000,0.651786
0.111111,0.004255,2.500000,29.666395,1.500000,9.000000,0.714286
0.076923,1.000000,2.173913,19.141371,1.583333,16.000000,0.684932
0.076923,1.000000,1.583333,20.730991,1.564103,13.000000,0.612903
0.100000,0.105452,2.833333,30.000000,1.648352,14.000000,0.739130
0.100000,0.264128,1.838710,26.884465,1.940711,23.000000,0.647727
0.100000,0.000000,2.000000,27.000000,1.555556,10.000000,0.666667
0.125000,0.132887,1.625000,26.677425,1.754386,19.000000,0.619048
0.050000,0.039291,5.107143,26.780093,1.804435,32.000000,0.836257
0.050000,0.197430,1.962963,26.219788,1.826316,20.000000,0.662500
0.111111,0.290983,1.600000,30.000000,1.618182,11.000000,0.615385
0.066667,0.135652,1.652174,25.079369,2.247312,31.000000,0.622951
0.066667,0.180147,2.666667,30.000000,1.619048,15.000000,0.727273
0.066667,0.180147,2.666667,30.000000,1.619048,15.000000,0.727273
0.066667,1.000000,1.652174,25.079369,2.247312,31.000000,0.622951
0.066667,0.168076,2.666667,30.000000,1.619048,15.000000,0.727273
0.066667,0.670566,1.571429,27.198937,2.272177,32.000000,0.611111
0.111111,0.012766,2.500000,29.978537,1.500000,9.000000,0.714286
0.080000,0.132199,1.347826,30.000000,1.980057,27.000000,0.574074
0.080000,0.132199,1.347826,30.000000,1.980057,27.000000,0.574074
0.142857,0.285375,1.000000,26.161293,1.769231,14.000000,0.500000
0.040000,0.009426,2.916667,30.000000,2.476271,60.000000,0.744681
0.040000,0.612285,2.225806,23.477791,2.196667,25.000000,0.690000
0.040000,0.009426,2.916667,30.000000,2.476271,60.000000,0.744681
0.040000,0.612285,2.225806,23.477791,2.196667,25.000000,0.690000
0.200000,0.540520,1.303030,24.755765,1.666667,16.000000,0.565789
0.040000,0.023690,2.916667,30.000000,2.476271,60.000000,0.744681
0.040000,0.612285,2.225806,23.477791,2.196667,25.000000,0.690000
0.083333,0.000420,5.000000,24.650893,1.712121,12.000000,0.833333
0.083333,0.852812,1.666667,28.703848,1.761905,21.000000,0.625000
0.100000,0.249592,4.600000,28.589249,1.488889,10.000000,0.821429
0.100000,0.841781,1.500000,28.972449,1.847826,24.000000,0.600000
0.083333,0.690248,1.590909,28.553264,1.469697,12.000000,0.614035
0.083333,0.116516,3.384615,24.019157,1.849673,18.000000,0.771930
0.071429,0.694908,1.720000,27.857143,1.571429,14.000000,0.632353
0.071429,0.289760,4.538462,26.597976,1.701754,19.000000,0.819444
0.083333,0.000420,5.000000,24.650893,1.712121,12.000000,0.833333
0.083333,0.729462,1.666667,28.703848,1.761905,21.000000,0.625000
0.100000,0.841781,1.500000,28.972449,1.847826,24.000000,0.600000
0.100000,0.249592,4.600000,28.589249,1.488889,10.000000,0.821429
0.071429,0.289760,4.538462,26.597976,1.701754,19.000000,0.819444
0.071429,0.886179,1.720000,27.857143,1.571429,14.000000,0.632353
0.083333,0.917963,1.590909,28.553264,1.469697,12.000000,0.614035
0.083333,0.116516,3.384615,24.019157,1.849673,18.000000,0.771930
0.250000,0.112167,2.717391,29.800951,2.179232,38.000000,0.730994
0.076923,0.117101,4.400000,20.701900,2.277056,22.000000,0.814815
0.250000,0.112167,2.717391,29.800951,2.179232,38.000000,0.730994
0.125000,0.564850,2.454545,27.927066,1.835165,14.000000,0.710526
0.125000,0.026786,2.000000,20.767550,1.571429,8.000000,0.666667
0.045455,0.037309,2.459459,27.729452,1.988475,48.000000,0.710938
0.045455,0.887127,4.400000,20.701900,2.277056,22.000000,0.814815
0.090909,1.000000,2.181818,29.250228,1.581818,11.000000,0.685714
0.090909,0.470686,1.416667,24.972661,2.187688,37.000000,0.586207
0.058824,0.180757,3.166667,10.394647,1.926471,17.000000,0.760000
0.058824,0.410031,3.714286,22.045610,1.871345,19.000000,0.787879
0.055556,0.037225,2.687500,28.694241,1.745098,18.000000,0.728814
0.055556,0.424938,2.625000,26.665694,2.203901,48.000000,0.724138
0.045455,0.226768,2.964286,29.723737,1.718615,22.000000,0.747748
0.045455,0.470686,1.416667,24.972661,2.187688,37.000000,0.586207
0.083333,0.473152,4.000000,21.321594,1.871345,19.000000,0.800000
0.055556,0.037225,2.687500,28.694241,1.745098,18.000000,0.728814
0.055556,0.424938,2.625000,26.665694,2.203901,48.000000,0.724138
0.027027,0.128556,2.500000,28.641869,1.963636,45.000000,0.714286
0.027027,0.470686,1.416667,24.972661,2.187688,37.000000,0.586207
0.250000,0.197611,1.833333,26.250816,1.672727,11.000000,0.647059
0.038462,0.770792,1.416667,24.972661,2.187688,37.000000,0.586207
0.058824,0.262062,2.142857,27.666321,1.727941,17.000000,0.681818
0.250000,0.076851,2.210526,27.228778,1.647619,15.000000,0.688525
0.200000,0.219523,2.780000,29.058307,1.913229,38.000000,0.735450
0.142857,0.213115,2.000000,18.385196,1.476190,7.000000,0.666667
0.166667,0.168825,5.000000,26.738352,1.816399,34.000000,0.833333
0.166667,0.649142,4.695652,26.954652,2.254032,32.000000,0.824427
0.166667,0.457173,1.800000,29.245117,1.400000,6.000000,0.642857
0.166667,0.598116,2.000000,25.379719,1.466667,6.000000,0.666667
0.200000,0.941745,2.333333,22.858983,1.300000,5.000000,0.700000
0.250000,0.304138,1.818182,26.257612,1.644444,10.000000,0.645161
0.166667,0.227230,2.250000,24.305656,1.400000,6.000000,0.692308
0.166667,0.602250,2.136364,28.488929,1.552381,15.000000,0.681159
0.142857,0.065336,3.027778,28.811013,1.864516,31.000000,0.751724
0.076923,0.601305,2.593220,27.122454,1.836336,37.000000,0.721698
0.076923,1.000000,1.823529,28.091834,1.602564,13.000000,0.645833
0.071429,1.000000,1.684211,28.552409,1.648352,14.000000,0.627451
0.071429,0.374136,2.836066,28.047553,2.516422,54.000000,0.739316
0.100000,0.347005,2.857143,26.851529,1.622222,10.000000,0.740741
0.071429,0.228091,2.836066,28.047553,2.516422,54.000000,0.739316
0.071429,1.000000,1.684211,28.552409,1.648352,14.000000,0.627451
0.071429,0.261860,2.836066,28.047553,2.516422,54.000000,0.739316
0.071429,1.000000,1.684211,28.552409,1.648352,14.000000,0.627451
0.076923,0.260594,1.851852,27.785429,1.600000,16.000000,0.649351
0.100000,0.441150,2.571429,25.439974,1.600000,10.000000,0.720000
0.166667,0.131708,2.375000,28.545283,1.600000,10.000000,0.703704
0.058824,0.147776,4.000000,27.870353,2.463964,37.000000,0.800000
0.058824,0.461508,1.428571,27.625288,1.919118,17.000000,0.588235
0.058824,0.054494,4.000000,27.870353,2.463964,37.000000,0.800000
0.058824,0.461508,1.428571,27.625288,1.919118,17.000000,0.588235
0.071429,0.594034,1.446809,29.137545,1.965608,28.000000,0.591304
0.071429,0.066485,1.792453,24.904034,2.282282,37.000000,0.641892
0.071429,0.361443,1.792453,24.904034,2.282282,37.000000,0.641892
0.071429,0.594034,1.446809,29.137545,1.965608,28.000000,0.591304
0.111111,0.677815,1.581395,29.392595,1.965608,28.000000,0.612613
0.111111,0.008621,2.000000,21.421582,1.722222,9.000000,0.666667
0.071429,0.594034,1.446809,29.137545,1.965608,28.000000,0.591304
0.071429,0.066485,1.792453,24.904034,2.282282,37.000000,0.641892
0.071429,0.594034,1.446809,29.137545,1.965608,28.000000,0.591304
0.071429,0.361443,1.792453,24.904034,2.282282,37.000000,0.641892
0.090909,0.772066,1.550000,22.549167,1.731602,22.000000,0.607843
0.071429,0.594034,1.446809,29.137545,1.965608,28.000000,0.591304
0.071429,0.208753,1.792453,24.904034,2.282282,37.000000,0.641892
0.071429,0.594034,1.446809,29.137545,1.965608,28.000000,0.591304
0.071429,1.000000,1.792453,24.904034,2.282282,37.000000,0.641892
0.111111,0.008621,2.000000,21.421582,1.722222,9.000000,0.666667
0.111111,0.677815,1.581395,29.392595,1.965608,28.000000,0.612613
0.250000,0.079365,2.000000,16.310939,1.333333,4.000000,0.666667
0.250000,0.721445,1.510638,29.040561,2.006897,30.000000,0.601695
0.250000,0.079365,2.000000,16.310939,1.333333,4.000000,0.666667
0.250000,0.721445,1.510638,29.040561,2.006897,30.000000,0.601695
0.071429,0.594034,1.446809,29.137545,1.965608,28.000000,0.591304
0.071429,1.000000,1.792453,24.904034,2.282282,37.000000,0.641892
0.071429,0.208753,1.792453,24.904034,2.282282,37.000000,0.641892
0.071429,0.594034,1.446809,29.137545,1.965608,28.000000,0.591304
0.045455,0.092327,1.234043,26.226344,1.995671,22.000000,0.552381
0.045455,0.194981,3.029412,27.076521,1.871795,27.000000,0.751825
0.062500,0.092327,1.234043,26.226344,1.995671,22.000000,0.552381
0.062500,0.413317,2.647059,29.394535,1.625000,16.000000,0.725806
0.250000,0.738528,1.571429,19.468709,1.476190,7.000000,0.611111
0.090909,1.000000,1.692308,28.694524,1.600000,11.000000,0.628571
0.090909,1.000000,3.400000,28.558194,1.648352,14.000000,0.772727
0.062500,0.159664,1.458333,18.417448,1.750000,16.000000,0.593220
0.062500,0.525865,2.525000,28.584293,1.931034,29.000000,0.716312
0.062500,0.159664,1.458333,18.417448,1.750000,16.000000,0.593220
0.062500,0.011959,2.525000,28.584293,1.931034,29.000000,0.716312
0.100000,0.195924,1.536585,23.107790,1.916667,24.000000,0.605769
0.142857,0.398344,3.588235,29.067580,2.274603,36.000000,0.782051
0.111111,0.408536,3.000000,24.377339,1.666667,9.000000,0.750000
0.111111,0.510599,3.588235,29.067580,2.274603,36.000000,0.782051
0.111111,0.408536,3.000000,25.442245,1.666667,9.000000,0.750000
0.111111,0.398344,3.588235,29.067580,2.274603,36.000000,0.782051
0.111111,0.408536,3.000000,25.442245,1.666667,9.000000,0.750000
0.142857,0.510599,3.588235,29.067580,2.274603,36.000000,0.782051
0.250000,0.608682,3.588235,29.067580,2.274603,36.000000,0.782051
0.250000,0.053191,2.000000,30.000000,1.333333,4.000000,0.666667
0.250000,0.398344,3.588235,29.067580,2.274603,36.000000,0.782051
0.250000,0.053191,2.000000,30.000000,1.333333,4.000000,0.666667
0.250000,0.510599,3.588235,29.067580,2.274603,36.000000,0.782051
0.250000,0.053191,2.000000,30.000000,1.333333,4.000000,0.666667
0.250000,0.088588,4.545455,29.611720,1.842105,20.000000,0.819672
0.250000,1.000000,4.000000,24.933663,1.333333,4.000000,0.800000
0.111111,0.755237,2.304348,27.285466,2.031746,36.000000,0.697368
0.200000,0.152941,1.833333,30.000000,1.266667,6.000000,0.647059
0.062500,0.039173,4.488889,23.799839,2.122735,59.000000,0.817814
0.062500,1.000000,2.066667,19.027039,1.908333,16.000000,0.673913
0.111111,0.298365,1.571429,10.088719,1.600000,11.000000,0.611111
0.111111,0.004292,3.200000,27.711384,1.555556,9.000000,0.761905
0.047619,0.583479,2.771930,23.987242,1.964563,43.000000,0.734884
0.047619,0.015174,1.680000,17.286857,1.800000,21.000000,0.626866
0.125000,0.180172,2.714286,26.615703,1.321429,8.000000,0.730769
0.125000,0.015873,2.250000,14.455045,1.357143,8.000000,0.692308
0.038462,0.021938,1.382979,28.640201,2.180509,43.000000,0.580357
0.038462,0.083811,6.090909,22.567721,2.092308,26.000000,0.858974
0.058824,0.768870,1.000000,12.818855,1.794118,17.000000,0.500000
0.058824,0.527802,2.000000,27.255974,1.837607,27.000000,0.666667
0.090909,0.889479,2.666667,27.584632,1.722944,22.000000,0.727273
0.076923,0.190091,1.666667,23.445033,1.700000,16.000000,0.625000
0.250000,0.290152,3.230769,27.696463,1.538462,14.000000,0.763636
0.090909,0.004522,2.545455,29.402620,2.203901,48.000000,0.717949
0.090909,0.646954,1.823529,27.272727,1.454545,11.000000,0.645833
0.090909,0.004522,2.545455,29.402620,2.203901,48.000000,0.717949
0.090909,0.740972,1.823529,27.272727,1.454545,11.000000,0.645833
0.090909,0.696936,1.823529,27.272727,1.454545,11.000000,0.645833
0.090909,0.004522,2.545455,29.402620,2.203901,48.000000,0.717949
0.090909,0.674107,1.823529,27.272727,1.454545,11.000000,0.645833
0.090909,0.004522,2.545455,29.402620,2.203901,48.000000,0.717949
0.090909,0.004522,2.545455,29.402620,2.203901,48.000000,0.717949
0.090909,0.740972,1.823529,27.272727,1.454545,11.000000,0.645833
0.090909,0.004522,2.545455,29.402620,2.203901,48.000000,0.717949
0.090909,0.646954,1.823529,27.272727,1.454545,11.000000,0.645833
0.090909,0.646954,1.823529,27.272727,1.454545,11.000000,0.645833
0.090909,0.004522,2.545455,29.402620,2.203901,48.000000,0.717949
0.090909,0.646954,1.823529,27.272727,1.454545,11.000000,0.645833
0.090909,0.004522,2.545455,29.402620,2.203901,48.000000,0.717949
0.090909,0.674107,1.823529,27.272727,1.454545,11.000000,0.645833
0.090909,0.004522,2.545455,29.402620,2.203901,48.000000,0.717949
0.090909,0.696936,1.823529,27.272727,1.454545,11.000000,0.645833
0.090909,0.004522,2.545455,29.402620,2.203901,48.000000,0.717949
0.250000,0.815313,3.181818,10.364828,1.963235,17.000000,0.760870
0.142857,0.000000,1.714286,26.264641,1.476190,7.000000,0.631579
0.250000,0.581219,2.166667,26.642334,1.380952,7.000000,0.684211
0.111111,0.008547,2.333333,28.164720,1.611111,9.000000,0.700000
0.058824,0.607132,4.695652,26.954652,2.254032,32.000000,0.824427
0.058824,0.406639,1.425000,21.844140,1.932806,23.000000,0.587629
0.058824,0.406639,1.425000,21.844140,1.932806,23.000000,0.587629
0.058824,0.657012,4.695652,26.954652,2.254032,32.000000,0.824427
0.166667,1.000000,8.250000,27.857143,1.846154,14.000000,0.891892
0.058824,0.768740,3.588235,29.067580,2.274603,36.000000,0.782051
0.058824,0.375131,1.444444,27.830715,1.933333,25.000000,0.590909
0.166667,0.782295,8.250000,27.857143,1.846154,14.000000,0.891892
0.111111,0.710806,1.653846,12.780166,2.030303,22.000000,0.623188
0.111111,0.008621,3.142857,25.179485,1.388889,9.000000,0.758621
0.125000,0.710806,1.653846,12.780166,2.030303,22.000000,0.623188
0.125000,0.078947,2.250000,16.442247,1.357143,8.000000,0.692308
0.111111,0.101696,2.857143,30.000000,1.830108,31.000000,0.740741
0.111111,0.176523,1.800000,17.623675,1.250000,9.000000,0.642857
0.058824,0.149173,4.625000,26.718856,1.992063,28.000000,0.822222
0.058824,0.033333,2.166667,25.216121,1.779412,17.000000,0.684211
0.142857,0.275028,1.500000,25.777008,1.476190,7.000000,0.600000
0.200000,0.478320,4.500000,27.844231,1.538462,13.000000,0.818182
0.166667,0.423766,2.333333,24.605961,1.533333,6.000000,0.700000
0.040000,0.173872,2.793103,29.527941,2.483922,51.000000,0.736364
0.083333,0.511753,5.000000,28.553264,1.545455,12.000000,0.833333
0.200000,0.454828,1.400000,24.710508,1.661765,17.000000,0.583333
0.142857,0.665346,2.333333,26.305338,1.333333,7.000000,0.700000
0.040000,0.597453,2.793103,29.527941,2.483922,51.000000,0.736364
0.040000,0.095958,2.793103,29.527941,2.483922,51.000000,0.736364
0.111111,1.000000,1.792453,24.904034,2.282282,37.000000,0.641892
0.111111,0.777561,1.916667,29.492081,1.771930,19.000000,0.657143
0.111111,0.078139,2.536232,28.160228,1.966184,46.000000,0.717213
0.111111,0.536887,1.792453,24.904034,2.282282,37.000000,0.641892
0.111111,0.333507,1.792453,24.904034,2.282282,37.000000,0.641892
0.111111,1.000000,1.792453,24.904034,2.282282,37.000000,0.641892
0.222222,0.754448,1.818182,25.924772,1.666667,10.000000,0.645161
0.200000,0.533184,2.066667,28.579362,1.659341,14.000000,0.673913
0.076923,0.000000,2.000000,29.292673,1.692308,13.000000,0.666667
0.100000,0.044747,2.333333,25.899838,1.763636,11.000000,0.700000
0.100000,0.146063,3.571429,28.205040,1.742424,12.000000,0.781250
0.142857,0.994153,2.666667,28.152897,1.238095,7.000000,0.727273
0.062500,0.001056,3.357143,30.000000,2.471230,64.000000,0.770492
0.062500,0.544848,1.941176,27.455625,1.875000,16.000000,0.660000
0.062500,0.001056,3.357143,30.000000,2.471230,64.000000,0.770492
0.062500,0.544848,1.941176,27.455625,1.875000,16.000000,0.660000
0.083333,0.311253,2.454545,28.610266,1.606061,12.000000,0.710526
0.083333,0.544848,1.941176,27.455625,1.875000,16.000000,0.660000
0.062500,0.001056,3.357143,30.000000,2.471230,64.000000,0.770492
0.062500,0.544848,1.941176,27.455625,1.875000,16.000000,0.660000
0.200000,0.302697,2.166667,30.000000,1.750000,9.000000,0.684211
0.111111,0.171775,1.928571,23.971017,1.769231,13.000000,0.658537
0.200000,0.690924,4.750000,27.816626,2.217949,13.000000,0.826087
0.200000,0.600044,2.000000,26.606289,1.644444,10.000000,0.666667
0.200000,0.326046,2.000000,26.606289,1.644444,10.000000,0.666667
0.142857,0.081856,3.181818,26.589763,1.891738,27.000000,0.760870
0.062500,1.000000,1.527273,11.121593,1.866995,29.000000,0.604317
0.076923,0.872565,2.923077,30.000000,1.926471,17.000000,0.745098
0.076923,0.725120,1.812500,23.841911,1.974638,24.000000,0.644444
0.076923,0.647107,2.923077,30.000000,1.926471,17.000000,0.745098
0.076923,0.725120,1.812500,23.841911,1.974638,24.000000,0.644444
0.285714,0.691537,2.250000,29.440286,1.712121,12.000000,0.692308
0.038462,0.079236,2.426667,28.563492,1.988475,48.000000,0.708171
0.076923,0.502441,1.854167,26.251298,1.834975,29.000000,0.649635
0.029412,0.073793,3.186667,29.757977,2.480769,65.000000,0.761146
0.058824,0.014634,1.560000,24.342167,1.757353,17.000000,0.609375
0.111111,0.263503,3.400000,23.091976,1.800000,10.000000,0.772727
0.029412,0.073793,3.186667,29.757977,2.480769,65.000000,0.761146
0.038462,0.089133,2.545455,29.253755,2.203901,48.000000,0.717949
0.029412,0.073793,3.186667,29.757977,2.480769,65.000000,0.761146
0.029412,0.073793,3.186667,29.757977,2.480769,65.000000,0.761146
0.029412,0.073793,3.186667,29.757977,2.480769,65.000000,0.761146
0.040000,0.073793,3.186667,29.838292,2.480769,65.000000,0.761146
0.040000,0.518312,2.419355,27.401233,2.000000,25.000000,0.707547
0.058824,0.014634,1.560000,24.342167,1.757353,17.000000,0.609375
0.250000,0.012876,4.000000,30.000000,1.333333,4.000000,0.800000
0.040000,0.073793,3.186667,29.838292,2.480769,65.000000,0.761146
0.040000,0.518312,2.419355,27.401233,2.000000,25.000000,0.707547
0.029412,0.073793,3.186667,29.757977,2.480769,65.000000,0.761146
0.250000,0.012876,4.000000,30.000000,1.333333,4.000000,0.800000
0.038462,0.089133,2.545455,29.253755,2.203901,48.000000,0.717949
0.040000,0.073793,3.186667,29.838292,2.480769,65.000000,0.761146
0.040000,0.518312,2.419355,27.401233,2.000000,25.000000,0.707547
0.111111,0.263503,3.400000,23.091976,1.800000,10.000000,0.772727
0.285714,1.000000,2.250000,29.440286,1.712121,12.000000,0.692308
0.125000,0.768012,1.875000,29.008905,1.847368,20.000000,0.652174
0.041667,0.438943,1.536585,23.107790,1.916667,24.000000,0.605769
0.041667,0.120580,2.486111,28.165847,1.971323,47.000000,0.713147
0.272727,0.488142,2.750000,14.055536,1.266667,6.000000,0.733333
0.272727,0.829228,2.500000,21.628588,1.717949,13.000000,0.714286
0.125000,0.673790,1.750000,28.765042,1.571429,8.000000,0.636364
0.125000,0.004255,2.076923,27.779236,1.835165,14.000000,0.675000
0.166667,0.000000,1.571429,27.847133,1.266667,6.000000,0.611111
0.250000,0.160177,3.742857,28.831303,2.256757,37.000000,0.789157
0.058824,0.052632,1.375000,11.978686,1.921053,20.000000,0.578947
0.058824,1.000000,1.444444,25.633314,1.757353,17.000000,0.590909
0.250000,0.097173,3.742857,28.831303,2.256757,37.000000,0.789157
0.250000,0.166568,3.742857,28.831303,2.256757,37.000000,0.789157
0.250000,0.022221,3.742857,28.831303,2.256757,37.000000,0.789157
0.100000,1.000000,1.920000,29.248424,1.647059,17.000000,0.657534
0.111111,0.129787,1.764706,29.736947,2.162055,23.000000,0.638298
0.111111,0.063310,1.764706,29.736947,2.162055,23.000000,0.638298
0.090909,0.897049,2.437500,23.626913,2.000000,16.000000,0.709091
0.090909,1.000000,2.285714,29.591795,1.796667,25.000000,0.695652
0.125000,0.907194,2.467532,29.153031,1.982143,49.000000,0.711610
0.111111,0.000000,1.800000,30.000000,1.555556,9.000000,0.642857
0.100000,0.051248,2.736842,30.000000,1.647059,17.000000,0.732394
0.250000,0.820329,2.810811,28.789725,1.864516,31.000000,0.737589
0.071429,0.696147,1.766667,20.181350,1.948617,23.000000,0.638554
0.071429,0.833205,2.469388,28.239574,1.866310,34.000000,0.711765
0.025000,0.918552,2.500000,28.354453,1.982143,49.000000,0.714286
0.025000,1.000000,1.244444,27.855439,2.202564,40.000000,0.554455
0.090909,0.058184,2.584615,28.435197,2.203901,48.000000,0.721030
0.090909,1.000000,1.000000,16.564053,1.490909,11.000000,0.500000
0.083333,0.906952,2.459459,28.757254,1.988475,48.000000,0.710938
0.090909,1.000000,1.000000,16.564053,1.490909,11.000000,0.500000
0.090909,0.058184,2.584615,28.435197,2.203901,48.000000,0.721030
0.125000,1.000000,1.600000,18.659675,1.428571,8.000000,0.615385
0.125000,0.925018,2.674699,28.678978,1.984626,54.000000,0.727869
0.142857,0.563641,1.315789,29.147614,1.699346,18.000000,0.568182
0.111111,0.750582,5.000000,24.812499,1.722222,9.000000,0.833333
0.111111,0.045471,2.739130,27.782067,1.865801,22.000000,0.732558
0.100000,0.037351,1.343137,28.668615,2.216425,46.000000,0.573222
0.100000,0.597908,1.176471,28.327650,1.600000,10.000000,0.540541
0.166667,0.498171,3.139535,20.835109,2.408081,45.000000,0.758427
0.166667,0.010309,2.000000,27.248280,1.466667,6.000000,0.666667
0.090909,0.066844,2.444444,29.822739,1.582418,14.000000,0.709677
0.090909,0.157742,1.642857,19.188447,1.581818,11.000000,0.621622
0.166667,0.382708,3.139535,20.835109,2.408081,45.000000,0.758427
0.166667,0.010309,2.000000,27.248280,1.466667,6.000000,0.666667
0.125000,0.157742,1.642857,19.188447,1.581818,11.000000,0.621622
0.142857,0.278350,0.944444,18.437088,1.611111,9.000000,0.485714
0.052632,0.177455,3.487805,27.755438,2.514950,43.000000,0.777174
0.052632,0.144092,1.666667,29.719369,1.853801,19.000000,0.625000
0.052632,0.194521,3.487805,27.755438,2.514950,43.000000,0.777174
0.052632,0.144092,1.666667,29.719369,1.853801,19.000000,0.625000
0.052632,0.262723,3.487805,27.755438,2.514950,43.000000,0.777174
0.052632,0.144092,1.666667,29.719369,1.853801,19.000000,0.625000
0.200000,0.276245,2.913793,29.680580,2.203014,48.000000,0.744493
0.200000,0.276245,2.913793,29.680580,2.203014,48.000000,0.744493
0.052632,0.460103,3.487805,27.755438,2.514950,43.000000,0.777174
0.052632,0.144092,1.666667,29.719369,1.853801,19.000000,0.625000
0.076923,0.428092,1.928571,22.742171,1.769231,13.000000,0.658537
0.076923,0.063656,3.181818,26.730574,1.891738,27.000000,0.760870
0.166667,0.183948,1.933333,29.145293,1.974638,24.000000,0.659091
0.166667,0.095030,2.000000,29.037711,1.533333,6.000000,0.666667
0.166667,0.334010,2.090909,30.000000,1.963235,17.000000,0.676471
0.166667,1.000000,2.090909,30.000000,1.963235,17.000000,0.676471
0.166667,1.000000,3.047619,28.695652,2.359684,23.000000,0.752941
0.166667,0.073973,1.461538,27.998611,1.690058,19.000000,0.593750
0.032258,0.421673,2.857143,30.000000,1.830108,31.000000,0.740741
0.100000,0.052800,4.200000,28.604065,1.577778,10.000000,0.807692
0.090909,0.304372,3.104167,29.294684,2.217189,42.000000,0.756345
0.090909,0.753742,3.104167,29.294684,2.217189,42.000000,0.756345
0.090909,0.269510,3.104167,29.294684,2.217189,42.000000,0.756345
0.250000,0.206401,1.333333,25.183411,1.921053,20.000000,0.571429
0.050000,0.043703,1.333333,21.440640,1.921053,20.000000,0.571429
0.050000,0.121664,1.454545,21.496118,1.784211,20.000000,0.592593
0.050000,0.503908,1.375000,11.978686,1.921053,20.000000,0.578947
0.050000,0.311388,5.100000,29.073569,1.877016,32.000000,0.836066
0.071429,0.503908,1.375000,11.978686,1.921053,20.000000,0.578947
0.071429,0.067175,2.583333,28.380995,1.659341,14.000000,0.720930
0.250000,0.004292,2.000000,30.000000,1.333333,4.000000,0.666667
0.250000,0.666774,1.625000,26.250000,1.607143,8.000000,0.619048
0.250000,0.666774,1.625000,26.250000,1.607143,8.000000,0.619048
0.250000,0.004292,2.000000,30.000000,1.333333,4.000000,0.666667
0.125000,0.666774,1.625000,26.250000,1.607143,8.000000,0.619048
0.125000,0.287980,3.409091,29.177651,1.973333,25.000000,0.773196
0.125000,0.666774,1.625000,26.250000,1.607143,8.000000,0.619048
0.125000,0.287980,3.409091,29.177651,1.973333,25.000000,0.773196
0.166667,0.015075,2.000000,30.000000,1.333333,7.000000,0.666667
0.166667,0.046617,3.130435,23.640177,2.369082,46.000000,0.757895
0.166667,0.909574,3.130435,23.640177,2.369082,46.000000,0.757895
0.083333,0.782962,1.812500,7.185685,1.560606,12.000000,0.644444
0.083333,0.128531,1.427184,28.820738,2.197965,47.000000,0.588000
0.166667,0.053159,3.130435,23.640177,2.369082,46.000000,0.757895
0.125000,0.085994,1.804878,27.935505,1.709524,21.000000,0.643478
0.125000,0.782962,1.812500,7.185685,1.560606,12.000000,0.644444
0.125000,1.000000,1.600000,22.105056,1.428571,8.000000,0.615385
0.041667,0.175827,2.062500,28.429027,2.135472,34.000000,0.673469
0.090909,0.004255,5.400000,28.879496,1.600000,11.000000,0.843750
0.166667,0.302907,1.833333,27.942622,1.266667,6.000000,0.647059
0.090909,1.000000,1.257143,16.542908,1.771242,18.000000,0.556962
0.090909,0.043881,5.400000,28.469412,1.600000,11.000000,0.843750
0.250000,0.480868,1.724138,30.000000,1.632353,17.000000,0.632911
0.200000,0.000000,2.500000,30.000000,1.000000,5.000000,0.714286
0.047619,0.543930,4.071429,27.556029,1.876190,21.000000,0.802817
0.047619,0.825759,2.750000,24.583198,1.980057,27.000000,0.733333
0.033333,0.919255,2.823529,28.554312,1.983957,34.000000,0.738462
0.033333,0.070218,2.744186,29.289242,1.905747,30.000000,0.732919
0.055556,0.214954,2.241379,28.231283,1.660131,18.000000,0.691489
0.055556,0.915726,3.068966,28.464689,1.973790,32.000000,0.754237
0.200000,0.885158,2.764706,27.101040,1.608333,16.000000,0.734375
0.125000,0.004329,1.750000,26.237808,1.571429,8.000000,0.636364
0.142857,0.914311,3.068966,29.305363,1.973790,32.000000,0.754237
0.142857,0.225399,1.875000,13.516827,1.285714,7.000000,0.652174
0.200000,0.117439,2.000000,29.043319,1.882353,17.000000,0.666667
0.083333,0.688464,2.283019,29.401451,1.868952,32.000000,0.695402
0.083333,0.371209,2.117647,26.272863,1.500000,12.000000,0.679245
0.125000,0.403918,2.000000,26.150155,1.600000,10.000000,0.666667
0.142857,0.612575,2.927536,29.685049,2.198463,54.000000,0.745387
0.142857,0.612575,2.927536,29.685049,2.198463,54.000000,0.745387
0.100000,0.369363,3.400000,28.410001,1.711111,10.000000,0.772727
0.100000,0.071334,3.742857,28.831303,2.256757,37.000000,0.789157
0.100000,0.056014,3.742857,28.831303,2.256757,37.000000,0.789157
0.100000,0.369363,3.400000,28.410001,1.711111,10.000000,0.772727
0.100000,0.670187,3.742857,28.831303,2.256757,37.000000,0.789157
0.100000,0.369363,3.400000,28.410001,1.711111,10.000000,0.772727
0.100000,0.504071,3.400000,24.542652,1.711111,10.000000,0.772727
0.058824,0.033333,1.207547,26.244475,1.865801,22.000000,0.547009
0.125000,0.077624,2.914894,28.160329,1.922348,33.000000,0.744565
0.041667,0.251858,2.531915,29.699223,1.935484,31.000000,0.716867
0.041667,0.076158,1.209677,26.601021,1.920290,24.000000,0.547445
0.041667,0.075569,2.520833,29.479848,1.850794,36.000000,0.715976
0.041667,0.076158,1.209677,26.601021,1.920290,24.000000,0.547445
0.041667,0.076158,1.209677,26.601021,1.920290,24.000000,0.547445
0.041667,0.226326,2.520833,29.479848,1.850794,36.000000,0.715976
0.062500,0.421964,2.866667,29.155949,1.641667,16.000000,0.741379
0.062500,0.076158,1.209677,26.601021,1.920290,24.000000,0.547445
0.055556,0.438038,1.130435,22.225112,1.745098,18.000000,0.530612
0.055556,0.073341,2.947368,29.236871,1.843137,34.000000,0.746667
0.125000,0.120518,1.636364,29.840059,1.357143,8.000000,0.620690
0.055556,0.438038,1.130435,22.225112,1.745098,18.000000,0.530612
0.055556,0.364595,2.947368,29.236871,1.843137,34.000000,0.746667
0.038462,0.023376,2.092593,28.326117,2.139640,37.000000,0.676647
0.038462,0.364806,1.218750,26.414048,1.966154,26.000000,0.549296
0.125000,1.000000,1.615385,29.684853,1.763636,11.000000,0.617647
0.111111,0.860825,2.400000,27.266953,1.636364,12.000000,0.705882
0.111111,1.000000,2.000000,22.971457,1.644444,10.000000,0.666667
0.166667,0.343234,2.586957,29.262252,1.935484,31.000000,0.721212
0.142857,0.281522,1.461538,27.718138,1.690058,19.000000,0.593750
0.083333,0.374975,2.866667,29.362985,1.641667,16.000000,0.741379
0.076923,0.207959,6.250000,30.000000,1.803922,18.000000,0.862069
0.076923,0.207959,6.250000,30.000000,1.803922,18.000000,0.862069
0.083333,0.165699,1.629630,28.526689,1.926316,20.000000,0.619718
0.083333,1.000000,1.181818,26.580540,1.666667,12.000000,0.541667
0.076923,1.000000,2.045455,28.491628,1.676190,15.000000,0.671642
0.076923,0.080157,1.666667,29.588376,2.159596,45.000000,0.625000
0.076923,0.080157,1.666667,29.588376,2.159596,45.000000,0.625000
0.090909,0.122747,1.909091,30.000000,1.618182,11.000000,0.656250
0.055556,0.683357,2.553191,30.000000,1.830108,31.000000,0.718563
0.055556,0.337764,2.105263,25.764864,1.869281,18.000000,0.677966
0.076923,0.080157,1.666667,29.588376,2.159596,45.000000,0.625000
0.076923,0.080157,1.666667,29.588376,2.159596,45.000000,0.625000
0.142857,0.125617,4.000000,26.519610,1.428571,7.000000,0.800000
0.166667,0.349419,1.916667,27.664583,1.727273,12.000000,0.657143
0.166667,1.000000,2.666667,26.132232,1.238095,7.000000,0.727273
0.024390,0.334803,3.130435,23.640177,2.369082,46.000000,0.757895
0.024390,0.183840,1.782609,30.000000,2.129268,41.000000,0.640625
0.024390,0.961298,3.130435,23.640177,2.369082,46.000000,0.757895
0.024390,0.183840,1.782609,30.000000,2.129268,41.000000,0.640625
0.024390,0.432649,1.782609,30.000000,2.129268,41.000000,0.640625
0.024390,0.961298,3.130435,23.640177,2.369082,46.000000,0.757895
0.024390,0.432649,1.782609,30.000000,2.129268,41.000000,0.640625
0.024390,0.334803,3.130435,23.640177,2.369082,46.000000,0.757895
0.100000,0.953476,2.696203,29.986604,2.542570,62.000000,0.729452
0.024390,0.432649,1.782609,30.000000,2.129268,41.000000,0.640625
0.024390,0.334803,3.130435,23.640177,2.369082,46.000000,0.757895
0.024390,0.432649,1.782609,30.000000,2.129268,41.000000,0.640625
0.024390,0.439861,3.130435,23.640177,2.369082,46.000000,0.757895
0.100000,0.465698,2.863636,26.977961,1.865801,22.000000,0.741176
0.024390,0.432649,1.782609,30.000000,2.129268,41.000000,0.640625
0.024390,0.439861,3.130435,23.640177,2.369082,46.000000,0.757895
0.100000,0.206521,4.285714,27.857143,2.186813,14.000000,0.810811
0.080000,0.174788,2.895522,29.017087,2.211901,53.000000,0.743295
0.024390,0.432649,1.782609,30.000000,2.129268,41.000000,0.640625
0.024390,0.439861,3.130435,23.640177,2.369082,46.000000,0.757895
0.024390,0.439861,3.130435,23.640177,2.369082,46.000000,0.757895
0.024390,0.183840,1.782609,30.000000,2.129268,41.000000,0.640625
0.100000,0.980440,2.696203,29.986604,2.542570,62.000000,0.729452
0.080000,0.174788,2.895522,29.017087,2.211901,53.000000,0.743295
0.024390,0.432649,1.782609,30.000000,2.129268,41.000000,0.640625
0.024390,0.334803,3.130435,23.640177,2.369082,46.000000,0.757895
0.100000,0.976815,2.696203,29.986604,2.542570,62.000000,0.729452
0.024390,0.432649,1.782609,30.000000,2.129268,41.000000,0.640625
0.024390,0.961298,3.130435,23.640177,2.369082,46.000000,0.757895
0.100000,0.206521,4.285714,27.857143,2.186813,14.000000,0.810811
0.024390,0.432649,1.782609,30.000000,2.129268,41.000000,0.640625
0.024390,0.961298,3.130435,23.640177,2.369082,46.000000,0.757895
0.125000,0.021815,2.971429,28.467450,1.848485,33.000000,0.748201
0.125000,1.000000,2.000000,28.530797,1.357143,8.000000,0.666667
0.200000,0.321118,1.400000,29.254812,1.628205,13.000000,0.583333
0.142857,0.283317,2.900000,27.161185,1.837438,29.000000,0.743590
0.142857,1.000000,1.555556,17.750053,1.333333,7.000000,0.608696
0.090909,0.087085,1.357798,29.521517,2.211879,48.000000,0.575875
0.090909,1.000000,1.388889,25.996966,1.581818,11.000000,0.581395
0.250000,0.039001,2.017857,28.685830,2.139640,37.000000,0.668639
0.111111,1.000000,2.962963,29.629890,1.940230,30.000000,0.747664
0.047619,1.000000,1.527778,26.717613,1.792208,22.000000,0.604396
0.047619,0.024256,1.388889,24.889821,1.900000,21.000000,0.581395
0.047619,0.304708,6.000000,27.989108,1.904762,36.000000,0.857143
0.047619,0.024256,1.388889,24.889821,1.900000,21.000000,0.581395
0.071429,0.024256,1.388889,24.889821,1.900000,21.000000,0.581395
0.071429,0.004926,2.285714,29.933498,1.761905,15.000000,0.695652
0.052632,0.095023,4.636364,30.000000,1.847953,19.000000,0.822581
0.052632,0.394578,2.468750,30.000000,2.138427,43.000000,0.711712
0.055556,0.814218,2.907407,29.676769,2.131243,42.000000,0.744076
0.055556,0.220438,6.250000,30.000000,1.803922,18.000000,0.862069
0.050000,0.120906,3.116667,29.154331,2.670034,55.000000,0.757085
0.050000,0.140617,3.116667,29.154331,2.670034,55.000000,0.757085
0.055556,0.220438,6.250000,30.000000,1.803922,18.000000,0.862069
0.055556,0.814218,2.907407,29.676769,2.131243,42.000000,0.744076
0.055556,0.814218,2.907407,29.676769,2.131243,42.000000,0.744076
0.055556,0.220438,6.250000,30.000000,1.803922,18.000000,0.862069
0.052632,0.095023,4.636364,30.000000,1.847953,19.000000,0.822581
0.052632,0.394578,2.468750,30.000000,2.138427,43.000000,0.711712
0.050000,0.272356,3.116667,29.154331,2.670034,55.000000,0.757085
0.090909,0.515526,3.181818,27.364343,1.363636,11.000000,0.760870
0.090909,0.352915,2.444444,28.107985,1.654545,11.000000,0.709677
0.050000,0.120906,3.116667,29.154331,2.670034,55.000000,0.757085
0.052632,0.095023,4.636364,30.000000,1.847953,19.000000,0.822581
0.052632,0.394578,2.468750,30.000000,2.138427,43.000000,0.711712
0.055556,0.814218,2.907407,29.676769,2.131243,42.000000,0.744076
0.055556,0.220438,6.250000,30.000000,1.803922,18.000000,0.862069
0.055556,0.814218,2.907407,29.676769,2.131243,42.000000,0.744076
0.055556,0.220438,6.250000,30.000000,1.803922,18.000000,0.862069
0.055556,0.220438,6.250000,30.000000,1.803922,18.000000,0.862069
0.055556,0.814218,2.907407,29.676769,2.131243,42.000000,0.744076
0.111111,0.679847,1.350000,28.769870,1.563636,11.000000,0.574468
0.250000,0.130069,1.388889,24.889821,1.900000,21.000000,0.581395
0.250000,0.554673,1.187500,25.221630,1.688889,10.000000,0.542857
0.090909,0.555071,2.444444,20.502987,1.672727,11.000000,0.709677
0.090909,0.360539,2.545455,28.879069,1.743590,13.000000,0.717949
0.055556,1.000000,1.163636,27.433084,1.865801,22.000000,0.537815
0.125000,0.116356,1.692308,26.250000,1.214286,8.000000,0.628571
0.125000,0.879387,3.000000,25.109163,1.960591,29.000000,0.750000
0.166667,1.000000,2.000000,30.000000,1.466667,6.000000,0.666667
0.166667,1.000000,3.000000,27.947493,2.225371,39.000000,0.750000
0.166667,1.000000,2.666667,22.018567,1.466667,6.000000,0.727273
0.200000,1.000000,3.076923,29.441824,1.783333,16.000000,0.754717
0.166667,1.000000,2.000000,29.422231,1.466667,6.000000,0.666667
0.166667,1.000000,3.184211,23.808892,2.238739,37.000000,0.761006
0.200000,1.000000,3.076923,29.441824,1.783333,16.000000,0.754717
0.200000,1.000000,3.076923,29.441824,1.783333,16.000000,0.754717
0.058824,0.233627,5.400000,25.332445,1.813853,22.000000,0.843750
0.058824,0.220718,1.586207,26.868483,1.698529,17.000000,0.613333
0.111111,0.233627,5.400000,25.332445,1.813853,22.000000,0.843750
0.200000,0.004329,2.250000,28.189391,1.604396,14.000000,0.692308
0.076923,0.055278,1.469388,29.253082,1.780952,21.000000,0.595041
0.200000,0.107911,2.054545,28.475488,2.139640,37.000000,0.672619
0.166667,0.731809,1.382979,27.852281,2.180509,43.000000,0.580357
0.071429,0.200310,1.625000,29.361702,2.173913,47.000000,0.619048
0.071429,0.168785,5.100000,30.000000,1.847953,19.000000,0.836066
0.071429,0.467211,1.920000,27.860486,1.992647,17.000000,0.657534
0.071429,0.200310,1.625000,29.361702,2.173913,47.000000,0.619048
0.071429,0.200310,1.625000,29.361702,2.173913,47.000000,0.619048
0.058824,0.075438,4.557692,25.523546,2.141259,66.000000,0.820069
0.058824,0.479008,2.222222,20.085368,1.901961,18.000000,0.689655
0.071429,0.200310,1.625000,29.361702,2.173913,47.000000,0.619048
0.071429,0.302587,5.100000,30.000000,1.847953,19.000000,0.836066
0.071429,0.302587,5.100000,30.000000,1.847953,19.000000,0.836066
0.250000,0.597222,5.000000,26.623795,1.166667,4.000000,0.833333
0.062500,0.011468,1.459677,28.794476,2.174208,52.000000,0.593443
0.125000,0.000000,4.000000,20.991514,1.500000,8.000000,0.800000
0.062500,0.033889,1.931034,28.878497,2.019048,36.000000,0.658824
0.062500,0.089655,1.406250,27.606889,1.807018,19.000000,0.584416
0.250000,0.299649,1.736842,27.305430,1.747253,14.000000,0.634615
0.250000,0.011700,2.640000,29.003621,2.245283,53.000000,0.725275
0.285714,0.931030,1.777778,30.000000,1.428571,8.000000,0.640000
0.250000,0.011700,2.640000,29.003621,2.245283,53.000000,0.725275
0.142857,0.931557,2.000000,29.541813,1.800000,16.000000,0.666667
0.142857,0.909018,2.600000,26.642334,1.380952,7.000000,0.722222
0.142857,0.766914,4.000000,28.092228,1.476190,7.000000,0.800000
0.142857,0.352649,3.771429,29.711176,2.285917,38.000000,0.790419
0.142857,0.766914,4.000000,28.092228,1.476190,7.000000,0.800000
0.142857,0.118109,3.771429,29.711176,2.285917,38.000000,0.790419
0.142857,0.766914,4.000000,28.092228,1.476190,7.000000,0.800000
0.142857,0.485280,3.771429,29.711176,2.285917,38.000000,0.790419
0.111111,0.188460,6.000000,27.831118,1.555556,9.000000,0.857143
0.142857,0.352822,3.771429,29.711176,2.285917,38.000000,0.790419
0.142857,0.766914,4.000000,28.092228,1.476190,7.000000,0.800000
0.050000,0.145002,3.446429,30.000000,2.600978,54.000000,0.775100
0.200000,0.239666,1.500000,29.739171,1.757576,12.000000,0.600000
0.111111,0.177101,4.294118,30.000000,2.174603,28.000000,0.811111
0.050000,0.113666,3.446429,30.000000,2.600978,54.000000,0.775100
0.111111,0.177101,4.294118,30.000000,2.174603,28.000000,0.811111
0.111111,0.226106,4.294118,30.000000,2.174603,28.000000,0.811111
0.050000,0.145002,3.446429,30.000000,2.600978,54.000000,0.775100
0.090909,1.000000,1.566667,30.000000,1.552381,15.000000,0.610390
0.090909,0.030480,1.833333,27.863303,1.636364,11.000000,0.647059
0.111111,0.090459,2.200000,30.000000,1.850794,36.000000,0.687500
0.050000,0.145002,3.446429,30.000000,2.600978,54.000000,0.775100
0.090909,0.624239,2.117647,26.407708,1.500000,12.000000,0.679245
0.090909,0.143033,3.038462,29.071040,2.626773,48.000000,0.752381
0.111111,0.198666,4.294118,30.000000,2.174603,28.000000,0.811111
0.090909,0.328690,3.038462,29.071040,2.626773,48.000000,0.752381
0.090909,0.624239,2.117647,26.407708,1.500000,12.000000,0.679245
0.090909,0.286968,1.812500,23.841911,1.974638,24.000000,0.644444
0.090909,0.456381,2.333333,28.893718,1.527273,11.000000,0.700000
0.111111,0.176436,2.200000,30.000000,1.850794,36.000000,0.687500
0.090909,0.624239,2.117647,26.407708,1.500000,12.000000,0.679245
0.090909,0.121628,3.038462,29.071040,2.626773,48.000000,0.752381
0.090909,0.624239,2.117647,26.407708,1.500000,12.000000,0.679245
0.090909,0.121628,3.038462,29.071040,2.626773,48.000000,0.752381
0.142857,0.708717,1.500000,24.404174,1.476190,7.000000,0.600000
0.066667,0.134117,2.812500,28.826129,1.625000,16.000000,0.737705
0.142857,0.708717,1.500000,24.404174,1.476190,7.000000,0.600000
0.050000,0.106824,4.571429,26.007247,1.839080,30.000000,0.820513
0.066667,0.134117,2.812500,28.826129,1.625000,16.000000,0.737705
0.066667,0.134117,2.812500,28.826129,1.625000,16.000000,0.737705
0.142857,0.708717,1.500000,24.404174,1.476190,7.000000,0.600000
0.066667,0.370275,3.500000,19.212708,1.971429,15.000000,0.777778
0.066667,0.134117,2.812500,28.826129,1.625000,16.000000,0.737705
0.142857,0.708717,1.500000,24.404174,1.476190,7.000000,0.600000
0.166667,1.000000,4.000000,25.525935,1.533333,6.000000,0.800000
0.050000,0.004318,2.333333,29.287147,2.155172,29.000000,0.700000
0.066667,0.277362,1.812500,27.337502,1.602941,17.000000,0.644444
0.142857,0.235776,2.075000,28.992244,2.159140,31.000000,0.674797
0.111111,0.131148,2.571429,24.280428,1.727273,12.000000,0.720000
0.111111,0.190479,2.444444,24.470168,1.654545,11.000000,0.709677
0.111111,0.952681,2.285714,30.000000,1.555556,9.000000,0.695652
0.250000,0.049262,1.750000,18.766743,1.300000,5.000000,0.636364
0.142857,0.126981,1.857143,18.690166,1.941270,36.000000,0.650000
0.250000,0.847335,2.090909,27.500000,1.727273,12.000000,0.676471
0.047619,0.059769,1.983333,29.836806,1.761905,28.000000,0.664804
0.076923,1.000000,1.611111,21.414540,1.628205,13.000000,0.617021
0.076923,1.000000,2.000000,27.444386,1.992647,17.000000,0.666667
0.047619,0.152658,2.625000,29.299023,2.258586,55.000000,0.724138
0.100000,0.008547,1.800000,30.000000,1.400000,10.000000,0.642857
0.052632,0.092607,3.444444,25.608098,2.039773,33.000000,0.775000
0.052632,0.119216,2.000000,29.763109,1.777778,19.000000,0.666667
0.100000,0.008547,1.800000,30.000000,1.400000,10.000000,0.642857
0.047619,0.152658,2.625000,29.299023,2.258586,55.000000,0.724138
0.111111,0.282631,2.625000,29.758931,1.416667,9.000000,0.724138
0.111111,1.000000,1.611111,21.414540,1.628205,13.000000,0.617021
0.100000,0.008547,1.800000,30.000000,1.400000,10.000000,0.642857
0.083333,0.317705,2.970588,29.593959,2.198463,54.000000,0.748148
0.083333,0.631012,1.761905,27.500000,1.454545,12.000000,0.637931
0.083333,0.317705,2.970588,29.593959,2.198463,54.000000,0.748148
0.083333,0.631012,1.761905,27.500000,1.454545,12.000000,0.637931
0.083333,0.753014,2.600000,14.545717,1.666667,12.000000,0.722222
0.083333,0.130002,1.088608,28.400101,1.974359,27.000000,0.521212
0.125000,0.147221,2.605263,29.757597,2.245283,53.000000,0.722628
0.034483,0.160153,2.640000,29.570790,2.245283,53.000000,0.725275
0.083333,0.317705,2.970588,29.593959,2.198463,54.000000,0.748148
0.083333,0.631012,1.761905,27.500000,1.454545,12.000000,0.637931
0.083333,0.317705,2.970588,29.593959,2.198463,54.000000,0.748148
0.083333,0.631012,1.761905,27.500000,1.454545,12.000000,0.637931
0.083333,0.317705,2.970588,29.593959,2.198463,54.000000,0.748148
0.083333,0.631012,1.761905,27.500000,1.454545,12.000000,0.637931
0.062500,1.000000,1.416667,24.972661,2.187688,37.000000,0.586207
0.062500,0.608513,4.000000,28.269389,2.134727,42.000000,0.800000
0.066667,0.529431,3.763158,28.246693,2.152439,41.000000,0.790055
0.062500,0.608513,4.000000,28.269389,2.134727,42.000000,0.800000
0.062500,1.000000,1.416667,24.972661,2.187688,37.000000,0.586207
0.071429,0.238360,2.189655,29.287768,1.873106,33.000000,0.686486
0.083333,0.631012,1.761905,27.500000,1.454545,12.000000,0.637931
0.083333,0.317705,2.970588,29.593959,2.198463,54.000000,0.748148
0.083333,0.317705,2.970588,29.593959,2.198463,54.000000,0.748148
0.083333,0.631012,1.761905,27.500000,1.454545,12.000000,0.637931
0.083333,0.317705,2.970588,29.593959,2.198463,54.000000,0.748148
0.083333,0.631012,1.761905,27.500000,1.454545,12.000000,0.637931
0.083333,0.317705,2.970588,29.593959,2.198463,54.000000,0.748148
0.083333,0.631012,1.761905,27.500000,1.454545,12.000000,0.637931
0.034483,0.160153,2.640000,29.570790,2.245283,53.000000,0.725275
0.083333,0.317705,2.970588,29.593959,2.198463,54.000000,0.748148
0.083333,0.631012,1.761905,27.500000,1.454545,12.000000,0.637931
0.066667,0.529431,3.763158,28.246693,2.152439,41.000000,0.790055
0.125000,0.147221,2.605263,29.757597,2.245283,53.000000,0.722628
0.166667,0.027566,1.353535,27.817111,2.203030,45.000000,0.575107
0.166667,1.000000,2.200000,15.969998,1.266667,6.000000,0.687500
0.166667,0.591161,2.511111,29.942292,1.855462,35.000000,0.715190
0.166667,1.000000,2.200000,15.969998,1.266667,6.000000,0.687500
0.166667,0.551805,2.511111,29.942292,1.855462,35.000000,0.715190
0.111111,0.459467,1.866667,26.697489,1.222222,9.000000,0.651163
0.111111,1.000000,2.750000,29.076350,1.555556,10.000000,0.733333
0.200000,0.520341,1.545455,11.317359,1.681319,14.000000,0.607143
0.083333,0.242118,3.000000,27.821040,1.636364,12.000000,0.750000
0.166667,0.344534,1.049383,29.430211,1.929231,26.000000,0.512048
0.166667,1.000000,3.708333,29.329925,1.884236,29.000000,0.787611
0.166667,0.057265,1.909091,27.669671,1.875817,18.000000,0.656250
0.200000,0.883191,2.333333,24.000000,1.300000,5.000000,0.700000
0.200000,1.000000,5.142857,28.634369,1.898462,26.000000,0.837209
0.166667,0.000000,1.750000,30.000000,1.533333,6.000000,0.636364
0.166667,0.155146,2.333333,30.000000,1.571429,8.000000,0.700000
0.166667,0.419262,1.641026,18.734316,1.976285,23.000000,0.621359
0.166667,0.450213,2.000000,30.000000,1.066667,6.000000,0.666667
0.052632,0.419262,1.641026,18.734316,1.976285,23.000000,0.621359
0.052632,0.408873,1.575000,26.776408,1.660819,19.000000,0.611650
0.076923,0.753787,1.933333,29.779776,1.653846,13.000000,0.659091
0.076923,0.419262,1.641026,18.734316,1.976285,23.000000,0.621359
0.076923,0.419262,1.641026,18.734316,1.976285,23.000000,0.621359
0.076923,0.004292,2.062500,29.923266,1.628205,13.000000,0.673469
0.200000,0.328305,3.333333,28.821787,1.619048,7.000000,0.769231
0.047619,0.241830,2.087719,29.964374,1.761905,28.000000,0.676136
0.100000,0.064449,1.800000,30.000000,1.400000,10.000000,0.642857
0.100000,0.094092,1.800000,30.000000,1.400000,10.000000,0.642857
0.100000,0.094092,1.800000,30.000000,1.400000,10.000000,0.642857
0.250000,0.698404,6.666667,28.091150,1.555556,10.000000,0.869565
0.125000,1.000000,1.545455,11.317359,1.681319,14.000000,0.607143
0.125000,0.223044,1.363636,27.746022,1.500000,8.000000,0.576923
0.142857,0.012987,3.250000,30.000000,1.380952,7.000000,0.764706
0.142857,1.000000,1.545455,11.317359,1.681319,14.000000,0.607143
0.142857,1.000000,1.250000,29.974078,1.500000,8.000000,0.555556
0.142857,0.368153,1.555556,25.714286,1.333333,7.000000,0.608696
0.142857,0.291051,1.500000,27.708943,1.712121,12.000000,0.600000
0.071429,0.004255,2.500000,30.000000,1.676190,15.000000,0.714286
0.100000,0.027465,2.700000,27.113679,1.545455,11.000000,0.729730
0.125000,1.000000,1.133333,29.199563,1.428571,8.000000,0.531250
0.125000,0.298117,2.985507,21.059790,2.366234,56.000000,0.749091
0.200000,0.056438,1.764706,22.771513,1.717949,13.000000,0.638298
0.111111,0.381102,2.062500,27.960853,1.923810,36.000000,0.673469
0.083333,0.298117,2.985507,21.059790,2.366234,56.000000,0.749091
0.083333,0.233212,2.333333,27.963048,1.636364,12.000000,0.700000
0.200000,0.116763,2.100000,23.398024,1.884615,13.000000,0.677419
0.200000,0.031357,2.500000,30.000000,1.500000,5.000000,0.714286
0.200000,0.031357,2.500000,30.000000,1.500000,5.000000,0.714286
0.200000,0.116763,2.100000,23.398024,1.884615,13.000000,0.677419
0.200000,0.116763,2.100000,23.398024,1.884615,13.000000,0.677419
0.200000,0.031357,2.500000,30.000000,1.500000,5.000000,0.714286
0.076923,0.116763,2.100000,23.398024,1.884615,13.000000,0.677419
0.076923,0.229812,1.950820,29.256074,2.007508,37.000000,0.661111
0.111111,0.712375,1.777778,10.547930,1.628205,13.000000,0.640000
0.076923,0.923960,1.457143,23.299778,1.725490,18.000000,0.593023
0.066667,0.079105,2.333333,28.195042,1.666667,15.000000,0.700000
0.066667,0.923960,1.457143,23.299778,1.725490,18.000000,0.593023
0.125000,0.248187,2.461538,30.000000,1.824176,14.000000,0.711111
0.066667,0.362631,2.333333,30.000000,1.639706,17.000000,0.700000
0.166667,0.039307,1.770270,29.250000,1.911538,40.000000,0.639024
0.166667,0.067700,1.666667,15.971748,1.333333,6.000000,0.625000
0.166667,0.039307,1.770270,29.250000,1.911538,40.000000,0.639024
0.125000,0.012658,2.666667,26.479328,1.464286,8.000000,0.727273
0.250000,0.731852,2.833333,28.750998,1.583333,9.000000,0.739130
0.076923,0.086274,1.400000,28.969238,2.197965,47.000000,0.583333
0.076923,0.728635,1.666667,27.857130,1.885714,15.000000,0.625000
0.200000,0.719728,1.714286,26.702019,1.904412,17.000000,0.631579
0.200000,0.159664,1.666667,30.000000,1.000000,5.000000,0.625000
0.076923,0.000000,1.812500,19.034706,1.628205,13.000000,0.644444
0.200000,0.854789,1.750000,19.541654,1.300000,5.000000,0.636364
0.052632,0.012272,3.311111,29.029912,2.517970,44.000000,0.768041
0.052632,0.455496,1.527778,30.000000,1.853801,19.000000,0.604396
0.038462,0.579769,2.551724,27.165425,2.039886,27.000000,0.718447
0.038462,0.384788,1.089744,28.965248,1.929231,26.000000,0.521472
0.125000,0.351426,1.666667,29.752700,1.853801,19.000000,0.625000
0.125000,0.806107,1.600000,18.659675,1.428571,8.000000,0.615385
0.052632,0.455496,1.527778,30.000000,1.853801,19.000000,0.604396
0.052632,0.374447,3.311111,29.029912,2.517970,44.000000,0.768041
0.052632,0.455496,1.527778,30.000000,1.853801,19.000000,0.604396
0.052632,0.467403,3.311111,29.029912,2.517970,44.000000,0.768041
0.027778,0.031699,5.160000,29.594742,1.839683,36.000000,0.837662
0.027778,0.161660,2.031746,28.463844,1.831746,36.000000,0.670157
0.038462,0.313963,1.088608,26.931742,1.974359,27.000000,0.521212
0.038462,0.046661,3.306122,27.707791,1.928571,36.000000,0.767773
0.052632,0.413468,1.209302,26.331585,1.824561,19.000000,0.547368
0.052632,0.200412,1.158537,28.595073,1.905983,27.000000,0.536723
0.090909,0.325257,1.075000,27.054745,1.974359,27.000000,0.518072
0.038462,0.313963,1.088608,26.931742,1.974359,27.000000,0.521212
0.038462,0.452505,2.067797,30.000000,1.885886,37.000000,0.674033
0.038462,0.631495,3.725490,30.000000,2.512821,52.000000,0.788382
0.038462,0.391961,1.075949,29.360663,1.929231,26.000000,0.518293
0.038462,0.313963,1.088608,26.931742,1.974359,27.000000,0.521212
0.038462,0.154980,2.067797,30.000000,1.885886,37.000000,0.674033
0.047619,0.297246,1.041096,27.461812,1.953333,25.000000,0.510067
0.047619,0.953509,2.160714,29.640148,1.868952,32.000000,0.683616
0.058824,0.313963,1.088608,26.931742,1.974359,27.000000,0.521212
0.058824,0.040482,2.882353,29.037813,1.639706,17.000000,0.742424
0.052632,0.012272,3.311111,29.029912,2.517970,44.000000,0.768041
0.052632,0.455496,1.527778,30.000000,1.853801,19.000000,0.604396
0.083333,0.000000,3.666667,28.591974,1.787879,12.000000,0.785714
0.083333,0.056021,3.147541,30.000000,2.570929,54.000000,0.758893
0.083333,0.000000,3.666667,28.591974,1.787879,12.000000,0.785714
0.083333,0.056021,3.147541,30.000000,2.570929,54.000000,0.758893
0.083333,0.000000,3.666667,28.591974,1.787879,12.000000,0.785714
0.083333,0.056021,3.147541,30.000000,2.570929,54.000000,0.758893
0.050000,1.000000,4.272727,26.574852,2.010526,20.000000,0.810345
0.050000,0.636240,2.326923,30.000000,1.850806,32.000000,0.699422
0.083333,0.000000,3.666667,28.591974,1.787879,12.000000,0.785714
0.083333,0.056021,3.147541,30.000000,2.570929,54.000000,0.758893
0.083333,0.000000,3.666667,28.591974,1.787879,12.000000,0.785714
0.083333,0.701083,3.147541,30.000000,2.570929,54.000000,0.758893
0.083333,0.004184,2.666667,29.115415,1.772727,12.000000,0.727273
0.083333,1.000000,4.814815,29.364961,1.867868,37.000000,0.828025
0.066667,0.225217,1.461538,27.097905,1.714286,15.000000,0.593750
0.066667,1.000000,5.375000,29.150900,1.839683,36.000000,0.843137
0.133333,0.777951,6.200000,27.692144,1.311111,10.000000,0.861111
0.125000,0.586317,1.833333,26.147579,1.727273,11.000000,0.647059
0.142857,0.384549,3.820000,29.535714,2.348052,56.000000,0.792531
0.142857,0.424597,3.820000,29.535714,2.348052,56.000000,0.792531
0.142857,0.562606,3.820000,29.535714,2.348052,56.000000,0.792531
0.142857,0.339109,3.820000,29.535714,2.348052,56.000000,0.792531
0.076923,0.514348,1.952381,30.000000,1.474359,13.000000,0.661290
0.066667,0.416569,2.205128,28.557393,1.744589,22.000000,0.688000
0.100000,1.000000,3.250000,29.612912,2.514950,43.000000,0.764706
0.100000,0.048938,1.187500,25.221630,1.688889,10.000000,0.542857
0.125000,1.000000,3.742857,28.831303,2.256757,37.000000,0.789157
0.125000,0.258717,1.625000,15.980546,1.607143,8.000000,0.619048
0.100000,0.048938,1.187500,25.221630,1.688889,10.000000,0.542857
0.100000,1.000000,3.250000,29.612912,2.514950,43.000000,0.764706
0.111111,1.000000,3.725490,30.000000,2.512821,52.000000,0.788382
0.111111,0.039338,2.571429,29.455351,1.555556,9.000000,0.720000
0.166667,1.000000,2.523810,30.000000,1.610294,17.000000,0.716216
0.052632,0.844349,1.209302,26.331585,1.824561,19.000000,0.547368
0.052632,1.000000,3.653846,30.000000,2.512821,52.000000,0.785124
0.100000,1.000000,3.250000,29.612912,2.514950,43.000000,0.764706
0.100000,0.048938,1.187500,25.221630,1.688889,10.000000,0.542857
0.166667,1.000000,2.523810,30.000000,1.610294,17.000000,0.716216
0.083333,1.000000,3.725490,30.000000,2.512821,52.000000,0.788382
0.083333,0.316002,1.500000,29.150646,1.712121,12.000000,0.600000
0.052632,0.844349,1.209302,26.331585,1.824561,19.000000,0.547368
0.052632,1.000000,3.653846,30.000000,2.512821,52.000000,0.785124
0.100000,0.048938,1.187500,25.221630,1.688889,10.000000,0.542857
0.100000,1.000000,3.250000,29.612912,2.514950,43.000000,0.764706
0.052632,0.844349,1.209302,26.331585,1.824561,19.000000,0.547368
0.052632,1.000000,3.653846,30.000000,2.512821,52.000000,0.785124
0.166667,1.000000,2.523810,30.000000,1.610294,17.000000,0.716216
0.052632,0.844349,1.209302,26.331585,1.824561,19.000000,0.547368
0.052632,1.000000,3.653846,30.000000,2.512821,52.000000,0.785124
0.052632,0.844349,1.209302,26.331585,1.824561,19.000000,0.547368
0.052632,1.000000,3.653846,30.000000,2.512821,52.000000,0.785124
0.055556,0.202151,1.460993,29.346294,2.153535,55.000000,0.593660
0.055556,0.292546,1.859375,29.887404,2.007508,37.000000,0.650273
0.083333,0.561820,1.846154,25.131265,1.787879,12.000000,0.648649
0.083333,0.089131,2.000000,18.673620,2.201581,23.000000,0.666667
0.142857,0.089131,2.000000,18.673620,2.201581,23.000000,0.666667
0.142857,0.010798,2.000000,30.000000,1.750000,16.000000,0.666667
0.125000,0.459659,3.278689,29.463643,2.368421,58.000000,0.766284
0.125000,0.372549,1.529412,28.662012,1.071429,8.000000,0.604651
0.111111,1.000000,1.642857,26.666667,1.361111,9.000000,0.621622
0.111111,0.202523,3.745098,29.605357,2.348052,56.000000,0.789256
0.111111,0.264304,3.745098,29.605357,2.348052,56.000000,0.789256
0.111111,1.000000,1.642857,26.666667,1.361111,9.000000,0.621622
0.125000,0.372549,1.529412,28.662012,1.071429,8.000000,0.604651
0.125000,0.917744,3.278689,29.463643,2.368421,58.000000,0.766284
0.125000,0.372549,1.529412,28.662012,1.071429,8.000000,0.604651
0.125000,0.440522,3.278689,29.463643,2.368421,58.000000,0.766284
0.111111,0.312914,3.745098,29.605357,2.348052,56.000000,0.789256
0.111111,1.000000,1.642857,26.666667,1.361111,9.000000,0.621622
0.125000,0.372549,1.529412,28.662012,1.071429,8.000000,0.604651
0.125000,0.917744,3.278689,29.463643,2.368421,58.000000,0.766284
0.111111,0.354806,3.745098,29.605357,2.348052,56.000000,0.789256
0.111111,1.000000,1.642857,26.666667,1.361111,9.000000,0.621622
0.250000,0.236314,1.282353,28.309948,1.944828,30.000000,0.561856
0.200000,0.126677,3.925926,29.648099,1.793103,29.000000,0.796992
0.166667,0.559541,5.000000,26.291908,1.333333,6.000000,0.833333
0.166667,0.000000,2.000000,29.063728,1.886667,25.000000,0.666667
0.090909,0.003929,5.500000,27.785443,1.822660,29.000000,0.846154
0.090909,0.140787,3.714286,28.043010,1.527273,11.000000,0.787879
0.200000,0.777780,1.800000,27.479862,1.771429,15.000000,0.642857
0.100000,1.000000,1.687500,30.000000,1.400000,10.000000,0.627907
0.066667,0.630384,1.842105,29.901824,1.780952,15.000000,0.648148
0.066667,0.112657,1.764706,29.934693,2.022760,38.000000,0.638298
0.100000,1.000000,1.687500,30.000000,1.400000,10.000000,0.627907
0.100000,1.000000,1.687500,30.000000,1.400000,10.000000,0.627907
0.043478,0.169105,1.564103,25.454433,1.758893,23.000000,0.610000
0.043478,0.121492,2.297872,28.128388,2.310606,33.000000,0.696774
0.166667,0.417116,4.333333,14.087991,1.133333,6.000000,0.812500
0.090909,0.719951,2.545455,29.450765,1.747036,23.000000,0.717949
0.125000,0.035688,2.500000,22.500000,1.500000,8.000000,0.714286
0.090909,1.000000,1.244444,27.855439,2.202564,40.000000,0.554455
0.125000,1.000000,1.812500,30.000000,1.621212,12.000000,0.644444
0.200000,0.631471,2.888889,28.825709,1.563636,11.000000,0.742857
0.200000,1.000000,2.814815,29.248101,2.066138,28.000000,0.737864
0.125000,1.000000,3.166667,30.000000,1.357143,8.000000,0.760000
0.125000,0.051382,2.333333,27.390700,1.636364,12.000000,0.700000
0.166667,0.343653,3.250000,26.491136,1.133333,6.000000,0.764706
0.166667,0.150685,1.700000,16.248067,1.392857,8.000000,0.629630
0.142857,0.038168,2.000000,24.735331,1.333333,7.000000,0.666667
0.142857,0.105886,1.727273,28.000000,1.638095,15.000000,0.633333
0.142857,0.255547,1.458015,29.592752,2.158200,53.000000,0.593168
0.047619,0.994257,1.564103,26.095402,1.780952,21.000000,0.610000
0.076923,0.760519,1.812500,21.122109,1.628205,13.000000,0.644444
0.066667,0.047599,2.333333,26.914799,1.922581,31.000000,0.700000
0.166667,0.109871,3.791667,29.109956,2.350804,54.000000,0.791304
0.166667,0.554724,3.813953,28.866464,2.357551,50.000000,0.792271
0.166667,0.641474,3.813953,28.866464,2.357551,50.000000,0.792271
0.166667,0.588266,3.813953,28.866464,2.357551,50.000000,0.792271
0.050000,0.556509,1.487805,27.452081,1.780952,21.000000,0.598039
0.050000,1.000000,1.529412,25.624079,1.726316,20.000000,0.604651
0.100000,0.797142,1.500000,26.658031,1.676190,15.000000,0.600000
0.100000,0.102952,1.380952,27.292562,1.377778,10.000000,0.580000
0.058824,0.583580,5.166667,29.117423,1.874459,22.000000,0.837838
0.058824,0.982674,2.400000,25.124868,1.882353,17.000000,0.705882
0.062500,0.015077,1.962963,29.669754,1.558333,16.000000,0.662500
0.062500,0.998292,1.564103,26.095402,1.780952,21.000000,0.610000
0.200000,0.245899,2.500000,30.000000,1.500000,5.000000,0.714286
0.200000,0.245899,2.500000,30.000000,1.500000,5.000000,0.714286
0.200000,0.245899,2.500000,30.000000,1.500000,5.000000,0.714286
0.062500,0.317148,1.892857,29.739621,1.558333,16.000000,0.654321
0.200000,0.095238,1.750000,30.000000,1.300000,5.000000,0.636364
0.071429,0.448967,1.739130,30.000000,2.022760,38.000000,0.634921
0.062500,0.030167,2.000000,29.483312,1.886667,25.000000,0.666667
0.100000,0.441658,1.727273,30.000000,1.577778,10.000000,0.633333
0.052632,0.141459,1.430657,29.711262,2.108235,51.000000,0.588589
0.166667,0.530483,2.333333,27.379009,1.691176,17.000000,0.700000
0.052632,0.473876,1.764706,30.000000,2.022760,38.000000,0.638298
0.250000,0.116435,2.200000,29.118131,1.712121,12.000000,0.687500
0.250000,0.867378,2.103448,24.838838,1.678947,20.000000,0.677778
0.062500,0.137682,2.187500,25.478483,1.833333,16.000000,0.686275
0.058824,0.074487,1.220000,30.000000,1.810526,20.000000,0.549550
0.058824,0.303308,1.200000,28.107670,1.786765,17.000000,0.545455
0.058824,0.928775,1.444444,22.438885,1.852941,17.000000,0.590909
0.058824,0.598608,1.200000,28.761577,1.786765,17.000000,0.545455
0.125000,0.620392,2.666667,28.132284,1.464286,8.000000,0.727273
0.083333,0.272735,2.136364,28.318449,1.875661,28.000000,0.681159
0.083333,0.173222,2.137931,28.920813,1.594771,18.000000,0.681319
0.058824,0.580495,1.444444,22.438885,1.852941,17.000000,0.590909
0.058824,0.018690,1.245283,28.619048,1.804762,21.000000,0.554622
0.111111,0.368816,1.260870,26.233552,1.769231,14.000000,0.557692
0.083333,0.496111,2.117647,30.000000,1.750000,16.000000,0.679245
0.083333,0.983457,1.625000,9.339881,1.606061,12.000000,0.619048
0.090909,0.213725,3.444444,30.000000,1.615385,13.000000,0.775000
0.090909,0.392589,11.333333,21.758486,1.418182,11.000000,0.918919
0.052632,0.122935,1.818182,29.852542,1.766082,19.000000,0.645161
0.071429,0.004082,1.894737,28.934599,1.670330,14.000000,0.654545
0.038462,0.008657,1.512821,30.000000,2.009009,37.000000,0.602041
0.210526,0.077906,3.000000,29.343850,1.500000,12.000000,0.750000
0.125000,0.276115,1.723684,29.616696,1.911538,40.000000,0.632850
0.125000,0.276115,1.723684,29.616696,1.911538,40.000000,0.632850
0.035714,0.020268,2.234043,28.608579,1.922581,31.000000,0.690789
0.035714,0.411086,1.846154,22.232582,2.013228,28.000000,0.648649
0.166667,1.000000,2.600000,29.422231,1.133333,6.000000,0.722222
0.166667,0.320657,3.555556,28.978089,1.454545,11.000000,0.780488
0.200000,0.000000,2.142857,29.273719,1.621212,12.000000,0.681818
0.200000,0.420181,1.625000,22.712690,1.380952,7.000000,0.619048
0.142857,0.408265,2.277778,27.553972,1.750000,16.000000,0.694915
0.142857,0.104615,2.277778,27.553972,1.750000,16.000000,0.694915
0.142857,0.408265,2.277778,27.553972,1.750000,16.000000,0.694915
0.111111,0.216561,2.438596,29.546744,1.896825,36.000000,0.709184
0.111111,0.924216,1.727273,25.421722,1.500000,9.000000,0.633333
0.111111,0.634065,2.145161,27.824133,1.788889,36.000000,0.682051
0.047619,0.550821,2.028169,28.741581,1.838057,39.000000,0.669767
0.047619,0.320685,3.173913,25.885242,2.134199,22.000000,0.760417
0.142857,0.427772,3.000000,27.519882,1.428571,7.000000,0.750000
0.142857,0.861472,3.200000,30.000000,1.238095,7.000000,0.761905
0.142857,1.000000,8.500000,29.012449,1.190476,7.000000,0.894737
0.058824,0.535094,1.102564,28.890307,1.856209,18.000000,0.524390
0.142857,0.861472,3.200000,30.000000,1.238095,7.000000,0.761905
0.200000,0.718478,3.428571,29.509816,1.511111,10.000000,0.774194
0.024390,0.966320,4.964286,26.855916,2.254878,41.000000,0.832335
0.024390,0.002607,1.328859,29.823168,2.122926,52.000000,0.570605
0.200000,0.144852,1.580645,27.413052,1.742105,20.000000,0.612500
0.045455,1.000000,3.210526,18.616211,2.193676,23.000000,0.762500
0.045455,1.000000,1.416667,24.972661,2.187688,37.000000,0.586207
0.062500,0.740328,4.647059,27.973881,2.259770,30.000000,0.822917
0.062500,0.620891,4.647059,27.973881,2.259770,30.000000,0.822917
0.052632,0.692308,1.209302,26.331585,1.824561,19.000000,0.547368
0.052632,0.463456,2.163934,27.535724,1.923810,36.000000,0.683938
0.250000,1.000000,1.266667,26.083082,1.791667,16.000000,0.558824
0.066667,0.302956,5.500000,27.979916,1.822660,29.000000,0.846154
0.083333,0.004082,2.000000,29.916872,1.621212,12.000000,0.666667
0.083333,0.265884,1.500000,24.397493,2.615385,40.000000,0.600000
0.090909,0.128602,1.680000,27.053091,1.725490,18.000000,0.626866
0.090909,0.327831,2.888889,29.332135,1.527273,11.000000,0.742857
0.111111,0.632406,3.166667,27.922929,1.527778,9.000000,0.760000
0.125000,0.325744,1.928571,30.000000,1.035714,8.000000,0.658537
0.125000,0.764896,1.625000,25.181812,1.725490,18.000000,0.619048
0.250000,0.717088,1.931818,22.906901,2.387097,31.000000,0.658915
0.100000,0.219575,3.277778,27.804012,1.905747,30.000000,0.766234
0.125000,1.000000,8.500000,27.221443,1.392857,8.000000,0.894737
0.100000,1.000000,1.769231,29.872048,1.488889,10.000000,0.638889
0.066667,0.371216,1.562500,30.000000,1.542857,15.000000,0.609756
0.100000,1.000000,5.375000,27.134171,2.405263,20.000000,0.843137
0.066667,0.371216,1.562500,30.000000,1.542857,15.000000,0.609756
0.090909,1.000000,1.631579,18.655312,1.741667,16.000000,0.620000
0.066667,0.371216,1.562500,30.000000,1.542857,15.000000,0.609756
0.066667,0.371216,1.562500,30.000000,1.542857,15.000000,0.609756
0.125000,0.421916,1.600000,18.659675,1.428571,8.000000,0.615385
0.050000,0.733355,1.888889,28.986157,1.900000,20.000000,0.653846
0.066667,0.371216,1.562500,30.000000,1.542857,15.000000,0.609756
0.222222,0.305117,2.714286,26.615703,1.321429,8.000000,0.730769
0.038462,0.271168,2.970588,27.320344,1.833846,26.000000,0.748148
0.090909,0.138443,1.931507,29.177446,1.834677,32.000000,0.658879
0.100000,0.914754,1.923077,30.000000,1.466667,10.000000,0.657895
0.083333,0.012048,2.333333,28.665843,1.378788,12.000000,0.700000
0.083333,0.568986,0.983333,24.065591,1.763158,20.000000,0.495798
0.100000,0.229972,3.000000,29.049892,1.454545,11.000000,0.750000
0.083333,0.012048,2.333333,28.665843,1.378788,12.000000,0.700000
0.083333,0.568986,0.983333,24.065591,1.763158,20.000000,0.495798
0.166667,0.195343,1.272727,29.849149,1.692308,13.000000,0.560000
0.166667,0.436128,2.200000,27.440060,1.266667,6.000000,0.687500
0.083333,0.568986,0.983333,24.065591,1.763158,20.000000,0.495798
0.083333,0.012048,2.333333,28.665843,1.378788,12.000000,0.700000
0.083333,0.012048,2.333333,28.665843,1.378788,12.000000,0.700000
0.083333,0.568986,0.983333,24.065591,1.763158,20.000000,0.495798
0.083333,0.568986,0.983333,24.065591,1.763158,20.000000,0.495798
0.083333,0.012048,2.333333,28.665843,1.378788,12.000000,0.700000
0.142857,0.319144,4.833333,30.000000,1.723810,15.000000,0.828571
0.200000,0.834270,1.950820,29.154714,2.007508,37.000000,0.661111
0.100000,0.620619,1.642857,30.000000,1.488889,10.000000,0.621622
0.028571,0.854005,2.092593,28.326117,2.139640,37.000000,0.676647
0.028571,0.130427,2.372549,29.706841,1.850794,36.000000,0.703488
0.040000,0.573036,6.636364,26.029739,1.756667,25.000000,0.869048
0.040000,0.546180,1.882353,30.000000,1.904184,39.000000,0.653061
0.200000,0.612844,1.794872,29.341056,1.904878,41.000000,0.642202
0.250000,0.082218,2.520833,29.329201,1.850794,36.000000,0.715976
0.040000,0.573036,6.636364,26.029739,1.756667,25.000000,0.869048
0.040000,0.546180,1.882353,30.000000,1.904184,39.000000,0.653061
0.200000,0.036351,2.125000,24.077438,1.755556,10.000000,0.680000
0.250000,0.066161,2.520833,29.329201,1.850794,36.000000,0.715976
0.090909,1.000000,1.333333,26.882311,1.810526,20.000000,0.571429
0.200000,0.612844,1.794872,29.341056,1.904878,41.000000,0.642202
0.028571,0.854005,2.092593,28.326117,2.139640,37.000000,0.676647
0.028571,0.216459,2.372549,29.706841,1.850794,36.000000,0.703488
0.066667,0.138308,2.971429,28.467450,1.848485,33.000000,0.748201
0.066667,0.980191,1.642857,28.968385,1.600000,15.000000,0.621622
0.200000,0.140289,1.914894,29.740399,1.886667,25.000000,0.656934
0.125000,1.000000,2.714286,29.579083,2.066138,28.000000,0.730769
0.125000,0.523032,1.888889,25.979053,1.428571,8.000000,0.653846
0.200000,0.140289,1.914894,29.740399,1.886667,25.000000,0.656934
0.125000,0.798009,1.517241,26.621478,1.716667,16.000000,0.602740
0.142857,0.146831,2.187500,25.478483,1.833333,16.000000,0.686275
0.071429,0.212420,2.303922,23.625860,2.283727,58.000000,0.697329
0.071429,0.248703,1.894737,29.986202,1.670330,14.000000,0.654545
0.142857,0.210156,2.181818,29.401537,1.847953,19.000000,0.685714
0.083333,0.737134,1.513514,28.959551,1.866667,21.000000,0.602151
0.062500,0.685436,1.772727,27.262593,1.791667,16.000000,0.639344
0.058824,0.285977,2.333333,25.982754,2.095238,22.000000,0.700000
0.200000,1.000000,7.000000,30.000000,1.300000,5.000000,0.875000
0.200000,0.805104,1.833333,26.314778,1.476190,7.000000,0.647059
0.200000,0.790791,1.942857,29.096881,1.684211,20.000000,0.660194
0.166667,0.568597,1.683333,28.128388,2.376894,33.000000,0.627329
0.050000,1.000000,2.063492,27.847625,1.802299,30.000000,0.673575
0.200000,0.682500,1.571429,30.000000,2.041835,39.000000,0.611111
0.055556,0.305233,2.287356,30.000000,1.961240,43.000000,0.695804
0.066667,0.003774,2.055556,27.011904,1.647619,15.000000,0.672727
0.055556,0.044227,1.225490,29.606163,2.017544,39.000000,0.550661
0.166667,0.006623,2.000000,29.523399,1.783550,22.000000,0.666667
0.125000,0.095658,1.647059,30.000000,1.222222,9.000000,0.622222
0.125000,0.217671,1.842105,27.875642,1.723810,15.000000,0.648148
0.125000,0.841091,5.333333,28.576015,1.500000,8.000000,0.842105
0.125000,0.027027,10.333333,30.000000,1.436364,11.000000,0.911765
0.100000,0.204344,1.650794,22.722267,2.566802,39.000000,0.622754
0.100000,0.380713,1.714286,10.878502,1.466667,10.000000,0.631579
0.100000,0.162261,2.500000,27.995100,1.619048,21.000000,0.714286
0.050000,0.000000,1.666667,28.421623,1.885714,36.000000,0.625000
0.071429,0.634017,2.450000,29.691763,1.803922,18.000000,0.710145
0.071429,0.188748,2.214286,28.772816,1.835165,14.000000,0.688889
0.071429,0.188748,2.214286,28.772816,1.835165,14.000000,0.688889
0.071429,0.634017,2.450000,29.691763,1.803922,18.000000,0.710145
0.071429,0.188748,2.214286,28.772816,1.835165,14.000000,0.688889
0.071429,0.634017,2.450000,29.691763,1.803922,18.000000,0.710145
0.142857,0.083333,1.900000,14.787260,1.472222,9.000000,0.655172
0.142857,0.126809,2.512195,29.574336,1.815271,29.000000,0.715278
0.181818,0.802437,5.250000,27.445939,1.416667,9.000000,0.840000
0.100000,0.147230,2.222222,18.043423,1.555556,10.000000,0.689655
0.166667,1.000000,1.444444,29.775732,1.581818,11.000000,0.590909
0.142857,1.000000,1.590909,14.575030,1.825000,16.000000,0.614035
0.083333,0.850107,4.307692,27.896839,1.647059,17.000000,0.811594
0.100000,0.185376,1.600000,8.127162,1.466667,10.000000,0.615385
0.100000,0.007519,2.500000,24.832582,2.392217,63.000000,0.714286
0.058824,0.480948,1.344262,26.673751,2.087356,30.000000,0.573427
0.058824,0.438696,2.227273,28.807244,1.639706,17.000000,0.690141
0.166667,0.888730,6.666667,29.414384,1.727273,11.000000,0.869565
0.166667,0.959084,1.750000,27.360220,1.571429,8.000000,0.636364
0.250000,1.000000,2.500000,30.000000,1.166667,4.000000,0.714286
0.166667,0.452953,1.800000,24.054027,1.400000,6.000000,0.642857
0.166667,0.611305,1.437500,28.717499,1.654545,11.000000,0.589744
0.066667,0.057891,2.415842,23.000726,2.390164,61.000000,0.707246
0.066667,0.059132,1.423077,28.698891,1.723810,15.000000,0.587302
0.166667,0.015152,1.800000,30.000000,1.400000,6.000000,0.642857
0.166667,0.438214,1.764706,27.857143,1.835165,14.000000,0.638298
0.100000,0.002003,2.434783,28.435997,1.971480,34.000000,0.708861
0.083333,0.000000,6.235294,27.400775,1.713846,26.000000,0.861789
0.166667,0.015152,1.800000,30.000000,1.400000,6.000000,0.642857
0.166667,0.438214,1.764706,27.857143,1.835165,14.000000,0.638298
0.111111,0.029644,1.535714,28.490207,2.016092,30.000000,0.605634
0.200000,0.097436,2.714286,30.000000,2.090909,11.000000,0.730769
0.250000,0.000000,1.828947,29.086871,2.002564,40.000000,0.646512
0.200000,0.077696,2.076923,30.000000,1.590909,12.000000,0.675000
0.200000,0.003745,2.714286,30.000000,2.090909,11.000000,0.730769
0.090909,1.000000,3.293103,30.000000,2.537010,53.000000,0.767068
0.090909,1.000000,3.293103,30.000000,2.537010,53.000000,0.767068
0.090909,1.000000,3.293103,30.000000,2.537010,53.000000,0.767068
0.083333,0.367379,2.888889,30.000000,1.606061,12.000000,0.742857
0.083333,0.729270,2.210526,25.335816,1.869281,18.000000,0.688525
0.090909,1.000000,3.293103,30.000000,2.537010,53.000000,0.767068
0.090909,1.000000,3.293103,30.000000,2.537010,53.000000,0.767068
0.052632,0.759794,1.551724,25.549244,1.923977,19.000000,0.608108
0.052632,0.883429,1.722222,13.711478,1.731602,22.000000,0.632653
0.200000,0.928821,2.298246,28.118447,2.061538,40.000000,0.696809
0.200000,0.507035,8.000000,25.257041,1.200000,5.000000,0.888889
0.142857,0.748381,1.714286,27.590030,1.926407,22.000000,0.631579
0.083333,0.040088,2.512195,29.746672,1.815271,29.000000,0.715278
0.083333,0.612883,1.666667,16.877057,1.681818,12.000000,0.625000
0.166667,0.612883,1.666667,16.877057,1.681818,12.000000,0.625000
0.071429,1.000000,1.750000,29.928747,1.692308,14.000000,0.636364
0.071429,0.360486,2.142857,29.158167,1.736264,14.000000,0.681818
0.250000,0.947321,2.136364,25.155307,1.824561,19.000000,0.681159
0.125000,0.459601,2.588235,28.010200,1.883598,28.000000,0.721311
0.100000,0.058902,1.600000,29.686168,1.511111,10.000000,0.615385
0.100000,0.545959,3.666667,29.527049,1.757353,17.000000,0.785714
0.100000,0.066529,1.600000,29.686168,1.511111,10.000000,0.615385
0.100000,0.545959,3.666667,29.527049,1.757353,17.000000,0.785714
0.250000,0.886836,1.750000,20.251538,1.727273,11.000000,0.636364
0.166667,0.805909,2.909091,29.443479,1.780220,14.000000,0.744186
0.076923,1.000000,2.650000,27.531616,1.997701,30.000000,0.726027
0.076923,0.708058,2.416667,29.857203,1.743590,13.000000,0.707317
0.076923,1.000000,2.650000,27.531616,1.997701,30.000000,0.726027
0.076923,0.708058,2.416667,29.857203,1.743590,13.000000,0.707317
0.076923,0.708058,2.416667,29.857203,1.743590,13.000000,0.707317
0.076923,1.000000,2.650000,27.531616,1.997701,30.000000,0.726027
0.076923,1.000000,2.650000,27.531616,1.997701,30.000000,0.726027
0.076923,0.708058,2.416667,29.857203,1.743590,13.000000,0.707317
0.076923,1.000000,2.650000,27.531616,1.997701,30.000000,0.726027
0.076923,0.708058,2.416667,29.857203,1.743590,13.000000,0.707317
0.166667,0.903873,1.608696,30.000000,1.454545,12.000000,0.616667
0.071429,0.018697,2.977778,29.121402,1.998217,34.000000,0.748603
0.066667,0.358721,2.675676,29.785139,1.933798,42.000000,0.727941
0.066667,0.485704,1.562500,30.000000,1.542857,15.000000,0.609756
0.166667,0.903873,1.608696,30.000000,1.454545,12.000000,0.616667
0.066667,0.358721,2.675676,29.785139,1.933798,42.000000,0.727941
0.066667,0.485704,1.562500,30.000000,1.542857,15.000000,0.609756
0.071429,0.018697,2.977778,29.121402,1.998217,34.000000,0.748603
0.071429,0.018697,2.977778,29.121402,1.998217,34.000000,0.748603
0.200000,0.742613,1.047619,30.000000,1.752381,21.000000,0.511628
0.200000,0.742613,1.047619,30.000000,1.752381,21.000000,0.511628
0.066667,0.358721,2.675676,29.785139,1.933798,42.000000,0.727941
0.066667,0.485704,1.562500,30.000000,1.542857,15.000000,0.609756
0.200000,0.742613,1.047619,30.000000,1.752381,21.000000,0.511628
0.166667,0.903873,1.608696,30.000000,1.454545,12.000000,0.616667
0.066667,0.358721,2.675676,29.785139,1.933798,42.000000,0.727941
0.066667,0.485704,1.562500,30.000000,1.542857,15.000000,0.609756
0.166667,0.903873,1.608696,30.000000,1.454545,12.000000,0.616667
0.166667,0.903873,1.608696,30.000000,1.454545,12.000000,0.616667
0.071429,0.018697,2.977778,29.121402,1.998217,34.000000,0.748603
0.066667,0.358721,2.675676,29.785139,1.933798,42.000000,0.727941
0.066667,0.485704,1.562500,30.000000,1.542857,15.000000,0.609756
0.200000,0.742613,1.047619,30.000000,1.752381,21.000000,0.511628
0.200000,0.742613,1.047619,30.000000,1.752381,21.000000,0.511628
0.071429,0.354796,3.218750,29.039154,2.112299,34.000000,0.762963
0.071429,0.018697,2.977778,29.121402,1.998217,34.000000,0.748603
0.142857,0.013370,1.284211,29.366527,2.009009,37.000000,0.562212
0.142857,0.754678,13.000000,30.000000,1.380952,7.000000,0.928571
0.142857,0.754678,13.000000,30.000000,1.380952,7.000000,0.928571
0.125000,0.000000,2.333333,30.000000,1.500000,8.000000,0.700000
0.142857,0.791504,13.000000,30.000000,1.380952,7.000000,0.928571
0.142857,0.754678,13.000000,30.000000,1.380952,7.000000,0.928571
0.071429,0.194292,2.269231,26.751554,1.719298,19.000000,0.694118
0.055556,0.018868,1.393939,30.000000,1.823529,18.000000,0.582278
0.055556,0.419453,2.888889,22.140086,2.055336,23.000000,0.742857
0.142857,1.000000,1.722222,29.179431,2.000000,24.000000,0.632653
0.142857,0.446745,1.750000,28.316334,1.333333,7.000000,0.636364
0.125000,1.000000,1.814815,30.000000,1.803922,18.000000,0.644737
0.125000,1.000000,1.814815,30.000000,1.803922,18.000000,0.644737
0.125000,1.000000,1.814815,30.000000,1.803922,18.000000,0.644737
0.055556,0.144990,1.924242,28.151218,1.816092,30.000000,0.658031
0.071429,0.000000,1.760870,22.380880,2.000000,30.000000,0.637795
0.055556,0.105938,2.727273,28.897890,1.644269,23.000000,0.731707
0.076923,0.247094,2.307692,25.105697,1.743590,13.000000,0.697674
0.200000,0.410162,1.571429,28.527435,1.511111,10.000000,0.611111
0.200000,1.000000,1.571429,19.115489,1.600000,11.000000,0.611111
0.111111,0.429636,2.283019,29.354132,1.868952,32.000000,0.695402
0.100000,1.000000,2.000000,20.866031,1.688889,10.000000,0.666667
0.125000,1.000000,1.750000,23.416741,1.500000,8.000000,0.636364
0.050000,0.149741,2.523810,26.863745,2.425175,66.000000,0.716216
0.071429,0.925898,1.470588,13.595140,1.982759,29.000000,0.595238
0.200000,0.003831,2.000000,25.667931,1.400000,5.000000,0.666667
0.142857,0.048816,2.637931,28.558424,1.891892,38.000000,0.725118
0.047619,0.010523,1.403509,23.965376,1.908832,27.000000,0.583942
0.047619,0.151468,2.352941,29.630209,1.619048,21.000000,0.701754
0.083333,1.000000,2.047619,18.422380,1.830882,17.000000,0.671875
0.200000,1.000000,4.100000,30.000000,1.657143,15.000000,0.803922
0.200000,0.350305,1.683333,28.128388,2.376894,33.000000,0.627329
0.034483,0.630457,1.573529,25.579133,1.836782,30.000000,0.611429
0.034483,0.003831,2.352941,28.856567,2.051724,29.000000,0.701754
0.045455,0.630457,1.573529,25.579133,1.836782,30.000000,0.611429
0.045455,0.003831,1.756098,28.655603,1.766234,22.000000,0.637168
0.076923,0.030920,2.500000,28.608561,1.632035,22.000000,0.714286
0.076923,0.648605,1.526316,19.426628,1.628205,13.000000,0.604167
0.034483,0.003831,2.352941,28.856567,2.051724,29.000000,0.701754
0.034483,0.630457,1.573529,25.579133,1.836782,30.000000,0.611429
0.200000,0.747363,2.333333,30.000000,1.472222,9.000000,0.700000
0.034483,0.630457,1.573529,25.579133,1.836782,30.000000,0.611429
0.034483,0.003831,2.352941,28.856567,2.051724,29.000000,0.701754
0.033333,0.630457,1.573529,25.579133,1.836782,30.000000,0.611429
0.033333,0.085307,2.789474,29.051766,1.893387,39.000000,0.736111
0.055556,0.421908,1.381818,27.462558,1.845850,23.000000,0.580153
0.055556,0.964113,1.586207,24.090031,1.823529,18.000000,0.613333
0.250000,0.460296,2.380952,30.000000,1.783550,22.000000,0.704225
0.111111,1.000000,1.346154,22.766174,1.742857,15.000000,0.573770
0.037037,0.012591,1.411765,29.166118,1.877493,27.000000,0.585366
0.037037,1.000000,3.215686,28.521273,1.857692,40.000000,0.762791
0.125000,0.318172,1.916667,23.914028,1.388889,9.000000,0.657143
0.125000,0.222802,1.916667,23.914028,1.388889,9.000000,0.657143
0.200000,0.714286,3.500000,13.162593,1.300000,5.000000,0.777778
0.125000,0.807967,1.444444,26.090480,1.642857,8.000000,0.590909
0.125000,0.197527,3.923077,28.293373,1.758170,18.000000,0.796875
0.076923,0.599514,4.047619,21.340543,2.971550,38.000000,0.801887
0.076923,0.792483,1.470588,29.489493,1.794872,13.000000,0.595238
0.076923,0.062619,1.315789,30.000000,1.794872,13.000000,0.568182
0.076923,0.025417,4.272727,26.793738,2.941026,40.000000,0.810345
0.090909,0.026786,2.083333,30.000000,1.545455,11.000000,0.675676
0.090909,0.696245,1.562500,19.877403,1.621212,12.000000,0.609756
0.090909,0.224500,1.666667,20.114917,1.709091,11.000000,0.625000
0.200000,0.916595,5.333333,26.079562,1.638889,9.000000,0.842105
0.166667,0.254532,4.285714,29.983903,1.545455,12.000000,0.810811
0.125000,0.257946,1.500000,19.603732,1.757576,12.000000,0.600000
0.100000,1.000000,1.683333,28.128388,2.376894,33.000000,0.627329
0.066667,1.000000,1.723404,24.665687,2.000000,30.000000,0.632812
0.071429,0.126841,1.739130,26.209923,1.816176,17.000000,0.634921
0.142857,0.056790,1.687500,26.635610,2.000000,30.000000,0.627907
0.142857,1.000000,1.555556,30.000000,1.333333,7.000000,0.608696
0.142857,0.101239,2.333333,30.000000,1.754386,19.000000,0.700000
0.142857,1.000000,1.555556,30.000000,1.333333,7.000000,0.608696
0.066667,0.589960,2.631579,28.871101,1.683333,16.000000,0.724638
0.166667,0.003774,6.500000,30.000000,1.133333,6.000000,0.866667
0.100000,0.046126,1.857143,29.509816,1.422222,10.000000,0.650000
0.043478,0.449708,2.369048,30.000000,1.961240,43.000000,0.703180
0.142857,1.000000,2.166667,13.211829,1.380952,7.000000,0.684211
0.090909,0.991614,3.000000,21.414423,2.127273,11.000000,0.750000
0.066667,1.000000,1.346154,22.766174,1.742857,15.000000,0.573770
0.142857,1.000000,2.166667,13.211829,1.380952,7.000000,0.684211
0.090909,0.991614,3.000000,21.414423,2.127273,11.000000,0.750000
0.166667,0.439300,1.684211,28.979566,1.849462,31.000000,0.627451
0.058824,1.000000,1.588235,28.396718,2.000000,30.000000,0.613636
0.200000,0.667334,1.760870,21.812015,2.000000,30.000000,0.637795
0.250000,0.339706,4.272727,26.793738,2.941026,40.000000,0.810345
0.052632,0.667334,1.760870,21.812015,2.000000,30.000000,0.637795
0.052632,0.481570,2.625000,29.817547,1.754386,19.000000,0.724138
0.050000,1.000000,1.631579,30.000000,1.784211,20.000000,0.620000
0.050000,0.161850,3.083333,30.000000,2.349929,38.000000,0.755102
0.142857,0.020916,2.123457,30.000000,1.924506,42.000000,0.679842
0.111111,0.431449,2.500000,30.000000,1.830108,31.000000,0.714286
0.050000,1.000000,1.631579,30.000000,1.784211,20.000000,0.620000
0.050000,0.161850,3.083333,30.000000,2.349929,38.000000,0.755102
0.076923,0.585610,1.976471,28.720431,2.152482,48.000000,0.664032
0.050000,1.000000,1.631579,30.000000,1.784211,20.000000,0.620000
0.050000,0.161850,3.083333,30.000000,2.349929,38.000000,0.755102
0.050000,1.000000,1.631579,30.000000,1.784211,20.000000,0.620000
0.050000,0.161850,3.083333,30.000000,2.349929,38.000000,0.755102
0.100000,0.812509,5.500000,28.203080,2.089616,38.000000,0.846154
0.100000,0.467645,2.400000,27.000000,1.533333,10.000000,0.705882
0.050000,1.000000,1.631579,30.000000,1.784211,20.000000,0.620000
0.050000,0.161850,3.083333,30.000000,2.349929,38.000000,0.755102
0.050000,1.000000,1.631579,30.000000,1.784211,20.000000,0.620000
0.050000,0.161850,3.083333,30.000000,2.349929,38.000000,0.755102
0.050000,1.000000,1.631579,30.000000,1.784211,20.000000,0.620000
0.050000,0.161850,3.083333,30.000000,2.349929,38.000000,0.755102
0.111111,0.860617,1.461538,27.718138,1.690058,19.000000,0.593750
0.050000,1.000000,1.631579,30.000000,1.784211,20.000000,0.620000
0.050000,0.161850,3.083333,30.000000,2.349929,38.000000,0.755102
0.050000,0.004818,2.097561,30.000000,1.924506,42.000000,0.677165
0.050000,0.008698,2.761905,28.500000,1.847368,20.000000,0.734177
0.052632,0.725351,1.394737,27.215183,1.801170,19.000000,0.582418
0.052632,0.011407,1.485714,29.309549,1.899015,29.000000,0.597701
0.200000,0.799556,1.266667,22.589658,1.763636,11.000000,0.558824
0.166667,0.793710,1.631579,30.000000,1.705128,13.000000,0.620000
0.166667,0.240072,1.753425,28.279778,1.849462,31.000000,0.636816
0.111111,0.484976,1.700000,30.000000,1.527778,9.000000,0.629630
0.111111,0.125293,1.535714,30.000000,1.810458,18.000000,0.605634
0.040000,0.379187,2.840000,29.706139,1.786667,25.000000,0.739583
0.040000,1.000000,2.485714,25.327410,1.831909,27.000000,0.713115
0.166667,1.000000,2.512195,29.715604,1.815271,29.000000,0.715278
0.076923,0.933204,1.823529,21.226751,1.653846,13.000000,0.645833
0.076923,1.000000,2.074074,29.739706,1.849462,31.000000,0.674699
0.200000,0.112885,1.551020,24.033507,1.699605,23.000000,0.608000
0.200000,0.538510,1.563636,28.255970,2.016092,30.000000,0.609929
0.100000,0.197108,2.062500,27.960853,1.923810,36.000000,0.673469
0.200000,0.574624,1.666667,30.000000,1.000000,5.000000,0.625000
0.142857,0.113700,1.113043,29.947100,2.050000,41.000000,0.526749
0.076923,0.209860,1.523810,29.308040,1.747253,14.000000,0.603774
0.076923,1.000000,1.500000,28.796473,1.819048,15.000000,0.600000
0.090909,0.209860,1.523810,29.308040,1.747253,14.000000,0.603774
0.090909,0.667222,1.266667,29.745300,1.781818,11.000000,0.558824
0.100000,0.570846,1.444444,29.150646,1.651515,12.000000,0.590909
0.100000,0.015795,1.285714,24.473297,1.666667,10.000000,0.562500
0.200000,0.185466,1.360000,30.000000,1.875000,16.000000,0.576271
0.200000,1.000000,1.360000,30.000000,1.875000,16.000000,0.576271
0.090909,1.000000,1.285714,30.000000,1.712121,12.000000,0.562500
0.090909,1.000000,1.166667,19.333015,1.672727,11.000000,0.538462
0.071429,0.178435,2.389381,29.230390,2.252432,63.000000,0.704961
0.083333,0.992210,5.000000,29.682341,1.621212,12.000000,0.833333
0.100000,0.939989,1.250000,30.000000,1.794872,13.000000,0.555556
0.090909,0.365855,2.181818,30.000000,1.636364,11.000000,0.685714
0.058824,0.570372,1.760870,27.300682,2.000000,30.000000,0.637795
0.083333,0.052726,1.506667,27.854297,1.890323,31.000000,0.601064
0.090909,1.000000,1.346154,22.766174,1.742857,15.000000,0.573770
0.090909,0.144515,1.857143,27.197573,1.527273,11.000000,0.650000
0.076923,0.347690,1.571429,30.000000,2.041835,39.000000,0.611111
0.076923,1.000000,1.784314,29.592713,1.907407,28.000000,0.640845
0.076923,1.000000,1.784314,29.592713,1.907407,28.000000,0.640845
0.076923,0.504325,1.784314,29.592713,1.907407,28.000000,0.640845
0.076923,1.000000,1.784314,29.592713,1.907407,28.000000,0.640845
0.055556,0.018930,3.250000,20.774300,1.973856,18.000000,0.764706
0.055556,0.048296,2.485714,29.938795,2.314394,33.000000,0.713115
0.055556,0.048296,2.485714,29.938795,2.314394,33.000000,0.713115
0.055556,0.018930,3.250000,20.774300,1.973856,18.000000,0.764706
0.250000,0.259153,1.846154,24.903207,1.466667,10.000000,0.648649
0.083333,0.025238,1.600000,21.523873,1.636364,12.000000,0.615385
0.250000,0.656130,2.419355,27.574767,1.721053,20.000000,0.707547
0.142857,1.000000,3.166667,28.969064,1.321429,8.000000,0.760000
0.142857,0.487972,1.555556,25.490180,1.333333,7.000000,0.608696
0.111111,0.209837,1.518519,25.772628,1.702899,24.000000,0.602941
0.111111,0.036496,1.200000,22.790583,1.555556,9.000000,0.545455
0.055556,0.751553,1.769231,25.691309,1.910000,25.000000,0.638889
0.055556,0.033889,1.413793,30.000000,1.843137,18.000000,0.585714
0.058824,0.223424,2.722222,29.855558,1.644928,24.000000,0.731343
0.058824,0.701410,1.592593,29.712655,1.879032,32.000000,0.614286
0.200000,0.029287,1.809524,28.502833,1.683333,16.000000,0.644068
0.100000,0.008264,3.384615,19.690323,2.089474,20.000000,0.771930
0.200000,0.290683,1.672414,28.851536,2.129979,54.000000,0.625806
0.142857,0.084906,3.000000,29.055106,1.928571,36.000000,0.750000
0.166667,0.077475,2.733333,28.466213,1.830882,17.000000,0.732143
0.041667,0.223551,2.722222,29.883262,1.644928,24.000000,0.731343
0.041667,0.290683,1.672414,28.851536,2.129979,54.000000,0.625806
0.041667,0.780142,1.672414,28.851536,2.129979,54.000000,0.625806
0.041667,0.223551,2.722222,29.883262,1.644928,24.000000,0.731343
0.166667,0.512520,3.888889,25.740923,2.123077,26.000000,0.795455
0.200000,0.780142,1.672414,28.851536,2.129979,54.000000,0.625806
0.090909,0.440363,1.461538,30.000000,1.564103,13.000000,0.593750
0.090909,0.290683,1.672414,28.851536,2.129979,54.000000,0.625806
0.090909,0.440363,1.461538,30.000000,1.564103,13.000000,0.593750
0.090909,0.780142,1.672414,28.851536,2.129979,54.000000,0.625806
0.100000,0.736363,1.785714,30.000000,1.707602,19.000000,0.641026
0.111111,1.000000,18.000000,27.639831,1.583333,9.000000,0.947368
0.111111,1.000000,18.000000,27.639831,1.583333,9.000000,0.947368
0.111111,1.000000,18.000000,27.639831,1.583333,9.000000,0.947368
0.111111,1.000000,18.000000,27.639831,1.583333,9.000000,0.947368
0.090909,0.197523,1.330097,27.432441,2.155633,42.000000,0.570833
0.058824,0.007663,0.992308,29.334700,2.066202,42.000000,0.498069
0.058824,0.000000,1.446602,29.984551,2.059801,43.000000,0.591270
0.058824,0.000000,1.446602,29.984551,2.059801,43.000000,0.591270
0.058824,0.000000,1.446602,29.984551,2.059801,43.000000,0.591270
0.058824,0.000000,1.446602,29.984551,2.059801,43.000000,0.591270
0.166667,0.220786,2.722222,27.899380,1.807018,19.000000,0.731343
0.166667,0.024793,2.500000,28.616080,1.571429,7.000000,0.714286
0.083333,0.665265,1.912088,29.612167,1.945736,43.000000,0.656604
0.166667,1.000000,1.360000,30.000000,2.073084,34.000000,0.576271
0.166667,0.024793,1.500000,24.504345,1.476190,7.000000,0.600000
0.047619,0.058107,2.205128,29.586915,1.924506,42.000000,0.688000
0.047619,0.453766,1.542857,21.034556,1.766234,22.000000,0.606742
0.125000,0.199377,1.568966,28.767153,2.058712,33.000000,0.610738
0.030303,0.199377,1.568966,28.767153,2.058712,33.000000,0.610738
0.030303,0.103440,2.540541,29.719946,2.250481,65.000000,0.717557
0.166667,0.266784,1.571429,24.838709,1.838095,15.000000,0.611111
0.166667,1.000000,1.750000,23.416741,1.500000,8.000000,0.636364
0.055556,0.359511,1.406250,24.452684,1.830065,18.000000,0.584416
0.055556,0.227506,2.389381,29.194376,2.252432,63.000000,0.704961
0.111111,0.152530,1.864865,26.237962,1.972308,26.000000,0.650943
0.066667,0.485699,1.583333,25.104687,1.714286,15.000000,0.612903
0.250000,1.000000,2.000000,29.680119,1.333333,4.000000,0.666667
0.111111,1.000000,1.950000,29.759235,1.500000,13.000000,0.661017
0.083333,0.008547,1.812500,20.654444,1.628205,13.000000,0.644444
0.055556,0.019621,1.390476,27.907268,2.140642,43.000000,0.581673
0.055556,0.484557,1.277778,26.962883,1.745098,18.000000,0.560976
0.066667,0.104524,4.625000,28.866920,1.809524,15.000000,0.822222
0.066667,0.104524,4.625000,28.866920,1.809524,15.000000,0.822222
0.125000,0.665317,1.418919,20.462527,2.120635,36.000000,0.586592
0.055556,0.018517,1.392523,30.000000,2.059801,43.000000,0.582031
0.142857,0.025641,3.000000,23.149402,1.285714,7.000000,0.750000
0.055556,0.018517,1.392523,30.000000,2.059801,43.000000,0.582031
0.055556,0.018517,1.392523,30.000000,2.059801,43.000000,0.582031
0.055556,0.018517,1.392523,30.000000,2.059801,43.000000,0.582031
0.090909,0.425104,1.727273,29.510161,2.350000,40.000000,0.633333
0.055556,0.000000,1.165138,29.655029,2.014845,39.000000,0.538136
0.090909,0.114088,1.962963,27.710273,1.742690,19.000000,0.662500
0.090909,0.425104,1.727273,29.510161,2.350000,40.000000,0.633333
0.200000,0.770536,2.000000,30.000000,1.333333,6.000000,0.666667
0.200000,0.666858,1.403509,23.965376,1.908832,27.000000,0.583942
0.200000,1.000000,1.937500,30.000000,1.684211,19.000000,0.659574
0.166667,1.000000,1.683333,28.128388,2.376894,33.000000,0.627329
0.076923,0.153649,2.156250,28.957658,1.972308,26.000000,0.683168
0.125000,0.008621,2.500000,30.000000,1.285714,8.000000,0.714286
0.166667,0.356170,2.711538,29.440972,2.034921,36.000000,0.730570
0.166667,0.356170,2.711538,29.440972,2.034921,36.000000,0.730570
0.166667,0.356170,2.711538,29.440972,2.034921,36.000000,0.730570
0.166667,0.356170,2.711538,29.440972,2.034921,36.000000,0.730570
0.166667,0.356170,2.711538,29.440972,2.034921,36.000000,0.730570
0.083333,0.728068,2.888889,29.737925,1.606061,12.000000,0.742857
0.083333,1.000000,1.631579,18.655312,1.741667,16.000000,0.620000
0.055556,1.000000,1.784314,29.463222,1.907407,28.000000,0.640845
0.055556,0.349419,3.173913,25.885242,2.134199,22.000000,0.760417
0.050000,0.506912,3.384615,19.690323,2.089474,20.000000,0.771930
0.050000,0.125270,2.351351,30.000000,2.314394,33.000000,0.701613
0.055556,0.349419,3.173913,25.885242,2.134199,22.000000,0.760417
0.055556,0.295760,1.784314,29.463222,1.907407,28.000000,0.640845
0.111111,0.037931,3.000000,29.754065,1.847368,20.000000,0.750000
0.050000,0.125270,2.351351,30.000000,2.314394,33.000000,0.701613
0.050000,0.506912,3.384615,19.690323,2.089474,20.000000,0.771930
0.111111,0.161437,1.756757,26.340540,2.025974,22.000000,0.637255
0.083333,0.632019,1.700000,29.711115,1.530303,12.000000,0.629630
0.083333,1.000000,2.297872,28.128388,2.310606,33.000000,0.696774
0.055556,0.349419,3.173913,25.885242,2.134199,22.000000,0.760417
0.055556,1.000000,1.784314,29.463222,1.907407,28.000000,0.640845
0.055556,0.349419,3.173913,25.885242,2.134199,22.000000,0.760417
0.055556,1.000000,1.784314,29.463222,1.907407,28.000000,0.640845
0.083333,0.632019,1.700000,29.711115,1.530303,12.000000,0.629630
0.083333,1.000000,2.297872,28.128388,2.310606,33.000000,0.696774
0.055556,0.419244,2.818182,30.000000,1.963768,24.000000,0.738095
0.055556,0.420075,1.406250,24.452684,1.830065,18.000000,0.584416
0.055556,0.420075,1.406250,24.452684,1.830065,18.000000,0.584416
0.055556,0.419244,2.818182,30.000000,1.963768,24.000000,0.738095
0.083333,0.632019,1.700000,29.711115,1.530303,12.000000,0.629630
0.083333,1.000000,2.297872,28.128388,2.310606,33.000000,0.696774
0.111111,0.376675,3.000000,29.754065,1.847368,20.000000,0.750000
0.125000,0.754475,1.789474,30.000000,1.695238,21.000000,0.641509
0.071429,0.096663,2.500000,28.223495,1.852381,21.000000,0.714286
0.071429,0.072714,1.771429,25.475623,1.934783,24.000000,0.639175
0.062500,0.978440,1.523077,30.000000,1.839901,29.000000,0.603659
0.250000,0.853991,1.681818,28.726136,1.696970,22.000000,0.627119
0.166667,1.000000,1.392857,29.743010,1.775000,16.000000,0.582090
0.166667,0.668220,1.833333,22.942622,1.266667,6.000000,0.647059
0.166667,1.000000,3.000000,29.784191,1.488889,10.000000,0.750000
0.166667,0.701451,1.833333,25.000000,1.266667,6.000000,0.647059
0.062500,0.797089,1.418919,20.462527,2.120635,36.000000,0.586592
0.083333,1.000000,2.000000,16.673814,1.666667,12.000000,0.666667
0.030303,1.000000,1.746032,28.745790,1.954545,33.000000,0.635838
0.030303,0.010088,2.287356,30.000000,1.961240,43.000000,0.695804
0.030303,1.000000,1.746032,28.745790,1.954545,33.000000,0.635838
0.030303,0.010088,2.287356,30.000000,1.961240,43.000000,0.695804
0.200000,0.424975,1.149254,28.302601,1.807971,24.000000,0.534722
0.200000,0.424975,1.149254,28.302601,1.807971,24.000000,0.534722
0.030303,1.000000,1.746032,28.745790,1.954545,33.000000,0.635838
0.030303,0.010088,2.287356,30.000000,1.961240,43.000000,0.695804
0.200000,0.424975,1.149254,28.302601,1.807971,24.000000,0.534722
0.090909,0.234820,1.812500,19.432133,1.472727,11.000000,0.644444
0.090909,0.215773,2.339286,29.138632,2.333829,64.000000,0.700535
0.062500,0.630908,2.263158,29.425297,2.025000,16.000000,0.693548
0.062500,0.047577,2.709091,27.054918,2.335818,70.000000,0.730392
0.076923,0.021889,1.818182,29.218081,1.772059,17.000000,0.645161
0.200000,0.255775,2.451923,23.490098,2.392217,63.000000,0.710306
0.200000,0.424975,1.149254,28.302601,1.807971,24.000000,0.534722
0.062500,0.630908,2.263158,29.425297,2.025000,16.000000,0.693548
0.062500,0.047577,2.709091,27.054918,2.335818,70.000000,0.730392
0.200000,0.424975,1.149254,28.302601,1.807971,24.000000,0.534722
0.050000,0.013471,1.165138,29.752698,2.014845,39.000000,0.538136
0.030303,0.416661,1.746032,28.745790,1.954545,33.000000,0.635838
0.030303,0.010088,2.287356,30.000000,1.961240,43.000000,0.695804
0.125000,0.496875,1.900000,29.496745,1.527778,9.000000,0.655172
0.142857,0.176318,2.540541,29.756562,2.250481,65.000000,0.717557
0.076923,0.035133,1.542857,21.034556,1.766234,22.000000,0.606742
0.111111,0.979330,1.457143,23.299778,1.725490,18.000000,0.593023
0.076923,0.882470,1.470588,13.595140,1.982759,29.000000,0.595238
0.166667,1.000000,1.800000,30.000000,1.400000,6.000000,0.642857
0.200000,0.073171,1.666667,29.909098,1.500000,5.000000,0.625000
0.166667,0.640005,1.760000,30.000000,1.700000,16.000000,0.637681
0.090909,0.384721,1.864865,26.237962,1.972308,26.000000,0.650943
0.041667,0.729850,1.698630,24.678201,1.901961,34.000000,0.629442
0.041667,1.000000,1.800000,30.000000,1.905797,24.000000,0.642857
0.045455,0.729850,1.698630,24.678201,1.901961,34.000000,0.629442
0.045455,0.102059,1.702128,29.412834,1.754941,23.000000,0.629921
0.041667,0.729850,1.698630,24.678201,1.901961,34.000000,0.629442
0.041667,1.000000,1.800000,30.000000,1.905797,24.000000,0.642857
0.041667,0.729850,1.698630,24.678201,1.901961,34.000000,0.629442
0.041667,1.000000,1.800000,30.000000,1.905797,24.000000,0.642857
0.125000,0.402743,2.250000,29.240277,1.357143,8.000000,0.692308
0.125000,0.318515,1.343750,30.000000,1.849673,18.000000,0.573333
0.055556,1.000000,1.937500,28.471131,1.975806,32.000000,0.659574
0.090909,1.000000,7.000000,24.479785,1.781818,11.000000,0.875000
0.166667,0.098969,3.666667,26.496375,1.266667,6.000000,0.785714
0.090909,1.000000,1.631579,30.000000,1.653846,13.000000,0.620000
0.090909,0.262667,1.342342,30.000000,2.059801,43.000000,0.573077
0.090909,0.262667,1.342342,30.000000,2.059801,43.000000,0.573077
0.090909,0.262667,1.342342,30.000000,2.059801,43.000000,0.573077
0.090909,0.262667,1.342342,30.000000,2.059801,43.000000,0.573077
0.111111,1.000000,1.800000,30.000000,1.583333,9.000000,0.642857
0.111111,0.403196,1.823529,21.226751,1.653846,13.000000,0.645833
0.250000,1.000000,2.000000,30.000000,1.333333,4.000000,0.666667
0.250000,0.632709,3.176471,28.145489,1.928571,36.000000,0.760563
0.125000,0.975958,1.728814,28.146298,2.036975,35.000000,0.633540
0.066667,0.311971,2.660714,27.946113,2.335818,70.000000,0.726829
0.066667,0.521641,1.545455,23.299006,1.742857,15.000000,0.607143
0.029412,0.327760,2.684685,27.574964,2.335818,70.000000,0.728606
0.029412,0.975958,1.728814,28.146298,2.036975,35.000000,0.633540
0.041667,0.464522,1.149254,28.302601,1.807971,24.000000,0.534722
0.041667,0.570372,2.403670,28.395975,2.333829,64.000000,0.706199
0.041667,0.570372,2.403670,28.395975,2.333829,64.000000,0.706199
0.041667,0.464522,1.149254,28.302601,1.807971,24.000000,0.534722
0.041667,0.464522,1.149254,28.302601,1.807971,24.000000,0.534722
0.041667,0.570372,2.403670,28.395975,2.333829,64.000000,0.706199
0.125000,0.139690,1.355556,26.976259,2.009009,37.000000,0.575472
0.030303,0.194538,1.568966,28.921098,1.998106,33.000000,0.610738
0.030303,0.307423,2.740000,26.811438,1.941176,34.000000,0.732620
0.041667,0.570372,2.403670,28.395975,2.333829,64.000000,0.706199
0.041667,0.464522,1.149254,28.302601,1.807971,24.000000,0.534722
0.250000,0.576558,2.425926,27.225757,2.333829,64.000000,0.708108
0.083333,0.011575,1.826087,26.946680,1.862745,18.000000,0.646154
0.083333,0.568471,2.904110,28.662279,2.142007,49.000000,0.743860
0.076923,0.316758,4.297297,24.186236,2.018182,45.000000,0.811224
0.076923,0.521641,1.545455,23.299006,1.742857,15.000000,0.607143
0.041667,0.464522,1.149254,28.302601,1.807971,24.000000,0.534722
0.041667,0.570372,2.403670,28.395975,2.333829,64.000000,0.706199
0.100000,0.059774,1.838235,29.358142,2.177404,65.000000,0.647668
0.100000,0.029417,1.838235,29.358142,2.177404,65.000000,0.647668
0.045455,1.000000,1.757576,30.000000,1.748918,22.000000,0.637363
0.045455,0.031839,2.112245,26.777400,1.957483,49.000000,0.678689
0.076923,0.354049,1.823529,30.000000,1.653846,13.000000,0.645833
0.100000,0.227135,2.181818,21.690404,1.555556,10.000000,0.685714
0.100000,0.178927,4.297297,25.168173,2.018182,45.000000,0.811224
0.076923,0.004255,1.300000,29.006369,1.807692,13.000000,0.565217
0.062500,0.063359,1.353659,29.870591,2.053782,35.000000,0.575130
0.062500,0.027442,2.039216,29.399409,2.066387,54.000000,0.670968
0.062500,0.144636,2.039216,29.399409,2.066387,54.000000,0.670968
0.200000,0.422396,3.933333,30.000000,2.039526,23.000000,0.797297
0.062500,0.103504,2.000000,28.360354,1.810685,42.000000,0.666667
0.062500,0.237990,1.611940,27.687383,1.858065,31.000000,0.617143
0.200000,0.422396,3.933333,30.000000,2.039526,23.000000,0.797297
0.071429,1.000000,1.193548,30.000000,1.891667,16.000000,0.544118
0.071429,0.087096,1.894737,26.138210,1.681319,14.000000,0.654545
0.100000,1.000000,1.400000,30.000000,1.782051,13.000000,0.583333
0.100000,0.153237,1.285714,24.473297,1.666667,10.000000,0.562500
0.076923,1.000000,1.333333,29.679533,1.782051,13.000000,0.571429
0.076923,0.396902,2.234043,27.872106,1.922581,31.000000,0.690789
0.071429,1.000000,1.193548,30.000000,1.891667,16.000000,0.544118
0.071429,0.087096,1.894737,26.138210,1.681319,14.000000,0.654545
0.250000,0.105289,1.766667,27.563580,1.705882,17.000000,0.638554
0.043478,0.843270,2.186047,29.942292,2.354622,35.000000,0.686131
0.043478,0.038651,3.733333,23.267084,2.075099,23.000000,0.788732
0.125000,0.170658,2.200000,27.583379,2.003333,25.000000,0.687500
0.125000,0.251350,1.444444,25.400153,1.642857,8.000000,0.590909
0.062500,0.478460,1.772727,25.379932,1.791667,16.000000,0.639344
0.062500,0.784573,1.551282,30.000000,2.041835,39.000000,0.608040
0.043478,0.843270,2.186047,29.942292,2.354622,35.000000,0.686131
0.043478,0.038651,3.733333,23.267084,2.075099,23.000000,0.788732
0.100000,0.225335,1.956522,24.247650,2.004762,21.000000,0.661765
0.047619,0.837529,2.333333,25.982754,2.095238,22.000000,0.700000
0.047619,0.739140,1.475000,30.000000,2.009009,37.000000,0.595960
0.055556,0.931830,1.675325,30.000000,1.879032,32.000000,0.626214
0.045455,0.080058,2.000000,27.592903,2.014778,29.000000,0.666667
0.045455,0.647068,2.172414,30.000000,1.887446,22.000000,0.684783
0.055556,0.199675,2.710526,29.410974,1.656667,25.000000,0.730496
0.031250,0.163960,2.309524,27.788693,1.985887,32.000000,0.697842
0.031250,1.000000,3.360000,28.279179,2.779874,54.000000,0.770642
0.250000,1.000000,2.720930,30.000000,1.974194,31.000000,0.731250
0.250000,1.000000,2.720930,30.000000,1.974194,31.000000,0.731250
0.029412,0.485151,1.418919,20.462527,2.120635,36.000000,0.586592
0.029412,0.277816,2.977778,30.000000,1.998217,34.000000,0.748603
0.100000,0.030148,1.379310,25.581273,1.794118,17.000000,0.579710
0.250000,1.000000,2.720930,30.000000,1.974194,31.000000,0.731250
0.029412,0.485151,1.418919,20.462527,2.120635,36.000000,0.586592
0.029412,0.277816,2.977778,30.000000,1.998217,34.000000,0.748603
0.029412,0.485151,1.418919,20.462527,2.120635,36.000000,0.586592
0.029412,0.277816,2.977778,30.000000,1.998217,34.000000,0.748603
0.029412,0.277816,2.977778,30.000000,1.998217,34.000000,0.748603
0.029412,0.485151,1.418919,20.462527,2.120635,36.000000,0.586592
0.250000,1.000000,2.720930,30.000000,1.974194,31.000000,0.731250
0.250000,1.000000,2.720930,30.000000,1.974194,31.000000,0.731250
0.029412,0.485151,1.418919,20.462527,2.120635,36.000000,0.586592
0.029412,0.277816,2.977778,30.000000,1.998217,34.000000,0.748603
0.250000,0.259700,1.714286,30.000000,1.704762,15.000000,0.631579
0.250000,0.259700,1.714286,30.000000,1.704762,15.000000,0.631579
0.200000,0.946488,3.500000,30.000000,1.300000,5.000000,0.777778
0.111111,0.750733,1.923077,29.490388,1.873684,20.000000,0.657895
0.142857,0.411630,1.583333,29.540843,1.683333,16.000000,0.612903
0.142857,0.286697,1.444444,25.400153,1.642857,8.000000,0.590909
0.166667,0.328392,1.464286,28.589593,2.059744,38.000000,0.594203
0.166667,0.328392,1.464286,28.589593,2.059744,38.000000,0.594203
0.166667,0.328392,1.464286,28.589593,2.059744,38.000000,0.594203
0.166667,0.328392,1.464286,28.589593,2.059744,38.000000,0.594203
0.142857,0.222565,2.600000,29.026087,1.571429,8.000000,0.722222
0.142857,0.521834,1.305882,29.955179,2.053782,35.000000,0.566327
0.035714,0.675503,1.701299,25.801411,1.853832,34.000000,0.629808
0.035714,1.000000,1.860465,30.000000,2.089947,28.000000,0.650407
0.045455,0.675503,1.701299,25.801411,1.853832,34.000000,0.629808
0.045455,0.339553,2.025641,30.000000,1.722944,22.000000,0.669492
0.035714,0.675503,1.701299,25.801411,1.853832,34.000000,0.629808
0.035714,1.000000,1.860465,30.000000,2.089947,28.000000,0.650407
0.142857,1.000000,1.333333,30.000000,1.476190,7.000000,0.571429
0.035714,0.675503,1.701299,25.801411,1.853832,34.000000,0.629808
0.035714,1.000000,1.860465,30.000000,2.089947,28.000000,0.650407
0.083333,0.380346,1.866667,27.896348,1.575758,12.000000,0.651163
0.125000,1.000000,6.666667,30.000000,1.285714,8.000000,0.869565
0.062500,0.139245,2.263158,29.425297,2.025000,16.000000,0.693548
0.037037,1.000000,2.297872,28.128388,2.310606,33.000000,0.696774
0.200000,1.000000,2.500000,18.005005,1.500000,5.000000,0.714286
0.037037,1.000000,2.297872,28.128388,2.310606,33.000000,0.696774
0.037037,1.000000,2.297872,28.128388,2.310606,33.000000,0.696774
0.058824,0.813102,1.415842,29.612465,1.896613,34.000000,0.586066
0.050000,0.102436,1.756757,26.340540,2.025974,22.000000,0.637255
0.200000,1.000000,2.500000,18.005005,1.500000,5.000000,0.714286
0.200000,1.000000,2.500000,18.005005,1.500000,5.000000,0.714286
0.062500,0.139245,2.263158,29.425297,2.025000,16.000000,0.693548
0.047619,0.467932,1.531250,25.932052,1.938095,21.000000,0.604938
0.047619,0.000000,2.608696,29.277778,2.285714,36.000000,0.722892
0.047619,0.000000,2.608696,29.277778,2.285714,36.000000,0.722892
0.047619,0.467932,1.531250,25.932052,1.938095,21.000000,0.604938
0.047619,0.000000,2.608696,29.277778,2.285714,36.000000,0.722892
0.047619,0.467932,1.531250,25.932052,1.938095,21.000000,0.604938
0.047619,0.000000,2.608696,29.277778,2.285714,36.000000,0.722892
0.047619,0.467932,1.531250,25.932052,1.938095,21.000000,0.604938
0.047619,1.000000,1.545455,26.196248,1.933333,21.000000,0.607143
0.047619,0.495161,3.480769,28.923687,2.759091,56.000000,0.776824
0.125000,0.342237,1.977778,24.220780,2.064516,31.000000,0.664179
0.047619,1.000000,1.545455,26.196248,1.933333,21.000000,0.607143
0.047619,0.129038,3.480769,28.923687,2.759091,56.000000,0.776824
0.047619,1.000000,1.545455,26.196248,1.933333,21.000000,0.607143
0.047619,0.435959,3.480769,28.923687,2.759091,56.000000,0.776824
0.100000,0.495161,3.480769,28.923687,2.759091,56.000000,0.776824
0.100000,0.180111,1.625000,27.733393,1.444444,10.000000,0.619048
0.125000,0.278274,3.360000,28.279179,2.779874,54.000000,0.770642
0.100000,0.045066,1.793103,29.552239,2.180009,67.000000,0.641975
0.100000,0.045066,1.793103,29.552239,2.180009,67.000000,0.641975
0.125000,0.797061,1.700000,26.250000,1.392857,8.000000,0.629630
0.142857,1.000000,2.400000,28.470001,1.428571,7.000000,0.705882
0.125000,0.268789,1.900000,28.071019,1.472222,9.000000,0.655172
0.125000,0.797061,1.700000,26.250000,1.392857,8.000000,0.629630
0.066667,0.782689,1.521739,24.241330,1.761905,15.000000,0.603448
0.066667,0.004367,1.756757,29.949946,2.180009,67.000000,0.637255
0.066667,0.782689,1.521739,24.241330,1.761905,15.000000,0.603448
0.066667,0.004367,1.756757,29.949946,2.180009,67.000000,0.637255
0.111111,0.744643,2.451613,27.629087,2.193732,27.000000,0.710280
0.111111,0.331920,1.541667,28.379920,1.469697,12.000000,0.606557
0.066667,0.826559,1.650000,30.000000,1.733333,15.000000,0.622642
0.111111,0.744643,2.451613,27.629087,2.193732,27.000000,0.710280
0.111111,0.331920,1.541667,28.379920,1.469697,12.000000,0.606557
0.111111,0.744643,2.451613,27.629087,2.193732,27.000000,0.710280
0.111111,0.331920,1.541667,28.379920,1.469697,12.000000,0.606557
0.066667,0.436664,1.584906,29.733952,1.982796,31.000000,0.613139
0.066667,0.826559,1.650000,30.000000,1.733333,15.000000,0.622642
0.111111,0.744643,2.451613,27.629087,2.193732,27.000000,0.710280
0.111111,0.331920,1.541667,28.379920,1.469697,12.000000,0.606557
0.050000,0.244591,3.500000,28.914060,2.075099,23.000000,0.777778
0.166667,0.559716,1.857143,28.825709,1.618182,11.000000,0.650000
0.052632,0.999488,1.680000,19.040424,1.871345,19.000000,0.626866
0.052632,0.044428,2.701299,29.960099,1.974694,50.000000,0.729825
0.125000,0.148711,2.142857,29.766828,1.500000,8.000000,0.681818
0.125000,0.999488,1.680000,19.040424,1.871345,19.000000,0.626866
0.055556,0.769274,1.235294,7.694460,1.803922,18.000000,0.552632
0.055556,0.050805,2.428571,28.476530,2.166667,21.000000,0.708333
0.055556,0.050805,2.428571,28.476530,2.166667,21.000000,0.708333
0.055556,0.769274,1.235294,7.694460,1.803922,18.000000,0.552632
0.055556,0.050805,2.428571,28.476530,2.166667,21.000000,0.708333
0.055556,0.769274,1.235294,7.694460,1.803922,18.000000,0.552632
0.125000,0.705183,1.588235,26.523117,1.769231,14.000000,0.613636
0.076923,0.270978,2.000000,30.000000,1.730769,13.000000,0.666667
0.076923,0.141841,1.894737,26.138210,1.681319,14.000000,0.654545
0.066667,0.797299,2.647059,24.247580,1.963158,20.000000,0.725806
0.066667,0.968320,2.441176,29.895201,2.332661,32.000000,0.709402
0.076923,0.270978,2.000000,30.000000,1.730769,13.000000,0.666667
0.076923,0.141841,1.894737,26.138210,1.681319,14.000000,0.654545
0.200000,0.141841,1.894737,26.138210,1.681319,14.000000,0.654545
0.200000,0.141841,1.894737,26.138210,1.681319,14.000000,0.654545
0.066667,0.797299,2.647059,24.247580,1.963158,20.000000,0.725806
0.066667,0.968320,2.441176,29.895201,2.332661,32.000000,0.709402
0.142857,0.264820,2.088889,30.000000,2.354622,35.000000,0.676259
0.076923,1.000000,1.866667,30.000000,1.743590,13.000000,0.651163
0.076923,0.679754,2.193548,22.307179,2.086154,26.000000,0.686869
0.142857,0.264820,2.088889,30.000000,2.354622,35.000000,0.676259
0.125000,1.000000,1.705882,30.000000,1.628205,13.000000,0.630435
0.125000,0.724544,1.292683,28.914948,1.616667,16.000000,0.563830
0.125000,0.593082,1.484848,26.507296,1.938095,21.000000,0.597561
0.125000,0.389368,2.111111,30.000000,1.577778,10.000000,0.678571
0.125000,1.000000,1.600000,18.142317,1.428571,8.000000,0.615385
0.071429,0.940368,1.589744,29.906615,2.000000,24.000000,0.613861
0.071429,0.982229,4.272727,26.793738,2.941026,40.000000,0.810345
0.071429,1.000000,3.480769,28.923687,2.759091,56.000000,0.776824
0.071429,0.279301,1.565217,30.000000,1.704762,15.000000,0.610169
0.028571,0.119874,1.500000,29.663267,1.974790,35.000000,0.600000
0.028571,0.853054,3.360000,28.279179,2.779874,54.000000,0.770642
0.045455,0.914291,3.770833,29.854578,2.686195,55.000000,0.790393
0.047619,1.000000,1.525000,27.352007,1.972332,23.000000,0.603960
0.047619,0.439413,1.357143,27.652246,1.845850,23.000000,0.575758
0.071429,0.534559,1.636364,30.000000,1.704762,15.000000,0.620690
0.071429,0.853054,3.360000,28.279179,2.779874,54.000000,0.770642
0.027778,1.000000,3.480769,28.923687,2.759091,56.000000,0.776824
0.027778,0.054196,1.567901,29.176481,1.965079,36.000000,0.610577
0.071429,1.000000,3.480769,28.923687,2.759091,56.000000,0.776824
0.071429,0.279301,1.565217,30.000000,1.704762,15.000000,0.610169
0.045455,1.000000,3.770833,29.854578,2.686195,55.000000,0.790393
0.045455,1.000000,3.770833,29.854578,2.686195,55.000000,0.790393
0.071429,0.534559,1.636364,30.000000,1.704762,15.000000,0.620690
0.071429,0.853054,3.360000,28.279179,2.779874,54.000000,0.770642
0.071429,0.850767,2.333333,28.067121,1.888889,18.000000,0.700000
0.071429,1.000000,1.377778,29.036834,2.010870,24.000000,0.579439
0.066667,0.324417,1.882353,17.166138,1.790476,15.000000,0.653061
0.066667,0.174637,1.370787,26.815568,2.009009,37.000000,0.578199
0.090909,0.601781,1.571429,22.415887,1.692308,14.000000,0.611111
0.090909,0.000000,2.500000,30.000000,1.654545,11.000000,0.714286
0.142857,0.294431,1.950820,28.872354,1.793651,28.000000,0.661111
0.100000,0.494535,2.250000,27.649634,1.600000,10.000000,0.692308
0.090909,0.053067,1.362903,29.105946,2.029952,46.000000,0.576792
0.034483,0.127965,1.632653,29.815816,1.928205,40.000000,0.620155
0.034483,1.000000,2.025000,21.720891,2.093596,29.000000,0.669421
0.040000,0.025408,1.587500,28.990375,1.965079,36.000000,0.613527
0.040000,0.402243,1.423077,27.131467,1.970000,25.000000,0.587302
0.040000,0.055978,1.439560,27.500000,1.922222,36.000000,0.590090
0.040000,0.425298,1.396226,29.210325,1.970000,25.000000,0.582677
0.052632,0.483517,1.733333,29.122273,1.695906,19.000000,0.634146
0.052632,1.000000,2.075472,22.406589,2.223529,35.000000,0.674847
0.111111,1.000000,2.075472,22.406589,2.223529,35.000000,0.674847
0.142857,1.000000,2.188679,28.211696,2.217460,36.000000,0.686391
0.062500,0.346757,1.261905,29.297436,1.616667,16.000000,0.557895
0.062500,1.000000,2.075472,22.406589,2.223529,35.000000,0.674847
0.142857,1.000000,2.188679,28.211696,2.217460,36.000000,0.686391
0.062500,1.000000,2.075472,22.406589,2.223529,35.000000,0.674847
0.062500,0.346757,1.261905,29.297436,1.616667,16.000000,0.557895
0.052632,0.483517,1.733333,29.122273,1.695906,19.000000,0.634146
0.052632,1.000000,2.075472,22.406589,2.223529,35.000000,0.674847
0.062500,0.517743,1.358974,28.125000,1.616667,16.000000,0.576087
0.142857,1.000000,2.188679,28.211696,2.217460,36.000000,0.686391
0.111111,1.000000,2.075472,22.406589,2.223529,35.000000,0.674847
0.111111,0.619370,3.600000,25.494985,1.736264,14.000000,0.782609
0.111111,0.788178,1.583333,26.666667,1.472222,9.000000,0.612903
0.040000,0.055978,1.439560,27.500000,1.922222,36.000000,0.590090
0.040000,0.425298,1.396226,29.210325,1.970000,25.000000,0.582677
0.111111,1.000000,2.075472,22.406589,2.223529,35.000000,0.674847
0.166667,0.236003,2.250000,27.907885,1.400000,6.000000,0.692308
0.166667,0.402243,1.423077,27.131467,1.970000,25.000000,0.587302
0.142857,1.000000,2.188679,28.211696,2.217460,36.000000,0.686391
0.111111,1.000000,2.075472,22.406589,2.223529,35.000000,0.674847
0.062500,0.346757,1.261905,29.297436,1.616667,16.000000,0.557895
0.062500,1.000000,2.075472,22.406589,2.223529,35.000000,0.674847
0.062500,0.506656,1.936170,28.813704,1.960606,45.000000,0.659420
0.100000,1.000000,2.181818,28.637789,1.686275,18.000000,0.685714
0.052632,0.483517,1.733333,29.122273,1.695906,19.000000,0.634146
0.052632,1.000000,2.075472,22.406589,2.223529,35.000000,0.674847
0.111111,0.000000,2.076923,29.591513,1.636364,12.000000,0.675000
0.111111,0.788178,1.583333,26.666667,1.472222,9.000000,0.612903
0.062500,0.346757,1.261905,29.297436,1.616667,16.000000,0.557895
0.062500,1.000000,2.075472,22.406589,2.223529,35.000000,0.674847
0.040000,0.055978,1.439560,27.500000,1.922222,36.000000,0.590090
0.040000,0.425298,1.396226,29.210325,1.970000,25.000000,0.582677
0.052632,0.483517,1.733333,29.122273,1.695906,19.000000,0.634146
0.052632,1.000000,2.075472,22.406589,2.223529,35.000000,0.674847
0.040000,0.055978,1.439560,27.500000,1.922222,36.000000,0.590090
0.040000,0.425298,1.396226,29.210325,1.970000,25.000000,0.582677
0.040000,0.055978,1.439560,27.500000,1.922222,36.000000,0.590090
0.040000,0.425298,1.396226,29.210325,1.970000,25.000000,0.582677
0.037037,0.540493,1.454545,26.278912,1.811966,27.000000,0.592593
0.037037,0.031295,3.125000,28.818639,1.669312,28.000000,0.757576
0.250000,0.518417,3.500000,30.000000,1.696970,12.000000,0.777778
0.250000,0.113391,3.500000,30.000000,1.696970,12.000000,0.777778
0.125000,0.084872,1.175676,30.000000,1.840456,27.000000,0.540373
0.125000,0.471149,1.588235,29.274306,1.715789,20.000000,0.613636
0.125000,0.084872,1.175676,30.000000,1.840456,27.000000,0.540373
0.125000,0.084872,1.175676,30.000000,1.840456,27.000000,0.540373
0.125000,0.084872,1.175676,30.000000,1.840456,27.000000,0.540373
0.125000,0.084872,1.175676,30.000000,1.840456,27.000000,0.540373
0.125000,0.266043,2.142857,30.000000,1.464286,8.000000,0.681818
0.090909,0.175136,2.583333,27.862804,1.704762,15.000000,0.720930
0.200000,0.593460,1.578947,29.657104,2.036508,36.000000,0.612245
0.083333,0.381202,3.000000,28.041361,1.727273,12.000000,0.750000
0.200000,0.127556,1.738462,27.959606,2.156831,61.000000,0.634831
0.040000,0.127556,1.738462,27.959606,2.156831,61.000000,0.634831
0.040000,0.409484,2.861111,29.651385,1.656667,25.000000,0.741007
0.040000,0.409484,2.861111,29.651385,1.656667,25.000000,0.741007
0.040000,0.324138,1.738462,27.959606,2.156831,61.000000,0.634831
0.200000,0.324138,1.738462,27.959606,2.156831,61.000000,0.634831
0.111111,0.127556,1.738462,27.959606,2.156831,61.000000,0.634831
0.111111,0.550690,1.714286,30.000000,1.345455,11.000000,0.631579
0.111111,0.550690,1.714286,30.000000,1.345455,11.000000,0.631579
0.111111,0.324138,1.738462,27.959606,2.156831,61.000000,0.634831
0.035714,0.224168,2.701299,30.000000,1.974694,50.000000,0.729825
0.035714,0.585834,1.681818,21.466126,2.095238,28.000000,0.627119
0.052632,0.684113,1.681818,30.000000,2.153846,66.000000,0.627119
0.052632,0.034951,1.807692,24.202269,1.923977,19.000000,0.643836
0.200000,0.450467,2.028169,28.470826,1.838057,39.000000,0.669767
0.052632,0.709075,1.962963,30.000000,1.807018,19.000000,0.662500
0.052632,0.967136,1.976471,28.720431,2.152482,48.000000,0.664032
0.034483,0.331283,1.575758,29.083140,1.899015,29.000000,0.611765
0.034483,0.967136,1.976471,28.720431,2.152482,48.000000,0.664032
0.058824,0.808857,1.661972,25.141512,2.010511,37.000000,0.624339
0.058824,1.000000,3.461538,29.666602,1.735294,17.000000,0.775862
0.166667,0.541397,2.043011,30.000000,2.052245,50.000000,0.671378
0.062500,0.967136,1.976471,28.720431,2.152482,48.000000,0.664032
0.062500,0.019326,1.520000,27.036090,1.699605,23.000000,0.603175
0.090909,1.000000,2.083333,30.000000,1.600000,11.000000,0.675676
0.052632,0.709075,1.962963,30.000000,1.807018,19.000000,0.662500
0.052632,0.967136,1.976471,28.720431,2.152482,48.000000,0.664032
0.166667,0.796218,2.043011,30.000000,2.052245,50.000000,0.671378
0.055556,0.761312,1.692810,30.000000,2.153846,66.000000,0.628641
0.055556,0.097845,1.406250,19.960375,1.816993,18.000000,0.584416
0.142857,0.018697,1.846154,27.452273,1.563636,11.000000,0.648649
0.142857,0.828857,1.545455,23.299006,1.742857,15.000000,0.607143
0.052632,0.709075,1.962963,30.000000,1.807018,19.000000,0.662500
0.052632,0.967136,1.976471,28.720431,2.152482,48.000000,0.664032
0.058824,1.000000,2.130435,30.000000,1.807018,19.000000,0.680556
0.058824,0.967136,1.976471,28.720431,2.152482,48.000000,0.664032
0.071429,0.967136,1.976471,28.720431,2.152482,48.000000,0.664032
0.052632,0.684113,1.681818,30.000000,2.153846,66.000000,0.627119
0.052632,0.034951,1.807692,24.202269,1.923977,19.000000,0.643836
0.040000,0.547824,2.305556,28.800000,1.830000,25.000000,0.697479
0.071429,0.458574,1.906250,21.428280,1.901587,36.000000,0.655914
0.055556,0.261966,1.787879,28.554909,1.699346,18.000000,0.641304
0.055556,0.427790,1.546875,9.070573,1.772414,30.000000,0.607362
0.025000,0.967136,1.976471,28.720431,2.152482,48.000000,0.664032
0.025000,0.120269,2.813559,29.136594,1.889744,40.000000,0.737778
0.055556,0.761312,1.692810,30.000000,2.153846,66.000000,0.628641
0.055556,0.097845,1.406250,19.960375,1.816993,18.000000,0.584416
0.166667,0.967136,1.976471,28.720431,2.152482,48.000000,0.664032
0.166667,0.230189,2.800000,26.358430,1.066667,6.000000,0.736842
0.090909,0.719060,2.083333,30.000000,1.600000,11.000000,0.675676
0.071429,0.816382,2.000000,29.408367,1.707602,19.000000,0.666667
0.071429,0.808857,1.661972,25.141512,2.010511,37.000000,0.624339
0.090909,1.000000,2.083333,30.000000,1.600000,11.000000,0.675676
0.047619,0.323484,3.195122,28.627636,1.677340,29.000000,0.761628
0.071429,0.019280,2.384615,29.702424,1.758242,14.000000,0.704545
0.250000,0.212195,4.000000,30.000000,1.333333,4.000000,0.800000
0.047619,0.028670,1.632653,29.858104,1.928205,40.000000,0.620155
0.038462,0.564144,1.392857,28.730791,1.978462,26.000000,0.582090
0.038462,0.221073,1.566265,29.710541,1.981982,37.000000,0.610329
0.166667,1.000000,1.800000,30.000000,1.400000,6.000000,0.642857
0.166667,0.564144,1.392857,28.730791,1.978462,26.000000,0.582090
0.250000,0.004219,1.437500,29.909315,1.618182,11.000000,0.589744
0.111111,1.000000,2.151515,28.912161,1.744589,22.000000,0.682692
0.166667,0.099535,2.000000,27.440060,1.333333,6.000000,0.666667
0.166667,1.000000,2.151515,28.172002,1.744589,22.000000,0.682692
0.142857,0.102317,3.789474,27.692308,2.024615,26.000000,0.791209
0.142857,0.102317,3.789474,27.692308,2.024615,26.000000,0.791209
0.111111,0.082114,3.723404,27.914521,2.097959,50.000000,0.788288
0.100000,0.090408,1.942308,29.513970,1.826638,44.000000,0.660131
0.100000,0.487720,1.625000,27.000000,1.444444,10.000000,0.619048
0.066667,0.328357,1.555556,29.924734,1.786765,17.000000,0.608696
0.250000,0.064683,1.857143,30.000000,1.666667,13.000000,0.650000
0.066667,0.069256,3.933333,30.000000,2.039526,23.000000,0.797297
0.066667,0.599371,2.400000,27.781521,2.454955,37.000000,0.705882
0.066667,0.069256,3.933333,30.000000,2.039526,23.000000,0.797297
0.066667,0.599371,2.400000,27.781521,2.454955,37.000000,0.705882
0.066667,0.069256,3.933333,30.000000,2.039526,23.000000,0.797297
0.066667,0.599371,2.400000,27.781521,2.454955,37.000000,0.705882
0.066667,0.069256,3.933333,30.000000,2.039526,23.000000,0.797297
0.066667,0.599371,2.400000,27.781521,2.454955,37.000000,0.705882
0.111111,0.572406,1.523810,28.932325,1.515152,12.000000,0.603774
0.166667,0.572406,1.523810,28.932325,1.515152,12.000000,0.603774
0.111111,0.572406,1.523810,28.932325,1.515152,12.000000,0.603774
0.111111,0.572406,1.523810,28.932325,1.515152,12.000000,0.603774
0.111111,0.572406,1.523810,28.932325,1.515152,12.000000,0.603774
0.111111,0.790771,1.571429,6.353231,1.388889,9.000000,0.611111
0.200000,0.349090,2.833333,25.500579,1.583333,9.000000,0.739130
0.200000,0.754146,3.000000,28.974278,1.100000,5.000000,0.750000
0.062500,0.142870,1.818182,27.686947,1.725000,16.000000,0.645161
0.062500,0.635986,1.658228,27.135223,1.853832,34.000000,0.623810
0.125000,0.576950,1.742857,17.508598,1.857143,22.000000,0.635417
0.250000,0.000000,4.000000,21.988743,1.333333,4.000000,0.800000
0.111111,0.514589,1.500000,6.329729,1.527778,9.000000,0.600000
0.111111,0.251570,3.111111,28.789914,1.717949,27.000000,0.756757
0.090909,0.365590,1.388889,29.958679,1.600000,11.000000,0.581395
0.090909,0.119745,1.540984,22.795719,1.732194,27.000000,0.606452
0.071429,0.177580,1.537879,29.224892,1.825610,41.000000,0.605970
0.076923,0.200066,2.085714,25.208205,1.941538,26.000000,0.675926
0.076923,0.505107,2.302326,29.406870,1.993952,32.000000,0.697183
0.076923,0.505107,2.302326,29.406870,1.993952,32.000000,0.697183
0.076923,0.505107,2.302326,29.406870,1.993952,32.000000,0.697183
0.071429,0.418311,1.818966,29.532151,1.825253,45.000000,0.645260
0.142857,0.448322,1.880000,27.009101,1.923977,19.000000,0.652778
0.055556,0.000000,1.916667,30.000000,1.869281,18.000000,0.657143
0.055556,0.000000,1.916667,30.000000,1.869281,18.000000,0.657143
0.111111,0.125041,2.107143,29.474450,1.794737,20.000000,0.678161
0.111111,0.125041,2.107143,29.474450,1.794737,20.000000,0.678161
0.076923,0.867835,3.111111,29.879407,1.794872,13.000000,0.756757
0.111111,0.125041,2.107143,29.474450,1.794737,20.000000,0.678161
0.142857,0.999999,1.857143,30.000000,1.380952,7.000000,0.650000
0.111111,0.096964,2.258065,29.579024,2.036005,42.000000,0.693069
0.111111,0.105453,1.553398,30.000000,1.928205,40.000000,0.608365
0.071429,0.021533,3.000000,27.785286,1.604396,14.000000,0.750000
0.050000,0.693518,1.756522,30.000000,1.826638,44.000000,0.637224
0.076923,0.061410,1.439024,30.000000,1.824597,32.000000,0.590000
0.076923,0.061410,1.439024,30.000000,1.824597,32.000000,0.590000
0.076923,0.061410,1.439024,30.000000,1.824597,32.000000,0.590000
0.076923,0.061410,1.439024,30.000000,1.824597,32.000000,0.590000
0.041667,0.656285,3.482759,29.571600,1.763333,25.000000,0.776923
0.076923,0.061410,1.439024,30.000000,1.824597,32.000000,0.590000
0.200000,0.004184,3.000000,30.000000,1.400000,5.000000,0.750000
0.142857,1.000000,1.760870,27.300682,2.000000,30.000000,0.637795
0.055556,0.092867,1.875000,27.248893,1.810458,18.000000,0.652174
0.055556,0.064209,2.780000,29.188783,1.701075,31.000000,0.735450
0.076923,0.005988,2.333333,30.000000,1.782051,13.000000,0.700000
0.076923,0.004785,2.333333,30.000000,1.782051,13.000000,0.700000
0.166667,0.463050,1.571429,24.838709,1.838095,15.000000,0.611111
0.166667,0.192053,1.500000,28.394140,1.476190,7.000000,0.600000
0.200000,0.600000,7.000000,24.207049,1.300000,5.000000,0.875000
0.076923,0.000000,2.333333,30.000000,1.782051,13.000000,0.700000
0.125000,0.219499,2.333333,28.929286,1.983193,35.000000,0.700000
0.055556,0.000000,1.529412,30.000000,1.914286,21.000000,0.604651
0.125000,0.308243,2.157895,27.778680,1.700000,16.000000,0.683333
0.105263,0.310214,1.652174,29.344069,1.638095,15.000000,0.622951
0.066667,0.633403,1.902174,29.083338,1.966173,44.000000,0.655431
0.055556,0.000000,1.529412,30.000000,1.914286,21.000000,0.604651
0.055556,0.000000,1.529412,30.000000,1.914286,21.000000,0.604651
0.142857,0.016807,2.466667,28.472450,1.816667,16.000000,0.711538
0.250000,0.144211,2.000000,26.620525,1.466667,6.000000,0.666667
0.142857,1.000000,2.375000,29.471606,1.577778,10.000000,0.703704
0.058824,0.199526,2.500000,30.000000,1.838235,17.000000,0.714286
0.058824,0.304656,3.735849,28.800812,2.079826,53.000000,0.788845
0.058824,0.199526,2.500000,30.000000,1.838235,17.000000,0.714286
0.058824,0.304656,3.735849,28.800812,2.079826,53.000000,0.788845
0.250000,0.320433,2.071429,28.196908,1.782609,23.000000,0.674419
0.032258,0.288460,1.741935,27.492552,1.890323,31.000000,0.635294
0.032258,1.000000,1.683333,28.128388,2.376894,33.000000,0.627329
0.083333,0.486330,1.423077,27.558049,1.454545,12.000000,0.587302
0.083333,0.251394,4.000000,29.135306,1.538462,13.000000,0.800000
0.142857,0.237993,1.750000,29.177941,2.350000,40.000000,0.636364
0.142857,0.237993,1.750000,29.177941,2.350000,40.000000,0.636364
0.100000,0.369843,2.029851,30.000000,2.285917,38.000000,0.669951
0.100000,0.369843,2.029851,30.000000,2.285917,38.000000,0.669951
0.111111,0.000000,2.363636,28.628415,1.277778,9.000000,0.702703
0.076923,1.000000,1.722222,6.469309,1.602564,13.000000,0.632653
0.076923,0.021222,1.811765,29.107416,1.870588,35.000000,0.644351
0.111111,0.761168,1.348315,29.415189,2.036508,36.000000,0.574163
0.166667,0.403370,3.470588,28.717751,1.725146,19.000000,0.776316
0.066667,0.972371,2.000000,29.223906,1.800000,30.000000,0.666667
0.066667,0.561010,1.232558,29.611720,1.852632,20.000000,0.552083
0.066667,0.419036,1.209302,28.827072,1.824561,19.000000,0.547368
0.066667,1.000000,1.631579,18.655312,1.741667,16.000000,0.620000
0.250000,0.456658,1.875000,30.000000,1.500000,8.000000,0.652174
0.052632,0.995574,1.817460,29.336964,1.947695,48.000000,0.645070
0.052632,0.568707,1.538462,27.460888,1.730994,19.000000,0.606061
0.250000,0.456658,1.875000,30.000000,1.500000,8.000000,0.652174
0.052632,0.298332,3.195122,28.627636,1.677340,29.000000,0.761628
0.052632,0.568707,1.538462,27.460888,1.730994,19.000000,0.606061
0.083333,0.049650,2.567568,27.797846,1.760000,26.000000,0.719697
0.083333,0.729119,1.333333,28.241586,1.772727,12.000000,0.571429
0.111111,0.263748,2.633333,29.242031,2.018519,28.000000,0.724771
0.052632,0.237195,3.095238,27.029136,1.789855,24.000000,0.755814
0.052632,0.475156,4.636364,30.000000,1.847953,19.000000,0.822581
0.111111,0.263748,2.633333,29.242031,2.018519,28.000000,0.724771
0.055556,0.764665,5.555556,30.000000,1.803922,18.000000,0.847458
0.055556,0.237195,3.095238,26.049131,1.789855,24.000000,0.755814
0.055556,0.764665,5.555556,30.000000,1.803922,18.000000,0.847458
0.055556,0.237195,3.095238,26.049131,1.789855,24.000000,0.755814
0.111111,0.263748,2.633333,29.242031,2.018519,28.000000,0.724771
0.100000,1.000000,1.909091,22.803253,1.533333,10.000000,0.656250
0.100000,0.267206,2.312500,29.358210,1.723810,15.000000,0.698113
0.250000,0.079155,1.892857,29.900808,2.015099,42.000000,0.654321
0.166667,0.568876,2.541667,28.832292,1.778986,24.000000,0.717647
0.111111,0.424807,2.078947,30.000000,1.722944,22.000000,0.675214
0.250000,0.730376,5.500000,30.000000,1.266667,6.000000,0.846154
0.100000,1.000000,1.800000,25.612974,1.873684,20.000000,0.642857
0.100000,0.479170,2.100000,29.392222,1.533333,10.000000,0.677419
0.055556,0.544603,1.561404,29.457474,1.973790,32.000000,0.609589
0.055556,0.686101,1.235294,28.938332,1.823810,21.000000,0.552632
0.100000,0.851309,1.636364,29.623694,1.666667,10.000000,0.620690
0.100000,0.743318,1.470588,13.595140,1.982759,29.000000,0.595238
0.142857,0.210529,1.709677,29.298576,2.009009,37.000000,0.630952
0.142857,0.584652,1.605634,29.281410,2.012146,39.000000,0.616216
0.200000,0.244272,1.672414,28.068775,2.006723,35.000000,0.625806
0.125000,0.658993,1.526316,30.000000,1.923645,29.000000,0.604167
0.100000,0.028163,1.571429,28.875898,1.511111,10.000000,0.611111
0.055556,0.544603,1.561404,29.457474,1.973790,32.000000,0.609589
0.055556,0.686101,1.235294,28.938332,1.823810,21.000000,0.552632
0.125000,0.659028,1.558824,30.000000,2.009009,37.000000,0.609195
0.125000,0.903037,1.666667,22.500208,1.464286,8.000000,0.625000
0.090909,0.090826,1.492754,23.947761,1.827586,30.000000,0.598837
0.090909,1.000000,1.388889,30.000000,1.600000,11.000000,0.581395
0.076923,0.118975,2.071429,21.706148,1.858974,13.000000,0.674419
0.076923,0.118975,2.071429,21.706148,1.858974,13.000000,0.674419
0.071429,1.000000,1.742857,30.000000,1.707602,19.000000,0.635417
0.071429,0.775066,1.742857,30.000000,1.707602,19.000000,0.635417
0.125000,0.443513,4.250000,29.909675,1.392857,8.000000,0.809524
0.125000,0.224022,1.565217,16.597082,1.604396,14.000000,0.610169
0.200000,0.891393,2.333333,28.049034,1.300000,5.000000,0.700000
0.200000,1.000000,1.516129,28.272322,1.641667,16.000000,0.602564
0.041667,0.061231,2.800000,29.575323,1.644928,24.000000,0.736842
0.041667,1.000000,1.723214,28.993127,1.925668,42.000000,0.632787
0.083333,1.000000,1.524823,28.651343,1.834994,43.000000,0.603933
0.066667,1.000000,1.649485,28.863806,1.885714,36.000000,0.622568
0.066667,1.000000,1.583333,25.104687,1.714286,15.000000,0.612903
0.055556,0.306132,2.911392,29.188093,1.972424,53.000000,0.744337
0.055556,0.035614,1.692308,27.634427,1.836601,18.000000,0.628571
0.111111,0.612347,1.266667,26.459823,1.781818,11.000000,0.558824
0.166667,0.535695,1.795918,27.730623,2.169892,31.000000,0.642336
0.166667,0.535695,1.795918,27.730623,2.169892,31.000000,0.642336
0.166667,0.535695,1.795918,27.730623,2.169892,31.000000,0.642336
0.111111,0.227273,2.285714,29.239001,1.725490,18.000000,0.695652
0.083333,0.645424,1.923077,30.000000,2.145833,33.000000,0.657895
0.083333,0.645424,1.923077,30.000000,2.145833,33.000000,0.657895
0.083333,0.645424,1.923077,30.000000,2.145833,33.000000,0.657895
0.111111,0.223811,1.860465,30.000000,2.089947,28.000000,0.650407
0.111111,0.223811,1.860465,30.000000,2.089947,28.000000,0.650407
0.111111,0.223811,1.860465,30.000000,2.089947,28.000000,0.650407
0.111111,0.002610,2.490196,29.536424,1.990043,38.000000,0.713483
0.076923,1.000000,1.812500,30.000000,1.628205,13.000000,0.644444
0.142857,0.613108,1.819820,29.913366,1.826638,44.000000,0.645367
0.166667,0.551753,1.375000,29.621611,1.819048,15.000000,0.578947
0.200000,0.357494,1.423077,27.131467,1.970000,25.000000,0.587302
0.250000,0.415349,2.500000,30.000000,1.676190,15.000000,0.714286
0.200000,1.000000,4.000000,26.096013,1.200000,5.000000,0.800000
0.050000,0.685603,2.302326,26.313792,2.277311,35.000000,0.697183
0.040000,1.000000,3.351351,30.000000,1.764550,28.000000,0.770186
0.111111,0.824814,2.428571,21.355951,1.583333,9.000000,0.708333
0.111111,0.000100,2.062500,29.742007,1.761905,22.000000,0.673469
0.083333,0.617494,1.966102,28.752817,1.987421,54.000000,0.662857
0.142857,0.074216,1.545455,29.872048,1.755556,10.000000,0.607143
0.142857,1.000000,1.642857,28.603669,1.618182,11.000000,0.621622
0.083333,0.030826,1.285714,28.040527,1.828571,15.000000,0.562500
0.083333,0.366818,2.333333,28.371259,1.826316,20.000000,0.700000
0.166667,1.000000,2.333333,28.385427,1.533333,6.000000,0.700000
0.125000,0.012766,2.833333,30.000000,1.428571,8.000000,0.739130
0.125000,0.012766,2.833333,30.000000,1.428571,8.000000,0.739130
0.125000,0.012766,2.833333,30.000000,1.428571,8.000000,0.739130
0.125000,0.012766,2.833333,30.000000,1.428571,8.000000,0.739130
0.125000,0.672967,3.400000,28.850593,1.392857,8.000000,0.772727
0.166667,1.000000,1.800000,30.000000,1.868132,14.000000,0.642857
0.166667,0.006341,1.800000,30.000000,1.868132,14.000000,0.642857
0.071429,0.541781,1.424242,27.061003,1.771242,18.000000,0.587500
0.166667,0.377371,4.500000,30.000000,1.400000,6.000000,0.818182
0.166667,0.697069,1.680851,27.569443,2.031339,27.000000,0.626984
0.166667,1.000000,1.800000,30.000000,1.868132,14.000000,0.642857
0.125000,0.395706,2.500000,27.615826,1.835165,14.000000,0.714286
0.250000,0.001600,1.583333,26.165009,1.781818,11.000000,0.612903
0.076923,0.269228,1.777778,30.000000,1.653846,13.000000,0.640000
0.076923,0.692929,2.302326,26.313792,2.277311,35.000000,0.697183
0.200000,0.731114,2.625000,22.000898,1.781818,11.000000,0.724138
0.076923,0.269228,1.777778,30.000000,1.653846,13.000000,0.640000
0.076923,0.171305,2.302326,26.313792,2.277311,35.000000,0.697183
0.083333,0.547776,1.064516,28.158662,1.752381,21.000000,0.515625
0.083333,0.294326,2.333333,29.527013,1.378788,12.000000,0.700000
0.090909,0.624473,2.187500,27.272727,1.381818,11.000000,0.686275
0.090909,0.346832,2.527273,27.703607,1.896825,36.000000,0.716495
0.083333,0.645315,2.100000,30.000000,1.378788,12.000000,0.677419
0.083333,0.157131,1.666667,22.933464,1.950769,26.000000,0.625000
0.083333,0.547776,1.064516,28.158662,1.752381,21.000000,0.515625
0.083333,0.294326,2.333333,29.527013,1.378788,12.000000,0.700000
0.083333,0.547776,1.064516,28.158662,1.752381,21.000000,0.515625
0.083333,0.294326,2.333333,29.527013,1.378788,12.000000,0.700000
0.083333,0.294326,2.333333,29.527013,1.378788,12.000000,0.700000
0.083333,0.547776,1.064516,28.158662,1.752381,21.000000,0.515625
0.083333,0.547776,1.064516,28.158662,1.752381,21.000000,0.515625
0.083333,0.294326,2.333333,29.527013,1.378788,12.000000,0.700000
0.040000,0.195867,1.591398,30.000000,1.840841,37.000000,0.614108
0.040000,0.195867,1.591398,30.000000,1.840841,37.000000,0.614108
0.111111,0.008696,2.333333,25.291486,1.444444,9.000000,0.700000
0.040000,0.195867,1.591398,30.000000,1.840841,37.000000,0.614108
0.040000,0.195867,1.591398,30.000000,1.840841,37.000000,0.614108
0.040000,0.195867,1.591398,30.000000,1.840841,37.000000,0.614108
0.250000,1.000000,1.388889,30.000000,1.600000,11.000000,0.581395
0.111111,0.136504,1.875000,26.666667,1.694444,9.000000,0.652174
0.111111,0.233197,2.546667,28.631725,1.856950,39.000000,0.718045
0.111111,0.136504,1.875000,26.666667,1.694444,9.000000,0.652174
0.111111,0.176449,2.437500,27.490795,1.960784,18.000000,0.709091
0.055556,0.225690,2.107143,28.429703,1.757835,27.000000,0.678161
0.055556,0.872824,1.720000,30.000000,1.810458,18.000000,0.632353
0.111111,0.136504,1.875000,26.666667,1.694444,9.000000,0.652174
0.111111,0.079617,2.318182,28.474575,1.917339,32.000000,0.698630
0.090909,0.256096,2.428571,30.000000,1.530303,12.000000,0.708333
0.090909,1.000000,3.172414,26.263213,1.880342,27.000000,0.760331
0.090909,1.000000,3.172414,26.263213,1.880342,27.000000,0.760331
0.090909,0.256096,2.428571,30.000000,1.530303,12.000000,0.708333
0.083333,0.269648,1.553191,29.168295,1.783550,22.000000,0.608333
0.083333,0.269648,1.553191,29.168295,1.783550,22.000000,0.608333
0.035714,0.755648,2.750000,29.167118,1.696552,30.000000,0.733333
0.083333,0.269648,1.553191,29.168295,1.783550,22.000000,0.608333
0.111111,0.579580,1.846154,30.000000,1.333333,9.000000,0.648649
0.083333,0.269648,1.553191,29.168295,1.783550,22.000000,0.608333
0.090909,1.000000,1.617647,22.966257,1.844203,24.000000,0.617978
0.090909,0.008621,3.714286,23.942735,1.636364,11.000000,0.787879
0.083333,0.240712,2.470588,30.000000,1.716667,16.000000,0.711864
0.083333,0.976305,7.000000,28.117913,1.515152,12.000000,0.875000
0.125000,0.537168,1.805556,29.553750,1.764493,24.000000,0.643564
0.125000,0.927591,5.333333,26.250000,1.500000,8.000000,0.842105
0.062500,0.396603,3.655172,29.092585,2.055258,34.000000,0.785185
0.062500,0.354461,1.480000,26.922560,1.708333,16.000000,0.596774
0.142857,0.654153,1.000000,25.929590,1.900433,22.000000,0.500000
0.142857,0.654153,1.000000,25.929590,1.900433,22.000000,0.500000
0.142857,0.654153,1.000000,25.929590,1.900433,22.000000,0.500000
0.125000,0.755288,2.833333,28.594925,1.428571,8.000000,0.739130
0.200000,0.102065,1.534884,27.488924,1.780952,21.000000,0.605505
0.200000,0.004292,2.000000,30.000000,1.200000,5.000000,0.666667
0.047619,0.004292,1.855422,26.278410,1.890469,38.000000,0.649789
0.047619,0.102065,1.534884,27.488924,1.780952,21.000000,0.605505
0.111111,0.101468,1.071429,27.407567,1.722222,9.000000,0.517241
0.111111,0.053682,2.178082,29.282071,2.036715,46.000000,0.685345
0.045455,0.039635,2.837838,28.711224,1.812834,34.000000,0.739437
0.045455,1.000000,1.512821,16.541176,1.796537,22.000000,0.602041
0.200000,0.012987,2.000000,30.000000,1.200000,5.000000,0.666667
0.200000,1.000000,1.512821,16.541176,1.796537,22.000000,0.602041
0.142857,0.676372,1.644444,22.820567,2.095238,28.000000,0.621849
0.142857,1.000000,2.400000,23.490986,1.476190,7.000000,0.705882
0.040000,0.505853,2.948718,29.116523,1.972424,53.000000,0.746753
0.040000,0.851958,1.897436,25.822243,2.095238,28.000000,0.654867
0.142857,0.537566,1.416667,30.000000,1.755556,10.000000,0.586207
0.100000,0.235932,2.935484,29.386591,1.843305,27.000000,0.745902
0.062500,0.000000,2.209459,28.713487,1.998601,66.000000,0.688421
0.062500,1.000000,1.346154,15.026698,1.866667,16.000000,0.573770
0.100000,0.235932,2.935484,29.386591,1.843305,27.000000,0.745902
0.100000,0.235932,2.935484,29.386591,1.843305,27.000000,0.745902
0.142857,1.000000,3.583333,25.575061,2.403409,33.000000,0.781818
0.066667,1.000000,1.787234,28.418694,2.034392,28.000000,0.641221
0.066667,0.346416,0.975610,25.791337,1.742857,15.000000,0.493827
0.043478,0.004219,1.032258,27.954929,1.885375,23.000000,0.507937
0.043478,1.000000,1.855422,27.025423,1.890469,38.000000,0.649789
0.125000,0.012789,2.513158,29.226112,1.856950,39.000000,0.715356
0.043478,0.004219,1.032258,27.954929,1.885375,23.000000,0.507937
0.043478,1.000000,1.855422,27.025423,1.890469,38.000000,0.649789
0.142857,0.274112,2.200000,25.714286,1.571429,7.000000,0.687500
0.142857,1.000000,2.725490,29.637386,1.701075,31.000000,0.731579
0.043478,0.004219,1.032258,27.954929,1.885375,23.000000,0.507937
0.043478,1.000000,1.855422,27.025423,1.890469,38.000000,0.649789
0.111111,0.018815,2.097902,28.233693,2.011905,64.000000,0.677201
0.111111,0.959115,2.100000,30.000000,1.416667,9.000000,0.677419
0.040000,1.000000,2.500000,29.925242,1.906404,29.000000,0.714286
0.040000,0.059736,2.000000,27.097343,1.846561,28.000000,0.666667
0.100000,0.772021,2.300000,28.527435,1.488889,10.000000,0.696970
0.100000,0.317850,2.000000,27.430911,1.488889,10.000000,0.666667
0.200000,0.763416,2.500000,29.459717,1.760000,26.000000,0.714286
0.100000,1.000000,2.428571,29.235000,1.714286,14.000000,0.708333
0.100000,0.035872,1.562500,27.000000,1.444444,10.000000,0.609756
0.083333,0.946853,2.909091,24.073385,1.515152,12.000000,0.744186
0.083333,0.792451,2.214286,28.780415,1.791209,14.000000,0.688889
0.043478,0.104526,2.093750,29.562707,2.036923,26.000000,0.676768
0.100000,0.450299,2.442308,30.000000,1.990043,38.000000,0.709497
0.100000,0.560425,2.304348,29.658419,1.725146,19.000000,0.697368
0.052632,0.341599,3.000000,29.786876,1.976285,23.000000,0.750000
0.052632,0.602806,1.807692,24.202269,1.923977,19.000000,0.643836
0.133333,1.000000,1.517241,28.368860,1.856209,18.000000,0.602740
0.200000,1.000000,2.000000,30.000000,1.200000,5.000000,0.666667
0.200000,0.168839,1.545455,26.797980,1.818182,22.000000,0.607143
0.045455,0.168839,1.545455,26.797980,1.818182,22.000000,0.607143
0.111111,0.006665,2.083333,28.524200,2.011905,64.000000,0.675676
0.125000,0.261261,1.521739,27.372260,1.222222,10.000000,0.603448
0.142857,0.013130,1.653846,25.102252,1.830065,18.000000,0.623188
0.166667,1.000000,3.000000,30.000000,1.400000,6.000000,0.750000
0.166667,0.071867,1.900000,29.369351,1.500000,9.000000,0.655172
0.142857,0.843046,1.240000,29.120556,1.800000,15.000000,0.553571
0.142857,1.000000,2.000000,30.000000,1.428571,7.000000,0.666667
0.066667,0.843046,1.240000,29.120556,1.800000,15.000000,0.553571
0.066667,0.008333,2.000000,28.957700,1.608333,16.000000,0.666667
0.055556,0.300815,2.074074,29.691985,1.950758,33.000000,0.674699
0.055556,0.546142,2.150000,21.666668,1.908497,18.000000,0.682540
0.166667,0.199253,1.666667,26.082723,1.333333,6.000000,0.625000
0.166667,0.369642,1.722222,28.310262,1.530303,12.000000,0.632653
0.166667,0.606875,1.684211,28.066116,1.747253,14.000000,0.627451
0.125000,1.000000,1.619048,30.000000,1.484848,12.000000,0.618182
0.125000,1.000000,1.641026,28.317305,1.865613,23.000000,0.621359
0.100000,0.053430,1.458333,24.556934,1.736264,14.000000,0.593220
0.062500,0.913933,1.220000,30.000000,1.810526,20.000000,0.549550
0.062500,1.000000,1.892857,29.739621,1.558333,16.000000,0.654321
0.071429,0.832959,1.550000,23.403633,1.659341,14.000000,0.607843
0.071429,1.000000,2.882353,29.356323,1.644928,24.000000,0.742424
0.040000,0.000000,1.258621,28.182298,1.896667,25.000000,0.557252
0.040000,0.771466,1.823529,26.755315,1.909582,39.000000,0.645833
0.045455,0.771466,1.823529,27.632297,1.909582,39.000000,0.645833
0.040000,0.000000,1.258621,28.182298,1.896667,25.000000,0.557252
0.040000,0.771466,1.823529,26.755315,1.909582,39.000000,0.645833
0.040000,0.000000,1.258621,28.182298,1.896667,25.000000,0.557252
0.040000,0.771466,1.823529,26.755315,1.909582,39.000000,0.645833
0.058824,0.334639,2.661972,29.529851,1.929293,45.000000,0.726923
0.058824,1.000000,2.710526,29.277505,1.656667,25.000000,0.730496
0.142857,0.843060,1.800000,30.000000,1.666667,7.000000,0.642857
0.200000,1.000000,1.285714,30.000000,1.820513,13.000000,0.562500
0.166667,1.000000,1.350000,30.000000,1.820513,13.000000,0.574468
0.062500,0.249128,4.461538,28.078149,1.828571,21.000000,0.816901
0.090909,0.609256,3.714286,28.808901,1.636364,11.000000,0.787879
0.090909,0.437374,1.621622,19.403563,1.840000,25.000000,0.618557
0.100000,0.876766,1.909091,30.000000,1.622222,10.000000,0.656250
0.100000,0.847753,2.500000,30.000000,1.654545,11.000000,0.714286
0.076923,0.971564,3.111111,30.000000,1.794872,13.000000,0.756757
0.125000,0.461985,1.578947,20.183512,1.840000,25.000000,0.612245
0.100000,0.876766,1.909091,30.000000,1.622222,10.000000,0.656250
0.100000,0.847753,2.500000,30.000000,1.654545,11.000000,0.714286
0.040000,0.437796,2.208333,29.567078,1.899194,32.000000,0.688312
0.071429,0.011922,2.428571,27.938253,1.725275,14.000000,0.708333
0.071429,1.000000,2.302326,26.313792,2.277311,35.000000,0.697183
0.043478,0.086216,1.813953,29.333385,1.826087,23.000000,0.644628
0.052632,0.136909,1.470588,27.526836,1.818713,19.000000,0.595238
0.052632,0.014249,3.380952,28.799814,1.954997,59.000000,0.771739
0.125000,1.000000,3.200000,28.499464,1.583333,9.000000,0.761905
0.040000,0.376809,2.285714,29.641868,1.879487,40.000000,0.695652
0.125000,1.000000,1.518987,29.894114,2.036508,36.000000,0.603015
0.040000,0.235524,2.069767,29.407041,1.851852,27.000000,0.674242
0.066667,0.085430,2.666667,29.018290,1.647619,15.000000,0.727273
0.066667,0.136909,1.470588,27.526836,1.818713,19.000000,0.595238
0.200000,0.029787,1.750000,26.883480,1.300000,5.000000,0.636364
0.043478,0.086216,1.813953,29.333385,1.826087,23.000000,0.644628
0.071429,0.011922,2.428571,27.938253,1.725275,14.000000,0.708333
0.071429,0.904996,2.302326,26.313792,2.277311,35.000000,0.697183
0.250000,1.000000,4.000000,30.000000,1.333333,4.000000,0.800000
0.090909,0.157889,2.012346,29.774711,2.028793,43.000000,0.668033
0.055556,0.708720,2.545455,29.118398,1.778656,23.000000,0.717949
0.041667,0.185907,3.100000,28.655443,1.800000,31.000000,0.756098
0.166667,0.419124,3.000000,30.000000,1.400000,6.000000,0.750000
0.166667,1.000000,3.000000,30.000000,1.400000,6.000000,0.750000
0.200000,0.764781,2.333333,28.228903,1.500000,8.000000,0.700000
0.200000,0.764781,2.333333,28.228903,1.500000,8.000000,0.700000
0.090909,0.175855,1.916667,30.000000,1.654545,11.000000,0.657143
0.090909,0.175855,1.916667,30.000000,1.654545,11.000000,0.657143
0.090909,0.175855,1.916667,30.000000,1.654545,11.000000,0.657143
0.090909,0.175855,1.916667,30.000000,1.654545,11.000000,0.657143
0.111111,1.000000,1.600000,29.803074,1.865613,23.000000,0.615385
0.083333,0.825596,1.037037,25.016981,1.651515,12.000000,0.509091
0.083333,0.347375,2.315789,30.000000,1.435897,13.000000,0.698413
0.083333,0.825596,1.037037,25.016981,1.651515,12.000000,0.509091
0.083333,0.347375,2.315789,30.000000,1.435897,13.000000,0.698413
0.033333,1.000000,2.305556,29.373978,2.055172,30.000000,0.697479
0.142857,0.063618,2.763158,29.153623,1.812834,34.000000,0.734266
0.083333,1.000000,1.684211,30.000000,1.575758,12.000000,0.627451
0.111111,0.574712,1.641026,28.317305,1.865613,23.000000,0.621359
0.111111,1.000000,2.333333,30.000000,1.416667,9.000000,0.700000
0.076923,1.000000,2.380952,27.360058,2.223810,21.000000,0.704225
0.076923,0.524767,1.940678,26.454695,1.973149,53.000000,0.659942
0.041667,0.072018,2.143791,29.600455,2.006784,67.000000,0.681913
0.041667,1.000000,2.280000,26.367058,2.365942,24.000000,0.695122
0.076923,1.000000,2.380952,24.819054,2.223810,21.000000,0.704225
0.076923,0.814001,1.827586,29.824894,1.616667,16.000000,0.646341
0.050000,0.021823,1.763158,27.562625,1.731579,20.000000,0.638095
0.050000,1.000000,2.280000,26.367058,2.365942,24.000000,0.695122
0.200000,0.004149,2.000000,30.000000,1.695238,21.000000,0.666667
0.200000,1.000000,3.500000,30.000000,1.300000,5.000000,0.777778
0.058824,0.004149,1.093023,26.389020,1.779412,17.000000,0.522222
0.058824,0.104581,1.947368,26.945368,1.937632,44.000000,0.660714
0.033333,0.104581,1.947368,26.945368,1.937632,44.000000,0.660714
0.033333,0.061730,2.063830,29.023748,2.036782,30.000000,0.673611
0.033333,0.104581,1.947368,26.945368,1.937632,44.000000,0.660714
0.033333,0.061730,2.063830,29.023748,2.036782,30.000000,0.673611
0.058824,0.104581,1.947368,26.945368,1.937632,44.000000,0.660714
0.058824,0.004149,1.093023,26.389020,1.779412,17.000000,0.522222
0.058824,0.104581,1.947368,26.945368,1.937632,44.000000,0.660714
0.058824,0.004149,1.093023,26.389020,1.779412,17.000000,0.522222
0.058824,0.104581,1.947368,26.945368,1.937632,44.000000,0.660714
0.058824,0.004149,1.093023,26.389020,1.779412,17.000000,0.522222
0.033333,0.104581,1.947368,26.945368,1.937632,44.000000,0.660714
0.033333,0.061730,2.063830,29.023748,2.036782,30.000000,0.673611
0.058824,0.004149,1.093023,26.389020,1.779412,17.000000,0.522222
0.058824,0.104581,1.947368,26.945368,1.937632,44.000000,0.660714
0.033333,0.104581,1.947368,26.945368,1.937632,44.000000,0.660714
0.033333,0.061730,2.063830,29.023748,2.036782,30.000000,0.673611
0.033333,0.104581,1.947368,26.945368,1.937632,44.000000,0.660714
0.033333,0.061730,2.063830,29.023748,2.036782,30.000000,0.673611
0.200000,0.776758,2.040000,28.351471,1.750000,17.000000,0.671053
0.076923,0.464760,1.450980,28.967096,1.818182,23.000000,0.592000
0.076923,0.464760,1.450980,28.967096,1.818182,23.000000,0.592000
0.076923,0.464760,1.450980,28.967096,1.818182,23.000000,0.592000
0.076923,0.464760,1.450980,28.967096,1.818182,23.000000,0.592000
0.142857,0.279550,2.208333,28.732973,1.928030,33.000000,0.688312
0.066667,0.230619,2.265152,27.401191,2.000512,63.000000,0.693735
0.250000,0.437920,2.318182,28.623815,1.795322,19.000000,0.698630
0.062500,1.000000,1.575758,29.619133,1.914286,21.000000,0.611765
0.062500,0.295342,3.115385,28.798558,1.785714,28.000000,0.757009
0.062500,1.000000,1.575758,29.619133,1.914286,21.000000,0.611765
0.062500,0.295342,3.115385,28.798558,1.785714,28.000000,0.757009
0.062500,0.295342,3.115385,28.798558,1.785714,28.000000,0.757009
0.062500,1.000000,1.575758,29.619133,1.914286,21.000000,0.611765
0.111111,0.632473,2.166667,28.307578,1.947692,26.000000,0.684211
0.142857,0.623548,1.085714,25.789009,1.637363,14.000000,0.520548
0.125000,1.000000,1.416667,30.000000,1.755556,10.000000,0.586207
0.071429,1.000000,1.750000,26.274156,1.779412,17.000000,0.636364
0.071429,0.008333,3.400000,26.083313,1.791209,14.000000,0.772727
0.166667,0.071847,1.812500,29.226935,1.748918,22.000000,0.644444
0.083333,0.745239,1.853659,29.447389,1.852050,34.000000,0.649573
0.111111,1.000000,1.750000,30.000000,1.416667,9.000000,0.636364
0.111111,0.680345,1.256410,29.313657,2.000000,21.000000,0.556818
0.200000,0.535773,1.444444,30.000000,1.914286,21.000000,0.590909
0.250000,0.681947,5.000000,30.000000,1.000000,5.000000,0.833333
0.090909,0.306654,1.758621,30.000000,1.732026,18.000000,0.637500
0.090909,1.000000,1.869565,19.535965,1.683333,16.000000,0.651515
0.111111,1.000000,1.750000,30.000000,1.416667,9.000000,0.636364
0.111111,0.680345,1.256410,29.313657,2.000000,21.000000,0.556818
0.200000,0.535773,1.444444,30.000000,1.914286,21.000000,0.590909
0.083333,0.162617,2.423729,29.094831,1.986585,41.000000,0.707921
0.083333,0.957128,1.553191,6.496464,1.877493,27.000000,0.608333
0.250000,0.584242,5.500000,29.972404,1.476190,7.000000,0.846154
0.200000,0.535773,1.444444,30.000000,1.914286,21.000000,0.590909
0.090909,0.022064,2.222222,17.423720,1.690909,11.000000,0.689655
0.090909,0.227696,1.481481,20.378816,1.593407,14.000000,0.597015
0.250000,0.004115,2.300000,30.000000,1.618182,11.000000,0.696970
0.100000,0.742563,1.400000,28.671561,1.736264,14.000000,0.583333
0.050000,0.463082,2.227273,24.573510,1.957895,20.000000,0.690141
0.050000,0.728440,2.307692,29.945136,1.948307,34.000000,0.697674
0.200000,1.000000,1.750000,24.000000,1.300000,5.000000,0.636364
0.100000,1.000000,3.363636,30.000000,1.904412,17.000000,0.770833
0.100000,1.000000,3.363636,30.000000,1.904412,17.000000,0.770833
0.055556,0.280415,2.068182,29.044040,1.878307,28.000000,0.674074
0.050000,0.180328,1.642857,26.687147,1.940711,23.000000,0.621622
0.142857,1.000000,1.833333,27.028713,1.476190,7.000000,0.647059
0.050000,0.320743,2.212121,29.833034,2.051797,44.000000,0.688679
0.050000,0.180328,1.642857,26.687147,1.940711,23.000000,0.621622
0.052632,1.000000,1.527778,23.096628,1.830409,19.000000,0.604396
0.052632,0.687944,1.965116,29.498860,1.873874,37.000000,0.662745
0.222222,1.000000,1.527778,23.096628,1.830409,19.000000,0.604396
0.142857,0.418124,1.777778,30.000000,1.238095,7.000000,0.640000
0.142857,0.061709,2.500000,29.271940,1.806154,26.000000,0.714286
0.066667,0.902014,2.000000,20.259223,1.885714,15.000000,0.666667
0.066667,0.443436,1.454545,28.237433,1.947368,20.000000,0.592593
0.045455,0.175032,1.847458,28.085642,2.005348,34.000000,0.648810
0.066667,0.902014,2.000000,20.259223,1.885714,15.000000,0.666667
0.066667,0.443436,1.454545,28.237433,1.947368,20.000000,0.592593
0.066667,0.961837,2.785714,26.788819,1.960784,18.000000,0.735849
0.066667,0.913365,2.000000,20.259223,1.885714,15.000000,0.666667
0.125000,0.881382,2.727273,27.756967,1.758242,14.000000,0.731707
0.125000,1.000000,1.857143,25.464969,1.535714,8.000000,0.650000
0.083333,0.957644,3.636364,29.500467,1.947712,18.000000,0.784314
0.047619,0.782343,1.472222,24.305020,1.857143,21.000000,0.595506
0.047619,0.040438,1.229508,30.000000,1.920000,26.000000,0.551471
0.200000,0.249011,1.466667,30.000000,1.836601,18.000000,0.594595
0.125000,0.198577,1.617647,25.083162,1.871429,21.000000,0.617978
0.125000,0.007937,2.000000,26.345501,1.285714,8.000000,0.666667
0.050000,0.782343,1.472222,24.305020,1.857143,21.000000,0.595506
0.050000,0.266793,3.750000,28.320606,1.794737,20.000000,0.789474
0.200000,0.440922,1.531250,29.639443,1.745098,18.000000,0.604938
0.200000,0.024194,2.000000,30.000000,1.000000,5.000000,0.666667
0.047619,0.782343,1.472222,24.305020,1.857143,21.000000,0.595506
0.047619,0.040438,1.229508,30.000000,1.920000,26.000000,0.551471
0.047619,0.782343,1.472222,24.305020,1.857143,21.000000,0.595506
0.047619,0.040438,1.229508,30.000000,1.920000,26.000000,0.551471
0.066667,0.110043,1.952381,30.000000,1.647619,15.000000,0.661290
0.066667,1.000000,1.186047,24.607596,1.973684,20.000000,0.542553
0.111111,0.087418,2.140127,29.457992,2.008341,68.000000,0.681542
0.125000,0.007937,2.000000,26.345501,1.285714,8.000000,0.666667
0.125000,0.198577,1.617647,25.083162,1.871429,21.000000,0.617978
0.125000,0.007937,2.000000,26.345501,1.285714,8.000000,0.666667
0.125000,0.198577,1.617647,25.083162,1.871429,21.000000,0.617978
0.125000,0.485945,1.842105,29.756953,1.941667,16.000000,0.648148
0.200000,1.000000,1.764706,26.942732,1.835165,14.000000,0.638298
0.166667,0.638199,1.814815,29.531906,2.009756,41.000000,0.644737
0.071429,0.011952,1.850000,28.061050,1.615385,14.000000,0.649123
0.071429,0.424828,1.695652,29.791337,1.685714,15.000000,0.629032
0.100000,0.489108,1.842105,29.916108,1.941667,16.000000,0.648148
0.100000,0.361642,1.625000,20.911067,1.422222,10.000000,0.619048
0.029412,0.066364,2.153846,29.500395,1.985740,34.000000,0.682927
0.029412,0.122182,3.432432,28.915987,2.081421,61.000000,0.774390
0.090909,1.000000,1.400000,7.965401,1.716667,16.000000,0.583333
0.090909,0.003984,3.000000,29.588246,1.345455,11.000000,0.750000
0.040000,0.658541,1.395833,24.526389,1.913333,25.000000,0.582609
0.040000,0.588397,1.875000,29.972208,1.769231,26.000000,0.652174
0.040000,0.424794,2.403846,28.607384,1.900000,36.000000,0.706215
0.040000,0.658541,1.395833,24.526389,1.913333,25.000000,0.582609
0.125000,1.000000,1.857143,25.464969,1.535714,8.000000,0.650000
0.090909,0.003633,1.418919,20.462527,2.120635,36.000000,0.586592
0.090909,0.166444,3.125000,26.827105,1.636364,11.000000,0.757576
0.076923,0.375789,4.500000,27.563234,1.925000,16.000000,0.818182
0.076923,0.500503,2.048780,29.961633,1.855385,26.000000,0.672000
0.142857,0.854022,2.000000,18.711244,1.527273,11.000000,0.666667
0.043478,0.528077,2.150000,28.962037,1.840456,27.000000,0.682540
0.043478,0.880083,1.675000,28.543856,1.735178,23.000000,0.626168
0.166667,0.729093,3.900000,29.639443,2.019608,18.000000,0.795918
0.166667,0.003984,3.500000,25.792695,1.533333,6.000000,0.777778
0.071429,0.608013,2.100000,28.664592,2.013793,30.000000,0.677419
0.047619,0.627484,2.255814,28.706025,1.985887,32.000000,0.692857
0.047619,0.627484,2.255814,28.913022,1.985887,32.000000,0.692857
0.047619,0.049050,3.480769,28.923687,2.759091,56.000000,0.776824
0.047619,0.627484,2.255814,28.913022,1.985887,32.000000,0.692857
0.047619,0.931244,3.480769,28.923687,2.759091,56.000000,0.776824
0.142857,0.040987,1.271186,29.394943,1.920000,26.000000,0.559701
0.142857,0.040987,1.271186,29.394943,1.920000,26.000000,0.559701
0.142857,0.040987,1.271186,29.394943,1.920000,26.000000,0.559701
0.166667,0.679808,2.250000,27.950131,1.908333,16.000000,0.692308
0.250000,1.000000,4.000000,30.000000,1.333333,4.000000,0.800000
0.250000,1.000000,4.000000,30.000000,1.333333,9.000000,0.800000
0.040000,0.128750,2.242424,27.732546,2.063063,75.000000,0.691589
0.040000,0.272705,1.584906,30.000000,1.866667,25.000000,0.613139
0.040000,0.128750,2.242424,27.732546,2.063063,75.000000,0.691589
0.040000,0.272705,1.584906,30.000000,1.866667,25.000000,0.613139
0.111111,0.992499,1.863636,29.461998,2.092687,49.000000,0.650794
0.111111,0.219512,1.266667,21.253757,1.527778,9.000000,0.558824
0.125000,0.565877,2.456140,27.918334,2.036005,42.000000,0.710660
0.043478,0.513830,1.395833,24.526389,1.913333,25.000000,0.582609
0.043478,0.847966,2.050633,29.772128,2.045328,47.000000,0.672199
0.166667,1.000000,1.760870,27.300682,2.000000,30.000000,0.637795
0.166667,0.435384,4.333333,26.082723,1.133333,6.000000,0.812500
0.250000,0.976670,1.411765,29.303863,1.833333,13.000000,0.585366
0.142857,0.226439,1.458333,28.247940,1.808333,16.000000,0.593220
0.100000,1.000000,1.263158,25.427990,1.511111,10.000000,0.558140
0.100000,0.444252,1.757576,30.000000,1.748918,22.000000,0.637363
0.200000,0.432719,5.666667,30.000000,1.190476,7.000000,0.850000
0.200000,0.303962,1.718750,28.319812,1.952381,21.000000,0.632184
0.133333,0.271876,1.666667,28.959733,1.952381,21.000000,0.625000
0.111111,0.230357,2.444444,30.000000,1.672727,11.000000,0.709677
0.062500,0.226439,1.458333,28.247940,1.808333,16.000000,0.593220
0.062500,0.028535,2.000000,29.455289,1.608333,16.000000,0.666667
0.250000,0.221170,1.422222,29.719104,1.968379,23.000000,0.587156
0.142857,0.273719,2.500000,29.791337,1.723810,15.000000,0.714286
0.142857,0.273719,2.500000,29.791337,1.723810,15.000000,0.714286
0.166667,0.127958,1.750000,29.996330,1.941667,16.000000,0.636364
0.166667,0.717428,3.909091,28.708871,2.040936,19.000000,0.796296
0.166667,0.067225,2.450000,29.541688,1.742647,17.000000,0.710145
0.050000,0.319780,1.717949,29.871686,1.731579,20.000000,0.632075
0.050000,0.026158,2.321429,26.646514,2.366154,26.000000,0.698925
0.050000,0.319780,1.717949,29.871686,1.731579,20.000000,0.632075
0.050000,0.028413,2.321429,26.646514,2.366154,26.000000,0.698925
0.071429,0.093173,1.717949,28.526643,1.731579,20.000000,0.632075
0.250000,0.363799,2.076923,21.279781,1.794872,13.000000,0.675000
0.250000,1.000000,2.076923,21.279781,1.794872,13.000000,0.675000
0.200000,0.966016,1.662338,29.214301,1.849462,31.000000,0.624390
0.083333,1.000000,2.600000,25.000001,1.681818,12.000000,0.722222
0.083333,0.838687,3.600000,30.000000,2.386809,34.000000,0.782609
0.083333,1.000000,2.600000,25.000001,1.681818,12.000000,0.722222
0.083333,0.945596,3.600000,30.000000,2.386809,34.000000,0.782609
0.083333,0.838687,3.600000,30.000000,2.386809,34.000000,0.782609
0.083333,1.000000,2.600000,25.000001,1.681818,12.000000,0.722222
0.083333,0.838687,3.600000,30.000000,2.386809,34.000000,0.782609
0.083333,1.000000,2.600000,25.000001,1.681818,12.000000,0.722222
0.066667,0.090202,1.933333,29.195975,1.987421,54.000000,0.659091
0.166667,0.544830,2.116129,29.137061,2.006784,67.000000,0.679089
0.166667,0.518656,2.500000,30.000000,1.333333,6.000000,0.714286
0.125000,0.360357,1.756522,30.000000,1.826638,44.000000,0.637224
0.052632,0.325854,2.111111,29.033181,2.026915,70.000000,0.678571
0.052632,1.000000,1.075000,15.588331,1.941520,19.000000,0.518072
0.052632,0.585375,2.194631,29.078214,1.998601,66.000000,0.686975
0.043478,0.642514,2.265152,27.401191,2.000512,63.000000,0.693735
0.021739,0.538277,2.143791,29.600455,2.006784,67.000000,0.681913
0.021739,0.424554,1.891304,29.042918,2.049275,46.000000,0.654135
0.166667,0.683499,2.263889,30.000000,2.028793,43.000000,0.693617
0.142857,0.060262,1.714286,27.595560,1.890323,31.000000,0.631579
0.071429,0.755809,1.442623,24.151696,1.702899,24.000000,0.590604
0.076923,0.212430,2.321429,26.646514,2.366154,26.000000,0.698925
0.076923,0.607898,2.242424,28.040821,2.063063,75.000000,0.691589
0.166667,0.219672,1.559322,28.888889,1.940171,27.000000,0.609272
0.166667,0.012146,5.500000,28.775580,1.266667,6.000000,0.846154
0.076923,0.592489,2.153846,29.399288,2.008341,68.000000,0.682927
0.142857,0.093070,2.321429,26.646514,2.366154,26.000000,0.698925
0.076923,0.607898,2.242424,28.040821,2.063063,75.000000,0.691589
0.076923,0.093070,2.321429,26.646514,2.366154,26.000000,0.698925
0.142857,0.212430,2.321429,26.646514,2.366154,26.000000,0.698925
0.166667,0.012146,5.500000,28.775580,1.266667,6.000000,0.846154
0.166667,0.219672,1.559322,28.888889,1.940171,27.000000,0.609272
0.100000,0.009472,1.818182,30.000000,1.555556,10.000000,0.645161
0.100000,0.004115,2.486957,28.795901,2.055219,55.000000,0.713217
0.181818,0.181189,2.750000,26.731561,1.214286,8.000000,0.733333
0.181818,0.671264,1.032258,27.954929,1.885375,23.000000,0.507937
0.181818,0.671264,1.032258,27.954929,1.885375,23.000000,0.507937
0.181818,0.181189,2.750000,26.731561,1.214286,8.000000,0.733333
0.125000,0.461918,1.869565,30.000000,1.718954,18.000000,0.651515
0.125000,1.000000,1.625000,30.000000,1.535714,8.000000,0.619048
0.181818,0.671264,1.032258,27.954929,1.885375,23.000000,0.507937
0.181818,0.181189,2.750000,26.731561,1.214286,8.000000,0.733333
0.250000,1.000000,3.000000,30.000000,1.000000,4.000000,0.750000
0.100000,0.023280,2.652778,30.000000,2.030142,48.000000,0.726236
0.071429,0.907115,1.902439,30.000000,1.837838,38.000000,0.655462
0.071429,0.907115,1.902439,30.000000,1.837838,38.000000,0.655462
0.076923,0.125967,1.580000,27.790360,1.870370,28.000000,0.612403
0.076923,0.530157,3.833333,17.035111,1.858974,13.000000,0.793103
0.076923,0.159700,2.000000,30.000000,1.695238,21.000000,0.666667
0.071429,0.907115,1.902439,30.000000,1.837838,38.000000,0.655462
0.076923,0.100004,2.777778,27.687621,2.055219,55.000000,0.735294
0.071429,0.000000,1.867925,24.453277,1.830049,29.000000,0.651316
0.047619,0.141469,1.324176,24.877117,2.073224,61.000000,0.569740
0.047619,0.197366,2.000000,30.000000,1.695238,21.000000,0.666667
0.071429,0.907115,1.902439,30.000000,1.837838,38.000000,0.655462
0.071429,0.907115,1.902439,30.000000,1.837838,38.000000,0.655462
0.062500,0.004082,1.314286,30.000000,1.700000,16.000000,0.567901
0.062500,0.108638,2.039604,27.810691,1.961879,48.000000,0.671010
0.031250,0.108638,2.039604,27.810691,1.961879,48.000000,0.671010
0.031250,0.004082,2.020408,29.153926,2.104839,32.000000,0.668919
0.031250,0.108638,2.039604,27.810691,1.961879,48.000000,0.671010
0.031250,0.004082,2.020408,29.153926,2.104839,32.000000,0.668919
0.062500,0.004082,1.314286,30.000000,1.700000,16.000000,0.567901
0.062500,0.108638,2.039604,27.810691,1.961879,48.000000,0.671010
0.142857,0.130880,2.000000,28.070860,1.476190,7.000000,0.666667
0.142857,0.529931,1.750000,22.249931,1.818713,19.000000,0.636364
0.062500,0.004082,1.314286,30.000000,1.700000,16.000000,0.567901
0.062500,0.108638,2.039604,27.810691,1.961879,48.000000,0.671010
0.062500,0.004082,1.314286,30.000000,1.700000,16.000000,0.567901
0.062500,0.108638,2.039604,27.810691,1.961879,48.000000,0.671010
0.031250,0.108638,2.039604,27.810691,1.961879,48.000000,0.671010
0.031250,0.004082,2.020408,29.153926,2.104839,32.000000,0.668919
0.062500,0.004082,1.314286,30.000000,1.700000,16.000000,0.567901
0.062500,0.108638,2.039604,27.810691,1.961879,48.000000,0.671010
0.031250,0.004082,2.020408,29.153926,2.104839,32.000000,0.668919
0.031250,0.108638,2.039604,27.810691,1.961879,48.000000,0.671010
0.031250,0.108638,2.039604,27.810691,1.961879,48.000000,0.671010
0.031250,0.004082,2.020408,29.153926,2.104839,32.000000,0.668919
0.250000,0.655013,1.500000,29.781258,2.002646,28.000000,0.600000
0.250000,0.655013,1.500000,29.781258,2.002646,28.000000,0.600000
0.076923,0.924197,1.632653,18.973762,1.986207,30.000000,0.620155
0.043478,1.000000,1.488372,28.032581,1.869565,23.000000,0.598131
0.043478,0.000000,1.687500,29.160516,1.769231,27.000000,0.627907
0.043478,1.000000,1.488372,28.032581,1.869565,23.000000,0.598131
0.043478,0.017698,2.946429,28.389589,2.092754,46.000000,0.746606
0.125000,0.545030,2.000000,30.000000,1.571429,8.000000,0.666667
0.125000,0.008130,2.000000,26.731561,1.500000,8.000000,0.666667
0.125000,0.734663,1.520000,28.235294,1.808824,17.000000,0.603175
0.058824,0.388060,1.866667,29.487331,1.610294,17.000000,0.651163
0.058824,0.734663,1.520000,28.235294,1.808824,17.000000,0.603175
0.111111,0.117459,1.533333,30.000000,1.361111,9.000000,0.605263
0.111111,0.078636,2.465517,29.119436,2.055219,55.000000,0.711443
0.090909,0.821440,1.923077,27.272727,1.600000,11.000000,0.657895
0.090909,0.513760,2.307692,30.000000,1.948307,34.000000,0.697674
0.038462,0.081311,2.777778,27.804521,2.055219,55.000000,0.735294
0.040000,0.597909,1.584906,30.000000,1.866667,25.000000,0.613139
0.040000,0.597909,1.584906,30.000000,1.866667,25.000000,0.613139
0.076923,0.761499,1.586207,28.409800,1.650000,16.000000,0.613333
0.076923,0.025389,1.846154,26.981152,1.743590,13.000000,0.648649
0.038462,0.361879,1.959184,29.790421,1.874384,29.000000,0.662069
0.250000,0.322401,1.557692,28.645999,1.886700,29.000000,0.609023
0.038462,0.296276,2.518519,29.040178,1.911807,38.000000,0.715789
0.090909,0.835228,1.857143,26.623934,1.833333,13.000000,0.650000
0.090909,0.314035,1.328125,29.797475,1.877493,27.000000,0.570470
0.035714,0.291728,2.218182,27.992545,2.033033,37.000000,0.689266
0.035714,0.290993,1.580000,28.050958,1.870370,28.000000,0.612403
0.066667,0.992611,2.318182,29.766579,2.119048,21.000000,0.698630
0.066667,0.597128,1.400000,29.195506,1.704762,15.000000,0.583333
0.071429,0.258281,1.685714,28.880863,1.684211,19.000000,0.627660
0.071429,0.026820,1.035714,30.000000,1.813187,14.000000,0.508772
0.071429,0.258281,1.685714,28.880863,1.684211,19.000000,0.627660
0.071429,0.026820,1.035714,30.000000,1.813187,14.000000,0.508772
0.111111,0.405950,2.000000,30.000000,1.638889,9.000000,0.666667
0.111111,0.008264,1.583333,24.960128,1.622222,10.000000,0.612903
0.111111,0.008264,1.583333,24.960128,1.622222,10.000000,0.612903
0.111111,1.000000,2.000000,30.000000,1.638889,9.000000,0.666667
0.166667,0.349177,2.500000,30.000000,1.855914,31.000000,0.714286
0.166667,0.349177,2.500000,30.000000,1.855914,31.000000,0.714286
0.166667,0.349177,2.500000,30.000000,1.855914,31.000000,0.714286
0.083333,0.618014,1.527273,30.000000,1.866667,25.000000,0.604317
0.083333,0.718929,1.565217,30.000000,1.454545,12.000000,0.610169
0.111111,0.454546,3.166667,29.083612,1.472222,9.000000,0.760000
0.111111,0.341584,1.703704,28.899882,1.842105,19.000000,0.630137
0.083333,0.618014,1.527273,30.000000,1.866667,25.000000,0.604317
0.083333,0.718929,1.565217,30.000000,1.454545,12.000000,0.610169
0.125000,0.315560,1.652174,29.206121,1.638095,15.000000,0.622951
0.125000,0.965968,1.062500,30.000000,1.428571,8.000000,0.515152
0.076923,0.463166,1.875000,28.061437,1.809524,21.000000,0.652174
0.200000,0.627534,1.608696,30.000000,1.833333,16.000000,0.616667
0.071429,1.000000,3.840000,30.000000,2.417460,36.000000,0.793388
0.047619,0.463166,1.875000,28.061437,1.809524,21.000000,0.652174
0.047619,0.164884,1.971429,27.406455,1.940711,23.000000,0.663462
0.047619,0.164884,1.971429,27.406455,1.940711,23.000000,0.663462
0.047619,0.463166,1.875000,28.061437,1.809524,21.000000,0.652174
0.071429,1.000000,3.840000,30.000000,2.417460,36.000000,0.793388
0.071429,0.775693,3.840000,30.000000,2.417460,36.000000,0.793388
0.071429,1.000000,3.840000,30.000000,2.417460,36.000000,0.793388
0.100000,0.126232,2.890000,29.293765,2.044156,56.000000,0.742931
0.100000,0.828710,1.902439,30.000000,1.837838,38.000000,0.655462
0.100000,0.828710,1.902439,30.000000,1.837838,38.000000,0.655462
0.100000,0.509309,2.232877,30.000000,2.028793,43.000000,0.690678
0.100000,0.828710,1.902439,30.000000,1.837838,38.000000,0.655462
0.100000,0.828710,1.902439,30.000000,1.837838,38.000000,0.655462
0.100000,0.828710,1.902439,30.000000,1.837838,38.000000,0.655462
0.142857,0.032316,5.333333,30.000000,1.855914,31.000000,0.842105
0.142857,0.700114,2.210526,30.000000,1.830882,17.000000,0.688525
0.142857,0.032316,5.333333,30.000000,1.855914,31.000000,0.842105
0.166667,0.180638,2.935484,30.000000,1.843305,27.000000,0.745902
0.166667,0.180638,2.935484,30.000000,1.843305,27.000000,0.745902
0.166667,0.180638,2.935484,30.000000,1.843305,27.000000,0.745902
0.142857,0.032316,5.333333,30.000000,1.855914,31.000000,0.842105
0.250000,0.300626,1.565217,26.468472,1.775000,16.000000,0.610169
0.090909,1.000000,1.642857,17.171627,1.616667,16.000000,0.621622
0.111111,0.871510,2.142857,26.666974,1.583333,9.000000,0.681818
0.111111,0.324695,1.809524,30.000000,1.977941,17.000000,0.644068
0.090909,1.000000,1.853659,29.883262,1.942029,24.000000,0.649573
0.055556,0.248688,2.259259,29.763507,1.778986,24.000000,0.693182
0.055556,1.000000,1.793103,29.788227,1.823529,18.000000,0.641975
0.066667,1.000000,2.063830,27.633618,2.036782,30.000000,0.673611
0.066667,0.254254,0.930233,27.039587,1.742857,15.000000,0.481928
0.125000,1.000000,1.680851,27.981749,2.028490,27.000000,0.626984
0.032258,1.000000,2.130435,29.997668,2.070968,31.000000,0.680556
0.032258,0.021713,3.511628,29.360030,2.099366,44.000000,0.778351
0.041667,0.316956,3.068966,23.989512,2.068817,31.000000,0.754237
0.041667,1.000000,1.853659,28.990572,1.942029,24.000000,0.649573
0.125000,0.000000,2.000000,29.026087,1.500000,8.000000,0.666667
0.125000,0.521588,1.481481,27.795142,1.856209,18.000000,0.597015
0.111111,1.000000,2.238095,27.006137,1.842105,19.000000,0.691176
0.055556,0.521588,1.481481,27.878041,1.856209,18.000000,0.597015
0.055556,0.000000,1.729730,27.839500,1.689474,20.000000,0.633663
0.166667,1.000000,2.250000,30.000000,1.400000,6.000000,0.692308
0.166667,0.021549,2.408163,29.268260,1.822823,37.000000,0.706587
0.076923,0.383206,1.875000,30.000000,1.705128,13.000000,0.652174
0.076923,0.383206,1.875000,30.000000,1.705128,13.000000,0.652174
0.076923,0.383206,1.875000,30.000000,1.705128,13.000000,0.652174
0.076923,0.383206,1.875000,30.000000,1.705128,13.000000,0.652174
0.166667,1.000000,2.000000,29.278889,1.611111,9.000000,0.666667
0.166667,0.010148,2.370370,29.502523,1.936937,37.000000,0.703297
0.111111,1.000000,2.000000,28.628420,1.611111,9.000000,0.666667
0.052632,0.079837,1.431818,23.577515,1.779221,22.000000,0.588785
0.052632,0.002232,2.096154,29.295439,2.141141,37.000000,0.677019
0.200000,1.000000,1.400000,29.240277,1.571429,8.000000,0.583333
0.111111,0.120008,1.750000,8.386101,1.444444,9.000000,0.636364
0.071429,0.508742,1.568627,26.924845,1.986207,30.000000,0.610687
0.250000,0.391116,1.945946,30.000000,1.971014,24.000000,0.660550
0.033333,0.290298,1.425414,29.520743,2.059908,63.000000,0.587699
0.033333,0.976017,1.632653,18.973762,1.986207,30.000000,0.620155
0.200000,0.935499,1.750000,30.000000,1.300000,5.000000,0.636364
0.200000,0.008621,2.000000,30.000000,1.285714,8.000000,0.666667
0.250000,0.391116,1.945946,30.000000,1.971014,24.000000,0.660550
0.100000,0.856959,1.961538,28.866696,1.900000,20.000000,0.662338
0.111111,1.000000,2.227273,30.000000,1.803922,18.000000,0.690141
0.111111,0.361995,1.683333,28.128388,2.376894,33.000000,0.627329
0.100000,0.932774,4.285714,27.857143,2.186813,14.000000,0.810811
0.100000,0.860506,2.171429,29.795757,1.840580,24.000000,0.684685
0.285714,0.831727,1.666667,30.000000,1.622222,10.000000,0.625000
0.285714,0.831727,1.666667,30.000000,1.622222,10.000000,0.625000
0.100000,0.932774,4.285714,27.857143,2.186813,14.000000,0.810811
0.100000,0.860506,2.171429,29.795757,1.840580,24.000000,0.684685
0.111111,1.000000,2.227273,30.000000,1.803922,18.000000,0.690141
0.111111,0.361995,1.683333,28.128388,2.376894,33.000000,0.627329
0.111111,1.000000,2.227273,30.000000,1.803922,18.000000,0.690141
0.111111,0.361995,1.683333,28.128388,2.376894,33.000000,0.627329
0.200000,0.210705,1.500000,24.453020,1.748538,19.000000,0.600000
0.200000,0.210705,1.500000,24.453020,1.748538,19.000000,0.600000
0.200000,0.210705,1.500000,24.453020,1.748538,19.000000,0.600000
0.076923,0.104972,3.400000,27.136904,1.602564,13.000000,0.772727
0.125000,0.099033,1.529915,29.662102,1.965657,45.000000,0.604730
0.083333,0.787301,3.000000,26.517861,1.681818,12.000000,0.750000
0.043478,0.193909,1.270833,24.999098,1.913043,23.000000,0.559633
0.043478,0.071862,3.385417,29.688334,1.927803,63.000000,0.771971
0.083333,0.179487,1.809524,21.804972,1.582418,14.000000,0.644068
0.200000,0.193909,1.270833,24.999098,1.913043,23.000000,0.559633
0.083333,0.295884,3.947368,29.697593,1.822134,23.000000,0.797872
0.058824,0.193909,1.270833,24.999098,1.913043,23.000000,0.559633
0.058824,0.034401,2.611111,30.000000,1.698529,17.000000,0.723077
0.071429,1.000000,1.222222,11.714554,1.692308,14.000000,0.550000
0.071429,0.718080,1.821429,29.587626,1.831579,20.000000,0.645570
0.071429,0.476526,2.173913,29.271813,1.859770,30.000000,0.684932
0.071429,1.000000,1.222222,11.714554,1.692308,14.000000,0.550000
0.090909,0.541660,1.349515,21.234565,2.076655,42.000000,0.574380
0.090909,0.004367,3.666667,29.484015,1.600000,11.000000,0.785714
0.034483,0.031187,2.112903,26.906251,2.136585,41.000000,0.678756
0.034483,0.054155,1.472727,29.955878,1.886700,29.000000,0.595588
0.076923,0.596179,1.615385,22.236902,1.487179,13.000000,0.617647
0.076923,0.151993,2.103448,29.644613,2.033033,37.000000,0.677778
0.083333,0.558296,1.437500,25.554287,1.757576,12.000000,0.589744
0.083333,0.000000,1.575758,29.609955,1.904762,28.000000,0.611765
0.100000,0.303571,1.500000,23.382694,1.545455,12.000000,0.600000
0.100000,0.772507,1.384615,20.441010,1.711111,10.000000,0.580645
0.076923,1.000000,1.159091,25.962980,1.973684,20.000000,0.536842
0.090909,0.067322,3.385417,29.647413,1.927803,63.000000,0.771971
0.166667,1.000000,1.600000,20.390835,1.563636,11.000000,0.615385
0.090909,0.025641,3.833333,27.969772,1.651515,12.000000,0.793103
0.037037,0.004405,3.078652,29.973536,2.101923,65.000000,0.754821
0.037037,0.004405,2.666667,28.793773,1.825641,40.000000,0.727273
0.166667,0.249978,1.533333,30.000000,1.830065,18.000000,0.605263
0.100000,0.008403,1.600000,29.080475,1.466667,10.000000,0.615385
0.166667,1.000000,1.225000,30.000000,2.000000,21.000000,0.550562
0.166667,1.000000,1.225000,30.000000,2.000000,21.000000,0.550562
0.166667,0.975731,2.200000,29.119543,1.266667,6.000000,0.687500
0.166667,1.000000,1.600000,27.822707,1.593407,14.000000,0.615385
0.142857,0.452962,5.083333,28.614549,2.051383,23.000000,0.835616
0.142857,0.671784,5.000000,29.504769,1.523810,7.000000,0.833333
0.125000,0.639109,1.700000,26.118830,1.428571,8.000000,0.629630
0.111111,0.214533,2.111111,22.740780,1.850000,16.000000,0.678571
0.076923,0.543913,1.606061,13.743720,1.783626,19.000000,0.616279
0.090909,0.136167,2.400000,28.673702,1.563636,11.000000,0.705882
0.052632,1.000000,3.578947,28.147939,2.095122,41.000000,0.781609
0.052632,1.000000,2.500000,17.400902,1.953216,19.000000,0.714286
0.052632,0.066225,3.511628,29.360030,2.099366,44.000000,0.778351
0.052632,1.000000,2.000000,27.136018,1.953216,19.000000,0.666667
0.083333,0.121408,1.354839,29.834556,1.704762,15.000000,0.575342
0.043478,0.899298,1.682927,27.391304,1.810277,23.000000,0.627273
0.043478,0.004219,1.521739,28.126600,1.798419,23.000000,0.603448
0.043478,0.899298,1.682927,27.391304,1.810277,23.000000,0.627273
0.043478,0.004219,1.521739,28.126600,1.798419,23.000000,0.603448
0.043478,0.004219,1.521739,28.126600,1.798419,23.000000,0.603448
0.043478,0.899298,1.682927,27.391304,1.810277,23.000000,0.627273
0.043478,0.004219,1.521739,28.126600,1.798419,23.000000,0.603448
0.043478,0.899298,1.682927,27.391304,1.810277,23.000000,0.627273
0.043478,0.899298,1.682927,27.391304,1.810277,23.000000,0.627273
0.043478,0.004219,1.521739,28.126600,1.798419,23.000000,0.603448
0.043478,0.004219,1.521739,28.126600,1.798419,23.000000,0.603448
0.043478,0.899298,1.682927,27.391304,1.810277,23.000000,0.627273
0.111111,0.080131,2.030303,30.000000,1.731579,20.000000,0.670000
0.111111,0.770739,1.800000,26.666667,1.527778,9.000000,0.642857
0.250000,0.064032,1.307692,22.553430,1.660819,19.000000,0.566667
0.250000,1.000000,2.166667,30.000000,1.380952,7.000000,0.684211
0.111111,1.000000,1.611111,30.000000,1.782609,23.000000,0.617021
0.166667,1.000000,1.585366,16.954084,1.854701,27.000000,0.613208
0.166667,1.000000,2.200000,30.000000,1.266667,6.000000,0.687500
0.090909,0.566797,3.666667,27.863303,1.709091,11.000000,0.785714
0.090909,1.000000,1.714286,30.000000,1.538462,13.000000,0.631579
0.100000,1.000000,1.585366,16.954084,1.854701,27.000000,0.613208
0.045455,0.212100,1.622951,29.284923,1.970745,48.000000,0.618750
0.071429,0.069845,1.184615,30.000000,1.932308,26.000000,0.542254
0.071429,0.069845,1.184615,30.000000,1.932308,26.000000,0.542254
0.071429,0.069845,1.184615,30.000000,1.932308,26.000000,0.542254
0.071429,0.069845,1.184615,30.000000,1.932308,26.000000,0.542254
0.111111,0.294289,1.533333,23.634242,1.818182,22.000000,0.605263
0.100000,0.314722,2.000000,30.000000,1.444444,10.000000,0.666667
0.125000,0.356735,1.687500,29.160516,1.769231,27.000000,0.627907
0.076923,0.238748,1.909091,29.758085,1.730769,13.000000,0.656250
0.100000,0.534714,2.000000,30.000000,1.444444,10.000000,0.666667
0.100000,0.554260,2.000000,30.000000,1.444444,10.000000,0.666667
0.058824,0.049938,1.800000,28.040703,1.742857,21.000000,0.642857
0.076923,0.418044,1.794118,29.661248,1.758893,23.000000,0.642105
0.076923,0.143844,1.940678,26.454695,1.973149,53.000000,0.659942
0.142857,0.486116,1.418605,28.677456,1.831579,20.000000,0.586538
0.035714,0.000000,2.405405,29.818163,1.907407,28.000000,0.706349
0.035714,0.520712,1.272727,18.320301,2.147436,40.000000,0.560000
0.166667,0.520712,1.272727,18.320301,2.147436,40.000000,0.560000
0.076923,0.520712,1.272727,18.320301,2.147436,40.000000,0.560000
0.032258,0.000000,2.022727,28.323651,1.984946,31.000000,0.669173
0.032258,0.520712,1.272727,18.320301,2.147436,40.000000,0.560000
0.166667,0.280315,1.633333,22.689928,1.873684,20.000000,0.620253
0.090909,1.000000,3.600000,26.874550,2.386809,34.000000,0.782609
0.100000,0.148215,3.583333,25.575061,2.403409,33.000000,0.781818
0.100000,0.357888,1.840000,29.165143,2.001350,39.000000,0.647887
0.090909,1.000000,1.940000,30.000000,1.972414,30.000000,0.659864
0.125000,0.584240,2.571429,30.000000,1.357143,8.000000,0.720000
0.125000,0.457931,1.500000,27.857143,1.659341,14.000000,0.600000
0.250000,0.431200,1.867925,24.453277,1.830049,29.000000,0.651316
0.090909,0.210033,1.714286,30.000000,2.311688,22.000000,0.631579
0.090909,0.004184,1.578947,22.093763,1.454545,11.000000,0.612245
0.090909,0.004184,1.578947,22.093763,1.454545,11.000000,0.612245
0.090909,0.160500,1.714286,30.000000,2.311688,22.000000,0.631579
0.100000,0.503000,1.666667,25.264816,1.976608,19.000000,0.625000
0.100000,0.008475,2.428571,27.965012,1.622222,10.000000,0.708333
0.100000,0.074891,1.777778,28.291981,2.311688,22.000000,0.640000
0.100000,0.021459,2.428571,28.875898,1.622222,10.000000,0.708333
0.090909,0.503000,1.666667,25.264816,1.976608,19.000000,0.625000
0.090909,0.074891,1.777778,28.291981,2.311688,22.000000,0.640000
0.066667,0.934911,3.571429,30.000000,2.009524,15.000000,0.781250
0.142857,0.094078,1.686275,26.312029,2.006897,30.000000,0.627737
0.142857,0.287356,2.000000,15.303276,1.142857,7.000000,0.666667
0.058824,1.000000,2.315789,28.773949,1.750000,17.000000,0.698413
0.058824,0.094078,1.686275,26.312029,2.006897,30.000000,0.627737
0.045455,0.092739,1.349462,26.689300,2.065574,62.000000,0.574371
0.045455,1.000000,1.642857,26.687147,1.940711,23.000000,0.621622
0.045455,0.092739,1.349462,26.689300,2.065574,62.000000,0.574371
0.045455,1.000000,1.642857,26.687147,1.940711,23.000000,0.621622
0.111111,0.297737,1.928571,18.690478,1.545455,11.000000,0.658537
0.037037,0.376438,1.785714,25.753136,1.951567,27.000000,0.641026
0.037037,0.347466,1.367876,29.873116,2.076923,65.000000,0.577681
0.037037,0.152973,1.336538,22.514480,2.076655,42.000000,0.572016
0.037037,0.376438,1.785714,25.753136,1.951567,27.000000,0.641026
0.037037,0.065634,1.597561,26.309432,1.925397,36.000000,0.615023
0.037037,0.376438,1.785714,26.376188,1.951567,27.000000,0.641026
0.037037,0.069037,1.553191,6.496464,1.877493,27.000000,0.608333
0.037037,0.087892,2.325843,29.012530,1.910299,43.000000,0.699324
0.100000,0.342399,1.924528,27.386724,1.905376,31.000000,0.658065
0.142857,0.153144,1.700000,27.657020,1.909244,35.000000,0.629630
0.142857,0.016949,3.600000,28.394140,1.142857,7.000000,0.782609
0.083333,0.187676,2.000000,28.791498,1.802372,23.000000,0.666667
0.111111,0.323617,1.633333,29.976077,1.795322,19.000000,0.620253
0.100000,1.000000,1.903846,26.145611,1.830049,29.000000,0.655629
0.050000,0.505666,2.042553,29.055580,1.753623,24.000000,0.671329
0.050000,0.019554,2.240000,28.824817,1.789474,20.000000,0.691358
0.029412,0.408484,1.864407,29.904228,1.942959,34.000000,0.650888
0.029412,0.726191,3.434783,29.888103,2.062916,58.000000,0.774510
0.031250,0.442773,2.078125,29.439758,1.958165,39.000000,0.675127
0.250000,0.099784,3.000000,27.938253,1.758242,14.000000,0.750000
0.055556,1.000000,2.789474,29.788227,1.653595,18.000000,0.736111
0.055556,0.488851,1.905405,29.001410,1.971951,41.000000,0.655814
0.090909,0.243723,3.571429,28.205040,1.742424,12.000000,0.781250
0.090909,0.157216,2.333333,26.711650,1.763636,11.000000,0.700000
0.043478,0.086952,1.478873,30.000000,1.931034,29.000000,0.596591
0.045455,0.250114,1.340426,25.644521,1.831169,22.000000,0.572727
0.045455,0.317488,3.452632,29.710673,1.935020,64.000000,0.775414
0.200000,0.250114,1.340426,25.644521,1.831169,22.000000,0.572727
0.058824,1.000000,2.350000,30.000000,1.698529,17.000000,0.701493
0.058824,0.250114,1.340426,25.644521,1.831169,22.000000,0.572727
0.083333,0.809098,1.522727,30.000000,1.790476,21.000000,0.603604
0.083333,1.000000,1.900000,22.225329,1.964427,23.000000,0.655172
0.090909,0.145477,2.500000,29.601634,2.037415,49.000000,0.714286
0.083333,1.000000,1.900000,22.225329,1.964427,23.000000,0.655172
0.083333,0.809098,1.522727,30.000000,1.790476,21.000000,0.603604
0.083333,0.809098,1.522727,30.000000,1.790476,21.000000,0.603604
0.083333,1.000000,1.900000,22.225329,1.964427,23.000000,0.655172
0.083333,1.000000,1.900000,22.225329,1.964427,23.000000,0.655172
0.083333,0.809098,1.522727,30.000000,1.790476,21.000000,0.603604
0.083333,0.809098,1.522727,30.000000,1.790476,21.000000,0.603604
0.083333,1.000000,1.900000,22.225329,1.964427,23.000000,0.655172
0.125000,0.118865,1.580247,28.691041,2.038407,38.000000,0.612440
0.125000,1.000000,1.857143,25.464969,1.535714,8.000000,0.650000
0.083333,0.809098,1.522727,30.000000,1.790476,21.000000,0.603604
0.083333,1.000000,1.900000,22.225329,1.964427,23.000000,0.655172
0.047619,0.798607,1.045455,29.717312,1.774892,22.000000,0.511111
0.047619,0.454037,1.666667,22.933464,1.950769,26.000000,0.625000
0.047619,0.454037,1.666667,22.933464,1.950769,26.000000,0.625000
0.047619,0.798607,1.045455,29.717312,1.774892,22.000000,0.511111
0.047619,0.454037,1.666667,22.933464,1.950769,26.000000,0.625000
0.047619,0.798607,1.045455,29.717312,1.774892,22.000000,0.511111
0.083333,0.008403,1.388889,25.108524,1.727273,12.000000,0.581395
0.083333,0.430992,2.383721,29.886483,2.027755,50.000000,0.704467
0.083333,1.000000,1.900000,22.225329,1.964427,23.000000,0.655172
0.083333,0.809098,1.522727,30.000000,1.790476,21.000000,0.603604
0.090909,0.120609,2.437500,29.673268,2.037415,49.000000,0.709091
0.066667,0.000000,2.405797,29.953443,2.059563,61.000000,0.706383
0.047619,0.454037,1.666667,22.933464,1.950769,26.000000,0.625000
0.047619,0.798607,1.045455,29.717312,1.774892,22.000000,0.511111
0.200000,0.501978,2.306667,28.909374,2.029293,45.000000,0.697581
0.200000,1.000000,5.000000,18.035163,1.500000,5.000000,0.833333
0.111111,1.000000,2.142857,26.666974,1.583333,9.000000,0.681818
0.111111,0.614463,2.480519,30.000000,2.030142,48.000000,0.712687
0.083333,0.809098,1.522727,30.000000,1.790476,21.000000,0.603604
0.083333,1.000000,1.900000,22.225329,1.964427,23.000000,0.655172
0.047619,0.454037,1.666667,22.933464,1.950769,26.000000,0.625000
0.047619,0.798607,1.045455,29.717312,1.774892,22.000000,0.511111
0.032258,0.402301,1.282609,21.030594,2.132927,41.000000,0.561905
0.032258,0.000000,2.450000,28.456668,2.053763,31.000000,0.710145
0.142857,0.040816,2.285714,24.515807,1.238095,7.000000,0.695652
0.142857,0.402301,1.282609,21.030594,2.132927,41.000000,0.561905
0.100000,0.141802,2.458333,27.492092,1.719048,21.000000,0.710843
0.076923,0.402301,1.282609,21.030594,2.132927,41.000000,0.561905
0.030303,0.107957,2.088889,27.998973,2.001894,33.000000,0.676259
0.030303,0.402301,1.282609,21.030594,2.132927,41.000000,0.561905
0.166667,0.143366,1.270833,24.999098,1.913043,23.000000,0.559633
0.166667,0.844559,1.186047,24.607596,1.973684,20.000000,0.542553
0.166667,0.553795,2.333333,28.823529,1.873188,24.000000,0.700000
0.032258,0.004219,2.450000,28.755245,2.053763,31.000000,0.710145
0.032258,0.282829,1.311828,21.932764,2.135889,42.000000,0.567442
0.142857,0.018868,2.285714,26.540796,1.238095,7.000000,0.695652
0.142857,0.282829,1.311828,21.932764,2.135889,42.000000,0.567442
0.050000,0.066702,2.092593,29.425015,2.143670,38.000000,0.676647
0.050000,0.363442,1.521739,25.223935,1.770751,23.000000,0.603448
0.076923,0.282829,1.311828,21.932764,2.135889,42.000000,0.567442
0.030303,0.004219,2.043478,28.417062,2.001894,33.000000,0.671429
0.030303,0.282829,1.311828,21.932764,2.135889,42.000000,0.567442
0.090909,0.821461,1.266667,30.000000,1.900000,25.000000,0.558824
0.090909,0.821461,1.266667,30.000000,1.900000,25.000000,0.558824
0.090909,0.821461,1.266667,30.000000,1.900000,25.000000,0.558824
0.200000,0.230281,1.642857,20.526330,1.912281,19.000000,0.621622
0.066667,0.008403,2.896552,29.433629,1.876923,26.000000,0.743363
0.090909,0.821461,1.266667,30.000000,1.900000,25.000000,0.558824
0.066667,0.008403,1.344828,27.241316,1.882353,18.000000,0.573529
0.066667,0.123914,1.400000,29.346518,1.957672,28.000000,0.583333
0.066667,0.019108,1.653846,16.608911,1.718954,18.000000,0.623188
0.066667,0.123914,1.400000,29.346518,1.957672,28.000000,0.583333
0.066667,0.123914,1.400000,29.346518,1.957672,28.000000,0.583333
0.066667,0.123914,1.400000,29.346518,1.957672,28.000000,0.583333
0.058824,0.789166,2.315789,29.214447,1.750000,17.000000,0.698413
0.058824,0.230281,1.642857,20.526330,1.912281,19.000000,0.621622
0.250000,0.373158,1.809524,29.604020,1.683333,16.000000,0.644068
0.200000,1.000000,2.333333,24.000000,1.300000,5.000000,0.700000
0.200000,0.995910,1.225000,30.000000,2.000000,21.000000,0.550562
0.125000,0.998001,1.607143,30.000000,1.794118,17.000000,0.616438
0.043478,1.000000,1.700000,26.368143,2.055336,23.000000,0.629630
0.043478,0.655871,2.606061,28.912185,1.853333,25.000000,0.722689
0.200000,0.723861,1.333333,30.000000,1.533333,6.000000,0.571429
0.200000,1.000000,1.645161,30.000000,2.055336,23.000000,0.621951
0.043478,0.655871,2.606061,28.912185,1.853333,25.000000,0.722689
0.043478,1.000000,1.700000,26.368143,2.055336,23.000000,0.629630
0.083333,1.000000,1.645161,30.000000,2.055336,23.000000,0.621951
0.083333,0.004184,2.857143,27.500000,1.833333,12.000000,0.740741
0.125000,1.000000,1.533333,30.000000,1.830065,18.000000,0.605263
0.125000,0.998001,1.607143,30.000000,1.794118,17.000000,0.616438
0.083333,1.000000,1.645161,30.000000,2.055336,23.000000,0.621951
0.083333,0.004184,2.857143,27.500000,1.833333,12.000000,0.740741
0.200000,1.000000,2.333333,24.000000,1.300000,5.000000,0.700000
0.200000,0.995910,1.225000,30.000000,2.000000,21.000000,0.550562
0.200000,0.723861,1.333333,30.000000,1.533333,6.000000,0.571429
0.200000,1.000000,1.645161,30.000000,2.055336,23.000000,0.621951
0.200000,1.000000,1.533333,30.000000,1.830065,18.000000,0.605263
0.083333,1.000000,1.645161,30.000000,2.055336,23.000000,0.621951
0.083333,0.004184,2.857143,27.500000,1.833333,12.000000,0.740741
0.043478,1.000000,1.700000,26.368143,2.055336,23.000000,0.629630
0.043478,0.655871,2.606061,28.912185,1.853333,25.000000,0.722689
0.200000,0.723861,1.333333,30.000000,1.533333,6.000000,0.571429
0.200000,1.000000,1.645161,30.000000,2.055336,23.000000,0.621951
0.200000,0.567795,1.750000,21.353880,1.300000,5.000000,0.636364
0.250000,0.299845,2.714286,27.867150,1.960474,23.000000,0.730769
0.100000,0.411470,1.972973,24.989813,2.046154,26.000000,0.663636
0.100000,0.011738,2.714286,27.815058,1.577778,10.000000,0.730769
0.058824,0.618455,1.666667,22.407991,1.727941,17.000000,0.625000
0.058824,0.374369,2.345455,29.142857,1.936134,35.000000,0.701087
0.066667,0.826715,2.333333,29.955045,1.775000,16.000000,0.700000
0.066667,0.826715,2.333333,29.955045,1.775000,16.000000,0.700000
0.250000,0.523123,2.166667,28.235294,1.772059,17.000000,0.684211
0.250000,0.832520,2.833333,24.004958,1.711111,10.000000,0.739130
0.250000,0.373344,2.833333,24.004958,1.711111,10.000000,0.739130
0.250000,0.523123,2.166667,28.235294,1.772059,17.000000,0.684211
0.125000,1.000000,2.400000,28.621181,1.826316,20.000000,0.705882
0.200000,1.000000,2.526316,28.140960,1.757353,17.000000,0.716418
0.142857,1.000000,2.000000,30.000000,1.444444,10.000000,0.666667
0.142857,1.000000,2.000000,30.000000,1.444444,10.000000,0.666667
0.142857,1.000000,2.000000,30.000000,1.444444,10.000000,0.666667
0.090909,1.000000,2.481481,30.000000,1.809524,21.000000,0.712766
0.125000,0.231054,2.000000,26.250000,1.464286,8.000000,0.666667
0.125000,0.173506,2.000000,29.328214,1.823810,21.000000,0.666667
0.090909,0.012680,4.109091,28.955149,2.053247,56.000000,0.804270
0.052632,0.595244,1.551724,22.238669,1.761905,28.000000,0.608108
0.052632,0.138604,4.181818,21.025222,2.099415,19.000000,0.807018
0.076923,0.256932,1.750000,27.988653,1.641026,13.000000,0.636364
0.100000,0.369620,1.833333,24.536334,1.555556,10.000000,0.647059
0.100000,0.012552,2.600000,29.035510,1.686275,18.000000,0.722222
0.076923,0.525984,1.605634,29.065568,1.737931,30.000000,0.616216
0.071429,0.277687,1.618182,26.420303,1.780788,29.000000,0.618056
0.250000,0.573750,2.500000,20.775759,1.897436,13.000000,0.714286
0.090909,0.963578,1.937500,29.309006,1.959025,43.000000,0.659574
0.062500,0.892761,1.600000,20.657639,1.666667,16.000000,0.615385
0.062500,0.048945,2.300000,29.137673,1.741667,16.000000,0.696970
0.111111,0.978636,1.800000,24.176059,1.555556,9.000000,0.642857
0.111111,0.448313,1.733333,30.000000,1.854497,28.000000,0.634146
0.111111,0.448313,1.733333,30.000000,1.854497,28.000000,0.634146
0.111111,0.978636,1.800000,24.176059,1.555556,9.000000,0.642857
0.125000,1.000000,1.416667,30.000000,1.428571,8.000000,0.586207
0.045455,0.135593,1.642857,10.287781,2.060606,22.000000,0.621622
0.090909,0.460825,2.100000,27.272727,1.672727,11.000000,0.677419
0.090909,1.000000,2.100000,27.272727,1.672727,11.000000,0.677419
0.125000,0.359857,1.545455,25.537115,1.670330,14.000000,0.607143
0.125000,0.037037,2.166667,26.220760,1.535714,8.000000,0.684211
0.142857,1.000000,2.666667,30.000000,1.238095,7.000000,0.727273
0.200000,0.747338,1.545455,30.000000,1.583333,9.000000,0.607143
0.066667,0.571125,1.333333,30.000000,1.419048,15.000000,0.571429
0.045455,0.230508,3.617284,29.671975,1.964481,61.000000,0.783422
0.083333,0.992598,2.272727,30.000000,1.742424,12.000000,0.694444
0.037037,0.590961,1.126761,29.037037,1.951567,27.000000,0.529801
0.037037,0.590961,1.126761,29.037037,1.951567,27.000000,0.529801
0.100000,1.000000,1.368421,30.000000,1.618182,11.000000,0.577778
0.037037,0.590961,1.126761,29.037037,1.951567,27.000000,0.529801
0.037037,0.590961,1.126761,29.037037,1.951567,27.000000,0.529801
0.083333,1.000000,2.450000,29.577274,1.807018,19.000000,0.710145
0.043478,0.645736,1.700000,28.722806,1.771429,35.000000,0.629630
0.043478,1.000000,1.475000,24.233623,1.861660,23.000000,0.595960
0.250000,1.000000,2.333333,30.000000,1.444444,9.000000,0.700000
0.166667,0.076231,3.053571,28.151851,2.046099,48.000000,0.753304
0.250000,0.574967,2.333333,30.000000,1.444444,9.000000,0.700000
0.200000,0.793333,2.777778,29.387790,1.742424,12.000000,0.735294
0.083333,0.490659,1.923077,18.282042,1.725275,14.000000,0.657895
0.083333,0.004184,2.000000,24.712766,1.904412,17.000000,0.666667
0.125000,1.000000,1.642857,10.287781,2.060606,22.000000,0.621622
0.076923,0.678114,1.431818,23.577515,1.779221,22.000000,0.588785
0.142857,0.445644,2.500000,28.070740,1.285714,7.000000,0.714286
0.125000,1.000000,3.000000,30.000000,1.571429,8.000000,0.750000
0.125000,1.000000,1.750000,9.992351,1.625000,16.000000,0.636364
0.111111,1.000000,1.916667,30.000000,1.651515,12.000000,0.657143
0.111111,0.338378,2.600000,20.628283,1.750000,9.000000,0.722222
0.100000,0.594686,3.130435,30.000000,1.873188,24.000000,0.757895
0.100000,0.514022,2.153846,26.517861,1.636364,12.000000,0.682927
0.100000,0.594686,3.130435,30.000000,1.873188,24.000000,0.757895
0.100000,0.514022,2.153846,26.517861,1.636364,12.000000,0.682927
0.066667,0.042093,3.000000,30.000000,1.676190,15.000000,0.750000
0.066667,0.412813,1.475410,29.873116,2.059615,65.000000,0.596026
0.076923,0.644566,1.928571,30.000000,1.794872,13.000000,0.658537
0.076923,1.000000,2.133333,30.000000,1.747253,14.000000,0.680851
0.083333,0.271026,5.583333,30.000000,1.884470,33.000000,0.848101
0.083333,0.603135,2.692308,27.500000,1.515152,12.000000,0.729167
0.083333,0.271026,5.583333,30.000000,1.884470,33.000000,0.848101
0.083333,0.603135,2.692308,27.500000,1.515152,12.000000,0.729167
0.083333,0.271026,5.583333,30.000000,1.884470,33.000000,0.848101
0.083333,0.603135,2.692308,27.500000,1.515152,12.000000,0.729167
0.200000,1.000000,8.000000,27.178499,1.200000,5.000000,0.888889
0.200000,1.000000,2.181818,26.175524,1.654545,11.000000,0.685714
0.200000,1.000000,8.000000,27.178499,1.200000,5.000000,0.888889
0.200000,0.596563,2.181818,26.175524,1.654545,11.000000,0.685714
0.142857,1.000000,2.111111,27.103306,1.095238,7.000000,0.678571
0.045455,0.764321,3.506667,28.765517,2.074035,62.000000,0.778107
0.045455,1.000000,1.642857,26.687147,1.940711,23.000000,0.621622
0.083333,0.730765,1.500000,30.000000,1.748538,19.000000,0.600000
0.083333,0.867659,1.650000,18.205125,1.545455,12.000000,0.622642
0.200000,0.760163,3.405063,29.728741,2.083461,63.000000,0.772989
0.083333,0.730765,1.500000,30.000000,1.748538,19.000000,0.600000
0.083333,0.867659,1.650000,18.205125,1.545455,12.000000,0.622642
0.035714,0.359395,3.044444,30.000000,2.101923,65.000000,0.752747
0.035714,0.865144,1.551724,6.911521,1.761905,28.000000,0.608108
0.038462,0.689655,6.857143,29.387758,2.895385,26.000000,0.872727
0.038462,0.872214,3.373626,29.110954,2.099649,68.000000,0.771357
0.045455,0.764321,3.506667,28.765517,2.074035,62.000000,0.778107
0.045455,1.000000,1.642857,26.687147,1.940711,23.000000,0.621622
0.038462,0.689655,6.857143,29.387758,2.895385,26.000000,0.872727
0.038462,0.872214,3.373626,29.110954,2.099649,68.000000,0.771357
0.111111,0.968411,1.733333,27.894682,1.422222,10.000000,0.634146
0.100000,0.822443,2.714286,27.518250,1.577778,10.000000,0.730769
0.100000,1.000000,1.500000,19.739912,1.488889,10.000000,0.600000
0.083333,0.730765,1.500000,30.000000,1.748538,19.000000,0.600000
0.083333,0.867659,1.650000,18.205125,1.545455,12.000000,0.622642
0.055556,0.269985,1.785714,16.916249,1.935385,26.000000,0.641026
0.055556,0.269985,1.785714,16.916249,1.935385,26.000000,0.641026
0.050000,0.039201,2.400000,29.199506,1.826316,20.000000,0.705882
0.055556,0.269985,1.785714,16.916249,1.935385,26.000000,0.641026
0.071429,1.000000,1.729730,27.839500,1.689474,20.000000,0.633663
0.071429,0.495016,1.000000,30.000000,1.813187,14.000000,0.500000
0.071429,1.000000,1.729730,27.839500,1.689474,20.000000,0.633663
0.071429,0.495016,1.000000,30.000000,1.813187,14.000000,0.500000
0.052632,1.000000,1.684211,30.000000,1.689474,20.000000,0.627451
0.052632,0.193561,2.142857,27.055256,1.842105,19.000000,0.681818
0.050000,0.039201,2.400000,29.199506,1.826316,20.000000,0.705882
0.050000,0.039201,2.400000,29.199506,1.826316,20.000000,0.705882
0.125000,0.508158,1.178082,30.000000,1.974713,30.000000,0.540881
0.125000,0.508158,1.178082,30.000000,1.974713,30.000000,0.540881
0.125000,0.508158,1.178082,30.000000,1.974713,30.000000,0.540881
0.083333,0.431476,2.700000,29.869271,1.590909,12.000000,0.729730
0.083333,0.817037,1.466667,27.105120,1.638095,15.000000,0.594595
0.066667,0.817037,1.466667,27.105120,1.638095,15.000000,0.594595
0.066667,0.597595,1.962963,30.000000,1.954839,31.000000,0.662500
0.052632,0.062317,1.821429,20.042355,1.807018,19.000000,0.645570
0.052632,0.000000,2.307692,29.632674,1.826316,20.000000,0.697674
0.062500,0.775309,1.772727,19.945850,1.783333,16.000000,0.639344
0.062500,0.863196,2.628099,28.711094,2.040532,58.000000,0.724374
0.071429,1.000000,1.857143,30.000000,1.714286,14.000000,0.650000
0.062500,1.000000,1.918919,30.000000,1.826840,22.000000,0.657407
0.062500,1.000000,1.918919,30.000000,1.826840,22.000000,0.657407
0.066667,0.813959,1.611111,14.129567,1.838095,15.000000,0.617021
0.055556,0.817166,2.080000,28.915559,1.699346,18.000000,0.675325
0.055556,0.456747,1.812500,29.279008,1.660819,19.000000,0.644444
0.055556,0.105751,1.186047,24.607596,1.973684,20.000000,0.542553
0.055556,0.225013,3.166667,28.714271,1.963033,57.000000,0.760000
0.058824,0.622006,2.200000,28.101169,1.730994,19.000000,0.687500
0.055556,0.817166,2.080000,28.915559,1.699346,18.000000,0.675325
0.055556,0.456747,1.812500,29.279008,1.660819,19.000000,0.644444
0.058824,0.868061,0.987805,27.923847,1.761905,22.000000,0.496933
0.142857,1.000000,1.200000,28.236534,1.476190,7.000000,0.545455
0.222222,1.000000,2.217391,28.421053,1.865497,19.000000,0.689189
0.058824,0.120107,3.160377,29.937474,1.969245,67.000000,0.759637
0.100000,1.000000,1.583333,30.000000,1.622222,10.000000,0.612903
0.250000,0.357418,1.550000,21.343042,1.659341,14.000000,0.607843
0.200000,0.041810,1.600000,29.880970,1.771429,35.000000,0.615385
0.052632,0.158594,3.318182,29.923302,1.960563,71.000000,0.768421
0.111111,1.000000,1.692308,27.622953,1.636364,11.000000,0.628571
0.111111,1.000000,1.692308,27.622953,1.636364,11.000000,0.628571
0.166667,0.287663,1.750000,26.747388,1.672727,11.000000,0.636364
0.166667,0.034188,1.833333,21.879089,1.266667,6.000000,0.647059
0.076923,0.373592,2.157895,28.830862,1.882353,18.000000,0.683333
0.076923,1.000000,2.000000,29.355027,1.819048,15.000000,0.666667
0.076923,0.684782,1.609756,21.103034,1.846154,26.000000,0.616822
0.076923,0.000000,2.533333,27.769231,1.512821,13.000000,0.716981
0.111111,0.714234,2.222222,19.340930,1.690909,11.000000,0.689655
0.111111,1.000000,1.500000,19.739912,1.488889,10.000000,0.600000
0.111111,0.323433,1.533333,30.000000,1.361111,9.000000,0.605263
0.142857,0.367086,3.200000,29.599757,1.238095,7.000000,0.761905
0.076923,1.000000,1.551724,6.911521,1.761905,28.000000,0.608108
0.125000,0.017391,2.833333,29.240277,1.392857,8.000000,0.739130
0.100000,1.000000,2.363636,30.000000,1.527273,11.000000,0.702703
0.100000,0.973649,1.368421,23.576874,1.600000,11.000000,0.577778
0.142857,1.000000,1.444444,25.955463,1.633333,16.000000,0.590909
0.142857,1.000000,1.666667,29.448876,1.960591,29.000000,0.625000
0.200000,1.000000,2.250000,30.000000,1.100000,5.000000,0.692308
0.200000,1.000000,2.133333,30.000000,1.747253,14.000000,0.680851
0.062500,0.066944,3.777778,27.892309,1.883333,16.000000,0.790698
0.037037,0.073305,1.425743,24.194445,2.125604,46.000000,0.587755
0.076923,0.001791,1.570175,29.362646,1.965657,45.000000,0.610922
0.076923,1.000000,2.500000,20.775759,1.897436,13.000000,0.714286
0.058824,1.000000,1.875000,29.199506,1.763158,20.000000,0.652174
0.058824,1.000000,2.538462,28.617432,1.904412,17.000000,0.717391
0.052632,1.000000,1.734694,28.815196,1.960591,29.000000,0.634328
0.052632,0.663013,2.120000,30.000000,1.742690,19.000000,0.679487
0.038462,1.000000,1.686275,26.312029,2.006897,30.000000,0.627737
0.038462,0.156249,1.744186,28.015717,1.951567,27.000000,0.635593
0.038462,0.675625,1.551724,6.911521,1.761905,28.000000,0.608108
0.038462,1.000000,2.666667,28.982181,1.825641,40.000000,0.727273
0.200000,0.352441,2.036364,29.317206,1.949597,32.000000,0.670659
0.083333,1.000000,2.796875,28.950263,2.020408,49.000000,0.736626
0.083333,0.227994,1.733333,29.962122,1.681818,12.000000,0.634146
0.050000,1.000000,2.893617,29.915448,1.992683,41.000000,0.743169
0.050000,1.000000,1.777778,30.000000,1.873684,20.000000,0.640000
0.100000,1.000000,1.864407,20.801185,1.982540,36.000000,0.650888
0.100000,0.817036,2.300000,27.385249,1.533333,10.000000,0.696970
0.125000,1.000000,1.618182,26.420303,1.780788,29.000000,0.618056
0.100000,0.037101,1.862069,28.880778,1.857143,21.000000,0.650602
0.125000,0.114994,2.166667,30.000000,1.642857,8.000000,0.684211
0.066667,1.000000,1.525424,30.000000,1.793103,30.000000,0.604027
0.034483,0.138918,1.618182,26.420303,1.780788,29.000000,0.618056
0.034483,0.025223,3.063492,28.808412,2.073469,50.000000,0.753906
0.066667,0.004444,2.055556,29.410127,1.691667,16.000000,0.672727
0.083333,1.000000,1.558824,29.065678,1.783626,19.000000,0.609195
0.083333,0.149240,1.551724,27.239360,1.793103,30.000000,0.608108
0.083333,1.000000,1.388889,25.108524,1.727273,12.000000,0.581395
0.083333,0.458439,1.551724,28.059785,1.793103,30.000000,0.608108
0.066667,0.820888,3.461538,28.444544,1.676190,15.000000,0.775862
0.066667,0.373237,2.727273,28.807049,1.801170,19.000000,0.731707
0.100000,0.725522,1.414634,29.441497,2.029872,38.000000,0.585859
0.062500,0.702716,1.652174,30.000000,1.850000,25.000000,0.622951
0.062500,0.033498,1.900000,27.549360,1.683333,16.000000,0.655172
0.029412,0.174378,1.540230,29.585618,1.950450,37.000000,0.606335
0.029412,0.329761,1.195122,30.000000,2.019608,34.000000,0.544444
0.029412,0.329761,1.195122,30.000000,2.019608,34.000000,0.544444
0.029412,0.557793,1.540230,29.585618,1.950450,37.000000,0.606335
0.100000,0.345631,1.211268,28.388707,1.974713,30.000000,0.547771
0.100000,1.000000,2.000000,29.900246,1.333333,10.000000,0.666667
0.100000,1.000000,2.000000,29.900246,1.333333,10.000000,0.666667
0.100000,0.345631,1.211268,28.388707,1.974713,30.000000,0.547771
0.200000,1.000000,10.000000,30.000000,1.000000,5.000000,0.909091
0.100000,0.725522,1.414634,29.441497,2.029872,38.000000,0.585859
0.066667,0.843632,3.214286,29.146747,1.676190,15.000000,0.762712
0.100000,0.345631,1.211268,28.388707,1.974713,30.000000,0.547771
0.100000,1.000000,2.000000,29.900246,1.333333,10.000000,0.666667
0.062500,1.000000,1.405405,26.961017,1.633333,16.000000,0.584270
0.076923,0.343371,1.178082,30.000000,1.974713,30.000000,0.540881
0.076923,0.343371,1.178082,30.000000,1.974713,30.000000,0.540881
0.029412,0.174378,1.540230,29.585618,1.950450,37.000000,0.606335
0.029412,0.329761,1.195122,30.000000,2.019608,34.000000,0.544444
0.100000,0.725522,1.414634,29.441497,2.029872,38.000000,0.585859
0.029412,0.329761,1.195122,30.000000,2.019608,34.000000,0.544444
0.029412,0.174378,1.540230,29.585618,1.950450,37.000000,0.606335
0.029412,0.557793,1.540230,29.585618,1.950450,37.000000,0.606335
0.029412,0.329761,1.195122,30.000000,2.019608,34.000000,0.544444
0.076923,0.343371,1.178082,30.000000,1.974713,30.000000,0.540881
0.062500,0.702716,1.652174,30.000000,1.850000,25.000000,0.622951
0.062500,0.033498,1.900000,27.549360,1.683333,16.000000,0.655172
0.062500,0.702716,1.652174,30.000000,1.850000,25.000000,0.622951
0.062500,0.033498,1.900000,27.549360,1.683333,16.000000,0.655172
0.029412,0.557793,1.540230,29.585618,1.950450,37.000000,0.606335
0.029412,0.329761,1.195122,30.000000,2.019608,34.000000,0.544444
0.062500,0.946823,1.769231,30.000000,1.700000,16.000000,0.638889
0.062500,0.242675,2.252632,28.459987,1.960034,49.000000,0.692557
0.062500,0.946823,1.769231,30.000000,1.700000,16.000000,0.638889
0.062500,0.242675,2.252632,28.459987,1.960034,49.000000,0.692557
0.062500,0.946823,1.769231,30.000000,1.700000,16.000000,0.638889
0.062500,0.242675,2.252632,28.459987,1.960034,49.000000,0.692557
0.062500,0.946823,1.769231,30.000000,1.700000,16.000000,0.638889
0.062500,0.242675,2.252632,28.459987,1.960034,49.000000,0.692557
0.062500,0.242675,2.252632,28.459987,1.960034,49.000000,0.692557
0.062500,0.946823,1.769231,30.000000,1.700000,16.000000,0.638889
0.100000,1.000000,3.200000,28.914810,1.756410,13.000000,0.761905
0.090909,0.463404,2.275862,26.760362,1.826087,23.000000,0.694737
0.090909,1.000000,8.333333,30.000000,1.600000,11.000000,0.892857
0.055556,0.405846,1.396040,24.483065,2.126263,45.000000,0.582645
0.055556,0.749631,1.333333,28.059519,1.967320,18.000000,0.571429
0.062500,0.520213,1.431034,30.000000,1.925926,27.000000,0.588652
0.125000,1.000000,1.695652,30.000000,1.901849,38.000000,0.629032
0.125000,0.814930,2.098039,30.000000,1.912879,33.000000,0.677215
0.111111,1.000000,2.857143,30.000000,1.500000,9.000000,0.740741
0.066667,0.038298,1.750000,29.729855,1.723810,15.000000,0.636364
0.062500,0.520213,1.431034,30.000000,1.925926,27.000000,0.588652
0.062500,0.520213,1.431034,30.000000,1.925926,27.000000,0.588652
0.062500,0.309805,3.000000,29.622509,1.897436,27.000000,0.750000
0.062500,0.520213,1.431034,30.000000,1.925926,27.000000,0.588652
0.062500,0.000576,1.730769,27.713829,1.736842,19.000000,0.633803
0.071429,0.738086,1.866667,26.291949,1.736264,14.000000,0.651163
0.071429,0.767127,1.701754,26.705127,1.945076,33.000000,0.629870
0.166667,0.738086,1.866667,26.291949,1.736264,14.000000,0.651163
0.166667,0.482480,2.000000,20.849556,1.466667,6.000000,0.666667
0.111111,0.225042,1.602564,29.986226,1.763258,33.000000,0.615764
0.250000,0.233128,1.552083,29.675758,1.776276,37.000000,0.608163
0.090909,0.410679,1.434211,25.471602,1.825806,31.000000,0.589189
0.052632,1.000000,1.862069,30.000000,1.768421,20.000000,0.650602
0.052632,0.362035,2.736000,29.784713,2.016949,60.000000,0.732334
0.200000,0.031738,1.709677,28.366309,1.884211,20.000000,0.630952
0.166667,1.000000,3.157895,30.000000,1.976285,23.000000,0.759494
0.250000,0.137735,3.933333,17.363539,2.055336,23.000000,0.797297
0.032258,1.000000,1.343434,21.494772,2.140592,44.000000,0.573276
0.032258,0.756106,2.227273,30.000000,2.053763,31.000000,0.690141
0.062500,1.000000,2.647059,28.055879,1.818713,19.000000,0.725806
0.062500,0.747329,1.421053,30.000000,1.777778,19.000000,0.586957
0.166667,1.000000,2.000000,17.459464,1.466667,6.000000,0.666667
0.166667,0.527810,1.928571,28.920663,1.866667,21.000000,0.658537
0.166667,1.000000,2.000000,20.849556,1.466667,6.000000,0.666667
0.166667,0.704176,1.701754,26.705127,1.945076,33.000000,0.629870
0.142857,1.000000,3.000000,27.585546,1.357143,8.000000,0.750000
0.066667,1.000000,1.023810,28.000000,1.628571,15.000000,0.505882
0.066667,1.000000,1.333333,30.000000,1.419048,15.000000,0.571429
0.100000,1.000000,3.142857,24.032281,1.622222,10.000000,0.758621
0.100000,0.768351,1.866667,29.328963,1.780220,14.000000,0.651163
0.200000,1.000000,1.023810,28.000000,1.628571,15.000000,0.505882
0.066667,0.016259,1.557377,25.989658,1.795699,31.000000,0.608974
0.062500,0.354392,2.745098,27.582191,2.112660,42.000000,0.732984
0.062500,0.903535,1.444444,25.955463,1.633333,16.000000,0.590909
0.030303,0.125355,2.200000,28.499396,1.935606,33.000000,0.687500
0.030303,1.000000,2.852941,20.702369,2.260504,35.000000,0.740458
0.030303,0.125355,2.200000,28.499396,1.935606,33.000000,0.687500
0.030303,1.000000,2.852941,20.702369,2.260504,35.000000,0.740458
0.030303,0.125355,2.200000,28.499396,1.935606,33.000000,0.687500
0.030303,1.000000,2.852941,20.702369,2.260504,35.000000,0.740458
0.058824,0.989954,3.534884,28.369413,2.703005,54.000000,0.779487
0.058824,1.000000,1.730769,30.000000,1.669118,17.000000,0.633803
0.125000,0.130685,2.181818,28.695652,1.873518,23.000000,0.685714
0.030303,0.125355,2.200000,28.499396,1.935606,33.000000,0.687500
0.030303,1.000000,2.852941,20.702369,2.260504,35.000000,0.740458
0.058824,1.000000,1.875000,29.383837,1.669118,17.000000,0.652174
0.058824,1.000000,3.666667,26.806953,2.467949,40.000000,0.785714
0.066667,1.000000,1.761905,23.878925,1.647619,15.000000,0.637931
0.030303,0.147110,2.160714,28.885649,1.935606,33.000000,0.683616
0.030303,0.989954,3.534884,28.369413,2.703005,54.000000,0.779487
0.071429,0.335417,4.090909,30.000000,2.117647,18.000000,0.803571
0.071429,1.000000,1.916667,13.741950,2.098901,14.000000,0.657143
0.030303,0.125355,2.200000,28.499396,1.935606,33.000000,0.687500
0.030303,1.000000,2.852941,20.702369,2.260504,35.000000,0.740458
0.058824,1.000000,1.875000,29.383837,1.669118,17.000000,0.652174
0.058824,1.000000,3.666667,26.806953,2.467949,40.000000,0.785714
0.058824,1.000000,1.875000,29.383837,1.669118,17.000000,0.652174
0.058824,1.000000,3.666667,26.806953,2.467949,40.000000,0.785714
0.071429,1.000000,1.916667,13.741950,2.098901,14.000000,0.657143
0.071429,0.335417,4.090909,30.000000,2.117647,18.000000,0.803571
0.058824,1.000000,3.666667,26.806953,2.467949,40.000000,0.785714
0.058824,1.000000,1.875000,29.383837,1.669118,17.000000,0.652174
0.047619,1.000000,2.066667,29.373139,2.163415,41.000000,0.673913
0.142857,0.617723,5.846154,28.319518,2.052308,26.000000,0.853933
0.142857,1.000000,3.333333,30.000000,1.523810,7.000000,0.769231
0.047619,1.000000,1.458333,30.000000,1.770751,23.000000,0.593220
0.111111,0.855971,1.979592,29.872936,1.972414,30.000000,0.664384
0.058824,0.004484,1.615385,28.352183,1.779412,17.000000,0.617647
0.058824,0.293874,1.448598,27.181047,1.807018,39.000000,0.591603
0.250000,0.293874,1.448598,27.181047,1.807018,39.000000,0.591603
0.250000,0.453413,4.666667,13.914076,1.722222,9.000000,0.823529
0.066667,0.293874,1.448598,27.181047,1.807018,39.000000,0.591603
0.066667,0.004484,2.040000,30.000000,1.542857,15.000000,0.671053
0.200000,0.070423,3.000000,26.096013,1.400000,5.000000,0.750000
0.200000,0.945716,1.555556,24.472147,1.500000,8.000000,0.608696
0.250000,0.730406,1.474576,27.727886,1.917379,27.000000,0.595890
0.090909,1.000000,3.250000,29.207694,1.527273,11.000000,0.764706
0.111111,1.000000,1.066667,25.179778,1.641026,13.000000,0.516129
0.100000,0.608466,26.000000,23.382840,1.527273,11.000000,0.962963
0.100000,0.459396,1.428571,29.954547,1.622222,10.000000,0.588235
0.142857,0.481950,2.300000,29.032258,1.886022,31.000000,0.696970
0.033333,1.000000,1.540984,23.457535,2.032184,30.000000,0.606452
0.033333,0.011692,2.735294,29.975099,2.019969,63.000000,0.732283
0.142857,1.000000,1.540984,23.457535,2.032184,30.000000,0.606452
0.142857,0.058368,2.388889,30.000000,1.593407,14.000000,0.704918
0.066667,0.462509,1.433333,28.203366,1.700000,16.000000,0.589041
0.066667,0.591891,1.746269,29.926271,1.901849,38.000000,0.635870
0.111111,1.000000,4.000000,21.771701,1.666667,9.000000,0.800000
0.055556,0.028430,3.528846,29.413031,1.938619,69.000000,0.779193
0.090909,0.863488,2.063830,29.620752,1.972414,30.000000,0.673611
0.083333,1.000000,2.700000,28.934733,1.590909,12.000000,0.729730
0.250000,1.000000,2.909091,30.000000,1.970588,17.000000,0.744186
0.071429,0.004367,2.153846,30.000000,1.736264,14.000000,0.682927
0.100000,0.482193,1.916667,30.000000,1.488889,10.000000,0.657143
0.047619,0.025415,1.404255,29.892102,1.758893,23.000000,0.584071
0.090909,0.008772,1.504587,27.937363,1.805128,40.000000,0.600733
0.100000,0.244419,1.192982,27.282822,2.095385,26.000000,0.544000
0.100000,0.008929,1.727273,30.000000,1.644444,10.000000,0.633333
0.038462,0.062673,1.625000,30.000000,1.901849,38.000000,0.619048
0.038462,0.244419,1.192982,27.282822,2.095385,26.000000,0.544000
0.066667,0.088025,1.754098,30.000000,1.822989,30.000000,0.636905
0.062500,1.000000,3.400000,30.000000,1.883333,16.000000,0.772727
0.062500,0.425427,1.600000,22.656014,1.663158,20.000000,0.615385
0.050000,1.000000,1.371429,29.995801,2.125604,46.000000,0.578313
0.050000,0.425427,1.600000,22.656014,1.663158,20.000000,0.615385
0.250000,0.425427,1.600000,22.656014,1.663158,20.000000,0.615385
0.066667,0.071150,4.583333,26.869078,2.207792,22.000000,0.820896
0.071429,0.206927,1.687500,22.972828,1.758242,14.000000,0.627907
0.166667,0.600827,1.636364,28.854569,1.970745,48.000000,0.620690
0.200000,0.061199,1.892857,26.076904,1.831579,20.000000,0.654321
0.200000,1.000000,4.000000,25.000000,1.533333,6.000000,0.800000
0.083333,1.000000,2.222222,30.000000,1.826316,20.000000,0.689655
0.083333,1.000000,2.222222,30.000000,1.826316,20.000000,0.689655
0.083333,1.000000,2.222222,30.000000,1.826316,20.000000,0.689655
0.071429,0.899758,1.400000,29.210714,1.957672,28.000000,0.583333
0.071429,1.000000,1.344828,27.142091,1.882353,18.000000,0.573529
0.066667,0.156804,1.833333,27.138853,1.609524,15.000000,0.647059
0.083333,0.970430,1.271186,30.000000,1.858696,24.000000,0.559701
0.083333,1.000000,3.246575,29.977939,2.062916,58.000000,0.764516
0.083333,1.000000,3.246575,29.977939,2.062916,58.000000,0.764516
0.083333,0.970430,1.271186,30.000000,1.858696,24.000000,0.559701
0.066667,0.156804,1.833333,27.138853,1.609524,15.000000,0.647059
0.066667,0.156804,1.833333,27.138853,1.609524,15.000000,0.647059
0.040000,0.985226,1.100000,30.000000,1.932308,26.000000,0.523810
0.040000,0.205004,2.406250,30.000000,1.890000,25.000000,0.706422
0.040000,0.205004,2.406250,30.000000,1.890000,25.000000,0.706422
0.040000,0.985226,1.100000,30.000000,1.932308,26.000000,0.523810
0.071429,0.899758,1.400000,29.210714,1.957672,28.000000,0.583333
0.071429,1.000000,1.344828,27.142091,1.882353,18.000000,0.573529
0.071429,0.899758,1.400000,29.210714,1.957672,28.000000,0.583333
0.071429,1.000000,1.344828,27.142091,1.882353,18.000000,0.573529
0.071429,0.899758,1.400000,29.210714,1.957672,28.000000,0.583333
0.071429,1.000000,1.344828,27.142091,1.882353,18.000000,0.573529
0.083333,0.970430,1.271186,30.000000,1.858696,24.000000,0.559701
0.083333,1.000000,3.246575,29.977939,2.062916,58.000000,0.764516
0.040000,0.985226,1.100000,30.000000,1.932308,26.000000,0.523810
0.040000,0.205004,2.406250,30.000000,1.890000,25.000000,0.706422
0.066667,0.156804,1.833333,27.138853,1.609524,15.000000,0.647059
0.083333,0.970430,1.271186,30.000000,1.858696,24.000000,0.559701
0.083333,1.000000,3.246575,29.977939,2.062916,58.000000,0.764516
0.040000,0.205004,2.406250,30.000000,1.890000,25.000000,0.706422
0.040000,0.985226,1.100000,30.000000,1.932308,26.000000,0.523810
0.027778,0.835792,1.597561,26.309432,1.925397,36.000000,0.615023
0.027778,0.063894,1.434783,29.900153,2.076923,65.000000,0.589286
0.029412,0.340029,1.434783,29.505323,2.076923,65.000000,0.589286
0.029412,0.700004,1.592105,19.420877,1.925134,34.000000,0.614213
0.034483,0.044338,2.715328,30.000000,2.019969,63.000000,0.730845
0.034483,0.738139,0.787611,28.727150,2.022167,29.000000,0.440594
0.111111,0.016993,1.200000,29.983903,1.651515,12.000000,0.545455
0.111111,1.000000,1.875000,28.010555,1.666667,9.000000,0.652174
0.034483,0.444093,1.443396,29.737356,2.111933,47.000000,0.590734
0.034483,0.738139,0.787611,28.727150,2.022167,29.000000,0.440594
0.090909,0.998925,1.541667,30.000000,1.833333,16.000000,0.606557
0.111111,1.000000,1.520000,29.759247,1.564103,13.000000,0.603175
0.019608,0.465303,2.657534,29.291971,2.092549,51.000000,0.726592
0.019608,0.124167,1.500000,29.688048,2.059615,65.000000,0.600000
0.032258,0.513842,2.738095,29.367830,2.118421,57.000000,0.732484
0.032258,1.000000,1.557377,25.989658,1.795699,31.000000,0.608974
0.031250,0.677772,2.900000,29.214963,2.113475,48.000000,0.743590
0.052632,1.000000,1.075000,15.588331,1.941520,19.000000,0.518072
0.052632,0.274587,2.306122,29.150758,1.892045,33.000000,0.697531
0.142857,0.895701,6.000000,29.131745,1.428571,7.000000,0.857143
0.083333,0.018274,1.785714,29.332100,2.049020,69.000000,0.641026
0.083333,0.125822,1.625000,30.000000,1.901849,38.000000,0.619048
0.083333,0.082721,2.645161,29.978314,2.101449,46.000000,0.725664
0.166667,1.000000,2.500000,30.000000,1.551282,13.000000,0.714286
0.166667,1.000000,1.666667,30.000000,1.736842,19.000000,0.625000
0.076923,0.638416,1.400000,30.000000,1.743590,13.000000,0.583333
0.083333,0.838894,1.125000,30.000000,1.816667,16.000000,0.529412
0.083333,0.838894,1.125000,30.000000,1.816667,16.000000,0.529412
0.076923,0.909835,1.400000,30.000000,1.743590,13.000000,0.583333
0.083333,0.586521,1.074074,30.000000,1.813187,14.000000,0.517857
0.083333,0.383431,1.941176,28.512033,1.500000,12.000000,0.660000
0.083333,0.870055,1.074074,30.000000,1.813187,14.000000,0.517857
0.083333,0.383431,1.941176,28.512033,1.500000,12.000000,0.660000
0.100000,0.575353,2.632000,29.176026,2.037989,59.000000,0.724670
0.083333,0.004444,1.454545,30.000000,1.560606,12.000000,0.592593
0.038462,0.275291,1.785714,16.916249,1.935385,26.000000,0.641026
0.038462,1.000000,1.545455,30.000000,1.974395,38.000000,0.607143
0.058824,0.546914,1.724138,29.993413,2.049020,69.000000,0.632911
0.038462,0.275291,1.785714,16.916249,1.935385,26.000000,0.641026
0.038462,1.000000,1.545455,30.000000,1.974395,38.000000,0.607143
0.250000,1.000000,1.600000,30.000000,1.533333,6.000000,0.615385
0.250000,0.287386,1.600000,30.000000,1.533333,6.000000,0.615385
0.166667,0.811638,5.000000,28.121806,2.244444,10.000000,0.833333
0.076923,1.000000,1.647059,28.768470,1.692308,13.000000,0.622222
0.076923,0.305038,1.500000,29.332921,1.905797,24.000000,0.600000
0.200000,0.004525,1.636364,29.371559,1.781818,11.000000,0.620690
0.058824,1.000000,1.459459,23.564218,1.730994,19.000000,0.593407
0.071429,1.000000,1.944444,30.000000,1.681319,14.000000,0.660377
0.071429,1.000000,1.459459,23.564218,1.730994,19.000000,0.593407
0.111111,0.048419,2.210526,27.543991,1.363636,12.000000,0.688525
0.100000,0.996305,1.769231,24.238552,1.533333,10.000000,0.638889
0.100000,0.390212,2.549020,30.000000,1.838710,32.000000,0.718232
0.100000,0.996305,1.769231,24.238552,1.533333,10.000000,0.638889
0.100000,0.390212,2.549020,30.000000,1.838710,32.000000,0.718232
0.066667,1.000000,4.214286,24.617019,2.055336,23.000000,0.808219
0.058824,0.367548,4.294118,29.626052,1.900840,35.000000,0.811111
0.125000,0.975805,3.795918,29.682025,2.796128,58.000000,0.791489
0.125000,1.000000,1.857143,25.464969,1.535714,8.000000,0.650000
0.142857,0.625710,3.947368,28.852553,1.766234,22.000000,0.797872
0.142857,0.933559,5.666667,26.393739,1.190476,7.000000,0.850000
0.058824,0.367548,4.294118,29.626052,1.900840,35.000000,0.811111
0.058824,0.367548,4.294118,29.626052,1.900840,35.000000,0.811111
0.058824,0.367548,4.294118,29.626052,1.900840,35.000000,0.811111
0.111111,0.163586,5.360000,30.000000,1.884470,33.000000,0.842767
0.111111,1.000000,1.800000,10.809699,1.500000,9.000000,0.642857
0.058824,0.367548,4.294118,29.626052,1.900840,35.000000,0.811111
0.142857,1.000000,3.947368,28.852553,1.766234,22.000000,0.797872
0.142857,0.933559,5.666667,26.393739,1.190476,7.000000,0.850000
0.111111,1.000000,1.500000,24.453020,1.748538,19.000000,0.600000
0.111111,0.740321,2.100000,28.557083,1.416667,9.000000,0.677419
0.125000,1.000000,1.857143,25.464969,1.535714,8.000000,0.650000
0.125000,0.371153,3.795918,29.682025,2.796128,58.000000,0.791489
0.125000,0.315709,3.795918,29.682025,2.796128,58.000000,0.791489
0.125000,1.000000,1.857143,25.464969,1.535714,8.000000,0.650000
0.071429,0.378265,4.294118,30.000000,1.900840,35.000000,0.811111
0.071429,1.000000,2.388889,27.751339,1.593407,14.000000,0.704918
0.142857,1.000000,3.947368,28.852553,1.766234,22.000000,0.797872
0.142857,0.933559,5.666667,26.393739,1.190476,7.000000,0.850000
0.058824,0.367548,4.294118,29.626052,1.900840,35.000000,0.811111
0.111111,0.163586,5.360000,30.000000,1.884470,33.000000,0.842767
0.111111,1.000000,1.800000,10.809699,1.500000,9.000000,0.642857
0.111111,1.000000,1.500000,24.453020,1.748538,19.000000,0.600000
0.111111,0.740321,2.100000,28.557083,1.416667,9.000000,0.677419
0.111111,1.000000,1.500000,24.453020,1.748538,19.000000,0.600000
0.111111,0.740321,2.100000,28.557083,1.416667,9.000000,0.677419
0.071429,0.378265,4.294118,30.000000,1.900840,35.000000,0.811111
0.071429,1.000000,2.388889,27.751339,1.593407,14.000000,0.704918
0.111111,0.163586,5.360000,30.000000,1.884470,33.000000,0.842767
0.111111,1.000000,1.800000,10.809699,1.500000,9.000000,0.642857
0.071429,0.378265,4.294118,30.000000,1.900840,35.000000,0.811111
0.071429,1.000000,2.388889,27.751339,1.593407,14.000000,0.704918
0.125000,0.730954,1.800000,29.746378,2.021645,22.000000,0.642857
0.062500,0.400028,2.275000,25.759692,1.997537,29.000000,0.694656
0.034483,0.400028,2.275000,25.759692,1.997537,29.000000,0.694656
0.034483,0.770159,1.400000,29.984946,2.134752,48.000000,0.583333
0.250000,0.400028,2.275000,25.759692,1.997537,29.000000,0.694656
0.076923,1.000000,1.524590,28.846154,2.139517,52.000000,0.603896
0.076923,1.000000,1.524590,28.846154,2.139517,52.000000,0.603896
0.111111,0.744015,1.311111,28.125000,1.550000,16.000000,0.567308
0.111111,0.008850,1.846154,30.000000,1.333333,9.000000,0.648649
0.045455,0.252701,1.638298,26.538488,1.855385,26.000000,0.620968
0.045455,1.000000,1.454545,30.000000,1.943723,22.000000,0.592593
0.043478,0.252701,1.638298,26.538488,1.855385,26.000000,0.620968
0.043478,0.270588,1.829268,23.240233,1.703557,23.000000,0.646552
0.043478,0.252701,1.638298,26.538488,1.855385,26.000000,0.620968
0.043478,0.270588,1.829268,23.240233,1.703557,23.000000,0.646552
0.045455,1.000000,1.454545,30.000000,1.943723,22.000000,0.592593
0.045455,0.252701,1.638298,26.538488,1.855385,26.000000,0.620968
0.083333,0.475462,1.275000,29.857194,1.973684,20.000000,0.560440
0.166667,0.406769,1.382353,18.019894,1.891954,30.000000,0.580247
0.083333,0.004367,2.603774,29.856920,1.833333,33.000000,0.722513
0.083333,0.960001,2.076923,24.257086,1.681818,12.000000,0.675000
0.045455,0.195283,1.454545,27.410457,1.943723,22.000000,0.592593
0.045455,0.119968,3.130841,29.980903,1.969245,67.000000,0.757919
0.125000,0.004367,1.909091,29.387270,1.250000,8.000000,0.656250
0.125000,0.406769,1.382353,18.019894,1.891954,30.000000,0.580247
0.062500,0.466444,1.454545,28.422790,1.786765,17.000000,0.592593
0.062500,1.000000,3.083333,28.042399,1.866667,16.000000,0.755102
0.142857,0.004367,2.142857,29.072852,1.285714,7.000000,0.681818
0.142857,0.406769,1.382353,18.019894,1.891954,30.000000,0.580247
0.083333,0.004367,2.603774,29.856920,1.833333,33.000000,0.722513
0.083333,0.960001,2.076923,24.257086,1.681818,12.000000,0.675000
0.045455,0.481875,1.129032,28.661143,2.116809,27.000000,0.530303
0.045455,0.713744,1.543478,9.716544,1.692641,22.000000,0.606838
0.100000,0.757767,2.571429,25.268464,1.688889,10.000000,0.720000
0.100000,0.592928,1.857143,29.281429,1.838235,17.000000,0.650000
0.200000,1.000000,1.677966,29.025657,1.887701,34.000000,0.626582
0.083333,0.525758,1.416667,29.600384,2.111933,47.000000,0.586207
0.090909,0.168081,1.532258,28.581918,1.795699,31.000000,0.605096
0.090909,0.021834,1.714286,26.643260,1.844156,22.000000,0.631579
0.090909,0.412796,1.571429,23.964313,1.575758,12.000000,0.611111
0.142857,0.937418,1.400000,29.984946,2.134752,48.000000,0.583333
0.142857,0.140845,2.500000,29.502972,1.523810,7.000000,0.714286
0.076923,0.012987,2.181818,28.256456,1.756410,13.000000,0.685714
0.076923,0.130174,2.361702,26.665492,2.135472,34.000000,0.702532
0.125000,0.077734,2.220000,29.602398,2.135472,34.000000,0.689441
0.029412,0.737845,1.416667,29.600384,2.111933,47.000000,0.586207
0.029412,0.130174,2.361702,26.665492,2.135472,34.000000,0.702532
0.041667,0.152171,1.906977,28.750000,1.858696,24.000000,0.656000
0.041667,0.611636,1.519126,29.564993,2.054079,66.000000,0.603037
0.041667,0.152171,1.906977,28.750000,1.858696,24.000000,0.656000
0.041667,0.611636,1.519126,29.564993,2.054079,66.000000,0.603037
0.062500,0.042842,1.500000,26.254994,1.777778,19.000000,0.600000
0.062500,0.733376,1.529412,25.164189,1.760000,26.000000,0.604651
0.200000,0.682456,4.333333,25.000000,1.133333,6.000000,0.812500
0.071429,0.106626,2.791667,30.000000,1.860000,25.000000,0.736264
0.142857,0.357125,1.500000,20.539540,1.777778,19.000000,0.600000
0.166667,0.988696,1.939394,29.995289,2.032927,41.000000,0.659794
0.166667,0.932862,1.800000,25.000000,1.400000,6.000000,0.642857
0.090909,0.804990,1.862745,28.942855,2.035651,34.000000,0.650685
0.090909,0.066800,2.000000,30.000000,1.490909,11.000000,0.666667
0.066667,0.070641,1.869565,26.744063,1.750000,17.000000,0.651515
0.066667,0.870654,1.894737,27.804832,1.966154,26.000000,0.654545
0.071429,0.090798,1.714286,26.643260,1.844156,22.000000,0.631579
0.071429,0.037235,1.687500,29.702424,1.758242,14.000000,0.627907
0.066667,0.926073,1.717949,29.446610,1.950000,25.000000,0.632075
0.066667,0.184963,2.533333,29.895417,1.638095,15.000000,0.716981
0.200000,1.000000,1.600000,26.666667,1.555556,9.000000,0.615385
0.200000,0.012766,2.000000,30.000000,1.400000,5.000000,0.666667
0.024390,0.742201,1.416667,29.615694,2.111933,47.000000,0.586207
0.024390,0.735827,2.000000,27.955442,2.032927,41.000000,0.666667
0.111111,0.741175,1.666667,14.251870,2.044118,17.000000,0.625000
0.111111,0.008475,7.000000,27.645127,1.777778,9.000000,0.875000
0.058824,0.178624,1.584906,28.489586,2.113469,50.000000,0.613139
0.058824,0.741175,1.666667,14.251870,2.044118,17.000000,0.625000
0.058824,0.113347,1.769231,29.354885,1.661765,17.000000,0.638889
0.058824,0.741175,1.666667,14.251870,2.044118,17.000000,0.625000
0.111111,0.178169,1.437500,29.324691,1.388889,9.000000,0.589744
0.111111,0.741175,1.666667,14.251870,2.044118,17.000000,0.625000
0.100000,1.000000,1.923077,30.000000,1.581818,11.000000,0.657895
0.166667,0.471185,1.769231,28.634411,1.741667,16.000000,0.638889
0.100000,0.122779,1.695652,30.000000,1.901849,38.000000,0.629032
0.200000,0.665433,2.461538,29.377473,1.692308,14.000000,0.711111
0.200000,0.580247,5.000000,24.000000,1.600000,5.000000,0.833333
0.100000,0.468736,1.846154,30.000000,1.563636,11.000000,0.648649
0.142857,0.017094,1.625000,25.714286,1.380952,7.000000,0.619048
0.142857,1.000000,2.107692,27.692308,1.979757,39.000000,0.678218
0.055556,0.216540,1.555556,28.397129,1.673203,18.000000,0.608696
0.055556,0.238031,1.464286,25.884802,2.133333,30.000000,0.594203
0.066667,0.238031,1.464286,25.884802,2.133333,30.000000,0.594203
0.066667,0.017094,2.111111,28.747871,1.714286,15.000000,0.678571
0.055556,0.216540,1.555556,28.397129,1.673203,18.000000,0.608696
0.055556,0.345254,1.464286,25.884802,2.133333,30.000000,0.594203
0.066667,0.345254,1.464286,25.884802,2.133333,30.000000,0.594203
0.066667,0.017094,2.111111,28.747871,1.714286,15.000000,0.678571
0.250000,0.358495,1.615385,29.759235,1.487179,13.000000,0.617647
0.058824,0.402739,2.307692,29.924734,1.632353,17.000000,0.697674
0.058824,0.004255,1.600000,30.000000,1.686275,18.000000,0.615385
0.090909,0.912239,1.764706,24.133700,1.454545,11.000000,0.638298
0.090909,0.912239,1.764706,24.133700,1.454545,11.000000,0.638298
0.090909,0.068849,1.558824,27.939573,2.241107,23.000000,0.609195
0.076923,1.000000,1.066667,25.179778,1.641026,13.000000,0.516129
0.142857,0.080214,2.500000,30.000000,1.523810,7.000000,0.714286
0.142857,0.333141,1.594595,28.212042,2.124434,52.000000,0.614583
0.142857,0.543999,1.375000,18.093344,1.894624,31.000000,0.578947
0.142857,0.008403,2.250000,27.103306,1.142857,7.000000,0.692308
0.200000,0.206275,1.791045,28.420795,1.861742,33.000000,0.641711
0.125000,0.543999,1.375000,18.093344,1.894624,31.000000,0.578947
0.125000,0.095126,1.909091,29.943183,1.250000,8.000000,0.656250
0.142857,0.008403,2.142857,29.775894,1.285714,7.000000,0.681818
0.142857,0.543999,1.375000,18.093344,1.894624,31.000000,0.578947
0.166667,0.013486,0.831776,29.510250,2.034483,29.000000,0.454082
0.090909,0.063865,1.736842,29.804298,2.074074,27.000000,0.634615
0.058824,0.053576,1.518519,26.472113,1.805128,40.000000,0.602941
0.058824,1.000000,1.615385,28.558753,1.779412,17.000000,0.617647
0.250000,0.053576,1.518519,26.472113,1.805128,40.000000,0.602941
0.052632,0.932466,1.701754,27.830818,1.945076,33.000000,0.629870
0.066667,0.053576,1.518519,26.472113,1.805128,40.000000,0.602941
0.066667,0.592944,2.040000,30.000000,1.542857,15.000000,0.671053
0.090909,0.406154,1.979592,29.638405,2.014423,65.000000,0.664384
0.083333,0.392457,1.597561,26.309432,1.925397,36.000000,0.615023
0.083333,1.000000,2.888889,29.527013,1.727273,12.000000,0.742857
0.100000,0.021459,2.571429,30.000000,1.600000,10.000000,0.720000
0.100000,1.000000,2.500000,27.815058,1.666667,10.000000,0.714286
0.100000,0.764546,1.658537,29.689180,1.544118,17.000000,0.623853
0.062500,1.000000,2.755556,30.000000,2.019969,63.000000,0.733728
0.062500,1.000000,1.857143,24.833754,2.033333,16.000000,0.650000
0.166667,1.000000,4.500000,28.385427,1.466667,6.000000,0.818182
0.250000,0.148899,1.272727,18.320301,2.147436,40.000000,0.560000
0.083333,1.000000,2.000000,30.000000,1.772727,12.000000,0.666667
0.083333,1.000000,1.398058,29.990119,2.125604,46.000000,0.582996
0.028571,0.022908,2.188679,27.352215,2.144538,35.000000,0.686391
0.028571,0.679427,1.654206,28.294698,2.130468,52.000000,0.623239
0.142857,0.448801,1.343434,21.494772,2.140592,44.000000,0.573276
0.142857,0.356500,2.285714,30.000000,1.238095,7.000000,0.695652
0.200000,0.331153,1.411765,25.851716,2.125604,46.000000,0.585366
0.125000,0.448801,1.343434,21.494772,2.140592,44.000000,0.573276
0.125000,1.000000,1.695652,29.308040,1.571429,14.000000,0.629032
0.090909,0.652666,1.714286,26.643260,1.844156,22.000000,0.631579
0.090909,0.556208,1.750000,29.158167,1.736264,14.000000,0.636364
0.090909,0.589166,7.250000,29.739171,1.621212,12.000000,0.878788
0.111111,0.851607,1.250000,26.481150,1.600000,10.000000,0.555556
0.111111,1.000000,2.111111,24.522914,1.472222,9.000000,0.678571
0.055556,0.000000,1.303030,30.000000,1.823529,18.000000,0.565789
0.055556,0.418175,1.371901,28.835631,1.867596,42.000000,0.578397
0.250000,0.418175,1.371901,28.835631,1.867596,42.000000,0.578397
0.058824,0.317804,2.826087,28.978775,1.544118,17.000000,0.738636
0.058824,0.418175,1.371901,28.835631,1.867596,42.000000,0.578397
0.125000,0.004149,2.000000,30.000000,1.428571,8.000000,0.666667
0.111111,0.580721,1.833333,29.735803,1.731579,20.000000,0.647059
0.285714,0.960362,2.000000,30.000000,1.392857,8.000000,0.666667
0.285714,0.935352,2.000000,30.000000,1.392857,8.000000,0.666667
0.200000,0.191577,1.464286,25.884802,2.133333,30.000000,0.594203
0.200000,0.163450,1.464286,25.884802,2.133333,30.000000,0.594203
0.062500,0.864556,2.769231,29.328404,2.101538,26.000000,0.734694
0.250000,0.338744,1.230769,23.124349,1.704762,21.000000,0.551724
0.071429,0.121825,3.429907,29.487763,1.938619,69.000000,0.774262
0.071429,1.000000,1.607143,27.441398,1.794118,17.000000,0.616438
0.142857,0.004149,2.250000,29.012449,1.142857,7.000000,0.692308
0.142857,0.572953,1.383562,20.268136,1.903226,32.000000,0.580460
0.058824,0.760942,1.468085,28.800000,1.930000,25.000000,0.594828
0.058824,0.004149,3.600000,28.065327,1.735294,17.000000,0.782609
0.125000,0.004149,1.750000,30.000000,1.250000,8.000000,0.636364
0.125000,0.572953,1.383562,20.268136,1.903226,32.000000,0.580460
0.142857,0.004149,1.875000,30.000000,1.285714,7.000000,0.652174
0.142857,0.572953,1.383562,20.268136,1.903226,32.000000,0.580460
0.066667,0.622879,2.600000,29.783144,2.116559,47.000000,0.722222
0.066667,0.467006,1.311111,28.125000,1.550000,16.000000,0.567308
0.166667,0.142474,1.333333,28.201299,1.533333,6.000000,0.571429
0.083333,0.076556,1.657895,30.000000,1.307692,14.000000,0.623762
0.083333,1.000000,2.077586,30.000000,1.982530,54.000000,0.675070
0.083333,1.000000,2.077586,30.000000,1.982530,54.000000,0.675070
0.083333,0.076556,1.657895,30.000000,1.307692,14.000000,0.623762
0.200000,1.000000,1.493671,30.000000,1.824597,32.000000,0.598985
0.200000,1.000000,1.493671,30.000000,1.824597,32.000000,0.598985
0.200000,1.000000,1.493671,30.000000,1.824597,32.000000,0.598985
0.083333,1.000000,2.077586,30.000000,1.982530,54.000000,0.675070
0.083333,0.076556,1.657895,30.000000,1.307692,14.000000,0.623762
0.083333,0.076556,1.657895,30.000000,1.307692,14.000000,0.623762
0.083333,1.000000,2.077586,30.000000,1.982530,54.000000,0.675070
0.200000,1.000000,1.493671,30.000000,1.824597,32.000000,0.598985
0.083333,1.000000,2.077586,30.000000,1.982530,54.000000,0.675070
0.083333,0.076556,1.657895,30.000000,1.307692,14.000000,0.623762
0.200000,1.000000,1.493671,30.000000,1.824597,32.000000,0.598985
0.125000,0.254808,1.605263,29.760221,1.709524,21.000000,0.616162
0.111111,0.595515,2.571429,26.666667,1.500000,9.000000,0.720000
0.071429,0.721437,3.428571,26.138210,2.153846,14.000000,0.774194
0.200000,1.000000,4.666667,28.187500,1.750000,16.000000,0.823529
0.166667,0.192591,1.800000,25.000000,1.400000,6.000000,0.642857
0.142857,1.000000,1.833333,27.138853,1.609524,15.000000,0.647059
0.032258,0.246619,2.145833,28.814135,1.875269,31.000000,0.682119
0.076923,0.000000,2.419355,30.000000,1.930000,25.000000,0.707547
0.076923,0.740015,2.272727,25.384617,1.782051,13.000000,0.694444
0.250000,0.333758,1.743243,29.323141,1.896154,40.000000,0.635468
0.090909,0.232212,2.818182,30.000000,2.019969,63.000000,0.738095
0.166667,0.800358,2.890000,28.043222,2.044156,56.000000,0.742931
0.041667,0.001240,2.597222,29.546875,2.031250,64.000000,0.722008
0.041667,0.855675,2.240000,28.750000,2.355072,24.000000,0.691358
0.041667,0.001240,2.597222,29.546875,2.031250,64.000000,0.722008
0.041667,0.170814,2.240000,28.750000,2.355072,24.000000,0.691358
0.111111,0.170814,2.240000,28.750000,2.355072,24.000000,0.691358
0.111111,0.082569,2.300000,29.857831,1.361111,9.000000,0.696970
0.071429,0.170814,2.240000,28.750000,2.355072,24.000000,0.691358
0.111111,0.855675,2.240000,28.750000,2.355072,24.000000,0.691358
0.111111,0.082569,2.300000,29.857831,1.361111,9.000000,0.696970
0.071429,0.855675,2.240000,28.750000,2.355072,24.000000,0.691358
0.083333,0.969706,1.562500,29.286628,1.727273,12.000000,0.609756
0.083333,0.370419,2.444444,29.620139,1.683333,16.000000,0.709677
0.055556,0.519906,1.371901,28.835631,1.867596,42.000000,0.578397
0.250000,0.170603,1.378378,28.737809,1.857895,20.000000,0.579545
0.166667,0.693751,2.038462,29.058242,1.676471,17.000000,0.670886
0.090909,0.008403,5.250000,30.000000,1.836364,11.000000,0.840000
0.066667,0.415019,1.844444,30.000000,1.889231,26.000000,0.648438
0.083333,0.124248,2.454545,30.000000,1.590909,12.000000,0.710526
0.058824,0.019858,2.120690,28.276718,1.996639,35.000000,0.679558
0.047619,0.292327,1.660377,29.930912,1.917379,27.000000,0.624113
0.090909,0.959607,2.333333,28.998099,1.775000,16.000000,0.700000
0.090909,0.959607,2.333333,28.998099,1.775000,16.000000,0.700000
0.058824,0.259826,2.090909,21.422302,1.661765,17.000000,0.676471
0.047619,0.292327,1.660377,29.930912,1.917379,27.000000,0.624113
0.111111,0.463435,1.600000,29.031625,1.555556,9.000000,0.615385
0.111111,0.004219,1.935484,27.828773,1.782609,24.000000,0.659341
0.062500,0.151544,1.371901,28.835631,1.867596,42.000000,0.578397
0.062500,0.036221,1.900000,27.898394,1.775000,16.000000,0.655172
0.055556,0.602375,2.106383,27.710714,2.263866,35.000000,0.678082
0.055556,0.008747,1.777778,29.541806,1.686275,18.000000,0.640000
0.062500,0.136428,2.740741,27.038445,2.131054,27.000000,0.732673
0.040000,0.602375,2.106383,27.710714,2.263866,35.000000,0.678082
0.040000,0.045460,1.750000,28.828249,1.923333,25.000000,0.636364
0.055556,0.008747,1.777778,29.541806,1.686275,18.000000,0.640000
0.055556,0.602375,2.106383,27.710714,2.263866,35.000000,0.678082
0.055556,0.008747,1.777778,29.541806,1.686275,18.000000,0.640000
0.055556,0.602375,2.106383,27.710714,2.263866,35.000000,0.678082
0.040000,0.602375,2.106383,27.710714,2.263866,35.000000,0.678082
0.040000,0.045460,1.750000,28.828249,1.923333,25.000000,0.636364
0.040000,0.045460,1.750000,28.828249,1.923333,25.000000,0.636364
0.040000,0.602375,2.106383,27.710714,2.263866,35.000000,0.678082
0.040000,0.045460,1.750000,28.828249,1.923333,25.000000,0.636364
0.040000,0.602375,2.106383,27.710714,2.263866,35.000000,0.678082
0.055556,0.602375,2.106383,27.710714,2.263866,35.000000,0.678082
0.055556,0.008747,1.777778,29.541806,1.686275,18.000000,0.640000
0.055556,0.602375,2.106383,27.710714,2.263866,35.000000,0.678082
0.055556,0.008747,1.777778,29.541806,1.686275,18.000000,0.640000
0.040000,0.045460,1.750000,28.828249,1.923333,25.000000,0.636364
0.040000,0.602375,2.106383,27.710714,2.263866,35.000000,0.678082
0.100000,0.434012,4.333333,30.000000,1.942857,35.000000,0.812500
0.100000,1.000000,1.533333,10.367657,1.555556,10.000000,0.605263
0.166667,0.197934,1.571429,30.000000,1.787879,22.000000,0.611111
0.250000,1.000000,1.609756,30.000000,1.787879,22.000000,0.616822
0.052632,1.000000,2.552632,30.000000,1.743386,28.000000,0.718519
0.052632,0.489661,4.612903,30.000000,1.942857,35.000000,0.821839
0.052632,1.000000,2.552632,30.000000,1.743386,28.000000,0.718519
0.052632,0.489661,4.612903,30.000000,1.942857,35.000000,0.821839
0.100000,0.434012,4.333333,30.000000,1.942857,35.000000,0.812500
0.100000,1.000000,1.533333,10.367657,1.555556,10.000000,0.605263
0.250000,1.000000,1.609756,30.000000,1.787879,22.000000,0.616822
0.166667,0.197934,1.571429,30.000000,1.787879,22.000000,0.611111
0.125000,0.731822,3.348837,30.000000,1.963492,36.000000,0.770053
0.125000,0.775777,2.846154,28.610586,1.589744,13.000000,0.740000
0.125000,0.775777,2.846154,28.610586,1.589744,13.000000,0.740000
0.125000,0.731822,3.348837,30.000000,1.963492,36.000000,0.770053
0.133333,0.490434,1.538462,29.334054,1.791667,16.000000,0.606061
0.058824,0.453496,1.875000,29.957494,1.669118,17.000000,0.652174
0.058824,1.000000,1.653846,16.608911,1.718954,18.000000,0.623188
0.034483,0.871331,1.867925,24.453277,1.830049,29.000000,0.651316
0.034483,1.000000,2.126437,30.000000,1.869324,43.000000,0.680147
0.071429,0.928821,1.783333,30.000000,1.822989,30.000000,0.640719
0.034483,0.871331,1.867925,24.453277,1.830049,29.000000,0.651316
0.034483,1.000000,2.126437,30.000000,1.869324,43.000000,0.680147
0.034483,1.000000,2.126437,30.000000,1.869324,43.000000,0.680147
0.034483,0.871331,1.867925,24.453277,1.830049,29.000000,0.651316
0.047619,1.000000,1.307692,28.754880,1.957143,21.000000,0.566667
0.047619,0.980328,1.442623,24.151696,1.702899,24.000000,0.590604
0.034483,0.871331,1.867925,24.453277,1.830049,29.000000,0.651316
0.034483,1.000000,2.126437,30.000000,1.869324,43.000000,0.680147
0.034483,1.000000,2.126437,30.000000,1.869324,43.000000,0.680147
0.034483,0.871331,1.867925,24.453277,1.830049,29.000000,0.651316
0.071429,0.872310,1.867925,26.472128,1.830049,29.000000,0.651316
0.100000,0.156991,4.333333,30.000000,1.738562,18.000000,0.812500
0.100000,1.000000,1.636364,23.786167,1.600000,10.000000,0.620690
0.100000,1.000000,1.636364,23.786167,1.600000,10.000000,0.620690
0.100000,0.156991,4.333333,30.000000,1.738562,18.000000,0.812500
0.200000,0.266572,1.656250,23.096502,1.884211,20.000000,0.623529
0.055556,0.266572,1.656250,23.096502,1.884211,20.000000,0.623529
0.055556,0.665853,2.227273,28.421053,1.795322,19.000000,0.690141
0.200000,0.012552,0.902439,21.130354,1.900000,16.000000,0.474359
0.142857,0.221591,3.177778,27.484103,1.902834,39.000000,0.760638
0.142857,1.000000,1.625000,29.645477,1.380952,7.000000,0.619048
0.043478,1.000000,1.973684,28.975995,1.703557,23.000000,0.663717
0.043478,0.250467,1.795455,28.801723,1.874644,27.000000,0.642276
0.043478,1.000000,1.973684,28.975995,1.703557,23.000000,0.663717
0.043478,0.250467,1.795455,28.801723,1.874644,27.000000,0.642276
0.166667,0.118279,1.303030,30.000000,1.823529,18.000000,0.565789
0.166667,1.000000,1.600000,30.000000,1.466667,6.000000,0.615385
0.076923,1.000000,1.478261,27.221171,1.679487,13.000000,0.596491
0.076923,1.000000,1.555556,29.815885,1.779412,17.000000,0.608696
0.055556,0.015856,1.303030,30.000000,1.823529,18.000000,0.565789
0.055556,0.086102,1.566038,28.064073,1.867596,42.000000,0.610294
0.076923,0.186948,2.240000,28.750000,2.355072,24.000000,0.691358
0.076923,0.015856,1.303030,30.000000,1.823529,18.000000,0.565789
0.125000,1.000000,1.697248,29.645496,2.132549,51.000000,0.629252
0.125000,1.000000,1.062500,25.898511,1.428571,8.000000,0.515152
0.166667,0.650117,4.500000,30.000000,1.466667,6.000000,0.818182
0.125000,1.000000,1.697248,29.645496,2.132549,51.000000,0.629252
0.125000,1.000000,1.062500,25.898511,1.428571,8.000000,0.515152
0.076923,0.197666,2.188679,27.352215,2.144538,35.000000,0.686391
0.076923,1.000000,2.000000,30.000000,1.756410,13.000000,0.666667
0.111111,0.197666,2.188679,27.352215,2.144538,35.000000,0.686391
0.111111,0.357143,2.125000,25.571492,1.527778,9.000000,0.680000
0.166667,0.038289,1.333333,28.754947,1.476190,7.000000,0.571429
0.166667,1.000000,14.000000,28.547438,1.066667,6.000000,0.933333
0.031250,0.438474,2.628099,28.711094,2.040532,58.000000,0.724374
0.166667,1.000000,1.618421,29.928161,1.898785,39.000000,0.618090
0.125000,1.000000,1.767123,29.299375,1.896154,40.000000,0.638614
0.035714,0.086047,1.762712,30.000000,1.854497,28.000000,0.638037
0.035714,0.086047,1.762712,30.000000,1.854497,28.000000,0.638037
0.058824,1.000000,1.662162,29.606163,1.898785,39.000000,0.624365
0.125000,0.146903,2.240000,28.750000,2.355072,24.000000,0.691358
0.125000,1.000000,1.625000,22.500084,1.535714,8.000000,0.619048
0.076923,0.800809,1.500000,30.000000,1.717949,13.000000,0.600000
0.125000,0.131411,2.240000,28.750000,2.355072,24.000000,0.691358
0.125000,1.000000,1.625000,22.500084,1.535714,8.000000,0.619048
0.100000,0.402123,2.393617,27.909586,2.271889,63.000000,0.705329
0.027027,0.065513,2.070513,29.978956,2.005968,69.000000,0.674322
0.027027,0.762028,1.380435,19.193463,1.938438,37.000000,0.579909
0.028571,0.065876,2.019231,29.329066,1.993277,35.000000,0.668790
0.028571,0.762028,1.380435,19.193463,1.938438,37.000000,0.579909
0.142857,0.012245,1.500000,25.857146,1.476190,7.000000,0.600000
0.142857,0.762028,1.380435,19.193463,1.938438,37.000000,0.579909
0.041667,0.043966,1.935484,29.896598,1.782609,24.000000,0.659341
0.041667,0.762028,1.380435,19.193463,1.938438,37.000000,0.579909
0.066667,1.000000,2.000000,30.000000,1.742857,15.000000,0.666667
0.066667,0.762028,1.380435,19.193463,1.938438,37.000000,0.579909
0.250000,1.000000,3.000000,30.000000,1.466667,10.000000,0.750000
0.083333,1.000000,2.500000,30.000000,1.742424,12.000000,0.714286
0.125000,1.000000,1.543478,9.716544,1.692641,22.000000,0.606838
0.055556,1.000000,0.923077,29.553760,1.851449,24.000000,0.480000
0.045455,0.009736,2.600000,29.462897,2.116559,47.000000,0.722222
0.045455,1.000000,1.543478,9.716544,1.692641,22.000000,0.606838
0.200000,0.004082,2.666667,30.000000,1.200000,5.000000,0.727273
0.111111,1.000000,1.029412,30.000000,1.692308,14.000000,0.507246
0.083333,0.197597,1.438596,25.820837,1.920228,27.000000,0.589928
0.111111,0.065365,1.650000,30.000000,1.681319,14.000000,0.622642
0.200000,1.000000,2.769231,28.957700,1.833333,16.000000,0.734694
0.100000,0.864728,1.714286,19.187672,1.563636,11.000000,0.631579
0.100000,0.864728,1.714286,19.187672,1.563636,11.000000,0.631579
0.062500,0.009099,1.750000,28.652752,1.847953,19.000000,0.636364
0.062500,0.348121,2.396552,29.982080,1.864528,34.000000,0.705584
0.062500,0.348121,2.396552,29.982080,1.864528,34.000000,0.705584
0.062500,0.178715,3.344538,29.650059,1.931534,72.000000,0.769826
0.055556,0.156991,5.333333,28.646515,1.640523,18.000000,0.842105
0.250000,0.560695,1.615385,30.000000,1.444444,9.000000,0.617647
0.062500,1.000000,0.902439,21.130354,1.900000,16.000000,0.474359
0.062500,0.444926,3.195122,30.000000,1.848485,33.000000,0.761628
0.062500,0.444926,3.195122,30.000000,1.848485,33.000000,0.761628
0.062500,1.000000,0.902439,21.130354,1.900000,16.000000,0.474359
0.111111,0.074807,1.641026,29.412855,1.722944,22.000000,0.621359
0.083333,1.000000,2.205882,30.000000,1.870769,26.000000,0.688073
0.083333,1.000000,2.157895,30.000000,1.378788,12.000000,0.683333
0.062500,0.044227,2.272727,25.935750,1.870769,26.000000,0.694444
0.111111,0.229078,2.047619,30.000000,1.750000,17.000000,0.671875
0.038462,0.045408,1.589041,29.372206,2.159556,59.000000,0.613757
0.038462,0.045408,1.589041,29.372206,2.159556,59.000000,0.613757
0.142857,1.000000,1.888889,26.817084,1.666667,10.000000,0.653846
0.038462,0.107784,1.851064,29.473122,1.892308,26.000000,0.649254
0.200000,1.000000,1.736842,29.249005,2.074074,27.000000,0.634615
0.038462,0.107784,1.851064,29.473122,1.892308,26.000000,0.649254
0.066667,1.000000,1.650000,30.000000,2.074074,27.000000,0.622642
0.142857,0.049959,1.958333,28.323485,1.609524,15.000000,0.661972
