chi,dp_norm,coh,stab,rad,size,ratio
0.142857,0.779959,26.000000,1.145990,1.666667,12.000000,0.962963
0.142857,0.201292,7.500000,0.993750,1.464286,8.000000,0.882353
0.200000,0.775604,6.333333,2.744087,1.727273,11.000000,0.863636
0.166667,0.981685,2.000000,1.788018,1.533333,6.000000,0.666667
0.166667,0.168550,7.800000,1.923620,1.626374,14.000000,0.886364
0.125000,0.270144,1.875000,2.277830,1.464286,8.000000,0.652174
0.125000,0.664076,9.500000,2.663222,1.577778,10.000000,0.904762
0.200000,0.941681,5.090909,4.486061,1.834409,31.000000,0.835821
0.200000,0.554072,4.000000,1.735266,1.200000,5.000000,0.800000
0.214286,0.950291,7.800000,1.923620,1.626374,14.000000,0.886364
0.090909,0.031089,4.400000,3.451492,1.600000,11.000000,0.814815
0.090909,0.483153,3.900000,4.839945,1.985294,17.000000,0.795918
0.250000,0.964376,7.818182,4.303395,1.706522,24.000000,0.886598
0.076923,0.138961,4.400000,5.258210,1.779221,22.000000,0.814815
0.181818,1.000000,2.266667,6.389341,1.800000,15.000000,0.693878
0.181818,0.711817,1.800000,6.411336,1.590909,12.000000,0.642857
0.200000,0.542857,3.000000,5.255626,1.400000,5.000000,0.750000
0.125000,0.805037,12.000000,5.094401,1.821429,8.000000,0.923077
0.125000,0.805037,12.000000,5.094401,1.821429,8.000000,0.923077
0.200000,0.639527,7.000000,2.385382,1.300000,5.000000,0.875000
0.083333,0.097547,4.400000,5.258210,1.779221,22.000000,0.814815
0.181818,0.023467,3.307692,8.581416,1.868093,34.000000,0.767857
0.250000,0.098367,2.951613,12.597399,1.847851,42.000000,0.746939
0.111111,0.912564,3.216667,13.089849,1.843854,43.000000,0.762846
0.083333,0.856374,2.536232,12.134854,1.850000,41.000000,0.717213
0.100000,0.492932,21.000000,8.155764,1.600000,10.000000,0.954545
0.100000,0.894492,2.951613,12.597399,1.847851,42.000000,0.746939
0.142857,0.583028,1.714286,8.540428,1.428571,7.000000,0.631579
0.142857,0.899800,3.346154,15.270455,1.764264,37.000000,0.769912
0.153846,0.618412,2.100000,3.555438,1.555556,10.000000,0.677419
0.153846,0.893940,2.944444,9.687643,1.848853,39.000000,0.746479
0.250000,1.000000,3.666667,9.219604,1.714286,8.000000,0.785714
0.100000,0.353417,1.842105,8.725380,1.602564,13.000000,0.648148
0.100000,0.333333,3.500000,5.972229,1.533333,10.000000,0.777778
0.058824,0.173987,3.600000,13.287352,1.751634,18.000000,0.782609
0.055556,0.563709,3.875000,12.469299,2.047619,22.000000,0.794872
0.250000,1.000000,2.000000,5.059834,1.333333,4.000000,0.666667
0.250000,0.739734,2.333333,9.769130,1.533333,6.000000,0.700000
0.166667,0.436057,3.500000,8.823039,1.533333,6.000000,0.777778
0.166667,0.433852,7.000000,9.864695,1.694444,9.000000,0.875000
0.142857,0.204683,3.500000,14.110906,2.437908,18.000000,0.777778
0.142857,0.851698,2.750000,8.390981,1.476190,7.000000,0.733333
0.200000,0.611511,2.333333,11.913204,1.300000,5.000000,0.700000
0.200000,0.885902,3.875000,12.469299,2.047619,22.000000,0.794872
0.142857,0.233098,2.200000,9.701152,1.600000,11.000000,0.687500
0.142857,0.920706,3.750000,8.091291,1.866667,10.000000,0.789474
0.250000,0.313828,2.684211,10.487916,1.720588,17.000000,0.728571
0.076923,0.954046,8.800000,10.135577,1.527473,14.000000,0.897959
0.076923,0.392192,1.736842,11.336001,1.576923,13.000000,0.634615
0.142857,0.016054,3.666667,7.219184,1.823529,17.000000,0.785714
0.083333,0.033713,1.818182,18.377810,1.833333,21.000000,0.645161
0.083333,0.193439,1.818182,18.377810,1.833333,21.000000,0.645161
0.200000,0.252512,1.627907,19.869854,1.960145,24.000000,0.619469
0.200000,0.384331,1.627907,19.869854,1.960145,24.000000,0.619469
0.142857,0.182931,1.808511,21.769403,1.960114,27.000000,0.643939
0.142857,0.025000,2.090909,18.789411,1.488889,10.000000,0.676471
0.142857,0.049531,1.808511,21.769403,1.960114,27.000000,0.643939
0.076923,0.692216,1.808511,21.769403,1.960114,27.000000,0.643939
0.076923,0.144135,2.517241,9.146468,2.211823,29.000000,0.715686
0.076923,0.018182,2.846154,11.008740,1.841667,16.000000,0.740000
0.076923,0.077833,1.808511,21.769403,1.960114,27.000000,0.643939
0.142857,1.000000,1.808511,21.769403,1.960114,27.000000,0.643939
0.142857,0.334442,1.808511,21.769403,1.960114,27.000000,0.643939
0.133333,0.342978,1.941176,7.885264,1.733333,15.000000,0.660000
0.111111,0.038462,3.200000,14.352328,1.555556,9.000000,0.761905
0.111111,0.204189,2.594595,9.827838,2.333333,36.000000,0.721805
0.250000,0.985878,1.833333,9.734262,1.733333,15.000000,0.647059
0.166667,0.250839,2.921053,11.135395,2.346829,39.000000,0.744966
0.111111,0.250839,2.921053,11.135395,2.346829,39.000000,0.744966
0.111111,0.529565,3.200000,16.531405,1.555556,9.000000,0.761905
0.200000,0.025051,3.000000,12.662943,1.400000,5.000000,0.750000
0.200000,0.906777,2.500000,12.205573,1.523810,7.000000,0.714286
0.142857,0.371374,3.333333,15.310102,1.619048,7.000000,0.769231
0.250000,0.807139,1.627907,19.869854,1.960145,24.000000,0.619469
0.111111,0.466049,3.000000,16.917916,1.416667,9.000000,0.750000
0.111111,1.000000,1.818182,18.377810,1.833333,21.000000,0.645161
0.076923,1.000000,1.705882,22.577943,1.992063,28.000000,0.630435
0.111111,0.466049,3.000000,16.917916,1.416667,9.000000,0.750000
0.111111,0.727247,1.818182,18.377810,1.833333,21.000000,0.645161
0.076923,0.731849,1.705882,22.577943,1.992063,28.000000,0.630435
0.250000,1.000000,1.627907,19.869854,1.960145,24.000000,0.619469
0.071429,0.063946,2.769231,15.138644,1.723810,15.000000,0.734694
0.200000,0.005240,2.333333,17.069868,1.300000,5.000000,0.700000
0.200000,1.000000,2.076923,12.735130,1.780220,14.000000,0.675000
0.076923,0.012536,2.750000,15.508695,1.921569,18.000000,0.733333
0.111111,0.657505,2.714286,11.479701,1.555556,9.000000,0.730769
0.200000,0.684211,1.750000,9.528618,1.300000,5.000000,0.636364
0.166667,0.048576,3.433333,15.808416,2.090323,31.000000,0.774436
0.166667,0.788131,3.600000,14.977429,1.600000,10.000000,0.782609
0.090909,0.037171,3.433333,17.783768,2.090323,31.000000,0.774436
0.090909,0.352881,2.363636,13.897137,1.636364,11.000000,0.702703
0.125000,0.189982,2.200000,14.595675,1.678571,8.000000,0.687500
0.166667,0.292163,2.622951,16.327268,2.409796,50.000000,0.723982
0.071429,0.702806,3.083333,20.599255,1.593407,14.000000,0.755102
0.142857,0.127910,2.622951,16.327268,2.409796,50.000000,0.723982
0.090909,0.255511,1.866667,13.678947,1.870769,26.000000,0.651163
0.100000,0.141976,2.333333,19.195940,1.533333,10.000000,0.700000
0.200000,0.391160,3.500000,18.435175,1.300000,5.000000,0.777778
0.058824,0.124837,2.272727,16.094772,1.866667,21.000000,0.694444
0.058824,0.591235,1.151515,6.790574,1.845588,17.000000,0.535211
0.111111,0.376366,2.333333,18.229169,1.666667,9.000000,0.700000
0.050000,0.096304,2.043478,14.984991,1.857895,20.000000,0.671429
0.050000,0.496662,2.454545,18.974278,1.978261,24.000000,0.710526
0.166667,0.159042,3.156863,17.379018,2.391837,50.000000,0.759434
0.090909,0.003854,2.214286,24.760794,1.901186,23.000000,0.688889
0.090909,0.230626,1.772727,20.942033,1.675000,16.000000,0.639344
0.090909,0.003764,2.214286,24.760794,1.901186,23.000000,0.688889
0.142857,0.262349,3.000000,19.368113,1.476190,7.000000,0.750000
0.125000,0.358052,3.000000,13.552075,2.042735,27.000000,0.750000
0.166667,0.740469,5.500000,17.483886,1.266667,6.000000,0.846154
0.083333,0.118535,4.333333,17.560539,1.606061,12.000000,0.812500
0.083333,0.008330,1.808511,14.836729,1.891738,27.000000,0.643939
0.055556,0.114026,1.342105,22.836647,1.849673,18.000000,0.573034
0.055556,0.100288,1.894737,16.834973,1.959677,32.000000,0.654545
0.055556,0.082003,1.342105,22.836647,1.849673,18.000000,0.573034
0.055556,0.100288,1.894737,16.834973,1.959677,32.000000,0.654545
0.200000,0.121201,1.925926,15.984828,1.950538,31.000000,0.658228
0.100000,0.008330,1.808511,14.836729,1.891738,27.000000,0.643939
0.200000,0.121201,1.925926,15.984828,1.950538,31.000000,0.658228
0.055556,0.118927,1.342105,22.836647,1.849673,18.000000,0.573034
0.055556,0.100288,1.894737,16.834973,1.959677,32.000000,0.654545
0.071429,0.100288,1.894737,16.834973,1.959677,32.000000,0.654545
0.071429,0.021277,1.115385,18.456719,1.725275,14.000000,0.527273
0.166667,0.789551,1.714286,5.433705,1.642857,8.000000,0.631579
0.250000,0.893667,5.333333,10.166166,1.428571,8.000000,0.842105
0.250000,0.712364,3.200000,11.037012,1.428571,8.000000,0.761905
0.125000,0.265424,3.777778,18.344109,2.114114,37.000000,0.790698
0.125000,0.393336,2.600000,19.889221,1.642857,8.000000,0.722222
0.066667,0.170821,1.761905,23.481330,1.647619,15.000000,0.637931
0.066667,0.130435,2.318182,17.472682,1.731579,20.000000,0.698630
0.142857,0.092652,2.816667,20.365460,2.413333,51.000000,0.737991
0.142857,0.029412,2.166667,19.009442,1.380952,7.000000,0.684211
0.074074,0.091030,3.619048,20.887720,2.179268,41.000000,0.783505
0.090909,0.092652,2.816667,20.365460,2.413333,51.000000,0.737991
0.250000,0.006702,3.156863,17.379018,2.391837,50.000000,0.759434
0.200000,0.081512,3.086207,17.799503,2.423480,54.000000,0.755274
0.166667,0.220940,3.208333,20.532322,2.011494,30.000000,0.762376
0.052632,0.007775,2.318182,18.634343,1.731579,20.000000,0.698630
0.052632,0.849065,1.441176,9.976414,1.812865,19.000000,0.590361
0.090909,0.056889,3.095238,24.847697,2.406154,26.000000,0.755814
0.200000,0.081367,1.500000,6.945640,1.820513,13.000000,0.600000
0.090909,0.052615,3.095238,24.847697,2.406154,26.000000,0.755814
0.090909,0.398318,3.095238,24.847697,2.406154,26.000000,0.755814
0.090909,0.064898,3.095238,24.847697,2.406154,26.000000,0.755814
0.090909,0.037037,2.500000,20.811486,1.690909,11.000000,0.714286
0.090909,0.595327,1.333333,13.626722,1.820513,13.000000,0.571429
0.142857,1.000000,1.151515,6.790574,1.845588,17.000000,0.535211
0.083333,1.000000,1.342105,22.836647,1.849673,18.000000,0.573034
0.083333,1.000000,1.500000,6.945640,1.820513,13.000000,0.600000
0.166667,0.887771,5.500000,12.870903,1.266667,6.000000,0.846154
0.166667,0.756189,2.045455,27.094890,1.871345,19.000000,0.671642
0.083333,0.756252,1.342105,22.836647,1.849673,18.000000,0.573034
0.083333,1.000000,1.500000,6.945640,1.820513,13.000000,0.600000
0.166667,0.887771,5.500000,12.870903,1.266667,6.000000,0.846154
0.166667,0.736686,2.045455,27.094890,1.871345,19.000000,0.671642
0.142857,0.042604,1.636364,11.978842,1.500000,9.000000,0.620690
0.142857,0.539350,1.333333,24.611245,1.476190,7.000000,0.571429
0.083333,0.348326,2.347826,25.927946,2.105263,20.000000,0.701299
0.083333,1.000000,1.411765,11.240469,1.820513,13.000000,0.585366
0.083333,0.726136,1.342105,22.836647,1.849673,18.000000,0.573034
0.083333,1.000000,1.500000,6.945640,1.820513,13.000000,0.600000
0.083333,0.280300,1.470588,21.959126,1.666667,12.000000,0.595238
0.166667,0.444507,2.250000,17.408683,1.400000,6.000000,0.692308
0.166667,0.538004,1.772727,20.942033,1.675000,16.000000,0.639344
0.111111,0.571851,3.125000,29.985271,1.444444,10.000000,0.757576
0.111111,0.906881,2.622951,16.327268,2.409796,50.000000,0.723982
0.071429,1.000000,5.000000,16.317309,2.109890,14.000000,0.833333
0.071429,0.083725,3.200000,24.072007,2.383333,25.000000,0.761905
0.111111,0.164251,3.346154,25.244101,1.933862,28.000000,0.769912
0.111111,0.917908,1.636364,11.978842,1.500000,9.000000,0.620690
0.111111,0.906881,2.622951,16.327268,2.409796,50.000000,0.723982
0.111111,1.000000,3.125000,29.985271,1.444444,10.000000,0.757576
0.100000,0.530609,2.347826,25.927946,2.105263,20.000000,0.701299
0.100000,0.911896,2.816667,20.365460,2.413333,51.000000,0.737991
0.142857,0.200000,2.000000,20.266074,1.428571,7.000000,0.666667
0.142857,1.000000,5.000000,21.081068,2.109890,14.000000,0.833333
0.071429,1.000000,5.000000,16.317309,2.109890,14.000000,0.833333
0.071429,0.918264,3.200000,24.072007,2.383333,25.000000,0.761905
0.111111,0.917908,1.636364,11.978842,1.500000,9.000000,0.620690
0.111111,0.167734,3.346154,25.244101,1.933862,28.000000,0.769912
0.111111,0.498071,3.125000,29.985271,1.444444,10.000000,0.757576
0.111111,0.906881,2.622951,16.327268,2.409796,50.000000,0.723982
0.142857,0.200000,2.000000,20.266074,1.428571,7.000000,0.666667
0.142857,0.918067,5.000000,21.081068,2.109890,14.000000,0.833333
0.100000,1.000000,5.000000,16.317309,2.109890,14.000000,0.833333
0.100000,0.358988,2.571429,21.248698,1.711111,10.000000,0.720000
0.071429,0.044383,3.200000,24.072007,2.383333,25.000000,0.761905
0.071429,1.000000,5.000000,16.317309,2.109890,14.000000,0.833333
0.071429,1.000000,5.000000,16.317309,2.109890,14.000000,0.833333
0.071429,0.042152,3.200000,24.072007,2.383333,25.000000,0.761905
0.100000,0.358988,2.571429,21.248698,1.711111,10.000000,0.720000
0.100000,0.926287,5.000000,16.317309,2.109890,14.000000,0.833333
0.076923,0.182744,2.928571,19.833225,1.474359,13.000000,0.745455
0.250000,0.496394,2.300000,20.074069,1.989418,28.000000,0.696970
0.066667,0.136825,2.117647,12.919437,1.657143,15.000000,0.679245
0.043478,0.450164,1.367347,14.100364,1.833992,23.000000,0.577586
0.043478,0.075313,2.285714,18.553031,1.924901,23.000000,0.695652
0.076923,0.230107,1.304348,24.663122,1.653846,13.000000,0.566038
0.076923,0.096137,4.000000,21.012420,2.000000,34.000000,0.800000
0.076923,0.230107,1.304348,24.663122,1.653846,13.000000,0.566038
0.076923,0.114417,2.700000,20.134436,1.705128,13.000000,0.729730
0.125000,0.030629,2.000000,17.490001,1.500000,8.000000,0.666667
0.071429,0.144434,5.400000,19.372997,2.054945,14.000000,0.843750
0.071429,0.126638,5.400000,19.372997,2.054945,14.000000,0.843750
0.043478,0.531772,3.619048,22.798599,1.972906,29.000000,0.783505
0.111111,0.228520,2.833333,20.890062,1.527778,9.000000,0.739130
0.071429,0.131069,2.400000,11.235875,1.657143,15.000000,0.705882
0.071429,0.714201,3.454545,23.202351,1.972906,29.000000,0.775510
0.090909,0.283041,3.100000,27.423828,2.333333,33.000000,0.756098
0.090909,0.280039,3.100000,27.423828,2.333333,33.000000,0.756098
0.090909,0.276859,3.100000,27.423828,2.333333,33.000000,0.756098
0.090909,0.190780,2.818182,20.601330,1.703297,14.000000,0.738095
0.090909,0.308234,3.100000,27.423828,2.333333,33.000000,0.756098
0.090909,0.076133,2.217391,15.290914,1.731579,20.000000,0.689189
0.076923,0.376717,2.192308,13.840190,1.686275,18.000000,0.686747
0.050000,0.062125,4.181818,29.399560,2.300403,32.000000,0.807018
0.050000,0.202379,2.210526,15.086289,2.005263,20.000000,0.688525
0.050000,0.202379,2.210526,15.086289,2.005263,20.000000,0.688525
0.050000,0.059766,4.181818,29.399560,2.300403,32.000000,0.807018
0.050000,0.202379,2.210526,15.086289,2.005263,20.000000,0.688525
0.050000,0.066912,4.181818,29.399560,2.300403,32.000000,0.807018
0.111111,0.202379,2.210526,15.086289,2.005263,20.000000,0.688525
0.111111,0.019108,4.250000,25.451758,1.583333,9.000000,0.809524
0.050000,0.202379,2.210526,15.086289,2.005263,20.000000,0.688525
0.050000,0.072370,4.181818,29.399560,2.300403,32.000000,0.807018
0.058824,1.000000,2.090909,21.501461,1.808824,17.000000,0.676471
0.050000,0.052479,1.522727,17.442572,1.833992,23.000000,0.603604
0.052632,0.289668,2.631579,13.751875,1.707602,19.000000,0.724638
0.071429,0.239212,3.066667,20.728135,1.494505,14.000000,0.754098
0.142857,0.512195,2.000000,20.266074,1.428571,7.000000,0.666667
0.142857,0.930812,3.045455,26.869609,2.444444,27.000000,0.752809
0.071429,0.764621,3.100000,27.423828,2.333333,33.000000,0.756098
0.071429,0.408313,2.454545,22.276252,1.868132,14.000000,0.710526
0.071429,0.673337,3.100000,27.423828,2.333333,33.000000,0.756098
0.071429,0.408313,2.454545,22.276252,1.868132,14.000000,0.710526
0.071429,0.669411,3.100000,27.423828,2.333333,33.000000,0.756098
0.071429,0.408313,2.454545,22.276252,1.868132,14.000000,0.710526
0.142857,0.512195,2.000000,20.266074,1.428571,7.000000,0.666667
0.142857,0.776271,3.045455,26.869609,2.444444,27.000000,0.752809
0.142857,0.512195,2.000000,20.266074,1.428571,7.000000,0.666667
0.142857,0.751299,3.045455,26.869609,2.444444,27.000000,0.752809
0.071429,0.685155,3.100000,27.423828,2.333333,33.000000,0.756098
0.071429,0.408313,2.454545,22.276252,1.868132,14.000000,0.710526
0.142857,0.512195,2.000000,20.266074,1.428571,7.000000,0.666667
0.142857,0.750099,3.045455,26.869609,2.444444,27.000000,0.752809
0.090909,0.007752,2.357143,21.758687,1.761905,15.000000,0.702128
0.090909,0.009709,2.040000,19.072800,1.731579,20.000000,0.671053
0.250000,0.545840,6.666667,17.365561,1.444444,9.000000,0.869565
0.058824,0.042263,4.125000,28.104241,2.229839,32.000000,0.804878
0.058824,0.753616,2.000000,15.988746,2.033333,21.000000,0.666667
0.071429,0.469006,2.000000,21.787947,1.858333,16.000000,0.666667
0.071429,0.721030,1.913043,16.549787,2.033333,21.000000,0.656716
0.058824,0.753616,2.000000,15.988746,2.033333,21.000000,0.666667
0.058824,0.044576,4.125000,28.104241,2.229839,32.000000,0.804878
0.111111,0.024096,4.250000,26.028221,1.583333,9.000000,0.809524
0.111111,0.753616,2.000000,15.988746,2.033333,21.000000,0.666667
0.058824,0.753616,2.000000,15.988746,2.033333,21.000000,0.666667
0.058824,0.049240,4.125000,28.104241,2.229839,32.000000,0.804878
0.100000,0.036615,2.500000,21.291730,1.555556,10.000000,0.714286
0.100000,0.853728,2.454545,10.133639,1.794872,13.000000,0.710526
0.058824,0.753616,2.000000,15.988746,2.033333,21.000000,0.666667
0.058824,0.027960,4.125000,28.104241,2.229839,32.000000,0.804878
0.250000,1.000000,1.714286,24.113889,1.428571,7.000000,0.631579
0.250000,0.198238,1.714286,24.113889,1.428571,7.000000,0.631579
0.142857,1.000000,2.000000,24.729388,1.428571,7.000000,0.666667
0.142857,1.000000,2.454545,22.276252,1.868132,14.000000,0.710526
0.142857,0.652653,2.258065,24.765029,1.880435,24.000000,0.693069
0.142857,0.635010,2.258065,24.765029,1.880435,24.000000,0.693069
0.066667,0.232248,2.888889,23.056718,1.504762,15.000000,0.742857
0.047619,0.104031,1.609756,20.816207,1.800866,22.000000,0.616822
0.047619,0.277327,2.296296,21.759229,1.885714,21.000000,0.696629
0.050000,0.011018,1.961538,20.457148,1.731579,20.000000,0.662338
0.166667,0.098765,2.250000,22.287013,1.571429,7.000000,0.692308
0.111111,0.072285,2.062500,11.850642,1.752381,15.000000,0.673469
0.142857,0.744724,1.714286,8.540428,1.428571,7.000000,0.631579
0.111111,0.082130,3.500000,14.110906,2.437908,18.000000,0.777778
0.250000,0.877006,2.200000,23.916765,1.828571,15.000000,0.687500
0.250000,0.877006,2.200000,23.916765,1.828571,15.000000,0.687500
0.250000,0.037500,2.000000,30.000000,1.000000,4.000000,0.666667
0.125000,0.105144,2.454545,22.864041,1.826087,23.000000,0.710526
0.166667,0.259197,1.833333,23.603157,1.800866,22.000000,0.647059
0.125000,0.877006,2.200000,23.916765,1.828571,15.000000,0.687500
0.125000,0.071429,1.750000,24.844726,1.500000,8.000000,0.636364
0.125000,0.143757,3.238095,20.429501,1.694737,20.000000,0.764045
0.111111,0.372146,1.522727,17.442572,1.833992,23.000000,0.603604
0.200000,0.117627,2.000000,25.174570,1.916667,25.000000,0.666667
0.166667,0.501214,6.555556,27.159205,1.878788,22.000000,0.867647
0.200000,0.100000,1.714286,6.089382,1.428571,7.000000,0.631579
0.153846,0.590584,3.189655,27.687592,1.931290,44.000000,0.761317
0.055556,0.412909,2.846154,23.691022,1.976827,34.000000,0.740000
0.055556,0.407704,2.137931,14.938538,1.690058,19.000000,0.681319
0.071429,0.018723,2.916667,18.053576,1.780952,15.000000,0.744681
0.071429,0.520860,3.119048,24.513507,1.966967,37.000000,0.757225
0.166667,0.544213,6.555556,27.159205,1.878788,22.000000,0.867647
0.166667,0.499416,6.555556,27.159205,1.878788,22.000000,0.867647
0.250000,0.699115,4.000000,15.896755,1.333333,4.000000,0.800000
0.250000,0.915568,8.000000,14.333539,1.533333,6.000000,0.888889
0.055556,0.015804,1.800000,17.326704,1.797386,18.000000,0.642857
0.055556,0.671684,3.390625,25.746254,1.937075,49.000000,0.772242
0.071429,0.018723,2.916667,18.053576,1.780952,15.000000,0.744681
0.071429,0.528593,3.119048,24.513507,1.966967,37.000000,0.757225
0.047619,0.199804,2.120000,20.511454,1.971429,21.000000,0.679487
0.047619,0.652026,3.490566,26.990383,1.931290,44.000000,0.777311
0.055556,0.400854,2.846154,23.691022,1.976827,34.000000,0.740000
0.055556,0.407704,2.137931,14.938538,1.690058,19.000000,0.681319
0.047619,0.199804,2.120000,20.511454,1.971429,21.000000,0.679487
0.047619,0.654502,3.490566,26.990383,1.931290,44.000000,0.777311
0.200000,0.412909,2.846154,23.691022,1.976827,34.000000,0.740000
0.200000,0.891907,2.333333,13.591648,1.300000,5.000000,0.700000
0.153846,0.593322,3.189655,27.687592,1.931290,44.000000,0.761317
0.200000,0.086596,2.000000,25.174570,1.916667,25.000000,0.666667
0.200000,0.400854,2.846154,23.691022,1.976827,34.000000,0.740000
0.200000,0.891907,2.333333,13.591648,1.300000,5.000000,0.700000
0.166667,0.508892,6.555556,27.159205,1.878788,22.000000,0.867647
0.055556,0.015804,1.800000,17.326704,1.797386,18.000000,0.642857
0.055556,0.672914,3.390625,25.746254,1.937075,49.000000,0.772242
0.200000,0.477151,1.520833,23.891038,1.818841,24.000000,0.603306
0.041667,0.050213,2.541667,22.632401,1.863333,25.000000,0.717647
0.041667,0.477151,1.520833,23.891038,1.818841,24.000000,0.603306
0.100000,0.025047,2.090909,25.359737,1.488889,10.000000,0.676471
0.100000,0.477151,1.520833,23.891038,1.818841,24.000000,0.603306
0.076923,0.097607,2.000000,22.631170,1.804762,21.000000,0.666667
0.062500,0.234793,2.800000,21.227862,1.775000,16.000000,0.736842
0.062500,0.721898,5.111111,29.232102,1.865497,19.000000,0.836364
0.083333,0.660246,2.034483,22.460030,1.853755,23.000000,0.670455
0.083333,0.050289,1.476190,14.667514,1.621212,12.000000,0.596154
0.062500,0.234793,2.800000,21.227862,1.775000,16.000000,0.736842
0.062500,0.656125,5.111111,29.232102,1.865497,19.000000,0.836364
0.062500,0.234793,2.800000,21.227862,1.775000,16.000000,0.736842
0.062500,0.653192,5.111111,29.232102,1.865497,19.000000,0.836364
0.062500,0.234793,2.800000,21.227862,1.775000,16.000000,0.736842
0.062500,0.669696,5.111111,29.232102,1.865497,19.000000,0.836364
0.111111,1.000000,2.454545,22.276252,1.868132,14.000000,0.710526
0.111111,0.555256,2.217391,15.290914,1.731579,20.000000,0.689189
0.111111,0.050960,2.142857,24.839222,1.691667,16.000000,0.681818
0.111111,0.051001,2.142857,24.839222,1.691667,16.000000,0.681818
0.142857,0.078949,1.800000,17.326704,1.797386,18.000000,0.642857
0.142857,1.000000,1.714286,6.089382,1.428571,7.000000,0.631579
0.250000,0.440705,5.230769,26.576596,2.458689,27.000000,0.839506
0.250000,0.574151,5.333333,20.668739,1.628205,13.000000,0.842105
0.250000,0.574151,5.333333,20.668739,1.628205,13.000000,0.842105
0.250000,0.427502,5.230769,26.576596,2.458689,27.000000,0.839506
0.062500,0.627520,3.454545,19.636853,1.683333,16.000000,0.775510
0.111111,0.773040,2.294118,22.315690,1.889706,17.000000,0.696429
0.111111,0.991658,2.142857,26.533121,1.666667,9.000000,0.681818
0.111111,0.144690,2.045455,19.522064,1.805195,22.000000,0.671642
0.166667,0.090041,2.896552,22.133246,1.901149,30.000000,0.743363
0.142857,0.009091,2.250000,28.829660,1.571429,7.000000,0.692308
0.100000,0.153677,1.411765,12.396550,1.511111,10.000000,0.585366
0.062500,0.025394,3.333333,22.283448,1.764706,18.000000,0.769231
0.100000,0.153677,1.411765,12.396550,1.511111,10.000000,0.585366
0.062500,0.025394,3.333333,22.283448,1.764706,18.000000,0.769231
0.100000,0.164282,3.205882,19.960080,1.763533,27.000000,0.762238
0.090909,0.054398,1.781250,19.923400,1.831169,22.000000,0.640449
0.090909,0.264634,1.480000,24.851948,1.856667,25.000000,0.596774
0.100000,0.466610,2.615385,22.617641,1.852308,26.000000,0.723404
0.166667,0.258545,1.480000,24.851948,1.856667,25.000000,0.596774
0.250000,0.319788,7.083333,26.418783,1.899471,28.000000,0.876289
0.250000,0.335220,7.083333,26.418783,1.899471,28.000000,0.876289
0.250000,0.353437,7.083333,26.418783,1.899471,28.000000,0.876289
0.250000,0.347310,7.083333,26.418783,1.899471,28.000000,0.876289
0.250000,0.214779,1.766667,22.058713,1.836842,20.000000,0.638554
0.166667,0.058824,1.714286,15.728844,1.666667,9.000000,0.631579
0.052632,0.229442,5.000000,24.960629,2.437229,22.000000,0.833333
0.052632,0.167966,5.000000,24.960629,2.437229,22.000000,0.833333
0.100000,0.462393,2.857143,25.538523,1.555556,10.000000,0.740741
0.058824,0.380029,1.600000,20.245308,1.757143,21.000000,0.615385
0.041667,0.014706,3.266667,21.960879,1.957219,34.000000,0.765625
0.045455,0.452164,5.533333,26.537372,2.305419,29.000000,0.846939
0.047619,0.014294,3.777778,24.865256,1.809524,21.000000,0.790698
0.142857,0.012658,1.800000,29.352957,1.571429,7.000000,0.642857
0.111111,0.251110,3.125000,22.768028,1.764706,18.000000,0.757576
0.045455,0.448713,5.533333,26.537372,2.305419,29.000000,0.846939
0.200000,0.797291,2.200000,16.772773,1.511111,10.000000,0.687500
0.066667,0.251110,3.125000,22.768028,1.764706,18.000000,0.757576
0.047619,0.631122,1.293103,25.297566,1.895385,26.000000,0.563910
0.250000,0.333333,2.000000,20.120681,1.333333,4.000000,0.666667
0.083333,0.050371,1.914286,20.289369,2.055385,26.000000,0.656863
0.250000,0.333333,2.000000,20.120681,1.333333,4.000000,0.666667
0.250000,0.383412,2.941176,26.887258,1.764706,18.000000,0.746269
0.166667,0.771691,1.687500,18.571392,1.653846,13.000000,0.627907
0.142857,0.169344,3.000000,21.453836,1.922348,33.000000,0.750000
0.071429,0.012821,2.363636,23.158293,1.890110,14.000000,0.702703
0.071429,0.220502,7.434783,27.469870,1.865385,40.000000,0.881443
0.071429,0.025316,2.363636,23.158293,1.890110,14.000000,0.702703
0.142857,0.841960,2.600000,23.749903,1.428571,7.000000,0.722222
0.142857,0.315676,9.214286,28.423000,1.827652,33.000000,0.902098
0.142857,0.322814,9.214286,28.423000,1.827652,33.000000,0.902098
0.142857,0.841960,2.600000,23.749903,1.428571,7.000000,0.722222
0.142857,0.841960,2.600000,23.749903,1.428571,7.000000,0.722222
0.142857,0.254244,9.214286,28.423000,1.827652,33.000000,0.902098
0.071429,0.025316,2.363636,23.158293,1.890110,14.000000,0.702703
0.071429,0.175535,7.434783,27.469870,1.865385,40.000000,0.881443
0.071429,0.025316,2.363636,23.158293,1.890110,14.000000,0.702703
0.071429,0.175535,7.434783,27.469870,1.865385,40.000000,0.881443
0.142857,0.841960,2.600000,23.749903,1.428571,7.000000,0.722222
0.142857,0.229513,9.214286,28.423000,1.827652,33.000000,0.902098
0.071429,0.025316,2.363636,23.158293,1.890110,14.000000,0.702703
0.071429,0.215591,7.434783,27.469870,1.865385,40.000000,0.881443
0.250000,0.399200,2.500000,26.318588,1.166667,4.000000,0.714286
0.250000,0.924232,2.916667,24.644863,1.833333,16.000000,0.744681
0.066667,0.003490,1.857143,26.167837,1.875269,31.000000,0.650000
0.066667,0.539669,2.250000,21.248916,1.752381,15.000000,0.692308
0.125000,0.849138,1.700000,17.578678,1.392857,8.000000,0.629630
0.125000,0.871969,5.400000,15.430656,1.590909,12.000000,0.843750
0.250000,0.043548,1.824561,26.384609,1.875269,31.000000,0.645963
0.038462,0.133692,1.756098,26.779295,1.987692,26.000000,0.637168
0.038462,0.222108,1.897959,24.012352,1.910053,28.000000,0.654930
0.058824,0.222108,1.897959,24.012352,1.910053,28.000000,0.654930
0.058824,0.006711,2.450000,25.894438,1.639706,17.000000,0.710145
0.111111,0.513229,1.822581,16.670306,2.001783,34.000000,0.645714
0.200000,0.546654,1.750000,15.971072,1.300000,5.000000,0.636364
0.200000,0.033329,1.837209,26.439616,1.968661,27.000000,0.647541
0.200000,0.837163,1.480000,24.851948,1.856667,25.000000,0.596774
0.200000,0.138247,2.500000,13.157452,1.000000,5.000000,0.714286
0.066667,0.837163,1.480000,24.851948,1.856667,25.000000,0.596774
0.066667,0.561827,2.730769,22.928353,1.860399,27.000000,0.731959
0.083333,0.941343,1.866667,25.928072,1.909091,33.000000,0.651163
0.083333,0.091073,1.916667,8.002297,1.727273,12.000000,0.657143
0.250000,0.714713,3.400000,21.492612,1.990476,21.000000,0.772727
0.250000,0.008197,1.666667,27.322501,1.166667,4.000000,0.625000
0.037037,0.007826,1.880952,26.215370,1.968661,27.000000,0.652893
0.037037,0.474846,2.163265,22.967668,1.903448,30.000000,0.683871
0.038462,0.005325,3.080000,23.284781,1.892437,35.000000,0.754902
0.038462,0.592571,2.024390,22.953700,1.876923,26.000000,0.669355
0.200000,0.628805,1.976190,24.431790,1.876923,26.000000,0.664000
0.058824,0.474846,2.163265,22.967668,1.903448,30.000000,0.683871
0.058824,0.107603,2.333333,26.242371,1.639706,17.000000,0.700000
0.166667,0.169832,2.333333,23.404471,1.535714,8.000000,0.700000
0.200000,0.333333,1.916667,13.867758,1.651515,12.000000,0.657143
0.200000,0.788120,1.666667,21.752599,1.500000,5.000000,0.625000
0.166667,0.333333,9.000000,8.354378,1.400000,6.000000,0.900000
0.166667,0.530201,4.000000,24.696476,1.939394,12.000000,0.800000
0.166667,0.333333,9.000000,8.354378,1.400000,6.000000,0.900000
0.166667,0.533670,4.000000,24.696476,1.939394,12.000000,0.800000
0.166667,0.192521,1.880952,26.215370,1.968661,27.000000,0.652893
0.090909,0.041799,2.000000,26.852324,1.563636,11.000000,0.666667
0.125000,0.124514,2.058824,22.802366,2.074866,34.000000,0.673077
0.095238,0.245197,2.666667,21.849744,1.704762,15.000000,0.727273
0.125000,0.719996,2.500000,19.850561,1.694444,9.000000,0.714286
0.090909,0.825746,3.111111,26.644731,2.033333,16.000000,0.756757
0.062500,0.773437,2.916667,24.644863,1.833333,16.000000,0.744681
0.166667,0.653638,2.000000,13.432183,1.466667,6.000000,0.666667
0.166667,0.676629,2.875000,23.169318,1.803030,12.000000,0.741935
0.125000,1.000000,1.545455,8.284552,1.392857,8.000000,0.607143
0.125000,0.011765,3.333333,20.091769,2.107143,8.000000,0.769231
0.200000,0.286919,1.631579,18.908008,1.621212,12.000000,0.620000
0.125000,0.504122,2.681818,22.239000,1.822464,24.000000,0.728395
0.125000,1.000000,1.545455,12.508688,1.392857,8.000000,0.607143
0.083333,0.235214,2.090909,20.349613,1.651515,12.000000,0.676471
0.200000,0.310912,2.000000,22.821556,1.987692,26.000000,0.666667
0.166667,0.245671,1.600000,27.240265,1.466667,6.000000,0.615385
0.142857,0.030303,1.555556,21.247676,1.333333,7.000000,0.608696
0.142857,0.202773,1.571429,26.610794,1.600000,11.000000,0.611111
0.142857,0.204439,1.571429,26.610794,1.600000,11.000000,0.611111
0.142857,0.030303,1.555556,21.247676,1.333333,7.000000,0.608696
0.166667,0.436620,3.500000,16.400047,1.533333,6.000000,0.777778
0.125000,0.050000,7.000000,25.531749,1.535714,8.000000,0.875000
0.083333,0.021277,1.916667,23.134980,1.651515,12.000000,0.657143
0.200000,0.256569,2.333333,23.144071,2.074866,34.000000,0.700000
0.200000,0.135593,3.500000,26.668227,1.300000,5.000000,0.777778
0.125000,0.321145,1.558824,25.716338,1.783626,19.000000,0.609195
0.125000,0.534799,1.875000,26.363978,1.500000,8.000000,0.652174
0.100000,0.320495,2.346154,23.310838,2.082583,37.000000,0.701149
0.142857,0.124352,1.848485,19.951179,1.964427,23.000000,0.648936
0.066667,0.321145,1.558824,25.716338,1.783626,19.000000,0.609195
0.066667,0.083921,2.222222,27.495776,1.619048,15.000000,0.689655
0.043478,0.238762,3.205882,19.960080,1.763533,27.000000,0.762238
0.043478,0.039748,1.914286,20.289369,2.055385,26.000000,0.656863
0.111111,0.155017,2.166667,22.613299,1.618182,11.000000,0.684211
0.125000,0.779070,3.178571,22.607644,1.912644,30.000000,0.760684
0.076923,1.000000,1.580645,16.340804,1.887446,22.000000,0.612500
0.076923,0.058824,2.700000,25.601048,1.679487,13.000000,0.729730
0.045455,1.000000,1.580645,16.340804,1.887446,22.000000,0.612500
0.045455,0.090909,7.833333,18.239970,1.995671,22.000000,0.886792
0.045455,0.797533,3.333333,18.605285,2.051948,22.000000,0.769231
0.045455,0.102084,3.250000,24.416928,1.926570,46.000000,0.764706
0.200000,0.656164,1.944444,20.621280,1.858333,16.000000,0.660377
0.200000,1.000000,3.500000,29.686251,1.300000,5.000000,0.777778
0.090909,0.050447,2.055556,20.752829,1.659341,14.000000,0.672727
0.090909,0.262505,1.846154,27.740186,1.563636,11.000000,0.648649
0.071429,0.265306,2.666667,26.777007,1.670330,14.000000,0.727273
0.071429,1.000000,1.575758,18.761849,1.893281,23.000000,0.611765
0.125000,1.000000,1.575758,18.761849,1.893281,23.000000,0.611765
0.043478,1.000000,1.575758,18.761849,1.893281,23.000000,0.611765
0.043478,0.384470,6.625000,22.211110,2.032609,24.000000,0.868852
0.250000,1.000000,2.095238,7.227850,2.033333,21.000000,0.676923
0.047619,0.524980,1.487805,26.847989,1.828571,21.000000,0.598039
0.047619,0.765010,2.085106,17.505440,2.359848,33.000000,0.675862
0.058824,0.580536,2.866667,16.872713,1.948529,17.000000,0.741379
0.058824,0.491694,1.525000,26.223484,1.828571,21.000000,0.603960
0.111111,0.037500,2.222222,27.516339,1.472222,9.000000,0.689655
0.111111,0.491694,1.525000,26.223484,1.828571,21.000000,0.603960
0.047619,0.502732,2.085106,17.505440,2.359848,33.000000,0.675862
0.047619,0.524980,1.487805,26.847989,1.828571,21.000000,0.598039
0.047619,0.491694,1.525000,26.223484,1.828571,21.000000,0.603960
0.047619,0.188688,2.458333,21.526900,1.969697,22.000000,0.710843
0.058824,0.960202,2.851852,25.693255,1.892437,35.000000,0.740385
0.058824,0.767983,2.875000,28.923676,1.698529,17.000000,0.741935
0.058824,0.960202,2.851852,25.693255,1.892437,35.000000,0.740385
0.058824,0.723634,2.875000,28.923676,1.698529,17.000000,0.741935
0.090909,0.689689,1.576923,19.054715,1.549451,14.000000,0.611940
0.090909,0.979149,3.154762,26.231177,1.914966,49.000000,0.759312
0.200000,0.965706,2.746479,25.481254,1.946574,42.000000,0.733083
0.200000,1.000000,1.800000,15.160304,1.600000,10.000000,0.642857
0.142857,0.230426,4.555556,22.736276,1.818713,19.000000,0.820000
0.125000,0.983087,3.486842,24.815497,1.914966,49.000000,0.777126
0.058824,0.723634,2.875000,28.923676,1.698529,17.000000,0.741935
0.058824,0.960202,2.851852,25.693255,1.892437,35.000000,0.740385
0.125000,0.074920,2.400000,19.697601,1.678571,8.000000,0.705882
0.125000,0.977528,3.558140,22.467514,1.850267,34.000000,0.780612
0.058824,0.960202,2.851852,25.693255,1.892437,35.000000,0.740385
0.058824,0.742770,2.875000,28.923676,1.698529,17.000000,0.741935
0.058824,0.178305,2.285714,21.903682,1.760234,19.000000,0.695652
0.058824,0.978474,3.117647,26.407030,1.914966,49.000000,0.757143
0.142857,0.393851,1.733333,23.019675,1.712121,12.000000,0.634146
0.166667,0.890886,1.800000,23.555748,1.400000,6.000000,0.642857
0.166667,0.239308,4.000000,19.513422,1.333333,9.000000,0.800000
0.111111,0.098284,2.227273,17.572879,2.058480,19.000000,0.690141
0.111111,1.000000,2.285714,18.634987,2.000000,9.000000,0.695652
0.166667,0.113259,3.307692,26.837245,1.691667,16.000000,0.767857
0.052632,0.063830,2.882353,20.268131,2.058480,19.000000,0.742424
0.052632,0.448668,1.581395,25.089154,1.853755,23.000000,0.612613
0.111111,0.450195,2.222222,28.426610,1.472222,9.000000,0.689655
0.111111,0.448668,1.581395,25.089154,1.853755,23.000000,0.612613
0.043478,0.039291,2.285714,22.875693,1.972332,23.000000,0.695652
0.043478,0.448668,1.581395,25.089154,1.853755,23.000000,0.612613
0.083333,0.021391,2.074074,14.781108,2.299145,27.000000,0.674699
0.090909,0.411204,2.360000,22.920013,1.969697,22.000000,0.702381
0.166667,1.000000,2.000000,10.480573,2.033333,21.000000,0.666667
0.142857,0.498719,2.166667,22.202285,2.000000,21.000000,0.684211
0.043478,0.149918,1.622222,24.691952,1.790514,23.000000,0.618644
0.043478,0.461825,2.206897,23.839292,1.972332,23.000000,0.688172
0.090909,0.235241,2.166667,27.346775,1.777778,19.000000,0.684211
0.090909,0.200271,2.000000,24.877356,1.672727,11.000000,0.666667
0.111111,0.424057,1.888889,4.965110,1.611111,9.000000,0.653846
0.111111,0.985226,3.428571,21.610252,2.026144,18.000000,0.774194
0.090909,0.739630,4.200000,23.813516,2.298246,19.000000,0.807692
0.090909,0.059829,1.800000,25.935443,1.672727,11.000000,0.642857
0.090909,0.566825,2.545455,22.794800,1.509091,11.000000,0.717949
0.090909,0.633692,2.085106,17.505440,2.359848,33.000000,0.675862
0.090909,0.566825,2.545455,22.794800,1.509091,11.000000,0.717949
0.090909,0.562956,2.085106,17.505440,2.359848,33.000000,0.675862
0.076923,0.782472,4.400000,22.130280,2.357983,35.000000,0.814815
0.076923,0.893198,4.400000,22.130280,2.357983,35.000000,0.814815
0.125000,0.109745,2.409091,23.688286,1.757895,20.000000,0.706667
0.052632,0.244385,2.666667,25.332630,1.666667,19.000000,0.727273
0.100000,0.351351,9.000000,15.455341,2.022222,10.000000,0.900000
0.100000,0.778249,2.285714,28.835784,1.895238,15.000000,0.695652
0.200000,0.150000,2.333333,14.058567,1.300000,5.000000,0.700000
0.076923,0.359635,2.240000,17.384446,2.299145,27.000000,0.691358
0.066667,0.058786,2.764706,23.729692,1.647619,15.000000,0.734375
0.052632,0.244385,2.666667,25.332630,1.666667,19.000000,0.727273
0.066667,0.058786,2.764706,23.729692,1.647619,15.000000,0.734375
0.125000,0.049620,2.764706,23.969783,1.647619,15.000000,0.734375
0.111111,0.596037,1.545455,24.130103,1.527778,9.000000,0.607143
0.166667,0.421637,3.200000,25.008864,1.428571,8.000000,0.761905
0.100000,1.000000,2.285714,28.835784,1.895238,15.000000,0.695652
0.100000,0.351351,9.000000,15.455341,2.022222,10.000000,0.900000
0.125000,0.020921,3.600000,24.818999,1.392857,8.000000,0.782609
0.100000,0.295503,3.000000,27.808164,1.533333,10.000000,0.750000
0.083333,0.402081,1.916667,24.518505,1.651515,12.000000,0.657143
0.083333,0.562539,1.882353,21.041804,1.742857,15.000000,0.653061
0.250000,0.021141,1.708333,26.519103,1.810000,25.000000,0.630769
0.111111,0.011133,1.644444,26.783873,1.822464,24.000000,0.621849
0.222222,0.793271,1.750000,17.338159,1.300000,5.000000,0.636364
0.076923,0.409120,1.758621,24.376341,1.978355,22.000000,0.637500
0.076923,0.383782,1.636364,23.743886,1.628205,13.000000,0.620690
0.142857,1.000000,1.538462,18.063021,1.745455,11.000000,0.606061
0.083333,0.089323,1.687500,21.325296,1.636364,12.000000,0.627907
0.083333,0.590136,2.727273,24.224578,1.545455,12.000000,0.731707
0.100000,0.962979,7.500000,29.839414,1.720000,25.000000,0.882353
0.100000,0.962979,7.500000,29.839414,1.720000,25.000000,0.882353
0.100000,0.962979,7.500000,29.839414,1.720000,25.000000,0.882353
0.100000,0.962979,7.500000,29.839414,1.720000,25.000000,0.882353
0.100000,0.704056,2.941176,24.699371,1.691667,16.000000,0.746269
0.142857,0.769584,3.444444,24.348220,1.621212,12.000000,0.775000
0.142857,0.358141,2.600000,25.714286,1.428571,7.000000,0.722222
0.111111,0.421053,2.666667,9.774175,1.666667,9.000000,0.727273
0.250000,0.305061,2.074074,14.781108,2.299145,27.000000,0.674699
0.142857,0.923602,1.666667,23.536049,1.285714,7.000000,0.625000
0.142857,0.201835,2.875000,29.354393,1.698529,17.000000,0.741935
0.100000,0.196542,3.789474,22.975863,2.390769,26.000000,0.791209
0.142857,0.238495,2.875000,29.354393,1.698529,17.000000,0.741935
0.142857,0.923602,1.666667,23.536049,1.285714,7.000000,0.625000
0.142857,0.923602,1.666667,23.536049,1.285714,7.000000,0.625000
0.142857,0.139566,2.875000,29.354393,1.698529,17.000000,0.741935
0.111111,0.289262,1.525000,26.223484,1.828571,21.000000,0.603960
0.142857,0.923602,1.666667,23.536049,1.285714,7.000000,0.625000
0.142857,0.238495,2.875000,29.354393,1.698529,17.000000,0.741935
0.076923,1.000000,3.285714,22.113498,2.256410,13.000000,0.766667
0.076923,0.352294,3.400000,28.436859,1.742857,15.000000,0.772727
0.076923,1.000000,3.285714,22.113498,2.256410,13.000000,0.766667
0.076923,0.466026,3.400000,28.436859,1.742857,15.000000,0.772727
0.142857,0.050284,1.690476,23.615639,2.121839,30.000000,0.628319
0.125000,0.172222,3.333333,26.844522,1.285714,8.000000,0.769231
0.142857,0.129063,1.857143,25.976176,1.380952,7.000000,0.650000
0.200000,0.187101,1.750000,25.630323,1.300000,5.000000,0.636364
0.142857,0.496850,2.166667,19.522257,1.380952,7.000000,0.684211
0.047619,0.124851,1.708333,28.658493,1.810000,25.000000,0.630769
0.142857,0.200228,2.833333,22.969616,1.190476,7.000000,0.739130
0.047619,0.140189,6.090909,27.976590,1.728571,21.000000,0.858974
0.125000,0.438494,1.800000,24.331983,1.555556,9.000000,0.642857
0.090909,0.473819,3.222222,24.921607,1.527273,11.000000,0.763158
0.090909,0.617447,7.000000,26.295341,1.648352,14.000000,0.875000
0.071429,0.255523,1.622222,24.691952,1.790514,23.000000,0.618644
0.071429,0.955252,3.428571,21.163187,2.026144,18.000000,0.774194
0.111111,0.433867,2.244444,19.597461,2.213213,37.000000,0.691781
0.166667,0.661609,2.941176,23.499982,1.691667,16.000000,0.746269
0.142857,0.120227,2.666667,23.961502,1.666667,9.000000,0.727273
0.090909,1.000000,1.666667,17.250426,1.600000,11.000000,0.625000
0.090909,0.494621,2.340426,19.911912,2.221323,39.000000,0.700637
0.142857,0.370255,2.833333,25.072783,1.530303,12.000000,0.739130
0.111111,0.431704,2.212766,19.590565,2.221906,38.000000,0.688742
0.047619,0.274816,2.236842,26.670311,1.903134,27.000000,0.691057
0.142857,0.061224,2.428571,25.271470,1.190476,7.000000,0.708333
0.125000,0.657520,6.500000,26.235326,1.535714,8.000000,0.866667
0.125000,0.239305,4.714286,26.420816,1.752381,15.000000,0.825000
0.227273,0.507262,5.583333,28.537221,1.728571,21.000000,0.848101
0.125000,0.037413,1.739130,25.608746,2.114919,32.000000,0.634921
0.285714,0.136895,1.690476,23.615639,2.121839,30.000000,0.628319
0.285714,0.228977,2.750000,27.364343,1.418182,11.000000,0.733333
0.142857,0.009528,1.739130,25.804465,2.114919,32.000000,0.634921
0.142857,0.209877,1.714286,10.830239,1.563636,11.000000,0.631579
0.100000,0.523612,5.375000,23.601043,1.615385,14.000000,0.843137
0.100000,0.035219,3.000000,20.415301,1.644444,10.000000,0.750000
0.111111,0.719967,8.250000,24.327070,1.266667,10.000000,0.891892
0.111111,0.946055,1.500000,21.771413,1.444444,9.000000,0.600000
0.250000,0.798154,11.000000,20.693969,1.214286,8.000000,0.916667
0.100000,0.613064,5.272727,23.546490,1.661765,17.000000,0.840580
0.100000,0.713685,7.000000,23.094043,1.577778,10.000000,0.875000
0.045455,0.415454,2.857143,21.015130,1.969697,22.000000,0.740741
0.045455,0.032913,2.764706,26.463939,1.886243,28.000000,0.734375
0.090909,0.877708,1.142857,29.964146,1.672727,11.000000,0.533333
0.058824,0.318199,1.444444,28.141574,1.654412,17.000000,0.590909
0.058824,0.591085,2.088235,26.248888,2.088319,27.000000,0.676190
0.062500,0.618780,1.702128,26.243064,2.114919,32.000000,0.629921
0.200000,0.568279,1.765957,25.492328,2.245989,34.000000,0.638462
0.250000,1.000000,1.880000,22.561407,1.971429,21.000000,0.652778
0.062500,0.887959,1.947368,26.560816,1.891667,16.000000,0.660714
0.062500,0.521066,2.114286,25.951391,2.092593,28.000000,0.678899
0.111111,0.347858,1.666667,22.025765,1.583333,9.000000,0.625000
0.111111,0.925266,1.888889,12.545636,1.527778,9.000000,0.653846
0.111111,0.969522,8.444444,27.319437,1.778656,23.000000,0.894118
0.100000,0.171049,3.833333,18.663244,1.555556,10.000000,0.793103
0.100000,0.283629,2.476190,24.174316,1.695906,19.000000,0.712329
0.071429,0.273846,3.230769,28.658403,1.830065,18.000000,0.763636
0.071429,0.253886,2.636364,22.430836,1.912088,14.000000,0.725000
0.071429,0.262581,3.230769,28.658403,1.830065,18.000000,0.763636
0.071429,0.253886,2.636364,22.430836,1.912088,14.000000,0.725000
0.166667,0.250953,2.384615,22.244401,1.941667,16.000000,0.704545
0.071429,0.000000,3.000000,21.758018,1.670330,14.000000,0.750000
0.071429,0.972286,2.866667,25.241404,1.823529,18.000000,0.741379
0.111111,0.095238,2.538462,23.975095,1.560606,12.000000,0.717391
0.076923,0.003010,1.444444,28.246859,1.654412,17.000000,0.590909
0.083333,0.413927,2.384615,25.486581,1.941667,16.000000,0.704545
0.111111,0.054945,2.357143,26.954079,1.800000,15.000000,0.702128
0.111111,0.718932,1.500000,27.913118,1.666667,9.000000,0.600000
0.100000,0.035533,3.000000,26.079986,1.644444,10.000000,0.750000
0.200000,1.000000,1.800000,15.160304,1.600000,10.000000,0.642857
0.200000,0.814976,3.000000,26.984339,1.400000,5.000000,0.750000
0.125000,0.873308,3.000000,29.333501,1.392857,8.000000,0.750000
0.125000,0.349226,4.923077,26.937077,1.679739,18.000000,0.831169
0.125000,0.756858,3.600000,26.384114,1.392857,8.000000,0.782609
0.200000,0.961595,2.000000,26.134090,1.619048,7.000000,0.666667
0.200000,1.000000,2.000000,26.134090,1.619048,7.000000,0.666667
0.166667,0.575917,2.750000,24.898805,1.833333,12.000000,0.733333
0.166667,0.502290,1.764706,23.591749,1.756410,13.000000,0.638298
0.166667,0.273557,2.866667,25.173645,1.549451,14.000000,0.741379
0.125000,0.000000,2.193548,28.180767,1.705628,22.000000,0.686869
0.111111,0.532152,8.750000,23.455221,1.648352,14.000000,0.897436
0.111111,0.241850,2.636364,24.285581,1.681319,14.000000,0.725000
0.200000,0.068884,2.357143,24.945759,1.742857,15.000000,0.702128
0.083333,0.032923,3.363636,23.714450,1.934783,24.000000,0.770833
0.083333,0.306298,1.888889,29.003032,1.484848,12.000000,0.653846
0.181818,0.235390,2.529412,28.073021,1.714286,15.000000,0.716667
0.125000,0.008621,4.333333,23.188526,1.642857,8.000000,0.812500
0.083333,0.159737,1.695652,24.809339,1.841667,16.000000,0.629032
0.083333,0.323555,1.695652,24.809339,1.841667,16.000000,0.629032
0.050000,0.239104,1.527778,16.101054,1.961039,22.000000,0.604396
0.050000,0.360715,1.800000,25.332404,2.089474,20.000000,0.642857
0.050000,0.239104,1.527778,16.101054,1.961039,22.000000,0.604396
0.050000,0.447236,1.800000,25.332404,2.089474,20.000000,0.642857
0.142857,0.059361,3.750000,25.638890,1.285714,7.000000,0.789474
0.100000,0.000000,2.333333,29.656222,1.941667,16.000000,0.700000
0.100000,0.000000,2.333333,29.656222,1.941667,16.000000,0.700000
0.100000,0.000000,2.333333,29.656222,1.941667,16.000000,0.700000
0.100000,0.000000,2.333333,29.656222,1.941667,16.000000,0.700000
0.076923,0.222575,4.000000,23.580363,1.527473,14.000000,0.800000
0.200000,0.417597,2.535714,25.648366,1.695238,21.000000,0.717172
0.062500,0.130598,2.357143,23.188671,1.883333,16.000000,0.702128
0.062500,0.595781,2.230769,27.813331,1.653595,18.000000,0.690476
0.071429,0.234572,2.437500,27.816653,1.681319,14.000000,0.709091
0.071429,0.516014,2.000000,28.642324,1.654412,17.000000,0.666667
0.066667,0.556243,3.600000,20.112608,1.790476,15.000000,0.782609
0.066667,0.053124,1.730769,22.478349,1.736842,19.000000,0.633803
0.250000,0.349679,1.785714,26.561156,1.444444,10.000000,0.641026
0.300000,0.739754,2.200000,27.209842,1.727273,11.000000,0.687500
0.100000,0.618573,3.500000,24.427331,1.727273,11.000000,0.777778
0.100000,0.783857,2.444444,27.068370,1.727273,11.000000,0.709677
0.133333,0.811005,3.080000,20.917949,2.063492,28.000000,0.754902
0.090909,1.000000,2.230769,16.112724,1.545455,11.000000,0.690476
0.090909,0.325711,1.444444,24.433728,1.615385,14.000000,0.590909
0.250000,0.000000,1.666667,27.701187,1.166667,4.000000,0.625000
0.100000,0.779599,2.538462,26.866117,1.560606,12.000000,0.717391
0.125000,0.004831,2.428571,26.800285,1.392857,8.000000,0.708333
0.090909,1.000000,2.230769,23.306373,1.545455,11.000000,0.690476
0.090909,0.220630,4.923077,26.937077,1.679739,18.000000,0.831169
0.200000,0.272678,1.750000,27.642868,1.300000,5.000000,0.636364
0.100000,0.230437,1.509091,29.048129,1.897436,27.000000,0.601449
0.090909,0.594610,1.625000,20.608992,1.606061,12.000000,0.619048
0.090909,0.168943,2.333333,30.000000,1.941667,16.000000,0.700000
0.090909,0.168943,2.333333,30.000000,1.941667,16.000000,0.700000
0.090909,0.168943,2.333333,30.000000,1.941667,16.000000,0.700000
0.090909,0.168943,2.333333,30.000000,1.941667,16.000000,0.700000
0.100000,0.016585,3.857143,28.133248,1.822134,23.000000,0.794118
0.100000,0.000000,7.333333,28.339458,1.600000,10.000000,0.880000
0.100000,0.097061,2.538462,28.072176,1.883333,16.000000,0.717391
0.083333,0.477333,2.606061,23.970865,2.258065,31.000000,0.722689
0.083333,0.000000,2.357143,27.540209,1.500000,12.000000,0.702128
0.142857,0.201677,4.222222,25.031370,1.858333,16.000000,0.808511
0.071429,0.477333,2.606061,23.970865,2.258065,31.000000,0.722689
0.071429,0.526829,3.500000,21.086341,1.824176,14.000000,0.777778
0.090909,0.146544,5.125000,25.696163,1.919118,17.000000,0.836735
0.090909,0.123500,5.125000,25.696163,1.919118,17.000000,0.836735
0.111111,0.102443,2.475410,27.364888,2.104097,43.000000,0.712264
0.111111,0.255736,2.166667,22.886937,1.777778,9.000000,0.684211
0.200000,0.598512,1.625000,26.563477,1.694444,9.000000,0.619048
0.111111,0.038760,1.593750,27.630059,1.757143,21.000000,0.614458
0.111111,0.831681,1.727273,23.199209,1.472222,9.000000,0.633333
0.125000,0.861535,1.583333,23.940425,1.472222,9.000000,0.612903
0.076923,0.652921,2.894737,21.733793,2.028571,21.000000,0.743243
0.076923,0.028967,2.166667,26.802275,1.666667,13.000000,0.684211
0.200000,0.428172,3.487179,24.191074,2.051209,38.000000,0.777143
0.100000,0.122163,2.090909,27.940824,1.488889,10.000000,0.676471
0.090909,0.023622,4.500000,26.454571,2.233333,25.000000,0.818182
0.090909,0.004184,5.200000,24.388265,2.339921,23.000000,0.838710
0.090909,0.600000,4.500000,26.454571,2.233333,25.000000,0.818182
0.058824,0.656969,2.785714,24.035179,1.919118,17.000000,0.735849
0.058824,0.179278,1.645161,25.871947,1.757143,21.000000,0.621951
0.090909,0.014493,4.500000,26.454571,2.233333,25.000000,0.818182
0.090909,0.404926,3.571429,26.166242,1.681818,12.000000,0.781250
0.090909,0.004184,5.200000,24.388265,2.339921,23.000000,0.838710
0.125000,0.048387,3.250000,24.457469,1.607143,8.000000,0.764706
0.125000,0.061770,1.722222,13.309426,2.100379,33.000000,0.632653
0.250000,1.000000,3.000000,23.295996,1.400000,5.000000,0.750000
0.166667,0.123077,3.000000,23.403208,1.400000,6.000000,0.750000
0.166667,0.142486,1.311111,25.113801,2.063333,25.000000,0.567308
0.062500,0.043874,1.468750,12.262982,1.877193,19.000000,0.594937
0.062500,0.457524,1.596154,27.924056,1.897436,27.000000,0.614815
0.083333,0.262621,2.357143,28.839682,1.500000,12.000000,0.702128
0.083333,0.509895,2.555556,24.319548,2.068817,31.000000,0.718750
0.125000,0.529886,2.486486,24.582527,2.068817,31.000000,0.713178
0.066667,0.028571,1.812500,25.382311,1.857143,15.000000,0.644444
0.066667,0.509895,2.555556,24.319548,2.068817,31.000000,0.718750
0.125000,0.191489,1.812500,20.549464,1.857143,15.000000,0.644444
0.200000,0.081970,2.333333,21.158162,1.416667,9.000000,0.700000
0.142857,0.396835,1.567568,28.489274,1.789474,20.000000,0.610526
0.142857,0.037500,2.200000,28.470001,1.476190,7.000000,0.687500
0.062500,0.567345,3.142857,20.633808,1.869281,18.000000,0.758621
0.062500,0.100997,2.459016,26.939133,2.105205,43.000000,0.710900
0.076923,0.661376,2.600000,27.319351,1.919118,17.000000,0.722222
0.076923,0.847110,4.500000,26.454571,2.233333,25.000000,0.818182
0.200000,0.307418,2.666667,30.000000,1.200000,5.000000,0.727273
0.200000,0.853711,2.333333,27.089504,1.300000,5.000000,0.700000
0.076923,0.661376,2.600000,27.319351,1.919118,17.000000,0.722222
0.076923,0.985961,4.500000,26.454571,2.233333,25.000000,0.818182
0.076923,0.661376,2.600000,27.319351,1.919118,17.000000,0.722222
0.076923,0.840127,4.500000,26.454571,2.233333,25.000000,0.818182
0.100000,0.275903,2.142857,22.425626,1.822222,10.000000,0.681818
0.100000,0.007779,2.584615,26.064120,2.159574,48.000000,0.721030
0.142857,0.486603,3.692308,26.891815,1.918129,19.000000,0.786885
0.142857,0.468517,2.166667,22.886937,1.777778,9.000000,0.684211
0.250000,0.190398,1.533333,28.293373,1.388889,9.000000,0.605263
0.100000,0.775216,1.622222,24.691952,1.790514,23.000000,0.618644
0.111111,1.000000,2.666667,29.945803,1.666667,9.000000,0.727273
0.111111,0.075051,1.800000,28.955965,1.555556,9.000000,0.642857
0.200000,0.004219,5.750000,24.650902,1.533333,10.000000,0.851852
0.200000,0.464128,2.500000,22.473553,1.600000,5.000000,0.714286
0.100000,0.413917,1.923077,25.538380,1.621212,12.000000,0.657895
0.100000,0.774736,1.636364,22.730580,1.600000,10.000000,0.620690
0.125000,0.041420,2.000000,25.208168,1.571429,8.000000,0.666667
0.125000,1.000000,2.000000,21.660911,1.846154,13.000000,0.666667
0.125000,0.114286,2.600000,18.988275,1.642857,8.000000,0.722222
0.125000,0.075051,1.800000,28.955965,1.555556,9.000000,0.642857
0.076923,0.118608,2.583333,27.780585,1.659341,14.000000,0.720930
0.076923,1.000000,2.000000,21.660911,1.846154,13.000000,0.666667
0.047619,0.289239,2.272727,28.108576,2.014286,21.000000,0.694444
0.076923,0.656318,2.000000,26.552263,1.903134,27.000000,0.666667
0.200000,0.560235,2.000000,25.138711,1.000000,5.000000,0.666667
0.142857,1.000000,3.250000,25.526619,1.380952,7.000000,0.764706
0.166667,1.000000,3.200000,28.707325,1.666667,9.000000,0.761905
0.166667,1.000000,2.666667,20.505672,1.533333,6.000000,0.727273
0.062500,0.001234,3.235294,26.482446,1.640523,18.000000,0.763889
0.100000,0.179575,1.750000,22.371155,1.618182,11.000000,0.636364
0.200000,0.387245,1.372093,27.649135,2.063333,25.000000,0.578431
0.250000,0.004184,1.666667,27.189745,1.166667,4.000000,0.625000
0.076923,0.201542,5.200000,24.388265,2.339921,23.000000,0.838710
0.071429,0.130549,2.157895,22.231996,1.758333,16.000000,0.683333
0.071429,0.152998,2.294118,27.909673,1.604396,14.000000,0.696429
0.076923,0.384140,5.200000,24.388265,2.339921,23.000000,0.838710
0.250000,1.000000,4.000000,23.185747,1.333333,4.000000,0.800000
0.250000,0.997383,5.750000,25.595225,2.269231,13.000000,0.851852
0.250000,1.000000,4.000000,14.574586,1.333333,4.000000,0.800000
0.250000,1.000000,3.500000,21.633514,1.300000,5.000000,0.777778
0.125000,0.571670,2.391304,27.267470,1.995671,22.000000,0.705128
0.125000,0.217565,1.428571,21.860576,1.644444,10.000000,0.588235
0.090909,0.544201,2.625000,22.902449,1.618182,11.000000,0.724138
0.090909,0.499414,1.615385,23.731349,1.763636,11.000000,0.617647
0.166667,0.553801,3.000000,25.071147,1.919118,17.000000,0.750000
0.166667,0.658860,1.714286,27.220532,1.200000,6.000000,0.631579
0.058824,0.140853,2.714286,25.737055,1.830882,17.000000,0.730769
0.058824,0.115620,4.055556,27.990017,2.267196,28.000000,0.802198
0.100000,1.000000,2.714286,26.911064,1.711111,10.000000,0.730769
0.100000,0.397329,2.833333,24.553538,2.163636,11.000000,0.739130
0.200000,0.603472,1.960000,16.042809,1.836601,18.000000,0.662162
0.200000,0.012448,1.600000,30.000000,1.200000,5.000000,0.615385
0.200000,0.013453,2.250000,20.751620,1.769231,14.000000,0.692308
0.200000,0.561095,3.000000,22.814966,1.400000,5.000000,0.750000
0.125000,1.000000,2.714286,26.780578,1.711111,10.000000,0.730769
0.125000,0.789534,2.166667,24.422360,1.642857,8.000000,0.684211
0.100000,0.221752,3.300000,24.110530,1.876190,15.000000,0.767442
0.142857,0.042376,1.571429,30.000000,1.476190,7.000000,0.611111
0.142857,0.313052,2.052632,27.942971,1.862745,18.000000,0.672414
0.250000,0.078304,2.507463,26.412751,2.159574,48.000000,0.714894
0.111111,0.306143,1.733333,26.055978,1.277778,9.000000,0.634146
0.111111,0.346811,2.416667,23.798665,1.705128,13.000000,0.707317
0.142857,0.316194,3.388889,27.603070,2.166667,24.000000,0.772152
0.250000,0.755275,3.076923,27.137676,1.960784,18.000000,0.754717
0.250000,0.621622,6.000000,23.231406,1.000000,4.000000,0.857143
0.142857,0.569161,3.388889,27.603070,2.166667,24.000000,0.772152
0.100000,0.436776,2.000000,30.000000,1.560606,12.000000,0.666667
0.100000,0.191161,1.428571,21.860576,1.644444,10.000000,0.588235
0.142857,0.191161,1.428571,21.860576,1.644444,10.000000,0.588235
0.142857,0.567302,2.500000,13.874781,1.523810,7.000000,0.714286
0.166667,0.471835,4.000000,23.452984,1.533333,6.000000,0.800000
0.166667,0.181170,4.400000,29.618809,1.600000,10.000000,0.814815
0.100000,0.255814,2.000000,30.000000,1.560606,12.000000,0.666667
0.100000,0.191161,1.428571,21.860576,1.644444,10.000000,0.588235
0.125000,0.192547,2.600000,29.272273,1.642857,8.000000,0.722222
0.125000,0.191161,1.428571,21.860576,1.644444,10.000000,0.588235
0.090909,0.659483,1.526316,22.393024,1.560606,12.000000,0.604167
0.076923,0.304316,2.181818,21.315760,1.600000,16.000000,0.685714
0.066667,0.309868,2.511111,24.147818,2.313090,39.000000,0.715190
0.066667,0.000000,2.388889,27.488323,1.590476,15.000000,0.704918
0.125000,0.590422,3.250000,26.780176,1.607143,8.000000,0.764706
0.125000,0.284675,1.910714,17.697985,2.065546,35.000000,0.656442
0.071429,0.185565,1.956522,29.799878,1.505495,14.000000,0.661765
0.071429,0.558248,2.511111,24.147818,2.313090,39.000000,0.715190
0.142857,0.404405,1.666667,21.099625,1.523810,7.000000,0.625000
0.142857,0.083994,2.250000,24.019775,1.769231,14.000000,0.692308
0.076923,0.383042,4.266667,25.538655,2.155797,24.000000,0.810127
0.076923,1.000000,4.285714,30.000000,1.615385,13.000000,0.810811
0.250000,0.204738,3.261905,24.432206,2.072874,39.000000,0.765363
0.142857,0.646965,1.833333,26.874957,1.476190,7.000000,0.647059
0.071429,0.052856,1.800000,29.534317,1.850000,16.000000,0.642857
0.071429,0.052856,1.800000,29.534317,1.850000,16.000000,0.642857
0.071429,0.052856,1.800000,29.534317,1.850000,16.000000,0.642857
0.071429,0.068684,1.800000,29.534317,1.850000,16.000000,0.642857
0.090909,0.269103,1.760000,26.428532,1.878947,20.000000,0.637681
0.090909,0.087799,1.900000,28.708214,1.309091,11.000000,0.655172
0.058824,0.037208,5.333333,28.731978,1.735294,17.000000,0.842105
0.058824,0.269103,1.760000,26.428532,1.878947,20.000000,0.637681
0.133333,0.054447,2.833333,25.695115,1.392857,8.000000,0.739130
0.133333,0.169272,1.365854,20.998700,2.000000,23.000000,0.577320
0.062500,0.072778,1.527778,16.101054,1.961039,22.000000,0.604396
0.062500,0.680467,4.222222,24.208622,1.858333,16.000000,0.808511
0.125000,1.000000,1.583333,29.719830,1.577778,10.000000,0.612903
0.066667,1.000000,1.523810,28.907233,2.000000,15.000000,0.603774
0.066667,0.121731,1.414634,24.378102,2.018116,24.000000,0.585859
0.125000,1.000000,1.583333,29.719830,1.577778,10.000000,0.612903
0.125000,1.000000,1.583333,29.719830,1.577778,10.000000,0.612903
0.083333,0.856841,1.555556,28.536174,1.636364,12.000000,0.608696
0.083333,0.143768,1.411765,13.796087,1.936842,20.000000,0.585366
0.125000,1.000000,1.583333,29.719830,1.577778,10.000000,0.612903
0.142857,0.258914,1.510638,27.502896,2.083744,29.000000,0.601695
0.083333,0.143768,1.411765,13.796087,1.936842,20.000000,0.585366
0.083333,0.347452,1.555556,28.536174,1.636364,12.000000,0.608696
0.083333,0.143768,1.411765,13.796087,1.936842,20.000000,0.585366
0.083333,0.335150,1.555556,28.536174,1.636364,12.000000,0.608696
0.250000,0.201436,2.000000,29.719830,1.511111,10.000000,0.666667
0.133333,0.538790,1.500000,25.161114,1.852941,17.000000,0.600000
0.090909,0.008333,2.200000,25.559416,1.727273,11.000000,0.687500
0.090909,0.770027,1.944444,24.492697,1.775000,16.000000,0.660377
0.250000,0.155940,3.833333,25.961498,1.361111,9.000000,0.793103
0.090909,1.000000,1.521739,11.408318,1.708333,16.000000,0.603448
0.090909,0.122203,1.900000,28.376764,1.309091,11.000000,0.655172
0.062500,0.251052,2.571429,27.533905,1.700000,16.000000,0.720000
0.062500,0.770027,1.944444,24.492697,1.775000,16.000000,0.660377
0.125000,0.020474,2.333333,25.978798,1.571429,8.000000,0.700000
0.125000,0.154654,1.555556,28.114964,2.055556,28.000000,0.608696
0.100000,0.350006,4.000000,30.000000,1.555556,10.000000,0.800000
0.100000,0.038641,2.000000,27.457210,1.666667,10.000000,0.666667
0.125000,0.024646,1.500000,29.593543,1.628205,13.000000,0.600000
0.125000,0.335633,5.000000,26.608330,1.464286,8.000000,0.833333
0.125000,0.418135,1.500000,29.823494,1.900585,19.000000,0.600000
0.125000,0.839973,2.600000,27.536154,1.642857,8.000000,0.722222
0.125000,0.335633,5.000000,26.608330,1.464286,8.000000,0.833333
0.125000,0.009806,1.500000,29.593543,1.628205,13.000000,0.600000
0.125000,0.030045,2.200000,28.266843,1.995671,22.000000,0.687500
0.100000,0.038641,2.000000,27.457210,1.666667,10.000000,0.666667
0.100000,0.350006,4.000000,30.000000,1.555556,10.000000,0.800000
0.125000,0.375570,1.500000,29.823494,1.900585,19.000000,0.600000
0.125000,0.839973,2.600000,27.536154,1.642857,8.000000,0.722222
0.058824,0.178275,2.606061,28.362227,1.978959,43.000000,0.722689
0.066667,0.196428,2.388889,27.132296,1.590476,15.000000,0.704918
0.066667,0.017272,2.034483,21.007681,1.932806,23.000000,0.670455
0.100000,0.168911,2.400000,20.786777,1.466667,10.000000,0.705882
0.100000,0.017272,2.034483,21.007681,1.932806,23.000000,0.670455
0.058824,0.517133,1.709677,23.575232,1.982684,22.000000,0.630952
0.047619,0.083181,2.666667,26.900990,1.906404,29.000000,0.727273
0.047619,1.000000,3.571429,26.699568,1.790476,21.000000,0.781250
0.071429,0.485089,1.733333,22.073350,1.938095,21.000000,0.634146
0.071429,0.245603,2.166667,28.959854,1.604396,14.000000,0.684211
0.111111,1.000000,2.892857,29.480030,1.782609,23.000000,0.743119
0.111111,0.238439,1.642857,29.455351,1.388889,9.000000,0.621622
0.083333,1.000000,3.085714,26.394282,1.851852,28.000000,0.755245
0.083333,0.086826,2.900000,27.328035,1.651515,12.000000,0.743590
0.100000,1.000000,2.595238,26.683238,1.889163,29.000000,0.721854
0.100000,0.363178,2.857143,25.376705,1.555556,10.000000,0.740741
0.111111,0.008264,2.641509,24.622461,2.310101,45.000000,0.725389
0.142857,0.872613,2.000000,24.291820,1.571429,8.000000,0.666667
0.125000,0.024390,1.700000,29.649787,1.392857,8.000000,0.629630
0.111111,0.019481,1.891892,27.427663,2.091168,27.000000,0.654206
0.250000,0.401811,2.000000,16.423787,1.333333,4.000000,0.666667
0.100000,0.307095,2.600000,25.728940,1.571429,14.000000,0.722222
0.125000,0.265241,2.375000,24.770846,1.527778,9.000000,0.703704
0.111111,0.233468,3.400000,23.622570,1.583333,9.000000,0.772727
0.111111,0.567165,1.772727,22.271820,1.841667,16.000000,0.639344
0.100000,0.451415,1.666667,26.365348,1.644444,10.000000,0.625000
0.142857,0.796029,1.666667,13.777822,1.285714,7.000000,0.625000
0.142857,0.120985,2.606061,28.500505,1.978959,43.000000,0.722689
0.200000,0.484140,2.350000,30.000000,1.901961,18.000000,0.701493
0.200000,0.269773,2.350000,30.000000,1.901961,18.000000,0.701493
0.111111,0.050286,2.600000,25.728940,1.571429,14.000000,0.722222
0.111111,0.082165,1.882353,30.000000,1.560606,12.000000,0.653061
0.166667,0.241994,2.437500,26.904920,1.571429,14.000000,0.709091
0.045455,0.144326,2.306667,28.970685,1.993658,44.000000,0.697581
0.045455,0.132931,1.875000,25.767968,2.025362,24.000000,0.652174
0.111111,0.205061,1.882353,30.000000,1.560606,12.000000,0.653061
0.111111,0.050286,2.600000,25.728940,1.571429,14.000000,0.722222
0.166667,0.580807,2.300000,26.422606,1.690909,11.000000,0.696970
0.166667,0.858847,2.333333,15.201534,1.533333,6.000000,0.700000
0.166667,0.248614,1.891892,26.658754,2.091168,27.000000,0.654206
0.250000,0.635414,3.266667,27.886159,1.968421,20.000000,0.765625
0.250000,0.480046,1.750000,14.162465,1.300000,5.000000,0.636364
0.166667,0.380304,1.666667,28.526792,1.642857,8.000000,0.625000
0.066667,1.000000,1.600000,30.000000,1.866667,15.000000,0.615385
0.066667,0.673685,6.000000,28.027688,1.735294,17.000000,0.857143
0.111111,0.154964,1.548387,30.000000,1.953216,19.000000,0.607595
0.066667,0.145436,1.600000,30.000000,1.866667,15.000000,0.615385
0.066667,0.673685,6.000000,28.027688,1.735294,17.000000,0.857143
0.066667,1.000000,1.600000,30.000000,1.866667,15.000000,0.615385
0.066667,0.673685,6.000000,28.027688,1.735294,17.000000,0.857143
0.066667,0.145436,1.600000,30.000000,1.866667,15.000000,0.615385
0.066667,0.673685,6.000000,28.027688,1.735294,17.000000,0.857143
0.111111,0.154964,1.548387,30.000000,1.953216,19.000000,0.607595
0.090909,0.008264,2.555556,23.327771,1.727273,11.000000,0.718750
0.090909,0.255412,1.588235,28.778824,1.651515,12.000000,0.613636
0.083333,0.247670,1.588235,29.025150,1.651515,12.000000,0.613636
0.083333,1.000000,1.540000,28.133851,2.064368,30.000000,0.606299
0.035714,0.149878,1.894737,27.352960,2.113757,28.000000,0.654545
0.035714,1.000000,1.540000,28.133851,2.064368,30.000000,0.606299
0.062500,0.822516,1.565217,30.000000,1.850000,16.000000,0.610169
0.062500,1.000000,1.540000,28.133851,2.064368,30.000000,0.606299
0.125000,0.776996,1.685714,27.793475,2.036667,25.000000,0.627660
0.125000,0.067751,2.666667,27.742202,1.428571,8.000000,0.727273
0.100000,0.764416,1.810811,28.160202,1.940000,25.000000,0.644231
0.100000,0.608626,1.285714,25.516990,1.644444,10.000000,0.562500
0.083333,0.000000,2.750000,27.500000,2.090909,12.000000,0.733333
0.083333,0.247670,1.588235,29.218352,1.651515,12.000000,0.613636
0.062500,0.461083,1.565217,30.000000,1.850000,16.000000,0.610169
0.062500,1.000000,1.540000,28.133851,2.064368,30.000000,0.606299
0.142857,1.000000,1.540000,28.133851,2.064368,30.000000,0.606299
0.125000,0.154735,2.641509,22.847252,2.310101,45.000000,0.725389
0.125000,0.715566,2.571429,26.941487,1.357143,8.000000,0.720000
0.062500,1.000000,1.540000,28.133851,2.064368,30.000000,0.606299
0.062500,0.461083,1.565217,30.000000,1.850000,16.000000,0.610169
0.062500,0.461083,1.565217,30.000000,1.850000,16.000000,0.610169
0.062500,1.000000,1.540000,28.133851,2.064368,30.000000,0.606299
0.142857,0.776996,1.685714,27.793475,2.036667,25.000000,0.627660
0.083333,0.014925,2.750000,27.500000,2.090909,12.000000,0.733333
0.083333,0.247670,1.588235,29.218352,1.651515,12.000000,0.613636
0.142857,1.000000,1.857143,30.000000,1.380952,7.000000,0.650000
0.041667,0.156240,1.870968,28.352414,2.068841,24.000000,0.651685
0.200000,0.878194,1.750000,20.787046,1.300000,5.000000,0.636364
0.250000,1.000000,2.187500,26.802465,2.125000,17.000000,0.686275
0.200000,0.124411,1.891892,27.276236,2.091168,27.000000,0.654206
0.250000,0.198124,2.187500,26.802465,2.125000,17.000000,0.686275
0.250000,0.642842,2.187500,26.802465,2.125000,17.000000,0.686275
0.250000,0.685186,2.187500,26.802465,2.125000,17.000000,0.686275
0.111111,0.518036,1.292683,14.318926,1.868421,20.000000,0.563830
0.111111,0.344501,2.555556,28.221124,1.361111,9.000000,0.718750
0.100000,0.518036,1.292683,14.318926,1.868421,20.000000,0.563830
0.100000,0.004149,2.500000,27.502750,1.800000,10.000000,0.714286
0.062500,0.434663,2.777778,27.515704,1.583333,16.000000,0.735294
0.062500,0.155384,2.647059,22.822766,2.317125,44.000000,0.725806
0.250000,0.355817,2.545455,27.395199,2.310101,45.000000,0.717949
0.062500,0.231283,2.641509,26.313265,2.310101,45.000000,0.725389
0.111111,0.442387,2.000000,26.723536,1.727273,11.000000,0.666667
0.111111,0.291424,2.315789,22.131854,1.830409,19.000000,0.698413
0.062500,0.291424,2.315789,22.131854,1.830409,19.000000,0.698413
0.062500,0.111815,2.400000,28.238936,1.700000,16.000000,0.705882
0.200000,0.113089,3.416667,26.592590,1.980392,18.000000,0.773585
0.200000,0.915322,1.750000,30.000000,1.300000,5.000000,0.636364
0.200000,0.113089,3.416667,26.592590,1.980392,18.000000,0.773585
0.200000,0.903524,1.750000,30.000000,1.300000,5.000000,0.636364
0.071429,1.000000,2.578947,29.421683,2.064327,19.000000,0.720588
0.111111,0.665482,1.666667,29.475372,1.444444,9.000000,0.625000
0.111111,0.182948,1.810811,20.443781,2.050000,25.000000,0.644231
0.111111,0.182948,1.810811,20.443781,2.050000,25.000000,0.644231
0.111111,1.000000,1.666667,29.475372,1.444444,9.000000,0.625000
0.125000,0.330336,2.833333,23.916621,1.392857,8.000000,0.739130
0.111111,1.000000,1.750000,23.498743,1.416667,9.000000,0.636364
0.111111,0.862731,1.461538,30.000000,1.527778,9.000000,0.593750
0.111111,0.192658,2.500000,29.383064,1.583333,16.000000,0.714286
0.052632,0.049130,2.493506,28.464817,1.992599,47.000000,0.713755
0.052632,0.370093,2.043478,22.219325,1.906433,19.000000,0.671429
0.111111,0.257179,2.428571,26.164909,1.381818,11.000000,0.708333
0.111111,1.000000,1.500000,24.208010,1.666667,9.000000,0.600000
0.166667,0.527894,2.000000,26.728531,1.700000,20.000000,0.666667
0.250000,1.000000,3.416667,29.140452,1.966387,35.000000,0.773585
0.071429,1.000000,3.766667,26.172427,2.151261,35.000000,0.790210
0.071429,0.019213,1.800000,29.948386,1.505495,14.000000,0.642857
0.166667,0.036068,2.560000,28.318775,1.992599,47.000000,0.719101
0.083333,0.183105,2.666667,25.433995,2.136364,44.000000,0.727273
0.083333,0.764760,2.777778,27.141494,1.621212,12.000000,0.735294
0.071429,0.484643,1.937500,25.863737,1.700000,20.000000,0.659574
0.071429,0.685460,2.583333,27.668732,1.659341,14.000000,0.720930
0.142857,0.800086,2.857143,22.435474,1.636364,11.000000,0.740741
0.142857,0.161458,1.545455,23.341952,1.428571,8.000000,0.607143
0.250000,0.554055,1.870968,28.278117,2.068841,24.000000,0.651685
0.250000,0.491463,3.000000,29.750616,1.000000,4.000000,0.750000
0.142857,0.430120,1.875000,28.529444,2.125616,29.000000,0.652174
0.052632,0.985710,4.538462,27.623679,1.831579,20.000000,0.819444
0.052632,0.073853,2.853659,27.047855,1.909274,32.000000,0.740506
0.250000,0.977460,4.055556,27.990017,2.267196,28.000000,0.802198
0.166667,1.000000,1.384615,20.545412,2.070565,32.000000,0.580645
0.166667,0.253012,3.000000,23.372785,1.000000,6.000000,0.750000
0.052632,0.575492,1.675676,29.301120,1.700000,20.000000,0.626263
0.200000,0.341935,2.333333,29.626925,1.300000,5.000000,0.700000
0.052632,0.575492,1.675676,29.301120,1.700000,20.000000,0.626263
0.200000,0.358111,1.785714,28.609311,2.125616,29.000000,0.641026
0.200000,0.341935,2.333333,29.626925,1.300000,5.000000,0.700000
0.250000,0.804442,3.000000,23.828499,1.400000,6.000000,0.750000
0.250000,0.804442,3.000000,23.828499,1.400000,6.000000,0.750000
0.166667,0.132465,2.428571,23.076923,1.602564,13.000000,0.708333
0.166667,0.577042,4.000000,20.124199,1.466667,6.000000,0.800000
0.166667,0.198158,2.428571,23.076923,1.602564,13.000000,0.708333
0.166667,0.577042,4.000000,20.124199,1.466667,6.000000,0.800000
0.022727,0.020879,2.329412,28.457145,1.987589,48.000000,0.699647
0.022727,0.028493,1.893333,24.839838,2.224101,44.000000,0.654378
0.090909,0.314360,1.217391,20.966935,1.890476,21.000000,0.549020
0.090909,0.008130,2.666667,25.049293,1.418182,11.000000,0.727273
0.100000,0.314360,1.217391,20.966935,1.890476,21.000000,0.549020
0.100000,0.008130,2.142857,29.625643,1.800000,10.000000,0.681818
0.062500,0.199484,2.208333,27.643033,1.653595,18.000000,0.688312
0.062500,0.258101,1.292683,14.318926,1.868421,20.000000,0.563830
0.125000,1.000000,2.500000,29.387270,1.464286,8.000000,0.714286
0.200000,0.976201,7.000000,14.144138,1.300000,5.000000,0.875000
0.200000,0.992617,3.282609,23.873406,2.125138,43.000000,0.766497
0.100000,0.030762,1.687500,28.148979,1.736842,19.000000,0.627907
0.100000,1.000000,2.111111,22.325534,1.666667,10.000000,0.678571
0.100000,0.983243,2.430380,28.670472,1.992599,47.000000,0.708487
0.100000,0.304767,1.727273,10.512349,1.577778,10.000000,0.633333
0.166667,0.983896,2.344444,28.519665,1.989388,50.000000,0.700997
0.100000,0.985523,2.567164,28.631955,1.978959,43.000000,0.719665
0.100000,0.397368,2.857143,23.410718,1.666667,10.000000,0.740741
0.142857,0.963768,2.236842,26.670311,1.903134,27.000000,0.691057
0.090909,0.980381,2.163043,28.557028,1.999150,49.000000,0.683849
0.090909,0.932176,2.388889,29.332135,1.218182,11.000000,0.704918
0.250000,0.000000,1.636364,28.318333,1.736842,19.000000,0.620690
0.066667,0.013917,2.230769,24.014268,1.847368,20.000000,0.690476
0.066667,0.278766,1.961538,28.976024,1.514286,15.000000,0.662338
0.076923,0.118792,1.700000,25.068623,1.858333,16.000000,0.629630
0.076923,0.362264,1.631579,24.337127,1.641026,13.000000,0.620000
0.125000,0.489325,2.000000,20.853187,1.214286,8.000000,0.666667
0.125000,0.668944,2.000000,26.871690,1.842105,19.000000,0.666667
0.050000,0.585235,1.880000,29.060903,1.831579,20.000000,0.652778
0.050000,0.121144,2.217391,24.374091,2.189474,20.000000,0.689189
0.111111,0.741753,3.000000,24.746875,1.500000,9.000000,0.750000
0.100000,0.145101,2.555556,24.652459,1.727273,11.000000,0.718750
0.100000,0.324968,2.750000,27.500000,2.090909,12.000000,0.733333
0.100000,0.145101,2.555556,24.652459,1.727273,11.000000,0.718750
0.100000,0.239876,2.750000,27.500000,2.090909,12.000000,0.733333
0.111111,0.298701,7.666667,25.116549,1.581818,11.000000,0.884615
0.111111,0.010000,2.437500,23.590654,1.800000,16.000000,0.709091
0.166667,0.562969,2.214286,27.218661,1.530303,12.000000,0.688889
0.166667,1.000000,1.600000,21.249308,1.466667,6.000000,0.615385
0.250000,0.277842,2.500000,28.419035,1.800000,10.000000,0.714286
0.083333,0.069124,2.555556,26.140168,1.742424,12.000000,0.718750
0.285714,1.000000,2.000000,30.000000,1.428571,7.000000,0.666667
0.142857,1.000000,2.636364,22.430836,1.912088,14.000000,0.725000
0.285714,0.593583,2.000000,30.000000,1.428571,7.000000,0.666667
0.285714,0.459993,2.000000,30.000000,1.428571,7.000000,0.666667
0.200000,1.000000,1.523810,28.907233,2.000000,15.000000,0.603774
0.083333,0.963462,1.661972,28.557488,2.118758,39.000000,0.624339
0.250000,0.977276,2.013158,26.320193,2.147992,44.000000,0.668122
0.090909,0.843292,1.285714,23.740807,1.870130,22.000000,0.562500
0.090909,0.315476,2.666667,27.475376,1.418182,11.000000,0.727273
0.090909,0.569401,2.714286,27.272727,1.763636,11.000000,0.730769
0.090909,0.843292,1.285714,23.740807,1.870130,22.000000,0.562500
0.125000,0.004254,2.076923,27.274549,1.769231,14.000000,0.675000
0.142857,1.000000,1.384615,20.545412,2.070565,32.000000,0.580645
0.142857,0.283657,2.222222,28.078391,1.709091,11.000000,0.689655
0.166667,0.104028,2.200000,30.000000,1.266667,6.000000,0.687500
0.166667,0.045988,1.800000,29.928542,1.666667,7.000000,0.642857
0.166667,0.104028,2.200000,30.000000,1.266667,6.000000,0.687500
0.166667,0.045988,1.800000,29.928542,1.666667,7.000000,0.642857
0.166667,0.817881,13.000000,27.595964,1.535714,8.000000,0.928571
0.062500,0.787805,1.588235,28.921440,1.736842,19.000000,0.613636
0.055556,0.013970,1.653846,8.685250,1.777778,18.000000,0.623188
0.055556,0.787805,1.588235,29.156602,1.736842,19.000000,0.613636
0.045455,0.204706,1.875000,27.255702,1.809524,22.000000,0.652174
0.045455,0.707749,3.230769,28.688972,1.695652,24.000000,0.763636
0.200000,0.534631,2.363636,29.467409,1.769231,13.000000,0.702703
0.083333,0.717678,12.000000,30.000000,1.454545,12.000000,0.923077
0.083333,0.336383,1.360000,26.106985,1.670330,14.000000,0.576271
0.125000,0.899539,1.545455,19.582262,1.392857,8.000000,0.607143
0.125000,0.473768,1.944444,29.413224,1.758333,16.000000,0.660377
0.125000,0.023318,2.000000,28.110297,1.388889,9.000000,0.666667
0.083333,0.717678,12.000000,30.000000,1.454545,12.000000,0.923077
0.083333,0.372153,1.360000,26.106985,1.670330,14.000000,0.576271
0.125000,0.155718,2.000000,28.110297,1.388889,9.000000,0.666667
0.083333,0.717678,12.000000,30.000000,1.454545,12.000000,0.923077
0.083333,0.372153,1.360000,26.106985,1.670330,14.000000,0.576271
0.083333,0.717678,12.000000,30.000000,1.454545,12.000000,0.923077
0.083333,0.336383,1.360000,26.106985,1.670330,14.000000,0.576271
0.100000,0.326095,2.000000,27.437526,1.755556,10.000000,0.666667
0.100000,0.008264,1.473684,25.877888,1.780220,14.000000,0.595745
0.166667,1.000000,1.538462,21.802858,1.684211,20.000000,0.606061
0.083333,0.290765,1.473684,25.877888,1.780220,14.000000,0.595745
0.200000,0.069710,1.764706,26.016186,1.636364,12.000000,0.638298
0.250000,0.093416,3.750000,25.309815,1.769231,13.000000,0.789474
0.125000,0.664384,2.000000,22.138013,1.882353,17.000000,0.666667
0.125000,0.457876,6.000000,29.081685,1.678571,8.000000,0.857143
0.250000,0.019452,4.000000,23.840865,1.777778,10.000000,0.800000
0.142857,0.336417,1.571429,26.264641,1.476190,7.000000,0.611111
0.200000,0.086063,4.625000,29.776921,1.576923,13.000000,0.822222
0.166667,0.666726,3.666667,30.000000,1.266667,6.000000,0.785714
0.100000,0.008197,1.761905,29.591513,1.439394,12.000000,0.637931
0.100000,0.129779,1.333333,21.361816,1.622222,10.000000,0.571429
0.200000,0.086063,4.625000,29.776921,1.576923,13.000000,0.822222
0.250000,0.302326,2.000000,25.449382,1.000000,4.000000,0.666667
0.111111,0.130430,1.810811,20.443781,2.050000,25.000000,0.644231
0.076923,0.008197,1.857143,20.262910,1.794872,13.000000,0.650000
0.076923,0.713305,2.333333,29.064270,1.951724,30.000000,0.700000
0.071429,0.803951,1.937500,26.312547,1.700000,20.000000,0.659574
0.071429,0.876981,2.437500,27.332392,1.604396,14.000000,0.709091
0.083333,0.894780,1.512195,29.872048,1.700000,20.000000,0.601942
0.125000,0.750223,1.937500,25.863737,1.700000,20.000000,0.659574
0.125000,0.753530,1.437500,28.564756,1.388889,9.000000,0.589744
0.111111,0.967499,1.250000,28.064151,1.695238,15.000000,0.555556
0.111111,0.024111,1.769231,29.560250,1.361111,9.000000,0.638889
0.166667,0.476365,1.785714,28.609311,2.125616,29.000000,0.641026
0.166667,0.634484,1.833333,30.000000,1.266667,6.000000,0.647059
0.125000,0.168863,2.363636,28.660195,1.769231,13.000000,0.702703
0.250000,0.162101,2.198020,26.759100,2.711888,66.000000,0.687307
0.250000,0.489508,1.730769,18.639034,1.795322,19.000000,0.633803
0.142857,1.000000,2.625000,26.706653,1.538462,14.000000,0.724138
0.062500,0.042254,1.680000,22.630254,1.650000,16.000000,0.626866
0.062500,0.871830,1.487179,28.202233,1.742105,20.000000,0.597938
0.050000,0.038961,2.000000,19.195412,1.792208,22.000000,0.666667
0.050000,0.871830,1.487179,28.202233,1.742105,20.000000,0.597938
0.062500,0.348724,1.769231,24.576951,1.926437,30.000000,0.638889
0.066667,0.003984,1.913043,28.338771,1.580952,15.000000,0.656716
0.066667,0.348724,1.769231,24.576951,1.926437,30.000000,0.638889
0.200000,0.871830,1.487179,28.202233,1.742105,20.000000,0.597938
0.090909,0.052725,1.900000,23.024185,1.943020,27.000000,0.655172
0.142857,0.207512,1.704545,21.476635,1.936667,25.000000,0.630252
0.076923,0.379386,2.944444,28.229701,1.764706,18.000000,0.746479
0.076923,0.470618,3.222222,25.634700,1.628205,13.000000,0.763158
0.100000,0.379386,2.944444,28.229701,1.764706,18.000000,0.746479
0.100000,0.079137,2.222222,27.716410,1.622222,10.000000,0.689655
0.200000,0.465692,1.750000,29.548956,1.300000,5.000000,0.636364
0.200000,0.072816,1.857143,28.363487,1.730769,13.000000,0.650000
0.066667,0.938883,2.272727,30.000000,1.583333,16.000000,0.694444
0.066667,0.545254,1.625000,26.148838,1.780952,15.000000,0.619048
0.166667,0.139785,2.400000,24.481161,1.714286,15.000000,0.705882
0.200000,0.084790,1.857143,24.248189,1.727273,12.000000,0.650000
0.200000,0.084790,1.857143,24.248189,1.727273,12.000000,0.650000
0.100000,0.890142,3.666667,25.842441,1.948718,13.000000,0.785714
0.090909,0.003953,1.727273,25.487846,1.943020,27.000000,0.633333
0.100000,0.135555,1.795455,29.271954,1.916667,25.000000,0.642276
0.111111,0.533278,2.428571,20.114267,1.527778,9.000000,0.708333
0.142857,0.876960,1.714286,25.553242,1.428571,7.000000,0.631579
0.142857,0.344176,2.000000,27.821391,1.893281,23.000000,0.666667
0.071429,0.465568,4.666667,29.662739,1.582418,14.000000,0.823529
0.071429,0.297840,1.837209,29.192588,1.916667,25.000000,0.647541
0.071429,0.297840,1.837209,29.192588,1.916667,25.000000,0.647541
0.071429,0.465568,4.666667,29.662739,1.582418,14.000000,0.823529
0.125000,1.000000,2.291667,27.834291,1.995671,22.000000,0.696203
0.125000,0.745160,1.428571,21.860576,1.644444,10.000000,0.588235
0.142857,1.000000,2.692308,27.405740,1.987903,32.000000,0.729167
0.142857,1.000000,2.516129,27.827740,1.994302,27.000000,0.715596
0.052632,0.187114,2.125000,28.720077,1.904615,26.000000,0.680000
0.052632,0.217391,6.444444,24.508659,1.900585,19.000000,0.865672
0.062500,1.000000,2.878788,27.790009,1.953202,29.000000,0.742188
0.086957,0.344176,2.000000,28.057764,1.893281,23.000000,0.666667
0.086957,0.509826,1.633333,24.741150,1.868421,20.000000,0.620253
0.086957,0.811200,1.633333,24.741150,1.868421,20.000000,0.620253
0.086957,0.344176,2.000000,28.057764,1.893281,23.000000,0.666667
0.166667,0.032762,1.820513,16.668040,1.941538,26.000000,0.645455
0.125000,0.102019,2.571429,28.725969,1.357143,8.000000,0.720000
0.083333,0.072786,1.857143,29.321288,1.727273,12.000000,0.650000
0.083333,0.072786,1.857143,29.321288,1.727273,12.000000,0.650000
0.166667,0.531052,1.473684,25.877888,1.780220,14.000000,0.595745
0.166667,0.101694,2.000000,30.000000,1.533333,6.000000,0.666667
0.050000,0.054015,1.578947,27.743162,1.715789,20.000000,0.612245
0.050000,1.000000,1.811321,24.834821,1.922581,31.000000,0.644295
0.043478,1.000000,2.750000,27.954662,1.695652,23.000000,0.733333
0.043478,0.219395,1.820513,16.668040,1.941538,26.000000,0.645455
0.066667,0.086792,1.833333,29.380551,1.580952,15.000000,0.647059
0.066667,1.000000,1.811321,24.834821,1.922581,31.000000,0.644295
0.100000,0.401344,3.421053,24.777057,1.757895,20.000000,0.773810
0.100000,0.067485,2.222222,28.589249,1.622222,10.000000,0.689655
0.045455,0.821268,1.285714,23.740807,1.870130,22.000000,0.562500
0.045455,1.000000,2.592593,27.003270,1.696970,22.000000,0.721649
0.250000,0.003953,1.526316,20.879638,1.628205,13.000000,0.604167
0.071429,0.984355,2.270270,28.443399,1.913846,26.000000,0.694215
0.071429,1.000000,1.875000,26.106778,1.824176,14.000000,0.652174
0.222222,0.986523,1.750000,26.182995,1.842857,21.000000,0.636364
0.222222,0.721350,2.125000,9.594936,1.611111,9.000000,0.680000
0.066667,0.247639,2.117647,29.030881,1.714286,15.000000,0.679245
0.066667,0.769076,4.367347,26.528980,2.807104,61.000000,0.813688
0.125000,0.032463,3.000000,29.119834,1.692308,13.000000,0.750000
0.071429,0.769076,4.367347,26.528980,2.807104,61.000000,0.813688
0.071429,1.000000,1.875000,26.275537,1.824176,14.000000,0.652174
0.166667,0.525896,2.571429,22.526321,2.136364,12.000000,0.720000
0.125000,1.000000,1.360000,28.696920,1.670330,14.000000,0.576271
0.125000,0.089634,2.750000,30.000000,1.214286,8.000000,0.733333
0.142857,1.000000,1.360000,28.696920,1.670330,14.000000,0.576271
0.142857,0.019608,2.285714,24.851187,1.238095,7.000000,0.695652
0.125000,0.292491,1.360000,28.696920,1.670330,14.000000,0.576271
0.125000,0.089634,2.750000,30.000000,1.214286,8.000000,0.733333
0.166667,0.177594,3.785714,28.500000,1.905263,20.000000,0.791045
0.142857,0.292491,1.360000,28.696920,1.670330,14.000000,0.576271
0.142857,0.019608,2.285714,24.851187,1.238095,7.000000,0.695652
0.250000,0.157895,3.250000,15.986587,1.380952,7.000000,0.764706
0.166667,1.000000,1.526316,20.879638,1.628205,13.000000,0.604167
0.076923,0.060116,3.000000,29.352777,1.692308,13.000000,0.750000
0.076923,1.000000,1.526316,20.879638,1.628205,13.000000,0.604167
0.058824,0.091374,1.620690,25.379661,2.004762,21.000000,0.618421
0.058824,0.007214,6.142857,23.757253,1.683824,17.000000,0.860000
0.066667,0.091374,1.620690,25.379661,2.004762,21.000000,0.618421
0.066667,0.262358,4.428571,30.000000,2.028571,15.000000,0.815789
0.066667,0.091374,1.620690,25.379661,2.004762,21.000000,0.618421
0.066667,0.242437,4.428571,30.000000,2.028571,15.000000,0.815789
0.250000,0.318455,1.892857,21.618058,1.933333,21.000000,0.654321
0.071429,0.012121,1.000000,29.510860,1.813333,25.000000,0.500000
0.071429,0.740461,1.333333,17.088699,1.802198,14.000000,0.571429
0.166667,0.611554,3.500000,23.689766,1.533333,6.000000,0.777778
0.076923,0.064497,1.909091,28.442738,1.823529,18.000000,0.656250
0.125000,0.259755,5.352941,29.240167,1.717391,24.000000,0.842593
0.125000,0.599247,1.714286,30.000000,1.642857,8.000000,0.631579
0.111111,0.240571,1.894737,29.134332,1.714286,15.000000,0.654545
0.200000,0.163442,2.000000,8.169988,1.400000,5.000000,0.666667
0.200000,0.560976,2.500000,24.534508,1.285714,7.000000,0.714286
0.166667,0.160309,1.600000,30.000000,1.466667,6.000000,0.615385
0.166667,0.535368,1.733333,29.254812,1.730769,13.000000,0.634146
0.222222,0.526429,1.734375,24.071636,1.887097,32.000000,0.634286
0.250000,0.487343,1.712121,25.299566,1.909091,33.000000,0.631285
0.040000,0.620128,1.630769,21.869591,1.879570,31.000000,0.619883
0.040000,1.000000,1.530612,27.116853,1.936667,25.000000,0.604839
0.142857,0.130977,5.333333,28.108040,1.816176,17.000000,0.842105
0.142857,0.844482,1.777778,27.123490,1.238095,7.000000,0.640000
0.083333,0.151737,1.647059,29.278081,1.575758,12.000000,0.622222
0.083333,0.151737,1.647059,29.278081,1.575758,12.000000,0.622222
0.142857,0.844482,1.777778,27.123490,1.238095,7.000000,0.640000
0.142857,0.844482,1.777778,27.123490,1.238095,7.000000,0.640000
0.083333,0.151737,1.647059,29.278081,1.575758,12.000000,0.622222
0.142857,0.844482,1.777778,27.123490,1.238095,7.000000,0.640000
0.083333,0.151737,1.647059,29.278081,1.575758,12.000000,0.622222
0.142857,0.000000,2.400000,30.000000,1.571429,8.000000,0.705882
0.142857,0.043142,2.000000,13.705376,1.428571,7.000000,0.666667
0.142857,0.000000,4.142857,29.547070,1.377778,10.000000,0.805556
0.142857,0.043142,2.000000,13.705376,1.428571,7.000000,0.666667
0.166667,0.380346,2.857143,25.778508,1.745455,11.000000,0.740741
0.090909,0.198693,2.333333,27.637175,1.469697,12.000000,0.700000
0.090909,0.472720,2.376238,26.805526,2.730435,70.000000,0.703812
0.250000,0.142166,2.833333,16.911433,1.666667,10.000000,0.739130
0.038462,0.749025,1.820513,16.668040,1.941538,26.000000,0.645455
0.038462,0.522334,2.522727,26.740565,2.594470,63.000000,0.716129
0.111111,0.237342,2.111111,29.409997,1.763636,11.000000,0.678571
0.111111,0.472720,2.376238,26.805526,2.730435,70.000000,0.703812
0.090909,0.248070,1.681818,30.000000,1.439394,12.000000,0.627119
0.090909,0.617013,1.600000,13.810661,1.974359,13.000000,0.615385
0.083333,0.570806,1.545455,25.822472,1.484848,12.000000,0.607143
0.083333,0.455301,2.158333,27.824420,2.642254,71.000000,0.683377
0.071429,1.000000,1.400000,24.834483,2.088235,17.000000,0.583333
0.071429,0.756178,2.333333,28.063628,1.802198,14.000000,0.700000
0.076923,0.247287,2.263158,27.561669,1.751634,18.000000,0.693548
0.076923,0.851332,2.000000,26.009456,1.730769,13.000000,0.666667
0.071429,0.024910,1.400000,24.834483,2.088235,17.000000,0.583333
0.071429,0.756178,2.333333,28.063628,1.802198,14.000000,0.700000
0.100000,0.145056,2.200000,29.813462,1.511111,10.000000,0.687500
0.100000,0.851332,2.000000,26.009456,1.730769,13.000000,0.666667
0.125000,0.007874,2.200000,22.592004,1.714286,8.000000,0.687500
0.125000,0.651881,2.384615,26.697819,1.847619,15.000000,0.704545
0.285714,0.113155,1.857143,27.168764,1.535714,8.000000,0.650000
0.285714,0.761491,8.000000,20.374488,1.200000,5.000000,0.888889
0.142857,0.040000,1.833333,23.415978,1.476190,7.000000,0.647059
0.142857,0.237047,1.666667,29.455441,1.285714,7.000000,0.625000
0.166667,1.000000,1.000000,28.725483,1.816667,25.000000,0.500000
0.166667,0.191929,2.500000,29.962122,1.500000,12.000000,0.714286
0.250000,0.940205,3.304348,27.299598,2.221675,29.000000,0.767677
0.250000,0.121888,2.400000,17.882591,1.476190,7.000000,0.705882
0.090909,0.404614,2.555556,29.893373,1.787879,12.000000,0.718750
0.142857,0.243697,1.571429,26.510506,1.476190,7.000000,0.611111
0.250000,0.641648,5.600000,27.896348,1.681818,12.000000,0.848485
0.200000,0.517029,3.400000,26.569117,1.392857,8.000000,0.772727
0.200000,0.082017,1.750000,12.076660,1.300000,5.000000,0.636364
0.200000,0.063291,2.600000,26.056103,1.380952,7.000000,0.722222
0.066667,0.855018,1.463415,16.556060,1.984190,23.000000,0.594059
0.066667,0.340637,2.133333,28.268905,1.695238,15.000000,0.680851
0.142857,0.096572,1.631579,18.873884,1.731602,22.000000,0.620000
0.142857,0.096572,1.631579,18.873884,1.731602,22.000000,0.620000
0.052632,0.855018,1.463415,16.556060,1.984190,23.000000,0.594059
0.052632,0.217714,2.240000,27.626712,1.861472,22.000000,0.691358
0.125000,0.884635,1.490196,29.624814,1.975385,26.000000,0.598425
0.090909,0.862981,1.428571,17.033463,1.984190,23.000000,0.588235
0.090909,0.439049,1.727273,12.583225,1.654545,11.000000,0.633333
0.125000,0.516656,2.111111,30.000000,1.321429,8.000000,0.678571
0.125000,0.626269,1.869565,25.902839,1.860294,17.000000,0.651515
0.066667,0.035294,2.625000,26.722074,1.600000,15.000000,0.724138
0.066667,0.460968,1.888889,26.070064,1.888889,19.000000,0.653846
0.166667,0.694723,2.000000,29.774395,1.418182,11.000000,0.666667
0.083333,0.477059,1.545455,25.822472,1.484848,12.000000,0.607143
0.083333,1.000000,1.760870,28.221474,1.944444,28.000000,0.637795
0.142857,1.000000,1.820513,16.668040,1.941538,26.000000,0.645455
0.125000,0.722266,1.970588,22.651018,2.107692,26.000000,0.663366
0.125000,1.000000,3.250000,30.000000,1.535714,8.000000,0.764706
0.200000,0.251650,1.733333,30.000000,1.727273,12.000000,0.634146
0.200000,0.251650,1.733333,30.000000,1.727273,12.000000,0.634146
0.166667,0.638975,2.071429,20.370008,2.055336,23.000000,0.674419
0.166667,0.754232,2.750000,19.140479,1.266667,6.000000,0.733333
0.071429,0.282470,2.909091,27.984416,1.747253,14.000000,0.744186
0.071429,0.638975,2.071429,20.370008,2.055336,23.000000,0.674419
0.200000,0.626643,1.861111,23.851224,2.107692,26.000000,0.650485
0.111111,0.722266,1.970588,22.651018,2.107692,26.000000,0.663366
0.111111,0.398815,2.333333,28.690482,1.416667,9.000000,0.700000
0.066667,0.638975,2.071429,20.370008,2.055336,23.000000,0.674419
0.125000,0.187592,2.642857,25.518665,1.816667,16.000000,0.725490
0.125000,1.000000,2.200000,26.392309,1.714286,8.000000,0.687500
0.071429,0.807168,5.555556,27.451970,1.738462,26.000000,0.847458
0.071429,0.022494,1.344828,29.118266,1.626374,14.000000,0.573529
0.062500,0.818914,5.631579,28.507504,1.740741,27.000000,0.849206
0.062500,0.040799,1.520000,27.886893,1.708333,16.000000,0.603175
0.200000,0.288240,2.074074,28.636590,1.809524,21.000000,0.674699
0.166667,0.304154,3.421053,25.635896,1.757895,20.000000,0.773810
0.250000,0.460968,1.888889,26.070064,1.888889,19.000000,0.653846
0.250000,0.209302,2.944444,25.044655,2.100000,20.000000,0.746479
0.142857,0.242408,4.000000,26.750897,1.752381,21.000000,0.800000
0.142857,0.912082,1.571429,29.599757,1.476190,7.000000,0.611111
0.142857,0.176017,2.000000,28.069607,1.683333,16.000000,0.666667
0.142857,0.604077,2.933333,29.370343,1.758333,16.000000,0.745763
0.125000,0.000000,5.500000,28.969064,1.607143,8.000000,0.846154
0.125000,0.114416,1.500000,25.901250,1.914286,15.000000,0.600000
0.166667,0.700130,1.500000,25.714286,1.476190,7.000000,0.600000
0.166667,0.517857,1.900000,30.000000,1.472222,9.000000,0.655172
0.250000,0.411328,4.000000,28.109083,1.200000,5.000000,0.800000
0.250000,0.229348,3.857143,26.497939,1.948052,22.000000,0.794118
0.250000,0.092301,2.000000,30.000000,1.333333,4.000000,0.666667
0.111111,0.039703,2.233333,26.161906,1.735178,23.000000,0.690722
0.111111,0.646491,2.035714,28.683564,2.213439,23.000000,0.670588
0.111111,0.000000,2.181818,28.810001,1.333333,9.000000,0.685714
0.111111,0.646862,2.035714,28.683564,2.213439,23.000000,0.670588
0.111111,0.000000,2.181818,28.810001,1.333333,9.000000,0.685714
0.045455,0.015999,1.419355,26.992573,2.036782,30.000000,0.586667
0.062500,0.187592,2.642857,25.518665,1.816667,16.000000,0.725490
0.066667,0.004831,2.470588,28.736168,1.600000,15.000000,0.711864
0.066667,0.646491,2.035714,28.683564,2.213439,23.000000,0.670588
0.066667,0.004831,2.470588,28.736168,1.600000,15.000000,0.711864
0.066667,0.646862,2.035714,28.683564,2.213439,23.000000,0.670588
0.142857,0.138719,3.705882,25.560750,1.971014,24.000000,0.787500
0.142857,0.000000,2.000000,27.805766,1.333333,7.000000,0.666667
0.250000,0.053823,2.500000,30.000000,1.527273,11.000000,0.714286
0.250000,0.285170,1.700000,30.000000,1.428571,8.000000,0.629630
0.250000,0.883000,4.000000,20.359767,1.333333,4.000000,0.800000
0.250000,0.210059,2.326923,25.975900,2.663301,68.000000,0.699422
0.166667,0.070866,1.625000,29.207722,1.133333,6.000000,0.619048
0.166667,0.623528,2.428571,28.498523,1.981982,37.000000,0.708333
0.250000,0.053823,2.500000,30.000000,1.527273,11.000000,0.714286
0.250000,0.630033,1.700000,30.000000,1.428571,8.000000,0.629630
0.058824,0.271104,1.228571,24.423994,1.727941,17.000000,0.551282
0.058824,0.554996,2.654545,27.443564,2.017460,36.000000,0.726368
0.142857,0.199838,2.342857,27.424617,2.612845,67.000000,0.700855
0.090909,0.340564,2.198020,26.759100,2.711888,66.000000,0.687307
0.090909,0.506869,2.285714,28.360209,1.418182,11.000000,0.695652
0.250000,0.065287,2.833333,29.035994,1.956044,14.000000,0.739130
0.250000,0.403138,1.545455,30.000000,1.428571,8.000000,0.607143
0.250000,0.065287,2.833333,29.035994,1.956044,14.000000,0.739130
0.250000,0.684100,1.545455,30.000000,1.428571,8.000000,0.607143
0.058824,0.591386,1.228571,24.423994,1.727941,17.000000,0.551282
0.058824,0.554996,2.654545,27.443564,2.017460,36.000000,0.726368
0.047619,0.618326,2.654545,26.750756,2.017460,36.000000,0.726368
0.047619,0.024095,4.416667,25.121528,1.885714,21.000000,0.815385
0.062500,0.179923,2.642857,25.518665,1.816667,16.000000,0.725490
0.062500,1.000000,1.312500,30.000000,2.088235,17.000000,0.567568
0.083333,1.000000,1.916667,13.105421,1.787879,12.000000,0.657143
0.062500,0.179923,2.642857,25.518665,1.816667,16.000000,0.725490
0.062500,0.725711,1.312500,30.000000,2.088235,17.000000,0.567568
0.142857,0.571339,2.166667,29.026364,1.527273,11.000000,0.684211
0.142857,0.802900,1.400000,24.834483,2.088235,17.000000,0.583333
0.142857,0.571339,2.166667,29.026364,1.527273,11.000000,0.684211
0.142857,0.330418,1.400000,24.834483,2.088235,17.000000,0.583333
0.090909,0.912782,2.000000,30.000000,1.418182,11.000000,0.666667
0.076923,1.000000,1.037975,28.749241,1.813333,25.000000,0.509317
0.166667,0.239380,2.058824,23.576280,1.800000,15.000000,0.673077
0.166667,0.766391,2.200000,14.552594,1.266667,6.000000,0.687500
0.166667,0.293553,2.125000,22.017927,1.611111,9.000000,0.680000
0.142857,0.206149,2.692308,28.107670,2.198529,17.000000,0.729167
0.142857,0.112903,1.625000,29.070164,1.380952,7.000000,0.619048
0.142857,0.112903,1.625000,29.070164,1.380952,7.000000,0.619048
0.142857,0.323159,2.692308,28.107670,2.198529,17.000000,0.729167
0.111111,0.414227,2.250000,30.000000,1.500000,9.000000,0.692308
0.166667,0.258458,4.000000,29.234403,1.714286,8.000000,0.800000
0.100000,0.644511,1.034884,28.299619,1.806154,26.000000,0.508571
0.166667,0.276336,4.000000,29.234403,1.714286,8.000000,0.800000
0.100000,0.020937,2.476190,28.060825,1.801170,19.000000,0.712329
0.200000,1.000000,2.666667,22.594133,1.533333,6.000000,0.727273
0.200000,0.834225,1.714286,30.000000,1.428571,7.000000,0.631579
0.166667,0.484426,2.444444,25.708471,1.803030,12.000000,0.709677
0.200000,1.000000,2.666667,22.594133,1.533333,6.000000,0.727273
0.200000,1.000000,1.714286,30.000000,1.428571,7.000000,0.631579
0.142857,0.207888,2.210526,25.441078,1.860294,17.000000,0.688525
0.142857,0.797157,1.625000,30.000000,1.380952,7.000000,0.619048
0.166667,1.000000,3.833333,30.000000,1.388889,9.000000,0.793103
0.111111,0.145056,3.000000,26.795186,1.500000,9.000000,0.750000
0.111111,0.299003,2.545455,23.150822,1.400000,10.000000,0.717949
0.100000,1.000000,2.833333,29.035994,1.956044,14.000000,0.739130
0.250000,0.140657,4.000000,26.752970,1.934783,24.000000,0.800000
0.166667,0.014063,2.200000,24.805250,1.752632,20.000000,0.687500
0.181818,0.642169,1.545455,22.870312,1.564103,13.000000,0.607143
0.181818,0.319045,2.300000,27.452273,1.581818,11.000000,0.696970
0.100000,0.306544,2.909091,29.077343,1.747253,14.000000,0.744186
0.166667,0.183673,1.500000,17.266501,1.711111,10.000000,0.600000
0.166667,0.004049,4.500000,30.000000,1.400000,6.000000,0.818182
0.166667,0.074380,4.500000,30.000000,1.400000,6.000000,0.818182
0.200000,0.130065,1.904762,28.210793,1.705882,17.000000,0.655738
0.142857,0.075175,1.478261,28.061864,1.628205,13.000000,0.596491
0.142857,0.883113,2.166667,28.542123,1.380952,7.000000,0.684211
0.166667,0.287609,2.400000,24.119856,1.846154,13.000000,0.705882
0.200000,0.306458,1.720000,28.426331,1.666667,16.000000,0.632353
0.200000,0.264020,1.750000,24.200000,1.300000,5.000000,0.636364
0.200000,0.004049,5.166667,26.274192,2.146245,23.000000,0.837838
0.111111,0.580847,2.666667,30.000000,1.555556,9.000000,0.727273
0.111111,0.011931,2.428571,26.419040,1.758170,18.000000,0.708333
0.125000,0.665652,1.510417,26.788059,1.941970,39.000000,0.601660
0.125000,0.149603,1.969697,27.919508,1.458333,16.000000,0.663265
0.111111,0.263591,2.903226,23.081106,2.034409,31.000000,0.743802
0.033333,0.070061,1.396825,28.627351,2.036782,30.000000,0.582781
0.033333,0.665652,1.510417,26.788059,1.941970,39.000000,0.601660
0.111111,1.000000,1.666667,23.885625,1.835165,14.000000,0.625000
0.200000,0.407093,3.500000,23.706500,1.300000,5.000000,0.777778
0.125000,0.672921,1.333333,28.039790,1.644444,10.000000,0.571429
0.083333,0.431682,1.190476,26.692482,1.651515,12.000000,0.543478
0.083333,0.319321,0.933333,23.319350,1.794872,13.000000,0.482759
0.200000,0.397258,3.000000,29.503668,1.400000,5.000000,0.750000
0.200000,1.000000,2.000000,11.202542,1.934641,18.000000,0.666667
0.100000,0.100243,1.500000,25.901250,1.914286,15.000000,0.600000
0.055556,1.000000,2.000000,11.202542,1.934641,18.000000,0.666667
0.055556,0.001724,2.277778,29.710002,1.827957,31.000000,0.694915
0.142857,1.000000,12.000000,23.310626,1.821429,8.000000,0.923077
0.142857,0.080414,1.562500,26.133989,1.936667,25.000000,0.609756
0.100000,0.099371,2.400000,27.669796,1.533333,10.000000,0.705882
0.100000,0.782973,1.228571,24.423994,1.727941,17.000000,0.551282
0.090909,0.156466,2.903226,23.081106,2.034409,31.000000,0.743802
0.090909,0.976058,8.000000,28.883751,1.272727,11.000000,0.888889
0.083333,0.481601,1.228571,26.485879,1.727941,17.000000,0.551282
0.142857,1.000000,2.285714,30.000000,1.238095,7.000000,0.695652
0.142857,0.782973,1.228571,24.423994,1.727941,17.000000,0.551282
0.058824,0.356799,1.535714,30.000000,1.727941,17.000000,0.605634
0.083333,0.572523,1.228571,26.485879,1.727941,17.000000,0.551282
0.100000,0.099371,2.400000,27.669796,1.533333,10.000000,0.705882
0.100000,0.572523,1.228571,24.423994,1.727941,17.000000,0.551282
0.058824,0.356799,1.535714,30.000000,1.727941,17.000000,0.605634
0.142857,0.572523,1.228571,24.423994,1.727941,17.000000,0.551282
0.142857,1.000000,2.285714,30.000000,1.238095,7.000000,0.695652
0.100000,0.170948,2.714286,27.889091,1.746667,25.000000,0.730769
0.100000,0.755935,1.500000,15.056792,1.711111,10.000000,0.600000
0.066667,0.599655,1.400000,24.834483,2.088235,17.000000,0.583333
0.066667,0.241211,2.100000,23.631974,1.400000,15.000000,0.677419
0.066667,0.941068,1.400000,24.834483,2.088235,17.000000,0.583333
0.041667,0.237966,4.000000,26.904493,1.934783,24.000000,0.800000
0.111111,0.248255,2.181818,28.923618,1.333333,9.000000,0.685714
0.111111,0.957610,3.350000,18.051267,2.318841,24.000000,0.770115
0.125000,0.338522,2.656250,28.898085,1.904615,26.000000,0.726496
0.090909,0.935496,2.636364,25.156795,1.527273,11.000000,0.725000
0.090909,0.076417,1.727273,12.583225,1.654545,11.000000,0.633333
0.090909,0.008264,4.454545,27.253911,1.777778,18.000000,0.816667
0.058824,0.820803,1.517241,29.205599,1.720588,17.000000,0.602740
0.058824,0.308108,1.958333,29.000257,1.863158,20.000000,0.661972
0.166667,0.931938,2.000000,30.000000,1.333333,6.000000,0.666667
0.166667,0.937940,1.684211,5.560545,1.653846,13.000000,0.627451
0.076923,0.146032,1.600000,15.379528,1.653846,13.000000,0.615385
0.076923,0.185469,3.428571,25.520404,2.087912,14.000000,0.774194
0.250000,0.246832,2.222222,26.675095,1.909091,22.000000,0.689655
0.066667,0.815314,1.652174,27.808586,1.666667,15.000000,0.622951
0.066667,0.239959,1.490196,26.794342,1.975385,26.000000,0.598425
0.076923,0.725959,1.857143,20.262910,1.794872,13.000000,0.650000
0.076923,0.276534,2.375000,26.227228,1.741667,16.000000,0.703704
0.133333,0.419558,3.666667,26.108913,1.703297,14.000000,0.785714
0.133333,0.970337,13.000000,30.000000,1.857143,8.000000,0.928571
0.133333,0.419558,3.666667,26.108913,1.703297,14.000000,0.785714
0.133333,0.969164,13.000000,30.000000,1.857143,8.000000,0.928571
0.200000,0.203343,1.857143,28.744837,1.967391,24.000000,0.650000
0.166667,0.008333,2.500000,30.000000,1.333333,6.000000,0.714286
0.125000,0.008333,1.275362,29.894428,2.036782,30.000000,0.560510
0.111111,0.004149,7.000000,29.026364,1.618182,11.000000,0.875000
0.166667,0.937340,2.500000,29.717091,1.838235,17.000000,0.714286
0.166667,0.664336,2.500000,28.126497,1.333333,6.000000,0.714286
0.166667,0.834862,3.000000,26.842829,1.666667,7.000000,0.750000
0.166667,0.834862,3.000000,26.842829,1.666667,7.000000,0.750000
0.200000,0.961251,1.666667,30.000000,1.500000,5.000000,0.625000
0.142857,0.092199,1.625000,24.265187,1.904412,17.000000,0.619048
0.142857,0.497848,3.000000,16.693142,2.111111,9.000000,0.750000
0.142857,0.420685,2.457143,29.510756,1.891534,28.000000,0.710744
0.142857,0.497848,3.000000,16.693142,2.111111,9.000000,0.750000
0.166667,0.191491,1.571429,30.000000,1.266667,6.000000,0.611111
0.142857,0.420685,2.457143,29.510756,1.891534,28.000000,0.710744
0.142857,0.497848,3.000000,16.693142,2.111111,9.000000,0.750000
0.071429,0.460757,2.567568,29.756522,2.022177,32.000000,0.719697
0.142857,0.414257,1.520000,27.886893,1.708333,16.000000,0.603175
0.142857,0.104972,1.777778,27.465393,1.428571,8.000000,0.640000
0.125000,0.337515,1.552632,27.537065,2.231884,24.000000,0.608247
0.125000,0.205772,2.555556,30.000000,1.178571,8.000000,0.718750
0.125000,0.205772,2.555556,30.000000,1.178571,8.000000,0.718750
0.125000,0.010991,1.552632,27.537065,2.231884,24.000000,0.608247
0.047619,0.337515,1.552632,27.537065,2.231884,24.000000,0.608247
0.047619,0.077181,2.240000,25.832093,1.928571,21.000000,0.691358
0.047619,0.077181,2.240000,25.832093,1.928571,21.000000,0.691358
0.047619,0.010991,1.552632,27.537065,2.231884,24.000000,0.608247
0.111111,0.228259,2.454545,26.707571,1.807018,19.000000,0.710526
0.076923,0.248693,1.857143,28.674405,1.904412,17.000000,0.650000
0.033333,0.305952,2.638889,27.156870,2.022177,32.000000,0.725191
0.033333,0.571742,1.419355,26.992573,2.036782,30.000000,0.586667
0.076923,0.088133,1.521739,29.589511,1.763533,27.000000,0.603448
0.058824,0.142857,1.944444,8.746463,1.875000,17.000000,0.660377
0.058824,0.438361,1.285714,29.126633,2.062366,31.000000,0.562500
0.125000,0.000000,2.631579,27.924251,1.812865,19.000000,0.724638
0.142857,0.431839,6.000000,27.495164,1.666667,9.000000,0.857143
0.142857,0.571742,1.419355,26.992573,2.036782,30.000000,0.586667
0.062500,0.556499,2.000000,28.780967,1.683333,16.000000,0.666667
0.062500,0.571742,1.419355,26.992573,2.036782,30.000000,0.586667
0.076923,0.462434,2.045455,29.320517,1.619048,15.000000,0.671642
0.076923,0.293366,4.400000,28.473461,1.866667,21.000000,0.814815
0.076923,0.025944,1.522388,25.559607,2.062500,32.000000,0.603550
0.166667,0.229122,1.666667,29.296258,1.705882,17.000000,0.625000
0.200000,0.212332,3.777778,27.037934,1.381818,11.000000,0.790698
0.166667,0.180503,2.043478,26.678300,1.843137,18.000000,0.671429
0.090909,0.562610,1.947368,26.251918,1.911765,17.000000,0.660714
0.090909,0.267675,2.090909,10.420320,1.747253,14.000000,0.676471
0.166667,0.081510,1.611111,26.308573,2.099160,35.000000,0.617021
0.166667,1.000000,2.103448,23.526435,1.763158,20.000000,0.677778
0.058824,1.000000,2.300000,29.272941,1.855615,34.000000,0.696970
0.100000,0.004149,3.875000,29.426153,1.311111,10.000000,0.794872
0.100000,0.225126,3.176471,20.857868,1.914286,21.000000,0.760563
0.076923,0.225126,3.176471,20.857868,1.914286,21.000000,0.760563
0.076923,0.004149,1.800000,28.467095,1.794872,13.000000,0.642857
0.250000,0.648788,1.500000,28.030537,1.666667,7.000000,0.600000
0.200000,0.061643,2.333333,28.810001,1.416667,9.000000,0.700000
0.066667,0.749850,2.500000,26.613564,1.714286,15.000000,0.714286
0.066667,0.017709,1.051282,28.235294,1.882353,17.000000,0.512500
0.166667,0.483817,2.266667,26.874874,1.676190,15.000000,0.693878
0.062500,0.097744,2.692308,25.697240,1.866667,16.000000,0.729167
0.062500,0.278887,1.600000,29.711656,1.705882,17.000000,0.615385
0.066667,0.749850,2.500000,26.613564,1.714286,15.000000,0.714286
0.066667,0.017709,1.051282,28.235294,1.882353,17.000000,0.512500
0.285714,0.834146,1.090909,27.493581,1.476190,7.000000,0.521739
0.166667,0.504008,0.933333,23.319350,1.794872,13.000000,0.482759
0.142857,0.043186,1.846154,27.664583,1.636364,12.000000,0.648649
0.166667,0.065801,1.900000,28.174875,1.538462,13.000000,0.655172
0.090909,0.504008,0.933333,23.319350,1.794872,13.000000,0.482759
0.090909,0.053801,1.857143,30.000000,2.038462,13.000000,0.650000
0.090909,0.294370,1.857143,30.000000,2.038462,13.000000,0.650000
0.090909,0.504008,0.933333,23.319350,1.794872,13.000000,0.482759
0.285714,0.518542,1.818182,27.335505,2.018182,11.000000,0.645161
0.285714,1.000000,1.090909,27.493581,1.476190,7.000000,0.521739
0.090909,1.000000,1.857143,30.000000,2.038462,13.000000,0.650000
0.090909,0.504008,0.933333,23.319350,1.794872,13.000000,0.482759
0.090909,0.341708,1.857143,29.986202,1.626374,14.000000,0.650000
0.166667,0.187683,9.000000,26.989602,1.400000,6.000000,0.900000
0.166667,1.000000,1.875000,26.106778,1.824176,14.000000,0.652174
0.142857,0.000000,6.000000,30.000000,1.428571,7.000000,0.857143
0.100000,0.207085,2.666667,27.828325,1.876190,21.000000,0.727273
0.100000,0.135207,1.521739,29.510480,1.763533,27.000000,0.603448
0.111111,0.387125,1.588235,30.000000,1.666667,12.000000,0.613636
0.111111,0.387125,1.588235,30.000000,1.666667,12.000000,0.613636
0.111111,0.387125,1.588235,30.000000,1.666667,12.000000,0.613636
0.083333,1.000000,2.000000,20.431845,1.575758,12.000000,0.666667
0.083333,0.694000,1.916667,12.411822,1.651515,12.000000,0.657143
0.083333,1.000000,2.000000,30.000000,1.575758,12.000000,0.666667
0.083333,0.123150,1.342105,28.421053,1.789474,19.000000,0.573034
0.125000,0.433075,1.818182,11.487962,1.285714,8.000000,0.645161
0.125000,0.149537,1.392157,26.093934,2.277778,28.000000,0.581967
0.125000,0.110110,1.392157,26.093934,2.277778,28.000000,0.581967
0.125000,0.433075,1.818182,11.487962,1.285714,8.000000,0.645161
0.142857,0.159584,1.937500,17.812292,1.659341,14.000000,0.659574
0.083333,0.261923,1.866667,28.041361,1.575758,12.000000,0.651163
0.083333,0.394079,1.117647,19.291600,1.733333,16.000000,0.527778
0.031250,0.361055,1.320000,28.066031,2.040323,32.000000,0.568966
0.031250,0.126234,2.756098,29.239074,2.074603,36.000000,0.733766
0.250000,0.277144,2.444444,28.498467,1.833333,13.000000,0.709677
0.200000,1.000000,2.571429,28.701649,1.863636,12.000000,0.720000
0.200000,0.302223,2.333333,28.891491,1.300000,5.000000,0.700000
0.043478,0.620859,2.407407,27.067419,1.940711,23.000000,0.706522
0.043478,0.050783,1.392157,26.093934,2.277778,28.000000,0.581967
0.250000,0.498702,2.240000,25.832093,1.928571,21.000000,0.691358
0.043478,0.620859,2.407407,27.067419,1.940711,23.000000,0.706522
0.043478,0.027704,1.392157,26.093934,2.277778,28.000000,0.581967
0.200000,1.000000,8.000000,28.701993,1.200000,5.000000,0.888889
0.166667,0.280000,2.333333,30.000000,1.533333,6.000000,0.700000
0.055556,0.199960,2.947368,28.442718,2.076190,36.000000,0.746667
0.066667,0.343760,4.111111,29.788856,1.647619,15.000000,0.804348
0.125000,0.004149,2.312500,27.679537,1.791667,16.000000,0.698113
0.100000,0.308326,2.400000,28.184676,1.533333,10.000000,0.705882
0.071429,0.217015,1.636364,24.950981,1.719298,19.000000,0.620690
0.250000,0.472960,3.500000,30.000000,1.500000,8.000000,0.777778
0.083333,0.620167,1.463415,29.755567,1.715789,20.000000,0.594059
0.071429,0.217015,1.636364,24.950981,1.719298,19.000000,0.620690
0.111111,0.319556,1.684211,29.541143,1.980237,23.000000,0.627451
0.111111,0.136784,2.285714,29.231905,1.555556,9.000000,0.695652
0.111111,0.004115,4.555556,30.000000,1.500000,13.000000,0.820000
0.111111,0.004115,4.555556,30.000000,1.500000,13.000000,0.820000
0.111111,0.028800,2.075000,29.401924,1.937322,27.000000,0.674797
0.111111,0.030082,1.684211,29.541143,1.980237,23.000000,0.627451
0.076923,1.000000,2.000000,10.057393,1.782051,13.000000,0.666667
0.076923,0.058901,2.142857,30.000000,1.571429,15.000000,0.681818
0.047619,0.627103,1.500000,20.831215,2.062500,32.000000,0.600000
0.047619,0.374488,1.581395,29.298779,1.704762,21.000000,0.612613
0.250000,1.000000,4.285714,30.000000,1.490909,11.000000,0.810811
0.250000,1.000000,4.285714,30.000000,1.490909,11.000000,0.810811
0.166667,0.121298,2.375000,25.782865,1.512821,13.000000,0.703704
0.125000,0.512322,2.555556,30.000000,1.178571,8.000000,0.718750
0.125000,0.401556,1.392157,26.093934,2.277778,28.000000,0.581967
0.125000,0.512322,2.555556,30.000000,1.178571,8.000000,0.718750
0.125000,0.652163,1.392157,26.093934,2.277778,28.000000,0.581967
0.250000,0.553918,1.259259,27.057590,2.092308,26.000000,0.557377
0.100000,0.200747,1.342857,28.564194,1.826316,20.000000,0.573171
0.100000,0.603607,1.677419,30.000000,2.100000,20.000000,0.626506
0.250000,0.703902,1.259259,27.057590,2.092308,26.000000,0.557377
0.100000,0.333949,1.677419,30.000000,2.100000,20.000000,0.626506
0.100000,0.200747,1.342857,28.564194,1.826316,20.000000,0.573171
0.200000,0.320005,3.642857,28.594012,2.070175,19.000000,0.784615
0.200000,0.495815,3.642857,28.594012,2.070175,19.000000,0.784615
0.125000,0.532791,3.307692,27.096774,2.808602,31.000000,0.767857
0.083333,0.247512,0.933333,23.319350,1.794872,13.000000,0.482759
0.066667,0.056294,2.192308,28.646763,1.838095,21.000000,0.686747
0.125000,0.451685,3.307692,27.096774,2.808602,31.000000,0.767857
0.066667,0.056294,2.192308,28.646763,1.838095,21.000000,0.686747
0.083333,0.247512,0.933333,23.319350,1.794872,13.000000,0.482759
0.125000,0.624428,3.307692,27.096774,2.808602,31.000000,0.767857
0.142857,0.111604,3.066667,28.321843,1.616667,16.000000,0.754098
0.200000,0.556231,1.352941,25.486324,1.511111,10.000000,0.575000
0.200000,0.630662,1.913043,27.900048,1.888889,18.000000,0.656716
0.083333,0.366890,1.636364,24.950981,1.719298,19.000000,0.620690
0.083333,0.366890,1.636364,24.950981,1.719298,19.000000,0.620690
0.200000,0.162227,2.096774,27.878338,1.877470,23.000000,0.677083
0.142857,0.878634,1.750000,30.000000,1.600000,15.000000,0.636364
0.250000,1.000000,1.833333,23.150515,1.735294,17.000000,0.647059
0.142857,0.803262,1.305556,29.059555,1.826316,20.000000,0.566265
0.250000,0.506253,9.000000,22.050769,1.400000,6.000000,0.900000
0.083333,0.382645,1.833333,28.540190,1.789474,20.000000,0.647059
0.083333,0.989079,23.000000,27.462122,2.015152,12.000000,0.958333
0.083333,0.382645,1.833333,28.540190,1.789474,20.000000,0.647059
0.083333,0.989275,23.000000,27.462122,2.015152,12.000000,0.958333
0.111111,0.000000,4.333333,27.526613,1.666667,13.000000,0.812500
0.066667,0.640080,1.766667,25.172319,1.978355,22.000000,0.638554
0.066667,0.870573,3.444444,30.000000,2.028571,15.000000,0.775000
0.066667,0.640080,1.766667,25.172319,1.978355,22.000000,0.638554
0.066667,0.621692,3.444444,30.000000,2.028571,15.000000,0.775000
0.111111,0.526622,3.111111,26.941086,1.400000,10.000000,0.756757
0.200000,0.992575,1.513514,28.631123,1.707602,19.000000,0.602151
0.111111,0.650559,2.814815,29.142669,1.746667,25.000000,0.737864
0.142857,0.728710,3.428571,25.520404,2.087912,14.000000,0.774194
0.066667,0.252834,2.714286,26.865826,1.666667,15.000000,0.730769
0.066667,0.253518,1.806452,26.902423,1.800866,22.000000,0.643678
0.142857,0.218698,1.526316,22.821040,1.560606,12.000000,0.604167
0.142857,0.742787,3.428571,25.520404,2.087912,14.000000,0.774194
0.125000,0.610046,2.633333,30.000000,1.876923,26.000000,0.724771
0.125000,0.798051,2.714286,24.758583,1.321429,8.000000,0.730769
0.100000,0.695923,2.200000,28.365162,1.941532,32.000000,0.687500
0.111111,0.813344,2.100000,30.000000,1.444444,9.000000,0.677419
0.111111,0.614855,2.457143,28.928571,1.891534,28.000000,0.710744
0.100000,0.695923,2.200000,28.365162,1.941532,32.000000,0.687500
0.034483,0.000000,1.357143,26.334647,1.970443,29.000000,0.575758
0.034483,0.554652,2.020408,30.000000,1.941532,32.000000,0.668919
0.034483,0.000000,1.357143,26.334647,1.970443,29.000000,0.575758
0.034483,0.554652,2.020408,30.000000,1.941532,32.000000,0.668919
0.125000,0.610046,2.633333,30.000000,1.876923,26.000000,0.724771
0.125000,0.798051,2.714286,24.758583,1.321429,8.000000,0.730769
0.200000,0.839953,2.000000,30.000000,1.400000,5.000000,0.666667
0.142857,0.037975,1.437500,27.975003,1.818391,30.000000,0.589744
0.111111,0.813344,2.100000,30.000000,1.444444,9.000000,0.677419
0.111111,0.614855,2.457143,28.928571,1.891534,28.000000,0.710744
0.076923,1.000000,1.342857,28.709149,1.826316,20.000000,0.573171
0.076923,0.238537,3.000000,21.142206,2.051471,17.000000,0.750000
0.071429,0.060463,2.100000,26.624807,1.823529,18.000000,0.677419
0.071429,0.931376,2.250000,22.764054,1.934066,14.000000,0.692308
0.166667,0.360550,1.640000,14.743023,1.254545,11.000000,0.621212
0.166667,0.987829,1.684211,5.560545,1.653846,13.000000,0.627451
0.062500,1.000000,1.680000,25.045225,1.650000,16.000000,0.626866
0.062500,0.996279,1.513514,28.631123,1.707602,19.000000,0.602151
0.100000,0.766416,1.750000,29.700513,1.533333,10.000000,0.636364
0.142857,0.260296,6.500000,28.376447,1.428571,7.000000,0.866667
0.142857,0.300035,1.600000,28.643280,2.033868,34.000000,0.615385
0.166667,0.004184,5.000000,30.000000,1.333333,6.000000,0.833333
0.066667,0.019132,2.500000,29.006016,1.557895,20.000000,0.714286
0.066667,0.497807,3.400000,27.463708,1.809524,15.000000,0.772727
0.166667,0.000000,4.000000,27.268103,2.044444,10.000000,0.800000
0.250000,0.493510,6.000000,24.537645,1.000000,4.000000,0.857143
0.166667,0.000000,4.000000,27.268103,2.044444,10.000000,0.800000
0.166667,0.023810,4.000000,27.268103,2.044444,10.000000,0.800000
0.125000,0.610762,1.636364,24.950981,1.719298,19.000000,0.620690
0.125000,0.610762,1.636364,24.950981,1.719298,19.000000,0.620690
0.062500,0.545206,4.555556,28.732697,1.658333,16.000000,0.820000
0.250000,0.801718,1.777778,30.000000,1.769231,14.000000,0.640000
0.071429,1.000000,4.142857,24.584445,1.967033,14.000000,0.805556
0.071429,0.078090,2.500000,27.898101,1.717949,27.000000,0.714286
0.090909,0.832256,3.857143,30.000000,1.923077,14.000000,0.794118
0.090909,0.847885,3.857143,30.000000,1.923077,14.000000,0.794118
0.071429,0.373713,4.142857,24.584445,1.967033,14.000000,0.805556
0.071429,0.078090,2.500000,27.898101,1.717949,27.000000,0.714286
0.166667,0.905210,2.750000,27.316866,1.523810,7.000000,0.733333
0.090909,0.675749,1.937500,26.949820,1.602564,13.000000,0.659574
0.111111,0.000000,1.600000,30.000000,1.555556,9.000000,0.615385
0.111111,0.267594,4.100000,30.000000,1.500000,13.000000,0.803922
0.111111,0.267594,4.100000,30.000000,1.500000,13.000000,0.803922
0.066667,0.028834,2.000000,29.863860,1.989418,28.000000,0.666667
0.066667,0.955123,1.051282,28.235294,1.882353,17.000000,0.512500
0.083333,0.030966,1.964286,29.086272,1.678363,19.000000,0.662651
0.083333,0.516439,1.526316,22.821040,1.560606,12.000000,0.604167
0.066667,0.090909,1.312500,19.243248,1.968421,20.000000,0.567568
0.066667,0.955123,1.051282,28.235294,1.882353,17.000000,0.512500
0.100000,0.516439,1.526316,22.821040,1.560606,12.000000,0.604167
0.100000,0.004115,3.166667,25.419238,1.577778,10.000000,0.760000
0.111111,0.076636,1.121951,29.605536,1.797386,18.000000,0.528736
0.125000,0.078572,2.500000,10.008657,2.107143,8.000000,0.714286
0.125000,0.863635,3.750000,25.380185,2.047368,20.000000,0.789474
0.111111,0.482685,2.176471,29.739621,1.791667,16.000000,0.685185
0.125000,0.333518,1.419355,30.000000,1.720588,17.000000,0.586667
0.125000,1.000000,2.600000,22.747955,1.642857,8.000000,0.722222
0.111111,0.286858,1.916667,26.895246,1.747253,14.000000,0.657143
0.142857,0.412421,1.906250,28.684126,1.826840,22.000000,0.655914
0.166667,0.782926,1.947368,29.567331,1.704762,15.000000,0.660714
0.166667,1.000000,3.250000,29.012449,1.428571,7.000000,0.764706
0.166667,0.858839,1.833333,23.915053,1.476190,7.000000,0.647059
0.166667,0.382569,2.500000,30.000000,1.333333,6.000000,0.714286
0.142857,1.000000,5.500000,28.948485,1.785714,21.000000,0.846154
0.111111,0.683455,6.333333,30.000000,1.527778,9.000000,0.863636
0.111111,1.000000,5.454545,28.146935,1.794737,20.000000,0.845070
0.142857,0.384022,1.694444,28.765778,2.014260,34.000000,0.628866
0.142857,0.004149,6.500000,30.000000,1.428571,7.000000,0.866667
0.050000,0.185143,1.433333,29.432691,1.812500,32.000000,0.589041
0.050000,1.000000,1.312500,19.243248,1.968421,20.000000,0.567568
0.111111,0.065217,3.600000,24.163504,1.755556,10.000000,0.782609
0.111111,0.451121,1.454545,24.275430,1.611111,9.000000,0.592593
0.200000,0.020160,3.400000,21.504817,1.990476,21.000000,0.772727
0.200000,0.000000,2.000000,30.000000,1.400000,5.000000,0.666667
0.047619,0.020160,3.400000,21.504817,1.990476,21.000000,0.772727
0.047619,0.137843,2.000000,28.484101,1.814229,23.000000,0.666667
0.090909,0.721393,2.187500,25.248901,1.933333,15.000000,0.686275
0.090909,0.484265,3.181818,26.394954,1.363636,11.000000,0.760870
0.090909,1.000000,2.187500,25.248901,1.933333,15.000000,0.686275
0.090909,0.484265,3.181818,26.394954,1.363636,11.000000,0.760870
0.125000,0.527273,2.000000,18.769443,1.500000,8.000000,0.666667
0.071429,0.004149,2.333333,30.000000,1.538462,14.000000,0.700000
0.071429,0.936720,1.633333,21.013958,1.742105,20.000000,0.620253
0.071429,0.004149,2.333333,30.000000,1.538462,14.000000,0.700000
0.071429,0.936720,1.633333,21.013958,1.742105,20.000000,0.620253
0.100000,0.016393,1.916667,24.735318,1.488889,10.000000,0.657143
0.100000,0.936720,1.633333,21.013958,1.742105,20.000000,0.620253
0.142857,0.008264,2.600000,28.658433,1.615385,14.000000,0.722222
0.071429,0.004149,2.333333,30.000000,1.538462,14.000000,0.700000
0.071429,0.936720,1.633333,21.013958,1.742105,20.000000,0.620253
0.076923,0.777183,2.888889,30.000000,2.398860,27.000000,0.742857
0.100000,0.454460,4.000000,27.268103,2.044444,10.000000,0.800000
0.071429,0.118128,2.687500,26.207944,1.892045,33.000000,0.728814
0.071429,0.291562,2.600000,28.948168,1.615385,14.000000,0.722222
0.076923,0.390218,1.848485,30.000000,1.678947,20.000000,0.648936
0.058824,0.004149,1.750000,30.000000,1.875000,17.000000,0.636364
0.058824,0.118128,2.687500,26.207944,1.892045,33.000000,0.728814
0.058824,0.118128,2.687500,26.207944,1.892045,33.000000,0.728814
0.058824,0.004149,1.750000,30.000000,1.875000,17.000000,0.636364
0.111111,0.118128,2.687500,26.207944,1.892045,33.000000,0.728814
0.100000,0.214142,4.000000,27.268103,2.044444,10.000000,0.800000
0.076923,0.756455,2.888889,30.000000,2.398860,27.000000,0.742857
0.100000,0.214142,4.000000,27.268103,2.044444,10.000000,0.800000
0.076923,0.720735,2.888889,30.000000,2.398860,27.000000,0.742857
0.166667,0.351583,9.000000,28.365498,1.400000,6.000000,0.900000
0.090909,0.157637,3.285714,27.990159,2.020168,35.000000,0.766667
0.285714,0.323047,1.714286,21.424491,2.040000,25.000000,0.631579
0.111111,0.273608,2.750000,30.000000,1.628205,13.000000,0.733333
0.111111,0.273608,2.750000,30.000000,1.628205,13.000000,0.733333
0.076923,0.004184,1.894737,27.692308,1.576923,13.000000,0.654545
0.076923,0.627160,2.529412,23.887095,1.912281,19.000000,0.716667
0.111111,0.273608,2.750000,30.000000,1.628205,13.000000,0.733333
0.062500,0.414278,2.500000,26.373851,1.716667,16.000000,0.714286
0.062500,0.253351,6.714286,28.113620,1.705882,17.000000,0.870370
0.076923,0.174425,2.277778,26.253619,1.808333,16.000000,0.694915
0.076923,1.000000,4.100000,30.000000,1.500000,13.000000,0.803922
0.066667,1.000000,2.130435,29.192909,1.571429,15.000000,0.680556
0.066667,0.177525,3.205882,28.670700,2.052381,36.000000,0.762238
0.166667,0.129624,1.733333,30.000000,1.727273,12.000000,0.634146
0.100000,0.090875,1.818182,25.248213,1.696970,12.000000,0.645161
0.076923,1.000000,4.100000,30.000000,1.500000,13.000000,0.803922
0.076923,0.174425,2.277778,26.253619,1.808333,16.000000,0.694915
0.076923,1.000000,4.100000,30.000000,1.500000,13.000000,0.803922
0.076923,0.174425,2.277778,26.253619,1.808333,16.000000,0.694915
0.076923,1.000000,4.100000,30.000000,1.500000,13.000000,0.803922
0.076923,0.174425,2.277778,26.253619,1.808333,16.000000,0.694915
0.066667,1.000000,2.130435,29.192909,1.571429,15.000000,0.680556
0.066667,0.177525,3.205882,28.670700,2.052381,36.000000,0.762238
0.166667,0.129624,1.733333,30.000000,1.727273,12.000000,0.634146
0.066667,1.000000,2.130435,29.192909,1.571429,15.000000,0.680556
0.066667,0.597808,2.150000,28.608796,1.871795,27.000000,0.682540
0.066667,1.000000,2.130435,29.192909,1.571429,15.000000,0.680556
0.066667,0.597808,2.150000,28.608796,1.871795,27.000000,0.682540
0.076923,0.712183,1.937500,27.391762,1.602564,13.000000,0.659574
0.076923,1.000000,1.243243,24.099448,1.797386,18.000000,0.554217
0.125000,0.698730,2.600000,30.000000,1.642857,8.000000,0.722222
0.125000,0.338490,2.916667,28.000000,1.733333,15.000000,0.744681
0.111111,0.618605,1.500000,29.613423,1.666667,9.000000,0.600000
0.111111,0.537751,1.500000,28.784443,2.040000,25.000000,0.600000
0.125000,0.813353,2.600000,30.000000,1.642857,8.000000,0.722222
0.125000,0.338490,2.916667,28.000000,1.733333,15.000000,0.744681
0.055556,0.013781,1.573770,27.624941,1.993103,30.000000,0.611465
0.055556,0.174166,2.050000,19.131989,1.849673,18.000000,0.672131
0.083333,0.694155,1.500000,17.537005,1.651515,12.000000,0.600000
0.083333,0.049031,1.681818,27.477824,1.963710,32.000000,0.627119
0.111111,0.506626,4.333333,26.005131,1.750000,9.000000,0.812500
0.111111,0.372980,1.320000,28.066031,2.040323,32.000000,0.568966
0.055556,0.397479,1.666667,28.786143,1.705882,18.000000,0.625000
0.055556,0.372980,1.320000,28.066031,2.040323,32.000000,0.568966
0.200000,0.054254,1.523810,28.225638,1.993103,30.000000,0.603774
0.125000,0.362000,1.521739,29.510480,1.763533,27.000000,0.603448
0.111111,0.740657,1.461538,27.997462,1.975385,26.000000,0.593750
0.055556,0.743653,1.342105,28.421053,1.789474,19.000000,0.573034
0.055556,0.603311,1.275362,29.932557,2.036782,30.000000,0.560510
0.055556,0.619802,2.160000,29.089994,1.913420,22.000000,0.683544
0.066667,0.713351,1.520000,27.886893,1.708333,16.000000,0.603175
0.076923,0.253315,4.166667,27.998214,2.076923,14.000000,0.806452
0.076923,0.049807,1.555556,28.533307,1.782051,13.000000,0.608696
0.166667,0.494743,1.500000,17.537005,1.651515,12.000000,0.600000
0.142857,0.109953,1.658537,29.238665,1.782258,32.000000,0.623853
0.083333,0.847665,4.586207,26.338870,2.355401,42.000000,0.820988
0.083333,0.242086,2.222222,10.850941,1.696970,12.000000,0.689655
0.076923,0.105204,2.960000,28.543149,1.778656,23.000000,0.747475
0.166667,0.232969,1.117647,30.000000,1.622222,10.000000,0.527778
0.076923,0.644506,2.636364,28.349805,1.873518,23.000000,0.725000
0.166667,0.246505,1.117647,30.000000,1.622222,10.000000,0.527778
0.166667,0.223317,1.117647,30.000000,1.622222,10.000000,0.527778
0.083333,0.854013,1.875000,28.258095,1.641026,13.000000,0.652174
0.125000,0.010650,4.000000,26.416957,2.102767,23.000000,0.800000
0.083333,0.387450,1.352941,22.982487,1.772727,12.000000,0.575000
0.066667,0.017279,2.256410,20.535518,2.023656,31.000000,0.692913
0.111111,0.212152,1.800000,29.438897,1.744589,22.000000,0.642857
0.090909,0.222514,1.578947,15.260534,1.666667,13.000000,0.612245
0.090909,0.638700,2.833333,25.482103,1.736842,19.000000,0.739130
0.142857,0.001152,2.000000,26.119367,1.238095,7.000000,0.666667
0.142857,0.655624,1.777778,27.727012,1.288889,10.000000,0.640000
0.066667,1.000000,0.976190,29.788017,1.813333,25.000000,0.493976
0.066667,0.557076,1.400000,24.834483,2.088235,17.000000,0.583333
0.125000,0.731978,1.904762,30.000000,1.989418,28.000000,0.655738
0.125000,0.064930,1.475610,28.952310,1.945076,33.000000,0.596059
0.250000,0.641585,2.500000,30.000000,1.666667,9.000000,0.714286
0.076923,0.500822,1.666667,27.561783,1.705882,18.000000,0.625000
0.076923,0.560524,4.125000,21.701081,1.576923,13.000000,0.804878
0.250000,0.283863,2.500000,30.000000,1.666667,9.000000,0.714286
0.250000,0.283863,2.500000,30.000000,1.666667,9.000000,0.714286
0.200000,0.036364,5.000000,30.000000,1.500000,5.000000,0.833333
0.066667,0.222272,2.441860,27.978427,1.717949,27.000000,0.709459
0.250000,0.940251,5.200000,28.029500,1.581818,11.000000,0.838710
0.142857,0.251330,2.818182,30.000000,1.920290,24.000000,0.738095
0.200000,1.000000,4.000000,12.076945,1.678571,8.000000,0.800000
0.166667,0.434984,1.916667,28.088598,1.747253,14.000000,0.657143
0.166667,0.626369,1.666667,24.586390,1.333333,6.000000,0.625000
0.166667,0.341256,2.000000,13.797471,1.333333,6.000000,0.666667
0.166667,0.519055,2.227273,29.531015,1.947368,20.000000,0.690141
0.166667,0.341256,2.000000,13.797471,1.333333,6.000000,0.666667
0.250000,1.000000,1.666667,29.680119,1.166667,4.000000,0.625000
0.250000,0.182230,3.448276,28.192492,2.055172,30.000000,0.775194
0.100000,0.478184,3.600000,28.870126,1.755556,10.000000,0.782609
0.100000,0.623020,1.352941,22.982487,1.772727,12.000000,0.575000
0.071429,0.740072,2.160000,29.513182,1.913420,22.000000,0.683544
0.076923,1.000000,2.000000,28.173983,1.641026,13.000000,0.666667
0.076923,0.518310,2.096774,27.878338,1.877470,23.000000,0.677083
0.052632,0.304571,1.051724,25.824885,1.666667,19.000000,0.512605
0.052632,0.951760,1.680000,29.373935,2.043678,30.000000,0.626866
0.076923,0.518310,2.096774,27.878338,1.877470,23.000000,0.677083
0.076923,0.461451,1.526316,26.803784,1.846154,14.000000,0.604167
0.062500,0.883969,1.818182,30.000000,1.989418,28.000000,0.645161
0.033333,0.358932,3.222222,25.801681,1.972414,30.000000,0.763158
0.033333,0.441048,1.594595,27.780997,2.123810,36.000000,0.614583
0.052632,0.069404,7.375000,27.221261,1.747368,20.000000,0.880597
0.052632,0.142636,2.944444,26.571711,1.736842,19.000000,0.746479
0.083333,0.344143,2.925926,27.660612,1.778986,24.000000,0.745283
0.083333,0.090674,4.142857,26.971124,1.666667,12.000000,0.805556
0.125000,0.181460,1.615385,29.545650,1.993277,35.000000,0.617647
0.142857,0.728213,2.200000,30.000000,1.476190,7.000000,0.687500
0.111111,0.667358,2.130435,27.539331,1.947368,20.000000,0.680556
0.111111,0.440598,2.333333,30.000000,1.741667,16.000000,0.700000
0.111111,0.440598,2.333333,30.000000,1.741667,16.000000,0.700000
0.111111,0.440598,2.333333,30.000000,1.741667,16.000000,0.700000
0.111111,0.732620,1.850000,28.256832,1.647619,15.000000,0.649123
0.166667,0.346580,1.600000,8.425362,1.466667,6.000000,0.615385
0.066667,0.566905,1.461538,27.510232,1.742857,15.000000,0.593750
0.166667,1.000000,9.000000,29.804523,1.666667,7.000000,0.900000
0.166667,0.354624,2.666667,21.780242,1.466667,6.000000,0.727273
0.200000,1.000000,1.722222,30.000000,1.602564,13.000000,0.632653
0.083333,0.583536,2.666667,26.826365,1.794118,17.000000,0.727273
0.100000,0.315905,2.846154,28.345516,1.704762,15.000000,0.740000
0.083333,0.583536,2.666667,26.826365,1.794118,17.000000,0.727273
0.071429,0.582506,1.625000,29.455048,1.716667,25.000000,0.619048
0.071429,0.394488,2.071429,29.394682,1.726316,20.000000,0.674419
0.071429,0.394488,2.071429,29.394682,1.726316,20.000000,0.674419
0.200000,0.263894,2.666667,29.439660,1.200000,5.000000,0.727273
0.142857,0.004405,12.000000,29.012449,1.428571,7.000000,0.923077
0.076923,0.324346,2.461538,30.000000,1.666667,13.000000,0.711111
0.076923,0.840873,2.461538,29.292673,1.641026,13.000000,0.711111
0.076923,0.324346,2.461538,30.000000,1.666667,13.000000,0.711111
0.076923,0.840873,2.461538,29.292673,1.641026,13.000000,0.711111
0.200000,1.000000,1.666667,30.000000,1.666667,10.000000,0.625000
0.142857,0.290735,3.333333,27.842425,1.605263,20.000000,0.769231
0.040000,0.085913,2.440000,26.525738,2.106667,25.000000,0.709302
0.040000,1.000000,1.603175,24.053692,1.836782,30.000000,0.615854
0.066667,0.807149,1.136364,27.068170,1.795322,19.000000,0.531915
0.066667,0.008850,1.736842,30.000000,1.685714,15.000000,0.634615
0.166667,0.226733,2.200000,25.000000,1.266667,6.000000,0.687500
0.166667,0.324477,1.714286,30.000000,1.476190,7.000000,0.631579
0.076923,0.004444,1.823529,28.710156,1.833333,36.000000,0.645833
0.027027,0.008449,1.710526,28.540873,2.039039,37.000000,0.631068
0.027027,0.244964,2.900000,27.993182,2.045519,38.000000,0.743590
0.111111,0.163493,2.428571,27.094720,1.527778,9.000000,0.708333
0.142857,0.689019,2.250000,28.456990,1.912281,19.000000,0.692308
0.142857,0.488372,1.777778,19.700568,1.238095,7.000000,0.640000
0.200000,1.000000,3.000000,27.054870,1.400000,5.000000,0.750000
0.058824,0.364092,1.428571,29.562042,1.956522,24.000000,0.588235
0.200000,1.000000,3.000000,27.054870,1.400000,5.000000,0.750000
0.058824,0.364092,1.428571,29.562042,1.956522,24.000000,0.588235
0.058824,0.164083,1.634146,30.000000,1.735931,22.000000,0.620370
0.058824,0.164083,1.634146,30.000000,1.735931,22.000000,0.620370
0.200000,1.000000,3.000000,27.054870,1.400000,5.000000,0.750000
0.125000,0.076612,2.333333,30.000000,1.741667,16.000000,0.700000
0.125000,0.334411,1.833333,29.780733,1.678363,19.000000,0.647059
0.125000,0.768175,1.625000,25.219064,1.571429,8.000000,0.619048
0.125000,1.000000,2.555556,30.000000,1.178571,8.000000,0.718750
0.052632,0.390265,1.766667,25.172319,1.978355,22.000000,0.638554
0.125000,0.076612,2.333333,30.000000,1.741667,16.000000,0.700000
0.125000,0.076612,2.333333,30.000000,1.741667,16.000000,0.700000
0.142857,0.417698,1.901235,28.127283,1.816807,35.000000,0.655319
0.142857,0.274855,2.032258,29.901381,1.744589,22.000000,0.670213
0.142857,0.761507,1.461538,27.510232,1.742857,15.000000,0.593750
0.083333,0.007217,3.200000,29.435700,1.896667,25.000000,0.761905
0.083333,0.000000,2.300000,29.622559,1.651515,12.000000,0.696970
0.142857,0.689337,1.857143,24.959437,1.380952,7.000000,0.650000
0.142857,0.506452,2.307692,27.358400,1.809524,22.000000,0.697674
0.090909,0.127471,2.461538,28.544556,1.472727,11.000000,0.711111
0.090909,0.504883,3.531915,28.066557,2.041414,45.000000,0.779343
0.200000,0.008772,2.750000,26.829130,1.600000,11.000000,0.733333
0.125000,0.207449,2.731707,28.818779,2.076190,36.000000,0.732026
0.083333,0.346267,3.333333,27.678337,2.034843,42.000000,0.769231
0.047619,0.399935,2.608696,29.523244,1.887681,24.000000,0.722892
0.142857,0.403660,1.493827,28.787719,1.945076,33.000000,0.599010
0.200000,0.977806,12.000000,29.972404,1.428571,7.000000,0.923077
0.200000,0.665420,2.000000,24.000000,1.400000,5.000000,0.666667
0.166667,0.799151,1.500000,26.894737,1.877193,19.000000,0.600000
0.166667,0.004367,4.500000,30.000000,1.400000,6.000000,0.818182
0.052632,0.799151,1.500000,26.894737,1.877193,19.000000,0.600000
0.052632,0.299175,2.114286,29.247401,1.807971,24.000000,0.678899
0.100000,0.799151,1.500000,26.894737,1.877193,19.000000,0.600000
0.100000,0.907839,1.727273,30.000000,1.622222,10.000000,0.633333
0.166667,0.000000,2.750000,27.845721,1.600000,11.000000,0.733333
0.100000,0.799151,1.500000,26.894737,1.877193,19.000000,0.600000
0.100000,0.907839,1.727273,30.000000,1.622222,10.000000,0.633333
0.100000,0.799151,1.500000,26.894737,1.877193,19.000000,0.600000
0.100000,0.297251,2.714286,28.193761,1.577778,10.000000,0.730769
0.142857,0.305079,2.000000,28.230641,1.814229,23.000000,0.666667
0.142857,1.000000,2.125000,27.419659,1.190476,7.000000,0.680000
0.142857,0.690870,2.090909,29.135306,1.705128,13.000000,0.676471
0.058824,0.226152,2.750000,27.737144,1.863866,35.000000,0.733333
0.058824,0.373335,2.333333,30.000000,1.875000,17.000000,0.700000
0.058824,0.226152,2.750000,27.737144,1.863866,35.000000,0.733333
0.058824,0.373335,2.333333,30.000000,1.875000,17.000000,0.700000
0.111111,1.000000,2.187500,25.248901,1.933333,15.000000,0.686275
0.052632,0.476490,1.705882,26.585995,2.225296,23.000000,0.630435
0.166667,0.004255,11.000000,22.440037,2.000000,8.000000,0.916667
0.142857,0.421975,1.726190,28.285528,1.821747,34.000000,0.633188
0.071429,0.159071,1.714286,23.360536,1.604396,14.000000,0.631579
0.125000,0.060979,2.133333,23.799468,1.790476,21.000000,0.680851
0.052632,0.738405,1.705882,26.585995,2.225296,23.000000,0.630435
0.066667,0.068282,1.736842,30.000000,1.685714,15.000000,0.634615
0.083333,0.659541,1.969697,28.759333,1.458333,16.000000,0.663265
0.100000,0.141755,2.466667,29.126490,1.915033,18.000000,0.711538
0.100000,1.000000,2.833333,22.889065,1.888889,10.000000,0.739130
0.100000,0.141755,2.466667,29.126490,1.915033,18.000000,0.711538
0.100000,0.747795,2.833333,22.889065,1.888889,10.000000,0.739130
0.200000,1.000000,3.000000,30.000000,1.800000,16.000000,0.750000
0.250000,0.885138,2.818182,27.282997,1.780220,14.000000,0.738095
0.250000,0.774568,2.818182,27.282997,1.780220,14.000000,0.738095
0.200000,0.843420,3.000000,30.000000,1.800000,16.000000,0.750000
0.250000,0.285884,1.538462,29.274672,2.033868,34.000000,0.606061
0.200000,0.656233,2.043478,29.587626,1.942105,20.000000,0.671429
0.125000,0.357228,1.937500,30.000000,1.602564,13.000000,0.659574
0.125000,1.000000,3.000000,23.010880,2.088889,10.000000,0.750000
0.125000,0.357228,1.937500,30.000000,1.602564,13.000000,0.659574
0.125000,1.000000,3.000000,23.010880,2.088889,10.000000,0.750000
0.166667,0.845624,2.200000,29.404848,1.476190,7.000000,0.687500
0.200000,0.525740,3.500000,30.000000,1.300000,5.000000,0.777778
0.200000,0.902631,2.031250,29.484532,1.458333,16.000000,0.670103
0.071429,0.008475,2.352941,22.077689,1.895425,18.000000,0.701754
0.071429,0.811858,2.285714,30.000000,1.600000,16.000000,0.695652
0.071429,1.000000,1.093750,29.780366,1.659341,14.000000,0.522388
0.071429,0.811858,2.285714,30.000000,1.600000,16.000000,0.695652
0.071429,1.000000,1.093750,29.780366,1.659341,14.000000,0.522388
0.100000,0.378881,2.970588,28.311781,2.043561,33.000000,0.748148
0.100000,0.248305,2.000000,27.000000,1.711111,10.000000,0.666667
0.100000,0.544606,2.545455,29.350725,1.636364,12.000000,0.717949
0.100000,0.311239,4.571429,25.547229,2.041667,16.000000,0.820513
0.166667,0.288700,1.357143,30.000000,1.622222,10.000000,0.575758
0.142857,0.176297,1.733333,28.909530,2.039039,37.000000,0.634146
0.111111,0.906313,1.506494,26.858670,1.868817,31.000000,0.601036
0.111111,1.000000,1.928571,30.000000,1.250000,9.000000,0.658537
0.100000,0.595482,1.583333,17.057579,1.622222,10.000000,0.612903
0.066667,1.000000,3.200000,26.127836,1.885714,15.000000,0.761905
0.066667,1.000000,1.493671,29.014090,1.899194,32.000000,0.598985
0.133333,0.541508,3.777778,28.798191,1.555556,18.000000,0.790698
0.133333,0.906313,1.506494,26.858670,1.868817,31.000000,0.601036
0.125000,0.906313,1.506494,26.858670,1.868817,31.000000,0.601036
0.125000,0.656887,2.400000,30.000000,1.571429,8.000000,0.705882
0.200000,1.000000,1.475000,29.124488,1.899194,32.000000,0.595960
0.100000,0.558221,2.583333,28.467512,1.741667,16.000000,0.720930
0.142857,0.514762,2.357143,28.531557,1.614719,22.000000,0.702128
0.111111,0.906313,1.506494,26.858670,1.868817,31.000000,0.601036
0.111111,1.000000,1.928571,30.000000,1.250000,9.000000,0.658537
0.250000,0.298007,1.684211,28.233521,1.653846,13.000000,0.627451
0.250000,0.579652,1.583333,29.928072,1.711111,10.000000,0.612903
0.083333,1.000000,2.312500,28.041361,1.439394,12.000000,0.698113
0.083333,1.000000,1.916667,13.105421,1.787879,12.000000,0.657143
0.250000,0.653029,1.583333,29.928072,1.711111,10.000000,0.612903
0.200000,1.000000,2.000000,30.000000,1.200000,5.000000,0.666667
0.142857,1.000000,3.000000,30.000000,1.428571,7.000000,0.750000
0.090909,0.934537,1.538462,19.819471,1.684211,20.000000,0.606061
0.090909,1.000000,2.666667,22.849064,1.418182,11.000000,0.727273
0.083333,1.000000,1.037975,29.330837,1.813333,25.000000,0.509317
0.083333,1.000000,1.916667,13.105421,1.787879,12.000000,0.657143
0.142857,0.963095,2.440000,25.786984,2.106667,25.000000,0.709302
0.142857,0.349693,2.000000,24.125861,1.333333,7.000000,0.666667
0.037037,0.952443,2.275862,28.989698,2.128205,27.000000,0.694737
0.037037,0.016807,3.958333,26.549167,1.831909,27.000000,0.798319
0.173913,1.000000,2.142857,28.066667,1.619048,15.000000,0.681818
0.142857,1.000000,1.461538,30.000000,1.622222,10.000000,0.593750
0.142857,1.000000,1.777778,29.896772,1.238095,7.000000,0.640000
0.142857,1.000000,1.777778,29.896772,1.238095,7.000000,0.640000
0.142857,0.615475,1.461538,30.000000,1.622222,10.000000,0.593750
0.142857,1.000000,1.777778,29.896772,1.238095,7.000000,0.640000
0.142857,0.173929,1.461538,30.000000,1.622222,10.000000,0.593750
0.142857,1.000000,1.777778,29.896772,1.238095,7.000000,0.640000
0.142857,0.525287,1.769231,29.272147,1.488889,10.000000,0.638889
0.076923,0.326233,2.133333,28.794745,1.648352,14.000000,0.680851
0.076923,0.117290,3.000000,30.000000,1.820513,13.000000,0.750000
0.111111,0.603855,1.600000,30.000000,1.555556,9.000000,0.615385
0.043478,0.358135,4.266667,29.016370,1.898551,24.000000,0.810127
0.043478,0.154915,2.545455,20.788457,2.051383,23.000000,0.717949
0.250000,0.235436,1.675000,23.897074,1.886667,25.000000,0.626168
0.038462,0.461426,2.333333,28.081132,1.870769,26.000000,0.700000
0.038462,0.588920,2.938776,28.323378,1.901587,36.000000,0.746114
0.040000,0.461426,2.333333,28.081132,1.870769,26.000000,0.700000
0.040000,0.243345,1.551020,29.219203,1.746667,25.000000,0.608000
0.250000,0.260384,3.142857,25.373125,1.786765,17.000000,0.758621
0.200000,1.000000,1.650000,25.085003,1.641026,13.000000,0.622642
0.200000,0.600551,2.250000,30.000000,1.100000,5.000000,0.692308
0.076923,1.000000,1.650000,25.085003,1.641026,13.000000,0.622642
0.090909,0.444476,2.264706,28.362134,1.870769,26.000000,0.693694
0.090909,1.000000,2.222222,24.441839,1.890909,11.000000,0.689655
0.166667,0.838589,2.750000,30.000000,1.266667,6.000000,0.733333
0.166667,0.244356,3.210526,26.918086,1.709524,21.000000,0.762500
0.166667,0.479450,1.833333,26.491136,1.266667,6.000000,0.647059
0.166667,0.542616,1.750000,29.271686,2.043678,30.000000,0.636364
0.166667,1.000000,1.714286,28.138505,1.476190,7.000000,0.631579
0.166667,1.000000,1.571429,30.000000,1.266667,6.000000,0.611111
0.142857,1.000000,1.500000,24.872297,1.933333,25.000000,0.600000
0.142857,0.116010,3.250000,30.000000,1.428571,7.000000,0.764706
0.142857,1.000000,1.500000,27.290976,1.933333,25.000000,0.600000
0.166667,0.152941,2.500000,30.000000,1.722222,9.000000,0.714286
0.222222,1.000000,2.272727,27.054299,1.305556,9.000000,0.694444
0.100000,0.336931,2.030303,29.656188,1.735931,22.000000,0.670000
0.100000,0.336931,2.030303,29.656188,1.735931,22.000000,0.670000
0.166667,0.255267,1.555556,28.310510,1.611111,9.000000,0.608696
0.045455,0.206101,2.053571,28.794145,1.916221,34.000000,0.672515
0.200000,0.207448,2.600000,30.000000,1.535714,8.000000,0.722222
0.200000,0.007264,2.571429,30.000000,1.666667,10.000000,0.720000
0.200000,0.007264,2.571429,30.000000,1.666667,10.000000,0.720000
0.166667,1.000000,1.833333,30.000000,1.266667,6.000000,0.647059
0.166667,0.008197,1.842105,28.999382,1.708333,16.000000,0.648148
0.200000,0.123872,2.600000,30.000000,1.535714,8.000000,0.722222
0.200000,0.007264,2.571429,30.000000,1.666667,10.000000,0.720000
0.200000,0.207448,2.600000,30.000000,1.535714,8.000000,0.722222
0.200000,0.585340,1.815789,28.936054,1.701299,22.000000,0.644860
0.040000,0.293273,1.551020,28.810032,1.746667,25.000000,0.608000
0.040000,0.015314,2.216216,26.935666,1.824615,26.000000,0.689076
0.142857,0.695352,1.521739,29.834265,1.723320,23.000000,0.603448
0.083333,0.150700,3.292683,27.361446,2.043185,39.000000,0.767045
0.083333,0.218564,2.625000,27.253764,1.787879,12.000000,0.724138
0.200000,1.000000,1.750000,22.333818,1.300000,5.000000,0.636364
0.100000,0.697344,2.156250,29.214679,1.743083,23.000000,0.683168
0.142857,0.008065,2.263158,29.908605,1.527473,14.000000,0.693548
0.200000,0.418126,1.906250,28.508549,1.826840,22.000000,0.655914
0.066667,0.155581,1.666667,27.666489,1.804348,24.000000,0.625000
0.066667,0.468222,3.500000,29.434831,1.600000,15.000000,0.777778
0.111111,0.008663,2.405797,27.187224,2.115152,45.000000,0.706383
0.111111,0.003984,2.142857,30.000000,1.722222,9.000000,0.681818
0.142857,0.008663,2.405797,27.187224,2.115152,45.000000,0.706383
0.142857,0.074074,2.000000,18.222568,1.428571,7.000000,0.666667
0.050000,0.440585,4.266667,28.867244,1.796537,22.000000,0.810127
0.050000,0.850231,3.583333,29.468061,2.700758,33.000000,0.781818
0.076923,0.645639,2.789474,29.675498,1.978947,20.000000,0.736111
0.058824,0.571140,3.789474,18.851644,2.027692,26.000000,0.791209
0.250000,0.016368,2.636364,26.408838,1.705128,13.000000,0.725000
0.142857,0.851085,2.200000,26.302021,1.476190,7.000000,0.687500
0.142857,0.949940,2.200000,26.302021,1.476190,7.000000,0.687500
0.142857,0.490438,2.333333,30.000000,1.500000,8.000000,0.700000
0.142857,0.490438,2.333333,30.000000,1.500000,8.000000,0.700000
0.166667,0.480519,2.000000,17.478710,1.466667,6.000000,0.666667
0.142857,0.490438,2.333333,30.000000,1.500000,8.000000,0.700000
0.083333,0.917201,3.444444,28.175823,1.530303,12.000000,0.775000
0.100000,0.664655,2.090909,20.260105,1.727273,12.000000,0.676471
0.055556,0.159193,3.111111,28.287191,1.705882,18.000000,0.756757
0.055556,0.159193,3.111111,28.287191,1.705882,18.000000,0.756757
0.052632,0.288275,1.658537,30.000000,2.223333,25.000000,0.623853
0.055556,0.159193,3.111111,28.287191,1.705882,18.000000,0.756757
0.052632,0.056569,1.658537,30.000000,2.223333,25.000000,0.623853
0.250000,0.975735,2.000000,23.910230,1.333333,4.000000,0.666667
0.142857,0.028358,2.142857,30.000000,1.722222,9.000000,0.681818
0.142857,0.471698,2.000000,14.276938,1.428571,7.000000,0.666667
0.058824,0.596711,1.370370,29.775770,1.786765,17.000000,0.578125
0.058824,0.321716,3.958333,26.549167,1.831909,27.000000,0.798319
0.071429,0.099387,1.781609,29.750789,1.833333,36.000000,0.640496
0.058824,0.106802,2.500000,29.060903,1.868421,20.000000,0.714286
0.100000,0.007937,1.875000,27.873919,1.900000,21.000000,0.652174
0.100000,0.405590,2.250000,29.295086,1.796667,25.000000,0.692308
0.047619,0.787266,7.875000,28.165214,1.766667,21.000000,0.887324
0.047619,0.034396,3.136364,26.526503,1.770751,23.000000,0.758242
0.250000,0.680751,1.475000,29.379068,2.123810,36.000000,0.595960
0.076923,0.047180,3.350000,29.075835,2.074359,40.000000,0.770115
0.076923,0.000000,2.777778,29.135306,1.769231,13.000000,0.735294
0.062500,0.191676,2.192308,28.959696,1.673203,18.000000,0.686747
0.062500,0.534464,1.235294,27.923253,1.733333,16.000000,0.552632
0.062500,0.191676,2.192308,28.959696,1.673203,18.000000,0.686747
0.062500,0.534464,1.235294,27.923253,1.733333,16.000000,0.552632
0.166667,0.534464,1.235294,27.923253,1.733333,16.000000,0.552632
0.200000,1.000000,4.400000,27.953504,1.727273,11.000000,0.814815
0.090909,0.622576,3.800000,23.317744,1.872727,11.000000,0.791667
0.090909,0.444742,1.862069,27.826200,1.909274,32.000000,0.650602
0.142857,0.000000,2.000000,27.272727,1.872727,11.000000,0.666667
0.142857,0.730854,1.714286,24.295488,1.428571,7.000000,0.631579
0.100000,0.140981,2.380952,26.584159,1.632353,17.000000,0.704225
0.125000,0.715635,1.888889,25.100593,1.428571,8.000000,0.653846
0.125000,0.116643,1.882353,24.060675,1.847619,15.000000,0.653061
0.125000,0.011060,2.166667,27.644808,1.823333,25.000000,0.684211
0.166667,1.000000,2.111111,29.579785,1.673203,18.000000,0.678571
0.166667,1.000000,2.111111,29.579785,1.673203,18.000000,0.678571
0.250000,0.220182,1.750000,26.345447,1.300000,5.000000,0.636364
0.166667,0.086831,3.388889,26.167050,1.757143,21.000000,0.772152
0.111111,0.317946,3.440000,27.439063,1.843305,27.000000,0.774775
0.071429,0.354612,1.437500,30.000000,1.638095,15.000000,0.589744
0.071429,0.461069,1.600000,29.822739,1.604396,14.000000,0.615385
0.250000,0.008000,2.400000,29.715662,1.777778,9.000000,0.705882
0.071429,0.354612,1.437500,30.000000,1.638095,15.000000,0.589744
0.071429,0.461069,1.600000,29.822739,1.604396,14.000000,0.615385
0.100000,0.287031,2.256410,20.535518,2.023656,31.000000,0.692913
0.200000,1.000000,4.500000,24.388012,1.571429,7.000000,0.818182
0.142857,0.027956,1.750000,29.332780,1.984946,31.000000,0.636364
0.142857,0.149779,2.500000,29.245151,1.619048,7.000000,0.714286
0.250000,0.353059,2.047619,25.884511,1.742647,17.000000,0.671875
0.142857,0.268536,1.645161,29.939070,2.004762,21.000000,0.621951
0.142857,0.149779,2.500000,29.245151,1.619048,7.000000,0.714286
0.142857,0.149779,2.500000,29.245151,1.619048,7.000000,0.714286
0.142857,0.020159,1.750000,29.332780,1.984946,31.000000,0.636364
0.045455,0.418750,2.214286,12.096571,1.935065,22.000000,0.688889
0.045455,0.027956,1.750000,29.430106,1.984946,31.000000,0.636364
0.045455,0.418750,2.214286,12.096571,1.935065,22.000000,0.688889
0.045455,0.020159,1.750000,29.430106,1.984946,31.000000,0.636364
0.111111,0.682832,1.416667,29.819206,1.583333,9.000000,0.586207
0.200000,1.000000,4.000000,23.443098,1.533333,6.000000,0.800000
0.200000,0.614404,6.000000,24.585125,1.500000,5.000000,0.857143
0.076923,0.501084,3.125000,27.087688,2.000000,13.000000,0.757576
0.076923,0.813516,3.400000,28.282507,1.941667,16.000000,0.772727
0.076923,0.727416,2.583333,29.802594,1.602564,13.000000,0.720930
0.076923,0.381031,1.360000,29.298507,1.783333,16.000000,0.576271
0.076923,0.501084,3.125000,27.087688,2.000000,13.000000,0.757576
0.076923,0.813516,3.400000,28.282507,1.941667,16.000000,0.772727
0.076923,0.269841,3.125000,27.087688,2.000000,13.000000,0.757576
0.076923,0.813516,3.400000,28.282507,1.941667,16.000000,0.772727
0.045455,0.671287,1.581395,30.000000,2.223333,25.000000,0.612613
0.052632,0.562236,1.642857,27.854943,1.894737,19.000000,0.621622
0.100000,0.476983,1.857143,29.326371,1.711111,10.000000,0.650000
0.052632,0.562236,1.642857,27.854943,1.894737,19.000000,0.621622
0.066667,0.140394,2.210526,30.000000,1.600000,15.000000,0.688525
0.055556,0.462981,1.419355,28.214231,1.869281,18.000000,0.586667
0.045455,0.524680,1.581395,30.000000,2.223333,25.000000,0.612613
0.083333,1.000000,2.181818,30.000000,1.878788,12.000000,0.685714
0.125000,0.062820,1.416667,13.112932,1.583333,9.000000,0.586207
0.125000,0.297987,5.000000,29.566673,1.535714,8.000000,0.833333
0.250000,0.009582,1.900000,11.663468,1.577778,10.000000,0.655172
0.166667,0.477427,1.321429,30.000000,1.786765,17.000000,0.569231
0.083333,1.000000,2.181818,30.000000,1.878788,12.000000,0.685714
0.083333,1.000000,2.400000,27.041630,1.878788,12.000000,0.705882
0.083333,0.265884,3.440000,28.383953,1.843305,27.000000,0.774775
0.083333,0.265884,3.440000,28.383953,1.843305,27.000000,0.774775
0.083333,1.000000,2.400000,27.041630,1.878788,12.000000,0.705882
0.083333,1.000000,2.181818,30.000000,1.878788,12.000000,0.685714
0.142857,0.346528,3.440000,27.734728,1.843305,27.000000,0.774775
0.083333,1.000000,1.658537,30.000000,2.223333,25.000000,0.623853
0.083333,1.000000,1.658537,30.000000,2.223333,25.000000,0.623853
0.166667,0.421907,2.000000,27.492286,1.333333,7.000000,0.666667
0.062500,1.000000,1.270833,29.347360,1.666667,19.000000,0.559633
0.200000,1.000000,1.619048,30.000000,2.223333,25.000000,0.618182
0.062500,1.000000,1.270833,29.347360,1.666667,19.000000,0.559633
0.142857,1.000000,1.400000,28.646911,1.714286,14.000000,0.583333
0.142857,1.000000,1.763158,30.000000,2.184783,24.000000,0.638095
0.166667,0.421907,2.000000,27.492286,1.333333,7.000000,0.666667
0.142857,0.560899,1.763158,30.000000,2.184783,24.000000,0.638095
0.047619,0.024284,1.903226,26.852837,1.914286,21.000000,0.655556
0.047619,0.135020,2.611111,29.714077,1.805704,34.000000,0.723077
0.125000,0.666252,2.800000,28.236562,1.500000,8.000000,0.736842
0.125000,1.000000,1.705882,26.585995,2.225296,23.000000,0.630435
0.100000,1.000000,2.111111,30.000000,1.577778,10.000000,0.678571
0.100000,1.000000,2.111111,30.000000,1.577778,10.000000,0.678571
0.111111,0.984558,1.750000,27.293030,1.611111,9.000000,0.636364
0.111111,1.000000,1.400000,28.646911,1.714286,14.000000,0.583333
0.111111,0.984162,1.750000,29.183720,1.611111,9.000000,0.636364
0.111111,1.000000,1.705882,26.585995,2.225296,23.000000,0.630435
0.200000,1.000000,1.619048,30.000000,2.223333,25.000000,0.618182
0.100000,0.000000,3.714286,30.000000,1.466667,10.000000,0.787879
0.100000,0.501219,1.631579,30.000000,1.800000,15.000000,0.620000
0.250000,0.458743,1.550000,30.000000,1.800000,15.000000,0.607843
0.166667,0.145708,1.818182,29.071040,1.731884,24.000000,0.645161
0.200000,0.729518,2.636364,26.408838,1.705128,13.000000,0.725000
0.200000,0.672690,1.750000,29.566076,1.300000,5.000000,0.636364
0.166667,0.145708,1.818182,29.071040,1.731884,24.000000,0.645161
0.200000,0.190476,4.000000,29.364681,1.466667,6.000000,0.800000
0.166667,0.152174,3.600000,28.439327,1.626374,14.000000,0.782609
0.100000,0.331654,1.400000,26.345836,1.941520,19.000000,0.583333
0.100000,0.007812,3.714286,30.000000,1.466667,10.000000,0.787879
0.041667,0.000000,3.900000,29.636860,1.778986,24.000000,0.795918
0.041667,0.238928,2.210526,21.150694,2.278161,30.000000,0.688525
0.071429,0.000000,1.842105,29.565873,1.615385,14.000000,0.648148
0.071429,0.238928,2.210526,21.150694,2.278161,30.000000,0.688525
0.111111,0.238928,2.210526,21.150694,2.278161,30.000000,0.688525
0.050000,0.513877,2.100000,26.885662,1.815789,20.000000,0.677419
0.071429,0.643533,2.333333,4.548399,1.912088,14.000000,0.700000
0.062500,0.547512,1.395833,30.000000,1.924901,23.000000,0.582609
0.052632,1.000000,2.065217,26.525727,2.010081,32.000000,0.673759
0.062500,0.547512,1.395833,30.000000,1.924901,23.000000,0.582609
0.111111,0.302353,1.729167,29.133665,1.817460,28.000000,0.633588
0.166667,0.939699,3.900000,29.575323,1.778986,24.000000,0.795918
0.166667,0.298943,2.000000,24.738799,1.333333,6.000000,0.666667
0.076923,0.843929,2.500000,30.000000,2.000000,13.000000,0.714286
0.076923,0.271401,2.500000,30.000000,2.000000,13.000000,0.714286
0.076923,0.271401,2.500000,30.000000,2.000000,13.000000,0.714286
0.125000,0.220840,2.166667,20.556155,1.712121,12.000000,0.684211
0.125000,0.050000,1.600000,30.000000,1.428571,8.000000,0.615385
0.031250,1.000000,1.682540,28.918673,2.058824,35.000000,0.627219
0.031250,0.068839,2.555556,27.220010,2.062500,32.000000,0.718750
0.200000,1.000000,2.500000,27.149256,1.600000,5.000000,0.714286
0.111111,0.044586,1.533333,27.272727,1.581818,11.000000,0.605263
0.142857,0.490788,1.437500,29.225182,1.777778,19.000000,0.589744
0.111111,0.225806,1.533333,27.272727,1.581818,11.000000,0.605263
0.111111,0.003891,1.533333,27.272727,1.581818,11.000000,0.605263
0.111111,0.003891,1.533333,27.272727,1.581818,11.000000,0.605263
0.083333,1.000000,2.166667,27.373511,1.712121,12.000000,0.684211
0.083333,0.907584,1.791209,29.020853,1.836415,38.000000,0.641732
0.040000,0.405876,1.442308,25.989612,1.957672,28.000000,0.590551
0.040000,0.872063,1.535714,28.367909,1.812500,32.000000,0.605634
0.125000,0.923796,1.769231,29.247934,1.795238,36.000000,0.638889
0.125000,0.007812,2.600000,28.594872,1.535714,8.000000,0.722222
0.066667,0.950358,1.461538,27.510232,1.742857,15.000000,0.593750
0.066667,0.768371,1.901235,28.127283,1.816807,35.000000,0.655319
0.066667,1.000000,2.280000,28.333333,1.673203,18.000000,0.695122
0.066667,0.909447,1.741573,29.922177,1.833333,36.000000,0.635246
0.090909,0.972831,1.666667,30.000000,1.833333,36.000000,0.625000
0.066667,1.000000,2.280000,28.333333,1.673203,18.000000,0.695122
0.066667,0.909447,1.741573,29.922177,1.833333,36.000000,0.635246
0.125000,0.915483,1.800000,25.887946,1.583333,9.000000,0.642857
0.125000,0.822825,1.573171,26.922694,1.812500,32.000000,0.611374
0.166667,0.898336,1.433333,29.355836,1.812500,32.000000,0.589041
0.166667,0.135457,2.666667,28.274546,1.722944,22.000000,0.727273
0.090909,0.228919,1.882353,17.249944,2.147147,37.000000,0.653061
0.090909,0.124641,1.533333,27.272727,1.581818,11.000000,0.605263
0.090909,0.228919,1.882353,17.249944,2.147147,37.000000,0.653061
0.090909,0.415490,1.533333,27.272727,1.581818,11.000000,0.605263
0.090909,0.098869,1.533333,27.272727,1.581818,11.000000,0.605263
0.090909,0.228919,1.882353,17.249944,2.147147,37.000000,0.653061
0.090909,0.228919,1.882353,17.249944,2.147147,37.000000,0.653061
0.090909,0.077737,1.533333,27.272727,1.581818,11.000000,0.605263
0.125000,0.004013,2.000000,28.749554,1.945813,29.000000,0.666667
0.125000,0.085150,2.000000,28.749554,1.945813,29.000000,0.666667
0.029412,0.005861,2.611111,29.790999,1.805704,34.000000,0.723077
0.029412,0.371005,2.405797,27.187224,2.115152,45.000000,0.706383
0.090909,0.740650,1.826087,28.406224,1.725000,16.000000,0.646154
0.045455,0.434883,1.594937,29.652726,1.993277,35.000000,0.614634
0.045455,0.493367,2.870968,28.010824,1.649351,22.000000,0.741667
0.200000,0.895110,8.000000,30.000000,1.200000,5.000000,0.888889
0.045455,0.518139,1.431818,29.189881,1.993277,35.000000,0.588785
0.045455,0.346858,2.625000,29.506229,1.950000,25.000000,0.724138
0.090909,0.160605,3.392857,29.744780,1.729345,27.000000,0.772358
0.125000,0.070065,1.552632,28.424150,2.123810,36.000000,0.608247
0.052632,0.135341,1.512821,28.862780,2.123810,36.000000,0.602041
0.052632,0.085686,1.636364,24.950981,1.719298,19.000000,0.620690
0.052632,0.085686,1.636364,24.950981,1.719298,19.000000,0.620690
0.052632,0.135341,1.512821,28.862780,2.123810,36.000000,0.602041
0.076923,0.116589,2.190476,25.022372,1.951613,32.000000,0.686567
0.200000,0.757767,5.625000,29.303084,2.307359,22.000000,0.849057
0.200000,0.938669,1.666667,18.209735,1.500000,5.000000,0.625000
0.125000,0.003831,2.400000,27.918986,1.757576,12.000000,0.705882
0.125000,0.003831,2.400000,27.918986,1.757576,12.000000,0.705882
0.125000,0.003831,2.400000,27.918986,1.757576,12.000000,0.705882
0.200000,0.938669,1.666667,18.209735,1.500000,5.000000,0.625000
0.200000,1.000000,5.625000,29.303084,2.307359,22.000000,0.849057
0.111111,1.000000,1.682540,28.918673,2.058824,35.000000,0.627219
0.111111,0.748005,2.333333,30.000000,1.444444,9.000000,0.700000
0.200000,0.135453,1.625000,25.020610,1.535714,8.000000,0.619048
0.200000,1.000000,1.750000,24.000000,1.300000,5.000000,0.636364
0.200000,0.551464,3.200000,28.202310,1.758242,14.000000,0.761905
0.066667,0.742386,2.357143,26.107778,1.925000,16.000000,0.702128
0.066667,1.000000,1.714286,15.582207,1.714286,15.000000,0.631579
0.200000,0.135453,1.625000,25.020610,1.535714,8.000000,0.619048
0.200000,1.000000,1.750000,24.000000,1.300000,5.000000,0.636364
0.200000,0.551464,3.200000,28.202310,1.758242,14.000000,0.761905
0.200000,0.165618,1.765957,15.799657,2.054435,32.000000,0.638462
0.100000,0.102035,1.777778,18.319850,2.147147,37.000000,0.640000
0.250000,0.441858,1.916667,29.741494,1.696970,12.000000,0.657143
0.090909,0.003891,2.333333,24.545455,1.618182,11.000000,0.700000
0.100000,0.094136,2.333333,13.406503,2.060606,12.000000,0.700000
0.071429,0.443671,2.153846,21.300473,1.912088,14.000000,0.682927
0.045455,0.476601,1.942857,27.714688,1.857143,22.000000,0.660194
0.142857,0.507118,2.166667,29.817211,1.428571,7.000000,0.684211
0.111111,0.777947,2.714286,29.537104,1.472222,9.000000,0.730769
0.250000,0.259346,1.896552,30.000000,2.021645,22.000000,0.654762
0.250000,1.000000,6.000000,30.000000,1.000000,4.000000,0.857143
0.166667,1.000000,1.833333,30.000000,1.266667,6.000000,0.647059
0.111111,0.850075,2.285714,29.231905,1.555556,9.000000,0.695652
0.100000,0.002646,2.000000,28.953261,2.047431,23.000000,0.666667
0.250000,0.263347,1.896552,30.000000,2.021645,22.000000,0.654762
0.250000,1.000000,6.000000,30.000000,1.000000,4.000000,0.857143
0.100000,0.002646,2.000000,28.953261,2.047431,23.000000,0.666667
0.083333,0.934067,2.090909,27.686048,1.651515,12.000000,0.676471
0.076923,0.096774,1.550000,29.706776,1.602564,13.000000,0.607843
0.250000,0.259346,1.896552,30.000000,2.021645,22.000000,0.654762
0.250000,1.000000,6.000000,30.000000,1.000000,4.000000,0.857143
0.076923,0.096774,1.550000,29.706776,1.602564,13.000000,0.607843
0.111111,0.777947,2.714286,29.537104,1.472222,9.000000,0.730769
0.090909,1.000000,1.896552,29.324759,1.821053,20.000000,0.654762
0.090909,0.182602,2.333333,24.545455,1.618182,11.000000,0.700000
0.100000,0.142311,2.000000,28.953261,2.047431,23.000000,0.666667
0.200000,0.461433,3.300000,30.000000,1.637363,14.000000,0.767442
0.250000,0.062167,1.866667,28.957094,1.896104,22.000000,0.651163
0.200000,0.461433,3.300000,30.000000,1.637363,14.000000,0.767442
0.142857,0.597343,2.076923,23.808572,1.651515,12.000000,0.675000
0.142857,1.000000,2.166667,28.664171,1.380952,7.000000,0.684211
0.200000,0.574095,1.866667,24.908849,1.743590,13.000000,0.651163
0.200000,0.047807,6.000000,29.626925,1.400000,5.000000,0.857143
0.111111,1.000000,2.263158,30.000000,1.527473,14.000000,0.693548
0.076923,0.415715,3.200000,26.120870,2.176471,17.000000,0.761905
0.076923,0.065868,1.550000,29.856509,1.602564,13.000000,0.607843
0.076923,0.273940,1.687500,30.000000,1.550000,16.000000,0.627907
0.076923,0.575295,1.687500,21.120763,1.756410,13.000000,0.627907
0.100000,0.708186,4.833333,27.404528,1.950538,31.000000,0.828571
0.071429,0.310914,2.210526,28.212534,1.786765,17.000000,0.688525
0.071429,0.722385,1.217391,24.162764,1.846154,14.000000,0.549020
0.142857,0.008378,2.750000,21.816531,1.712418,18.000000,0.733333
0.090909,0.088326,2.368421,25.593436,1.846154,27.000000,0.703125
0.090909,0.412504,1.571429,26.988186,1.636364,11.000000,0.611111
0.045455,0.303953,1.931034,26.162396,1.896104,22.000000,0.658824
0.045455,0.821431,5.259259,27.824103,1.957983,35.000000,0.840237
0.100000,0.303953,1.931034,26.162396,1.896104,22.000000,0.658824
0.100000,0.814815,2.500000,10.200124,1.666667,10.000000,0.714286
0.125000,0.015625,1.625000,22.506484,1.607143,8.000000,0.619048
0.125000,0.631788,1.870968,28.739130,1.916996,23.000000,0.651685
0.083333,0.303953,1.931034,26.162396,1.896104,22.000000,0.658824
0.083333,0.323646,4.166667,30.000000,1.621212,12.000000,0.806452
0.111111,0.115880,2.138889,28.676179,1.929152,42.000000,0.681416
0.111111,1.000000,2.000000,20.006096,1.722222,9.000000,0.666667
0.111111,1.000000,2.000000,20.006096,1.722222,9.000000,0.666667
0.111111,0.095309,1.705882,27.339707,1.636364,12.000000,0.630435
0.142857,0.715543,2.666667,28.321167,1.670330,14.000000,0.727273
0.090909,0.710215,1.315789,27.622953,1.636364,11.000000,0.568182
0.090909,0.721423,3.333333,28.836925,1.735450,28.000000,0.769231
0.100000,0.480552,2.181818,27.000000,1.511111,10.000000,0.685714
0.100000,0.625278,1.809524,28.566898,1.720588,17.000000,0.644068
0.166667,0.443127,10.000000,15.329595,1.333333,6.000000,0.909091
0.166667,0.682825,2.545455,27.652758,1.802198,14.000000,0.717949
0.071429,0.467035,3.000000,30.000000,1.805419,29.000000,0.750000
0.071429,0.682825,2.545455,27.652758,1.802198,14.000000,0.717949
0.250000,0.115905,4.000000,29.269898,1.819048,21.000000,0.800000
0.166667,0.443127,10.000000,15.329595,1.333333,6.000000,0.909091
0.166667,0.682825,2.545455,27.652758,1.802198,14.000000,0.717949
0.250000,0.115905,4.000000,29.269898,1.819048,21.000000,0.800000
0.071429,0.682825,2.545455,27.652758,1.802198,14.000000,0.717949
0.071429,0.467035,3.000000,30.000000,1.805419,29.000000,0.750000
0.090909,0.040767,1.300000,27.359602,1.581818,11.000000,0.565217
0.090909,0.340760,2.087719,28.468332,2.019520,37.000000,0.676136
0.166667,0.008000,2.000000,30.000000,1.333333,6.000000,0.666667
0.166667,0.146468,2.461538,24.220009,1.900000,16.000000,0.711111
0.062500,0.146468,2.461538,24.220009,1.900000,16.000000,0.711111
0.062500,0.000675,2.600000,27.500330,1.771930,19.000000,0.722222
0.250000,0.146468,2.461538,24.220009,1.900000,16.000000,0.711111
0.250000,0.767478,3.000000,21.527688,1.000000,4.000000,0.750000
0.200000,0.187727,1.750000,27.486506,1.300000,5.000000,0.636364
0.250000,0.031292,2.166667,30.000000,1.666667,13.000000,0.684211
0.125000,1.000000,2.000000,27.035499,1.571429,8.000000,0.666667
0.125000,0.166055,2.368421,25.432964,1.846154,27.000000,0.703125
0.076923,0.457090,2.038462,28.254908,1.842105,20.000000,0.670886
0.166667,1.000000,1.666667,30.000000,1.000000,6.000000,0.625000
0.200000,0.457952,3.333333,29.533050,1.333333,6.000000,0.769231
0.083333,0.342947,3.789474,18.851644,2.027692,26.000000,0.791209
0.200000,0.134481,2.051282,30.000000,1.731884,24.000000,0.672269
0.066667,0.028766,2.433333,28.710744,1.671429,21.000000,0.708738
0.200000,0.134481,2.051282,30.000000,1.731884,24.000000,0.672269
0.100000,0.296642,1.818182,25.765573,1.600000,10.000000,0.645161
0.100000,0.317620,3.363636,28.256832,1.742857,15.000000,0.770833
0.076923,0.158879,1.886364,26.997100,1.888889,27.000000,0.653543
0.076923,0.120757,1.400000,25.807246,1.679487,13.000000,0.583333
0.076923,0.158879,1.886364,26.997100,1.888889,27.000000,0.653543
0.076923,0.070468,1.400000,25.807246,1.679487,13.000000,0.583333
0.076923,0.120757,1.400000,25.807246,1.679487,13.000000,0.583333
0.076923,0.158879,1.886364,26.997100,1.888889,27.000000,0.653543
0.076923,0.158879,1.886364,26.997100,1.888889,27.000000,0.653543
0.076923,1.000000,1.400000,25.807246,1.679487,13.000000,0.583333
0.166667,1.000000,1.666667,30.000000,1.000000,6.000000,0.625000
0.142857,1.000000,2.166667,30.000000,1.380952,7.000000,0.684211
0.062500,0.008000,2.791667,26.896821,1.647368,20.000000,0.736264
0.062500,0.034407,1.684211,25.722731,1.825000,16.000000,0.627451
0.250000,0.034407,1.684211,25.722731,1.825000,16.000000,0.627451
0.100000,0.250728,2.000000,30.000000,1.555556,10.000000,0.666667
0.100000,0.930546,1.833333,29.107500,1.590909,12.000000,0.647059
0.166667,0.227113,2.750000,28.215001,1.266667,6.000000,0.733333
0.166667,0.451727,2.509434,25.193648,2.949121,47.000000,0.715054
0.125000,1.000000,5.333333,29.526939,1.500000,8.000000,0.842105
0.166667,0.056563,2.600000,29.478342,1.133333,6.000000,0.722222
0.166667,0.575367,1.800000,24.026206,1.583333,9.000000,0.642857
0.040000,0.008000,4.052632,29.532178,2.113333,25.000000,0.802083
0.040000,0.258403,2.696970,30.000000,1.796667,25.000000,0.729508
0.142857,0.845222,1.666667,29.599757,1.523810,7.000000,0.625000
0.040000,0.008000,4.052632,29.532178,2.113333,25.000000,0.802083
0.040000,0.258403,2.696970,30.000000,1.796667,25.000000,0.729508
0.047619,0.085570,3.944444,26.545598,1.795238,21.000000,0.797753
0.047619,0.329398,2.516129,28.409050,1.794466,23.000000,0.715596
0.166667,0.916500,3.230769,28.198038,1.742857,15.000000,0.763636
0.200000,0.173427,2.666667,29.855480,1.200000,5.000000,0.727273
0.200000,0.972926,1.529412,24.710546,1.831579,20.000000,0.604651
0.040000,0.008000,4.052632,29.532178,2.113333,25.000000,0.802083
0.040000,0.258403,2.696970,30.000000,1.796667,25.000000,0.729508
0.047619,0.329398,2.516129,28.409050,1.794466,23.000000,0.715596
0.047619,0.085570,3.944444,26.545598,1.795238,21.000000,0.797753
0.090909,0.008000,2.454545,29.241790,1.600000,11.000000,0.710526
0.090909,0.451727,2.509434,25.193648,2.949121,47.000000,0.715054
0.100000,0.972926,1.529412,24.710546,1.831579,20.000000,0.604651
0.100000,1.000000,3.714286,30.000000,1.466667,10.000000,0.787879
0.047619,0.085570,3.944444,26.545598,1.795238,21.000000,0.797753
0.047619,0.329398,2.516129,28.409050,1.794466,23.000000,0.715596
0.100000,0.400580,3.250000,30.000000,1.466667,10.000000,0.764706
0.100000,0.052115,1.424242,27.747697,1.921053,20.000000,0.587500
0.100000,0.737411,1.600000,20.171951,1.636364,12.000000,0.615385
0.100000,0.279295,3.714286,30.000000,1.466667,10.000000,0.787879
0.166667,0.370310,2.250000,28.215001,1.400000,6.000000,0.692308
0.166667,0.292322,2.333333,21.161302,1.571429,8.000000,0.700000
0.166667,0.292322,2.333333,21.161302,1.571429,8.000000,0.700000
0.166667,0.370310,2.250000,28.215001,1.400000,6.000000,0.692308
0.100000,0.417642,1.411765,28.359111,1.957143,21.000000,0.585366
0.090909,0.291937,2.406250,29.202507,1.876812,24.000000,0.706422
0.090909,1.000000,2.454545,29.241790,1.600000,11.000000,0.710526
0.125000,0.587190,2.823529,29.067841,1.805419,29.000000,0.738462
0.111111,0.584615,2.823529,29.519888,1.805419,29.000000,0.738462
0.111111,0.584615,2.823529,29.519888,1.805419,29.000000,0.738462
0.111111,0.584615,2.823529,29.519888,1.805419,29.000000,0.738462
0.111111,0.225792,2.478261,29.433764,1.627451,18.000000,0.712500
0.083333,0.086654,2.888889,21.318834,2.131868,14.000000,0.742857
0.083333,0.517659,2.000000,29.682341,1.636364,12.000000,0.666667
0.200000,0.367347,2.000000,20.202113,1.200000,5.000000,0.666667
0.250000,0.706697,1.714286,23.360536,1.604396,14.000000,0.631579
0.250000,0.173584,2.043478,30.000000,1.725000,16.000000,0.671429
0.250000,0.173584,2.043478,30.000000,1.725000,16.000000,0.671429
0.090909,0.729592,1.181818,22.750932,1.636364,12.000000,0.541667
0.090909,0.158280,3.046512,29.586281,1.984353,38.000000,0.752874
0.035714,0.028269,2.213115,27.499733,2.056098,41.000000,0.688776
0.035714,0.478649,1.576271,25.201006,1.753968,28.000000,0.611842
0.142857,0.008801,1.727273,30.000000,1.577778,10.000000,0.633333
0.142857,0.473380,2.500000,29.455441,1.619048,7.000000,0.714286
0.166667,0.007200,1.727273,30.000000,1.577778,10.000000,0.633333
0.166667,0.702363,2.200000,25.000000,1.266667,6.000000,0.687500
0.100000,0.478649,1.576271,25.201006,1.753968,28.000000,0.611842
0.100000,0.476925,2.333333,13.406503,2.060606,12.000000,0.700000
0.100000,0.000864,1.727273,30.000000,1.577778,10.000000,0.633333
0.062500,0.309650,1.687500,30.000000,1.550000,16.000000,0.627907
0.062500,0.586595,2.628571,25.120676,2.062500,32.000000,0.724409
0.111111,0.685471,2.428571,26.425598,1.611111,9.000000,0.708333
0.076923,0.128426,2.051724,28.749294,1.975818,38.000000,0.672316
0.166667,0.315615,1.882353,17.249944,2.147147,37.000000,0.653061
0.083333,0.065531,1.916667,30.000000,1.818182,12.000000,0.657143
0.200000,1.000000,1.600000,29.744095,1.200000,5.000000,0.615385
0.200000,0.932253,2.333333,19.281118,1.300000,5.000000,0.700000
0.166667,1.000000,1.714286,29.554378,1.563636,11.000000,0.631579
0.142857,0.156000,3.000000,25.591067,1.666667,7.000000,0.750000
0.052632,0.923775,3.470588,24.340246,1.795322,19.000000,0.776316
0.052632,0.581729,1.756757,29.869585,1.804348,24.000000,0.637255
0.090909,0.643257,3.454545,28.485252,1.837945,23.000000,0.775510
0.083333,0.070018,2.360000,27.559369,1.847619,21.000000,0.702381
0.090909,0.343035,2.390244,29.915100,2.049242,33.000000,0.705036
0.083333,0.000000,2.947368,29.238480,1.827957,31.000000,0.746667
0.076923,1.000000,4.052632,29.532178,2.113333,25.000000,0.802083
0.076923,0.072290,1.650000,29.468242,1.576923,13.000000,0.622642
0.050000,0.005469,2.150000,29.825124,1.968661,27.000000,0.682540
0.050000,0.774274,2.100000,26.885662,1.815789,20.000000,0.677419
0.040000,1.000000,4.052632,29.532178,2.113333,25.000000,0.802083
0.040000,0.166418,2.555556,28.787303,1.873400,38.000000,0.718750
0.050000,0.408956,2.400000,28.786955,1.842742,32.000000,0.705882
0.050000,0.774274,2.100000,26.885662,1.815789,20.000000,0.677419
0.040000,1.000000,4.052632,29.532178,2.113333,25.000000,0.802083
0.040000,0.002767,2.696970,29.167284,2.022167,29.000000,0.729508
0.050000,0.005469,2.150000,29.825124,1.968661,27.000000,0.682540
0.050000,0.774274,2.100000,26.885662,1.815789,20.000000,0.677419
0.090909,1.000000,3.714286,30.000000,1.868817,31.000000,0.787879
0.052632,1.000000,4.052632,29.532178,2.113333,25.000000,0.802083
0.052632,0.023622,2.307692,29.154637,1.725146,19.000000,0.697674
0.083333,1.000000,2.925926,26.810909,1.990769,26.000000,0.745283
0.083333,0.878351,1.866667,27.896348,1.575758,12.000000,0.651163
0.090909,0.276114,1.280000,30.000000,1.858333,16.000000,0.561404
0.090909,0.974873,7.571429,27.596206,1.727941,17.000000,0.883333
0.166667,1.000000,3.439024,28.649949,1.882576,33.000000,0.774725
0.040000,0.002767,2.696970,29.167284,2.022167,29.000000,0.729508
0.040000,1.000000,4.052632,29.532178,2.113333,25.000000,0.802083
0.076923,0.622757,6.000000,27.321198,1.628205,13.000000,0.857143
0.111111,0.011673,2.600000,28.432499,1.805556,9.000000,0.722222
0.111111,0.386593,3.000000,25.980881,1.730769,13.000000,0.750000
0.166667,0.077047,1.450000,29.624634,1.846154,14.000000,0.591837
0.111111,0.294400,5.666667,27.114842,1.611111,9.000000,0.850000
0.111111,0.559698,1.185185,27.347553,1.692308,14.000000,0.542373
0.142857,0.586477,2.000000,28.013689,1.563636,11.000000,0.666667
0.142857,1.000000,2.500000,29.455441,1.619048,7.000000,0.714286
0.083333,1.000000,1.854167,25.904809,2.328629,32.000000,0.649635
0.083333,0.045872,3.111111,27.672733,1.575758,12.000000,0.756757
0.142857,0.103988,1.529412,21.461366,1.527273,11.000000,0.604651
0.142857,0.011673,1.666667,30.000000,1.285714,7.000000,0.625000
0.100000,0.316277,3.411765,28.832671,1.726496,27.000000,0.773333
0.100000,0.169096,1.875000,29.086272,1.736842,19.000000,0.652174
0.058824,0.000000,3.166667,29.618233,1.720588,17.000000,0.760000
0.058824,1.000000,1.854167,25.904809,2.328629,32.000000,0.649635
0.111111,0.062415,3.250000,26.920398,2.169591,19.000000,0.764706
0.111111,1.000000,4.333333,27.546100,2.161905,15.000000,0.812500
0.071429,0.028446,1.934426,29.085541,2.160279,42.000000,0.659218
0.071429,0.000000,2.538462,27.015310,1.637363,14.000000,0.717391
0.125000,0.141292,2.500000,28.385350,1.464286,8.000000,0.714286
0.125000,1.000000,2.222222,12.894387,1.622222,10.000000,0.689655
0.111111,0.188400,2.500000,26.918472,1.600000,11.000000,0.714286
0.090909,0.101630,2.350000,28.000000,1.552381,15.000000,0.701493
0.083333,1.000000,3.000000,28.693378,2.012315,29.000000,0.750000
0.083333,0.746692,1.352941,22.982487,1.772727,12.000000,0.575000
0.076923,0.677795,2.300000,27.579466,1.705128,13.000000,0.696970
0.076923,1.000000,3.066667,27.488265,2.034409,31.000000,0.754098
0.090909,1.000000,2.594595,30.000000,1.805419,29.000000,0.721805
0.050000,0.508446,1.529412,28.646223,1.852632,20.000000,0.604651
0.166667,0.211928,2.368421,29.045724,2.048276,30.000000,0.703125
0.166667,0.158010,2.200000,22.535274,1.266667,6.000000,0.687500
0.250000,0.353767,3.000000,30.000000,2.000000,28.000000,0.750000
0.250000,0.003861,4.000000,25.120017,1.333333,4.000000,0.800000
0.200000,0.149751,2.800000,28.238705,1.904762,15.000000,0.736842
0.166667,0.003861,5.000000,29.446147,1.000000,6.000000,0.833333
0.166667,0.857622,2.431373,25.513560,2.073574,37.000000,0.708571
0.166667,1.000000,2.200000,22.535274,1.266667,6.000000,0.687500
0.166667,0.211928,2.368421,29.045724,2.048276,30.000000,0.703125
0.062500,0.921462,2.250000,28.999382,1.625000,16.000000,0.692308
0.250000,0.003861,4.000000,25.120017,1.333333,4.000000,0.800000
0.250000,0.353767,3.000000,30.000000,2.000000,28.000000,0.750000
0.200000,0.233847,1.727273,25.708280,1.622222,10.000000,0.633333
0.166667,1.000000,2.200000,22.535274,1.266667,6.000000,0.687500
0.166667,0.211928,2.368421,29.045724,2.048276,30.000000,0.703125
0.111111,0.857622,2.431373,25.513560,2.073574,37.000000,0.708571
0.166667,0.211928,2.368421,29.045724,2.048276,30.000000,0.703125
0.166667,0.158010,2.200000,22.535274,1.266667,6.000000,0.687500
0.090909,0.131586,1.875000,27.184477,1.545455,12.000000,0.652174
0.125000,0.164795,1.431818,29.026152,1.620915,18.000000,0.588785
0.125000,0.662697,8.500000,28.080045,1.428571,8.000000,0.894737
0.100000,0.631729,1.411765,28.359111,1.957143,21.000000,0.585366
0.100000,0.449399,2.437500,29.483524,1.794466,23.000000,0.709091
0.100000,0.449399,2.437500,29.483524,1.794466,23.000000,0.709091
0.100000,0.593762,1.950000,29.016829,1.845588,17.000000,0.661017
0.100000,0.449399,2.437500,29.483524,1.794466,23.000000,0.709091
0.250000,1.000000,1.800000,28.866290,1.794872,13.000000,0.642857
0.200000,0.446209,2.065217,27.826021,2.010081,32.000000,0.673759
0.166667,0.867927,3.076923,29.908605,1.582418,14.000000,0.754717
0.052632,1.000000,1.270833,29.347360,1.666667,19.000000,0.559633
0.052632,0.250208,2.166667,27.644808,1.823333,25.000000,0.684211
0.058824,0.003823,2.065217,26.525727,2.010081,32.000000,0.673759
0.058824,0.047715,1.370370,29.973263,1.786765,17.000000,0.578125
0.071429,0.456640,2.047619,28.196869,1.527473,14.000000,0.671875
0.071429,0.250208,2.166667,27.644808,1.823333,25.000000,0.684211
0.214286,0.416804,2.220339,28.183415,2.009447,39.000000,0.689474
0.214286,0.974320,1.130435,29.062150,1.581818,11.000000,0.530612
0.047619,0.003823,2.065217,26.525727,2.010081,32.000000,0.673759
0.047619,0.448693,1.961538,29.336984,2.004762,21.000000,0.662338
0.142857,0.482997,2.216667,27.699800,2.030769,40.000000,0.689119
0.166667,0.149200,2.515152,27.050066,1.687747,23.000000,0.715517
0.100000,1.000000,2.307692,15.269198,1.914286,15.000000,0.697674
0.100000,0.007752,1.909091,21.794021,1.600000,10.000000,0.656250
0.250000,0.174869,1.625000,22.506484,1.607143,8.000000,0.619048
0.055556,0.153114,2.062500,28.627281,2.159596,45.000000,0.673469
0.083333,0.508349,2.846154,28.019546,1.948529,17.000000,0.740000
0.083333,0.055738,1.875000,24.562875,1.545455,12.000000,0.652174
0.058824,0.133410,1.346154,25.508158,1.919118,17.000000,0.573770
0.058824,0.395732,2.476190,29.101600,1.771930,19.000000,0.712329
0.083333,0.055738,1.875000,24.562875,1.545455,12.000000,0.652174
0.083333,0.375364,2.846154,28.019546,1.948529,17.000000,0.740000
0.166667,0.218360,2.750000,19.075290,1.266667,6.000000,0.733333
0.166667,0.008810,1.875000,23.847644,1.545455,12.000000,0.652174
0.142857,0.571464,1.631579,27.475171,1.839827,22.000000,0.620000
0.142857,0.445422,1.411765,28.359111,1.957143,21.000000,0.585366
0.100000,0.361500,2.240000,25.353479,1.936759,23.000000,0.691358
0.100000,1.000000,5.500000,30.000000,1.555556,10.000000,0.846154
0.083333,0.198015,2.277778,25.656857,2.128788,33.000000,0.694915
0.083333,1.000000,3.285714,30.000000,1.651515,12.000000,0.766667
0.083333,0.198015,2.277778,25.656857,2.128788,33.000000,0.694915
0.083333,0.395832,3.285714,30.000000,1.651515,12.000000,0.766667
0.052632,0.361500,2.240000,25.353479,1.936759,23.000000,0.691358
0.052632,0.960536,2.400000,27.152386,1.725146,19.000000,0.705882
0.100000,0.595600,2.666667,30.000000,1.511111,10.000000,0.727273
0.100000,0.198015,2.277778,25.656857,2.128788,33.000000,0.694915
0.136364,0.102157,2.509434,25.193648,2.949121,47.000000,0.715054
0.136364,0.234204,1.470588,29.377325,1.978355,22.000000,0.595238
0.157895,0.084615,1.400000,26.345836,1.941520,19.000000,0.583333
0.157895,0.554767,2.222222,28.321167,1.560440,14.000000,0.689655
0.136364,0.200134,1.470588,29.377325,1.978355,22.000000,0.595238
0.136364,0.102157,2.509434,25.193648,2.949121,47.000000,0.715054
0.200000,0.167973,2.382353,28.066006,2.273399,29.000000,0.704348
0.200000,1.000000,3.666667,28.910579,2.000000,8.000000,0.785714
0.200000,0.395741,1.758621,29.901974,2.004762,21.000000,0.637500
0.062500,0.371290,1.507937,25.991919,1.766010,29.000000,0.601266
0.062500,0.212836,1.875000,30.000000,1.625000,16.000000,0.652174
0.100000,0.371290,1.507937,25.991919,1.766010,29.000000,0.601266
0.125000,0.722823,3.500000,30.000000,1.641026,13.000000,0.777778
0.125000,0.050013,3.000000,30.000000,1.644444,10.000000,0.750000
0.090909,0.000000,4.142857,30.000000,1.628205,13.000000,0.805556
0.090909,0.976130,3.857143,25.817283,1.563636,11.000000,0.794118
0.090909,0.976130,3.857143,25.817283,1.563636,11.000000,0.794118
0.090909,0.000000,4.142857,30.000000,1.628205,13.000000,0.805556
0.100000,0.283110,2.750000,27.261320,1.511111,10.000000,0.733333
0.100000,0.088710,1.583333,27.000000,1.688889,10.000000,0.612903
0.166667,0.112955,1.750000,30.000000,1.875000,17.000000,0.636364
0.166667,0.112955,1.750000,30.000000,1.875000,17.000000,0.636364
0.142857,0.539749,2.076923,30.000000,1.976190,21.000000,0.675000
0.090909,0.048305,1.500000,26.030876,1.436364,11.000000,0.600000
0.090909,0.429433,1.941176,18.334279,2.322751,28.000000,0.660000
0.043478,0.043514,2.315789,28.762501,1.652174,23.000000,0.698413
0.043478,0.527946,1.854167,25.904809,2.328629,32.000000,0.649635
0.052632,1.000000,2.181818,21.012617,1.842105,19.000000,0.685714
0.052632,1.000000,3.750000,28.717887,1.684211,20.000000,0.789474
0.090909,1.000000,1.800000,29.818950,1.581818,11.000000,0.642857
0.090909,0.744054,3.384615,28.295725,1.895425,18.000000,0.771930
0.090909,0.370472,1.625000,23.473173,1.618182,11.000000,0.619048
0.090909,1.000000,1.800000,27.207026,1.581818,11.000000,0.642857
0.090909,0.510808,3.611111,30.000000,1.822134,23.000000,0.783133
0.090909,0.510808,3.611111,30.000000,1.822134,23.000000,0.783133
0.090909,1.000000,1.800000,27.207026,1.581818,11.000000,0.642857
0.055556,1.000000,1.956522,30.000000,1.745098,18.000000,0.661765
0.055556,0.606769,3.611111,28.290094,2.484330,27.000000,0.783133
0.142857,0.575804,2.388889,29.239617,1.921569,18.000000,0.704918
0.066667,1.000000,1.483871,28.925386,1.777778,19.000000,0.597403
0.142857,0.606769,3.611111,28.290094,2.484330,27.000000,0.783133
0.066667,0.118187,2.571429,23.415377,1.908333,16.000000,0.720000
0.090909,0.372292,1.434783,27.450093,1.436364,11.000000,0.589286
0.058824,0.188867,1.611111,27.262602,1.610294,17.000000,0.617021
0.058824,0.744507,1.282051,30.000000,1.978355,22.000000,0.561798
0.058824,0.188867,1.611111,27.262602,1.610294,17.000000,0.617021
0.058824,0.471545,1.282051,30.000000,1.978355,22.000000,0.561798
0.058824,0.188867,1.611111,27.262602,1.610294,17.000000,0.617021
0.058824,0.292887,3.193548,30.000000,1.965608,28.000000,0.761538
0.058824,0.292887,3.193548,30.000000,1.965608,28.000000,0.761538
0.058824,0.188867,1.611111,27.262602,1.610294,17.000000,0.617021
0.058824,0.292887,3.193548,30.000000,1.965608,28.000000,0.761538
0.058824,0.188867,1.611111,27.262602,1.610294,17.000000,0.617021
0.100000,1.000000,1.727273,30.000000,1.622222,10.000000,0.633333
0.100000,0.092056,4.000000,29.138853,1.609524,15.000000,0.800000
0.100000,1.000000,1.727273,30.000000,1.622222,10.000000,0.633333
0.100000,0.092056,4.000000,29.138853,1.609524,15.000000,0.800000
0.083333,0.857580,4.555556,29.580887,2.450292,19.000000,0.820000
0.125000,0.120912,2.617647,29.794123,1.649351,22.000000,0.723577
0.083333,0.015385,4.555556,29.580887,2.450292,19.000000,0.820000
0.083333,0.190050,1.736842,25.641787,1.500000,12.000000,0.634615
0.100000,0.513758,2.555556,24.587903,1.833333,13.000000,0.718750
0.100000,0.274383,4.600000,27.451063,1.511111,10.000000,0.821429
0.142857,0.171772,1.772727,29.932657,1.894737,19.000000,0.639344
0.062500,0.231495,1.760000,28.235294,1.735294,17.000000,0.637681
0.062500,0.109614,2.509434,25.193648,2.949121,47.000000,0.715054
0.062500,1.000000,3.666667,29.445449,1.975000,16.000000,0.785714
0.062500,1.000000,3.666667,29.445449,1.975000,16.000000,0.785714
0.062500,0.168040,2.509434,25.193648,2.949121,47.000000,0.715054
0.200000,0.056414,4.352941,29.462968,1.679654,22.000000,0.813187
0.250000,0.618387,1.588235,25.864862,1.692308,13.000000,0.613636
0.076923,1.000000,1.562500,22.584517,1.833333,13.000000,0.609756
0.076923,0.046775,2.400000,28.743155,2.041226,44.000000,0.705882
0.125000,0.050299,2.900000,30.000000,1.560606,12.000000,0.743590
0.125000,0.891705,5.250000,30.000000,1.285714,8.000000,0.840000
0.071429,0.463229,2.300000,28.427021,1.925776,39.000000,0.696970
0.071429,1.000000,3.750000,26.883979,1.890110,14.000000,0.789474
0.142857,0.113064,1.888889,28.859544,1.564103,13.000000,0.653846
0.125000,0.891705,5.250000,30.000000,1.285714,8.000000,0.840000
0.125000,0.050299,2.900000,30.000000,1.560606,12.000000,0.743590
0.100000,0.365780,1.666667,30.000000,1.666667,10.000000,0.625000
0.166667,1.000000,3.000000,30.000000,1.571429,7.000000,0.750000
0.166667,0.321628,2.352941,26.446569,1.923977,19.000000,0.701754
0.076923,0.321628,2.352941,26.446569,1.923977,19.000000,0.701754
0.076923,0.007634,1.700000,29.468242,1.628205,13.000000,0.629630
0.090909,0.493723,1.610169,26.638462,1.766010,29.000000,0.616883
0.090909,0.493723,1.610169,26.638462,1.766010,29.000000,0.616883
0.047619,0.088923,1.750000,30.000000,1.966667,36.000000,0.636364
0.055556,0.007812,2.950000,30.000000,1.633987,18.000000,0.746835
0.047619,0.205592,1.869565,29.749863,1.930303,45.000000,0.651515
0.047619,0.088923,1.750000,30.000000,1.966667,36.000000,0.636364
0.090909,0.031946,1.862069,24.599660,2.136302,39.000000,0.650602
0.250000,0.187496,2.040000,30.000000,1.666667,18.000000,0.671053
0.200000,1.000000,2.125000,30.000000,1.555556,9.000000,0.680000
0.125000,0.046479,1.521739,29.668674,1.916667,25.000000,0.603448
0.250000,0.045602,2.444444,24.546546,1.709091,11.000000,0.709677
0.125000,0.003953,2.142857,29.914698,1.876190,15.000000,0.681818
0.125000,0.046479,1.521739,29.668674,1.916667,25.000000,0.603448
0.071429,0.351203,5.571429,29.235000,1.571429,14.000000,0.847826
0.071429,0.253581,2.200000,27.389618,1.681319,14.000000,0.687500
0.071429,0.064449,1.866667,29.506225,1.692308,14.000000,0.651163
0.071429,0.720214,1.259259,26.907358,1.891667,16.000000,0.557377
0.100000,0.464085,1.610169,26.638462,1.766010,29.000000,0.616883
0.076923,0.006118,1.421053,30.000000,1.692308,13.000000,0.586957
0.076923,0.338071,1.944444,24.930569,1.659341,14.000000,0.660377
0.142857,1.000000,4.666667,30.000000,1.333333,7.000000,0.823529
0.142857,0.527103,2.200000,27.363636,1.636364,11.000000,0.687500
0.071429,0.045522,2.900000,30.000000,2.000000,28.000000,0.743590
0.071429,0.541380,3.000000,22.029740,1.802198,14.000000,0.750000
0.071429,0.045522,2.900000,30.000000,2.000000,28.000000,0.743590
0.071429,0.541380,3.000000,22.029740,1.802198,14.000000,0.750000
0.125000,0.072429,2.035714,29.096945,1.541667,16.000000,0.670588
0.166667,0.252255,2.250000,25.000000,1.400000,6.000000,0.692308
0.100000,0.098877,3.400000,28.730231,1.725275,14.000000,0.772727
0.100000,0.984662,2.111111,25.153869,1.644444,10.000000,0.678571
0.100000,0.848233,2.777778,27.796950,1.952632,20.000000,0.735294
0.111111,0.173710,1.727273,25.416254,1.500000,9.000000,0.633333
0.111111,0.554085,5.571429,28.990313,1.798419,23.000000,0.847826
0.142857,0.092511,1.857143,30.000000,1.380952,7.000000,0.650000
0.142857,1.000000,1.681818,13.507910,1.626374,14.000000,0.627119
0.142857,0.036074,1.857143,30.000000,1.380952,7.000000,0.650000
0.142857,1.000000,1.681818,13.507910,1.626374,14.000000,0.627119
0.142857,0.003861,2.550000,24.624953,1.972332,23.000000,0.718310
0.142857,0.348491,4.200000,26.884957,2.000000,11.000000,0.807692
0.142857,1.000000,2.157895,27.913831,1.647619,15.000000,0.683333
0.142857,0.175458,1.714286,23.815922,1.476190,7.000000,0.631579
0.066667,0.313441,2.857143,27.361868,1.898462,26.000000,0.740741
0.142857,0.552201,2.333333,30.000000,1.577778,10.000000,0.700000
0.200000,0.505546,3.096774,27.892142,1.805419,29.000000,0.755906
0.031250,1.000000,2.190476,25.022372,1.951613,32.000000,0.686567
0.031250,0.525795,1.830189,29.090909,1.962121,33.000000,0.646667
0.076923,1.000000,1.886792,25.742680,2.003361,35.000000,0.653595
0.125000,0.666516,3.166667,26.731561,1.321429,8.000000,0.760000
0.125000,1.000000,2.692308,28.714537,1.993846,26.000000,0.729167
0.125000,0.090640,1.652174,21.031451,1.750000,16.000000,0.622951
0.125000,0.112574,2.111111,28.385350,1.321429,8.000000,0.678571
0.076923,1.000000,1.955882,30.000000,1.960256,40.000000,0.661692
0.058824,1.000000,1.937500,28.617432,1.544118,17.000000,0.659574
0.058824,1.000000,1.886792,24.418591,2.003361,35.000000,0.653595
0.166667,1.000000,2.046154,29.587333,1.960256,40.000000,0.671717
0.090909,1.000000,2.046154,29.675234,1.960256,40.000000,0.671717
0.090909,0.035561,2.153846,16.855538,1.975000,16.000000,0.682927
0.031250,1.000000,2.190476,25.022372,1.951613,32.000000,0.686567
0.031250,0.624824,1.830189,29.090909,1.962121,33.000000,0.646667
0.250000,1.000000,2.051724,28.749294,1.975818,38.000000,0.672316
0.111111,1.000000,2.826087,28.740945,2.003333,25.000000,0.738636
0.111111,0.297356,2.500000,30.000000,1.666667,9.000000,0.714286
0.090909,0.879310,2.100000,29.450963,1.618182,11.000000,0.677419
0.090909,0.456753,2.076923,27.500000,1.696970,12.000000,0.675000
0.066667,0.446074,2.040000,29.824894,1.575000,16.000000,0.671053
0.071429,0.049396,2.357143,28.655356,1.637363,14.000000,0.702128
0.125000,0.003861,2.500000,29.339507,1.285714,8.000000,0.714286
0.142857,0.047851,2.370370,28.473684,1.625731,19.000000,0.703297
0.250000,0.443275,2.600000,27.045349,1.774892,22.000000,0.722222
0.083333,0.220359,2.250000,28.474952,1.813187,14.000000,0.692308
0.125000,0.260117,1.875000,26.083793,1.842105,19.000000,0.652174
0.125000,0.015504,1.900000,30.000000,1.321429,8.000000,0.655172
0.062500,0.604547,2.714286,20.426834,1.926471,17.000000,0.730769
0.066667,0.380030,2.000000,29.763917,1.905263,20.000000,0.666667
0.066667,0.380030,2.000000,29.763917,1.905263,20.000000,0.666667
0.166667,0.081707,4.727273,25.458122,1.428571,14.000000,0.825397
0.100000,0.219699,1.294118,29.031573,2.133903,27.000000,0.564103
0.100000,0.015748,2.833333,30.000000,1.800000,10.000000,0.739130
0.100000,0.015748,2.833333,30.000000,1.800000,10.000000,0.739130
0.100000,0.219699,1.294118,29.031573,2.133903,27.000000,0.564103
0.083333,0.345503,1.382979,28.846154,2.101538,26.000000,0.580357
0.083333,0.411224,1.666667,30.000000,1.545455,12.000000,0.625000
0.125000,0.004870,2.604167,28.049365,1.952381,36.000000,0.722543
0.090909,1.000000,2.111111,27.768892,1.638095,15.000000,0.678571
0.090909,1.000000,6.000000,27.785206,1.563636,11.000000,0.857143
0.166667,0.594761,1.625000,30.000000,2.000000,18.000000,0.619048
0.066667,0.274155,1.363636,24.807759,1.628571,15.000000,0.576923
0.066667,0.245366,2.454545,30.000000,1.857895,20.000000,0.710526
0.222222,1.000000,4.750000,20.986154,1.818182,11.000000,0.826087
0.250000,0.891419,2.666667,19.536849,1.970760,19.000000,0.727273
0.111111,1.000000,4.200000,30.000000,2.000000,11.000000,0.807692
0.166667,0.546126,1.906250,29.675498,1.789474,20.000000,0.655914
0.166667,0.008000,2.307692,30.000000,1.861472,22.000000,0.697674
0.166667,0.008000,2.307692,30.000000,1.861472,22.000000,0.697674
0.200000,0.859734,1.750000,29.306677,1.300000,5.000000,0.636364
0.200000,0.098878,2.393939,28.993942,2.115634,47.000000,0.705357
0.166667,0.008000,2.307692,30.000000,1.861472,22.000000,0.697674
0.200000,0.931952,3.500000,30.000000,1.300000,5.000000,0.777778
0.166667,0.979641,2.000000,25.524688,1.868421,20.000000,0.666667
0.166667,0.045643,1.625000,30.000000,1.133333,6.000000,0.619048
0.062500,0.797246,1.346154,25.508158,1.919118,17.000000,0.573770
0.062500,0.327630,2.821429,28.285580,1.778986,24.000000,0.738318
0.052632,0.979641,2.000000,25.524688,1.868421,20.000000,0.666667
0.052632,0.019455,1.714286,25.085665,1.964912,19.000000,0.631579
0.083333,0.962478,1.722222,30.000000,1.575758,12.000000,0.632653
0.083333,0.232017,1.826087,27.162127,1.875000,17.000000,0.646154
0.047619,0.721613,2.076923,30.000000,1.976190,21.000000,0.675000
0.047619,0.505714,3.096774,27.591180,1.710145,24.000000,0.755906
0.090909,0.614467,3.238095,29.347355,1.772043,31.000000,0.764045
0.083333,0.962478,1.722222,30.000000,1.575758,12.000000,0.632653
0.083333,0.232017,1.826087,27.162127,1.875000,17.000000,0.646154
0.200000,0.650954,3.113636,29.681492,1.810484,32.000000,0.756906
0.066667,0.705485,2.923077,30.000000,1.695238,15.000000,0.745098
0.066667,0.120380,3.181818,28.333276,1.841270,36.000000,0.760870
0.142857,0.530604,7.500000,30.000000,1.285714,7.000000,0.882353
0.076923,0.283639,1.300000,27.581909,1.833333,13.000000,0.565217
0.100000,0.109332,2.322581,29.231983,2.041226,44.000000,0.699029
0.100000,1.000000,2.888889,30.000000,1.466667,10.000000,0.742857
0.100000,0.109332,2.322581,29.231983,2.041226,44.000000,0.699029
0.100000,1.000000,2.888889,30.000000,1.466667,10.000000,0.742857
0.090909,0.356633,2.509434,25.193648,2.949121,47.000000,0.715054
0.250000,0.948023,4.000000,30.000000,1.333333,4.000000,0.800000
0.090909,0.039530,2.509434,25.193648,2.949121,47.000000,0.715054
0.076923,0.969196,17.250000,26.321845,1.596491,19.000000,0.945205
0.111111,0.791554,2.000000,29.031625,1.555556,9.000000,0.666667
0.250000,0.948023,4.000000,30.000000,1.333333,4.000000,0.800000
0.200000,0.035441,3.461538,28.780067,1.945565,32.000000,0.775862
0.142857,0.626349,1.923077,29.017861,1.712121,12.000000,0.657895
0.142857,1.000000,4.833333,30.000000,1.975000,16.000000,0.828571
0.142857,0.552615,3.200000,26.992402,1.238095,7.000000,0.761905
0.142857,0.121395,1.483871,23.320279,1.942105,20.000000,0.597403
0.200000,0.037289,1.500000,29.990801,1.952381,21.000000,0.600000
0.100000,0.639384,2.714286,20.857339,1.926471,17.000000,0.730769
0.100000,0.676018,1.714286,25.947666,1.466667,10.000000,0.631579
0.111111,0.234942,3.000000,26.727636,1.777778,9.000000,0.750000
0.111111,1.000000,2.500000,29.576454,1.722222,9.000000,0.714286
0.200000,0.586003,2.833333,26.560394,1.872727,11.000000,0.739130
0.200000,0.804690,1.666667,19.840752,1.500000,5.000000,0.625000
0.100000,0.066015,2.586207,27.805334,1.903659,41.000000,0.721154
0.125000,0.258863,2.080000,29.799569,1.774892,22.000000,0.675325
0.125000,0.621542,1.307692,26.250000,1.428571,8.000000,0.566667
0.125000,0.396975,11.500000,26.024574,1.361111,9.000000,0.920000
0.125000,0.621542,1.307692,26.250000,1.428571,8.000000,0.566667
0.058824,0.403989,1.875000,22.369040,1.947368,20.000000,0.652174
0.058824,0.269409,7.428571,29.164138,1.617647,17.000000,0.881356
0.058824,0.771128,2.000000,28.761577,1.816176,17.000000,0.666667
0.058824,0.403989,1.875000,22.369040,1.947368,20.000000,0.652174
0.125000,0.160118,2.894737,24.103027,1.852632,20.000000,0.743243
0.166667,0.539455,2.676471,24.923534,2.145161,32.000000,0.728000
0.166667,1.000000,2.000000,23.919192,1.533333,6.000000,0.666667
0.250000,1.000000,2.181818,21.012617,1.842105,19.000000,0.685714
0.125000,0.000000,2.000000,30.000000,1.642857,8.000000,0.666667
0.142857,0.012048,2.081967,28.833197,1.797849,31.000000,0.675532
0.100000,0.004082,1.333333,20.993370,1.622222,10.000000,0.571429
0.200000,0.739764,2.222222,29.941092,1.823333,25.000000,0.689655
0.200000,0.695156,1.833333,26.642334,1.476190,7.000000,0.647059
0.250000,0.839887,2.250000,28.848000,1.909274,32.000000,0.692308
0.062500,0.675230,1.837838,29.764101,2.156085,28.000000,0.647619
0.062500,0.675230,1.837838,29.764101,2.156085,28.000000,0.647619
0.111111,0.898741,1.747573,29.473931,1.955597,47.000000,0.636042
0.062500,0.675230,1.837838,29.764101,2.156085,28.000000,0.647619
0.043478,0.339412,1.473684,29.596357,2.105072,24.000000,0.595745
0.043478,0.675447,2.169014,28.306712,1.929152,42.000000,0.684444
0.125000,0.901360,1.648649,29.666559,1.960106,48.000000,0.622449
0.111111,0.850221,1.647059,17.251552,1.490909,11.000000,0.622222
0.111111,0.946653,1.673077,28.756960,1.888889,28.000000,0.625899
0.142857,0.703701,2.468750,29.737768,1.775362,24.000000,0.711712
0.142857,0.363598,5.000000,30.000000,1.285714,7.000000,0.833333
0.076923,0.518575,2.857143,26.226805,2.013072,18.000000,0.740741
0.076923,0.833774,1.864583,29.492786,1.931401,46.000000,0.650909
0.034483,0.325757,2.593750,29.975083,2.283251,29.000000,0.721739
0.034483,0.932638,1.755102,22.408649,1.988506,30.000000,0.637037
0.250000,0.183738,6.000000,30.000000,1.000000,4.000000,0.857143
0.200000,1.000000,3.523810,28.694858,1.925926,27.000000,0.778947
0.200000,0.466825,2.000000,30.000000,1.000000,5.000000,0.666667
0.062500,0.318142,2.459459,27.576292,1.753846,26.000000,0.710938
0.062500,0.282692,1.483871,23.320279,1.942105,20.000000,0.597403
0.100000,0.723274,1.538462,24.040227,1.622222,10.000000,0.606061
0.100000,0.723274,1.538462,24.040227,1.622222,10.000000,0.606061
0.071429,0.516688,2.121212,30.000000,2.167488,29.000000,0.679612
0.111111,0.266229,1.642857,28.482265,1.388889,9.000000,0.621622
0.111111,0.066012,2.692308,20.603832,1.916667,16.000000,0.729167
0.071429,0.516688,2.121212,30.000000,2.167488,29.000000,0.679612
0.071429,0.516688,2.121212,30.000000,2.167488,29.000000,0.679612
0.250000,1.000000,1.692308,29.927740,1.577778,10.000000,0.628571
0.100000,0.358374,2.875000,28.023089,1.488889,10.000000,0.741935
0.125000,0.447267,1.964286,30.000000,1.852632,20.000000,0.662651
0.200000,1.000000,5.000000,29.973208,2.090323,31.000000,0.833333
0.033333,0.171063,2.704918,28.958608,1.946465,45.000000,0.730088
0.033333,1.000000,5.350000,28.366355,2.078161,30.000000,0.842520
0.076923,0.402724,1.571429,30.000000,1.576923,13.000000,0.611111
0.038462,1.000000,5.350000,28.366355,2.078161,30.000000,0.842520
0.038462,0.185812,2.205128,30.000000,1.907692,26.000000,0.688000
0.035714,1.000000,5.350000,29.076129,2.078161,30.000000,0.842520
0.035714,0.301392,2.675000,29.000000,1.997701,30.000000,0.727891
0.035714,0.301392,2.675000,29.000000,1.997701,30.000000,0.727891
0.035714,1.000000,5.350000,29.076129,2.078161,30.000000,0.842520
0.035714,0.301392,2.675000,29.000000,1.997701,30.000000,0.727891
0.035714,1.000000,5.350000,29.076129,2.078161,30.000000,0.842520
0.050000,1.000000,1.967742,29.294625,1.789474,20.000000,0.663043
0.050000,1.000000,5.350000,28.366355,2.078161,30.000000,0.842520
0.040000,0.247604,2.777778,28.763758,1.903659,41.000000,0.735294
0.200000,1.000000,5.000000,29.973208,2.090323,31.000000,0.833333
0.035714,0.301392,2.675000,29.000000,1.997701,30.000000,0.727891
0.035714,1.000000,5.350000,29.076129,2.078161,30.000000,0.842520
0.200000,1.000000,5.000000,29.973208,2.090323,31.000000,0.833333
0.050000,1.000000,1.967742,29.294625,1.789474,20.000000,0.663043
0.050000,1.000000,5.350000,28.366355,2.078161,30.000000,0.842520
0.066667,0.140882,1.645161,25.801729,1.952381,21.000000,0.621951
0.066667,1.000000,5.350000,28.366355,2.078161,30.000000,0.842520
0.035714,1.000000,5.350000,29.076129,2.078161,30.000000,0.842520
0.035714,0.301392,2.675000,29.000000,1.997701,30.000000,0.727891
0.035714,0.301392,2.675000,29.000000,1.997701,30.000000,0.727891
0.035714,1.000000,5.350000,29.076129,2.078161,30.000000,0.842520
0.038462,0.185812,2.205128,30.000000,1.907692,26.000000,0.688000
0.038462,1.000000,5.350000,28.366355,2.078161,30.000000,0.842520
0.033333,0.171063,2.704918,28.958608,1.946465,45.000000,0.730088
0.033333,1.000000,5.350000,28.366355,2.078161,30.000000,0.842520
0.038462,1.000000,5.350000,28.366355,2.078161,30.000000,0.842520
0.038462,0.185812,2.205128,30.000000,1.907692,26.000000,0.688000
0.040000,0.224014,2.250000,30.000000,2.048276,30.000000,0.692308
0.035714,0.301392,2.675000,29.000000,1.997701,30.000000,0.727891
0.035714,1.000000,5.350000,29.076129,2.078161,30.000000,0.842520
0.040000,0.224014,2.250000,30.000000,2.048276,30.000000,0.692308
0.111111,0.055406,5.800000,29.365578,1.628205,13.000000,0.852941
0.035714,0.301392,2.675000,29.000000,1.997701,30.000000,0.727891
0.035714,1.000000,5.350000,29.076129,2.078161,30.000000,0.842520
0.066667,0.140882,1.645161,25.801729,1.952381,21.000000,0.621951
0.066667,1.000000,5.350000,28.366355,2.078161,30.000000,0.842520
0.038462,0.185812,2.205128,30.000000,1.907692,26.000000,0.688000
0.038462,1.000000,5.350000,28.366355,2.078161,30.000000,0.842520
0.052632,1.000000,2.307692,29.976077,1.725146,19.000000,0.697674
0.035714,1.000000,5.350000,29.076129,2.078161,30.000000,0.842520
0.035714,0.301392,2.675000,29.000000,1.997701,30.000000,0.727891
0.100000,0.133243,1.983333,29.446280,1.957958,37.000000,0.664804
0.100000,0.160745,3.500000,20.676657,1.622222,10.000000,0.777778
0.100000,0.160745,3.500000,20.676657,1.622222,10.000000,0.777778
0.100000,0.133243,1.983333,29.446280,1.957958,37.000000,0.664804
0.125000,0.123645,2.500000,22.776069,1.916667,16.000000,0.714286
0.125000,0.551976,2.800000,27.138982,1.500000,8.000000,0.736842
0.100000,0.816913,1.513514,30.000000,2.097826,24.000000,0.602151
0.100000,0.160745,3.500000,20.676657,1.622222,10.000000,0.777778
0.153846,0.902236,1.750000,28.358407,1.771429,15.000000,0.636364
0.066667,0.008065,3.333333,26.639086,1.676190,15.000000,0.769231
0.066667,0.820739,1.560000,28.340882,1.897059,17.000000,0.609375
0.100000,0.760430,2.833333,29.061049,2.203333,25.000000,0.739130
0.100000,0.597793,3.000000,24.000000,1.600000,10.000000,0.750000
0.090909,1.000000,2.105263,29.367365,1.923977,19.000000,0.677966
0.090909,0.430458,2.444444,24.546546,1.709091,11.000000,0.709677
0.090909,0.091073,1.833333,29.379702,1.678363,19.000000,0.647059
0.090909,1.000000,1.565217,29.513044,1.808333,16.000000,0.610169
0.100000,0.274092,2.441176,30.000000,2.283251,29.000000,0.709402
0.100000,0.008065,3.200000,24.345019,1.822222,10.000000,0.761905
0.111111,0.083200,4.400000,25.001427,1.878788,12.000000,0.814815
0.111111,0.558107,2.833333,29.183720,1.527778,9.000000,0.739130
0.058824,0.159743,1.914894,29.781258,1.957672,28.000000,0.656934
0.058824,0.365889,3.538462,23.969045,1.816176,17.000000,0.779661
0.200000,0.019014,2.333333,27.906085,1.300000,5.000000,0.700000
0.200000,0.828735,1.714286,25.553242,1.428571,7.000000,0.631579
0.058824,0.159743,1.914894,29.781258,1.957672,28.000000,0.656934
0.058824,0.365889,3.538462,23.969045,1.816176,17.000000,0.779661
0.142857,0.746560,1.909091,30.000000,1.250000,8.000000,0.656250
0.066667,1.000000,1.692308,30.000000,1.580952,15.000000,0.628571
0.076923,0.468158,2.200000,26.446807,1.576923,13.000000,0.687500
0.076923,1.000000,1.593750,26.481251,1.952381,21.000000,0.614458
0.090909,0.347512,2.444444,24.921100,1.709091,11.000000,0.709677
0.058824,0.251206,2.333333,28.710744,1.895238,21.000000,0.700000
0.058824,0.358716,1.315789,27.105979,1.713235,17.000000,0.568182
0.200000,0.586705,2.375000,27.000000,1.644444,10.000000,0.703704
0.200000,0.586705,2.375000,27.000000,1.644444,10.000000,0.703704
0.200000,0.586705,2.375000,27.000000,1.644444,10.000000,0.703704
0.200000,0.163934,1.466667,26.497498,1.869281,18.000000,0.594595
0.200000,1.000000,1.333333,30.000000,1.533333,6.000000,0.571429
0.200000,0.935397,3.424242,28.483419,1.919786,34.000000,0.773973
0.200000,0.163934,1.466667,26.497498,1.869281,18.000000,0.594595
0.200000,1.000000,1.333333,30.000000,1.533333,6.000000,0.571429
0.250000,0.433755,2.250000,30.000000,1.357143,8.000000,0.692308
0.250000,0.307582,2.250000,30.000000,1.357143,8.000000,0.692308
0.250000,0.433755,2.250000,30.000000,1.357143,8.000000,0.692308
0.142857,0.233011,2.666667,28.076019,2.034632,22.000000,0.727273
0.125000,0.502288,4.333333,27.467315,1.607143,8.000000,0.812500
0.111111,1.000000,1.666667,26.000424,1.600000,10.000000,0.625000
0.250000,0.525520,2.470588,30.000000,1.741667,16.000000,0.711864
0.250000,0.525520,2.470588,30.000000,1.741667,16.000000,0.711864
0.250000,0.525520,2.470588,30.000000,1.741667,16.000000,0.711864
0.250000,0.028100,2.166667,24.892100,1.581818,11.000000,0.684211
0.090909,0.843004,2.500000,22.526212,1.636364,11.000000,0.714286
0.166667,0.388032,2.750000,28.918328,1.266667,6.000000,0.733333
0.090909,0.843004,2.500000,22.526212,1.636364,11.000000,0.714286
0.166667,0.388032,2.750000,28.918328,1.266667,6.000000,0.733333
0.250000,0.912144,1.523810,24.247403,1.733333,15.000000,0.603774
0.125000,1.000000,1.769231,28.603669,1.581818,11.000000,0.638889
0.125000,0.111266,1.666667,25.919300,1.642857,8.000000,0.625000
0.166667,0.858948,8.000000,23.871070,1.466667,6.000000,0.888889
0.166667,1.000000,3.250000,30.000000,1.607143,8.000000,0.764706
0.100000,0.889308,1.250000,30.000000,1.800000,11.000000,0.555556
0.142857,1.000000,4.125000,30.000000,1.576923,13.000000,0.804878
0.142857,0.421427,1.571429,30.000000,1.523810,7.000000,0.611111
0.111111,0.888355,1.700000,25.500824,1.611111,9.000000,0.629630
0.111111,0.086737,2.857143,30.000000,2.070000,25.000000,0.740741
0.083333,0.094842,2.416667,28.308679,1.939394,22.000000,0.707317
0.125000,0.012146,2.333333,30.000000,1.500000,8.000000,0.700000
0.125000,0.615706,2.176471,25.855555,1.948529,17.000000,0.685185
0.250000,0.707910,1.888889,28.522058,2.156085,28.000000,0.653846
0.058824,0.318290,1.610169,26.638462,1.766010,29.000000,0.616883
0.058824,0.643874,2.125000,28.761577,1.625000,17.000000,0.680000
0.111111,0.872000,1.981818,28.873753,2.028571,35.000000,0.664634
0.166667,0.004049,1.900000,27.420777,1.847619,21.000000,0.655172
0.250000,0.707910,1.888889,28.522058,2.156085,28.000000,0.653846
0.050000,0.137644,2.178571,28.774414,1.795238,21.000000,0.685393
0.050000,0.710159,2.200000,27.910717,1.694737,20.000000,0.687500
0.250000,0.707910,1.888889,28.522058,2.156085,28.000000,0.653846
0.071429,0.710159,2.200000,27.910717,1.694737,20.000000,0.687500
0.071429,0.261308,1.500000,29.776432,1.648352,14.000000,0.600000
0.166667,0.121647,3.500000,29.494647,1.750000,16.000000,0.777778
0.166667,0.593429,1.666667,25.000000,1.333333,6.000000,0.625000
0.166667,0.593429,1.666667,25.000000,1.333333,6.000000,0.625000
0.166667,0.121647,3.500000,29.494647,1.750000,16.000000,0.777778
0.153846,1.000000,2.333333,29.583393,1.533333,10.000000,0.700000
0.071429,0.058865,3.054054,28.855056,1.686154,26.000000,0.753333
0.071429,0.635008,1.600000,30.000000,2.097826,24.000000,0.615385
0.100000,0.540904,2.625000,28.086074,1.618182,11.000000,0.724138
0.100000,0.747667,3.000000,27.000000,1.600000,10.000000,0.750000
0.071429,0.931420,1.571429,16.556317,1.681319,14.000000,0.611111
0.071429,0.699957,3.600000,29.835266,1.789474,19.000000,0.782609
0.100000,0.747667,3.000000,27.000000,1.600000,10.000000,0.750000
0.100000,0.540904,2.625000,28.086074,1.618182,11.000000,0.724138
0.111111,1.000000,2.906250,29.460141,1.943182,33.000000,0.744000
0.111111,0.697670,2.516129,18.291031,2.167816,30.000000,0.715596
0.055556,0.173202,2.509091,30.000000,2.352439,41.000000,0.715026
0.166667,0.172892,1.880952,26.669634,1.855385,26.000000,0.652893
0.090909,1.000000,1.769231,30.000000,1.581818,11.000000,0.638889
0.111111,0.117098,3.166667,28.432499,1.472222,9.000000,0.760000
0.055556,0.173202,2.509091,30.000000,2.352439,41.000000,0.715026
0.055556,0.633849,7.166667,28.740509,1.731884,24.000000,0.877551
0.083333,0.029844,1.620690,30.000000,1.742647,17.000000,0.618421
0.083333,1.000000,2.000000,25.129265,1.712121,12.000000,0.666667
0.125000,0.283727,3.750000,30.000000,1.464286,8.000000,0.789474
0.125000,1.000000,2.000000,25.129265,1.712121,12.000000,0.666667
0.125000,0.283727,3.750000,30.000000,1.464286,8.000000,0.789474
0.125000,1.000000,2.000000,25.129265,1.712121,12.000000,0.666667
0.083333,0.721770,1.750000,21.170526,1.575758,12.000000,0.636364
0.083333,1.000000,2.741379,28.446995,1.921373,43.000000,0.732719
0.030303,1.000000,3.363636,29.492443,1.940603,48.000000,0.770833
0.030303,0.388936,4.615385,28.452934,2.085227,33.000000,0.821918
0.250000,1.000000,7.750000,29.573175,1.757895,20.000000,0.885714
0.030303,0.075158,4.615385,28.452934,2.085227,33.000000,0.821918
0.030303,1.000000,3.363636,29.492443,1.940603,48.000000,0.770833
0.030303,0.388936,4.615385,28.452934,2.085227,33.000000,0.821918
0.030303,1.000000,3.363636,29.492443,1.940603,48.000000,0.770833
0.166667,1.000000,3.218182,30.000000,1.945421,47.000000,0.762931
0.035714,1.000000,3.277778,30.000000,1.945421,47.000000,0.766234
0.250000,0.520230,4.000000,27.707773,1.828571,15.000000,0.800000
0.125000,1.000000,1.466667,30.000000,1.416667,9.000000,0.594595
0.125000,1.000000,2.733333,25.966964,1.882353,17.000000,0.732143
0.166667,0.914500,2.428571,25.068030,1.428571,8.000000,0.708333
0.166667,0.238228,2.800000,24.943030,1.571429,8.000000,0.736842
0.166667,0.525491,2.200000,23.327549,1.266667,6.000000,0.687500
0.043478,0.116211,2.200000,27.670430,1.889328,23.000000,0.687500
0.043478,0.028903,2.490566,29.451869,1.882353,34.000000,0.713514
0.043478,0.028903,2.490566,29.451869,1.882353,34.000000,0.713514
0.043478,0.116211,2.200000,27.670430,1.889328,23.000000,0.687500
0.125000,0.163530,2.409091,25.376981,1.948617,23.000000,0.706667
0.071429,0.015074,2.550000,24.624953,1.972332,23.000000,0.718310
0.071429,0.364568,1.809524,29.235000,1.637363,14.000000,0.644068
0.043478,0.028903,2.490566,29.451869,1.882353,34.000000,0.713514
0.043478,0.116211,2.200000,27.670430,1.889328,23.000000,0.687500
0.090909,0.137931,2.153846,22.730513,1.490909,11.000000,0.682927
0.035714,0.097668,2.659091,30.000000,1.820690,30.000000,0.726708
0.032258,0.226670,4.615385,28.452934,2.085227,33.000000,0.821918
0.032258,0.052984,2.360000,29.923986,1.864516,31.000000,0.702381
0.032258,0.226670,4.615385,28.452934,2.085227,33.000000,0.821918
0.032258,0.052984,2.360000,29.923986,1.864516,31.000000,0.702381
0.035714,0.097668,2.659091,30.000000,1.820690,30.000000,0.726708
0.032258,0.226670,4.615385,28.452934,2.085227,33.000000,0.821918
0.032258,0.052984,2.360000,29.923986,1.864516,31.000000,0.702381
0.032258,0.226670,4.615385,28.452934,2.085227,33.000000,0.821918
0.032258,0.052984,2.360000,29.923986,1.864516,31.000000,0.702381
0.032258,0.249771,4.615385,28.452934,2.085227,33.000000,0.821918
0.032258,0.052984,2.360000,29.923986,1.864516,31.000000,0.702381
0.032258,0.249771,4.615385,28.452934,2.085227,33.000000,0.821918
0.032258,0.052984,2.360000,29.923986,1.864516,31.000000,0.702381
0.032258,0.249771,4.615385,28.452934,2.085227,33.000000,0.821918
0.032258,0.052984,2.360000,29.923986,1.864516,31.000000,0.702381
0.032258,0.052984,2.360000,29.923986,1.864516,31.000000,0.702381
0.032258,0.226670,4.615385,28.452934,2.085227,33.000000,0.821918
0.035714,0.097668,2.659091,30.000000,1.820690,30.000000,0.726708
0.032258,0.226670,4.615385,28.452934,2.085227,33.000000,0.821918
0.032258,0.052984,2.360000,29.923986,1.864516,31.000000,0.702381
0.200000,0.004115,2.545455,30.000000,1.610294,17.000000,0.717949
0.066667,0.587132,2.533333,29.754070,1.754839,31.000000,0.716981
0.066667,1.000000,2.384615,30.000000,1.819048,15.000000,0.704545
0.066667,0.587132,2.533333,29.754070,1.754839,31.000000,0.716981
0.066667,1.000000,2.384615,30.000000,1.819048,15.000000,0.704545
0.111111,0.665312,2.478261,30.000000,1.754839,31.000000,0.712500
0.111111,0.752544,3.294118,19.538046,2.094862,23.000000,0.767123
0.111111,1.000000,5.333333,23.777790,1.555556,9.000000,0.842105
0.045455,0.607209,8.888889,29.228961,1.653680,22.000000,0.898876
0.045455,0.752544,3.294118,19.538046,2.094862,23.000000,0.767123
0.111111,0.752544,3.294118,19.538046,2.094862,23.000000,0.767123
0.111111,1.000000,5.333333,23.777790,1.555556,9.000000,0.842105
0.047619,0.218816,4.615385,28.452934,2.085227,33.000000,0.821918
0.111111,0.004149,2.571429,29.952048,1.771429,15.000000,0.720000
0.166667,0.081687,2.875000,27.609100,1.696970,12.000000,0.741935
0.047619,0.218816,4.615385,28.452934,2.085227,33.000000,0.821918
0.200000,0.978443,9.500000,28.083482,1.321429,8.000000,0.904762
0.250000,0.015052,1.388889,27.744723,1.847619,21.000000,0.581395
0.200000,0.978443,9.500000,28.083482,1.321429,8.000000,0.904762
0.055556,0.062462,1.466667,27.997721,1.859649,19.000000,0.594595
0.111111,0.004149,2.571429,29.952048,1.771429,15.000000,0.720000
0.047619,0.257504,4.615385,28.452934,2.085227,33.000000,0.821918
0.125000,0.109051,2.375000,30.000000,1.711111,10.000000,0.703704
0.166667,0.541747,1.750000,30.000000,1.742105,20.000000,0.636364
0.166667,0.047886,1.864865,30.000000,1.905138,23.000000,0.650943
0.166667,0.664442,3.500000,28.196320,1.742857,15.000000,0.777778
0.125000,0.849051,2.375000,30.000000,1.711111,10.000000,0.703704
0.166667,0.047886,1.864865,30.000000,1.905138,23.000000,0.650943
0.166667,1.000000,2.750000,27.768415,1.266667,6.000000,0.733333
0.071429,0.498875,1.411765,29.834556,1.590476,15.000000,0.585366
0.050000,0.453420,3.173913,24.601445,2.030769,26.000000,0.760417
0.050000,0.723708,1.857143,29.096881,1.978947,20.000000,0.650000
0.142857,0.149660,4.454545,28.850031,2.035088,19.000000,0.816667
0.142857,0.458797,1.800000,27.316866,1.571429,7.000000,0.642857
0.058824,0.453420,3.173913,24.601445,2.030769,26.000000,0.760417
0.058824,0.478141,1.566667,30.000000,1.742647,17.000000,0.610390
0.052632,0.676083,3.041667,26.649801,2.030769,26.000000,0.752577
0.052632,0.097358,1.678571,22.924062,1.871345,19.000000,0.626667
0.142857,0.266219,3.181818,29.883414,1.708333,16.000000,0.760870
0.062500,0.385725,6.833333,30.000000,1.873333,25.000000,0.872340
0.062500,1.000000,1.652174,21.031451,1.750000,16.000000,0.622951
0.100000,1.000000,1.551724,30.000000,1.669118,17.000000,0.608108
0.100000,0.004115,1.800000,24.243129,1.711111,10.000000,0.642857
0.062500,0.385725,6.833333,30.000000,1.873333,25.000000,0.872340
0.062500,1.000000,1.652174,21.031451,1.750000,16.000000,0.622951
0.100000,0.388317,27.000000,24.986211,1.727273,12.000000,0.964286
0.055556,1.000000,3.166667,28.832641,1.846373,38.000000,0.760000
0.166667,0.511646,3.954545,29.461783,1.684783,24.000000,0.798165
0.100000,0.065685,2.272727,26.179836,1.545455,11.000000,0.694444
0.100000,0.601397,5.875000,29.786747,1.980392,18.000000,0.854545
0.066667,0.999997,1.384615,29.484532,1.825000,16.000000,0.580645
0.066667,0.000000,2.157895,27.197597,1.752381,15.000000,0.683333
0.033333,0.008130,1.951807,28.545361,1.860606,45.000000,0.661224
0.033333,0.793065,1.787234,29.066667,1.921839,30.000000,0.641221
0.142857,0.135061,2.545455,29.855730,1.802198,14.000000,0.717949
0.125000,0.097190,2.764706,29.487331,1.705882,17.000000,0.734375
0.033333,0.793065,1.787234,29.066667,1.921839,30.000000,0.641221
0.033333,0.008130,1.951807,28.545361,1.860606,45.000000,0.661224
0.142857,0.458445,1.361111,24.559421,1.805263,20.000000,0.576471
0.142857,0.135061,2.545455,29.855730,1.802198,14.000000,0.717949
0.250000,0.741738,3.500000,30.000000,2.089744,13.000000,0.777778
0.200000,0.181784,1.741935,30.000000,1.905263,20.000000,0.635294
0.200000,0.181784,1.741935,30.000000,1.905263,20.000000,0.635294
0.250000,1.000000,3.500000,30.000000,2.089744,13.000000,0.777778
0.250000,0.391521,3.750000,30.000000,1.464286,8.000000,0.789474
0.250000,0.211354,1.850000,23.687927,1.808824,17.000000,0.649123
0.250000,0.391521,3.750000,30.000000,1.464286,8.000000,0.789474
0.200000,0.682155,6.714286,29.142020,1.980392,18.000000,0.870370
0.066667,0.048751,2.050000,28.212514,1.752381,15.000000,0.672131
0.066667,0.201894,2.687500,27.962349,2.192982,19.000000,0.728814
0.083333,0.201894,2.687500,27.962349,2.192982,19.000000,0.728814
0.083333,0.079872,2.000000,30.000000,1.757576,12.000000,0.666667
0.133333,1.000000,1.750000,30.000000,1.780952,15.000000,0.636364
0.133333,0.398095,1.525000,28.826190,1.897233,23.000000,0.603960
0.166667,0.143854,1.388889,29.721601,1.978355,22.000000,0.581395
0.111111,0.655875,2.400000,29.955045,2.275000,16.000000,0.705882
0.166667,0.335702,1.388889,29.721601,1.978355,22.000000,0.581395
0.111111,0.722008,2.400000,29.955045,2.275000,16.000000,0.705882
0.071429,1.000000,2.000000,30.000000,1.670330,14.000000,0.666667
0.071429,0.675175,3.625000,28.606696,1.975000,16.000000,0.783784
0.250000,0.678433,2.750000,26.869677,1.266667,6.000000,0.733333
0.083333,0.151689,2.313725,30.000000,1.864516,31.000000,0.698225
0.083333,0.151689,2.313725,30.000000,1.864516,31.000000,0.698225
0.083333,0.151689,2.313725,30.000000,1.864516,31.000000,0.698225
0.083333,0.050493,1.666667,22.756955,1.761905,15.000000,0.625000
0.083333,0.322300,1.482759,30.000000,1.950739,29.000000,0.597222
0.083333,0.322300,1.482759,30.000000,1.950739,29.000000,0.597222
0.083333,1.000000,2.030303,30.000000,1.649123,19.000000,0.670000
0.142857,0.629821,4.833333,28.688403,1.975000,16.000000,0.828571
0.142857,1.000000,2.500000,29.452141,1.619048,7.000000,0.714286
0.142857,0.770218,3.625000,28.606696,1.975000,16.000000,0.783784
0.142857,0.489265,3.600000,30.000000,1.357143,8.000000,0.782609
0.142857,0.032193,6.000000,30.000000,1.357143,8.000000,0.857143
0.142857,1.000000,2.500000,29.452141,1.619048,7.000000,0.714286
0.200000,1.000000,3.500000,26.223461,1.300000,5.000000,0.777778
0.071429,0.000000,1.842105,29.845337,1.825000,16.000000,0.648148
0.071429,0.522492,1.333333,30.000000,1.648352,14.000000,0.571429
0.100000,0.566841,1.950000,29.857684,1.725000,16.000000,0.661017
0.052632,1.000000,1.714286,30.000000,1.964912,19.000000,0.631579
0.052632,1.000000,1.900000,27.420777,1.847619,21.000000,0.655172
0.090909,0.394506,2.380952,28.893244,1.632353,17.000000,0.704225
0.200000,0.898613,2.357143,29.300798,1.756158,29.000000,0.702128
0.285714,1.000000,3.166667,11.025369,2.075758,12.000000,0.760000
0.142857,0.004016,1.615385,30.000000,1.923913,24.000000,0.617647
0.285714,0.595851,3.166667,11.025369,2.075758,12.000000,0.760000
0.142857,0.004016,1.615385,30.000000,1.923913,24.000000,0.617647
0.142857,0.004016,1.615385,30.000000,1.923913,24.000000,0.617647
0.111111,0.067759,1.500000,29.739808,1.960317,28.000000,0.600000
0.111111,0.051248,1.842105,26.897433,1.850000,16.000000,0.648148
0.200000,0.554567,3.500000,24.200000,1.300000,5.000000,0.777778
0.200000,0.677090,2.500000,30.000000,1.708333,16.000000,0.714286
0.111111,0.067759,1.500000,29.739808,1.960317,28.000000,0.600000
0.090909,0.041347,2.628571,29.579083,1.949735,28.000000,0.724409
0.090909,0.003984,1.583333,27.458168,1.781818,11.000000,0.612903
0.250000,0.003984,1.869565,29.461809,1.790850,18.000000,0.651515
0.142857,0.225771,2.400000,25.714286,1.476190,7.000000,0.705882
0.166667,0.317221,1.571429,30.000000,1.266667,6.000000,0.611111
0.250000,0.195122,2.000000,17.082591,1.571429,8.000000,0.666667
0.142857,0.054007,1.400000,25.841265,1.826840,22.000000,0.583333
0.090909,0.206585,1.454545,29.250599,1.590476,15.000000,0.592593
0.090909,0.785174,1.800000,8.923519,1.509091,11.000000,0.642857
0.111111,1.000000,1.538462,22.032698,1.444444,9.000000,0.606061
0.111111,0.118379,2.400000,27.256216,1.563636,11.000000,0.705882
0.111111,1.000000,1.538462,22.032698,1.444444,9.000000,0.606061
0.066667,0.023622,1.666667,22.756955,1.761905,15.000000,0.625000
0.066667,1.000000,2.911111,28.447784,1.859848,33.000000,0.744318
0.250000,1.000000,2.363636,30.000000,1.825397,28.000000,0.702703
0.066667,0.023622,1.666667,22.756955,1.761905,15.000000,0.625000
0.066667,1.000000,2.911111,28.447784,1.859848,33.000000,0.744318
0.058824,1.000000,3.047619,28.500000,1.747368,20.000000,0.752941
0.058824,0.205887,1.950000,20.720909,1.845588,17.000000,0.661017
0.052632,1.000000,2.781250,29.579560,1.796667,25.000000,0.735537
0.052632,0.602031,1.411765,28.359111,1.957143,21.000000,0.585366
0.029412,1.000000,2.253968,29.166667,1.898413,36.000000,0.692683
0.029412,0.122995,5.304348,30.000000,2.105169,34.000000,0.841379
0.041667,0.015625,2.586207,28.646598,1.865942,24.000000,0.721154
0.041667,1.000000,2.253968,29.976929,1.898413,36.000000,0.692683
0.055556,1.000000,2.609756,30.000000,1.997701,30.000000,0.722973
0.055556,0.872835,1.967742,28.064568,1.647059,18.000000,0.663043
0.142857,1.000000,2.538462,28.663455,1.882353,34.000000,0.717391
0.142857,0.241880,3.750000,27.211438,1.285714,7.000000,0.789474
0.055556,0.872835,1.967742,28.064568,1.647059,18.000000,0.663043
0.055556,1.000000,2.609756,30.000000,1.997701,30.000000,0.722973
0.029412,1.000000,2.253968,29.166667,1.898413,36.000000,0.692683
0.029412,0.023622,5.304348,30.000000,2.105169,34.000000,0.841379
0.090909,1.000000,2.800000,30.000000,1.705882,18.000000,0.736842
0.142857,1.000000,2.538462,28.663455,1.882353,34.000000,0.717391
0.142857,0.241880,3.750000,27.211438,1.285714,7.000000,0.789474
0.029412,0.023622,5.304348,30.000000,2.105169,34.000000,0.841379
0.029412,1.000000,2.253968,29.166667,1.898413,36.000000,0.692683
0.058824,0.205887,1.950000,20.720909,1.845588,17.000000,0.661017
0.058824,1.000000,3.047619,28.500000,1.747368,20.000000,0.752941
0.043478,0.207561,1.975000,29.609926,1.687747,23.000000,0.663866
0.043478,1.000000,2.444444,29.927010,1.869875,34.000000,0.709677
0.250000,1.000000,2.363636,30.000000,1.825397,28.000000,0.702703
0.029412,1.000000,2.253968,29.166667,1.898413,36.000000,0.692683
0.029412,0.122995,5.304348,30.000000,2.105169,34.000000,0.841379
0.250000,1.000000,2.363636,30.000000,1.825397,28.000000,0.702703
0.029412,1.000000,2.253968,29.166667,1.898413,36.000000,0.692683
0.029412,0.023622,5.304348,30.000000,2.105169,34.000000,0.841379
0.029412,0.023622,5.304348,30.000000,2.105169,34.000000,0.841379
0.029412,1.000000,2.253968,29.166667,1.898413,36.000000,0.692683
0.041667,0.166134,2.291667,28.917278,1.747126,30.000000,0.696203
0.041667,1.000000,1.222222,25.247984,1.833333,24.000000,0.550000
0.052632,1.000000,2.781250,29.579560,1.796667,25.000000,0.735537
0.052632,0.602031,1.411765,28.359111,1.957143,21.000000,0.585366
0.090909,1.000000,2.800000,30.000000,1.705882,18.000000,0.736842
0.052632,1.000000,1.487179,25.237900,1.707602,19.000000,0.597938
0.052632,0.104482,2.178571,29.502931,1.972332,23.000000,0.685393
0.029412,1.000000,2.253968,29.166667,1.898413,36.000000,0.692683
0.029412,0.023622,5.304348,30.000000,2.105169,34.000000,0.841379
0.090909,1.000000,2.800000,30.000000,1.705882,18.000000,0.736842
0.029412,1.000000,2.253968,29.166667,1.898413,36.000000,0.692683
0.029412,0.023622,5.304348,30.000000,2.105169,34.000000,0.841379
0.052632,0.602031,1.411765,28.359111,1.957143,21.000000,0.585366
0.052632,1.000000,2.781250,29.579560,1.796667,25.000000,0.735537
0.055556,1.000000,2.609756,30.000000,1.997701,30.000000,0.722973
0.055556,0.872835,1.967742,28.064568,1.647059,18.000000,0.663043
0.043478,0.207561,1.975000,29.609926,1.687747,23.000000,0.663866
0.043478,1.000000,2.444444,29.927010,1.869875,34.000000,0.709677
0.142857,0.241880,3.750000,27.211438,1.285714,7.000000,0.789474
0.142857,1.000000,2.538462,28.663455,1.882353,34.000000,0.717391
0.041667,1.000000,2.253968,29.976929,1.898413,36.000000,0.692683
0.041667,0.015625,2.586207,28.646598,1.865942,24.000000,0.721154
0.043478,0.207561,1.975000,29.609926,1.687747,23.000000,0.663866
0.043478,1.000000,2.444444,29.927010,1.869875,34.000000,0.709677
0.166667,0.375897,1.692308,29.417249,1.388889,9.000000,0.628571
0.029412,0.023622,5.304348,30.000000,2.105169,34.000000,0.841379
0.029412,1.000000,2.253968,29.166667,1.898413,36.000000,0.692683
0.066667,0.479073,5.000000,28.596454,1.619048,15.000000,0.833333
0.066667,1.000000,1.297297,30.000000,1.580952,15.000000,0.564706
0.041667,1.000000,2.253968,29.976929,1.898413,36.000000,0.692683
0.041667,0.015625,2.586207,28.646598,1.865942,24.000000,0.721154
0.029412,1.000000,2.253968,29.166667,1.898413,36.000000,0.692683
0.029412,0.023622,5.304348,30.000000,2.105169,34.000000,0.841379
0.029412,1.000000,2.253968,29.166667,1.898413,36.000000,0.692683
0.029412,0.122995,5.304348,30.000000,2.105169,34.000000,0.841379
0.066667,0.023622,1.666667,22.756955,1.761905,15.000000,0.625000
0.066667,1.000000,2.911111,28.447784,1.859848,33.000000,0.744318
0.142857,0.439387,6.600000,20.712869,2.016667,16.000000,0.868421
0.142857,1.000000,1.500000,21.559379,1.436364,11.000000,0.600000
0.058824,0.205887,1.950000,20.720909,1.845588,17.000000,0.661017
0.058824,1.000000,3.047619,28.500000,1.747368,20.000000,0.752941
0.029412,1.000000,2.253968,29.166667,1.898413,36.000000,0.692683
0.029412,0.023622,5.304348,30.000000,2.105169,34.000000,0.841379
0.062500,0.074374,1.926829,25.226799,1.855385,26.000000,0.658333
0.062500,0.393101,2.000000,30.000000,1.683333,16.000000,0.666667
0.142857,0.504956,1.913043,29.219664,1.857143,28.000000,0.656716
0.058824,0.346532,2.328571,29.222731,2.173333,51.000000,0.699571
0.058824,0.191221,1.114286,17.709780,1.852941,17.000000,0.527027
0.125000,1.000000,3.920000,26.271276,1.843915,28.000000,0.796748
0.125000,0.967899,18.000000,25.788011,1.392857,8.000000,0.947368
0.071429,0.403429,3.400000,28.730231,1.725275,14.000000,0.772727
0.071429,0.391704,3.923077,28.446144,1.861862,37.000000,0.796875
0.066667,1.000000,1.666667,22.756955,1.761905,15.000000,0.625000
0.066667,0.080169,1.482759,30.000000,1.950739,29.000000,0.597222
0.083333,1.000000,1.666667,30.000000,1.761905,15.000000,0.625000
0.066667,1.000000,1.666667,22.756955,1.761905,15.000000,0.625000
0.066667,0.080169,1.482759,30.000000,1.950739,29.000000,0.597222
0.066667,1.000000,1.666667,22.756955,1.761905,15.000000,0.625000
0.066667,1.000000,2.030303,30.000000,1.649123,19.000000,0.670000
0.142857,0.136831,1.905405,30.000000,1.964634,41.000000,0.655814
0.142857,0.136831,1.905405,30.000000,1.964634,41.000000,0.655814
0.125000,0.159372,4.285714,30.000000,2.085227,33.000000,0.810811
0.125000,0.190591,3.250000,16.893024,1.821429,8.000000,0.764706
0.125000,0.190591,3.250000,16.893024,1.821429,8.000000,0.764706
0.125000,0.159372,4.285714,30.000000,2.085227,33.000000,0.810811
0.125000,0.190591,3.250000,16.893024,1.821429,8.000000,0.764706
0.125000,0.133315,4.285714,30.000000,2.085227,33.000000,0.810811
0.125000,0.159372,4.285714,30.000000,2.085227,33.000000,0.810811
0.125000,0.190591,3.250000,16.893024,1.821429,8.000000,0.764706
0.071429,0.319149,2.333333,30.000000,1.692308,14.000000,0.700000
0.071429,0.146675,5.875000,29.305657,1.980392,18.000000,0.854545
0.071429,0.319149,2.333333,30.000000,1.692308,14.000000,0.700000
0.071429,0.146675,5.875000,29.305657,1.980392,18.000000,0.854545
0.125000,0.803059,1.621622,24.654209,1.715789,20.000000,0.618557
0.052632,0.420158,1.655172,28.343502,1.852632,20.000000,0.623377
0.052632,0.936328,1.621622,29.686452,1.715789,20.000000,0.618557
0.071429,0.419030,4.615385,28.452934,2.085227,33.000000,0.821918
0.071429,0.435273,4.615385,28.452934,2.085227,33.000000,0.821918
0.083333,0.846264,2.846154,30.000000,2.095588,17.000000,0.740000
0.071429,0.039311,4.615385,28.452934,2.085227,33.000000,0.821918
0.071429,0.419030,4.615385,28.452934,2.085227,33.000000,0.821918
0.250000,0.353169,2.208333,29.691429,1.942105,20.000000,0.688312
0.250000,0.393188,2.000000,30.000000,1.333333,4.000000,0.666667
0.166667,0.041646,2.407407,30.000000,1.956522,24.000000,0.706522
0.052632,0.109988,2.600000,30.000000,1.956522,24.000000,0.722222
0.052632,0.740035,1.531250,30.000000,1.742105,20.000000,0.604938
0.047619,0.612562,3.000000,25.369185,1.957143,21.000000,0.750000
0.047619,1.000000,2.103448,29.881826,1.795238,21.000000,0.677778
0.052632,0.109988,2.600000,30.000000,1.956522,24.000000,0.722222
0.052632,0.740035,1.531250,30.000000,1.742105,20.000000,0.604938
0.052632,0.109988,2.600000,30.000000,1.956522,24.000000,0.722222
0.052632,0.740035,1.531250,30.000000,1.742105,20.000000,0.604938
0.166667,0.041646,2.407407,30.000000,1.956522,24.000000,0.706522
0.142857,1.000000,2.466667,27.875642,1.647619,15.000000,0.711538
0.166667,0.041646,2.407407,30.000000,1.956522,24.000000,0.706522
0.250000,0.353169,2.208333,29.691429,1.942105,20.000000,0.688312
0.250000,0.393188,2.000000,30.000000,1.333333,4.000000,0.666667
0.200000,0.604661,3.000000,24.585125,1.400000,5.000000,0.750000
0.200000,0.181936,2.076923,30.000000,1.976190,21.000000,0.675000
0.166667,0.604503,1.836735,30.000000,1.957672,28.000000,0.647482
0.055556,0.627936,2.492063,28.947297,2.168980,50.000000,0.713636
0.055556,0.335730,1.263158,30.000000,1.784314,18.000000,0.558140
0.083333,0.614436,1.733333,30.000000,1.727273,12.000000,0.634146
0.083333,0.192764,3.300000,30.000000,1.637363,14.000000,0.767442
0.083333,0.819998,1.882353,17.249944,2.147147,37.000000,0.653061
0.166667,0.604503,1.836735,30.000000,1.957672,28.000000,0.647482
0.083333,0.192764,3.300000,30.000000,1.637363,14.000000,0.767442
0.083333,0.819998,1.882353,17.249944,2.147147,37.000000,0.653061
0.083333,0.614436,1.733333,30.000000,1.727273,12.000000,0.634146
0.076923,0.672183,2.563636,29.712663,2.180389,47.000000,0.719388
0.250000,0.027237,4.500000,28.219190,1.653846,13.000000,0.818182
0.111111,0.072464,1.571429,30.000000,1.388889,9.000000,0.611111
0.111111,0.234265,2.000000,28.263917,1.577778,10.000000,0.666667
0.166667,0.394373,4.516129,28.727295,2.150987,42.000000,0.818713
0.166667,0.027237,2.666667,28.507798,1.533333,6.000000,0.727273
0.166667,0.394373,4.516129,28.727295,2.150987,42.000000,0.818713
0.166667,0.027237,2.666667,28.507798,1.533333,6.000000,0.727273
0.166667,0.394373,4.516129,28.727295,2.150987,42.000000,0.818713
0.166667,0.027237,2.666667,28.507798,1.533333,6.000000,0.727273
0.083333,1.000000,1.600000,20.171951,1.636364,12.000000,0.615385
0.083333,1.000000,1.483871,28.814897,1.777778,19.000000,0.597403
0.055556,0.764627,3.964286,27.096774,1.922581,31.000000,0.798561
0.055556,1.000000,1.437500,29.482728,1.777778,19.000000,0.589744
0.090909,0.243018,1.833333,29.447474,1.600000,11.000000,0.647059
0.090909,1.000000,1.633333,30.000000,1.748538,19.000000,0.620253
0.083333,1.000000,1.190476,26.692482,1.651515,12.000000,0.543478
0.083333,0.711214,0.933333,23.801130,1.794872,13.000000,0.482759
0.055556,1.000000,1.875000,30.000000,1.745098,18.000000,0.652174
0.055556,0.622043,3.923077,28.446144,1.861862,37.000000,0.796875
0.050000,0.309547,1.621622,29.843502,1.684211,20.000000,0.618557
0.050000,0.223128,5.250000,23.685973,2.052419,32.000000,0.840000
0.142857,0.054015,1.611111,29.766525,1.560606,12.000000,0.617021
0.200000,0.611346,2.000000,25.189861,1.545455,11.000000,0.666667
0.200000,0.719912,3.500000,24.114004,1.300000,5.000000,0.777778
0.142857,0.364039,3.740741,28.000917,1.712251,27.000000,0.789062
0.142857,0.054015,1.611111,29.766525,1.560606,12.000000,0.617021
0.052632,1.000000,1.106383,23.159297,1.871345,19.000000,0.525253
0.052632,0.611439,2.208333,27.464236,1.778947,20.000000,0.688312
0.076923,0.531955,4.400000,30.000000,2.457895,20.000000,0.814815
0.076923,0.687292,4.400000,30.000000,2.457895,20.000000,0.814815
0.076923,0.150472,2.973684,29.866669,1.686154,26.000000,0.748344
0.111111,0.614762,4.250000,28.263917,1.822222,10.000000,0.809524
0.166667,0.519674,2.125000,27.195130,1.527778,9.000000,0.680000
0.250000,0.101182,3.000000,30.000000,1.756410,13.000000,0.750000
0.250000,0.466381,2.000000,27.821157,1.333333,4.000000,0.666667
0.250000,0.101182,3.000000,30.000000,1.756410,13.000000,0.750000
0.250000,0.466381,2.000000,27.821157,1.333333,4.000000,0.666667
0.058824,0.429535,5.571429,29.639719,1.926471,17.000000,0.847826
0.058824,0.843297,1.756757,29.711964,1.804348,24.000000,0.637255
0.125000,0.400924,2.000000,17.082591,1.571429,8.000000,0.666667
0.125000,0.645814,4.375000,28.907454,2.150987,42.000000,0.813953
0.035714,0.886808,6.562500,24.152025,2.052419,32.000000,0.867769
0.035714,0.173580,2.615385,25.825628,2.062500,33.000000,0.723404
0.058824,0.429535,5.571429,29.639719,1.926471,17.000000,0.847826
0.058824,0.843297,1.756757,29.711964,1.804348,24.000000,0.637255
0.166667,0.119702,1.888889,18.387463,1.611111,9.000000,0.653846
0.166667,0.611027,1.526316,17.468997,1.813187,14.000000,0.604167
0.111111,0.590041,1.423077,21.156172,1.791667,16.000000,0.587302
0.066667,0.441688,1.321429,28.125000,1.775000,16.000000,0.569231
0.066667,0.298841,1.863636,29.573438,1.752381,15.000000,0.650794
0.200000,0.206349,2.916667,29.822739,1.703297,14.000000,0.744681
0.111111,0.590041,1.423077,21.156172,1.791667,16.000000,0.587302
0.035714,0.601647,1.875000,30.000000,1.957672,28.000000,0.652174
0.035714,0.601647,1.875000,30.000000,1.957672,28.000000,0.652174
0.166667,0.554507,5.000000,28.301292,1.333333,6.000000,0.833333
0.166667,0.656492,2.800000,27.655621,1.066667,6.000000,0.736842
0.166667,1.000000,4.615385,28.452934,2.085227,33.000000,0.821918
0.250000,0.757823,1.888889,29.986202,1.681319,14.000000,0.653846
0.166667,0.762439,2.800000,21.912328,1.066667,6.000000,0.736842
0.166667,0.157072,2.142857,26.351239,1.583333,9.000000,0.681818
0.083333,0.046820,1.360000,30.000000,1.700000,20.000000,0.576271
0.035714,1.000000,4.615385,28.452934,2.085227,33.000000,0.821918
0.035714,0.612154,1.836735,30.000000,1.957672,28.000000,0.647482
0.166667,1.000000,4.615385,28.452934,2.085227,33.000000,0.821918
0.166667,0.656492,2.800000,27.655621,1.066667,6.000000,0.736842
0.166667,1.000000,4.615385,28.452934,2.085227,33.000000,0.821918
0.166667,0.656492,2.800000,27.655621,1.066667,6.000000,0.736842
0.083333,0.376327,1.678571,22.924062,1.871345,19.000000,0.626667
0.111111,1.000000,2.600000,26.982281,1.666667,12.000000,0.722222
0.111111,0.302741,2.500000,25.558947,1.583333,9.000000,0.714286
0.142857,0.511675,1.620690,28.057775,1.871345,19.000000,0.618421
0.125000,0.007634,2.625000,28.873508,1.601307,18.000000,0.724138
0.083333,0.025772,1.803922,30.000000,1.940230,30.000000,0.643357
0.111111,0.274388,2.294118,29.722256,1.860294,17.000000,0.696429
0.035714,1.000000,4.615385,28.452934,2.085227,33.000000,0.821918
0.035714,0.612154,1.836735,30.000000,1.957672,28.000000,0.647482
0.090909,0.000000,1.583333,30.000000,1.781818,11.000000,0.612903
0.090909,0.302038,2.628571,29.575708,1.949735,28.000000,0.724409
0.083333,0.506334,1.516129,29.947498,1.871345,19.000000,0.602564
0.083333,0.003802,1.611111,29.766525,1.560606,12.000000,0.617021
0.083333,0.025772,1.803922,30.000000,1.940230,30.000000,0.643357
0.100000,1.000000,1.944444,28.698671,1.723810,15.000000,0.660377
0.100000,0.070096,2.193548,28.269213,1.676190,21.000000,0.686869
0.090909,0.322179,1.583333,30.000000,1.781818,11.000000,0.612903
0.090909,0.302038,2.628571,29.575708,1.949735,28.000000,0.724409
0.035714,1.000000,4.615385,28.452934,2.085227,33.000000,0.821918
0.035714,0.612154,1.836735,30.000000,1.957672,28.000000,0.647482
0.125000,0.007634,3.652174,27.951027,1.824359,40.000000,0.785047
0.035714,1.000000,4.615385,28.452934,2.085227,33.000000,0.821918
0.035714,0.612154,1.836735,30.000000,1.957672,28.000000,0.647482
0.035714,1.000000,4.615385,28.452934,2.085227,33.000000,0.821918
0.035714,0.612154,1.836735,30.000000,1.957672,28.000000,0.647482
0.100000,0.825410,1.346154,29.813220,1.723810,15.000000,0.573770
0.100000,0.335621,2.135593,28.431254,1.767816,30.000000,0.681081
0.035714,0.612154,1.836735,30.000000,1.957672,28.000000,0.647482
0.035714,1.000000,4.615385,28.452934,2.085227,33.000000,0.821918
0.090909,0.134437,2.777778,23.865853,1.742424,12.000000,0.735294
0.090909,1.000000,1.692308,29.934309,1.600000,11.000000,0.628571
0.111111,0.274388,2.294118,29.722256,1.860294,17.000000,0.696429
0.125000,0.867619,1.814815,30.000000,1.742105,20.000000,0.644737
0.066667,0.185122,1.956522,29.418975,1.571429,15.000000,0.661765
0.055556,0.003774,1.684211,28.931205,1.786667,25.000000,0.627451
0.111111,0.362670,2.902439,28.183114,2.443975,44.000000,0.743750
0.076923,0.281340,1.750000,27.784332,1.850000,16.000000,0.636364
0.076923,1.000000,2.363636,21.020322,1.820513,13.000000,0.702703
0.200000,1.000000,4.500000,30.000000,1.100000,5.000000,0.818182
0.250000,0.270853,2.833333,24.598118,1.816667,16.000000,0.739130
0.166667,0.725122,5.333333,30.000000,1.428571,8.000000,0.842105
0.166667,1.000000,2.200000,30.000000,1.266667,6.000000,0.687500
0.125000,0.959398,3.000000,24.357915,1.694444,9.000000,0.750000
0.125000,0.276461,3.000000,24.357915,1.694444,9.000000,0.750000
0.200000,0.003831,1.750000,26.096013,1.300000,5.000000,0.636364
0.200000,0.082880,2.450000,27.391242,2.055258,34.000000,0.710145
0.076923,0.233899,2.142857,27.692308,1.730769,13.000000,0.681818
0.076923,0.555024,1.931818,28.439624,1.849003,27.000000,0.658915
0.076923,0.233899,2.142857,27.692308,1.730769,13.000000,0.681818
0.076923,0.555024,1.931818,28.439624,1.849003,27.000000,0.658915
0.055556,0.442247,1.656250,28.262249,1.679739,18.000000,0.623529
0.055556,0.000000,1.800000,29.989899,1.860606,45.000000,0.642857
0.055556,0.442247,1.656250,28.262249,1.679739,18.000000,0.623529
0.055556,0.000000,2.047619,29.862130,1.836601,18.000000,0.671875
0.100000,0.052708,2.625000,25.202382,2.110000,25.000000,0.724138
0.100000,0.418728,3.428571,30.000000,1.466667,10.000000,0.774194
0.090909,0.003831,1.588235,19.728488,1.842857,21.000000,0.613636
0.090909,0.172446,1.583333,30.000000,1.781818,11.000000,0.612903
0.055556,0.432317,2.250000,28.495114,1.947368,20.000000,0.692308
0.055556,0.903366,4.500000,29.560534,1.823529,18.000000,0.818182
0.250000,0.228722,5.222222,29.833745,1.980392,18.000000,0.839286
0.090909,0.003831,1.588235,19.728488,1.842857,21.000000,0.613636
0.090909,0.356745,1.583333,30.000000,1.781818,11.000000,0.612903
0.100000,0.052708,2.625000,25.202382,2.110000,25.000000,0.724138
0.100000,0.418728,3.428571,30.000000,1.466667,10.000000,0.774194
0.100000,0.052708,2.625000,25.202382,2.110000,25.000000,0.724138
0.100000,0.418728,3.428571,30.000000,1.466667,10.000000,0.774194
0.142857,0.465421,2.952381,28.807049,1.660819,19.000000,0.746988
0.166667,0.745095,2.333333,30.000000,1.500000,8.000000,0.700000
0.111111,0.277740,1.855263,30.000000,1.964634,41.000000,0.649770
0.083333,0.989554,1.851852,27.359921,1.868421,20.000000,0.649351
0.166667,0.745095,2.333333,30.000000,1.500000,8.000000,0.700000
0.090909,0.220467,1.818182,25.223069,1.745455,11.000000,0.645161
0.090909,0.869675,1.621622,29.350303,1.715789,20.000000,0.618557
0.111111,0.277740,1.855263,30.000000,1.964634,41.000000,0.649770
0.166667,0.862765,1.857143,30.000000,1.607143,8.000000,0.650000
0.166667,0.745095,2.333333,30.000000,1.500000,8.000000,0.700000
0.090909,0.635005,2.529412,29.726937,1.741667,16.000000,0.716667
0.090909,0.220467,1.818182,25.223069,1.745455,11.000000,0.645161
0.166667,0.777164,2.515152,30.000000,2.283251,29.000000,0.715517
0.083333,0.913633,2.600000,28.171083,1.727273,12.000000,0.722222
0.250000,1.000000,2.800000,29.962122,1.621212,12.000000,0.736842
0.250000,0.322737,2.333333,13.995968,1.300000,5.000000,0.700000
0.142857,0.211356,2.468085,30.000000,2.382883,37.000000,0.711656
0.142857,0.597705,2.468085,30.000000,2.382883,37.000000,0.711656
0.111111,0.007576,7.000000,29.907715,2.055556,9.000000,0.875000
0.111111,0.007576,7.000000,29.907715,2.055556,9.000000,0.875000
0.100000,0.395334,2.263158,21.476487,1.984211,20.000000,0.693548
0.111111,0.007576,7.000000,29.907715,2.055556,9.000000,0.875000
0.200000,0.072581,2.200000,25.000000,1.266667,6.000000,0.687500
0.111111,0.986461,1.583333,30.000000,1.688889,10.000000,0.612903
0.100000,0.011494,1.666667,28.370817,1.666667,10.000000,0.625000
0.100000,1.000000,1.818182,26.708008,1.727273,11.000000,0.645161
0.166667,0.017342,2.333333,28.710744,1.895238,21.000000,0.700000
0.045455,0.298556,2.000000,28.551627,1.818182,22.000000,0.666667
0.045455,1.000000,3.478261,29.657529,1.896154,40.000000,0.776699
0.100000,0.653777,1.818182,27.003948,1.555556,10.000000,0.645161
0.100000,1.000000,3.756098,29.552542,1.881935,38.000000,0.789744
0.166667,1.000000,3.923077,28.446144,1.861862,37.000000,0.796875
0.166667,1.000000,4.424242,28.044752,1.914286,36.000000,0.815642
0.100000,1.000000,3.756098,29.552542,1.881935,38.000000,0.789744
0.100000,0.653777,1.818182,27.003948,1.555556,10.000000,0.645161
0.045455,1.000000,3.478261,29.657529,1.896154,40.000000,0.776699
0.045455,0.298556,2.000000,28.551627,1.818182,22.000000,0.666667
0.250000,1.000000,2.000000,26.417147,1.533333,6.000000,0.666667
0.142857,0.396358,2.142857,28.542105,1.876190,15.000000,0.681818
0.066667,0.438753,1.680000,29.455289,1.750000,16.000000,0.626866
0.083333,0.298077,3.238095,29.418648,1.753623,24.000000,0.764045
0.083333,1.000000,1.333333,30.000000,1.696970,12.000000,0.571429
0.083333,0.600000,1.687500,27.342553,1.590909,12.000000,0.627907
0.083333,0.114151,3.370370,28.415517,1.790805,30.000000,0.771186
0.100000,0.678145,1.952381,28.667654,1.823529,17.000000,0.661290
0.071429,0.212753,2.200000,29.332921,1.981884,24.000000,0.687500
0.166667,0.783965,1.842105,26.897433,1.850000,16.000000,0.648148
0.142857,1.000000,2.200000,23.211767,1.523810,7.000000,0.687500
0.142857,0.377630,2.277778,30.000000,1.786765,17.000000,0.694915
0.142857,0.537562,3.909091,27.321378,2.520468,19.000000,0.796296
0.142857,0.422990,3.909091,27.321378,2.520468,19.000000,0.796296
0.090909,0.134268,1.588235,19.728488,1.842857,21.000000,0.613636
0.090909,0.419225,2.000000,30.000000,1.509091,11.000000,0.666667
0.111111,0.325743,6.750000,30.000000,1.509091,11.000000,0.870968
0.100000,1.000000,2.500000,27.709300,2.066667,10.000000,0.714286
0.100000,0.000000,2.625000,29.180762,1.533333,10.000000,0.724138
0.111111,0.325743,6.750000,30.000000,1.509091,11.000000,0.870968
0.142857,1.000000,1.833333,13.890624,1.476190,7.000000,0.647059
0.142857,0.000000,2.625000,26.125135,1.533333,10.000000,0.724138
0.200000,0.010778,4.708333,29.803926,1.693333,25.000000,0.824818
0.125000,0.589010,1.243902,26.801710,1.745098,18.000000,0.554348
0.125000,0.011494,2.200000,30.000000,1.214286,8.000000,0.687500
0.100000,0.683318,1.830189,30.000000,1.943350,29.000000,0.646667
0.100000,0.743627,1.500000,24.013999,1.600000,10.000000,0.600000
0.055556,0.589010,1.243902,26.801710,1.745098,18.000000,0.554348
0.055556,0.011494,1.575758,29.908192,2.047619,22.000000,0.611765
0.055556,0.589010,1.243902,26.801710,1.745098,18.000000,0.554348
0.055556,0.012413,1.575758,29.908192,2.047619,22.000000,0.611765
0.100000,0.683318,1.830189,30.000000,1.943350,29.000000,0.646667
0.100000,0.743627,1.500000,24.013999,1.600000,10.000000,0.600000
0.200000,0.232015,2.142857,30.000000,1.464286,8.000000,0.681818
0.200000,0.232015,2.142857,30.000000,1.464286,8.000000,0.681818
0.166667,1.000000,2.187500,26.384714,1.771429,15.000000,0.686275
0.100000,0.648088,2.444444,30.000000,1.511111,10.000000,0.709677
0.100000,0.267988,2.444444,30.000000,1.511111,10.000000,0.709677
0.125000,0.081685,1.511111,30.000000,1.700000,20.000000,0.601770
0.100000,0.627295,1.636364,22.969344,1.600000,10.000000,0.620690
0.100000,1.000000,3.166667,30.000000,1.895238,21.000000,0.760000
0.200000,0.396783,4.307692,28.905060,1.784211,20.000000,0.811594
0.062500,0.801533,2.676471,29.442890,1.874384,29.000000,0.728000
0.062500,0.450644,2.692308,28.125000,1.941667,16.000000,0.729167
0.250000,0.325916,2.950000,30.000000,1.633987,18.000000,0.746835
0.250000,1.000000,2.000000,30.000000,1.333333,4.000000,0.666667
0.062500,0.450644,2.692308,28.125000,1.941667,16.000000,0.729167
0.062500,0.801533,2.676471,29.442890,1.874384,29.000000,0.728000
0.142857,1.000000,1.714286,28.622039,1.428571,7.000000,0.631579
0.142857,0.313196,2.166667,24.804744,1.380952,7.000000,0.684211
0.062500,0.275701,2.041667,28.405119,1.641667,16.000000,0.671233
0.062500,0.284505,2.642857,28.635977,1.934641,18.000000,0.725490
0.142857,0.113935,1.818182,25.990262,1.800000,11.000000,0.645161
0.142857,0.113935,1.818182,25.990262,1.800000,11.000000,0.645161
0.200000,1.000000,2.666667,29.503668,1.200000,5.000000,0.727273
0.200000,1.000000,2.090909,29.982439,1.672727,11.000000,0.676471
0.058824,0.087785,1.780488,29.770263,1.901186,23.000000,0.640351
0.058824,0.476609,1.840000,25.951372,1.794118,17.000000,0.647887
0.062500,0.433693,2.459459,27.790914,1.753846,26.000000,0.710938
0.025000,0.001999,3.652174,29.147980,1.824359,40.000000,0.785047
0.025000,0.946752,2.883721,29.155214,2.433333,45.000000,0.742515
0.043478,0.712632,2.902439,28.183114,2.443975,44.000000,0.743750
0.043478,0.084749,3.652174,27.951027,1.824359,40.000000,0.785047
0.142857,0.180544,2.000000,24.604893,1.238095,7.000000,0.666667
0.142857,0.366191,1.153846,27.582114,1.876190,15.000000,0.535714
0.250000,0.953363,3.714286,30.000000,1.651515,12.000000,0.787879
0.033333,0.726236,2.120000,29.795841,1.940230,30.000000,0.679487
0.200000,0.239180,2.022727,29.925194,1.928775,27.000000,0.669173
0.250000,0.953363,3.714286,30.000000,1.651515,12.000000,0.787879
0.033333,0.726236,2.120000,29.795841,1.940230,30.000000,0.679487
0.200000,0.239180,2.022727,29.925194,1.928775,27.000000,0.669173
0.047619,0.006849,3.428571,29.562222,1.824359,40.000000,0.774194
0.047619,0.755701,2.280000,29.363747,1.838095,21.000000,0.695122
0.142857,1.000000,1.444444,27.860761,1.607143,8.000000,0.590909
0.166667,0.028448,2.666667,30.000000,1.533333,6.000000,0.727273
0.111111,0.092967,1.727273,13.114422,1.527778,9.000000,0.633333
0.071429,0.922274,4.000000,29.923688,1.406593,14.000000,0.800000
0.111111,0.124174,1.500000,21.357555,1.900585,19.000000,0.600000
0.111111,0.339374,4.250000,26.666667,1.611111,9.000000,0.809524
0.111111,0.444271,1.727273,29.752385,1.637363,14.000000,0.633333
0.071429,0.268612,2.517241,26.792440,2.123077,26.000000,0.715686
0.111111,0.456247,1.500000,30.000000,1.784314,18.000000,0.600000
0.111111,0.061522,3.000000,23.333333,1.750000,9.000000,0.750000
0.071429,0.268612,2.517241,26.792440,2.123077,26.000000,0.715686
0.125000,0.122548,1.526316,30.000000,1.560606,12.000000,0.604167
0.125000,0.503308,2.833333,29.474231,1.761905,28.000000,0.739130
0.125000,0.456498,1.526316,30.000000,1.560606,12.000000,0.604167
0.200000,1.000000,2.375000,30.000000,1.711111,10.000000,0.703704
0.250000,0.179320,2.000000,19.884158,1.333333,4.000000,0.666667
0.166667,1.000000,4.142857,27.520990,2.292490,23.000000,0.805556
0.090909,1.000000,1.684211,25.327228,1.703297,14.000000,0.627451
0.200000,1.000000,2.375000,30.000000,1.711111,10.000000,0.703704
0.111111,0.094445,4.000000,26.522956,1.800000,11.000000,0.800000
0.142857,0.003953,2.285714,26.393739,1.238095,7.000000,0.695652
0.142857,0.332046,4.818182,30.000000,1.712418,18.000000,0.828125
0.083333,1.000000,1.076923,28.830353,1.743590,13.000000,0.518519
0.083333,0.208608,1.611111,30.000000,1.560606,12.000000,0.617021
0.052632,0.054725,1.542857,29.463566,1.771930,19.000000,0.606742
0.083333,1.000000,1.076923,28.830353,1.743590,13.000000,0.518519
0.083333,0.383649,1.611111,30.000000,1.560606,12.000000,0.617021
0.250000,0.394228,1.625000,30.000000,1.380952,7.000000,0.619048
0.200000,0.076551,2.133333,16.489771,1.847619,15.000000,0.680851
0.200000,0.076551,2.133333,16.489771,1.847619,15.000000,0.680851
0.200000,0.157125,2.707317,28.639028,2.030159,36.000000,0.730263
0.250000,0.660565,2.577778,30.000000,2.382883,37.000000,0.720497
0.250000,0.343466,2.577778,30.000000,2.382883,37.000000,0.720497
0.090909,0.369405,2.818182,27.272727,1.472727,11.000000,0.738095
0.090909,0.805026,2.309859,29.555082,2.118197,49.000000,0.697872
0.090909,0.805026,2.309859,29.555082,2.118197,49.000000,0.697872
0.090909,0.369405,2.818182,27.272727,1.472727,11.000000,0.738095
0.066667,0.312190,4.666667,29.138853,1.600000,15.000000,0.823529
0.066667,0.046038,1.310345,29.301835,1.735931,22.000000,0.567164
0.037037,0.004016,3.000000,29.909199,2.300151,52.000000,0.750000
0.037037,0.121426,2.294118,28.759581,1.991453,27.000000,0.696429
0.037037,0.004016,3.000000,29.909199,2.300151,52.000000,0.750000
0.037037,0.121426,2.294118,28.759581,1.991453,27.000000,0.696429
0.045455,1.000000,2.833333,28.801427,2.203333,25.000000,0.739130
0.045455,0.027032,1.839286,30.000000,1.953654,34.000000,0.647799
0.045455,0.027032,1.839286,30.000000,1.953654,34.000000,0.647799
0.045455,1.000000,2.833333,28.801427,2.203333,25.000000,0.739130
0.166667,0.707793,1.928571,30.000000,1.742857,15.000000,0.658537
0.111111,0.929731,1.636364,26.616163,1.500000,9.000000,0.620690
0.111111,0.011858,1.655172,29.632674,1.747368,20.000000,0.623377
0.037037,0.079693,4.812500,26.693530,2.360920,30.000000,0.827957
0.037037,0.228994,2.466667,29.031573,1.789174,27.000000,0.711538
0.142857,0.170931,1.750000,30.000000,1.533333,10.000000,0.636364
0.200000,0.753513,1.642857,26.067795,1.926316,20.000000,0.621622
0.071429,0.348552,2.800000,29.607970,1.867692,26.000000,0.736842
0.071429,1.000000,1.842105,30.000000,1.761905,15.000000,0.648148
0.071429,0.311150,2.119048,29.483312,1.703333,25.000000,0.679389
0.071429,1.000000,1.842105,30.000000,1.761905,15.000000,0.648148
0.071429,1.000000,1.842105,30.000000,1.761905,15.000000,0.648148
0.111111,0.207081,1.275862,29.487426,1.889706,17.000000,0.560606
0.111111,0.112532,1.571429,25.775002,1.416667,9.000000,0.611111
0.111111,0.173388,3.800000,30.000000,2.071895,18.000000,0.791667
0.125000,0.413836,2.250000,29.618233,2.213235,17.000000,0.692308
0.142857,0.472633,2.478261,29.884076,1.723647,27.000000,0.712500
0.200000,1.000000,1.750000,30.000000,1.300000,5.000000,0.636364
0.250000,0.824002,2.000000,25.688462,1.717949,13.000000,0.666667
0.250000,0.207081,1.275862,29.259489,1.889706,17.000000,0.560606
0.111111,0.173388,3.800000,30.000000,2.071895,18.000000,0.791667
0.083333,0.175850,2.083333,24.740718,1.621212,12.000000,0.675676
0.083333,0.604444,2.533333,30.000000,1.733333,16.000000,0.716981
0.071429,0.696584,5.214286,25.617364,1.855072,24.000000,0.839080
0.071429,0.014481,1.526316,17.468997,1.813187,14.000000,0.604167
0.142857,0.381272,2.421053,29.694537,1.894587,27.000000,0.707692
0.111111,0.174829,1.800000,27.663380,1.948617,23.000000,0.642857
0.111111,0.864823,1.285714,29.949496,1.555556,9.000000,0.562500
0.090909,0.387933,3.285714,25.731615,1.618182,11.000000,0.766667
0.111111,0.916009,2.883721,29.155214,2.433333,45.000000,0.742515
0.142857,0.150972,2.543478,29.728515,1.878161,30.000000,0.717791
0.142857,0.150972,2.543478,29.728515,1.878161,30.000000,0.717791
0.111111,1.000000,2.883721,29.155214,2.433333,45.000000,0.742515
0.142857,1.000000,11.000000,30.000000,1.214286,8.000000,0.916667
0.125000,0.171224,1.750000,22.500000,1.571429,8.000000,0.636364
0.125000,0.547672,2.153846,30.000000,1.975806,32.000000,0.682927
0.083333,0.894170,5.800000,28.923567,1.651515,12.000000,0.852941
0.083333,0.430795,5.125000,24.363317,2.450292,19.000000,0.836735
0.125000,0.144452,1.750000,28.581040,1.571429,8.000000,0.636364
0.125000,0.008130,1.600000,24.889903,1.466667,10.000000,0.615385
0.125000,0.901072,6.500000,28.978089,1.600000,11.000000,0.866667
0.125000,0.960784,2.483871,28.750000,1.981884,24.000000,0.712963
0.125000,0.163747,1.750000,23.909317,1.571429,8.000000,0.636364
0.125000,0.547672,2.153846,30.000000,1.975806,32.000000,0.682927
0.125000,0.171224,1.750000,22.500000,1.571429,8.000000,0.636364
0.111111,0.093195,1.558824,25.712370,1.961039,22.000000,0.609195
0.090909,0.647824,3.363636,30.000000,1.593407,14.000000,0.770833
0.076923,0.242776,1.888889,27.450872,1.589744,13.000000,0.653846
0.076923,0.352011,1.657143,27.165205,1.839827,22.000000,0.623656
0.090909,0.626350,2.250000,27.666667,1.621212,12.000000,0.692308
0.090909,0.626350,2.250000,27.666667,1.621212,12.000000,0.692308
0.111111,1.000000,2.285714,29.758931,1.583333,9.000000,0.695652
0.071429,0.237484,1.458333,27.133020,1.659341,14.000000,0.593220
0.200000,0.807092,1.750000,24.000000,1.300000,5.000000,0.636364
0.200000,1.000000,2.500000,30.000000,1.464286,8.000000,0.714286
0.125000,0.745625,5.380952,28.747136,1.693333,25.000000,0.843284
0.125000,0.925091,2.500000,30.000000,1.464286,8.000000,0.714286
0.125000,0.925091,2.500000,30.000000,1.464286,8.000000,0.714286
0.125000,1.000000,3.181818,30.000000,1.723810,15.000000,0.760870
0.125000,0.925091,2.500000,30.000000,1.464286,8.000000,0.714286
0.125000,1.000000,3.181818,30.000000,1.723810,15.000000,0.760870
0.125000,0.925091,2.500000,30.000000,1.464286,8.000000,0.714286
0.125000,0.745625,5.380952,28.747136,1.693333,25.000000,0.843284
0.142857,0.732315,11.857143,28.298642,1.709957,22.000000,0.922222
0.142857,0.782184,5.000000,25.014022,1.619048,7.000000,0.833333
0.166667,0.514884,7.500000,21.570136,1.666667,9.000000,0.882353
0.166667,0.605548,8.000000,27.106529,1.466667,6.000000,0.888889
0.166667,0.568740,1.666667,25.930567,1.654545,11.000000,0.625000
0.090909,0.071622,1.763158,29.588077,1.793846,26.000000,0.638095
0.052632,0.115402,1.552632,28.294846,1.877470,23.000000,0.608247
0.052632,1.000000,1.638889,30.000000,1.654971,19.000000,0.621053
0.055556,0.881937,1.588235,19.728488,1.842857,21.000000,0.613636
0.055556,0.534395,5.518519,29.380694,1.911111,36.000000,0.846591
0.055556,0.881937,1.588235,19.728488,1.842857,21.000000,0.613636
0.055556,0.534395,5.518519,29.380694,1.911111,36.000000,0.846591
0.090909,1.000000,18.000000,25.721428,1.725275,14.000000,0.947368
0.083333,0.000000,1.830508,30.000000,1.966132,34.000000,0.646707
0.083333,0.000000,1.830508,30.000000,1.966132,34.000000,0.646707
0.083333,0.024688,1.925000,29.060903,1.615789,20.000000,0.658120
0.125000,0.562652,2.684211,30.000000,1.812865,19.000000,0.728571
0.083333,0.426932,4.714286,29.459724,2.000000,14.000000,0.825000
0.083333,0.048524,2.772727,25.244908,2.030000,25.000000,0.734940
0.100000,0.263385,2.857143,26.780578,1.644444,10.000000,0.740741
0.100000,0.669415,2.333333,24.877507,1.688889,10.000000,0.700000
0.083333,0.426932,4.714286,29.459724,2.000000,14.000000,0.825000
0.083333,0.048524,2.772727,25.244908,2.030000,25.000000,0.734940
0.100000,0.263385,2.857143,26.780578,1.644444,10.000000,0.740741
0.100000,0.669415,2.333333,24.877507,1.688889,10.000000,0.700000
0.166667,0.008065,5.500000,26.608923,1.266667,6.000000,0.846154
0.142857,0.675022,2.666667,28.992455,1.611111,9.000000,0.727273
0.142857,1.000000,2.400000,30.000000,1.476190,7.000000,0.705882
0.100000,0.851652,4.750000,30.000000,1.577778,10.000000,0.826087
0.100000,0.008536,3.312500,23.817596,2.003003,37.000000,0.768116
0.142857,0.640337,2.125000,30.000000,1.812865,19.000000,0.680000
0.076923,1.000000,2.857143,26.226805,2.013072,18.000000,0.740741
0.076923,0.233072,2.705882,29.665882,2.352439,41.000000,0.730159
0.083333,0.621306,2.914286,29.376375,1.761905,28.000000,0.744526
0.083333,0.118145,1.611111,29.766525,1.560606,12.000000,0.617021
0.083333,0.621306,2.914286,29.376375,1.761905,28.000000,0.744526
0.083333,1.000000,1.611111,29.766525,1.560606,12.000000,0.617021
0.076923,0.518211,2.705882,29.665882,2.352439,41.000000,0.730159
0.076923,1.000000,2.857143,26.226805,2.013072,18.000000,0.740741
0.076923,0.471019,7.176471,28.821980,1.655385,26.000000,0.877698
0.076923,1.000000,1.625000,27.957225,1.666667,13.000000,0.619048
0.045455,0.454116,2.476190,25.162260,1.948387,31.000000,0.712329
0.045455,0.398614,1.741935,28.022508,1.766234,22.000000,0.635294
0.142857,0.743532,2.406250,30.000000,1.981884,24.000000,0.706422
0.090909,0.418429,2.153846,29.483883,1.490909,11.000000,0.682927
0.050000,0.085299,2.523810,25.784807,1.831579,20.000000,0.716216
0.142857,0.317419,2.406250,30.000000,1.981884,24.000000,0.706422
0.142857,0.317419,2.406250,30.000000,1.981884,24.000000,0.706422
0.058824,0.054682,2.347826,25.212627,2.004329,22.000000,0.701299
0.058824,1.000000,1.680000,30.000000,1.976608,19.000000,0.626866
0.071429,0.329258,2.583333,28.520285,1.659341,14.000000,0.720930
0.066667,1.000000,2.277778,30.000000,1.786765,17.000000,0.694915
0.142857,0.330482,3.750000,26.719396,1.285714,7.000000,0.789474
0.083333,0.509042,2.500000,26.253978,1.632353,17.000000,0.714286
0.083333,0.829602,6.750000,29.766525,1.696970,12.000000,0.870968
0.050000,1.000000,1.194444,30.000000,2.068421,20.000000,0.544304
0.050000,0.194706,2.000000,29.305133,1.702899,24.000000,0.666667
0.100000,0.887951,1.894737,27.446521,1.850000,16.000000,0.654545
0.100000,1.000000,2.066667,29.527013,1.575758,12.000000,0.673913
0.100000,1.000000,1.461538,29.308715,1.622222,10.000000,0.593750
0.100000,0.241608,2.000000,30.000000,1.882353,18.000000,0.666667
0.100000,0.241608,2.000000,30.000000,1.882353,18.000000,0.666667
0.200000,0.412509,2.048387,28.861757,2.153277,44.000000,0.671958
0.142857,0.708563,1.500000,30.000000,1.527778,9.000000,0.600000
0.062500,0.014572,2.866667,24.714763,1.741667,16.000000,0.741379
0.090909,0.280754,1.687500,26.604862,1.563636,11.000000,0.627907
0.090909,0.201952,2.304348,29.843126,1.805263,20.000000,0.697368
0.066667,0.522166,1.500000,20.821519,1.828571,15.000000,0.600000
0.066667,0.613052,2.466667,30.000000,1.756158,29.000000,0.711538
0.062500,0.481610,1.354839,29.987927,1.808333,16.000000,0.575342
0.250000,0.362994,2.384615,26.747871,1.704762,15.000000,0.704545
0.125000,0.311015,1.309524,27.371178,1.666667,18.000000,0.567010
0.125000,1.000000,2.200000,30.000000,1.214286,8.000000,0.687500
0.055556,0.311015,1.309524,27.371178,1.666667,18.000000,0.567010
0.055556,0.087711,1.575758,30.000000,2.047619,22.000000,0.611765
0.055556,1.000000,1.575758,30.000000,2.047619,22.000000,0.611765
0.055556,0.311015,1.309524,27.371178,1.666667,18.000000,0.567010
0.125000,0.008130,2.588235,30.000000,1.633333,16.000000,0.721311
0.125000,0.169497,1.636364,22.500000,1.357143,8.000000,0.620690
0.052632,1.000000,1.106383,23.159297,1.871345,19.000000,0.525253
0.052632,0.098899,3.000000,30.000000,1.884211,20.000000,0.750000
0.052632,1.000000,1.106383,23.159297,1.871345,19.000000,0.525253
0.052632,0.098899,3.000000,30.000000,1.884211,20.000000,0.750000
0.052632,1.000000,1.106383,23.159297,1.871345,19.000000,0.525253
0.052632,0.098899,3.000000,30.000000,1.884211,20.000000,0.750000
0.125000,0.360526,2.210526,29.122273,1.871345,19.000000,0.688525
0.111111,0.295886,3.933333,27.174375,1.773684,20.000000,0.797297
0.200000,0.000000,1.888889,20.547191,1.583333,9.000000,0.653846
0.055556,1.000000,4.700000,30.000000,2.142857,21.000000,0.824561
0.055556,0.036306,1.956522,22.963839,1.862745,18.000000,0.661765
0.050000,1.000000,4.272727,30.000000,2.142857,21.000000,0.810345
0.050000,0.698316,1.341463,30.000000,1.805263,20.000000,0.572917
0.055556,1.000000,4.700000,30.000000,2.142857,21.000000,0.824561
0.055556,0.036306,1.956522,22.963839,1.862745,18.000000,0.661765
0.050000,0.698316,1.341463,30.000000,1.805263,20.000000,0.572917
0.050000,1.000000,4.272727,30.000000,2.142857,21.000000,0.810345
0.100000,0.551152,3.529412,30.000000,2.148551,24.000000,0.779221
0.100000,0.551152,3.529412,30.000000,2.148551,24.000000,0.779221
0.125000,0.135778,6.125000,30.000000,1.986869,45.000000,0.859649
0.125000,0.135778,6.125000,30.000000,1.986869,45.000000,0.859649
0.200000,1.000000,1.666667,24.884002,1.666667,10.000000,0.625000
0.058824,0.472123,4.647059,28.822853,1.687747,23.000000,0.822917
0.058824,0.563550,1.850000,23.687927,1.808824,17.000000,0.649123
0.111111,0.207453,3.600000,30.000000,1.901099,14.000000,0.782609
0.111111,0.435782,2.040000,30.000000,1.789474,20.000000,0.671053
0.111111,0.207453,3.600000,30.000000,1.901099,14.000000,0.782609
0.111111,0.030410,2.642857,29.593598,1.756158,29.000000,0.725490
0.055556,0.004115,1.294118,28.873632,1.908497,18.000000,0.564103
0.055556,0.006089,1.243243,25.732917,1.764706,18.000000,0.554217
0.111111,0.207453,3.600000,30.000000,1.901099,14.000000,0.782609
0.111111,0.435782,2.040000,30.000000,1.789474,20.000000,0.671053
0.111111,0.207453,3.600000,30.000000,1.901099,14.000000,0.782609
0.111111,0.030410,2.642857,29.593598,1.756158,29.000000,0.725490
0.200000,1.000000,1.466667,22.601317,1.833333,12.000000,0.594595
0.200000,0.584155,2.055556,28.651328,1.791667,16.000000,0.672727
0.100000,0.692176,3.600000,25.264684,1.987013,22.000000,0.782609
0.100000,0.445012,4.000000,27.815058,1.644444,10.000000,0.800000
0.125000,0.314932,1.714286,21.824837,1.571429,8.000000,0.631579
0.125000,0.314932,1.714286,21.824837,1.571429,8.000000,0.631579
0.142857,0.555837,1.444444,27.500000,1.742424,12.000000,0.590909
0.142857,0.112962,1.575758,30.000000,2.047619,22.000000,0.611765
0.142857,1.000000,1.575758,30.000000,2.047619,22.000000,0.611765
0.083333,0.111210,1.681818,18.930218,1.454545,12.000000,0.627119
0.083333,0.004149,2.041667,29.593361,1.639706,17.000000,0.671233
0.100000,0.576579,1.354839,22.548733,1.766667,16.000000,0.575342
0.100000,0.003215,1.578947,29.547070,1.333333,10.000000,0.612245
0.125000,1.000000,3.500000,25.166742,1.924242,12.000000,0.777778
0.125000,0.474738,1.442308,28.308542,2.100529,28.000000,0.590551
0.111111,0.474738,1.442308,28.308542,2.100529,28.000000,0.590551
0.111111,0.109790,1.850000,26.393741,1.648352,14.000000,0.649123
0.125000,1.000000,3.500000,25.166742,1.924242,12.000000,0.777778
0.125000,0.474738,1.442308,28.308542,2.100529,28.000000,0.590551
0.200000,0.835950,2.000000,21.242679,1.719298,19.000000,0.666667
0.111111,0.307339,2.212766,26.896725,1.980645,31.000000,0.688742
0.111111,0.008333,2.222222,27.316806,1.472222,9.000000,0.689655
0.111111,0.008333,2.222222,27.316806,1.472222,9.000000,0.689655
0.111111,0.307339,2.212766,26.896725,1.980645,31.000000,0.688742
0.041667,0.878034,1.842105,28.042860,1.804348,24.000000,0.648148
0.041667,0.294388,1.820225,29.622590,1.860606,45.000000,0.645418
0.125000,0.407618,1.660000,29.959448,1.863768,46.000000,0.624060
0.125000,0.107025,1.760870,29.944852,1.860606,45.000000,0.637795
0.125000,1.000000,2.125000,23.907009,1.392857,8.000000,0.680000
0.166667,0.630845,2.309859,29.397671,2.118197,49.000000,0.697872
0.041667,0.878034,1.842105,28.042860,1.804348,24.000000,0.648148
0.041667,0.294388,1.820225,29.622590,1.860606,45.000000,0.645418
0.125000,0.835950,2.000000,21.242679,1.719298,19.000000,0.666667
0.111111,0.786647,2.533333,25.954414,1.752381,15.000000,0.716981
0.111111,1.000000,7.000000,30.000000,2.055556,9.000000,0.875000
0.111111,0.786647,2.533333,25.954414,1.752381,15.000000,0.716981
0.111111,1.000000,7.000000,30.000000,2.055556,9.000000,0.875000
0.111111,0.786647,2.533333,25.954414,1.752381,15.000000,0.716981
0.111111,1.000000,7.000000,30.000000,2.055556,9.000000,0.875000
0.100000,0.433082,3.333333,28.193287,1.666667,10.000000,0.769231
0.100000,0.065609,1.200000,24.101950,1.876190,15.000000,0.545455
0.250000,0.674061,1.571429,25.775002,1.416667,9.000000,0.611111
0.052632,0.038056,3.784314,29.123649,1.828753,44.000000,0.790984
0.111111,0.520370,2.071429,30.000000,1.560606,12.000000,0.674419
0.111111,0.109229,1.800000,25.003651,1.500000,9.000000,0.642857
0.125000,0.086715,4.833333,24.791834,1.895238,15.000000,0.828571
0.076923,0.976498,1.263158,30.000000,1.894737,20.000000,0.558140
0.076923,0.976498,1.263158,30.000000,1.894737,20.000000,0.558140
0.066667,0.086979,1.243243,25.732917,1.764706,18.000000,0.554217
0.066667,0.950172,2.043478,28.628947,1.865497,19.000000,0.671429
0.050000,0.977247,1.263158,29.472314,1.894737,20.000000,0.558140
0.050000,0.319692,2.322581,29.513182,1.800866,22.000000,0.699029
0.066667,0.086979,1.243243,25.732917,1.764706,18.000000,0.554217
0.066667,0.950172,2.043478,28.628947,1.865497,19.000000,0.671429
0.250000,0.929252,2.384615,30.000000,1.791209,14.000000,0.704545
0.050000,0.319692,2.322581,29.513182,1.800866,22.000000,0.699029
0.050000,0.977247,1.263158,29.472314,1.894737,20.000000,0.558140
0.250000,0.929252,2.384615,30.000000,1.791209,14.000000,0.704545
0.076923,1.000000,2.181818,30.000000,1.692308,13.000000,0.685714
0.076923,0.160789,3.081081,29.300704,1.972973,38.000000,0.754967
0.071429,0.320219,2.543478,30.000000,1.878161,30.000000,0.717791
0.052632,0.689994,1.709677,25.449964,1.777778,19.000000,0.630952
0.052632,0.373348,3.655172,29.536755,1.952381,36.000000,0.785185
0.071429,0.320219,2.543478,30.000000,1.878161,30.000000,0.717791
0.125000,0.517111,2.250000,28.495114,1.947368,20.000000,0.692308
0.041667,1.000000,2.428571,27.474477,1.858696,24.000000,0.708333
0.041667,0.122505,3.333333,29.440389,1.826945,42.000000,0.769231
0.166667,0.210397,2.343750,28.838669,1.889231,26.000000,0.700935
0.090909,0.024595,2.218750,28.421640,1.673684,20.000000,0.689320
0.250000,0.639677,2.000000,30.000000,1.000000,4.000000,0.666667
0.200000,0.402173,5.000000,30.000000,1.000000,5.000000,0.833333
0.125000,0.113147,1.750000,26.250000,1.571429,8.000000,0.636364
0.066667,0.475716,1.567568,28.695652,2.067194,23.000000,0.610526
0.066667,0.419265,3.153846,29.745872,1.609524,15.000000,0.759259
0.066667,0.475716,1.567568,28.695652,2.067194,23.000000,0.610526
0.066667,0.419265,3.153846,29.745872,1.609524,15.000000,0.759259
0.250000,0.031170,1.744186,30.000000,1.973422,43.000000,0.635593
0.111111,0.299950,1.533333,14.090965,1.581818,11.000000,0.605263
0.166667,0.724250,2.392857,20.795492,2.126667,25.000000,0.705263
0.250000,0.031170,1.744186,30.000000,1.973422,43.000000,0.635593
0.142857,0.114764,2.217391,27.068155,1.904762,21.000000,0.689189
0.166667,0.724250,2.392857,20.795492,2.126667,25.000000,0.705263
0.090909,0.106716,3.500000,28.676333,1.788506,30.000000,0.777778
0.090909,0.890072,1.578947,24.646179,1.454545,11.000000,0.612245
0.222222,1.000000,3.687500,28.862980,1.773684,20.000000,0.786667
0.200000,0.263873,1.317460,30.000000,1.928571,28.000000,0.568493
0.125000,0.178238,2.200000,28.839151,1.893281,23.000000,0.687500
0.200000,1.000000,1.421053,30.000000,2.000000,23.000000,0.586957
0.125000,0.008847,2.347826,28.165782,1.896552,30.000000,0.701299
0.200000,0.008475,1.750000,30.000000,1.300000,5.000000,0.636364
0.111111,0.486474,1.500000,21.357555,1.900585,19.000000,0.600000
0.166667,0.540058,1.200000,25.714286,1.476190,7.000000,0.545455
0.125000,0.012658,2.000000,29.716208,1.852632,20.000000,0.666667
0.125000,1.000000,2.833333,30.000000,1.611111,9.000000,0.739130
0.125000,1.000000,1.611111,28.494801,1.560606,12.000000,0.617021
0.111111,0.029046,2.714286,29.496745,1.527778,9.000000,0.730769
0.111111,0.116570,2.600000,26.977726,1.848485,22.000000,0.722222
0.125000,1.000000,2.833333,30.000000,1.611111,9.000000,0.739130
0.125000,1.000000,1.611111,28.494801,1.560606,12.000000,0.617021
0.125000,1.000000,1.194444,30.000000,2.068421,20.000000,0.544304
0.125000,1.000000,16.000000,29.689793,1.428571,8.000000,0.941176
0.166667,0.556503,2.111111,29.343654,1.941176,17.000000,0.678571
0.076923,0.116837,1.956522,23.722271,1.862745,18.000000,0.661765
0.076923,0.135841,1.384615,23.072489,1.628205,13.000000,0.580645
0.100000,0.046358,1.551724,29.989833,1.918129,19.000000,0.608108
0.100000,1.000000,1.187500,30.000000,1.688889,10.000000,0.542857
0.200000,1.000000,1.666667,30.000000,1.636364,11.000000,0.625000
0.166667,0.630012,3.025000,30.000000,2.027027,38.000000,0.751553
0.071429,0.903444,2.545455,30.000000,1.725275,14.000000,0.717949
0.071429,0.843148,1.508197,30.000000,2.141129,32.000000,0.601307
0.055556,0.004255,2.210526,29.375499,1.758170,18.000000,0.688525
0.055556,0.311540,2.106383,29.559140,2.110887,32.000000,0.678082
0.066667,0.843148,1.508197,30.000000,2.141129,32.000000,0.601307
0.066667,0.141792,2.642857,29.745872,1.647619,15.000000,0.725490
0.125000,0.486288,2.697674,30.000000,2.382883,37.000000,0.729560
0.055556,0.004255,1.257143,30.000000,1.908497,18.000000,0.556962
0.055556,0.117650,1.388889,27.090573,1.766082,19.000000,0.581395
0.166667,0.308965,2.680851,28.562682,1.756989,31.000000,0.728324
0.062500,0.868533,3.882353,26.748277,2.173333,25.000000,0.795181
0.062500,0.037722,1.538462,29.783337,1.791667,16.000000,0.606061
0.166667,0.303075,1.666667,25.135115,1.791667,16.000000,0.625000
0.040000,0.868533,3.882353,26.748277,2.173333,25.000000,0.795181
0.040000,0.018690,2.283019,29.556846,1.797849,31.000000,0.695402
0.125000,0.553865,2.697674,30.000000,2.382883,37.000000,0.729560
0.083333,0.573597,3.533333,28.235294,1.669118,17.000000,0.779412
0.200000,0.113926,2.400000,30.000000,1.476190,7.000000,0.705882
0.200000,1.000000,2.333333,30.000000,1.300000,5.000000,0.700000
0.125000,0.004255,3.333333,30.000000,1.321429,8.000000,0.769231
0.125000,0.436099,1.487805,28.421834,1.819048,21.000000,0.598039
0.111111,1.000000,1.194444,30.000000,2.068421,20.000000,0.544304
0.111111,0.257612,1.571429,30.000000,1.388889,9.000000,0.611111
0.125000,0.004255,3.333333,30.000000,1.321429,8.000000,0.769231
0.125000,0.436099,1.487805,28.421834,1.819048,21.000000,0.598039
0.142857,1.000000,1.194444,30.000000,2.068421,20.000000,0.544304
0.142857,0.328005,1.458333,28.238301,1.659341,14.000000,0.593220
0.142857,0.691484,4.000000,27.829897,1.428571,8.000000,0.800000
0.142857,0.805545,2.642857,28.099639,1.875000,16.000000,0.725490
0.166667,0.971484,1.392857,30.000000,2.000000,18.000000,0.582090
0.125000,0.004255,3.333333,30.000000,1.321429,8.000000,0.769231
0.125000,0.436099,1.487805,28.421834,1.819048,21.000000,0.598039
0.153846,0.844595,1.354839,29.680117,2.017544,19.000000,0.575342
0.142857,0.519962,1.800000,29.404848,1.571429,7.000000,0.642857
0.142857,1.000000,1.575758,29.367849,2.047619,22.000000,0.611765
0.125000,0.436099,1.487805,28.421834,1.819048,21.000000,0.598039
0.125000,0.045685,3.333333,30.000000,1.321429,8.000000,0.769231
0.125000,0.004255,3.333333,30.000000,1.321429,8.000000,0.769231
0.125000,0.436099,1.487805,28.421834,1.819048,21.000000,0.598039
0.125000,0.395502,1.647059,30.000000,1.545455,11.000000,0.622222
0.125000,1.000000,1.194444,30.000000,2.068421,20.000000,0.544304
0.125000,0.045685,3.333333,30.000000,1.321429,8.000000,0.769231
0.125000,0.436099,1.487805,28.421834,1.819048,21.000000,0.598039
0.142857,0.519962,1.800000,29.404848,1.571429,7.000000,0.642857
0.142857,0.500144,1.575758,29.367849,2.047619,22.000000,0.611765
0.066667,0.575157,3.181818,30.000000,1.723810,15.000000,0.760870
0.166667,0.169787,2.200000,30.000000,1.266667,6.000000,0.687500
0.037037,0.464539,6.125000,30.000000,1.986869,45.000000,0.859649
0.037037,0.464539,6.125000,30.000000,1.986869,45.000000,0.859649
0.076923,0.417914,1.555556,30.000000,1.743590,13.000000,0.608696
0.037037,0.424579,2.100000,29.031573,1.760684,27.000000,0.677419
0.111111,0.579968,1.818182,28.147021,1.444444,9.000000,0.645161
0.111111,0.288113,1.296875,30.000000,1.928571,28.000000,0.564626
0.100000,1.000000,1.612903,28.523613,1.857895,20.000000,0.617284
0.166667,0.032101,1.360656,30.000000,1.928571,28.000000,0.576389
0.200000,1.000000,8.000000,26.798023,1.200000,5.000000,0.888889
0.142857,0.995288,1.130435,28.919003,1.581818,11.000000,0.530612
0.076923,0.151839,1.333333,17.850921,1.782051,13.000000,0.571429
0.076923,0.822377,2.588235,30.000000,1.633333,16.000000,0.721311
0.142857,0.771726,1.875000,30.000000,1.285714,7.000000,0.652174
0.200000,0.327870,2.500000,27.557069,1.669118,17.000000,0.714286
0.142857,0.040221,2.200000,30.000000,1.720588,17.000000,0.687500
0.142857,0.008547,2.240741,29.724607,1.797849,31.000000,0.691429
0.142857,0.008547,1.481481,29.883414,1.791667,16.000000,0.597015
0.142857,0.174939,2.200000,30.000000,1.720588,17.000000,0.687500
0.111111,0.449389,7.000000,30.000000,2.055556,9.000000,0.875000
0.090909,1.000000,1.466667,22.601317,1.833333,12.000000,0.594595
0.090909,1.000000,2.055556,29.681597,1.791667,16.000000,0.672727
0.111111,0.903560,7.000000,30.000000,2.055556,9.000000,0.875000
0.090909,0.455499,1.333333,17.850921,1.782051,13.000000,0.571429
0.090909,0.127020,3.784314,29.336196,1.828753,44.000000,0.790984
0.111111,0.903560,7.000000,30.000000,2.055556,9.000000,0.875000
0.100000,0.325767,1.909091,21.381859,1.600000,10.000000,0.656250
0.100000,0.876922,1.571429,30.000000,1.500000,12.000000,0.611111
0.250000,0.815543,1.620690,29.936024,1.952632,20.000000,0.618421
0.125000,0.099935,1.800000,29.838860,2.111828,31.000000,0.642857
0.125000,1.000000,2.571429,26.943988,2.275000,16.000000,0.720000
0.125000,1.000000,2.571429,26.943988,2.275000,16.000000,0.720000
0.125000,0.099935,1.800000,29.838860,2.111828,31.000000,0.642857
0.076923,1.000000,1.500000,24.921883,2.021978,14.000000,0.600000
0.076923,0.422067,2.375000,29.759235,1.551282,13.000000,0.703704
0.076923,0.422067,2.375000,29.759235,1.551282,13.000000,0.703704
0.076923,0.447500,1.500000,24.921883,2.021978,14.000000,0.600000
0.125000,0.729176,2.833333,30.000000,1.428571,8.000000,0.739130
0.125000,1.000000,1.500000,24.921883,2.021978,14.000000,0.600000
0.125000,0.729176,2.833333,30.000000,1.428571,8.000000,0.739130
0.125000,0.447500,1.500000,24.921883,2.021978,14.000000,0.600000
0.142857,0.543777,1.809524,28.125884,1.941176,17.000000,0.644068
0.166667,1.000000,5.000000,30.000000,1.666667,9.000000,0.833333
0.100000,0.381995,1.857143,30.000000,1.527273,11.000000,0.650000
0.062500,0.435010,1.739130,24.216969,1.791667,16.000000,0.634921
0.062500,0.349082,2.739130,28.340738,1.756989,31.000000,0.732558
0.125000,0.079798,14.166667,26.358180,1.619048,21.000000,0.934066
0.062500,0.013592,2.285714,27.820895,1.641667,16.000000,0.695652
0.062500,0.203075,1.969697,23.092843,1.865942,24.000000,0.663265
0.166667,0.722934,4.500000,30.000000,1.400000,6.000000,0.818182
0.166667,0.203075,1.969697,23.092843,1.865942,24.000000,0.663265
0.166667,0.813144,2.310345,24.347606,2.126667,25.000000,0.697917
0.166667,0.813144,2.310345,24.347606,2.126667,25.000000,0.697917
0.250000,1.000000,2.214286,27.558969,1.560606,12.000000,0.688889
0.125000,1.000000,2.714286,29.055669,1.911111,10.000000,0.730769
0.100000,0.462158,2.483871,30.000000,1.981884,24.000000,0.712963
0.100000,0.394117,1.600000,24.889903,1.466667,10.000000,0.615385
0.066667,0.124510,5.095238,29.392625,2.190476,36.000000,0.835938
0.125000,1.000000,2.714286,29.055669,1.911111,10.000000,0.730769
0.066667,0.124510,5.095238,29.392625,2.190476,36.000000,0.835938
0.100000,0.394117,1.600000,24.889903,1.466667,10.000000,0.615385
0.100000,1.000000,2.483871,30.000000,1.981884,24.000000,0.712963
0.100000,0.394117,1.600000,24.889903,1.466667,10.000000,0.615385
0.100000,0.462158,2.483871,30.000000,1.981884,24.000000,0.712963
0.100000,0.081844,1.714286,23.360536,1.604396,14.000000,0.631579
0.071429,0.436707,1.857143,25.714292,2.098901,14.000000,0.650000
0.142857,0.667441,4.400000,27.000000,1.577778,10.000000,0.814815
0.071429,0.436707,1.857143,25.714292,2.098901,14.000000,0.650000
0.071429,0.304291,1.857143,25.714292,2.098901,14.000000,0.650000
0.052632,0.247574,2.275862,25.311824,2.080000,26.000000,0.694737
0.052632,0.036684,2.937500,28.717751,1.877193,19.000000,0.746032
0.050000,1.000000,2.720000,30.000000,1.996377,24.000000,0.731183
0.050000,0.152299,2.025641,29.431089,1.836923,26.000000,0.669492
0.058824,0.058566,2.785714,29.113320,1.713235,17.000000,0.735849
0.055556,0.165741,1.257143,30.000000,1.908497,18.000000,0.556962
0.066667,0.019357,1.692308,25.028290,1.580952,15.000000,0.628571
0.125000,0.085904,11.000000,30.000000,1.214286,8.000000,0.916667
0.090909,0.532029,2.117647,29.878007,1.896552,30.000000,0.679245
0.090909,0.649063,1.428571,28.772289,1.490909,11.000000,0.588235
0.142857,1.000000,2.600000,26.615703,1.535714,8.000000,0.722222
0.038462,0.054016,2.160714,29.993770,1.797849,31.000000,0.683616
0.038462,1.000000,3.450000,25.851407,2.193846,26.000000,0.775281
0.166667,0.004514,1.821429,28.702338,1.938095,21.000000,0.645570
0.047619,0.376461,2.128205,29.034336,2.238916,29.000000,0.680328
0.047619,0.084796,1.654545,29.390002,2.143145,32.000000,0.623288
0.038462,0.054016,2.160714,29.993770,1.797849,31.000000,0.683616
0.038462,1.000000,3.450000,25.851407,2.193846,26.000000,0.775281
0.066667,0.282221,1.928571,30.000000,1.706522,24.000000,0.658537
0.066667,0.301479,1.869565,21.567331,1.714286,15.000000,0.651515
0.066667,0.282221,1.928571,30.000000,1.706522,24.000000,0.658537
0.066667,0.301479,1.869565,21.567331,1.714286,15.000000,0.651515
0.066667,0.282221,1.928571,30.000000,1.706522,24.000000,0.658537
0.066667,0.301479,1.869565,21.567331,1.714286,15.000000,0.651515
0.111111,0.708956,3.166667,29.764990,2.039039,37.000000,0.760000
0.111111,0.744774,3.270270,29.612483,2.027027,38.000000,0.765823
0.050000,0.763534,2.394737,23.938946,2.034274,32.000000,0.705426
0.050000,0.243735,2.722222,27.946661,2.012987,22.000000,0.731343
0.166667,0.026316,1.888889,30.000000,1.583333,9.000000,0.653846
0.071429,0.763534,2.394737,23.938946,2.034274,32.000000,0.705426
0.071429,0.229294,3.083333,27.566266,1.626374,14.000000,0.755102
0.090909,1.000000,3.250000,25.030564,1.696970,12.000000,0.764706
0.090909,0.026316,3.750000,28.490882,1.454545,11.000000,0.789474
0.125000,1.000000,1.600000,30.000000,1.142857,8.000000,0.615385
0.125000,1.000000,1.833333,25.192860,1.758242,14.000000,0.647059
0.052632,0.030568,3.176471,30.000000,1.725146,19.000000,0.760563
0.052632,0.679893,2.804348,29.128358,2.043590,40.000000,0.737143
0.166667,0.154372,1.384615,30.000000,2.000000,23.000000,0.580645
0.166667,0.374111,1.200000,25.714286,1.476190,7.000000,0.545455
0.250000,1.000000,1.800000,21.067214,1.400000,6.000000,0.642857
0.111111,0.397771,2.875000,28.928576,1.654545,11.000000,0.741935
0.142857,1.000000,1.555556,30.000000,1.333333,7.000000,0.608696
0.142857,1.000000,1.523810,27.780367,1.589744,13.000000,0.603774
0.200000,1.000000,4.000000,30.000000,1.200000,5.000000,0.800000
0.200000,1.000000,1.523810,27.780367,1.589744,13.000000,0.603774
0.125000,0.004484,4.666667,30.000000,1.571429,8.000000,0.823529
0.125000,1.000000,1.523810,27.780367,1.589744,13.000000,0.603774
0.040000,0.089921,1.772727,30.000000,1.944251,42.000000,0.639344
0.040000,0.089921,1.772727,30.000000,1.944251,42.000000,0.639344
0.038462,0.000000,1.933333,24.463026,2.036559,31.000000,0.659091
0.142857,0.015707,1.875000,29.150646,1.545455,12.000000,0.652174
0.100000,0.038097,2.521739,27.824922,1.904762,21.000000,0.716049
0.250000,0.957559,6.153846,29.084717,1.739785,31.000000,0.860215
0.142857,0.987040,7.485714,28.957774,1.848837,44.000000,0.882155
0.142857,0.600000,1.750000,30.000000,1.333333,7.000000,0.636364
0.050000,0.033520,5.428571,26.604436,1.876190,36.000000,0.844444
0.200000,0.247684,2.611111,30.000000,1.951261,35.000000,0.723077
0.200000,0.247684,2.611111,30.000000,1.951261,35.000000,0.723077
0.083333,0.403641,1.611111,28.962821,1.868132,14.000000,0.617021
0.125000,0.477810,2.125000,26.250000,1.392857,8.000000,0.680000
0.125000,0.555072,1.928571,30.000000,1.879121,14.000000,0.658537
0.066667,0.000000,3.200000,29.718448,1.751634,18.000000,0.761905
0.066667,0.150498,3.800000,24.000000,1.828571,15.000000,0.791667
0.100000,0.542099,2.375000,27.000000,1.622222,10.000000,0.703704
0.100000,0.206165,3.058824,28.050027,1.973684,20.000000,0.753623
0.022727,0.771615,3.050847,28.716590,2.458442,56.000000,0.753138
0.022727,0.291313,3.938776,30.000000,1.828753,44.000000,0.797521
0.022727,0.291313,3.938776,30.000000,1.828753,44.000000,0.797521
0.022727,0.771615,3.050847,28.716590,2.458442,56.000000,0.753138
0.090909,0.004484,2.333333,29.588246,1.727273,11.000000,0.700000
0.090909,0.744901,2.936508,29.869282,2.466165,57.000000,0.745968
0.040000,0.612774,3.346154,29.547752,1.825610,41.000000,0.769912
0.022727,0.291313,3.938776,30.000000,1.828753,44.000000,0.797521
0.022727,0.771615,3.050847,28.716590,2.458442,56.000000,0.753138
0.090909,0.004484,2.333333,29.588246,1.727273,11.000000,0.700000
0.090909,0.969906,2.936508,29.869282,2.466165,57.000000,0.745968
0.125000,0.008929,2.500000,23.898524,1.464286,8.000000,0.714286
0.090909,0.744901,2.936508,29.869282,2.466165,57.000000,0.745968
0.090909,0.004484,2.333333,29.588246,1.727273,11.000000,0.700000
0.090909,0.542815,3.125000,21.144649,1.757576,12.000000,0.757576
0.090909,0.744901,2.936508,29.869282,2.466165,57.000000,0.745968
0.090909,0.004484,2.333333,29.588246,1.727273,11.000000,0.700000
0.100000,0.440080,1.645161,28.571429,1.757143,21.000000,0.621951
0.100000,0.736612,1.833333,25.821434,1.511111,10.000000,0.647059
0.166667,0.475643,1.833333,25.000000,1.266667,6.000000,0.647059
0.166667,0.249437,2.000000,30.000000,1.563636,11.000000,0.666667
0.100000,0.027258,2.741935,28.187909,2.041379,30.000000,0.732759
0.111111,0.221431,4.558824,29.759999,1.877193,39.000000,0.820106
0.100000,0.013575,2.000000,30.000000,1.511111,10.000000,0.666667
0.100000,0.660011,1.480000,24.436736,1.875000,17.000000,0.596774
0.200000,1.000000,6.000000,27.961551,1.400000,5.000000,0.857143
0.142857,0.131186,5.333333,28.154686,1.238095,7.000000,0.842105
0.250000,0.260712,2.000000,27.481548,1.500000,9.000000,0.666667
0.100000,0.556438,1.724138,28.449673,2.143939,33.000000,0.632911
0.100000,0.031111,2.750000,29.387523,1.511111,10.000000,0.733333
0.058824,0.556438,1.724138,28.449673,2.143939,33.000000,0.632911
0.058824,1.000000,1.928571,30.000000,1.602941,17.000000,0.658537
0.066667,0.640236,2.384615,27.183082,1.866667,21.000000,0.704545
0.066667,0.883375,1.790698,28.963466,1.913043,24.000000,0.641667
0.100000,0.556438,1.724138,28.449673,2.143939,33.000000,0.632911
0.100000,0.031111,2.750000,29.387523,1.511111,10.000000,0.733333
0.142857,0.496845,2.500000,30.000000,1.619048,7.000000,0.714286
0.071429,0.181943,1.865672,30.000000,1.982456,39.000000,0.651042
0.062500,0.929006,2.413043,30.000000,1.756158,29.000000,0.707006
0.062500,0.803272,2.235294,30.000000,1.833333,16.000000,0.690909
0.111111,0.461322,1.166667,24.545455,1.727273,11.000000,0.538462
0.200000,0.982257,2.833333,28.456621,1.761905,28.000000,0.739130
0.200000,0.314328,1.571429,19.065036,1.266667,6.000000,0.611111
0.071429,0.181943,1.865672,30.000000,1.982456,39.000000,0.651042
0.071429,0.489171,1.800000,28.992391,2.111828,31.000000,0.642857
0.090909,1.000000,4.200000,24.455682,1.836364,11.000000,0.807692
0.090909,0.955028,1.459459,29.885810,1.771930,19.000000,0.593407
0.076923,0.447231,3.428571,29.484626,2.176136,33.000000,0.774194
0.076923,0.485018,2.000000,30.000000,1.628205,13.000000,0.666667
0.076923,0.447231,3.428571,29.484626,2.176136,33.000000,0.774194
0.076923,0.485018,2.000000,30.000000,1.628205,13.000000,0.666667
0.250000,0.409391,3.000000,30.000000,1.651515,12.000000,0.750000
0.250000,0.409391,3.000000,30.000000,1.651515,12.000000,0.750000
0.076923,0.447231,3.428571,29.484626,2.176136,33.000000,0.774194
0.076923,0.485018,2.000000,30.000000,1.628205,13.000000,0.666667
0.076923,0.485018,2.000000,30.000000,1.628205,13.000000,0.666667
0.076923,0.447231,3.428571,29.484626,2.176136,33.000000,0.774194
0.125000,0.507341,2.400000,26.756742,1.672727,11.000000,0.705882
0.142857,0.821265,2.166667,28.686392,1.380952,7.000000,0.684211
0.052632,0.751302,2.412698,28.602200,1.771772,37.000000,0.706977
0.052632,0.122141,1.533333,30.000000,1.818713,19.000000,0.605263
0.052632,0.751302,2.412698,28.602200,1.771772,37.000000,0.706977
0.052632,0.122141,1.533333,30.000000,1.818713,19.000000,0.605263
0.052632,0.751302,2.412698,28.602200,1.771772,37.000000,0.706977
0.052632,0.122141,1.533333,30.000000,1.818713,19.000000,0.605263
0.076923,0.120795,3.153846,27.765993,1.970513,40.000000,0.759259
0.050000,0.321178,1.718750,26.475327,1.810526,20.000000,0.632184
0.050000,0.021353,3.153846,28.838753,1.970513,40.000000,0.759259
0.062500,1.000000,1.272727,30.000000,1.808333,16.000000,0.560000
0.062500,0.190412,2.941176,27.781254,2.185714,21.000000,0.746269
0.076923,0.190412,2.941176,27.781254,2.185714,21.000000,0.746269
0.076923,0.261623,2.153846,29.468242,1.743590,13.000000,0.682927
0.250000,1.000000,2.000000,30.000000,1.000000,4.000000,0.666667
0.066667,0.295058,2.937500,29.030418,2.011696,19.000000,0.746032
0.250000,0.272601,1.470588,25.412798,1.782051,13.000000,0.595238
0.250000,0.272601,1.470588,25.412798,1.782051,13.000000,0.595238
0.090909,1.000000,5.000000,27.285854,1.454545,11.000000,0.833333
0.125000,0.236995,1.795918,29.648210,2.151724,30.000000,0.642336
0.125000,0.236995,1.795918,29.648210,2.151724,30.000000,0.642336
0.200000,0.111669,1.679245,29.331241,2.178495,31.000000,0.626761
0.200000,0.111669,1.679245,29.331241,2.178495,31.000000,0.626761
0.166667,0.303993,2.750000,28.709829,1.637363,14.000000,0.733333
0.166667,0.646127,4.250000,27.000000,1.755556,10.000000,0.809524
0.090909,0.376080,2.921053,29.062500,2.006048,32.000000,0.744966
0.090909,0.576643,2.921053,29.062500,2.006048,32.000000,0.744966
0.090909,0.376080,2.921053,29.062500,2.006048,32.000000,0.744966
0.090909,0.576643,2.921053,29.062500,2.006048,32.000000,0.744966
0.200000,0.711987,2.367647,29.237560,2.117021,48.000000,0.703057
0.200000,1.000000,2.800000,10.580113,1.785714,8.000000,0.736842
0.058824,0.181632,1.666667,30.000000,1.642857,21.000000,0.625000
0.058824,1.000000,2.375000,30.000000,1.669118,17.000000,0.703704
0.142857,1.000000,5.000000,27.272727,1.909091,11.000000,0.833333
0.142857,0.179297,1.905882,29.019834,1.860606,45.000000,0.655870
0.142857,1.000000,2.111111,30.000000,1.095238,7.000000,0.678571
0.142857,0.181632,1.666667,30.000000,1.642857,21.000000,0.625000
0.142857,0.459298,4.695652,29.667959,2.244745,37.000000,0.824427
0.142857,1.000000,2.111111,30.000000,1.095238,7.000000,0.678571
0.142857,0.181632,1.666667,30.000000,1.642857,21.000000,0.625000
0.047619,0.181632,1.666667,30.000000,1.642857,21.000000,0.625000
0.047619,0.167870,1.547945,25.504420,1.890756,35.000000,0.607527
0.142857,0.459298,4.695652,29.667959,2.244745,37.000000,0.824427
0.133333,0.014704,2.625000,26.550071,1.416667,9.000000,0.724138
0.200000,0.706090,2.367647,29.111634,2.117021,48.000000,0.703057
0.125000,0.009091,2.000000,27.465393,1.357143,8.000000,0.666667
0.076923,1.000000,1.894737,29.962649,1.859466,42.000000,0.654545
0.076923,0.404889,2.000000,26.297880,1.628205,13.000000,0.666667
0.142857,1.000000,2.111111,30.000000,1.095238,7.000000,0.678571
0.142857,0.181632,1.666667,30.000000,1.642857,21.000000,0.625000
0.125000,1.000000,4.666667,30.000000,1.571429,8.000000,0.823529
0.045455,1.000000,1.274510,25.965476,1.831169,22.000000,0.560345
0.045455,0.096054,2.600000,28.971214,2.094758,32.000000,0.722222
0.100000,0.009009,1.764706,30.000000,1.355556,10.000000,0.638298
0.100000,1.000000,1.274510,25.965476,1.831169,22.000000,0.560345
0.200000,0.717269,3.800000,24.677427,2.073529,17.000000,0.791667
0.200000,1.000000,2.333333,26.415207,1.300000,5.000000,0.700000
0.045455,1.000000,1.274510,25.965476,1.831169,22.000000,0.560345
0.045455,0.123132,1.500000,25.395366,1.813853,22.000000,0.600000
0.045455,1.000000,1.274510,25.965476,1.831169,22.000000,0.560345
0.045455,0.123132,1.500000,25.395366,1.813853,22.000000,0.600000
0.200000,0.717269,3.800000,24.677427,2.073529,17.000000,0.791667
0.200000,1.000000,2.333333,26.415207,1.300000,5.000000,0.700000
0.062500,0.314225,2.250000,26.231066,1.942029,24.000000,0.692308
0.041667,0.253528,1.974359,27.216553,2.078818,29.000000,0.663793
0.041667,0.314225,2.250000,26.231066,1.942029,24.000000,0.692308
0.250000,0.897928,2.750000,24.079310,1.876190,15.000000,0.733333
0.200000,1.000000,2.666667,30.000000,1.533333,6.000000,0.727273
0.037037,0.371749,5.555556,29.344983,1.924925,37.000000,0.847458
0.037037,0.675347,3.037037,27.101507,2.089947,28.000000,0.752294
0.090909,0.256968,1.769231,29.297013,1.654545,11.000000,0.638889
0.090909,0.008929,1.583333,25.078444,1.512821,13.000000,0.612903
0.125000,0.085689,2.125000,26.250000,1.392857,8.000000,0.680000
0.142857,0.324290,3.447761,30.000000,2.272837,58.000000,0.775168
0.142857,0.324290,3.447761,30.000000,2.272837,58.000000,0.775168
0.037037,0.371749,5.555556,29.344983,1.924925,37.000000,0.847458
0.037037,0.675347,3.037037,27.101507,2.089947,28.000000,0.752294
0.076923,0.606970,2.533333,28.258854,1.752381,15.000000,0.716981
0.076923,1.000000,2.217391,27.068155,1.904762,21.000000,0.689189
0.166667,1.000000,2.047619,27.714702,1.849673,18.000000,0.671875
0.100000,0.013453,1.428571,21.000828,1.622222,10.000000,0.588235
0.100000,0.890235,2.482759,30.000000,2.050265,28.000000,0.712871
0.058824,0.368868,2.684211,27.072630,2.023392,19.000000,0.728571
0.058824,0.890235,2.482759,30.000000,2.050265,28.000000,0.712871
0.090909,1.000000,2.692308,29.127169,2.019943,27.000000,0.729167
0.090909,1.000000,1.533333,14.090965,1.581818,11.000000,0.605263
0.166667,0.000000,5.666667,29.646356,1.583333,9.000000,0.850000
0.041667,0.317725,1.883721,30.000000,1.706522,24.000000,0.653226
0.090909,1.000000,3.000000,28.102280,1.690909,11.000000,0.750000
0.125000,0.648539,7.500000,30.000000,1.464286,8.000000,0.882353
0.125000,0.648539,7.500000,30.000000,1.464286,8.000000,0.882353
0.071429,0.330285,1.605263,21.200035,1.710526,20.000000,0.616162
0.071429,0.009009,2.125000,28.902883,1.626374,14.000000,0.680000
0.041667,0.317725,1.883721,30.000000,1.706522,24.000000,0.653226
0.076923,0.330285,1.605263,21.200035,1.710526,20.000000,0.616162
0.076923,0.069522,1.625000,29.434883,1.666667,13.000000,0.619048
0.250000,0.623850,1.750000,30.000000,1.300000,5.000000,0.636364
0.250000,1.000000,5.000000,30.000000,1.166667,4.000000,0.833333
0.041667,0.317725,1.883721,30.000000,1.706522,24.000000,0.653226
0.052632,0.448059,1.642857,29.356533,1.818713,19.000000,0.621622
0.034483,0.371765,5.772727,29.763629,1.870968,32.000000,0.852349
0.034483,0.371765,5.772727,29.763629,1.870968,32.000000,0.852349
0.052632,0.448059,1.642857,29.356533,1.818713,19.000000,0.621622
0.052632,0.448059,1.642857,29.356533,1.818713,19.000000,0.621622
0.083333,1.000000,1.785714,30.000000,1.968421,20.000000,0.641026
0.083333,0.689187,1.411765,27.091513,1.696970,12.000000,0.585366
0.090909,0.449631,2.333333,29.745300,1.727273,11.000000,0.700000
0.142857,0.243562,1.555556,29.135893,1.500000,8.000000,0.608696
0.142857,0.838507,1.222222,21.428571,1.523810,7.000000,0.550000
0.125000,0.055247,2.464286,27.598215,1.750000,24.000000,0.711340
0.125000,0.243562,1.555556,26.250000,1.500000,8.000000,0.608696
0.083333,1.000000,1.785714,30.000000,1.968421,20.000000,0.641026
0.083333,0.689187,1.411765,27.091513,1.696970,12.000000,0.585366
0.083333,0.230841,1.968750,30.000000,1.852814,22.000000,0.663158
0.083333,0.689187,1.411765,27.091513,1.696970,12.000000,0.585366
0.125000,0.083913,2.100000,30.000000,1.250000,8.000000,0.677419
0.076923,0.934436,2.250000,28.256456,1.538462,13.000000,0.692308
0.125000,0.582787,1.500000,23.209080,1.813853,22.000000,0.600000
0.125000,1.000000,3.333333,30.000000,1.321429,8.000000,0.769231
0.100000,0.113069,1.933333,30.000000,1.377778,10.000000,0.659091
0.100000,0.379834,1.155172,28.596537,2.003077,26.000000,0.536000
0.125000,1.000000,3.333333,30.000000,1.321429,8.000000,0.769231
0.125000,0.582787,1.500000,23.209080,1.813853,22.000000,0.600000
0.083333,0.008850,1.210526,22.539978,1.848485,12.000000,0.547619
0.047619,0.118868,1.758621,30.000000,1.938095,21.000000,0.637500
0.047619,0.582787,1.500000,23.209080,1.813853,22.000000,0.600000
0.100000,0.582787,1.500000,23.209080,1.813853,22.000000,0.600000
0.100000,0.998026,1.764706,30.000000,1.355556,10.000000,0.638298
0.100000,0.113069,1.933333,30.000000,1.377778,10.000000,0.659091
0.100000,0.379834,1.155172,28.596537,2.003077,26.000000,0.536000
0.125000,0.083913,2.100000,30.000000,1.250000,8.000000,0.677419
0.125000,0.582787,1.500000,23.209080,1.813853,22.000000,0.600000
0.125000,1.000000,3.333333,30.000000,1.321429,8.000000,0.769231
0.047619,0.582787,1.500000,23.209080,1.813853,22.000000,0.600000
0.047619,0.118868,1.758621,30.000000,1.938095,21.000000,0.637500
0.100000,0.582787,1.500000,23.209080,1.813853,22.000000,0.600000
0.100000,0.518402,3.600000,28.527435,1.600000,10.000000,0.782609
0.125000,0.582787,1.500000,23.209080,1.813853,22.000000,0.600000
0.125000,1.000000,3.333333,30.000000,1.321429,8.000000,0.769231
0.125000,0.582787,1.500000,23.209080,1.813853,22.000000,0.600000
0.125000,1.000000,3.333333,30.000000,1.321429,8.000000,0.769231
0.100000,0.998026,1.764706,30.000000,1.355556,10.000000,0.638298
0.100000,0.582787,1.500000,23.209080,1.813853,22.000000,0.600000
0.125000,0.582787,1.500000,23.209080,1.813853,22.000000,0.600000
0.125000,1.000000,3.333333,30.000000,1.321429,8.000000,0.769231
0.100000,0.582787,1.500000,23.209080,1.813853,22.000000,0.600000
0.100000,0.518402,3.600000,28.527435,1.600000,10.000000,0.782609
0.125000,0.083913,2.100000,30.000000,1.250000,8.000000,0.677419
0.076923,0.505088,1.470588,25.412798,1.782051,13.000000,0.595238
0.076923,0.505088,1.470588,25.412798,1.782051,13.000000,0.595238
0.166667,0.260963,2.071429,29.354140,1.742105,20.000000,0.674419
0.125000,0.541395,1.500000,29.608756,1.500000,8.000000,0.600000
0.200000,0.171952,3.310811,30.000000,2.259322,60.000000,0.768025
0.200000,0.171952,3.310811,30.000000,2.259322,60.000000,0.768025
0.076923,0.301217,1.507937,22.681935,1.862903,32.000000,0.601266
0.043478,0.220675,3.894737,28.974553,1.739130,23.000000,0.795699
0.043478,0.301217,1.507937,22.681935,1.862903,32.000000,0.601266
0.055556,0.022222,2.136364,29.579785,1.732026,18.000000,0.681159
0.055556,0.301217,1.507937,22.681935,1.862903,32.000000,0.601266
0.038462,0.482271,1.484375,27.604434,1.862903,32.000000,0.597484
0.038462,0.602314,1.172414,18.009094,1.886154,26.000000,0.539683
0.055556,1.000000,2.136364,29.579785,1.732026,18.000000,0.681159
0.055556,0.301217,1.507937,22.681935,1.862903,32.000000,0.601266
0.041667,1.000000,1.172414,18.009094,1.886154,26.000000,0.539683
0.041667,0.000000,5.735294,29.340886,1.883721,43.000000,0.851528
0.111111,0.000000,2.833333,30.000000,1.527778,9.000000,0.739130
0.111111,1.000000,1.172414,18.009094,1.886154,26.000000,0.539683
0.052632,1.000000,1.172414,18.009094,1.886154,26.000000,0.539683
0.052632,0.000000,3.437500,29.049348,1.801170,19.000000,0.774648
0.111111,0.000000,2.833333,30.000000,1.527778,9.000000,0.739130
0.111111,1.000000,1.172414,18.009094,1.886154,26.000000,0.539683
0.125000,0.026030,3.500000,26.250000,1.571429,8.000000,0.777778
0.142857,1.000000,2.500000,30.000000,1.285714,7.000000,0.714286
0.052632,0.072498,2.260870,27.558604,1.836257,19.000000,0.693333
0.142857,1.000000,4.125000,29.117647,1.918004,34.000000,0.804878
0.125000,0.021848,3.500000,27.268822,1.571429,8.000000,0.777778
0.142857,1.000000,4.125000,29.743666,1.918004,34.000000,0.804878
0.047619,0.059600,2.464286,27.949926,1.750000,24.000000,0.711340
0.047619,0.634399,1.600000,27.664110,1.996047,23.000000,0.615385
0.100000,0.004367,1.394737,28.571429,1.861905,21.000000,0.582418
0.040000,0.052743,2.500000,29.677235,1.813333,25.000000,0.714286
0.040000,0.419589,1.661765,22.724224,2.177778,36.000000,0.624309
0.125000,0.034999,1.583333,27.458168,1.781818,11.000000,0.612903
0.090909,0.419589,1.661765,22.724224,2.177778,36.000000,0.624309
0.090909,0.017699,1.571429,30.000000,1.709091,11.000000,0.611111
0.090909,0.419589,1.661765,22.724224,2.177778,36.000000,0.624309
0.090909,0.017699,1.571429,30.000000,1.709091,11.000000,0.611111
0.100000,0.004367,1.394737,28.571429,1.861905,21.000000,0.582418
0.050000,0.419589,1.661765,22.724224,2.177778,36.000000,0.624309
0.050000,0.527141,4.642857,29.232018,1.752632,20.000000,0.822785
0.125000,0.034999,1.583333,27.458168,1.781818,11.000000,0.612903
0.047619,0.469602,2.200000,28.991570,2.080000,26.000000,0.687500
0.047619,0.634399,1.600000,27.664110,1.996047,23.000000,0.615385
0.100000,1.000000,1.500000,29.636168,2.000000,23.000000,0.600000
0.090909,0.017699,1.571429,30.000000,1.709091,11.000000,0.611111
0.090909,0.419589,1.661765,22.724224,2.177778,36.000000,0.624309
0.100000,1.000000,1.500000,29.636168,2.000000,23.000000,0.600000
0.100000,0.680340,1.421053,25.705024,1.681818,12.000000,0.586957
0.100000,0.581184,1.538462,27.000000,1.555556,10.000000,0.606061
0.125000,0.393131,2.000000,24.223810,1.571429,8.000000,0.666667
0.125000,0.581184,1.538462,27.000000,1.555556,10.000000,0.606061
0.200000,0.462020,2.684211,27.072630,2.023392,19.000000,0.728571
0.200000,0.017857,1.750000,30.000000,1.300000,5.000000,0.636364
0.200000,0.462020,2.684211,27.072630,2.023392,19.000000,0.728571
0.200000,0.017857,1.750000,30.000000,1.300000,5.000000,0.636364
0.250000,0.066336,2.181818,28.593518,1.757353,17.000000,0.685714
0.200000,0.301199,2.684211,27.072630,2.023392,19.000000,0.728571
0.200000,0.017857,1.750000,30.000000,1.300000,5.000000,0.636364
0.200000,0.301199,2.684211,27.072630,2.023392,19.000000,0.728571
0.200000,0.017857,1.750000,30.000000,1.300000,5.000000,0.636364
0.200000,0.462020,2.684211,27.072630,2.023392,19.000000,0.728571
0.200000,0.017857,1.750000,30.000000,1.300000,5.000000,0.636364
0.250000,0.151176,2.181818,28.593518,1.757353,17.000000,0.685714
0.200000,0.301199,2.684211,27.072630,2.023392,19.000000,0.728571
0.200000,0.017857,1.750000,30.000000,1.300000,5.000000,0.636364
0.200000,0.075427,2.142857,28.610586,1.692308,13.000000,0.681818
0.125000,0.108335,2.857143,30.000000,1.644444,10.000000,0.740741
0.125000,0.490318,2.483871,28.750000,1.981884,24.000000,0.712963
0.125000,0.108335,2.857143,30.000000,1.644444,10.000000,0.740741
0.125000,0.490318,2.483871,28.750000,1.981884,24.000000,0.712963
0.125000,0.108335,2.857143,30.000000,1.644444,10.000000,0.740741
0.125000,0.490318,2.483871,28.750000,1.981884,24.000000,0.712963
0.125000,0.108335,2.857143,30.000000,1.644444,10.000000,0.740741
0.125000,0.490318,2.483871,28.750000,1.981884,24.000000,0.712963
0.090909,0.072425,3.356164,29.944106,2.259322,60.000000,0.770440
0.090909,0.777305,1.434783,27.272727,1.436364,11.000000,0.589286
0.090909,0.072425,3.356164,29.944106,2.259322,60.000000,0.770440
0.090909,0.777305,1.434783,27.272727,1.436364,11.000000,0.589286
0.142857,0.108335,2.857143,30.000000,1.644444,10.000000,0.740741
0.142857,0.108335,2.857143,30.000000,1.644444,10.000000,0.740741
0.111111,1.000000,2.181818,28.352847,1.961905,21.000000,0.685714
0.083333,0.066005,2.000000,24.554042,1.717949,13.000000,0.666667
0.083333,0.000000,1.285714,29.155608,1.681818,12.000000,0.562500
0.071429,0.493356,1.591837,19.272125,2.010582,28.000000,0.614173
0.071429,0.352813,2.125000,29.649868,1.626374,14.000000,0.680000
0.035714,0.493356,1.591837,19.272125,2.010582,28.000000,0.614173
0.035714,0.046892,2.347826,28.697397,1.733990,29.000000,0.701299
0.058824,0.581221,1.641509,21.317231,2.027586,30.000000,0.621429
0.058824,0.000000,3.250000,29.327401,1.845588,17.000000,0.764706
0.090909,0.391852,2.894737,26.931358,1.678363,19.000000,0.743243
0.090909,0.197513,1.529412,27.024159,1.581818,11.000000,0.604651
0.090909,0.427753,1.750000,30.000000,1.966667,36.000000,0.636364
0.083333,0.741605,2.375000,21.390091,1.954545,12.000000,0.703704
0.076923,0.493356,1.591837,19.272125,2.010582,28.000000,0.614173
0.076923,0.004367,1.529412,29.985141,1.666667,13.000000,0.604651
0.083333,0.426184,2.375000,21.390091,1.954545,12.000000,0.703704
0.090909,0.427753,1.750000,30.000000,1.966667,36.000000,0.636364
0.100000,0.099511,1.987342,30.000000,2.024359,40.000000,0.665254
0.100000,0.746989,2.000000,23.328989,1.711111,10.000000,0.666667
0.100000,0.099511,1.987342,30.000000,2.024359,40.000000,0.665254
0.100000,0.746989,2.000000,23.328989,1.711111,10.000000,0.666667
0.200000,1.000000,2.818182,30.000000,1.895238,15.000000,0.738095
0.200000,1.000000,1.583333,30.000000,1.577778,10.000000,0.612903
0.125000,0.791093,11.500000,30.000000,1.690909,11.000000,0.920000
0.200000,0.091841,3.153846,29.186891,1.970513,40.000000,0.759259
0.125000,1.000000,2.277778,28.907847,1.860887,32.000000,0.694915
0.076923,1.000000,2.196429,29.401212,1.860887,32.000000,0.687151
0.076923,0.457211,1.520000,27.692308,1.576923,13.000000,0.603175
0.166667,0.089666,3.108108,29.863838,1.817460,36.000000,0.756579
0.166667,0.056650,1.333333,30.000000,1.533333,6.000000,0.571429
0.083333,0.050384,1.210526,22.539978,1.848485,12.000000,0.547619
0.083333,0.020737,3.108108,29.819721,1.817460,36.000000,0.756579
0.142857,0.698935,2.714286,30.000000,1.755556,10.000000,0.730769
0.142857,0.143380,1.555556,30.000000,1.333333,7.000000,0.608696
0.142857,0.442031,2.714286,30.000000,1.755556,10.000000,0.730769
0.142857,0.143380,1.555556,30.000000,1.333333,7.000000,0.608696
0.125000,0.062509,2.857143,26.996108,1.666667,16.000000,0.740741
0.125000,0.259813,1.857143,30.000000,1.642857,8.000000,0.650000
0.142857,0.249357,2.076923,24.456902,2.008658,22.000000,0.675000
0.142857,0.028771,2.520000,24.549723,1.877470,23.000000,0.715909
0.090909,0.489805,1.785714,30.000000,1.654545,11.000000,0.641026
0.090909,1.000000,1.928571,20.004174,1.960145,24.000000,0.658537
0.076923,1.000000,1.109091,22.832190,1.873188,24.000000,0.525862
0.076923,0.378599,1.333333,30.000000,1.833333,13.000000,0.571429
0.041667,1.000000,1.109091,22.832190,1.873188,24.000000,0.525862
0.041667,0.144377,1.764706,30.000000,1.723077,26.000000,0.638298
0.076923,1.000000,1.109091,22.832190,1.873188,24.000000,0.525862
0.076923,0.352199,1.923077,28.583370,1.691667,16.000000,0.657895
0.166667,0.539080,3.666667,29.119343,1.266667,6.000000,0.785714
0.041667,1.000000,1.109091,22.832190,1.873188,24.000000,0.525862
0.041667,0.144377,1.764706,30.000000,1.723077,26.000000,0.638298
0.038462,0.574775,2.600000,29.180372,2.094758,32.000000,0.722222
0.038462,0.665548,1.611111,22.705473,2.023810,28.000000,0.617021
0.041667,1.000000,1.109091,22.832190,1.873188,24.000000,0.525862
0.041667,0.144377,1.764706,30.000000,1.723077,26.000000,0.638298
0.125000,0.008621,1.800000,30.000000,1.357143,8.000000,0.642857
0.090909,1.000000,1.875000,21.613388,1.931159,24.000000,0.652174
0.090909,0.557489,1.909091,27.240296,1.763636,11.000000,0.656250
0.066667,0.924690,1.520000,28.256832,1.676190,15.000000,0.603175
0.090909,0.986103,1.761905,29.928747,1.593407,14.000000,0.637931
0.090909,0.023823,1.210526,22.539978,1.848485,12.000000,0.547619
0.142857,0.874469,1.761905,29.377473,1.593407,14.000000,0.637931
0.250000,0.017094,4.000000,29.457596,1.333333,4.000000,0.800000
0.250000,0.191987,1.456790,23.113000,1.923387,32.000000,0.592965
0.200000,0.787000,1.642857,25.035894,1.533333,10.000000,0.621622
0.071429,0.418913,2.125000,29.649868,1.626374,14.000000,0.680000
0.071429,0.273041,2.076923,24.456902,2.008658,22.000000,0.675000
0.166667,0.026304,1.500000,30.000000,1.963333,25.000000,0.600000
0.166667,1.000000,1.353846,30.000000,1.904762,28.000000,0.575163
0.045455,1.000000,2.739130,29.759821,1.779221,22.000000,0.732558
0.045455,0.157942,2.071429,29.709488,2.050575,30.000000,0.674419
0.058824,1.000000,2.210526,29.375499,1.758170,18.000000,0.688525
0.071429,0.192435,2.800000,30.000000,1.725275,14.000000,0.736842
0.166667,1.000000,4.500000,26.358430,1.400000,6.000000,0.818182
0.111111,0.000000,2.028571,29.330792,1.923077,26.000000,0.669811
0.058824,0.008419,1.724138,28.449673,2.143939,33.000000,0.632911
0.142857,0.107766,1.900000,30.000000,1.095238,7.000000,0.655172
0.142857,0.238325,1.456790,23.113000,1.923387,32.000000,0.592965
0.083333,0.229085,3.777778,28.478849,1.758242,14.000000,0.790698
0.142857,0.657370,5.333333,23.333346,1.555556,9.000000,0.842105
0.142857,0.126862,8.888889,29.185881,1.653680,22.000000,0.898876
0.142857,0.657370,5.333333,23.333346,1.555556,9.000000,0.842105
0.142857,0.126862,8.888889,29.185881,1.653680,22.000000,0.898876
0.166667,1.000000,2.500000,24.428496,1.333333,6.000000,0.714286
0.166667,0.052062,2.250000,29.780578,1.666667,10.000000,0.692308
0.071429,0.648434,1.607143,29.917435,1.918129,19.000000,0.616438
0.071429,0.427030,1.789474,30.000000,1.681319,14.000000,0.641509
0.071429,1.000000,3.882353,26.748277,2.173333,25.000000,0.795181
0.071429,0.461447,1.700000,30.000000,1.681319,14.000000,0.629630
0.166667,0.052062,2.250000,29.780578,1.666667,10.000000,0.692308
0.166667,1.000000,2.500000,24.428496,1.333333,6.000000,0.714286
0.111111,0.002466,3.356164,29.687909,2.259322,60.000000,0.770440
0.071429,0.461447,1.700000,30.000000,1.681319,14.000000,0.629630
0.071429,1.000000,3.882353,26.748277,2.173333,25.000000,0.795181
0.071429,1.000000,3.882353,26.748277,2.173333,25.000000,0.795181
0.071429,0.461447,1.700000,30.000000,1.681319,14.000000,0.629630
0.111111,0.002466,3.356164,29.687909,2.259322,60.000000,0.770440
0.071429,0.648434,1.607143,29.917435,1.918129,19.000000,0.616438
0.071429,0.427030,1.789474,30.000000,1.681319,14.000000,0.641509
0.166667,0.052062,2.250000,29.780578,1.666667,10.000000,0.692308
0.166667,1.000000,2.500000,24.428496,1.333333,6.000000,0.714286
0.071429,0.648434,1.607143,29.917435,1.918129,19.000000,0.616438
0.071429,0.427030,1.789474,30.000000,1.681319,14.000000,0.641509
0.200000,0.464010,3.000000,26.731561,1.642857,8.000000,0.750000
0.066667,0.645066,4.305556,30.000000,1.877193,39.000000,0.811518
0.066667,0.272594,1.820000,29.582034,1.623377,22.000000,0.645390
0.066667,0.284271,1.800000,30.000000,1.602941,17.000000,0.642857
0.250000,0.062338,2.750000,30.000000,1.266667,6.000000,0.733333
0.200000,0.045189,1.888889,26.250000,1.428571,8.000000,0.653846
0.033333,0.123935,2.500000,29.086272,1.985775,38.000000,0.714286
0.033333,0.229430,2.380952,29.180816,2.050403,32.000000,0.704225
0.100000,0.123935,2.500000,29.086272,1.985775,38.000000,0.714286
0.100000,0.123935,2.500000,29.086272,1.985775,38.000000,0.714286
0.033333,0.123935,2.500000,29.086272,1.985775,38.000000,0.714286
0.033333,0.229430,2.380952,29.180816,2.050403,32.000000,0.704225
0.111111,0.012876,3.200000,26.249984,1.611111,9.000000,0.761905
0.111111,0.449391,2.833333,26.666667,1.583333,9.000000,0.739130
0.111111,0.136091,3.356164,29.944106,2.259322,60.000000,0.770440
0.111111,0.449391,2.833333,26.666667,1.583333,9.000000,0.739130
0.111111,0.136091,3.356164,29.944106,2.259322,60.000000,0.770440
0.111111,0.067243,3.090909,28.125000,1.783333,16.000000,0.755556
0.024390,0.350932,3.321429,29.359878,1.828350,43.000000,0.768595
0.024390,0.666609,2.479452,29.382404,1.860976,41.000000,0.712598
0.029412,0.484123,2.285714,29.715075,1.816399,34.000000,0.695652
0.029412,0.700049,5.958333,29.561939,1.904202,35.000000,0.856287
0.142857,0.491706,2.512821,29.808198,1.857143,43.000000,0.715328
0.058824,0.660929,2.727273,28.949054,1.842308,40.000000,0.731707
0.041667,0.562930,1.600000,30.000000,2.097826,24.000000,0.615385
0.041667,0.634823,3.228571,28.303557,1.686154,26.000000,0.763514
0.029412,0.484123,2.285714,29.715075,1.816399,34.000000,0.695652
0.029412,0.700049,5.958333,29.561939,1.904202,35.000000,0.856287
0.125000,0.274980,2.136364,29.813688,1.732026,18.000000,0.681159
0.125000,0.939153,2.136364,29.813688,1.732026,18.000000,0.681159
0.055556,0.187790,2.213483,30.000000,1.874207,44.000000,0.688811
0.055556,0.278110,1.923077,28.495868,1.673203,18.000000,0.657895
0.062500,1.000000,1.724138,30.000000,1.968421,20.000000,0.632911
0.062500,0.339090,1.352941,25.263952,1.912281,19.000000,0.575000
0.062500,1.000000,1.724138,30.000000,1.968421,20.000000,0.632911
0.062500,0.339090,1.352941,25.263952,1.912281,19.000000,0.575000
0.052632,0.410853,1.500000,28.729013,1.725146,19.000000,0.600000
0.052632,0.339090,1.352941,25.263952,1.912281,19.000000,0.575000
0.052632,0.410853,1.500000,28.729013,1.725146,19.000000,0.600000
0.052632,0.339090,1.352941,25.263952,1.912281,19.000000,0.575000
0.090909,0.381265,1.642857,24.420631,1.672727,11.000000,0.621622
0.066667,1.000000,3.111111,30.000000,1.971429,15.000000,0.756757
0.066667,0.425329,2.275862,28.285685,1.893281,23.000000,0.694737
0.100000,0.614988,4.375000,28.606561,1.941667,16.000000,0.813953
0.125000,0.652613,4.700000,21.636856,2.513834,23.000000,0.824561
0.125000,1.000000,1.538462,28.428879,1.666667,10.000000,0.606061
0.100000,0.432787,2.666667,29.909613,1.511111,10.000000,0.727273
0.100000,0.511646,3.611111,28.290094,2.484330,27.000000,0.783133
0.100000,0.614988,4.375000,28.606561,1.941667,16.000000,0.813953
0.200000,1.000000,2.000000,29.506229,1.766667,25.000000,0.666667
0.066667,0.004219,1.571429,24.746151,1.723810,15.000000,0.611111
0.066667,1.000000,2.575758,30.000000,2.041379,30.000000,0.720339
0.066667,0.004219,1.571429,24.746151,1.723810,15.000000,0.611111
0.066667,1.000000,2.575758,30.000000,2.041379,30.000000,0.720339
0.200000,1.000000,2.741935,28.187909,2.041379,30.000000,0.732759
0.111111,0.380478,2.476190,28.630116,2.078947,20.000000,0.712329
0.111111,0.577078,2.233333,28.467880,1.793846,26.000000,0.690722
0.111111,0.380478,2.476190,28.630116,2.078947,20.000000,0.712329
0.055556,1.000000,1.513514,27.041326,1.757895,20.000000,0.602151
0.055556,1.000000,1.257143,30.000000,1.908497,18.000000,0.556962
0.100000,0.027708,4.761905,28.523878,1.907493,47.000000,0.826446
0.100000,0.109109,2.111111,30.000000,1.688889,10.000000,0.678571
0.125000,0.019608,1.833333,30.000000,1.750000,8.000000,0.647059
0.050000,0.159851,2.433333,30.000000,1.700000,20.000000,0.708738
0.047619,0.312030,1.654321,28.933497,1.926923,40.000000,0.623256
0.047619,0.312030,1.654321,28.933497,1.926923,40.000000,0.623256
0.200000,0.008333,1.666667,26.928072,1.500000,5.000000,0.625000
0.200000,0.104104,1.436782,24.745441,1.941176,34.000000,0.589623
0.050000,0.159851,2.433333,30.000000,1.700000,20.000000,0.708738
0.250000,1.000000,1.377778,30.000000,1.837945,23.000000,0.579439
0.071429,0.266759,1.595238,25.372366,1.913420,22.000000,0.614679
0.071429,0.292072,2.384615,29.041741,1.941667,16.000000,0.704545
0.058824,0.603716,1.720930,25.898664,2.052308,26.000000,0.632479
0.071429,0.292072,2.384615,29.041741,1.941667,16.000000,0.704545
0.071429,0.266759,1.595238,25.372366,1.913420,22.000000,0.614679
0.250000,0.603716,1.720930,25.898664,2.052308,26.000000,0.632479
0.090909,0.248870,1.558140,26.192849,1.913420,22.000000,0.609091
0.090909,1.000000,1.642857,24.420631,1.672727,11.000000,0.621622
0.050000,0.266759,1.595238,25.372366,1.913420,22.000000,0.614679
0.066667,0.266759,1.595238,25.372366,1.913420,22.000000,0.614679
0.066667,0.249072,2.187500,30.000000,1.742857,15.000000,0.686275
0.066667,0.266759,1.595238,25.372366,1.913420,22.000000,0.614679
0.066667,0.249072,2.187500,30.000000,1.742857,15.000000,0.686275
0.250000,1.000000,2.160000,29.837045,1.896552,30.000000,0.683544
0.142857,0.303265,3.333333,24.042933,1.523810,7.000000,0.769231
0.142857,0.763559,1.692308,30.000000,1.388889,9.000000,0.628571
0.076923,0.119810,1.333333,30.000000,1.833333,13.000000,0.571429
0.076923,0.107535,2.714286,27.298221,1.874644,27.000000,0.730769
0.125000,1.000000,1.833333,19.873193,1.750000,8.000000,0.647059
0.100000,1.000000,2.230769,26.381464,1.621212,12.000000,0.690476
0.083333,0.421125,2.181818,29.739171,1.757576,12.000000,0.685714
0.083333,1.000000,2.857143,26.161886,1.670330,14.000000,0.740741
0.125000,0.001171,2.142857,26.250000,1.500000,8.000000,0.681818
0.058824,0.547674,1.352941,25.263952,1.912281,19.000000,0.575000
0.027778,0.113282,4.037037,26.090663,2.439545,38.000000,0.801471
0.027778,0.355851,3.150000,29.163425,1.974390,41.000000,0.759036
0.076923,0.004115,1.607843,30.000000,1.920228,27.000000,0.616541
0.076923,0.604520,1.500000,20.252143,1.666667,13.000000,0.600000
0.076923,0.004115,1.607843,30.000000,1.920228,27.000000,0.616541
0.076923,0.604520,1.500000,20.252143,1.666667,13.000000,0.600000
0.200000,1.000000,1.571429,30.000000,1.266667,6.000000,0.611111
0.125000,0.330754,1.862069,30.000000,1.909091,22.000000,0.650602
0.250000,0.904938,3.500000,30.000000,1.333333,7.000000,0.777778
0.125000,0.532265,1.736842,25.649084,2.024615,26.000000,0.634615
0.125000,0.330754,1.862069,30.000000,1.909091,22.000000,0.650602
0.125000,0.330754,1.862069,30.000000,1.909091,22.000000,0.650602
0.125000,0.140912,2.000000,29.081685,1.357143,8.000000,0.666667
0.125000,0.152582,1.210526,22.539978,1.848485,12.000000,0.547619
0.166667,0.367766,1.394737,28.571429,1.861905,21.000000,0.582418
0.166667,0.099381,1.956522,30.000000,1.669118,17.000000,0.661765
0.125000,0.172331,1.666667,24.046393,1.551282,13.000000,0.625000
0.125000,0.172331,1.666667,24.046393,1.551282,13.000000,0.625000
0.066667,0.152772,2.200000,21.698047,1.742857,15.000000,0.687500
0.066667,1.000000,1.392857,26.615137,1.841667,16.000000,0.582090
0.076923,0.098940,1.254545,24.521415,1.876923,26.000000,0.556452
0.076923,0.061393,1.263158,30.000000,1.833333,13.000000,0.558140
0.038462,0.098940,1.254545,24.521415,1.876923,26.000000,0.556452
0.038462,0.163280,1.800000,30.000000,1.723077,26.000000,0.642857
0.076923,0.098940,1.254545,24.521415,1.876923,26.000000,0.556452
0.076923,1.000000,2.095238,29.176154,1.448718,13.000000,0.676923
0.038462,0.098940,1.254545,24.521415,1.876923,26.000000,0.556452
0.038462,0.163280,1.800000,30.000000,1.723077,26.000000,0.642857
0.038462,0.098940,1.254545,24.521415,1.876923,26.000000,0.556452
0.038462,0.163280,1.800000,30.000000,1.723077,26.000000,0.642857
0.142857,0.433504,1.357143,28.569034,1.857143,22.000000,0.575758
0.166667,0.101481,1.188679,19.811941,1.887681,24.000000,0.543103
0.052632,0.101481,1.188679,19.811941,1.887681,24.000000,0.543103
0.052632,0.108756,3.235294,29.917435,1.801170,19.000000,0.763889
0.090909,0.713684,2.333333,30.000000,1.545455,11.000000,0.700000
0.076923,0.148040,1.520000,27.692308,1.576923,13.000000,0.603175
0.083333,0.381188,1.633333,23.116308,1.742690,19.000000,0.620253
0.066667,0.284687,3.111111,26.786548,1.973573,44.000000,0.756757
0.066667,0.000000,2.500000,29.480580,1.714286,15.000000,0.714286
0.090909,0.489040,1.718750,30.000000,1.795238,21.000000,0.632184
0.076923,1.000000,2.000000,30.000000,1.626374,14.000000,0.666667
0.076923,1.000000,1.304348,30.000000,1.679487,13.000000,0.566038
0.083333,0.519969,1.476190,27.500000,1.560606,12.000000,0.596154
0.083333,0.778190,2.156250,29.220252,2.108262,27.000000,0.683168
0.111111,0.575536,1.925926,29.950123,1.852632,20.000000,0.658228
0.090909,0.519969,1.476190,27.500000,1.560606,12.000000,0.596154
0.090909,0.372228,1.675000,14.757517,2.036923,26.000000,0.626168
0.142857,0.581240,1.750000,25.714286,1.333333,7.000000,0.636364
0.142857,1.000000,6.028571,28.889174,1.789590,43.000000,0.857724
0.045455,0.284687,3.111111,26.786548,1.973573,44.000000,0.756757
0.045455,1.000000,2.333333,30.000000,1.822511,22.000000,0.700000
0.052632,0.281688,2.263158,21.476487,1.984211,20.000000,0.693548
0.052632,1.000000,6.250000,28.292110,1.789174,27.000000,0.862069
0.043478,1.000000,2.051282,28.850060,2.144019,42.000000,0.672269
0.043478,1.000000,1.109091,22.832190,1.873188,24.000000,0.525862
0.083333,1.000000,2.065789,30.000000,2.024359,40.000000,0.673820
0.040000,0.360982,2.687500,20.472615,2.104839,32.000000,0.728814
0.040000,0.413419,2.826087,29.305567,1.783333,25.000000,0.738636
0.058824,1.000000,2.157895,29.951910,2.114983,42.000000,0.683333
0.166667,1.000000,3.000000,28.918328,1.400000,6.000000,0.750000
0.166667,1.000000,2.328358,29.648748,2.001350,39.000000,0.699552
0.071429,0.126050,3.222222,29.845027,1.736264,14.000000,0.763158
0.071429,1.000000,1.521739,20.627054,1.708333,16.000000,0.603448
0.250000,1.000000,1.448276,30.000000,1.647619,15.000000,0.591549
0.166667,1.000000,2.328358,29.648748,2.001350,39.000000,0.699552
0.166667,1.000000,3.000000,28.918328,1.400000,6.000000,0.750000
0.166667,1.000000,2.000000,29.269898,2.144019,42.000000,0.666667
0.043478,1.000000,1.109091,22.832190,1.873188,24.000000,0.525862
0.043478,1.000000,2.051282,28.850060,2.144019,42.000000,0.672269
0.250000,1.000000,1.448276,30.000000,1.647619,15.000000,0.591549
0.100000,1.000000,1.987342,30.000000,2.024359,40.000000,0.665254
0.083333,1.000000,2.065789,30.000000,2.024359,40.000000,0.673820
0.062500,0.416693,2.696970,22.412534,2.121212,33.000000,0.729508
0.062500,1.000000,1.521739,20.627054,1.708333,16.000000,0.603448
0.058824,1.000000,2.157895,29.951910,2.114983,42.000000,0.683333
0.031250,1.000000,2.065789,29.774003,2.024359,40.000000,0.673820
0.031250,0.132581,2.021739,28.560183,2.022177,32.000000,0.669065
0.100000,1.000000,1.987342,30.000000,2.024359,40.000000,0.665254
0.166667,1.000000,2.000000,29.269898,2.144019,42.000000,0.666667
0.031250,1.000000,2.065789,29.774003,2.024359,40.000000,0.673820
0.031250,0.132581,2.021739,28.560183,2.022177,32.000000,0.669065
0.058824,0.418481,1.678571,30.000000,1.742647,17.000000,0.626667
0.058824,1.000000,2.168831,29.302326,2.125138,43.000000,0.684426
0.058824,0.418481,1.678571,30.000000,1.742647,17.000000,0.626667
0.058824,1.000000,2.168831,29.302326,2.125138,43.000000,0.684426
0.058824,0.418481,1.678571,30.000000,1.742647,17.000000,0.626667
0.058824,1.000000,2.168831,29.302326,2.125138,43.000000,0.684426
0.058824,0.418481,1.678571,30.000000,1.742647,17.000000,0.626667
0.058824,1.000000,2.168831,29.302326,2.125138,43.000000,0.684426
0.071429,0.639136,1.666667,12.740685,1.795322,19.000000,0.625000
0.111111,0.639136,1.666667,12.740685,1.795322,19.000000,0.625000
0.111111,0.906342,6.000000,21.447373,2.114286,15.000000,0.857143
0.100000,0.314573,1.351852,27.636803,1.844203,24.000000,0.574803
0.250000,0.688563,3.333333,27.211438,1.619048,7.000000,0.769231
0.142857,0.222268,1.896552,29.463566,1.678363,19.000000,0.654762
0.142857,1.000000,2.000000,21.428571,1.428571,7.000000,0.666667
0.200000,0.732065,2.333333,28.350502,1.300000,5.000000,0.700000
0.047619,0.000000,2.576923,24.282892,1.924901,23.000000,0.720430
0.250000,1.000000,1.636364,8.090786,1.454545,12.000000,0.620690
0.200000,0.858386,1.904762,28.617432,1.816176,17.000000,0.655738
0.166667,1.000000,3.333333,30.000000,1.321429,8.000000,0.769231
0.166667,1.000000,1.090909,16.634997,1.476190,7.000000,0.521739
0.166667,1.000000,3.333333,30.000000,1.321429,8.000000,0.769231
0.166667,1.000000,1.090909,16.634997,1.476190,7.000000,0.521739
0.071429,0.008130,1.285714,29.308040,1.824176,14.000000,0.562500
0.125000,0.145008,1.628571,28.978102,1.952569,23.000000,0.619565
0.038462,0.187595,1.376344,29.114620,1.818548,32.000000,0.579186
0.166667,1.000000,3.333333,30.000000,1.321429,8.000000,0.769231
0.166667,1.000000,1.090909,16.634997,1.476190,7.000000,0.521739
0.066667,0.942709,2.081081,28.973908,1.849231,26.000000,0.675439
0.166667,1.000000,1.800000,30.000000,1.400000,6.000000,0.642857
0.142857,1.000000,1.800000,30.000000,1.681818,12.000000,0.642857
0.125000,0.268732,3.100000,28.618951,2.094474,34.000000,0.756098
0.052632,0.144327,9.500000,28.972635,1.584795,19.000000,0.904762
0.052632,0.147571,3.100000,28.618951,2.094474,34.000000,0.756098
0.250000,0.024590,1.750000,30.000000,1.692308,14.000000,0.636364
0.250000,0.024590,1.750000,30.000000,1.692308,14.000000,0.636364
0.250000,0.970303,3.500000,28.750998,1.694444,9.000000,0.777778
0.055556,1.000000,2.500000,30.000000,1.895425,18.000000,0.714286
0.055556,0.019507,3.120482,30.000000,2.264410,62.000000,0.757310
0.055556,0.019507,3.120482,30.000000,2.264410,62.000000,0.757310
0.055556,1.000000,2.500000,30.000000,1.895425,18.000000,0.714286
0.076923,0.338028,4.000000,28.498467,1.666667,13.000000,0.800000
0.076923,1.000000,2.000000,26.746398,1.846154,13.000000,0.666667
0.083333,0.420141,2.800000,25.730977,1.695238,15.000000,0.736842
0.100000,0.880778,2.700000,27.000000,1.444444,10.000000,0.729730
0.100000,0.022031,1.618182,30.000000,1.826211,27.000000,0.618056
0.250000,0.050493,2.190476,29.941321,1.661765,17.000000,0.686567
0.200000,1.000000,2.666667,30.000000,1.200000,5.000000,0.727273
0.200000,0.793980,3.166667,27.000000,1.644444,10.000000,0.760000
0.111111,1.000000,1.888889,23.241203,1.583333,9.000000,0.653846
0.111111,1.000000,1.230769,27.049121,1.794466,23.000000,0.551724
0.111111,0.011858,3.125000,29.811975,2.006154,26.000000,0.757576
0.200000,0.020591,1.714286,25.527435,1.533333,10.000000,0.631579
0.200000,0.284704,3.000000,30.000000,1.100000,5.000000,0.750000
0.100000,0.027440,4.733333,29.338407,1.917517,49.000000,0.825581
0.090909,0.094668,2.333333,28.297685,1.690909,11.000000,0.700000
0.090909,0.963091,2.166667,30.000000,1.774892,22.000000,0.684211
0.047619,1.000000,1.230769,27.049121,1.794466,23.000000,0.551724
0.047619,0.069828,3.388889,29.397054,1.861905,21.000000,0.772152
0.083333,0.767080,3.583333,29.468243,1.742647,17.000000,0.781818
0.090909,0.094668,2.333333,28.297685,1.690909,11.000000,0.700000
0.090909,0.963091,2.166667,30.000000,1.774892,22.000000,0.684211
0.142857,0.019920,2.400000,28.886957,1.428571,7.000000,0.705882
0.083333,0.767080,3.583333,29.468243,1.742647,17.000000,0.781818
0.062500,0.240310,1.782609,26.938040,1.658333,16.000000,0.640625
0.062500,0.027888,2.916667,28.432167,1.708333,16.000000,0.744681
0.062500,0.252311,3.478261,25.138072,2.021259,49.000000,0.776699
0.045455,0.252311,3.478261,25.138072,2.021259,49.000000,0.776699
0.083333,0.437468,2.454545,29.017861,1.666667,12.000000,0.710526
0.076923,0.197049,2.550000,29.989833,1.865497,19.000000,0.718310
0.090909,0.152960,1.983051,29.142857,2.124370,35.000000,0.664773
0.090909,0.034309,3.333333,29.673210,1.704762,15.000000,0.769231
0.066667,0.659534,3.629630,28.078829,1.735507,24.000000,0.784000
0.066667,0.030978,1.950000,27.968739,1.628571,15.000000,0.661017
0.125000,0.232757,2.416667,29.424938,1.990148,29.000000,0.707317
0.166667,0.806579,1.692308,30.000000,1.600000,11.000000,0.628571
0.090909,0.152960,1.983051,29.142857,2.124370,35.000000,0.664773
0.071429,0.659534,3.629630,28.078829,1.735507,24.000000,0.784000
0.071429,0.428993,8.750000,30.000000,1.615385,14.000000,0.897436
0.090909,0.034309,3.333333,29.673210,1.704762,15.000000,0.769231
0.071429,0.428993,8.750000,30.000000,1.615385,14.000000,0.897436
0.071429,0.659534,3.629630,28.078829,1.735507,24.000000,0.784000
0.125000,1.000000,3.500000,30.000000,1.571429,8.000000,0.777778
0.125000,0.380252,3.166667,30.000000,2.256528,63.000000,0.760000
0.125000,0.380252,3.166667,30.000000,2.256528,63.000000,0.760000
0.125000,1.000000,3.500000,30.000000,1.571429,8.000000,0.777778
0.166667,1.000000,5.500000,30.000000,1.266667,6.000000,0.846154
0.142857,0.237711,1.727273,30.000000,1.095238,7.000000,0.633333
0.142857,0.081013,1.436782,24.745441,1.941176,34.000000,0.589623
0.083333,0.811518,1.259259,23.701305,1.602564,13.000000,0.557377
0.083333,0.003891,3.857143,28.487177,1.590909,12.000000,0.794118
0.111111,1.000000,2.833333,30.000000,1.733333,10.000000,0.739130
0.111111,0.195305,2.857143,28.235294,1.764706,17.000000,0.740741
0.125000,0.811518,1.259259,23.701305,1.602564,13.000000,0.557377
0.125000,0.003891,6.500000,30.000000,1.607143,8.000000,0.866667
0.083333,0.370407,2.363636,24.561254,1.696970,12.000000,0.702703
0.083333,0.370407,2.363636,24.561254,1.696970,12.000000,0.702703
0.200000,0.023810,1.617021,29.853388,1.873846,26.000000,0.617886
0.125000,0.000000,5.500000,26.884289,1.666667,12.000000,0.846154
0.111111,1.000000,5.000000,26.677772,1.555556,10.000000,0.833333
0.111111,0.457011,2.125000,28.708280,1.777778,10.000000,0.680000
0.142857,0.479570,1.666667,25.714286,1.571429,7.000000,0.625000
0.142857,1.000000,3.600000,30.000000,1.600000,10.000000,0.782609
0.066667,0.199854,1.689655,23.114058,1.800000,20.000000,0.628205
0.200000,1.000000,2.000000,30.000000,1.400000,5.000000,0.666667
0.200000,0.686036,3.181818,27.087424,1.742857,15.000000,0.760870
0.125000,0.776172,2.500000,30.000000,1.464286,8.000000,0.714286
0.200000,0.686036,3.181818,27.087424,1.742857,15.000000,0.760870
0.200000,1.000000,2.000000,30.000000,1.400000,5.000000,0.666667
0.071429,0.567159,1.675000,14.757517,2.036923,26.000000,0.626168
0.076923,1.000000,2.285714,30.000000,1.589744,13.000000,0.695652
0.200000,0.751711,1.675000,14.757517,2.036923,26.000000,0.626168
0.111111,0.003891,1.909091,30.000000,1.416667,9.000000,0.656250
0.111111,0.301497,1.717391,29.892071,2.027094,29.000000,0.632000
0.038462,0.751711,1.675000,14.757517,2.036923,26.000000,0.626168
0.038462,0.074646,1.800000,30.000000,1.723077,26.000000,0.642857
0.038462,0.751711,1.675000,14.757517,2.036923,26.000000,0.626168
0.038462,0.074646,1.800000,30.000000,1.723077,26.000000,0.642857
0.090909,0.803667,2.250000,26.951882,1.509091,11.000000,0.692308
0.166667,0.406761,2.750000,25.000000,1.266667,6.000000,0.733333
0.038462,0.751711,1.675000,14.757517,2.036923,26.000000,0.626168
0.038462,0.074646,1.800000,30.000000,1.723077,26.000000,0.642857
0.066667,0.751711,1.675000,14.757517,2.036923,26.000000,0.626168
0.066667,0.300477,1.950000,27.650623,1.628571,15.000000,0.661017
0.071429,1.000000,3.809524,28.910520,1.739130,24.000000,0.792079
0.200000,0.202054,2.239130,29.877469,2.026738,34.000000,0.691275
0.200000,0.202054,2.239130,29.877469,2.026738,34.000000,0.691275
0.166667,0.597504,11.000000,27.545725,1.266667,6.000000,0.916667
0.166667,0.233339,2.458333,25.460839,2.000000,23.000000,0.710843
0.090909,0.326488,1.285714,28.666667,1.814286,21.000000,0.562500
0.058824,0.941096,1.632653,25.714371,2.026455,28.000000,0.620155
0.058824,1.000000,3.933333,30.000000,1.580882,17.000000,0.797297
0.090909,0.326488,1.285714,28.666667,1.814286,21.000000,0.562500
0.090909,0.326488,1.285714,28.666667,1.814286,21.000000,0.562500
0.090909,0.326488,1.285714,28.666667,1.814286,21.000000,0.562500
0.111111,0.742424,2.576923,22.807275,1.924901,23.000000,0.720430
0.111111,0.167715,1.800000,20.444546,1.500000,9.000000,0.642857
0.058824,0.795418,2.343750,28.093433,1.930000,25.000000,0.700935
0.058824,0.036915,2.142857,30.000000,1.727941,17.000000,0.681818
0.052632,0.744221,2.576923,27.446783,1.924901,23.000000,0.720430
0.058824,0.795418,2.343750,28.093433,1.930000,25.000000,0.700935
0.058824,0.036915,2.142857,30.000000,1.727941,17.000000,0.681818
0.200000,0.666808,1.571429,25.562146,1.758242,14.000000,0.611111
0.200000,1.000000,2.000000,30.000000,1.000000,5.000000,0.666667
0.090909,0.038158,1.714286,27.272727,1.618182,11.000000,0.631579
0.090909,0.346606,3.269231,29.029084,1.821538,26.000000,0.765766
0.125000,0.107353,3.700000,30.000000,1.780952,15.000000,0.787234
0.142857,0.017378,1.730769,30.000000,1.538462,14.000000,0.633803
0.076923,0.058931,2.250000,29.167700,1.782258,32.000000,0.692308
0.076923,0.048488,2.153846,25.009863,1.756410,13.000000,0.682927
0.076923,0.494762,1.547170,30.000000,1.920228,27.000000,0.607407
0.071429,0.070340,2.250000,30.000000,2.156085,28.000000,0.692308
0.076923,0.494762,1.547170,30.000000,1.920228,27.000000,0.607407
0.071429,0.133805,2.250000,30.000000,2.156085,28.000000,0.692308
0.066667,1.000000,1.571429,27.401125,1.723810,15.000000,0.611111
0.066667,0.024590,2.157895,30.000000,1.783069,28.000000,0.683333
0.090909,0.011858,1.837838,29.934636,1.869565,24.000000,0.647619
0.090909,0.804513,1.529412,22.001572,1.527273,11.000000,0.604651
0.033333,0.116627,1.448276,28.330545,2.117241,30.000000,0.591549
0.033333,0.537404,2.678571,30.000000,2.223699,43.000000,0.728155
0.076923,0.453084,1.923077,28.125000,1.691667,16.000000,0.657895
0.076923,0.942314,1.800000,30.000000,1.723077,26.000000,0.642857
0.200000,1.000000,2.333333,22.128009,1.300000,5.000000,0.700000
0.200000,0.978100,1.800000,30.000000,1.723077,26.000000,0.642857
0.200000,1.000000,2.333333,22.128009,1.300000,5.000000,0.700000
0.200000,0.978100,1.800000,30.000000,1.723077,26.000000,0.642857
0.076923,0.453084,1.923077,28.125000,1.691667,16.000000,0.657895
0.076923,0.942314,1.800000,30.000000,1.723077,26.000000,0.642857
0.071429,1.000000,2.678571,23.804382,2.223699,43.000000,0.728155
0.071429,0.585467,1.607143,30.000000,1.538462,14.000000,0.616438
0.200000,1.000000,2.333333,22.128009,1.300000,5.000000,0.700000
0.200000,0.978100,1.800000,30.000000,1.723077,26.000000,0.642857
0.200000,1.000000,2.678571,23.804382,2.223699,43.000000,0.728155
0.200000,1.000000,2.333333,30.000000,1.300000,5.000000,0.700000
0.033333,0.537404,2.678571,30.000000,2.223699,43.000000,0.728155
0.033333,0.116627,1.448276,28.330545,2.117241,30.000000,0.591549
0.076923,0.942314,1.800000,30.000000,1.723077,26.000000,0.642857
0.076923,0.453084,1.923077,28.125000,1.691667,16.000000,0.657895
0.033333,1.000000,2.678571,30.000000,2.223699,43.000000,0.728155
0.033333,0.116627,1.448276,28.330545,2.117241,30.000000,0.591549
0.033333,0.537404,2.678571,30.000000,2.223699,43.000000,0.728155
0.033333,0.116627,1.448276,28.330545,2.117241,30.000000,0.591549
0.250000,0.504775,1.600000,28.877043,1.876923,26.000000,0.615385
0.100000,0.083854,1.851852,29.670197,1.945565,32.000000,0.649351
0.071429,1.000000,2.684211,27.072630,2.023392,19.000000,0.728571
0.071429,0.019011,1.735294,30.000000,1.979365,36.000000,0.634409
0.062500,0.581892,2.038462,29.486352,1.805263,20.000000,0.670886
0.062500,0.601587,2.325581,28.813576,1.830688,28.000000,0.699301
0.062500,1.000000,2.192308,27.157580,1.842105,20.000000,0.686747
0.062500,0.232432,1.782609,29.864399,1.658333,16.000000,0.640625
0.250000,0.504775,1.600000,28.877043,1.876923,26.000000,0.615385
0.100000,0.083854,1.851852,29.670197,1.945565,32.000000,0.649351
0.100000,1.000000,1.428571,21.000828,1.622222,10.000000,0.588235
0.100000,1.000000,2.181818,28.593518,1.757353,17.000000,0.685714
0.071429,0.019011,1.735294,30.000000,1.979365,36.000000,0.634409
0.071429,1.000000,2.684211,27.072630,2.023392,19.000000,0.728571
0.100000,1.000000,1.428571,21.000828,1.622222,10.000000,0.588235
0.100000,1.000000,2.181818,28.593518,1.757353,17.000000,0.685714
0.062500,1.000000,2.192308,27.157580,1.842105,20.000000,0.686747
0.062500,0.232432,1.782609,29.864399,1.658333,16.000000,0.640625
0.142857,0.711097,1.789474,30.000000,1.865613,23.000000,0.641509
0.222222,0.337527,1.520000,30.000000,1.873846,26.000000,0.603175
0.111111,0.003922,1.512821,28.413224,1.885375,23.000000,0.602041
0.058824,0.029197,1.382353,30.000000,1.857143,22.000000,0.580247
0.142857,1.000000,3.000000,30.000000,1.500000,9.000000,0.750000
0.142857,0.499322,2.000000,21.457808,1.428571,7.000000,0.666667
0.058824,0.029197,1.382353,30.000000,1.857143,22.000000,0.580247
0.058824,0.029197,1.382353,30.000000,1.857143,22.000000,0.580247
0.200000,0.015873,2.000000,24.000000,1.400000,5.000000,0.666667
0.125000,0.937850,1.600000,23.386059,1.428571,8.000000,0.615385
0.125000,0.864716,2.205128,29.992273,1.740000,25.000000,0.688000
0.083333,0.022396,2.071429,27.821040,1.560606,12.000000,0.674419
0.166667,0.015748,2.500000,24.469233,1.571429,7.000000,0.714286
0.200000,0.418162,3.000000,28.810001,1.583333,9.000000,0.750000
0.111111,0.767952,2.375000,29.678643,1.500000,9.000000,0.703704
0.111111,0.767952,2.375000,29.678643,1.500000,9.000000,0.703704
0.111111,0.767952,2.375000,29.678643,1.500000,9.000000,0.703704
0.111111,0.315626,2.107143,29.077255,1.897233,23.000000,0.678161
0.111111,0.315626,2.107143,29.077255,1.897233,23.000000,0.678161
0.111111,0.315626,2.107143,29.077255,1.897233,23.000000,0.678161
0.111111,1.000000,1.656250,30.000000,1.690058,19.000000,0.623529
0.090909,0.054180,1.695652,29.319917,1.823529,17.000000,0.629032
0.090909,0.217656,2.833333,26.819349,2.036364,11.000000,0.739130
0.125000,0.050269,1.695652,27.320444,1.823529,17.000000,0.629032
0.125000,0.369314,2.166667,18.623300,1.607143,8.000000,0.684211
0.200000,0.217656,2.833333,26.819349,2.036364,11.000000,0.739130
0.200000,0.011673,7.000000,24.395001,1.300000,5.000000,0.875000
0.111111,1.000000,1.600000,28.515069,1.875000,17.000000,0.615385
0.142857,0.774166,1.303030,28.714740,1.852941,17.000000,0.565789
0.142857,0.003891,2.652174,28.138932,2.110672,23.000000,0.726190
0.142857,0.352716,2.500000,30.000000,1.619048,7.000000,0.714286
0.250000,0.169441,1.283582,27.626861,2.019355,31.000000,0.562092
0.100000,1.000000,1.384615,23.072489,1.628205,13.000000,0.580645
0.111111,1.000000,2.666667,26.666667,1.666667,9.000000,0.727273
0.111111,0.540382,2.891304,30.000000,2.256528,63.000000,0.743017
0.111111,0.540382,2.891304,30.000000,2.256528,63.000000,0.743017
0.111111,1.000000,2.666667,26.666667,1.666667,9.000000,0.727273
0.250000,0.399493,2.111111,28.810001,1.472222,9.000000,0.678571
0.066667,0.534696,2.884615,28.434070,1.789855,24.000000,0.742574
0.066667,0.534696,2.884615,28.434070,1.789855,24.000000,0.742574
0.090909,0.317248,1.731707,30.000000,1.981417,42.000000,0.633929
0.142857,0.152214,1.583333,25.435174,1.644444,10.000000,0.612903
0.111111,1.000000,2.518519,29.262978,2.113960,27.000000,0.715789
0.111111,0.788786,5.000000,26.243121,1.500000,9.000000,0.833333
0.090909,0.317248,1.731707,30.000000,1.981417,42.000000,0.633929
0.090909,0.317248,1.731707,30.000000,1.981417,42.000000,0.633929
0.090909,0.317248,1.731707,30.000000,1.981417,42.000000,0.633929
0.142857,0.152214,1.583333,25.435174,1.644444,10.000000,0.612903
0.200000,0.131083,7.000000,25.351313,1.300000,5.000000,0.875000
0.058824,0.032378,2.451613,29.416103,1.826211,27.000000,0.710280
0.058824,0.260058,1.782609,21.176924,1.882353,17.000000,0.640625
0.100000,0.788766,1.636364,22.969344,1.600000,10.000000,0.620690
0.111111,1.000000,1.388889,27.095061,1.581818,11.000000,0.581395
0.076923,0.172817,1.555556,30.000000,1.692308,13.000000,0.608696
0.076923,0.172817,1.555556,30.000000,1.692308,13.000000,0.608696
0.100000,0.788766,1.636364,22.969344,1.600000,10.000000,0.620690
0.111111,1.000000,1.388889,27.095061,1.581818,11.000000,0.581395
0.200000,0.014828,2.125000,26.586378,1.583333,9.000000,0.680000
0.090909,1.000000,3.142857,23.300764,1.745455,11.000000,0.758621
0.027778,0.000000,7.212121,30.000000,1.872464,46.000000,0.878229
0.027778,0.282957,1.507042,28.986388,2.146032,36.000000,0.601124
0.027778,0.000000,7.212121,30.000000,1.872464,46.000000,0.878229
0.027778,0.282957,1.507042,28.986388,2.146032,36.000000,0.601124
0.125000,0.580631,2.294118,27.858003,1.628571,15.000000,0.696429
0.181818,0.675245,2.906250,25.272541,1.988506,30.000000,0.744000
0.125000,0.637487,2.500000,30.000000,1.285714,8.000000,0.714286
0.125000,1.000000,1.400000,26.250000,1.571429,8.000000,0.583333
0.125000,0.637487,2.500000,30.000000,1.285714,8.000000,0.714286
0.125000,1.000000,1.400000,26.250000,1.571429,8.000000,0.583333
0.125000,1.000000,1.400000,26.250000,1.571429,8.000000,0.583333
0.125000,0.637487,2.500000,30.000000,1.285714,8.000000,0.714286
0.090909,1.000000,2.117647,29.908605,1.670330,14.000000,0.679245
0.200000,1.000000,2.000000,29.406896,1.523810,7.000000,0.666667
0.111111,1.000000,2.857143,27.747016,1.444444,9.000000,0.740741
0.250000,1.000000,2.142857,28.541000,1.583333,9.000000,0.681818
0.076923,0.511995,1.518519,27.373148,1.770000,25.000000,0.602941
0.071429,0.511995,1.518519,27.373148,1.770000,25.000000,0.602941
0.071429,0.284243,1.592593,30.000000,1.527473,14.000000,0.614286
0.076923,0.511995,1.518519,27.373148,1.770000,25.000000,0.602941
0.071429,0.511995,1.518519,27.373148,1.770000,25.000000,0.602941
0.071429,0.284243,1.592593,30.000000,1.527473,14.000000,0.614286
0.047619,0.934837,1.578947,30.000000,2.023715,23.000000,0.612245
0.047619,0.357689,1.896552,27.300868,1.909524,21.000000,0.654762
0.047619,0.934837,1.578947,30.000000,2.023715,23.000000,0.612245
0.047619,0.357689,1.896552,27.300868,1.909524,21.000000,0.654762
0.050000,0.882126,1.319149,30.000000,1.768421,20.000000,0.568807
0.050000,0.357689,1.896552,27.300868,1.909524,21.000000,0.654762
0.111111,0.292592,2.277778,26.843110,1.725000,16.000000,0.694915
0.111111,1.000000,2.833333,30.000000,1.583333,9.000000,0.739130
0.050000,0.882126,1.319149,30.000000,1.768421,20.000000,0.568807
0.050000,0.357689,1.896552,27.300868,1.909524,21.000000,0.654762
0.100000,0.262559,2.636364,30.000000,1.895238,15.000000,0.725000
0.100000,0.241033,2.333333,28.602969,1.855072,24.000000,0.700000
0.100000,0.764663,3.600000,19.230492,1.866667,10.000000,0.782609
0.071429,1.000000,5.076923,29.268293,2.215854,41.000000,0.835443
0.071429,1.000000,1.850000,30.000000,1.593407,14.000000,0.649123
0.071429,1.000000,5.076923,29.268293,2.215854,41.000000,0.835443
0.071429,0.009381,1.850000,30.000000,1.593407,14.000000,0.649123
0.125000,1.000000,1.333333,30.000000,1.794118,17.000000,0.571429
0.071429,0.009381,1.850000,30.000000,1.593407,14.000000,0.649123
0.071429,1.000000,5.076923,29.268293,2.215854,41.000000,0.835443
0.071429,1.000000,1.850000,30.000000,1.593407,14.000000,0.649123
0.071429,1.000000,5.076923,29.268293,2.215854,41.000000,0.835443
0.125000,0.756788,1.333333,30.000000,1.794118,17.000000,0.571429
0.200000,0.147090,2.666667,23.779737,1.904762,21.000000,0.727273
0.066667,0.007812,1.321429,28.736083,1.733333,15.000000,0.569231
0.066667,0.382281,1.333333,29.437949,1.957895,20.000000,0.571429
0.071429,1.000000,2.000000,29.967533,1.648352,14.000000,0.666667
0.035714,0.036352,3.321429,28.807646,1.809524,28.000000,0.768595
0.035714,0.915154,1.587302,29.163637,1.830688,28.000000,0.613497
0.083333,0.174852,2.736842,29.968827,2.094758,32.000000,0.732394
0.083333,0.982310,1.351852,27.636803,1.844203,24.000000,0.574803
0.111111,0.989678,1.271186,29.498615,1.870000,25.000000,0.559701
0.250000,0.982310,1.351852,27.636803,1.844203,24.000000,0.574803
0.125000,1.000000,1.857143,30.000000,1.607143,8.000000,0.650000
0.125000,0.934167,2.375000,29.684045,1.644444,10.000000,0.703704
0.125000,0.934167,2.375000,29.684045,1.644444,10.000000,0.703704
0.125000,1.000000,1.857143,30.000000,1.607143,8.000000,0.650000
0.125000,0.934167,2.375000,29.684045,1.644444,10.000000,0.703704
0.125000,1.000000,1.857143,30.000000,1.607143,8.000000,0.650000
0.083333,0.991414,1.185185,27.347553,1.692308,14.000000,0.542373
0.083333,0.729098,3.878049,28.661920,1.983389,43.000000,0.795000
0.083333,0.991414,1.185185,27.347553,1.692308,14.000000,0.542373
0.083333,0.225817,3.608696,27.579822,2.008547,27.000000,0.783019
0.062500,0.964724,1.293103,28.897283,1.870000,25.000000,0.563910
0.062500,0.563453,1.640000,24.570233,1.658333,16.000000,0.621212
0.125000,1.000000,2.142857,29.649787,1.500000,8.000000,0.681818
0.125000,0.518879,1.292683,29.990801,1.861905,21.000000,0.563830
0.090909,0.280812,1.303030,26.753011,2.019355,31.000000,0.565789
0.250000,0.732690,1.611111,26.875614,1.681319,14.000000,0.617021
0.090909,0.280812,1.303030,26.753011,2.019355,31.000000,0.565789
0.166667,1.000000,2.785714,29.058819,1.713235,17.000000,0.735849
0.125000,0.300700,2.729730,28.926228,2.131746,36.000000,0.731884
0.071429,0.387961,1.131579,25.773503,1.638095,15.000000,0.530864
0.166667,1.000000,1.642857,22.516809,1.581818,11.000000,0.621622
0.076923,1.000000,1.571429,25.562146,1.758242,14.000000,0.611111
0.076923,0.101014,2.156250,28.997245,2.108262,27.000000,0.683168
0.200000,0.259875,1.750000,26.733568,1.764706,18.000000,0.636364
0.200000,0.753066,6.000000,30.000000,1.400000,5.000000,0.857143
0.076923,1.000000,1.612903,22.440415,1.859649,19.000000,0.617284
0.166667,0.003953,2.333333,28.775580,1.533333,6.000000,0.700000
0.166667,1.000000,3.214286,28.500003,1.905263,20.000000,0.762712
0.076923,0.188014,2.000000,28.360044,1.619048,21.000000,0.666667
0.076923,0.257072,1.800000,30.000000,1.966132,34.000000,0.642857
0.083333,0.680236,3.857143,27.085381,1.681818,12.000000,0.794118
0.083333,0.821528,1.961538,29.552290,1.666667,18.000000,0.662338
0.076923,0.257072,1.800000,30.000000,1.966132,34.000000,0.642857
0.250000,0.904792,1.354839,30.000000,1.560440,14.000000,0.575342
0.083333,1.000000,1.846154,27.899435,1.816667,25.000000,0.648649
0.250000,1.000000,2.372093,29.097521,1.811494,30.000000,0.703448
0.090909,1.000000,2.250000,29.909315,1.527273,11.000000,0.692308
0.090909,1.000000,2.125000,28.080413,1.533333,15.000000,0.680000
0.071429,1.000000,1.800000,28.140841,1.816667,25.000000,0.642857
0.045455,0.148276,1.137255,29.051187,1.930736,22.000000,0.532110
0.045455,0.609101,3.160000,30.000000,2.022792,27.000000,0.759615
0.062500,0.547268,1.454545,20.563845,1.975000,16.000000,0.592593
0.062500,1.000000,1.892857,29.911173,1.928571,21.000000,0.654321
0.052632,0.007812,3.321429,28.807646,1.809524,28.000000,0.768595
0.052632,1.000000,1.923077,30.000000,1.824561,19.000000,0.657895
0.062500,0.684390,4.651163,28.587377,1.907493,47.000000,0.823045
0.062500,1.000000,1.640000,24.570233,1.658333,16.000000,0.621212
0.062500,0.029063,1.420455,24.942981,1.941176,34.000000,0.586854
0.062500,1.000000,1.640000,24.570233,1.658333,16.000000,0.621212
0.142857,0.432213,2.000000,30.000000,1.523810,7.000000,0.666667
0.166667,1.000000,4.666667,30.000000,2.055556,9.000000,0.823529
0.166667,1.000000,4.666667,30.000000,2.055556,9.000000,0.823529
0.066667,0.050806,1.860465,27.999570,1.683794,23.000000,0.650407
0.050000,1.000000,7.700000,28.880412,1.800725,24.000000,0.885057
0.076923,0.000000,2.800000,25.464193,1.512821,13.000000,0.736842
0.050000,1.000000,7.700000,28.880412,1.800725,24.000000,0.885057
0.076923,0.000000,2.800000,25.464193,1.512821,13.000000,0.736842
0.076923,0.000000,2.800000,25.464193,1.512821,13.000000,0.736842
0.052632,0.442503,1.887097,29.157179,1.764113,32.000000,0.653631
0.052632,0.442503,1.887097,29.157179,1.764113,32.000000,0.653631
0.076923,0.000000,2.800000,25.464193,1.512821,13.000000,0.736842
0.076923,0.000000,2.800000,25.464193,1.512821,13.000000,0.736842
0.076923,0.000000,2.800000,25.464193,1.512821,13.000000,0.736842
0.076923,0.829750,1.841270,29.369442,2.095238,36.000000,0.648045
0.076923,0.252838,2.230769,26.908289,1.705128,13.000000,0.690476
0.090909,0.681524,1.583333,25.010539,2.007246,24.000000,0.612903
0.250000,0.873456,2.023256,28.682751,2.050575,30.000000,0.669231
0.041667,0.365309,2.275862,25.311824,2.080000,26.000000,0.694737
0.041667,0.511059,1.527027,28.686409,1.890756,35.000000,0.604278
0.029412,0.265590,4.696970,29.014890,1.877193,39.000000,0.824468
0.029412,1.000000,1.547945,25.504420,1.890756,35.000000,0.607527
0.066667,0.297285,1.689655,30.000000,1.797386,18.000000,0.628205
0.066667,0.377100,2.461538,30.000000,1.936759,23.000000,0.711111
0.100000,0.759213,1.757576,29.702090,2.095238,36.000000,0.637363
0.100000,0.160011,2.500000,21.758541,2.088889,10.000000,0.714286
0.027778,0.386351,4.583333,29.680841,1.945098,51.000000,0.820896
0.027778,0.713438,1.507042,28.986388,2.146032,36.000000,0.601124
0.111111,0.997353,4.714286,26.219545,1.576923,13.000000,0.825000
0.142857,1.000000,1.100000,21.428572,1.523810,7.000000,0.523810
0.076923,0.544173,1.324324,26.015312,1.805263,20.000000,0.569767
0.066667,1.000000,1.595745,29.605069,1.951567,27.000000,0.614754
0.100000,1.000000,1.977273,30.000000,2.016092,30.000000,0.664122
0.090909,1.000000,1.611111,16.226535,1.472727,11.000000,0.617021
0.090909,0.778382,1.866667,30.000000,1.490909,11.000000,0.651163
0.200000,0.565140,2.136364,30.000000,1.752632,20.000000,0.681159
0.111111,0.310625,1.583333,23.652682,1.527778,9.000000,0.612903
0.111111,0.678744,3.875000,27.000000,1.311111,10.000000,0.794872
0.111111,0.678744,3.875000,27.000000,1.311111,10.000000,0.794872
0.111111,0.310625,1.583333,23.652682,1.527778,9.000000,0.612903
0.250000,0.845945,2.090909,18.986061,2.007389,29.000000,0.676471
0.111111,0.678744,3.875000,27.000000,1.311111,10.000000,0.794872
0.111111,0.310625,1.583333,23.652682,1.527778,9.000000,0.612903
0.250000,1.000000,2.333333,30.000000,1.300000,5.000000,0.700000
0.100000,0.832885,1.610390,29.768209,2.021592,39.000000,0.616915
0.100000,1.000000,4.000000,30.000000,1.555556,10.000000,0.800000
0.038462,0.938555,1.643836,30.000000,1.990991,37.000000,0.621762
0.038462,0.895095,1.767442,29.358584,1.873846,26.000000,0.638655
0.043478,0.829925,1.425000,28.504851,1.952569,23.000000,0.587629
0.043478,0.611933,2.591837,29.127829,2.350877,39.000000,0.721591
0.052632,0.886044,1.800000,30.000000,1.966132,34.000000,0.642857
0.052632,1.000000,1.612903,22.440415,1.859649,19.000000,0.617284
0.100000,0.832885,1.610390,29.768209,2.021592,39.000000,0.616915
0.100000,1.000000,4.000000,30.000000,1.555556,10.000000,0.800000
0.043478,0.945992,1.425000,28.504851,1.952569,23.000000,0.587629
0.043478,0.231136,2.591837,29.127829,2.350877,39.000000,0.721591
0.043478,0.611933,2.591837,29.127829,2.350877,39.000000,0.721591
0.043478,0.945992,1.425000,28.504851,1.952569,23.000000,0.587629
0.043478,0.829925,1.425000,28.504851,1.952569,23.000000,0.587629
0.043478,0.231136,2.591837,29.127829,2.350877,39.000000,0.721591
0.055556,1.000000,1.967742,28.064568,1.647059,18.000000,0.663043
0.055556,0.892161,1.428571,30.000000,1.916667,25.000000,0.588235
0.055556,0.892161,1.428571,30.000000,1.916667,25.000000,0.588235
0.055556,1.000000,1.967742,28.064568,1.647059,18.000000,0.663043
0.052632,0.886044,1.800000,30.000000,1.966132,34.000000,0.642857
0.052632,1.000000,1.612903,22.440415,1.859649,19.000000,0.617284
0.038462,0.895095,1.767442,29.358584,1.873846,26.000000,0.638655
0.038462,0.938555,1.643836,30.000000,1.990991,37.000000,0.621762
0.125000,0.764270,1.576923,29.065043,1.866097,27.000000,0.611940
0.125000,0.216106,1.571429,16.091282,1.685714,15.000000,0.611111
0.066667,0.204530,4.470588,29.688737,2.158730,28.000000,0.817204
0.066667,0.001052,3.461538,30.000000,1.600000,15.000000,0.775862
0.100000,0.003861,1.916667,30.000000,1.488889,10.000000,0.657143
0.100000,0.194348,5.153846,29.989178,2.373984,42.000000,0.837500
0.111111,0.758068,1.642857,24.537948,1.361111,9.000000,0.621622
0.111111,0.007559,3.000000,29.865315,1.789474,19.000000,0.750000
0.100000,0.837303,1.916667,30.000000,1.488889,10.000000,0.657143
0.033333,0.223135,1.826087,30.000000,1.947451,51.000000,0.646154
0.033333,0.223135,1.826087,30.000000,1.947451,51.000000,0.646154
0.142857,0.429368,2.000000,15.305609,1.750000,9.000000,0.666667
0.111111,0.429368,2.000000,15.305609,1.750000,9.000000,0.666667
0.111111,0.229443,6.500000,27.704138,1.985507,24.000000,0.866667
0.111111,0.455105,4.250000,27.212741,1.638889,9.000000,0.809524
0.033333,0.070764,2.688889,29.549275,2.009009,37.000000,0.728916
0.100000,0.312073,3.130435,29.639998,1.778462,26.000000,0.757895
0.125000,0.718788,1.555556,27.250873,1.615385,14.000000,0.608696
0.125000,0.470611,3.200000,30.000000,1.555556,9.000000,0.761905
0.125000,1.000000,1.545455,30.000000,1.392857,8.000000,0.607143
0.166667,0.243689,2.782609,27.990776,1.936759,23.000000,0.735632
0.125000,0.032835,2.277778,29.776432,1.604396,14.000000,0.694915
0.100000,0.404112,1.642857,19.149414,1.581818,11.000000,0.621622
0.200000,1.000000,1.777778,24.051387,1.790476,15.000000,0.640000
0.200000,1.000000,1.777778,24.051387,1.790476,15.000000,0.640000
0.200000,1.000000,2.391304,30.000000,1.789474,20.000000,0.705128
0.142857,0.007937,3.384615,28.013912,1.896774,31.000000,0.771930
0.111111,1.000000,1.875000,30.000000,1.725000,16.000000,0.652174
0.111111,1.000000,1.769231,26.666667,1.361111,9.000000,0.638889
0.058824,0.629438,2.120690,30.000000,1.780749,34.000000,0.679558
0.058824,0.209766,1.727273,24.016289,1.919118,17.000000,0.633333
0.062500,0.780349,1.777778,30.000000,1.929825,19.000000,0.640000
0.062500,0.299329,2.064516,30.000000,1.913043,23.000000,0.673684
0.062500,0.780349,1.777778,30.000000,1.929825,19.000000,0.640000
0.062500,0.299329,2.064516,30.000000,1.913043,23.000000,0.673684
0.058824,0.071443,2.597222,30.000000,2.369672,54.000000,0.722008
0.058824,0.403030,1.727273,28.869757,1.919118,17.000000,0.633333
0.058824,0.403030,1.727273,28.869757,1.919118,17.000000,0.633333
0.058824,0.071443,2.597222,30.000000,2.369672,54.000000,0.722008
0.058824,0.071443,2.597222,30.000000,2.369672,54.000000,0.722008
0.058824,0.403030,1.727273,28.869757,1.919118,17.000000,0.633333
0.111111,1.000000,1.769231,26.666667,1.361111,9.000000,0.638889
0.111111,1.000000,1.875000,30.000000,1.725000,16.000000,0.652174
0.058824,0.071443,2.597222,30.000000,2.369672,54.000000,0.722008
0.058824,0.403030,1.727273,28.869757,1.919118,17.000000,0.633333
0.100000,0.007936,1.916667,30.000000,1.488889,10.000000,0.657143
0.111111,1.000000,1.777778,29.170944,1.555556,9.000000,0.640000
0.200000,1.000000,2.230769,26.908289,1.705128,13.000000,0.690476
0.250000,1.000000,2.250000,30.000000,1.505495,14.000000,0.692308
0.111111,0.199762,14.000000,26.865549,1.888889,9.000000,0.933333
0.111111,0.644056,1.705882,29.243127,1.636364,12.000000,0.630435
0.100000,1.000000,1.291667,29.350725,1.606061,12.000000,0.563636
0.062500,1.000000,7.117647,29.786008,2.094624,31.000000,0.876812
0.083333,0.420780,2.307692,27.988653,1.692308,13.000000,0.697674
0.083333,0.168370,3.050847,28.716590,2.458442,56.000000,0.753138
0.071429,0.108960,1.934783,26.227904,1.809231,26.000000,0.659259
0.083333,1.000000,1.888889,30.000000,1.753623,24.000000,0.653846
0.083333,0.698433,2.000000,23.918753,1.727273,12.000000,0.666667
0.083333,0.015625,2.608696,30.000000,1.684211,20.000000,0.722892
0.200000,0.021240,3.047619,29.522625,1.936759,23.000000,0.752941
0.125000,0.565989,3.000000,27.177049,1.752381,15.000000,0.750000
0.047619,0.081749,3.304348,29.745197,2.059829,27.000000,0.767677
0.047619,0.043952,2.714286,29.628986,1.895238,21.000000,0.730769
0.166667,0.030643,6.621622,29.714607,1.892730,48.000000,0.868794
0.166667,0.030643,6.621622,29.714607,1.892730,48.000000,0.868794
0.066667,1.000000,2.597222,30.000000,2.369672,54.000000,0.722008
0.066667,1.000000,1.321429,30.000000,1.733333,15.000000,0.569231
0.083333,0.698433,2.000000,23.918753,1.727273,12.000000,0.666667
0.083333,0.689930,1.888889,30.000000,1.753623,24.000000,0.653846
0.083333,1.000000,1.888889,30.000000,1.753623,24.000000,0.653846
0.083333,0.698433,2.000000,23.918753,1.727273,12.000000,0.666667
0.100000,0.578904,2.500000,15.516762,1.914286,15.000000,0.714286
0.111111,0.983250,1.480000,26.560296,1.637363,14.000000,0.596774
0.166667,0.052386,2.176471,29.177049,1.723810,15.000000,0.685185
0.071429,0.982143,1.480000,25.965325,1.637363,14.000000,0.596774
0.071429,0.003984,1.600000,25.478637,1.628571,15.000000,0.615385
0.100000,0.356190,2.857143,27.942512,2.166667,24.000000,0.740741
0.111111,1.000000,1.650000,30.000000,1.637363,14.000000,0.622642
0.111111,0.547086,3.333333,28.741724,1.894737,20.000000,0.769231
0.100000,0.001396,3.466667,28.500000,1.905263,20.000000,0.776119
0.166667,0.032800,1.666667,28.316334,1.571429,7.000000,0.625000
0.111111,0.919817,8.000000,30.000000,1.638889,9.000000,0.888889
0.111111,0.400319,2.562500,28.334386,1.836601,18.000000,0.719298
0.166667,1.000000,2.500000,30.000000,1.571429,7.000000,0.714286
0.071429,0.538853,1.607143,30.000000,1.538462,14.000000,0.616438
0.052632,0.267689,3.428571,29.648543,1.820197,29.000000,0.774194
0.052632,0.652592,1.529412,20.582609,1.695906,19.000000,0.604651
0.052632,0.652592,1.529412,20.582609,1.695906,19.000000,0.604651
0.052632,0.206423,4.700000,28.942453,1.938316,53.000000,0.824561
0.052632,0.283724,1.510417,30.000000,1.853832,34.000000,0.601660
0.052632,0.652592,1.529412,20.582609,1.695906,19.000000,0.604651
0.200000,0.126830,2.045455,28.858848,1.835979,28.000000,0.671642
0.250000,1.000000,2.344828,28.886595,1.837945,23.000000,0.701031
0.083333,1.000000,1.181818,30.000000,1.681818,12.000000,0.541667
0.083333,1.000000,2.212121,29.763507,1.833333,24.000000,0.688679
0.125000,1.000000,1.109091,22.832190,1.873188,24.000000,0.525862
0.125000,0.411689,3.500000,25.844345,1.571429,8.000000,0.777778
0.055556,0.236367,1.876923,28.943464,1.768939,33.000000,0.652406
0.055556,0.142216,1.880000,28.333333,1.745098,18.000000,0.652778
0.083333,1.000000,1.109091,22.832190,1.873188,24.000000,0.525862
0.083333,0.120725,1.928571,29.459164,1.590909,12.000000,0.658537
0.090909,0.161599,2.406250,29.165249,1.870769,26.000000,0.706422
0.090909,0.832025,3.272727,29.383749,1.933824,17.000000,0.765957
0.166667,0.668652,3.333333,24.030620,1.619048,7.000000,0.769231
0.166667,1.000000,2.500000,30.000000,1.571429,7.000000,0.714286
0.166667,1.000000,2.720000,20.867011,1.956522,24.000000,0.731183
0.083333,0.126385,6.166667,30.000000,1.593407,14.000000,0.860465
0.090909,0.427247,8.823529,28.160754,1.717742,32.000000,0.898204
0.071429,0.126385,6.166667,30.000000,1.593407,14.000000,0.860465
0.071429,0.550970,2.500000,28.656061,1.794118,17.000000,0.714286
0.083333,1.000000,2.200000,30.000000,1.789474,20.000000,0.687500
0.083333,1.000000,2.545455,28.179215,1.575758,12.000000,0.717949
0.100000,0.367882,3.727273,28.394076,1.700000,16.000000,0.788462
0.100000,1.000000,1.733333,27.292461,1.794872,13.000000,0.634146
0.125000,1.000000,1.785714,23.725769,1.736842,20.000000,0.641026
0.125000,0.110132,2.500000,30.000000,2.107143,8.000000,0.714286
0.050000,1.000000,2.444444,30.000000,1.768421,20.000000,0.709677
0.050000,1.000000,1.766667,28.760886,1.747619,21.000000,0.638554
0.076923,1.000000,1.785714,23.725769,1.736842,20.000000,0.641026
0.076923,0.482192,1.578947,27.787908,1.666667,13.000000,0.612245
0.125000,1.000000,1.785714,23.725769,1.736842,20.000000,0.641026
0.125000,0.266332,2.500000,30.000000,2.107143,8.000000,0.714286
0.125000,1.000000,3.117647,28.421053,2.332859,38.000000,0.757143
0.125000,0.003953,2.500000,30.000000,2.107143,8.000000,0.714286
0.125000,1.000000,3.117647,28.421053,2.332859,38.000000,0.757143
0.125000,0.003953,2.500000,30.000000,2.107143,8.000000,0.714286
0.032258,1.000000,3.117647,28.421053,2.332859,38.000000,0.757143
0.032258,0.003953,1.975000,29.909623,1.997849,31.000000,0.663866
0.050000,1.000000,1.785714,23.725769,1.736842,20.000000,0.641026
0.050000,0.290311,2.375000,27.575088,2.030108,31.000000,0.703704
0.071429,1.000000,3.117647,28.421053,2.332859,38.000000,0.757143
0.071429,0.003953,1.478261,30.000000,1.670330,14.000000,0.596491
0.050000,1.000000,3.117647,28.421053,2.332859,38.000000,0.757143
0.050000,0.003953,2.444444,30.000000,1.768421,20.000000,0.709677
0.153846,0.043193,2.000000,24.265625,1.929825,19.000000,0.666667
0.200000,0.539221,2.000000,22.193686,1.400000,5.000000,0.666667
0.090909,0.100158,1.761905,27.085885,1.626374,14.000000,0.637931
0.090909,0.511724,1.200000,29.909315,1.654545,11.000000,0.545455
0.100000,1.000000,1.842105,29.902362,1.825000,16.000000,0.648148
0.083333,0.325294,2.300000,12.502686,1.893939,12.000000,0.696970
0.090909,0.612220,1.333333,26.747956,1.654545,11.000000,0.571429
0.153846,0.043193,2.000000,24.265625,1.929825,19.000000,0.666667
0.047619,0.008840,2.060606,28.832292,1.869565,24.000000,0.673267
0.047619,0.079739,1.451613,27.654851,1.842857,21.000000,0.592105
0.047619,0.079739,1.451613,27.654851,1.842857,21.000000,0.592105
0.047619,0.008840,2.060606,28.832292,1.869565,24.000000,0.673267
0.047619,0.079739,1.451613,27.654851,1.842857,21.000000,0.592105
0.047619,0.008840,2.060606,28.832292,1.869565,24.000000,0.673267
0.166667,0.292841,2.666667,30.000000,1.533333,6.000000,0.727273
0.111111,0.003069,2.700000,29.513534,1.844828,29.000000,0.729730
0.250000,0.589268,2.000000,30.000000,1.000000,4.000000,0.666667
0.200000,0.113668,2.750000,29.624940,2.217391,23.000000,0.733333
0.100000,0.839029,1.461538,26.080475,1.600000,10.000000,0.593750
0.100000,1.000000,1.618421,28.895859,2.182077,38.000000,0.618090
0.100000,0.525055,1.187500,30.000000,1.600000,10.000000,0.542857
0.125000,0.073840,2.809524,29.981061,1.786232,24.000000,0.737500
0.125000,1.000000,2.200000,22.626081,1.714286,8.000000,0.687500
0.200000,0.621041,3.933333,29.056542,1.580882,17.000000,0.797297
0.166667,0.292841,2.666667,30.000000,1.533333,6.000000,0.727273
0.142857,1.000000,1.812500,30.000000,1.527273,11.000000,0.644444
0.142857,0.105012,2.444444,16.230867,2.196581,27.000000,0.709677
0.166667,0.502165,1.562500,22.857150,1.971429,21.000000,0.609756
0.058824,1.000000,2.090909,30.000000,1.661765,17.000000,0.676471
0.250000,0.948237,7.500000,1.612768,1.758242,14.000000,0.882353
0.250000,0.841286,2.000000,2.263638,1.600000,6.000000,0.666667
0.090909,0.818895,5.000000,2.426561,1.909091,11.000000,0.833333
0.090909,0.242875,5.833333,2.786706,1.708333,16.000000,0.853659
0.250000,0.843150,2.000000,2.263638,1.600000,6.000000,0.666667
0.166667,0.759958,2.000000,2.828800,1.466667,6.000000,0.666667
0.058824,0.438289,7.714286,2.809007,2.169960,23.000000,0.885246
0.142857,0.573923,1.777778,3.944177,1.644444,10.000000,0.640000
0.250000,0.416272,3.120000,5.827832,1.849802,23.000000,0.757282
0.250000,0.210981,2.153846,7.077721,1.857143,14.000000,0.682927
0.083333,0.261950,1.913043,7.750997,1.912281,19.000000,0.656716
0.100000,0.087264,2.222222,3.764664,1.791667,16.000000,0.689655
0.125000,0.023820,3.272727,7.518573,2.438424,29.000000,0.765957
0.125000,0.270745,7.000000,7.963031,1.500000,8.000000,0.875000
0.100000,0.645989,2.692308,4.305302,1.670330,14.000000,0.729167
0.100000,0.557904,3.285714,5.253306,1.488889,10.000000,0.766667
0.090909,0.461385,3.166667,8.010428,2.590726,32.000000,0.760000
0.100000,0.028571,4.000000,4.157870,1.688889,10.000000,0.800000
0.052632,0.016242,3.313725,7.751058,2.111849,43.000000,0.768182
0.200000,0.052632,1.750000,8.555003,1.300000,5.000000,0.636364
0.200000,0.025641,3.500000,3.664581,1.300000,5.000000,0.777778
0.200000,0.673862,2.500000,7.861899,1.867647,17.000000,0.714286
0.058824,0.942049,3.365385,8.430979,2.102537,44.000000,0.770925
0.058824,0.623381,2.500000,7.861899,1.867647,17.000000,0.714286
0.153846,0.942049,3.365385,8.430979,2.102537,44.000000,0.770925
0.090909,0.940192,3.313725,7.751058,2.111849,43.000000,0.768182
0.090909,0.815619,1.562500,9.189353,1.545455,11.000000,0.609756
0.250000,0.939820,3.727273,5.507010,2.099822,34.000000,0.788462
0.100000,0.031782,7.166667,12.336289,1.691667,16.000000,0.877551
0.100000,0.215261,2.500000,11.096606,1.822222,10.000000,0.714286
0.250000,0.506617,3.250000,11.978668,1.428571,7.000000,0.764706
0.090909,0.144876,4.727273,12.821888,1.857895,20.000000,0.825397
0.181818,0.057274,2.196078,12.475023,1.881720,31.000000,0.687117
0.200000,0.818182,1.750000,5.775304,1.300000,5.000000,0.636364
0.125000,0.359833,6.000000,11.461347,1.571429,8.000000,0.857143
0.125000,0.194434,2.100000,11.868966,1.902174,24.000000,0.677419
0.111111,0.194434,2.100000,11.868966,1.902174,24.000000,0.677419
0.125000,0.024486,2.428571,12.015406,1.862069,29.000000,0.708333
0.125000,0.598157,2.166667,12.387766,1.607143,8.000000,0.684211
0.105263,0.040648,2.088235,12.376923,1.904615,26.000000,0.676190
0.055556,0.178780,2.882353,12.684582,1.679739,18.000000,0.742424
0.062500,0.446814,4.727273,12.821888,1.857895,20.000000,0.825397
0.250000,0.169170,2.250000,12.534392,1.890110,14.000000,0.692308
0.076923,0.067369,2.000000,10.894131,1.967033,14.000000,0.666667
0.076923,0.446814,4.727273,12.821888,1.857895,20.000000,0.825397
0.083333,0.709990,1.733333,9.918302,1.606061,12.000000,0.634146
0.071429,0.035698,2.000000,13.586587,1.928571,28.000000,0.666667
0.250000,0.534215,1.933333,13.165566,1.895238,15.000000,0.659091
0.166667,0.094238,4.076923,11.226488,2.093651,36.000000,0.803030
0.066667,0.519515,2.571429,15.618893,1.900000,21.000000,0.720000
0.066667,0.279206,1.684211,13.487555,1.771429,15.000000,0.627451
0.200000,0.866430,1.733333,9.918302,1.606061,12.000000,0.634146
0.047619,0.519515,2.571429,15.618893,1.900000,21.000000,0.720000
0.047619,0.115284,4.076923,10.474461,2.093651,36.000000,0.803030
0.066667,0.039130,1.647059,8.734434,1.763158,20.000000,0.622222
0.066667,0.157139,1.684211,13.487555,1.771429,15.000000,0.627451
0.142857,0.163331,1.647059,7.778907,1.763158,20.000000,0.622222
0.142857,0.377297,2.500000,6.143539,1.285714,7.000000,0.714286
0.100000,0.163331,1.647059,7.778907,1.763158,20.000000,0.622222
0.100000,0.195401,2.000000,14.517108,1.918719,29.000000,0.666667
0.200000,0.239729,1.933333,13.165566,1.895238,15.000000,0.659091
0.200000,0.761626,1.750000,7.415065,1.300000,5.000000,0.636364
0.250000,0.068286,4.000000,5.486521,1.200000,5.000000,0.800000
0.100000,0.274722,1.921053,13.396940,1.943020,27.000000,0.657658
0.058824,0.277968,1.454545,11.279886,1.952899,24.000000,0.592593
0.058824,0.182134,1.950000,15.471310,1.801471,17.000000,0.661017
0.111111,0.342003,1.941176,10.771869,1.752381,15.000000,0.660000
0.066667,0.262550,1.911111,15.240387,1.918719,29.000000,0.656489
0.066667,0.153020,1.684211,13.487555,1.771429,15.000000,0.627451
0.083333,0.360143,4.294118,12.418915,1.770563,22.000000,0.811111
0.083333,0.394432,1.523810,10.846118,1.606061,12.000000,0.603774
0.200000,0.366414,1.791667,17.404413,1.918719,29.000000,0.641791
0.090909,0.193720,1.700000,15.343818,1.659341,14.000000,0.629630
0.090909,0.010101,2.363636,18.878367,1.618182,11.000000,0.702703
0.034483,0.017288,4.076923,10.474461,2.093651,36.000000,0.803030
0.034483,0.693297,1.911111,15.240387,1.918719,29.000000,0.656489
0.083333,0.233439,1.454545,11.279886,1.952899,24.000000,0.592593
0.083333,0.715579,1.836735,18.080057,1.926437,30.000000,0.647482
0.166667,0.125636,3.750000,11.363823,2.240000,25.000000,0.789474
0.100000,0.391690,1.700000,6.852679,1.622222,10.000000,0.629630
0.166667,1.000000,3.750000,11.363823,2.240000,25.000000,0.789474
0.083333,0.605872,3.333333,19.330921,2.298942,28.000000,0.769231
0.083333,0.708266,3.333333,19.330921,2.298942,28.000000,0.769231
0.111111,0.760190,3.750000,13.119727,2.240000,25.000000,0.789474
0.111111,1.000000,3.750000,13.119727,2.240000,25.000000,0.789474
0.083333,0.025641,2.529412,10.670931,2.230108,31.000000,0.716667
0.076923,0.116088,1.655172,15.614602,1.900000,21.000000,0.623377
0.076923,0.184370,2.750000,17.374969,1.692308,13.000000,0.733333
0.050000,0.002257,1.655172,15.614602,1.900000,21.000000,0.623377
0.050000,0.694784,1.630435,15.062161,1.880000,25.000000,0.619835
0.142857,0.773702,1.454545,11.279886,1.952899,24.000000,0.592593
0.142857,0.419764,1.875000,11.438168,1.285714,7.000000,0.652174
0.050000,0.357945,1.678571,17.839824,1.847368,20.000000,0.626667
0.050000,0.281274,2.548387,18.780948,1.889231,26.000000,0.718182
0.038462,0.052753,2.529412,12.925382,2.230108,31.000000,0.716667
0.038462,0.281274,2.548387,18.780948,1.889231,26.000000,0.718182
0.090909,0.066000,2.028571,20.833505,1.690476,21.000000,0.669811
0.200000,0.062789,2.457143,14.357755,2.230108,31.000000,0.710744
0.050000,0.092358,2.529412,10.670931,2.230108,31.000000,0.716667
0.050000,0.074612,1.655172,15.614602,1.900000,21.000000,0.623377
0.076923,0.218612,1.565217,22.134061,1.727273,22.000000,0.610169
0.076923,0.042286,1.857143,19.949440,1.913333,25.000000,0.650000
0.076923,0.172859,1.812500,8.998702,1.730769,13.000000,0.644444
0.133333,0.134457,3.083333,18.363700,1.714286,14.000000,0.755102
0.133333,0.119998,1.656250,17.344830,1.887446,22.000000,0.623529
0.142857,0.016652,5.750000,9.802255,1.388889,9.000000,0.851852
0.142857,0.118569,3.625000,19.457311,1.782051,13.000000,0.783784
0.142857,0.058824,2.000000,8.762069,1.333333,7.000000,0.666667
0.038462,0.180506,2.700000,19.852918,1.965909,33.000000,0.729730
0.038462,0.025210,2.333333,19.776051,1.926154,26.000000,0.700000
0.111111,0.582902,2.333333,19.776051,1.926154,26.000000,0.700000
0.071429,0.104271,4.416667,21.113201,1.669118,17.000000,0.815385
0.066667,0.129944,3.545455,11.379551,1.819048,15.000000,0.780000
0.166667,0.806654,1.660000,20.552930,1.816667,25.000000,0.624060
0.142857,0.818763,1.627451,21.510954,1.816667,25.000000,0.619403
0.166667,0.007607,2.878049,21.454149,1.950089,34.000000,0.742138
0.250000,0.195164,3.172414,20.998363,1.829060,27.000000,0.760331
0.200000,0.191323,2.857143,21.377909,1.784211,20.000000,0.740741
0.200000,1.000000,2.090909,13.043037,1.858974,13.000000,0.676471
0.200000,0.120000,1.750000,6.424325,1.300000,5.000000,0.636364
0.111111,0.013275,3.687500,22.667759,1.742690,19.000000,0.786667
0.142857,1.000000,2.300000,9.955164,1.858974,13.000000,0.696970
0.111111,0.178501,2.857143,21.377909,1.784211,20.000000,0.740741
0.200000,0.500000,3.000000,13.414934,1.400000,5.000000,0.750000
0.250000,0.089830,2.000000,12.539480,1.818182,12.000000,0.666667
0.250000,0.589724,6.000000,18.452422,1.000000,4.000000,0.857143
0.142857,0.061898,3.166667,21.274576,1.984353,38.000000,0.760000
0.142857,0.134033,4.571429,20.106062,1.679487,13.000000,0.820513
0.166667,0.559239,2.857143,11.879341,1.472222,9.000000,0.740741
0.100000,0.492140,2.793103,22.246870,1.816667,25.000000,0.736364
0.125000,0.189533,4.909091,19.806239,1.790850,18.000000,0.830769
0.166667,0.059507,3.000000,6.634129,1.733333,6.000000,0.750000
0.142857,0.255642,3.500000,15.872197,1.333333,7.000000,0.777778
0.125000,0.530180,2.000000,10.998750,1.388889,9.000000,0.666667
0.125000,0.052710,2.000000,10.998750,1.388889,9.000000,0.666667
0.125000,0.861683,4.272727,7.571932,1.745098,18.000000,0.810345
0.125000,0.100214,1.833333,12.700293,1.607143,8.000000,0.647059
0.111111,0.283795,3.833333,20.524018,1.361111,9.000000,0.793103
0.062500,0.129104,3.203390,21.858257,1.979648,47.000000,0.762097
0.062500,1.000000,1.434783,15.959632,2.196078,18.000000,0.589286
0.200000,1.000000,1.434783,17.439400,2.196078,18.000000,0.589286
0.200000,0.227319,1.434783,17.439400,2.196078,18.000000,0.589286
0.062500,0.129104,3.203390,21.858257,1.979648,47.000000,0.762097
0.062500,0.217313,1.434783,15.959632,2.196078,18.000000,0.589286
0.111111,0.011494,1.444444,28.803764,1.608333,16.000000,0.590909
0.111111,0.189211,2.333333,22.568846,1.709091,11.000000,0.700000
0.111111,0.011494,1.444444,28.803764,1.608333,16.000000,0.590909
0.111111,0.201364,2.333333,22.568846,1.709091,11.000000,0.700000
0.166667,0.457096,2.166667,12.671936,1.133333,6.000000,0.684211
0.083333,0.212463,1.666667,6.613762,1.409091,12.000000,0.625000
0.200000,0.387323,2.636364,19.498188,1.490909,11.000000,0.725000
0.076923,0.132434,2.907692,23.191363,1.979648,47.000000,0.744094
0.250000,0.067181,2.625000,20.530255,1.709091,11.000000,0.724138
0.250000,0.108157,2.625000,20.530255,1.709091,11.000000,0.724138
0.142857,0.234443,1.900000,23.490412,1.727273,11.000000,0.655172
0.142857,0.326829,5.000000,23.219479,1.285714,7.000000,0.833333
0.055556,0.450631,1.384615,22.783800,1.895425,18.000000,0.580645
0.055556,0.115866,2.698630,24.477116,1.973404,48.000000,0.729630
0.200000,0.450631,1.384615,22.783800,1.895425,18.000000,0.580645
0.200000,0.292707,1.384615,22.783800,1.895425,18.000000,0.580645
0.055556,0.115866,2.698630,24.477116,1.973404,48.000000,0.729630
0.055556,0.292707,1.384615,22.783800,1.895425,18.000000,0.580645
0.200000,0.920089,1.750000,21.577199,1.300000,5.000000,0.636364
0.090909,0.344558,1.866667,15.662561,1.527273,11.000000,0.651163
0.090909,0.137003,2.878049,21.454149,1.950089,34.000000,0.742138
0.200000,0.168140,3.150000,22.210736,1.979648,47.000000,0.759036
0.090909,0.536182,1.866667,15.662561,1.527273,11.000000,0.651163
0.090909,0.137003,2.878049,21.454149,1.950089,34.000000,0.742138
0.250000,0.082247,3.017857,22.327604,1.982030,44.000000,0.751111
0.142857,0.344518,4.666667,18.773004,1.333333,7.000000,0.823529
0.142857,0.184799,1.909091,9.955811,1.681818,12.000000,0.656250
0.250000,0.080552,3.388889,24.203566,1.771930,19.000000,0.772152
0.125000,0.087043,3.388889,23.794577,1.771930,19.000000,0.772152
0.250000,0.442014,1.807692,9.123349,1.910526,20.000000,0.643836
0.076923,0.172244,3.129630,21.973533,1.982030,44.000000,0.757848
0.076923,0.382735,1.807692,9.123349,1.910526,20.000000,0.643836
0.055556,0.017927,1.355263,13.431763,1.963710,32.000000,0.575419
0.250000,0.834862,5.000000,6.495437,1.166667,4.000000,0.833333
0.125000,0.215527,1.337662,15.900314,1.963710,32.000000,0.572222
0.142857,0.268012,3.380000,21.610384,1.982030,44.000000,0.771689
0.142857,0.590534,3.000000,23.153153,1.476190,7.000000,0.750000
0.083333,0.433349,2.583333,19.540800,1.736264,14.000000,0.720930
0.100000,0.497303,1.807692,9.123349,1.910526,20.000000,0.643836
0.100000,0.778406,2.250000,22.939277,1.604396,14.000000,0.692308
0.142857,0.579244,3.000000,23.153153,1.476190,7.000000,0.750000
0.142857,0.268012,3.380000,21.610384,1.982030,44.000000,0.771689
0.200000,0.012346,2.000000,22.753072,1.960145,24.000000,0.666667
0.142857,0.370620,1.444444,29.033751,1.608333,16.000000,0.590909
0.142857,0.022497,4.153846,21.166558,1.790850,18.000000,0.805970
0.125000,0.361596,1.444444,24.569027,1.607143,8.000000,0.590909
0.125000,0.496376,1.372093,29.639719,1.602941,17.000000,0.578431
0.125000,0.633044,1.636364,17.540437,1.357143,8.000000,0.620690
0.125000,0.633044,1.636364,17.540437,1.357143,8.000000,0.620690
0.125000,0.586034,1.372093,29.639719,1.602941,17.000000,0.578431
0.125000,0.379452,1.444444,24.569027,1.607143,8.000000,0.590909
0.142857,0.126928,3.000000,26.353833,1.285714,7.000000,0.750000
0.142857,0.523779,1.444444,29.033751,1.608333,16.000000,0.590909
0.062500,0.163705,2.000000,22.753072,1.960145,24.000000,0.666667
0.200000,0.462529,1.666667,21.308153,1.500000,5.000000,0.625000
0.200000,0.571731,4.000000,25.052354,1.444444,9.000000,0.800000
0.200000,0.281280,6.500000,23.958240,1.380952,7.000000,0.866667
0.200000,0.923455,2.333333,23.584994,1.300000,5.000000,0.700000
0.050000,0.493576,2.863636,25.699042,1.847619,21.000000,0.741176
0.050000,0.900537,2.698630,24.477116,1.973404,48.000000,0.729630
0.052632,0.807785,2.231707,28.308445,1.937632,44.000000,0.690566
0.052632,0.206960,1.538462,27.161387,1.883041,19.000000,0.606061
0.111111,0.813381,2.259259,28.145419,1.937632,44.000000,0.693182
0.166667,0.198780,1.935484,23.501774,1.960145,24.000000,0.659341
0.052632,0.807785,2.231707,28.308445,1.937632,44.000000,0.690566
0.052632,0.134353,1.538462,27.161387,1.883041,19.000000,0.606061
0.058824,0.561196,1.475000,29.379194,1.602941,17.000000,0.595960
0.058824,0.895528,2.684932,25.636685,2.000000,49.000000,0.728625
0.058824,0.448995,1.475000,29.379194,1.602941,17.000000,0.595960
0.058824,0.895528,2.684932,25.636685,2.000000,49.000000,0.728625
0.142857,0.363446,3.000000,14.766147,1.428571,7.000000,0.750000
0.142857,0.895528,2.684932,25.636685,2.000000,49.000000,0.728625
0.100000,0.876083,2.414634,24.967614,1.984694,49.000000,0.707143
0.100000,1.000000,1.909091,11.970903,1.577778,10.000000,0.656250
0.083333,0.392355,1.500000,20.624010,1.590909,12.000000,0.600000
0.083333,0.886184,3.588235,23.419539,1.771930,19.000000,0.782051
0.076923,0.639017,1.526316,15.017923,1.628205,13.000000,0.604167
0.076923,0.494118,1.538462,27.161387,1.883041,19.000000,0.606061
0.076923,0.639017,1.526316,15.017923,1.628205,13.000000,0.604167
0.076923,0.395950,1.538462,27.161387,1.883041,19.000000,0.606061
0.111111,0.335816,1.800000,17.820385,1.803922,18.000000,0.642857
0.125000,0.315406,1.920000,24.197134,1.720588,17.000000,0.657534
0.200000,0.794181,1.750000,5.371544,1.300000,5.000000,0.636364
0.200000,0.584318,1.750000,5.371544,1.300000,5.000000,0.636364
0.090909,0.391304,1.318182,10.464561,1.509091,11.000000,0.568627
0.090909,0.890946,1.636364,10.786186,1.604396,14.000000,0.620690
0.200000,0.192090,1.125000,20.201246,1.637363,14.000000,0.529412
0.111111,0.870547,1.636364,9.157536,1.604396,14.000000,0.620690
0.111111,0.068685,4.000000,20.450578,1.333333,9.000000,0.800000
0.166667,0.074286,3.714286,23.756493,1.444444,10.000000,0.787879
0.090909,0.096086,1.207547,23.010924,1.857955,33.000000,0.547009
0.090909,0.182005,1.318182,12.824276,1.509091,11.000000,0.568627
0.090909,0.182005,1.318182,12.824276,1.509091,11.000000,0.568627
0.090909,0.070503,1.207547,23.010924,1.857955,33.000000,0.547009
0.058824,0.082788,2.105263,27.935890,1.764706,17.000000,0.677966
0.058824,0.533743,1.666667,17.256713,1.923333,25.000000,0.625000
0.058824,0.097375,2.105263,27.935890,1.764706,17.000000,0.677966
0.058824,0.533743,1.666667,17.256713,1.923333,25.000000,0.625000
0.125000,0.719892,2.166667,30.000000,1.607143,8.000000,0.684211
0.142857,0.981165,1.812500,10.815034,1.705128,13.000000,0.644444
0.125000,0.672462,2.166667,30.000000,1.607143,8.000000,0.684211
0.250000,0.512350,1.875000,15.278926,1.803922,18.000000,0.652174
0.125000,0.388028,1.565789,21.273772,1.961345,35.000000,0.610256
0.125000,1.000000,1.521739,17.820376,1.670330,14.000000,0.603448
0.200000,0.024339,3.571429,24.668725,1.636364,11.000000,0.781250
0.200000,0.024339,3.571429,24.668725,1.636364,11.000000,0.781250
0.100000,0.547197,2.000000,17.006501,1.622222,10.000000,0.666667
0.100000,0.010417,2.937500,25.044828,1.742647,17.000000,0.746032
0.125000,0.832425,4.400000,16.194679,2.518280,31.000000,0.814815
0.111111,0.309117,2.025000,27.010499,1.600000,20.000000,0.669421
0.111111,0.246225,2.025000,27.010499,1.600000,20.000000,0.669421
0.142857,0.085714,1.714286,18.813857,1.476190,7.000000,0.631579
0.200000,0.014185,3.444444,28.946243,1.602564,13.000000,0.775000
0.200000,0.114289,2.000000,20.286713,1.400000,5.000000,0.666667
0.200000,0.029412,3.444444,28.946243,1.602564,13.000000,0.775000
0.200000,0.114289,2.000000,20.286713,1.400000,5.000000,0.666667
0.100000,0.537082,1.627907,17.785295,1.923333,25.000000,0.619469
0.100000,1.000000,3.500000,23.251561,1.533333,10.000000,0.777778
0.200000,1.000000,3.000000,19.861532,2.209524,15.000000,0.750000
0.200000,0.238095,2.500000,11.715701,1.000000,5.000000,0.714286
0.062500,0.056654,1.268041,27.356093,1.973016,36.000000,0.559091
0.062500,0.434725,2.250000,15.636292,1.741667,16.000000,0.692308
0.066667,0.187501,2.000000,28.701231,1.764706,17.000000,0.666667
0.066667,1.000000,3.000000,19.861532,2.209524,15.000000,0.750000
0.166667,0.988395,5.500000,20.456976,1.628205,13.000000,0.846154
0.066667,1.000000,3.000000,19.861532,2.209524,15.000000,0.750000
0.066667,0.475902,1.697674,18.663551,1.938462,26.000000,0.629310
0.058824,1.000000,4.400000,16.194679,2.518280,31.000000,0.814815
0.058824,0.134385,1.290000,27.213800,1.965465,37.000000,0.563319
0.066667,0.224859,2.000000,28.701231,1.764706,17.000000,0.666667
0.066667,1.000000,3.000000,19.861532,2.209524,15.000000,0.750000
0.200000,1.000000,3.000000,19.861532,2.209524,15.000000,0.750000
0.200000,0.238095,2.500000,11.715701,1.000000,5.000000,0.714286
0.200000,0.092172,3.470588,21.988372,1.890476,21.000000,0.776316
0.200000,0.699205,1.291667,18.540841,1.841667,16.000000,0.563636
0.200000,1.000000,1.291667,18.540841,1.841667,16.000000,0.563636
0.200000,0.674082,7.000000,22.214883,1.509091,11.000000,0.875000
0.250000,0.097513,2.285714,13.689018,1.695238,15.000000,0.695652
0.125000,0.241379,2.000000,14.301066,1.428571,8.000000,0.666667
0.125000,1.000000,2.000000,14.468975,1.833333,16.000000,0.666667
0.200000,0.198118,3.500000,26.693248,1.826087,23.000000,0.777778
0.142857,0.071712,6.000000,14.477628,1.621212,12.000000,0.857143
0.142857,0.458942,8.000000,20.697575,1.238095,7.000000,0.888889
0.166667,0.777181,2.250000,16.881576,1.400000,6.000000,0.692308
0.166667,0.492211,3.000000,24.750229,1.901099,14.000000,0.750000
0.200000,0.218861,4.176471,21.031615,1.885375,23.000000,0.806818
0.090909,0.519273,2.090909,18.864931,1.581818,11.000000,0.676471
0.111111,0.136059,1.350000,22.914453,1.807692,13.000000,0.574468
0.250000,0.407792,1.529412,26.135291,1.608333,16.000000,0.604651
0.250000,0.135437,1.529412,26.135291,1.608333,16.000000,0.604651
0.200000,1.000000,1.750000,17.294573,1.300000,5.000000,0.636364
0.200000,0.120000,2.210526,17.157318,1.790850,18.000000,0.688525
0.076923,0.091192,2.086957,27.521048,1.777778,19.000000,0.676056
0.076923,0.141321,2.086957,27.521048,1.777778,19.000000,0.676056
0.142857,0.103448,3.000000,23.341246,1.571429,7.000000,0.750000
0.142857,0.337431,1.714286,21.594487,1.476190,7.000000,0.631579
0.090909,0.180537,1.351351,26.980692,2.091916,43.000000,0.574713
0.090909,0.203569,2.090909,19.998248,1.581818,11.000000,0.676471
0.100000,0.082146,1.192661,27.376886,1.984353,38.000000,0.543933
0.100000,0.644964,3.666667,15.849286,1.511111,10.000000,0.785714
0.142857,0.234506,1.857143,19.902118,1.380952,7.000000,0.650000
0.142857,0.560159,4.600000,20.190566,1.388889,9.000000,0.821429
0.250000,0.219695,2.187500,20.117712,1.615385,14.000000,0.686275
0.040000,0.623306,2.081081,20.193090,1.886154,26.000000,0.675439
0.040000,0.318508,2.551724,19.054337,1.890000,25.000000,0.718447
0.166667,0.887949,1.833333,28.238686,1.266667,6.000000,0.647059
0.166667,0.233846,2.733333,25.363970,1.609524,15.000000,0.732143
0.125000,0.322309,1.823529,24.593071,1.885714,15.000000,0.645833
0.090909,0.436216,3.888889,20.363348,1.363636,11.000000,0.795455
0.071429,0.183312,1.141844,26.780220,1.916667,40.000000,0.533113
0.071429,0.192392,1.366667,20.562781,1.582418,14.000000,0.577465
0.055556,0.064587,3.869565,21.376082,1.816667,25.000000,0.794643
0.055556,0.841331,2.950000,22.987388,1.744589,22.000000,0.746835
0.071429,0.183312,1.141844,26.780220,1.916667,40.000000,0.533113
0.071429,0.192392,1.366667,20.562781,1.582418,14.000000,0.577465
0.125000,1.000000,14.000000,15.468986,1.785714,8.000000,0.933333
0.125000,0.175447,1.441176,25.329229,1.797386,18.000000,0.590361
0.142857,0.144283,2.142857,24.062148,1.285714,7.000000,0.681818
0.142857,0.126942,1.291971,27.206864,2.159184,50.000000,0.563694
0.142857,0.144283,2.142857,24.062148,1.285714,7.000000,0.681818
0.142857,0.116022,1.291971,27.206864,2.159184,50.000000,0.563694
0.125000,0.005348,3.200000,25.503500,1.428571,8.000000,0.761905
0.125000,0.126942,1.291971,27.206864,2.159184,50.000000,0.563694
0.125000,0.005348,3.200000,25.503500,1.428571,8.000000,0.761905
0.125000,0.116022,1.291971,27.206864,2.159184,50.000000,0.563694
0.083333,0.852804,2.636364,23.926272,1.621212,12.000000,0.725000
0.083333,0.912730,3.500000,23.482026,1.551282,13.000000,0.777778
0.066667,0.764493,3.133333,27.427368,1.590476,15.000000,0.758065
0.066667,1.000000,6.111111,25.589499,1.823529,18.000000,0.859375
0.142857,0.686407,1.875000,24.710595,1.285714,7.000000,0.652174
0.076923,0.135401,1.666667,25.061716,1.862745,18.000000,0.625000
0.076923,0.027027,1.666667,26.049984,1.615385,13.000000,0.625000
0.083333,0.214347,1.543478,28.111228,1.809524,22.000000,0.606838
0.200000,0.121511,1.846154,24.529755,1.720588,17.000000,0.648649
0.062500,0.310249,2.461538,24.881775,1.950000,16.000000,0.711111
0.062500,0.320437,1.543478,27.969558,1.809524,22.000000,0.606838
0.100000,0.270956,1.952381,28.641181,1.711640,28.000000,0.661290
0.100000,0.428980,1.351351,26.980692,2.091916,43.000000,0.574713
0.040000,0.500754,1.246154,28.431597,2.088889,45.000000,0.554795
0.040000,0.475263,3.576923,23.723252,1.766667,25.000000,0.781513
0.040000,0.487406,1.246154,28.431597,2.088889,45.000000,0.554795
0.040000,0.475263,3.576923,23.723252,1.766667,25.000000,0.781513
0.111111,0.717191,1.800000,21.809650,1.250000,9.000000,0.642857
0.111111,0.428980,1.351351,26.980692,2.091916,43.000000,0.574713
0.200000,0.505162,1.208633,28.939385,1.974630,44.000000,0.547231
0.166667,0.316769,1.543478,27.969558,1.809524,22.000000,0.606838
0.076923,0.428980,1.351351,26.980692,2.091916,43.000000,0.574713
0.200000,0.540595,1.208633,28.939385,1.974630,44.000000,0.547231
0.080000,0.597761,1.308511,26.706853,1.973016,36.000000,0.566820
0.080000,0.633240,4.357143,22.024682,1.678947,20.000000,0.813333
0.133333,0.627554,1.625000,25.670728,1.608333,16.000000,0.619048
0.133333,0.270502,1.529412,8.025401,1.552381,15.000000,0.604651
0.125000,0.470618,1.480519,24.379922,1.960784,34.000000,0.596859
0.133333,0.251552,1.625000,25.670728,1.608333,16.000000,0.619048
0.133333,0.270502,1.529412,8.025401,1.552381,15.000000,0.604651
0.080000,0.428980,1.351351,26.980692,2.091916,43.000000,0.574713
0.080000,0.086709,2.235294,23.186310,1.863333,25.000000,0.690909
0.111111,0.428980,1.351351,26.980692,2.091916,43.000000,0.574713
0.111111,1.000000,2.200000,11.492023,1.416667,9.000000,0.687500
0.142857,0.619195,1.281250,27.138728,1.973016,36.000000,0.561644
0.076923,0.655938,1.171171,27.567464,1.984353,38.000000,0.539419
0.100000,0.428980,1.351351,26.980692,2.091916,43.000000,0.574713
0.100000,0.095881,1.952381,28.641181,1.711640,28.000000,0.661290
0.142857,0.838622,2.000000,28.754947,1.238095,7.000000,0.666667
0.142857,0.564557,1.736842,14.868649,1.841667,16.000000,0.634615
0.083333,0.564557,1.736842,14.868649,1.841667,16.000000,0.634615
0.083333,0.591348,3.875000,27.258721,1.560606,12.000000,0.794872
0.200000,0.593086,2.052632,22.276657,1.985740,34.000000,0.672414
0.055556,0.247394,6.900000,24.890205,1.575163,18.000000,0.873418
0.055556,0.593086,2.052632,22.276657,1.985740,34.000000,0.672414
0.200000,0.220560,6.000000,20.763674,1.704762,21.000000,0.857143
0.142857,0.684595,1.875000,23.454631,1.285714,7.000000,0.652174
0.142857,0.025641,2.129032,17.440585,1.614035,19.000000,0.680412
0.200000,0.081243,2.100000,24.168850,1.622222,10.000000,0.677419
0.055556,0.000000,5.750000,26.593386,1.575163,18.000000,0.851852
0.055556,0.630655,2.100000,23.307337,1.993651,36.000000,0.677419
0.062500,0.685489,2.000000,25.159291,1.849003,27.000000,0.666667
0.066667,0.013315,1.633333,29.621806,1.821053,20.000000,0.620253
0.037037,0.000766,1.736842,23.980555,1.946237,31.000000,0.634615
0.037037,0.680097,2.000000,24.657787,1.849003,27.000000,0.666667
0.066667,0.045312,1.633333,29.621806,1.821053,20.000000,0.620253
0.066667,0.409769,2.045455,23.372015,1.810458,18.000000,0.671642
0.076923,0.472308,4.833333,19.562499,1.782051,13.000000,0.828571
0.076923,0.157448,1.555556,23.715806,1.904762,21.000000,0.608696
0.125000,0.145185,2.000000,26.031727,1.651515,12.000000,0.666667
0.200000,0.044200,1.652174,26.377763,1.890000,25.000000,0.622951
0.076923,0.384370,2.086957,27.521048,1.777778,19.000000,0.676056
0.055556,0.241617,1.814815,28.792562,1.821053,20.000000,0.644737
0.055556,0.512424,2.666667,27.084331,2.215686,18.000000,0.727273
0.055556,0.512424,2.666667,27.084331,2.215686,18.000000,0.727273
0.055556,0.189507,1.814815,28.792562,1.821053,20.000000,0.644737
0.055556,0.354447,2.666667,27.084331,2.215686,18.000000,0.727273
0.055556,0.189507,1.814815,28.792562,1.821053,20.000000,0.644737
0.076923,0.398987,2.086957,27.521048,1.777778,19.000000,0.676056
0.200000,0.340407,2.000000,28.520160,1.777778,19.000000,0.666667
0.200000,0.338371,2.000000,28.520160,1.777778,19.000000,0.666667
0.055556,0.241617,1.814815,28.792562,1.821053,20.000000,0.644737
0.055556,0.354447,2.666667,27.084331,2.215686,18.000000,0.727273
0.111111,0.404920,1.666667,24.580937,1.472222,9.000000,0.625000
0.250000,0.598823,2.666667,27.084331,2.215686,18.000000,0.727273
0.250000,0.519057,2.666667,27.084331,2.215686,18.000000,0.727273
0.055556,0.567019,1.928571,26.595609,1.913420,22.000000,0.658537
0.250000,1.000000,2.133333,26.430664,1.714286,14.000000,0.680851
0.100000,0.238221,2.400000,19.724908,1.511111,10.000000,0.705882
0.100000,1.000000,9.000000,18.991384,1.400000,10.000000,0.900000
0.090909,0.919116,2.000000,26.465813,1.563636,11.000000,0.666667
0.090909,0.747438,1.862069,21.347359,1.863158,20.000000,0.650602
0.125000,0.655474,2.140625,24.006270,1.960961,37.000000,0.681592
0.125000,0.200000,1.888889,12.831202,1.392857,8.000000,0.653846
0.250000,0.650386,2.500000,20.491124,1.166667,4.000000,0.714286
0.125000,0.283240,2.428571,25.758761,1.392857,8.000000,0.708333
0.250000,0.033557,4.333333,25.737236,1.380952,7.000000,0.812500
0.200000,0.687001,2.187500,21.588449,2.098039,18.000000,0.686275
0.200000,0.104004,3.500000,20.969625,1.300000,5.000000,0.777778
0.058824,0.800574,1.569620,28.936353,1.741379,29.000000,0.610837
0.058824,0.959900,5.076923,21.913463,1.695906,19.000000,0.835443
0.058824,0.724281,1.569620,28.936353,1.741379,29.000000,0.610837
0.058824,0.959900,5.076923,21.913463,1.695906,19.000000,0.835443
0.066667,0.074013,1.920000,29.203803,1.777778,19.000000,0.657534
0.066667,0.943830,3.950000,21.572914,1.735931,22.000000,0.797980
0.250000,0.037630,2.083333,17.849248,1.807692,13.000000,0.675676
0.250000,0.347605,2.000000,9.712788,1.333333,4.000000,0.666667
0.066667,0.050749,1.920000,29.203803,1.777778,19.000000,0.657534
0.066667,0.943830,3.950000,21.572914,1.735931,22.000000,0.797980
0.052632,0.962168,4.285714,25.404682,1.864516,31.000000,0.810811
0.125000,0.623186,1.937500,20.403967,1.824176,14.000000,0.659574
0.076923,0.217469,4.125000,25.703330,1.653846,13.000000,0.804878
0.142857,0.211713,4.833333,19.562499,1.782051,13.000000,0.828571
0.062500,0.200421,1.555556,23.715806,1.904762,21.000000,0.608696
0.200000,0.390213,2.500000,25.585883,1.000000,5.000000,0.714286
0.200000,1.000000,2.666667,27.084331,2.215686,18.000000,0.727273
0.125000,0.323083,2.657895,15.906033,1.914943,30.000000,0.726619
0.055556,0.525035,2.000000,30.000000,2.215686,18.000000,0.666667
0.055556,0.247231,1.633333,29.506971,1.821053,20.000000,0.620253
0.090909,0.745509,2.187500,21.588449,2.098039,18.000000,0.686275
0.076923,0.104799,2.600000,21.233163,1.901538,26.000000,0.722222
0.055556,0.247231,1.633333,29.506971,1.821053,20.000000,0.620253
0.055556,1.000000,2.000000,30.000000,2.215686,18.000000,0.666667
0.055556,1.000000,2.000000,30.000000,2.215686,18.000000,0.666667
0.055556,0.247231,1.633333,29.506971,1.821053,20.000000,0.620253
0.200000,0.601901,1.818182,30.000000,2.215686,18.000000,0.645161
0.200000,1.000000,1.818182,30.000000,2.215686,18.000000,0.645161
0.055556,0.247231,1.633333,29.506971,1.821053,20.000000,0.620253
0.055556,1.000000,2.000000,30.000000,2.215686,18.000000,0.666667
0.055556,1.000000,2.666667,27.084331,2.215686,18.000000,0.727273
0.055556,0.262442,1.736842,24.260074,1.946237,31.000000,0.634615
0.200000,0.136903,2.500000,19.846015,1.000000,5.000000,0.714286
0.055556,0.525035,2.000000,30.000000,2.215686,18.000000,0.666667
0.055556,0.247231,1.633333,29.506971,1.821053,20.000000,0.620253
0.055556,1.000000,2.666667,27.084331,2.215686,18.000000,0.727273
0.055556,0.262442,1.736842,24.260074,1.946237,31.000000,0.634615
0.200000,0.390213,2.500000,25.585883,1.000000,5.000000,0.714286
0.200000,1.000000,2.666667,27.084331,2.215686,18.000000,0.727273
0.200000,1.000000,1.818182,30.000000,2.215686,18.000000,0.645161
0.055556,0.247231,1.633333,29.506971,1.821053,20.000000,0.620253
0.055556,1.000000,2.000000,30.000000,2.215686,18.000000,0.666667
0.076923,0.802539,1.869565,25.339617,1.950000,16.000000,0.651515
0.076923,0.801683,1.869565,25.339617,1.950000,16.000000,0.651515
0.200000,0.613795,2.666667,28.701993,1.200000,5.000000,0.727273
0.166667,0.213722,2.137931,26.225090,1.738095,21.000000,0.681319
0.166667,0.017000,3.176471,29.239520,1.647059,18.000000,0.760563
0.166667,0.017000,3.176471,29.239520,1.647059,18.000000,0.760563
0.250000,0.970788,15.428571,25.505233,1.888889,27.000000,0.939130
0.250000,0.736203,13.857143,28.793486,1.636364,23.000000,0.932692
0.250000,0.512421,1.205882,24.646397,1.800000,16.000000,0.546667
0.066667,0.003404,1.727273,28.453879,1.818182,22.000000,0.633333
0.142857,0.250425,1.633333,29.506971,1.821053,20.000000,0.620253
0.066667,0.003404,1.727273,28.453879,1.818182,22.000000,0.633333
0.166667,0.250425,1.633333,29.506971,1.821053,20.000000,0.620253
0.166667,0.339568,1.833333,27.653176,1.266667,6.000000,0.647059
0.142857,0.250425,1.633333,29.506971,1.821053,20.000000,0.620253
0.166667,0.339568,1.833333,27.653176,1.266667,6.000000,0.647059
0.166667,0.250425,1.633333,29.506971,1.821053,20.000000,0.620253
0.055556,0.451318,1.487179,29.708381,1.849802,23.000000,0.597938
0.055556,0.984439,2.835821,23.281558,2.441649,54.000000,0.739300
0.062500,0.941809,1.736842,24.532604,1.946237,31.000000,0.634615
0.066667,0.901148,2.043478,26.318462,1.988462,40.000000,0.671429
0.034483,0.942572,1.652174,26.505120,2.017460,36.000000,0.622951
0.034483,0.198734,1.980000,27.539120,1.854680,29.000000,0.664430
0.111111,0.056000,2.600000,27.583923,1.638889,9.000000,0.722222
0.111111,0.984439,2.835821,23.281558,2.441649,54.000000,0.739300
0.030303,0.984439,2.835821,23.281558,2.441649,54.000000,0.739300
0.030303,0.044394,2.222222,27.940714,1.857955,33.000000,0.689655
0.066667,0.931947,1.836735,22.527185,1.916256,29.000000,0.647482
0.066667,0.255876,1.920000,29.203803,1.777778,19.000000,0.657534
0.045455,0.984439,2.835821,23.281558,2.441649,54.000000,0.739300
0.045455,0.188948,2.166667,27.884752,1.662338,22.000000,0.684211
0.055556,0.984439,2.835821,23.281558,2.441649,54.000000,0.739300
0.055556,0.451318,1.487179,29.708381,1.849802,23.000000,0.597938
0.066667,0.984439,2.835821,23.281558,2.441649,54.000000,0.739300
0.066667,0.931947,1.836735,22.527185,1.916256,29.000000,0.647482
0.066667,0.277569,1.920000,29.203803,1.777778,19.000000,0.657534
0.142857,0.944472,1.706897,24.796332,1.946237,31.000000,0.630573
0.125000,1.000000,1.636364,19.345144,1.357143,8.000000,0.620690
0.125000,0.306360,2.666667,27.101636,1.644444,10.000000,0.727273
0.125000,0.057744,2.080000,28.608767,1.726316,20.000000,0.675325
0.125000,1.000000,1.636364,19.345144,1.357143,8.000000,0.620690
0.142857,0.380344,2.083333,17.849248,1.807692,13.000000,0.675676
0.142857,0.824405,2.187500,21.588449,2.098039,18.000000,0.686275
0.111111,1.000000,2.428571,22.989592,1.611111,9.000000,0.708333
0.111111,0.146278,2.733333,26.407397,1.776667,25.000000,0.732143
0.100000,0.200018,1.246377,25.154264,1.914943,30.000000,0.554839
0.083333,0.043343,2.560000,29.256197,1.663158,20.000000,0.719101
0.033333,0.053194,1.384615,21.968054,2.089015,33.000000,0.580645
0.033333,0.133251,2.878788,28.767560,1.894949,55.000000,0.742188
0.033333,0.053194,1.384615,21.968054,2.089015,33.000000,0.580645
0.033333,0.133251,2.878788,28.767560,1.894949,55.000000,0.742188
0.100000,0.868627,1.739130,24.292363,1.571429,14.000000,0.634921
0.166667,0.987711,2.750000,20.693035,1.266667,6.000000,0.733333
0.066667,0.337147,1.333333,26.815809,1.733333,15.000000,0.571429
0.066667,0.004553,2.735849,29.527041,1.901299,56.000000,0.732323
0.066667,0.337147,1.333333,26.815809,1.733333,15.000000,0.571429
0.066667,0.004553,2.735849,29.527041,1.901299,56.000000,0.732323
0.166667,0.981381,2.750000,20.693035,1.266667,6.000000,0.733333
0.200000,0.077339,2.800000,27.610031,1.913793,29.000000,0.736842
0.125000,0.385567,1.888889,12.831202,1.392857,8.000000,0.653846
0.100000,0.252215,1.194444,26.439205,1.914943,30.000000,0.544304
0.050000,0.086642,2.222222,28.505983,1.857955,33.000000,0.689655
0.050000,0.181297,1.714286,25.376877,1.826316,20.000000,0.631579
0.111111,0.037128,1.500000,15.445935,1.555556,9.000000,0.600000
0.111111,1.000000,1.869565,25.984709,1.797386,18.000000,0.651515
0.066667,0.543475,2.600000,28.255432,1.628571,15.000000,0.722222
0.066667,0.134614,1.965517,21.002744,1.809524,21.000000,0.662791
0.066667,0.543475,2.600000,28.255432,1.628571,15.000000,0.722222
0.066667,0.134614,1.965517,21.002744,1.809524,21.000000,0.662791
0.250000,0.268878,1.611111,28.876997,1.849802,23.000000,0.617021
0.250000,0.268878,1.611111,28.876997,1.849802,23.000000,0.617021
0.111111,0.100726,1.555556,30.000000,1.823529,18.000000,0.608696
0.111111,0.174115,1.555556,30.000000,1.823529,18.000000,0.608696
0.250000,0.557547,1.850000,28.579485,1.845588,17.000000,0.649123
0.250000,0.268878,1.611111,28.876997,1.849802,23.000000,0.617021
0.250000,0.268878,1.611111,28.876997,1.849802,23.000000,0.617021
0.250000,0.476032,1.850000,28.579485,1.845588,17.000000,0.649123
0.142857,0.221743,2.200000,19.976015,1.523810,7.000000,0.687500
0.166667,0.080402,2.037037,24.446904,2.379447,23.000000,0.670732
0.166667,0.098909,2.037037,24.446904,2.379447,23.000000,0.670732
0.166667,0.091914,2.037037,24.446904,2.379447,23.000000,0.670732
0.166667,0.301385,2.037037,24.446904,2.379447,23.000000,0.670732
0.066667,0.078455,2.642857,25.092111,1.647619,15.000000,0.725490
0.066667,0.752075,1.914894,27.806558,1.645022,22.000000,0.656934
0.066667,0.843929,1.914894,27.806558,1.645022,22.000000,0.656934
0.066667,0.078455,2.642857,25.092111,1.647619,15.000000,0.725490
0.142857,0.581484,1.555556,21.571429,1.333333,7.000000,0.608696
0.142857,0.133770,3.181818,27.004599,1.841897,23.000000,0.760870
0.200000,0.114623,1.743590,26.218848,1.983333,25.000000,0.635514
0.142857,0.119455,2.454545,24.231471,1.563636,11.000000,0.710526
0.043478,0.039170,2.037037,27.718350,2.379447,23.000000,0.670732
0.043478,0.319780,1.558140,27.076865,1.949735,28.000000,0.609091
0.043478,0.319780,1.558140,27.076865,1.949735,28.000000,0.609091
0.043478,0.301074,2.037037,27.718350,2.379447,23.000000,0.670732
0.076923,0.085885,3.064516,27.800132,1.894949,55.000000,0.753968
0.043478,0.319780,1.558140,27.076865,1.949735,28.000000,0.609091
0.043478,0.121402,2.037037,27.718350,2.379447,23.000000,0.670732
0.043478,0.319780,1.558140,27.076865,1.949735,28.000000,0.609091
0.043478,0.301074,2.037037,27.718350,2.379447,23.000000,0.670732
0.125000,0.421984,2.666667,27.137142,1.428571,8.000000,0.727273
0.125000,0.319780,1.558140,27.076865,1.949735,28.000000,0.609091
0.076923,0.085885,3.064516,27.800132,1.894949,55.000000,0.753968
0.043478,0.121402,2.037037,27.718350,2.379447,23.000000,0.670732
0.043478,0.319780,1.558140,27.076865,1.949735,28.000000,0.609091
0.043478,0.319780,1.558140,27.076865,1.949735,28.000000,0.609091
0.043478,0.211108,2.037037,27.718350,2.379447,23.000000,0.670732
0.043478,0.039170,2.037037,27.718350,2.379447,23.000000,0.670732
0.043478,0.319780,1.558140,27.076865,1.949735,28.000000,0.609091
0.076923,0.085885,3.064516,27.800132,1.894949,55.000000,0.753968
0.125000,0.421984,2.666667,27.137142,1.428571,8.000000,0.727273
0.125000,0.319780,1.558140,27.076865,1.949735,28.000000,0.609091
0.043478,0.319780,1.558140,27.076865,1.949735,28.000000,0.609091
0.043478,0.211108,2.037037,27.718350,2.379447,23.000000,0.670732
0.076923,0.085885,3.064516,27.800132,1.894949,55.000000,0.753968
0.142857,0.109215,1.888889,28.380164,1.527778,9.000000,0.653846
0.142857,0.191079,3.250000,27.871313,1.428571,7.000000,0.764706
0.166667,0.087778,2.682927,27.277611,1.909677,31.000000,0.728477
0.071429,0.148378,3.000000,28.059674,1.894949,55.000000,0.750000
0.166667,0.942358,1.444444,28.147021,1.607843,18.000000,0.590909
0.166667,0.885604,1.444444,28.147021,1.607843,18.000000,0.590909
0.071429,0.148378,3.000000,28.059674,1.894949,55.000000,0.750000
0.142857,0.779087,2.000000,30.000000,1.908333,16.000000,0.666667
0.142857,0.779087,2.000000,30.000000,1.908333,16.000000,0.666667
0.142857,1.000000,1.571429,21.223037,1.476190,7.000000,0.611111
0.142857,0.569465,1.862069,21.347359,1.863158,20.000000,0.650602
0.100000,0.103486,2.000000,26.537251,1.696970,12.000000,0.666667
0.100000,0.907695,1.692308,27.000000,1.577778,10.000000,0.628571
0.100000,0.592245,1.692308,27.000000,1.577778,10.000000,0.628571
0.100000,0.044455,2.233333,26.806018,1.757246,24.000000,0.690722
0.125000,0.764877,3.000000,28.597015,1.769231,13.000000,0.750000
0.100000,0.592245,1.692308,27.000000,1.577778,10.000000,0.628571
0.100000,0.103486,2.000000,26.537251,1.696970,12.000000,0.666667
0.100000,0.044455,2.233333,26.806018,1.757246,24.000000,0.690722
0.100000,0.907695,1.692308,27.000000,1.577778,10.000000,0.628571
0.111111,0.473675,2.037037,24.446904,2.379447,23.000000,0.670732
0.111111,0.387308,1.625000,28.981535,1.563636,11.000000,0.619048
0.125000,0.784536,2.428571,25.939793,1.428571,8.000000,0.708333
0.125000,0.299932,1.900000,27.837081,1.424242,12.000000,0.655172
0.142857,0.034453,2.233333,26.806018,1.757246,24.000000,0.690722
0.111111,0.048663,2.037037,24.446904,2.379447,23.000000,0.670732
0.200000,0.602697,1.666667,19.154243,1.670330,14.000000,0.625000
0.111111,0.034614,2.037037,24.446904,2.379447,23.000000,0.670732
0.166667,0.284957,2.619048,26.497141,1.640523,18.000000,0.723684
0.100000,0.106419,2.673203,26.484727,2.044087,77.000000,0.727758
0.100000,0.266266,5.333333,26.180583,1.311111,10.000000,0.842105
0.100000,0.266266,5.333333,26.180583,1.311111,10.000000,0.842105
0.100000,0.106419,2.673203,26.484727,2.044087,77.000000,0.727758
0.200000,0.048669,1.454545,26.049848,1.795238,21.000000,0.592593
0.250000,0.241863,2.120000,30.000000,2.057143,21.000000,0.679487
0.035714,0.205459,1.953488,22.757217,2.384946,31.000000,0.661417
0.035714,0.067671,1.562500,27.258031,1.972043,31.000000,0.609756
0.125000,0.121283,1.720930,27.905947,1.956322,30.000000,0.632479
0.125000,0.121283,1.720930,27.905947,1.956322,30.000000,0.632479
0.250000,0.105516,2.120000,30.000000,2.057143,21.000000,0.679487
0.250000,0.105516,2.120000,30.000000,2.057143,21.000000,0.679487
0.035714,0.067671,1.562500,27.258031,1.972043,31.000000,0.609756
0.035714,0.205459,1.953488,22.757217,2.384946,31.000000,0.661417
0.250000,0.581283,2.120000,30.000000,2.057143,21.000000,0.679487
0.090909,0.162019,2.730769,26.467640,1.894928,24.000000,0.731959
0.100000,0.212750,2.192308,28.571429,1.980952,21.000000,0.686747
0.166667,0.551414,1.571429,26.030667,1.266667,6.000000,0.611111
0.100000,0.246708,2.192308,28.571429,1.980952,21.000000,0.686747
0.083333,0.146679,1.277778,27.821296,1.907527,31.000000,0.560976
0.100000,0.216503,2.192308,28.571429,1.980952,21.000000,0.686747
0.100000,0.212750,2.192308,28.571429,1.980952,21.000000,0.686747
0.100000,0.010973,3.000000,28.045391,1.928795,72.000000,0.750000
0.100000,0.010973,3.000000,28.045391,1.928795,72.000000,0.750000
0.200000,0.122807,2.000000,6.807336,1.400000,5.000000,0.666667
0.090909,0.274079,2.250000,27.501360,1.563636,11.000000,0.692308
0.052632,0.262815,2.391304,30.000000,2.379447,23.000000,0.705128
0.052632,0.094060,1.953488,22.757217,2.384946,31.000000,0.661417
0.125000,0.059645,2.391304,30.000000,2.379447,23.000000,0.705128
0.125000,1.000000,2.391304,30.000000,2.379447,23.000000,0.705128
0.125000,0.047572,2.391304,30.000000,2.379447,23.000000,0.705128
0.052632,0.037881,2.391304,30.000000,2.379447,23.000000,0.705128
0.052632,0.094060,1.953488,22.757217,2.384946,31.000000,0.661417
0.052632,1.000000,2.391304,30.000000,2.379447,23.000000,0.705128
0.052632,0.094060,1.953488,22.757217,2.384946,31.000000,0.661417
0.052632,0.059645,2.391304,30.000000,2.379447,23.000000,0.705128
0.052632,0.094060,1.953488,22.757217,2.384946,31.000000,0.661417
0.125000,0.270962,2.391304,30.000000,2.379447,23.000000,0.705128
0.142857,1.000000,1.953488,22.757217,2.384946,31.000000,0.661417
0.142857,0.888110,1.714286,22.883484,1.871345,19.000000,0.631579
0.250000,0.093023,2.166667,25.125644,1.607143,8.000000,0.684211
0.090909,0.107761,1.347826,16.553482,1.575758,12.000000,0.574074
0.090909,0.219983,1.418919,26.626725,1.893939,33.000000,0.586592
0.200000,0.031287,2.000000,26.786913,1.869565,24.000000,0.666667
0.111111,0.304157,1.666667,19.911571,1.472727,11.000000,0.625000
0.111111,0.152542,1.636364,22.023815,1.500000,9.000000,0.620690
0.200000,0.031287,2.000000,26.786913,1.869565,24.000000,0.666667
0.100000,0.136817,3.285714,23.560500,1.511111,10.000000,0.766667
0.111111,0.030876,1.707317,28.800000,1.766667,25.000000,0.630631
0.111111,0.030876,1.707317,28.800000,1.766667,25.000000,0.630631
0.142857,0.915991,1.875000,27.873281,1.285714,7.000000,0.652174
0.125000,0.007876,3.857143,26.669600,1.717949,13.000000,0.794118
0.125000,0.033868,3.000000,26.609245,1.791209,14.000000,0.750000
0.066667,0.291144,1.857143,18.431906,1.984615,26.000000,0.650000
0.038462,0.175193,1.574074,27.140642,2.022167,29.000000,0.611511
0.038462,0.291144,1.857143,18.431906,1.984615,26.000000,0.650000
0.166667,0.690831,1.000000,26.902779,1.843137,18.000000,0.500000
0.076923,0.000000,2.551724,27.753363,1.841897,23.000000,0.718447
0.076923,0.232459,1.933333,22.619405,1.717949,13.000000,0.659091
0.250000,0.648350,2.611111,26.741668,2.010526,20.000000,0.723077
0.250000,0.648350,2.611111,26.741668,2.010526,20.000000,0.723077
0.250000,0.629691,2.285714,29.393488,1.238095,7.000000,0.695652
0.250000,0.832296,2.285714,29.393488,1.238095,7.000000,0.695652
0.142857,0.083170,2.900000,28.467636,1.952632,76.000000,0.743590
0.142857,0.083170,2.900000,28.467636,1.952632,76.000000,0.743590
0.090909,0.144252,1.687500,30.000000,1.771930,19.000000,0.627907
0.090909,0.060939,2.896552,28.839184,1.917808,73.000000,0.743363
0.090909,0.144252,1.687500,30.000000,1.771930,19.000000,0.627907
0.090909,0.531543,1.687500,30.000000,1.771930,19.000000,0.627907
0.090909,0.060939,2.896552,28.839184,1.917808,73.000000,0.743363
0.090909,0.571179,1.687500,30.000000,1.771930,19.000000,0.627907
0.166667,0.201090,1.857143,22.319264,1.380952,7.000000,0.650000
0.142857,0.253037,2.000000,19.894639,1.523810,7.000000,0.666667
0.142857,0.203778,3.423077,21.243456,2.310160,34.000000,0.773913
0.071429,0.027238,1.954545,26.454719,1.931624,27.000000,0.661538
0.071429,0.255353,1.606061,28.853547,1.768473,29.000000,0.616279
0.142857,0.203778,3.423077,21.243456,2.310160,34.000000,0.773913
0.142857,0.253037,2.000000,19.894639,1.523810,7.000000,0.666667
0.083333,0.015622,1.730159,29.108436,2.016129,32.000000,0.633721
0.083333,0.310654,3.000000,25.645422,1.712121,12.000000,0.750000
0.083333,0.310654,3.000000,25.645422,1.712121,12.000000,0.750000
0.083333,0.015622,1.730159,29.108436,2.016129,32.000000,0.633721
0.111111,0.000000,2.000000,23.942078,1.388889,9.000000,0.666667
0.111111,0.204129,2.483871,22.028887,2.087486,43.000000,0.712963
0.142857,0.000000,3.333333,26.690367,1.571429,7.000000,0.769231
0.142857,0.271739,2.000000,19.725217,1.901099,14.000000,0.666667
0.111111,0.271739,2.000000,19.725217,1.901099,14.000000,0.666667
0.111111,0.110358,2.428571,27.660757,1.583333,9.000000,0.708333
0.100000,0.344683,3.125000,25.746867,1.444444,10.000000,0.757576
0.166667,0.294921,3.666667,22.847133,1.266667,6.000000,0.785714
0.111111,0.113228,1.285714,22.176124,1.555556,9.000000,0.562500
0.045455,0.215211,2.923077,25.163304,1.759140,31.000000,0.745098
0.250000,0.555134,6.000000,28.581040,1.000000,4.000000,0.857143
0.100000,0.299232,1.500000,29.077100,2.080214,34.000000,0.600000
0.050000,0.264082,1.980000,27.539120,1.854680,29.000000,0.664430
0.050000,0.184508,2.193548,18.983675,1.642105,20.000000,0.686869
0.100000,0.299232,1.500000,29.077100,2.080214,34.000000,0.600000
0.111111,0.220664,1.285714,27.912900,1.555556,9.000000,0.562500
0.125000,0.836067,2.000000,24.096175,1.428571,8.000000,0.666667
0.125000,0.017659,2.387097,18.544365,1.647619,21.000000,0.704762
0.076923,0.021012,1.367816,28.446189,1.896825,36.000000,0.577670
0.076923,0.061888,2.466667,28.476927,1.841897,23.000000,0.711538
0.100000,0.532419,1.606061,28.788784,1.768473,29.000000,0.616279
0.100000,0.194697,2.442308,27.547167,1.726882,31.000000,0.709497
0.083333,0.565148,2.823529,15.852506,1.777778,18.000000,0.738462
0.083333,0.434485,1.366667,22.350135,1.582418,14.000000,0.577465
0.142857,0.278722,1.267857,27.904512,1.783550,22.000000,0.559055
0.058824,0.163403,2.811688,29.533046,1.915217,74.000000,0.737649
0.058824,0.555379,2.210526,26.020628,1.897059,17.000000,0.688525
0.058824,0.163403,2.811688,29.533046,1.915217,74.000000,0.737649
0.058824,0.555379,2.210526,26.020628,1.897059,17.000000,0.688525
0.032258,0.305517,1.277778,27.821296,1.907527,31.000000,0.560976
0.032258,0.059535,2.831933,28.087136,1.896880,62.000000,0.739035
0.032258,0.305517,1.277778,27.821296,1.907527,31.000000,0.560976
0.032258,0.059535,2.831933,28.087136,1.896880,62.000000,0.739035
0.200000,0.747447,1.500000,26.970728,2.024615,26.000000,0.600000
0.066667,0.029200,3.968750,29.083808,2.280488,41.000000,0.798742
0.066667,0.474755,3.090909,21.919726,1.866667,15.000000,0.755556
0.055556,0.669873,1.838710,28.084737,1.890476,21.000000,0.647727
0.055556,0.169825,2.090909,26.752153,1.856209,18.000000,0.676471
0.066667,0.474755,3.090909,21.919726,1.866667,15.000000,0.755556
0.066667,0.029200,3.968750,29.083808,2.280488,41.000000,0.798742
0.166667,0.132858,2.937500,30.000000,1.608333,16.000000,0.746032
0.062500,0.311303,1.269231,19.327196,1.933333,16.000000,0.559322
0.062500,0.102627,1.782609,28.359915,1.873016,36.000000,0.640625
0.166667,0.132858,2.937500,30.000000,1.608333,16.000000,0.746032
0.166667,0.410327,2.250000,28.225537,1.400000,6.000000,0.692308
0.100000,0.881995,1.191304,24.672906,1.904762,36.000000,0.543651
0.100000,0.850999,1.434783,26.970428,1.769231,14.000000,0.589286
0.142857,0.537690,1.500000,22.197482,1.476190,7.000000,0.600000
0.142857,0.873221,1.307692,28.807581,1.828571,15.000000,0.566667
0.100000,0.818793,1.191304,24.672906,1.904762,36.000000,0.543651
0.100000,0.850999,1.434783,26.970428,1.769231,14.000000,0.589286
0.090909,0.371323,1.594203,29.633140,2.047348,33.000000,0.614525
0.090909,0.371323,1.594203,29.633140,2.047348,33.000000,0.614525
0.200000,0.418207,4.333333,27.702538,1.380952,7.000000,0.812500
0.076923,0.000000,7.500000,27.568727,1.487179,13.000000,0.882353
0.076923,0.072417,2.783784,27.087449,2.003912,72.000000,0.735714
0.076923,0.072417,2.783784,27.087449,2.003912,72.000000,0.735714
0.076923,0.000000,7.500000,27.568727,1.487179,13.000000,0.882353
0.066667,0.275850,1.654545,26.074094,2.016092,30.000000,0.623288
0.066667,0.345459,1.521739,30.000000,1.766667,25.000000,0.603448
0.066667,0.433239,3.625000,25.496021,1.824561,19.000000,0.783784
0.066667,0.345459,1.521739,30.000000,1.766667,25.000000,0.603448
0.250000,0.961452,2.000000,27.303997,1.000000,4.000000,0.666667
0.111111,0.327031,2.428571,27.481548,1.583333,9.000000,0.708333
0.111111,0.175144,2.466667,28.404429,1.841897,23.000000,0.711538
0.250000,0.276669,3.200000,24.652878,1.692308,13.000000,0.761905
0.058824,0.850573,1.188525,25.605518,1.897898,37.000000,0.543071
0.125000,0.134751,2.843137,28.893681,1.901299,56.000000,0.739796
0.200000,0.472090,2.333333,26.315568,1.600000,10.000000,0.700000
0.100000,0.146735,3.011364,27.450468,1.901306,53.000000,0.750708
0.100000,0.584366,1.583333,16.948431,1.666667,10.000000,0.612903
0.071429,0.908700,1.238532,23.439472,1.853832,34.000000,0.553279
0.071429,1.000000,1.521739,15.684923,1.670330,14.000000,0.603448
0.058824,0.901084,1.188525,25.605518,1.897898,37.000000,0.543071
0.142857,0.277918,2.663636,29.476160,1.904135,57.000000,0.727047
0.142857,0.042301,2.285714,20.960725,1.238095,7.000000,0.695652
0.200000,0.303493,2.490566,26.679354,1.891403,52.000000,0.713514
0.111111,0.836810,2.025000,26.182748,1.600000,20.000000,0.669421
0.100000,0.584366,1.583333,16.948431,1.666667,10.000000,0.612903
0.100000,0.146735,3.011364,27.450468,1.901306,53.000000,0.750708
0.142857,0.277918,2.663636,29.476160,1.904135,57.000000,0.727047
0.142857,0.042301,2.285714,20.960725,1.238095,7.000000,0.695652
0.200000,0.303493,2.490566,26.679354,1.891403,52.000000,0.713514
0.125000,0.134751,2.843137,28.893681,1.901299,56.000000,0.739796
0.062500,0.176521,1.269231,19.327196,1.933333,16.000000,0.559322
0.062500,0.148846,2.773973,27.590078,1.945127,68.000000,0.735027
0.071429,1.000000,1.521739,15.684923,1.670330,14.000000,0.603448
0.071429,0.853455,1.238532,23.439472,1.853832,34.000000,0.553279
0.111111,0.727090,2.025000,26.182748,1.600000,20.000000,0.669421
0.062500,0.148846,2.773973,27.590078,1.945127,68.000000,0.735027
0.062500,0.176521,1.269231,19.327196,1.933333,16.000000,0.559322
0.250000,0.007453,2.800000,26.934602,1.571429,8.000000,0.736842
0.031250,0.168466,2.411765,29.633140,2.079545,33.000000,0.706897
0.031250,0.170973,1.588235,26.013336,1.945565,32.000000,0.613636
0.031250,0.259104,2.411765,29.633140,2.079545,33.000000,0.706897
0.031250,0.170973,1.588235,26.013336,1.945565,32.000000,0.613636
0.031250,0.259104,2.411765,29.633140,2.079545,33.000000,0.706897
0.031250,0.170973,1.588235,26.013336,1.945565,32.000000,0.613636
0.031250,0.168466,2.411765,29.633140,2.079545,33.000000,0.706897
0.031250,0.170973,1.588235,26.013336,1.945565,32.000000,0.613636
0.250000,0.215450,1.900000,27.702026,1.688889,10.000000,0.655172
0.200000,0.177878,1.521739,30.000000,1.766667,25.000000,0.603448
0.052632,0.195090,1.740741,28.442908,1.923977,19.000000,0.635135
0.052632,0.016585,2.000000,26.786913,1.869565,24.000000,0.666667
0.090909,0.040007,1.750000,29.386714,1.766667,25.000000,0.636364
0.052632,0.195090,1.740741,28.442908,1.923977,19.000000,0.635135
0.052632,0.016585,2.000000,26.786913,1.869565,24.000000,0.666667
0.200000,0.177878,1.521739,30.000000,1.766667,25.000000,0.603448
0.090909,0.040007,1.750000,29.386714,1.766667,25.000000,0.636364
0.111111,0.074801,4.147059,28.524084,2.330303,45.000000,0.805714
0.111111,0.074801,4.147059,28.524084,2.330303,45.000000,0.805714
0.090909,0.000000,1.692308,30.000000,1.666667,12.000000,0.628571
0.133333,0.988697,1.916667,17.779717,1.779412,17.000000,0.657143
0.133333,0.106152,1.916667,17.779717,1.779412,17.000000,0.657143
0.050000,0.455138,1.936170,28.093798,1.862069,29.000000,0.659420
0.200000,0.595395,1.538462,29.359352,1.781818,11.000000,0.606061
0.166667,0.716399,1.666667,27.737177,1.781818,11.000000,0.625000
0.166667,0.052632,4.500000,26.061017,1.400000,6.000000,0.818182
0.066667,0.956961,2.551724,28.253809,1.841897,23.000000,0.718447
0.066667,0.348035,2.250000,22.223951,1.761905,15.000000,0.692308
0.250000,0.239271,1.769231,26.890255,1.803030,12.000000,0.638889
0.250000,0.016807,6.000000,23.231406,1.000000,4.000000,0.857143
0.066667,0.203466,1.545455,21.091868,1.908333,16.000000,0.607143
0.047619,0.147574,1.909091,28.172926,1.780952,21.000000,0.656250
0.047619,0.152356,1.909091,28.172926,1.780952,21.000000,0.656250
0.047619,0.147574,1.909091,28.172926,1.780952,21.000000,0.656250
0.047619,0.147574,1.909091,28.172926,1.780952,21.000000,0.656250
0.050000,0.174386,1.840000,28.595916,1.942105,20.000000,0.647887
0.066667,0.087503,2.400000,27.404651,1.779310,30.000000,0.705882
0.083333,1.000000,1.953488,22.757217,2.384946,31.000000,0.661417
0.050000,0.001344,1.936170,26.646493,2.016092,30.000000,0.659420
0.142857,0.435928,3.178571,22.625333,2.310160,34.000000,0.760684
0.142857,0.908068,2.800000,16.621958,1.333333,7.000000,0.736842
0.050000,0.245659,2.116279,26.034554,1.874644,27.000000,0.679104
0.066667,0.203466,1.545455,21.091868,1.908333,16.000000,0.607143
0.083333,0.917543,1.325581,28.711330,1.922078,22.000000,0.570000
0.066667,0.087503,2.400000,27.404651,1.779310,30.000000,0.705882
0.200000,0.582405,2.400000,28.879221,1.428571,7.000000,0.705882
0.142857,0.908068,2.800000,16.621958,1.333333,7.000000,0.736842
0.142857,0.435928,3.178571,22.625333,2.310160,34.000000,0.760684
0.062500,0.536804,3.055556,24.364426,1.640523,18.000000,0.753425
0.062500,0.419965,2.125000,29.790399,1.908333,16.000000,0.680000
0.062500,0.419965,2.125000,29.790399,1.908333,16.000000,0.680000
0.062500,0.536804,3.055556,24.364426,1.640523,18.000000,0.753425
0.083333,0.142857,2.000000,24.430359,2.045455,12.000000,0.666667
0.083333,0.281416,2.058824,27.734783,1.837945,23.000000,0.673077
0.200000,0.247083,2.058824,27.734783,1.837945,23.000000,0.673077
0.200000,0.281416,2.058824,27.734783,1.837945,23.000000,0.673077
0.200000,0.247083,2.058824,27.734783,1.837945,23.000000,0.673077
0.083333,0.247083,2.058824,27.734783,1.837945,23.000000,0.673077
0.083333,0.142857,2.000000,24.430359,2.045455,12.000000,0.666667
0.200000,0.247083,2.058824,27.734783,1.837945,23.000000,0.673077
0.083333,0.142857,2.000000,24.430359,2.045455,12.000000,0.666667
0.083333,0.247083,2.058824,27.734783,1.837945,23.000000,0.673077
0.083333,0.247083,2.058824,27.734783,1.837945,23.000000,0.673077
0.083333,0.142857,2.000000,24.430359,2.045455,12.000000,0.666667
0.055556,0.100941,1.625000,26.247242,2.016092,30.000000,0.619048
0.076923,0.153182,3.200000,25.050488,1.820513,13.000000,0.761905
0.055556,0.141063,2.354167,22.305172,2.099099,37.000000,0.701863
0.055556,0.145123,3.428571,27.329486,1.818318,37.000000,0.774194
0.062500,0.052699,1.269231,19.327196,1.933333,16.000000,0.559322
0.062500,0.586705,2.333333,30.000000,1.719298,19.000000,0.700000
0.062500,0.586705,2.333333,30.000000,1.719298,19.000000,0.700000
0.062500,0.052699,1.269231,19.327196,1.933333,16.000000,0.559322
0.062500,0.052699,1.269231,19.327196,1.933333,16.000000,0.559322
0.062500,0.586705,2.333333,30.000000,1.719298,19.000000,0.700000
0.062500,0.446331,2.333333,30.000000,1.719298,19.000000,0.700000
0.062500,0.052699,1.269231,19.327196,1.933333,16.000000,0.559322
0.250000,0.384720,5.500000,30.000000,1.600000,10.000000,0.846154
0.200000,0.568423,3.200000,24.652878,1.692308,13.000000,0.761905
0.250000,0.363056,5.500000,30.000000,1.600000,10.000000,0.846154
0.250000,0.144451,5.500000,30.000000,1.600000,10.000000,0.846154
0.076923,0.163598,2.298246,24.917498,2.104878,41.000000,0.696809
0.250000,0.463146,2.200000,28.780164,1.690909,11.000000,0.687500
0.083333,0.008130,4.500000,27.485857,1.621212,12.000000,0.818182
0.250000,0.463146,2.200000,28.780164,1.690909,11.000000,0.687500
0.250000,0.126718,1.588235,26.013336,1.945565,32.000000,0.613636
0.250000,0.126718,1.588235,26.013336,1.945565,32.000000,0.613636
0.200000,0.131795,2.456522,20.995406,2.099099,37.000000,0.710692
0.250000,0.035179,1.666667,29.377322,2.152439,41.000000,0.625000
0.125000,0.758242,11.000000,20.466738,1.785714,8.000000,0.916667
0.250000,0.035179,1.666667,29.377322,2.152439,41.000000,0.625000
0.125000,0.263042,2.250000,19.962291,1.392857,8.000000,0.692308
0.125000,0.069299,5.500000,30.000000,1.600000,10.000000,0.846154
0.125000,0.263042,2.250000,19.962291,1.392857,8.000000,0.692308
0.125000,0.122612,5.500000,30.000000,1.600000,10.000000,0.846154
0.125000,0.188430,5.500000,30.000000,1.600000,10.000000,0.846154
0.125000,0.263042,2.250000,19.962291,1.392857,8.000000,0.692308
0.111111,0.006041,1.714286,28.729076,2.132254,39.000000,0.631579
0.111111,0.006041,1.714286,28.729076,2.132254,39.000000,0.631579
0.250000,1.000000,4.000000,11.690775,1.333333,4.000000,0.800000
0.166667,0.154397,2.276596,27.157275,1.891954,30.000000,0.694805
0.100000,0.031990,1.857143,25.729691,1.647619,15.000000,0.650000
0.142857,0.016807,1.625000,25.319624,1.380952,7.000000,0.619048
0.062500,0.481585,1.842105,25.772791,1.872984,32.000000,0.648148
0.062500,0.000000,1.715909,28.406692,2.174747,45.000000,0.631799
0.062500,0.000000,1.715909,28.406692,2.174747,45.000000,0.631799
0.062500,0.481585,1.842105,25.772791,1.872984,32.000000,0.648148
0.250000,0.073715,2.090909,23.670653,1.942105,20.000000,0.676471
0.076923,0.031504,1.694444,28.489998,1.956710,22.000000,0.628866
0.142857,0.085714,1.555556,21.144475,1.333333,7.000000,0.608696
0.166667,0.403020,1.833333,13.511342,1.607143,8.000000,0.647059
0.166667,0.004115,3.000000,28.625419,1.400000,6.000000,0.750000
0.111111,0.034483,2.142857,27.346936,1.666667,9.000000,0.681818
0.111111,0.798558,2.476190,26.915242,1.790323,32.000000,0.712329
0.090909,0.572869,2.055556,27.726609,1.772308,26.000000,0.672727
0.076923,0.004149,2.473684,23.275798,1.895425,18.000000,0.712121
0.083333,0.370074,2.000000,25.885309,2.045455,12.000000,0.666667
0.083333,0.074592,2.405405,26.269617,1.833846,26.000000,0.706349
0.200000,0.372780,2.405405,26.269617,1.833846,26.000000,0.706349
0.200000,0.074592,2.405405,26.269617,1.833846,26.000000,0.706349
0.200000,0.372780,2.405405,26.269617,1.833846,26.000000,0.706349
0.083333,0.372780,2.405405,26.269617,1.833846,26.000000,0.706349
0.083333,0.370074,2.000000,25.885309,2.045455,12.000000,0.666667
0.200000,0.372780,2.405405,26.269617,1.833846,26.000000,0.706349
0.083333,0.372780,2.405405,26.269617,1.833846,26.000000,0.706349
0.083333,0.370074,2.000000,25.885309,2.045455,12.000000,0.666667
0.083333,0.372780,2.405405,26.269617,1.833846,26.000000,0.706349
0.083333,0.370074,2.000000,25.885309,2.045455,12.000000,0.666667
0.250000,0.008333,2.250000,27.660040,1.500000,9.000000,0.692308
0.166667,0.315369,2.185185,27.346184,1.878947,20.000000,0.686047
0.166667,0.932865,3.500000,18.875536,1.500000,8.000000,0.777778
0.166667,0.196815,1.642857,28.001026,1.803030,12.000000,0.621622
0.090909,0.898268,1.727273,28.834646,1.582418,14.000000,0.633333
0.250000,0.406222,1.862069,28.631579,1.771930,19.000000,0.650602
0.250000,0.369823,1.862069,28.631579,1.771930,19.000000,0.650602
0.250000,0.705469,1.862069,28.631579,1.771930,19.000000,0.650602
0.111111,0.839354,2.250000,26.581625,1.782609,24.000000,0.692308
0.250000,0.705469,1.862069,28.631579,1.771930,19.000000,0.650602
0.052632,0.659358,2.333333,29.232102,1.719298,19.000000,0.700000
0.052632,0.281721,3.063830,26.042925,1.818318,37.000000,0.753927
0.047619,0.806552,2.044444,29.285365,1.955665,29.000000,0.671533
0.052632,0.705527,2.333333,29.232102,1.719298,19.000000,0.700000
0.052632,0.281721,3.063830,26.042925,1.818318,37.000000,0.753927
0.047619,0.806552,2.044444,29.285365,1.955665,29.000000,0.671533
0.111111,0.839354,2.250000,26.581625,1.782609,24.000000,0.692308
0.095238,0.389095,2.235294,24.975089,1.926667,25.000000,0.690909
0.095238,0.853635,2.875000,20.784293,1.836364,11.000000,0.741935
0.111111,0.839354,2.250000,26.581625,1.782609,24.000000,0.692308
0.111111,0.801279,2.250000,26.581625,1.782609,24.000000,0.692308
0.052632,0.705527,2.333333,29.232102,1.719298,19.000000,0.700000
0.052632,0.281721,3.063830,26.042925,1.818318,37.000000,0.753927
0.052632,0.281721,3.063830,26.042925,1.818318,37.000000,0.753927
0.052632,0.705527,2.333333,29.232102,1.719298,19.000000,0.700000
0.047619,0.806552,2.044444,29.285365,1.955665,29.000000,0.671533
0.047619,0.806552,2.044444,29.285365,1.955665,29.000000,0.671533
0.090909,1.000000,2.222222,29.867994,1.781818,11.000000,0.689655
0.090909,0.637762,2.250000,26.773147,1.761905,15.000000,0.692308
0.090909,0.157507,1.840000,28.862743,1.942105,20.000000,0.647887
0.090909,1.000000,2.222222,29.867994,1.781818,11.000000,0.689655
0.071429,0.241157,1.291667,20.925606,1.714286,14.000000,0.563636
0.071429,0.320652,3.000000,28.031773,1.858537,41.000000,0.750000
0.200000,0.431760,1.322222,28.102961,1.896825,36.000000,0.569378
0.142857,0.000000,1.222222,21.909415,1.523810,7.000000,0.550000
0.166667,0.962225,1.571429,30.000000,1.266667,6.000000,0.611111
0.166667,0.747671,1.458333,29.784484,1.576923,13.000000,0.593220
0.111111,0.188722,1.500000,26.515140,1.889483,34.000000,0.600000
0.111111,0.291191,2.241379,28.544263,1.690476,21.000000,0.691489
0.111111,0.806437,1.391304,26.006515,1.653846,13.000000,0.581818
0.111111,0.048755,2.029851,27.751862,1.784314,34.000000,0.669951
0.200000,0.187537,2.185185,27.346184,1.878947,20.000000,0.686047
0.100000,0.969548,1.444444,29.450083,1.563636,11.000000,0.590909
0.100000,0.670526,2.333333,24.399036,1.555556,10.000000,0.700000
0.100000,1.000000,5.200000,21.021258,2.194805,22.000000,0.838710
0.100000,0.148406,1.750000,30.000000,1.555556,10.000000,0.636364
0.142857,0.003460,2.326531,27.186060,1.890323,31.000000,0.699387
0.166667,0.171876,2.400000,27.116129,2.096346,43.000000,0.705882
0.090909,0.004149,1.750000,30.000000,1.618182,11.000000,0.636364
0.090909,0.425681,1.666667,11.088035,1.590909,12.000000,0.625000
0.047619,0.141183,2.235294,27.865856,1.890323,31.000000,0.690909
0.047619,0.034518,2.200000,27.662944,1.880952,21.000000,0.687500
0.047619,0.257338,1.851852,27.897178,2.101604,34.000000,0.649351
0.083333,0.038840,4.500000,28.304110,1.621212,12.000000,0.818182
0.200000,0.113998,2.269231,25.118601,1.835498,22.000000,0.694118
0.250000,0.873369,2.846154,26.122899,1.681319,14.000000,0.740000
0.071429,0.196375,2.482759,25.388664,2.096346,43.000000,0.712871
0.200000,0.089820,1.750000,24.000000,1.300000,5.000000,0.636364
0.200000,0.884984,3.769231,28.407390,1.727941,17.000000,0.790323
0.200000,0.069538,1.611765,29.331672,2.156794,42.000000,0.617117
0.111111,0.066296,2.456522,20.995406,2.099099,37.000000,0.710692
0.200000,0.069538,1.611765,29.331672,2.156794,42.000000,0.617117
0.250000,0.444339,4.416667,29.645260,1.675000,16.000000,0.815385
0.250000,0.381073,1.800000,25.000000,1.400000,6.000000,0.642857
0.250000,0.284281,1.571429,29.856920,2.047348,33.000000,0.611111
0.250000,0.284281,1.571429,29.856920,2.047348,33.000000,0.611111
0.083333,0.369359,1.352273,27.723153,1.896825,36.000000,0.574879
0.083333,0.822522,1.391304,26.006515,1.653846,13.000000,0.581818
0.200000,0.440178,1.750000,24.000000,1.300000,5.000000,0.636364
0.200000,0.417046,4.500000,25.939545,1.400000,6.000000,0.818182
0.250000,0.144332,1.900000,28.353943,1.980237,23.000000,0.655172
0.250000,0.478268,1.714286,28.729076,2.132254,39.000000,0.631579
0.142857,0.389202,1.569444,29.455734,2.122222,36.000000,0.610811
0.181818,0.816510,2.785714,27.591682,1.628571,15.000000,0.735849
0.181818,0.256504,1.615385,26.040163,1.972332,23.000000,0.617647
0.125000,0.470138,1.573333,29.013290,2.156472,38.000000,0.611399
0.181818,0.816510,2.785714,27.591682,1.628571,15.000000,0.735849
0.181818,0.256504,1.615385,26.040163,1.972332,23.000000,0.617647
0.181818,0.899512,1.615385,26.040163,1.972332,23.000000,0.617647
0.181818,0.816510,2.785714,27.591682,1.628571,15.000000,0.735849
0.050000,0.214606,1.617647,29.268220,2.047348,33.000000,0.617978
0.050000,0.561495,1.857143,18.431906,1.984615,26.000000,0.650000
0.250000,0.478268,1.714286,28.729076,2.132254,39.000000,0.631579
0.181818,0.816510,2.785714,27.591682,1.628571,15.000000,0.735849
0.181818,0.899512,1.615385,26.040163,1.972332,23.000000,0.617647
0.076923,0.408287,1.666667,28.088407,2.112376,38.000000,0.625000
0.076923,0.000200,2.117647,21.678203,1.538462,13.000000,0.679245
0.125000,0.470138,1.573333,29.013290,2.156472,38.000000,0.611399
0.050000,0.561495,1.857143,18.431906,1.984615,26.000000,0.650000
0.050000,0.214606,1.617647,29.268220,2.047348,33.000000,0.617978
0.076923,0.000200,2.117647,21.678203,1.538462,13.000000,0.679245
0.076923,0.408287,1.666667,28.088407,2.112376,38.000000,0.625000
0.142857,0.389202,1.569444,29.455734,2.122222,36.000000,0.610811
0.166667,0.561344,1.362069,27.559363,1.770751,23.000000,0.576642
0.200000,0.232443,2.209677,26.822466,1.912605,35.000000,0.688442
0.250000,0.138740,1.909091,25.794643,1.533333,10.000000,0.656250
0.166667,0.346448,2.250000,30.000000,1.400000,6.000000,0.692308
0.062500,0.820174,1.468750,27.180536,1.633333,16.000000,0.594937
0.062500,0.208837,1.761364,29.329910,1.868293,41.000000,0.637860
0.066667,0.178362,3.293103,26.246660,1.859596,45.000000,0.767068
0.125000,0.820174,1.468750,27.180536,1.633333,16.000000,0.594937
0.125000,0.055276,4.500000,23.722476,1.357143,8.000000,0.818182
0.200000,1.000000,1.700000,8.546058,1.527778,9.000000,0.629630
0.200000,1.000000,1.545455,16.252168,1.622222,10.000000,0.607143
0.062500,0.361686,2.040541,28.820823,1.976771,42.000000,0.671111
0.166667,0.727560,1.571429,30.000000,1.266667,6.000000,0.611111
0.166667,0.420670,2.227273,25.965200,1.849673,18.000000,0.690141
0.250000,0.594814,2.000000,30.000000,1.333333,4.000000,0.666667
0.100000,0.430876,5.200000,21.021258,2.194805,22.000000,0.838710
0.111111,0.925864,2.142857,29.575778,1.666667,9.000000,0.681818
0.125000,0.024540,2.300000,28.317361,1.923077,13.000000,0.696970
0.125000,0.575719,1.666667,18.511041,1.464286,8.000000,0.625000
0.250000,0.594814,2.000000,30.000000,1.333333,4.000000,0.666667
0.250000,0.594814,2.000000,30.000000,1.333333,4.000000,0.666667
0.062500,0.077463,1.648649,29.496481,1.956710,22.000000,0.622449
0.250000,0.594814,2.000000,30.000000,1.333333,4.000000,0.666667
0.111111,0.169596,1.550000,25.589095,1.560606,12.000000,0.607843
0.111111,0.312873,3.600000,22.144947,1.555556,9.000000,0.782609
0.250000,1.000000,2.153846,27.106932,1.987179,13.000000,0.682927
0.250000,1.000000,2.214286,26.971687,1.606061,12.000000,0.688889
0.111111,1.000000,2.076923,27.851444,1.400000,10.000000,0.675000
0.090909,0.131221,2.426471,30.000000,2.021592,39.000000,0.708155
0.090909,0.905532,2.400000,27.053744,1.636364,11.000000,0.705882
0.066667,0.304348,2.545455,12.925363,2.000000,16.000000,0.717949
0.066667,0.267520,1.800000,17.975562,1.867647,17.000000,0.642857
0.032258,0.123157,2.426471,29.706952,2.021592,39.000000,0.708155
0.032258,0.416496,2.014706,28.205300,1.766129,32.000000,0.668293
0.090909,0.131221,2.426471,30.000000,2.021592,39.000000,0.708155
0.090909,0.905532,2.400000,27.053744,1.636364,11.000000,0.705882
0.100000,0.267520,1.800000,17.975562,1.867647,17.000000,0.642857
0.100000,0.082335,2.714286,30.000000,1.577778,10.000000,0.730769
0.032258,0.123157,2.426471,29.706952,2.021592,39.000000,0.708155
0.032258,0.416496,2.014706,28.205300,1.766129,32.000000,0.668293
0.062500,0.578738,1.880952,29.251111,1.972315,43.000000,0.652893
0.062500,0.015620,1.444444,27.467091,1.954248,18.000000,0.590909
0.125000,0.127551,2.396552,27.578576,2.112660,42.000000,0.705584
0.125000,0.098466,1.714286,15.224214,1.571429,8.000000,0.631579
0.125000,0.281838,1.697674,28.398500,1.986667,25.000000,0.629310
0.125000,0.098466,1.714286,15.224214,1.571429,8.000000,0.631579
0.166667,0.043830,1.800000,30.000000,1.400000,6.000000,0.642857
0.166667,0.126166,2.285714,26.787664,1.428571,8.000000,0.695652
0.166667,0.523760,2.000000,28.067561,1.781818,11.000000,0.666667
0.166667,0.315339,2.400000,20.763381,1.200000,6.000000,0.705882
0.062500,0.877590,3.750000,27.042282,1.870827,53.000000,0.789474
0.062500,0.691717,1.272727,23.158003,1.691667,16.000000,0.560000
0.037037,1.000000,1.953488,22.757217,2.384946,31.000000,0.661417
0.037037,0.618862,2.870968,26.534736,1.831909,27.000000,0.741667
0.050000,0.600311,2.923077,25.163304,1.759140,31.000000,0.745098
0.050000,0.015311,1.857143,18.431906,1.984615,26.000000,0.650000
0.055556,0.834207,3.472727,27.284001,1.859596,45.000000,0.776423
0.090909,0.883428,3.750000,26.445535,1.870827,53.000000,0.789474
0.062500,0.643728,3.040000,25.650465,1.707510,23.000000,0.752475
0.062500,0.277786,2.166667,26.354146,1.662338,22.000000,0.684211
0.047619,0.874996,1.513514,27.771548,1.900000,21.000000,0.602151
0.047619,0.628644,2.870968,24.608530,1.831909,27.000000,0.741667
0.111111,0.644209,2.428571,26.140090,1.583333,9.000000,0.708333
0.111111,0.829159,3.000000,30.000000,1.600000,10.000000,0.750000
0.111111,0.644209,2.428571,26.140090,1.583333,9.000000,0.708333
0.111111,0.669301,3.000000,30.000000,1.600000,10.000000,0.750000
0.055556,0.839549,2.111111,23.511117,1.842857,21.000000,0.678571
0.055556,1.000000,2.240000,20.672811,1.784211,20.000000,0.691358
0.142857,0.602225,2.166667,17.978750,1.380952,7.000000,0.684211
0.142857,1.000000,1.409091,27.832086,1.894895,37.000000,0.584906
0.142857,1.000000,1.409091,27.832086,1.894895,37.000000,0.584906
0.142857,0.700034,2.166667,17.978750,1.380952,7.000000,0.684211
0.250000,1.000000,1.297297,29.553961,1.910256,40.000000,0.564706
0.062500,0.721172,1.200000,24.878232,1.691667,16.000000,0.545455
0.062500,1.000000,1.560000,29.538718,1.889663,42.000000,0.609375
0.058824,0.395222,1.484848,26.451427,1.669118,17.000000,0.597561
0.058824,1.000000,1.552381,28.944021,1.887043,43.000000,0.608209
0.250000,1.000000,1.761364,29.329910,1.868293,41.000000,0.637860
0.047619,0.047392,2.393443,28.647020,2.099668,43.000000,0.705314
0.047619,0.619814,1.148148,23.805125,1.880952,21.000000,0.534483
0.062500,0.130746,2.186667,29.130117,1.788051,38.000000,0.686192
0.062500,0.289860,1.222222,23.448104,1.725000,16.000000,0.550000
0.035714,0.216203,2.076923,28.840299,2.139024,41.000000,0.675000
0.035714,0.710476,2.171429,27.911223,1.944444,28.000000,0.684685
0.076923,0.766010,2.333333,25.429497,1.923077,26.000000,0.700000
0.076923,0.250000,2.538462,26.102459,1.602564,13.000000,0.717391
0.125000,0.918745,2.130435,25.867238,1.852632,20.000000,0.680556
0.125000,0.115227,1.800000,23.949782,1.357143,8.000000,0.642857
0.250000,0.150396,1.545455,20.174713,1.908333,16.000000,0.607143
0.035714,0.230681,2.076923,28.840299,2.139024,41.000000,0.675000
0.035714,0.710476,2.171429,27.911223,1.944444,28.000000,0.684685
0.166667,0.638257,1.166667,30.000000,1.750000,9.000000,0.538462
0.111111,0.064360,2.428571,28.735196,1.744086,31.000000,0.708333
0.111111,0.618244,1.166667,30.000000,1.750000,9.000000,0.538462
0.100000,0.091015,1.857143,28.310262,1.606061,12.000000,0.650000
0.166667,0.942787,2.250000,29.111335,1.400000,6.000000,0.692308
0.058824,0.052288,2.089888,27.605744,1.811847,42.000000,0.676364
0.058824,0.349625,1.210526,27.113283,1.779412,17.000000,0.547619
0.062500,0.191530,1.822222,27.028805,1.908832,27.000000,0.645669
0.062500,0.340147,1.791667,26.029660,1.691667,16.000000,0.641791
0.047619,0.431886,2.563636,28.550868,2.000000,35.000000,0.719388
0.047619,0.618279,2.333333,25.380712,1.719048,21.000000,0.700000
0.047619,0.618279,2.333333,25.380712,1.719048,21.000000,0.700000
0.047619,0.655639,2.563636,28.550868,2.000000,35.000000,0.719388
0.250000,0.455609,5.300000,28.646566,1.675000,16.000000,0.841270
0.166667,0.449654,1.764706,25.165069,1.835165,14.000000,0.638298
0.166667,0.378378,3.000000,25.856714,1.400000,6.000000,0.750000
0.166667,0.456170,1.764706,25.675429,1.835165,14.000000,0.638298
0.090909,0.223992,4.400000,26.917649,1.672727,11.000000,0.814815
0.111111,0.629414,1.428571,29.127068,1.835165,14.000000,0.588235
0.111111,0.833333,1.777778,15.467920,1.555556,9.000000,0.640000
0.250000,0.066667,2.000000,18.853644,1.333333,4.000000,0.666667
0.076923,0.004149,1.705882,28.794135,1.628205,13.000000,0.630435
0.200000,0.051423,2.450000,26.583547,1.894737,20.000000,0.710145
0.083333,0.491962,1.578947,27.761059,1.835165,14.000000,0.612245
0.062500,0.470835,1.800000,25.493352,1.875000,16.000000,0.642857
0.062500,0.264421,2.562500,28.727326,1.875375,37.000000,0.719298
0.066667,0.149635,2.192308,28.608300,1.917749,22.000000,0.686747
0.142857,0.442507,1.625000,27.419659,1.380952,7.000000,0.619048
0.125000,0.668173,1.727273,29.045560,1.600000,10.000000,0.633333
0.125000,0.538412,2.409091,24.341614,1.617647,17.000000,0.706667
0.040000,0.163817,2.263889,28.456892,1.739750,34.000000,0.693617
0.066667,0.316462,2.125000,19.505060,1.733333,15.000000,0.680000
0.083333,0.383948,2.555556,30.000000,2.106061,12.000000,0.718750
0.083333,0.219514,1.957447,25.442776,1.977011,30.000000,0.661871
0.040000,0.038308,2.142857,28.091952,2.143961,46.000000,0.681818
0.083333,0.943262,2.555556,30.000000,2.106061,12.000000,0.718750
0.083333,0.219514,1.957447,25.442776,1.977011,30.000000,0.661871
0.040000,0.192322,2.095238,28.016088,2.045977,30.000000,0.676923
0.125000,0.103122,2.076923,28.840299,2.139024,41.000000,0.675000
0.125000,1.000000,2.555556,27.780847,2.106061,12.000000,0.718750
0.125000,0.113619,1.862069,28.689706,1.647059,18.000000,0.650602
0.125000,1.000000,5.500000,28.877794,1.963636,11.000000,0.846154
0.111111,0.456739,2.090909,23.733239,1.561905,15.000000,0.676471
0.125000,0.113619,1.862069,28.689706,1.647059,18.000000,0.650602
0.125000,1.000000,5.500000,28.877794,1.963636,11.000000,0.846154
0.200000,0.025432,1.916667,27.220781,1.977011,30.000000,0.657143
0.125000,0.103122,2.076923,28.840299,2.139024,41.000000,0.675000
0.125000,0.680057,2.555556,27.780847,2.106061,12.000000,0.718750
0.071429,0.168015,4.777778,25.857535,1.527473,14.000000,0.826923
0.076923,0.718643,1.785714,20.771157,1.807692,13.000000,0.641026
0.090909,0.470588,2.800000,26.867867,1.545455,11.000000,0.736842
0.076923,0.718643,1.785714,20.771157,1.807692,13.000000,0.641026
0.125000,1.000000,2.095238,27.567737,1.985155,39.000000,0.676923
0.181818,0.907984,1.727273,28.503980,1.666667,10.000000,0.633333
0.125000,0.287273,2.000000,23.101093,1.571429,8.000000,0.666667
0.100000,0.574018,2.343750,28.241639,1.703557,23.000000,0.700935
0.047619,0.143259,2.625000,27.452206,1.885714,21.000000,0.724138
0.142857,0.554978,3.300000,23.738429,1.602564,13.000000,0.767442
0.041667,0.185368,1.923077,28.948174,1.742754,24.000000,0.657895
0.041667,0.058421,3.350000,28.787307,2.095960,45.000000,0.770115
0.142857,0.035209,1.750000,27.870617,1.533333,10.000000,0.636364
0.041667,0.185368,1.923077,28.948174,1.742754,24.000000,0.657895
0.041667,0.058421,3.350000,28.787307,2.095960,45.000000,0.770115
0.125000,0.306323,2.046512,28.107353,2.045977,30.000000,0.671756
0.125000,0.027923,2.383333,29.857563,2.162791,43.000000,0.704433
0.125000,0.089886,2.383333,29.857563,2.162791,43.000000,0.704433
0.250000,0.153970,12.250000,16.676241,1.771930,19.000000,0.924528
0.250000,0.094891,5.000000,28.938276,1.166667,4.000000,0.833333
0.066667,0.061353,1.608696,26.535887,1.741667,16.000000,0.616667
0.028571,0.248693,3.365079,28.415839,2.131360,47.000000,0.770909
0.028571,0.008197,2.050000,29.249255,1.763025,35.000000,0.672131
0.166667,0.050713,1.695652,26.339432,1.825000,16.000000,0.629032
0.166667,0.719495,2.357143,30.000000,2.021592,39.000000,0.702128
0.200000,0.126529,3.500000,24.871905,1.300000,5.000000,0.777778
0.166667,0.112555,2.000000,20.939827,1.466667,6.000000,0.666667
0.166667,1.000000,2.333333,21.462383,1.636364,12.000000,0.700000
0.066667,0.008197,1.368421,27.322996,1.760234,19.000000,0.577778
0.166667,1.000000,1.666667,24.805800,1.333333,6.000000,0.625000
0.166667,0.005686,2.088235,28.537345,1.750988,23.000000,0.676190
0.166667,0.719495,2.357143,30.000000,2.021592,39.000000,0.702128
0.028571,0.248693,3.365079,28.415839,2.131360,47.000000,0.770909
0.028571,0.008197,2.050000,29.249255,1.763025,35.000000,0.672131
0.028571,1.000000,2.298851,27.929473,1.813953,44.000000,0.696864
0.028571,0.159817,3.210526,28.618106,1.836975,35.000000,0.762500
0.090909,0.018517,1.894737,14.624796,1.576923,13.000000,0.654545
0.090909,0.411465,1.750000,30.000000,1.618182,11.000000,0.636364
0.041667,0.479392,1.241379,23.332666,1.934783,24.000000,0.553846
0.041667,0.381383,2.349206,28.685468,2.117336,44.000000,0.701422
0.052632,1.000000,2.247191,28.634854,1.813953,44.000000,0.692042
0.052632,0.519779,1.250000,26.152295,1.865497,19.000000,0.555556
0.166667,1.000000,2.123288,28.316776,1.789790,37.000000,0.679825
0.142857,0.035846,1.971014,28.708463,2.168409,42.000000,0.663415
0.142857,0.127706,1.971014,28.708463,2.168409,42.000000,0.663415
0.083333,0.671573,1.619048,28.511380,1.500000,12.000000,0.618182
0.166667,1.000000,1.777778,15.467920,1.555556,9.000000,0.640000
0.142857,0.141797,1.695652,26.339432,1.825000,16.000000,0.629032
0.142857,0.291692,2.375000,27.516703,2.015810,23.000000,0.703704
0.250000,0.013067,2.285714,27.260230,2.239796,49.000000,0.695652
0.250000,0.088999,2.285714,27.260230,2.239796,49.000000,0.695652
0.111111,0.024122,2.014706,28.631952,1.766129,32.000000,0.668293
0.100000,0.317655,2.396552,27.218398,2.112660,42.000000,0.705584
0.166667,0.080585,2.538462,27.659509,1.738095,28.000000,0.717391
0.200000,1.000000,2.333333,16.096948,1.300000,5.000000,0.700000
0.166667,0.809198,1.736842,27.526372,1.614035,19.000000,0.634615
0.166667,0.594337,1.666667,18.104260,1.333333,6.000000,0.625000
0.166667,0.041253,2.076923,28.840299,2.139024,41.000000,0.675000
0.166667,0.794948,1.666667,26.297581,1.333333,6.000000,0.625000
0.125000,0.016381,1.213115,29.527017,2.024615,26.000000,0.548148
0.142857,0.228907,1.777778,28.754947,1.238095,7.000000,0.640000
0.142857,0.236660,1.560976,27.662074,2.018116,24.000000,0.609524
0.166667,0.735441,1.600000,27.176050,1.466667,6.000000,0.615385
0.111111,1.000000,2.142857,23.432080,1.666667,9.000000,0.681818
0.111111,0.028520,1.193548,29.732314,2.024615,26.000000,0.544118
0.200000,0.805509,1.636364,30.000000,1.666667,10.000000,0.620690
0.066667,0.219392,1.888889,26.670916,1.733333,15.000000,0.653846
0.142857,1.000000,1.538462,23.993917,1.704762,15.000000,0.606061
0.142857,0.418041,2.833333,24.689181,1.909091,11.000000,0.739130
0.142857,0.132038,1.777778,28.470001,1.238095,7.000000,0.640000
0.111111,0.132743,5.285714,29.676479,1.593407,14.000000,0.840909
0.111111,0.108941,1.533333,26.886111,1.361111,9.000000,0.605263
0.166667,0.638506,1.812500,28.692216,1.723810,15.000000,0.644444
0.200000,0.275228,2.894737,27.680339,1.713450,19.000000,0.743243
0.125000,0.667484,1.600000,25.798505,1.428571,8.000000,0.615385
0.125000,0.041732,1.423077,29.512134,1.741667,16.000000,0.587302
0.090909,0.126343,2.024390,27.990151,1.763077,26.000000,0.669355
0.125000,0.667484,1.600000,25.798505,1.428571,8.000000,0.615385
0.125000,0.108151,2.576923,28.279823,1.709524,21.000000,0.720430
0.062500,0.004016,1.789474,23.641021,1.883333,16.000000,0.641509
0.111111,0.091703,2.375000,27.907416,1.472222,9.000000,0.703704
0.055556,0.026033,1.923077,28.948174,1.742754,24.000000,0.657895
0.090909,0.139535,2.454545,15.584525,1.509091,11.000000,0.710526
0.166667,0.229388,2.460000,28.827032,1.752016,32.000000,0.710983
0.111111,0.026599,2.380952,29.534371,2.152220,44.000000,0.704225
0.111111,0.109510,2.380952,29.534371,2.152220,44.000000,0.704225
0.111111,0.109510,2.380952,29.534371,2.152220,44.000000,0.704225
0.111111,0.026599,2.380952,29.534371,2.152220,44.000000,0.704225
0.090909,0.161487,2.827586,28.745484,1.978663,38.000000,0.738739
0.090909,0.548226,3.877551,29.037625,2.076412,43.000000,0.794979
0.090909,0.548226,3.877551,29.037625,2.076412,43.000000,0.794979
0.111111,0.548226,3.877551,29.037625,2.076412,43.000000,0.794979
0.111111,0.548226,3.877551,29.037625,2.076412,43.000000,0.794979
0.090909,0.161487,2.827586,28.745484,1.978663,38.000000,0.738739
0.200000,0.616514,1.800000,22.720116,1.583333,9.000000,0.642857
0.166667,0.118311,2.000000,28.198367,1.981538,26.000000,0.666667
0.076923,0.256173,2.843750,28.408811,1.836957,24.000000,0.739837
0.076923,0.029041,3.750000,24.956256,1.974359,13.000000,0.789474
0.111111,0.160771,2.838710,29.493011,1.657143,21.000000,0.739496
0.111111,0.768312,2.875000,23.048825,1.836364,11.000000,0.741935
0.142857,0.164713,2.838710,29.455591,1.657143,21.000000,0.739496
0.142857,0.979733,1.750000,24.314449,1.757353,17.000000,0.636364
0.142857,0.609538,1.875000,18.493067,1.666667,9.000000,0.652174
0.142857,0.706561,5.000000,29.264269,1.600000,10.000000,0.833333
0.142857,0.398930,2.333333,30.000000,1.333333,7.000000,0.700000
0.062500,0.023256,2.055556,20.689171,1.816667,16.000000,0.672727
0.058824,0.844477,1.174603,29.795139,2.024615,26.000000,0.540146
0.076923,0.454373,3.444444,27.692308,1.602564,13.000000,0.775000
0.076923,0.680028,2.714286,22.829940,2.426901,19.000000,0.730769
0.142857,0.246602,1.600000,19.147941,1.871345,19.000000,0.615385
0.250000,1.000000,3.000000,13.543611,1.607143,8.000000,0.750000
0.076923,0.680028,2.714286,22.829940,2.426901,19.000000,0.730769
0.076923,0.454373,3.444444,27.692308,1.602564,13.000000,0.775000
0.076923,0.638048,2.714286,22.829940,2.426901,19.000000,0.730769
0.076923,0.454373,3.444444,27.692308,1.602564,13.000000,0.775000
0.058824,0.093118,1.325581,24.539379,1.842105,20.000000,0.570000
0.076923,0.454373,3.444444,27.692308,1.602564,13.000000,0.775000
0.076923,0.638048,2.714286,22.829940,2.426901,19.000000,0.730769
0.125000,0.387192,3.666667,23.518822,1.714286,8.000000,0.785714
0.125000,0.022984,3.480000,26.195576,1.833333,25.000000,0.776786
0.071429,0.194960,1.325581,24.539379,1.842105,20.000000,0.570000
0.142857,0.859701,1.823529,29.044847,1.738095,21.000000,0.645833
0.037037,0.721248,1.480769,26.838577,2.242165,27.000000,0.596899
0.037037,0.004016,2.213115,28.698785,2.041026,40.000000,0.688776
0.066667,0.324088,2.894737,27.777804,1.713450,19.000000,0.743243
0.066667,0.713505,1.478261,21.260595,1.733333,15.000000,0.596491
0.111111,0.112299,1.909091,23.358836,1.416667,9.000000,0.656250
0.111111,0.770715,1.370370,29.739707,1.741667,16.000000,0.578125
0.125000,0.273769,1.714286,20.365949,1.571429,8.000000,0.631579
0.200000,0.305986,2.285714,26.154161,1.653846,13.000000,0.695652
0.200000,0.026316,3.500000,30.000000,1.300000,5.000000,0.777778
0.250000,0.264584,2.687500,30.000000,1.615385,14.000000,0.728814
0.100000,0.004082,2.333333,27.592232,1.784615,40.000000,0.700000
0.125000,0.119001,2.000000,28.810255,1.931217,28.000000,0.666667
0.200000,0.178691,4.700000,28.770497,1.609524,15.000000,0.824561
0.200000,0.178691,4.700000,28.770497,1.609524,15.000000,0.824561
0.200000,0.178691,4.700000,28.770497,1.609524,15.000000,0.824561
0.125000,0.003209,2.277108,28.009206,1.782726,39.000000,0.694853
0.090909,1.000000,2.138889,27.485938,1.845850,23.000000,0.681416
0.250000,0.725196,3.000000,30.000000,1.000000,4.000000,0.750000
0.250000,1.000000,1.777778,13.628086,1.464286,8.000000,0.640000
0.200000,0.703313,2.875000,27.664583,1.742424,12.000000,0.741935
0.037037,1.000000,2.000000,28.775484,1.911681,27.000000,0.666667
0.037037,0.182909,2.125000,29.609924,1.766667,36.000000,0.680000
0.166667,0.337075,1.750000,27.503882,1.742647,17.000000,0.636364
0.250000,0.381160,3.000000,30.000000,1.000000,4.000000,0.750000
0.250000,1.000000,1.777778,13.628086,1.464286,8.000000,0.640000
0.076923,0.095534,2.214286,26.823771,1.602564,13.000000,0.688889
0.076923,1.000000,1.631579,16.708994,1.885714,21.000000,0.620000
0.076923,0.038226,2.473684,28.205563,1.895425,18.000000,0.712121
0.142857,0.447860,1.518519,22.962962,1.801471,17.000000,0.602941
0.055556,0.389566,1.950000,25.586484,1.960784,18.000000,0.661017
0.055556,0.527726,2.375000,27.824361,1.917749,22.000000,0.703704
0.050000,1.000000,1.553191,29.212369,1.986667,25.000000,0.608333
0.050000,0.317595,1.848485,28.110829,1.974638,24.000000,0.648936
0.200000,0.473750,3.958333,28.953318,2.076412,43.000000,0.798319
0.200000,0.527726,2.375000,27.710301,1.917749,22.000000,0.703704
0.200000,0.158484,8.750000,28.544656,1.800000,15.000000,0.897436
0.111111,0.317595,1.848485,28.274112,1.974638,24.000000,0.648936
0.111111,0.069879,1.625000,20.190044,1.638889,9.000000,0.619048
0.200000,0.473750,3.958333,28.953318,2.076412,43.000000,0.798319
0.125000,0.610708,2.000000,26.173344,1.571429,8.000000,0.666667
0.125000,1.000000,1.785714,20.771157,1.807692,13.000000,0.641026
0.125000,1.000000,1.785714,20.771157,1.807692,13.000000,0.641026
0.125000,0.141588,2.000000,26.173344,1.571429,8.000000,0.666667
0.125000,0.141588,2.000000,26.173344,1.571429,8.000000,0.666667
0.125000,1.000000,1.785714,20.771157,1.807692,13.000000,0.641026
0.125000,1.000000,1.785714,20.771157,1.807692,13.000000,0.641026
0.125000,0.610708,2.000000,26.173344,1.571429,8.000000,0.666667
0.142857,1.000000,2.166667,17.978750,1.380952,7.000000,0.684211
0.142857,0.500819,2.022222,26.926885,1.862069,29.000000,0.669118
0.142857,0.500819,2.022222,26.926885,1.862069,29.000000,0.669118
0.142857,1.000000,2.166667,17.978750,1.380952,7.000000,0.684211
0.083333,0.146717,2.432432,29.894012,1.778656,23.000000,0.708661
0.083333,1.000000,1.923077,28.738226,1.727273,12.000000,0.657895
0.100000,0.008065,1.733333,29.946784,1.666667,13.000000,0.634146
0.142857,0.538144,2.676471,28.166626,1.836957,24.000000,0.728000
0.100000,0.336879,2.142857,29.635896,2.041026,40.000000,0.681818
0.100000,0.215469,1.895833,30.000000,1.822464,24.000000,0.654676
0.047619,0.218637,2.025641,27.982237,1.790000,25.000000,0.669492
0.111111,0.218550,1.489796,29.503458,1.986667,25.000000,0.598361
0.111111,0.294743,1.695652,26.339432,1.825000,16.000000,0.629032
0.058824,0.490316,1.518519,22.962962,1.801471,17.000000,0.602941
0.090909,0.924685,1.812500,27.272727,1.472727,11.000000,0.644444
0.200000,0.187292,2.047619,26.848479,2.085714,21.000000,0.671875
0.111111,0.893536,5.200000,26.532504,1.527273,11.000000,0.838710
0.142857,0.741463,4.000000,24.483998,1.428571,7.000000,0.800000
0.142857,0.582459,2.866667,28.021110,1.615385,14.000000,0.741379
0.045455,0.079561,2.213115,28.554913,2.041026,40.000000,0.688776
0.045455,0.548932,2.666667,28.138192,1.896104,22.000000,0.727273
0.058824,0.490364,1.518519,25.577270,1.801471,17.000000,0.602941
0.058824,0.548932,2.666667,28.138192,1.896104,22.000000,0.727273
0.083333,0.118304,1.928571,29.012890,1.606061,12.000000,0.658537
0.083333,0.182580,1.541667,23.820863,1.659341,14.000000,0.606557
0.058824,0.007874,2.181818,28.971731,1.714286,22.000000,0.685714
0.058824,0.777484,1.333333,26.833015,1.750000,17.000000,0.571429
0.100000,0.007874,2.250000,26.163154,1.400000,10.000000,0.692308
0.100000,0.777484,1.333333,26.833015,1.750000,17.000000,0.571429
0.100000,0.361731,1.764706,27.000000,1.333333,10.000000,0.638298
0.100000,0.068124,4.111111,30.000000,1.593407,14.000000,0.804348
0.100000,0.774723,2.052632,24.072301,1.571429,14.000000,0.672414
0.100000,0.361731,1.764706,27.000000,1.333333,10.000000,0.638298
0.090909,0.078235,2.322581,28.596078,1.714286,22.000000,0.699029
0.125000,0.327324,3.052632,30.000000,1.602941,17.000000,0.753247
0.250000,0.132424,4.000000,28.553264,1.727273,12.000000,0.800000
0.125000,0.327324,3.052632,30.000000,1.602941,17.000000,0.753247
0.125000,0.327324,3.052632,30.000000,1.602941,17.000000,0.753247
0.071429,0.846212,1.500000,28.932385,1.883117,22.000000,0.600000
0.071429,0.242199,2.055556,20.689171,1.816667,16.000000,0.672727
0.090909,0.034483,3.125000,30.000000,1.600000,11.000000,0.757576
0.090909,0.464774,1.551724,26.051513,1.625000,16.000000,0.608108
0.142857,1.000000,4.000000,30.000000,1.769231,13.000000,0.800000
0.142857,1.000000,1.600000,19.147941,1.871345,19.000000,0.615385
0.142857,1.000000,4.000000,30.000000,1.769231,13.000000,0.800000
0.125000,0.000000,3.600000,30.000000,1.392857,8.000000,0.782609
0.090909,0.115157,1.571429,27.509746,1.653846,13.000000,0.611111
0.125000,0.763248,2.321429,28.903140,1.992095,23.000000,0.698925
0.125000,0.510615,2.285714,29.290520,1.428571,8.000000,0.695652
0.125000,1.000000,2.181818,30.000000,1.769231,13.000000,0.685714
0.125000,0.468948,2.500000,29.290520,1.535714,8.000000,0.714286
0.166667,0.089962,3.076923,25.085945,1.648352,14.000000,0.754717
0.125000,1.000000,2.181818,30.000000,1.769231,13.000000,0.685714
0.125000,0.468948,2.500000,29.290520,1.535714,8.000000,0.714286
0.066667,0.194223,1.700000,25.172788,1.908333,16.000000,0.629630
0.066667,0.131149,1.900000,28.353943,1.980237,23.000000,0.655172
0.200000,0.123761,1.619048,25.845844,1.908333,16.000000,0.618182
0.250000,0.481413,1.548387,24.671606,2.268398,22.000000,0.607595
0.142857,1.000000,2.692308,27.496425,2.000000,18.000000,0.729167
0.125000,1.000000,2.666667,28.291745,2.138340,23.000000,0.727273
0.125000,0.854132,1.791667,21.493059,2.138095,21.000000,0.641791
0.125000,0.212020,1.444444,23.518971,1.607143,8.000000,0.590909
0.055556,0.396706,2.562500,29.315266,1.849673,18.000000,0.719298
0.055556,0.947099,1.600000,19.147941,1.871345,19.000000,0.615385
0.100000,1.000000,2.800000,22.900830,1.756410,13.000000,0.736842
0.125000,0.800198,1.857143,27.829897,1.607143,8.000000,0.650000
0.125000,1.000000,2.769231,23.745728,1.752381,15.000000,0.734694
0.100000,0.431973,3.550000,27.153947,1.608187,19.000000,0.780220
0.100000,0.431973,3.550000,27.153947,1.608187,19.000000,0.780220
0.125000,0.050158,2.071429,29.266012,2.007389,29.000000,0.674419
0.125000,1.000000,2.333333,30.000000,1.500000,8.000000,0.700000
0.100000,0.431973,3.550000,27.153947,1.608187,19.000000,0.780220
0.100000,0.026145,2.085714,29.032046,2.038328,42.000000,0.675926
0.111111,0.011952,1.777778,26.145881,1.555556,9.000000,0.640000
0.111111,0.725301,1.416667,21.880326,1.868421,20.000000,0.586207
0.090909,0.055276,2.444444,28.298514,1.600000,11.000000,0.709677
0.058824,0.105255,2.476190,27.210228,1.801170,19.000000,0.712329
0.100000,0.370145,2.333333,21.647586,1.935897,13.000000,0.700000
0.111111,0.137580,2.857143,29.652228,1.500000,9.000000,0.740741
0.111111,0.333205,2.052632,23.741086,1.945813,29.000000,0.672414
0.166667,0.200013,1.384615,30.000000,1.583333,9.000000,0.580645
0.166667,0.333205,2.052632,23.741086,1.945813,29.000000,0.672414
0.166667,0.006452,4.500000,29.364681,1.400000,6.000000,0.818182
0.200000,1.000000,2.000000,20.081483,2.045455,12.000000,0.666667
0.250000,0.754418,1.750000,24.314449,1.757353,17.000000,0.636364
0.080000,0.481393,1.648148,29.653172,1.756667,25.000000,0.622378
0.080000,0.647890,2.108108,28.707504,2.239316,27.000000,0.678261
0.095238,0.056121,2.076923,28.840299,2.139024,41.000000,0.675000
0.095238,0.341102,1.750000,25.340204,1.757353,17.000000,0.636364
0.095238,0.567491,2.076923,28.840299,2.139024,41.000000,0.675000
0.095238,0.341102,1.750000,25.340204,1.757353,17.000000,0.636364
0.125000,0.014493,2.166667,23.566418,1.607143,8.000000,0.684211
0.142857,0.051184,4.117647,28.796250,1.715789,20.000000,0.804598
0.142857,0.069351,1.714286,21.428571,1.428571,7.000000,0.631579
0.076923,0.004016,1.800000,26.032616,1.794872,13.000000,0.642857
0.076923,0.352194,3.888889,25.702788,1.895238,15.000000,0.795455
0.125000,0.982266,1.750000,26.671787,1.577778,10.000000,0.636364
0.125000,1.000000,12.000000,27.008820,1.714286,8.000000,0.923077
0.142857,0.051184,4.117647,28.796250,1.715789,20.000000,0.804598
0.142857,0.069351,1.714286,21.428571,1.428571,7.000000,0.631579
0.142857,0.051184,4.117647,28.796250,1.715789,20.000000,0.804598
0.142857,0.069351,1.714286,21.428571,1.428571,7.000000,0.631579
0.111111,0.574670,1.500000,29.978537,1.583333,9.000000,0.600000
0.111111,0.352194,3.888889,25.702788,1.895238,15.000000,0.795455
0.066667,0.195102,2.714286,29.510232,1.657143,15.000000,0.730769
0.066667,0.946174,1.500000,26.370772,1.797386,18.000000,0.600000
0.166667,0.720425,4.777778,23.569783,2.026144,18.000000,0.826923
0.166667,0.008065,1.800000,30.000000,1.400000,6.000000,0.642857
0.100000,0.293150,3.666667,27.475617,1.511111,10.000000,0.785714
0.100000,0.352194,3.888889,25.702788,1.895238,15.000000,0.795455
0.285714,0.932098,1.451613,28.682725,1.797386,18.000000,0.592105
0.100000,0.982266,1.750000,26.671787,1.577778,10.000000,0.636364
0.100000,0.337606,2.393443,27.749666,2.099668,43.000000,0.705314
0.125000,1.000000,2.000000,23.101093,1.571429,8.000000,0.666667
0.166667,0.382436,1.833333,14.617824,1.266667,6.000000,0.647059
0.090909,0.065230,2.171429,25.857943,1.926667,25.000000,0.684685
0.090909,0.965357,1.421053,18.676804,1.717949,13.000000,0.586957
0.052632,1.000000,2.181818,29.202091,1.714286,22.000000,0.685714
0.052632,0.213389,1.566667,24.379180,1.777778,19.000000,0.610390
0.125000,1.000000,2.750000,28.433234,1.713450,19.000000,0.733333
0.125000,0.561873,3.000000,25.773511,1.392857,8.000000,0.750000
0.111111,1.000000,2.181818,29.301835,1.714286,22.000000,0.685714
0.111111,0.169492,1.500000,23.519393,1.583333,9.000000,0.600000
0.111111,1.000000,2.576923,28.583085,1.709524,21.000000,0.720430
0.111111,0.336206,1.909091,23.358836,1.416667,9.000000,0.656250
0.125000,0.733970,4.500000,24.688248,1.357143,8.000000,0.818182
0.100000,0.567782,2.250000,26.976084,1.400000,10.000000,0.692308
0.076923,0.473321,2.285714,28.477329,1.883333,16.000000,0.695652
0.125000,0.227884,2.333333,29.943183,1.500000,8.000000,0.700000
0.076923,0.655301,2.500000,28.631898,1.985507,24.000000,0.714286
0.076923,0.788292,7.000000,26.778497,1.769231,13.000000,0.875000
0.166667,0.230471,2.208333,28.308382,1.690058,19.000000,0.688312
0.125000,0.561556,4.333333,27.821157,1.607143,8.000000,0.812500
0.125000,0.113533,12.000000,28.756236,1.538462,13.000000,0.923077
0.166667,0.859931,2.000000,27.913118,1.444444,9.000000,0.666667
0.090909,0.247275,1.981818,27.681404,2.069519,34.000000,0.664634
0.166667,0.076414,2.071429,27.997795,1.194444,9.000000,0.674419
0.200000,0.720198,1.277778,28.883241,1.963158,20.000000,0.560976
0.125000,0.008197,1.952381,29.459164,1.378788,12.000000,0.661290
0.045455,0.021279,5.166667,27.347801,1.735450,28.000000,0.837838
0.090909,0.400963,1.714286,29.715459,1.563636,11.000000,0.631579
0.200000,1.000000,1.789474,27.450772,1.733333,15.000000,0.641509
0.111111,0.000000,2.375000,29.369351,1.472222,9.000000,0.703704
0.076923,0.004292,4.166667,28.498467,1.782051,13.000000,0.806452
0.095238,0.590694,1.600000,29.634628,1.860294,17.000000,0.615385
0.100000,0.675795,4.800000,29.021511,2.164835,14.000000,0.827586
0.100000,0.917000,4.800000,29.021511,2.164835,14.000000,0.827586
0.111111,0.336565,1.230769,26.886111,1.611111,9.000000,0.551724
0.111111,0.641036,2.666667,29.055063,1.611111,9.000000,0.727273
0.111111,0.188570,2.305882,28.027157,1.784615,40.000000,0.697509
0.142857,0.122561,2.116279,25.875896,1.874644,27.000000,0.679104
0.052632,0.494945,3.160000,28.573428,2.055510,50.000000,0.759615
0.052632,0.494945,3.160000,28.573428,2.055510,50.000000,0.759615
0.076923,0.004115,2.307692,25.335091,1.756410,13.000000,0.697674
0.050000,0.071665,1.899083,28.803236,1.837209,44.000000,0.655063
0.181818,0.284739,4.500000,26.491147,1.357143,8.000000,0.818182
0.062500,0.133489,1.695652,25.211645,1.725000,16.000000,0.629032
0.055556,0.567343,2.000000,29.046419,1.970000,25.000000,0.666667
0.055556,0.652290,1.950000,25.586484,1.960784,18.000000,0.661017
0.187500,0.683314,1.981818,27.681404,2.069519,34.000000,0.664634
0.187500,0.111735,3.125000,30.000000,1.600000,11.000000,0.757576
0.200000,0.004082,2.333333,26.283094,1.300000,5.000000,0.700000
0.111111,1.000000,2.000000,26.201866,1.694444,9.000000,0.666667
0.111111,0.278294,4.500000,28.540854,1.625000,16.000000,0.818182
0.142857,0.593145,1.333333,26.666667,1.611111,9.000000,0.571429
0.142857,0.092980,2.204545,29.250022,2.203193,53.000000,0.687943
0.071429,0.812344,1.290323,25.767096,1.604396,14.000000,0.563380
0.071429,0.004049,1.357143,30.000000,1.723810,15.000000,0.575758
0.142857,0.593145,1.333333,26.666667,1.611111,9.000000,0.571429
0.142857,0.092980,2.204545,29.250022,2.203193,53.000000,0.687943
0.200000,0.137438,1.575000,26.932037,1.828571,21.000000,0.611650
0.026316,0.954484,2.076923,28.840299,2.139024,41.000000,0.675000
0.026316,0.028943,2.393443,28.582514,2.099668,43.000000,0.705314
0.035714,0.328828,5.263158,28.680782,1.854497,28.000000,0.840336
0.035714,0.982135,2.108911,29.890629,2.193506,56.000000,0.678344
0.055556,0.029406,2.744186,26.309198,2.088589,37.000000,0.732919
0.074074,0.987231,2.260870,30.000000,2.184512,55.000000,0.693333
0.071429,0.981125,2.067961,30.000000,2.193506,56.000000,0.674051
0.071429,0.020408,2.000000,25.784254,1.758242,14.000000,0.666667
0.074074,0.987231,2.260870,30.000000,2.184512,55.000000,0.693333
0.035714,0.328828,5.263158,28.680782,1.854497,28.000000,0.840336
0.035714,0.982135,2.108911,29.890629,2.193506,56.000000,0.678344
0.071429,0.020408,2.000000,25.784254,1.758242,14.000000,0.666667
0.071429,0.981125,2.067961,30.000000,2.193506,56.000000,0.674051
0.125000,0.491257,2.208333,27.470118,1.690058,19.000000,0.688312
0.062500,0.279361,1.596154,29.197942,2.107692,26.000000,0.614815
0.062500,0.118792,2.117647,29.620139,1.816667,16.000000,0.679245
0.050000,0.271969,1.596154,29.197942,2.107692,26.000000,0.614815
0.142857,0.739358,2.166667,30.000000,1.607143,8.000000,0.684211
0.071429,0.269012,2.000000,29.506225,1.648352,14.000000,0.666667
0.050000,0.128031,2.933333,27.866208,1.978836,28.000000,0.745763
0.200000,0.387107,1.600000,23.350060,2.268398,22.000000,0.615385
0.200000,0.020921,3.333333,27.751796,1.000000,5.000000,0.769231
0.200000,0.020921,3.333333,27.751796,1.000000,5.000000,0.769231
0.200000,0.020921,3.333333,27.751796,1.000000,5.000000,0.769231
0.090909,0.075596,1.818182,27.231663,1.982906,27.000000,0.645161
0.071429,0.237868,2.818182,25.577341,1.890110,14.000000,0.738095
0.052632,0.844169,1.239130,28.134239,1.730994,19.000000,0.553398
0.125000,0.192982,2.857143,23.211180,1.285714,8.000000,0.740741
0.052632,0.844169,1.239130,28.134239,1.730994,19.000000,0.553398
0.066667,0.052576,3.062500,30.000000,1.571429,15.000000,0.753846
0.038462,0.008000,2.615385,30.000000,1.720000,26.000000,0.723404
0.066667,0.052576,3.062500,30.000000,1.571429,15.000000,0.753846
0.100000,0.353116,4.333333,29.745300,1.527273,11.000000,0.812500
0.100000,0.097873,2.625000,28.048007,1.644444,10.000000,0.724138
0.038462,0.008000,2.615385,30.000000,1.720000,26.000000,0.723404
0.066667,0.052576,3.062500,30.000000,1.571429,15.000000,0.753846
0.066667,0.199381,1.162162,30.000000,1.704762,15.000000,0.537500
0.100000,1.000000,1.800000,30.000000,1.794872,13.000000,0.642857
0.142857,0.547167,1.625000,27.476997,1.825000,16.000000,0.619048
0.166667,1.000000,3.333333,26.992402,1.619048,7.000000,0.769231
0.166667,0.926749,2.000000,25.642081,1.466667,6.000000,0.666667
0.125000,0.511479,1.750000,22.866826,1.500000,8.000000,0.636364
0.125000,0.837282,4.000000,29.134300,1.555556,9.000000,0.800000
0.166667,0.175754,2.666667,29.638397,1.466667,6.000000,0.727273
0.111111,0.701483,2.000000,27.217628,1.780220,14.000000,0.666667
0.100000,0.589557,1.600000,29.175251,1.777778,10.000000,0.615385
0.100000,1.000000,2.750000,30.000000,1.717949,13.000000,0.733333
0.111111,1.000000,1.833333,30.000000,1.717949,13.000000,0.647059
0.111111,0.048856,3.150000,28.357956,2.098462,26.000000,0.759036
0.111111,0.701483,2.000000,27.217628,1.780220,14.000000,0.666667
0.250000,0.228494,1.250000,25.944347,1.604396,14.000000,0.555556
0.111111,1.000000,2.250000,25.688758,1.250000,9.000000,0.692308
0.111111,1.000000,1.555556,20.851315,1.800000,15.000000,0.608696
0.142857,1.000000,1.782609,28.002393,1.777778,18.000000,0.640625
0.058824,0.523697,4.636364,27.763674,1.625000,17.000000,0.822581
0.058824,1.000000,1.680000,27.872890,1.847953,19.000000,0.626866
0.250000,0.717477,2.000000,26.254750,1.333333,4.000000,0.666667
0.250000,0.280233,3.857143,28.270464,1.782051,13.000000,0.794118
0.250000,1.000000,1.736842,28.024989,1.783333,16.000000,0.634615
0.200000,0.035061,2.745455,28.693522,2.022067,42.000000,0.733010
0.083333,0.003984,2.000000,28.617432,1.867647,17.000000,0.666667
0.111111,0.302622,1.194444,29.813220,1.704762,15.000000,0.544304
0.062500,0.060764,2.250000,26.770870,1.675000,16.000000,0.692308
0.062500,1.000000,1.510638,15.157913,1.719048,21.000000,0.601695
0.083333,1.000000,1.420000,18.323399,1.719048,21.000000,0.586777
0.285714,0.691655,1.687500,14.080063,1.250000,9.000000,0.627907
0.285714,0.056331,7.000000,28.943212,1.300000,5.000000,0.875000
0.062500,0.497653,1.179487,28.684176,1.741667,16.000000,0.541176
0.076923,0.633074,2.222222,25.077406,1.783333,16.000000,0.689655
0.076923,0.061453,1.285714,29.856509,1.730769,13.000000,0.562500
0.100000,0.152011,2.000000,28.684176,1.883333,16.000000,0.666667
0.076923,0.600503,2.307692,27.655990,1.756410,13.000000,0.697674
0.071429,0.251241,2.285714,27.397043,1.846154,14.000000,0.695652
0.071429,0.028270,2.333333,21.809529,2.074597,32.000000,0.700000
0.058824,0.003984,2.350000,27.789754,1.808824,17.000000,0.701493
0.066667,0.262000,2.000000,28.256832,1.676190,15.000000,0.666667
0.047619,0.164921,3.500000,28.548825,2.154023,30.000000,0.777778
0.200000,0.004149,1.750000,24.613984,1.300000,5.000000,0.636364
0.142857,0.012048,2.000000,30.000000,1.428571,7.000000,0.666667
0.047619,0.017389,1.244186,26.869952,2.149194,32.000000,0.554404
0.125000,0.012048,4.500000,26.954658,1.357143,8.000000,0.818182
0.083333,0.270837,1.636364,28.066035,1.454545,12.000000,0.620690
0.058824,0.512383,2.142857,26.811289,1.713235,17.000000,0.681818
0.071429,0.025323,2.824561,28.800979,2.009967,43.000000,0.738532
0.071429,0.390072,2.000000,15.038513,1.945055,14.000000,0.666667
0.166667,0.486029,2.125000,24.089467,1.392857,8.000000,0.680000
0.166667,0.585342,1.333333,26.666667,1.611111,9.000000,0.571429
0.250000,0.560878,2.000000,24.106529,1.802198,14.000000,0.666667
0.250000,1.000000,2.000000,30.000000,1.000000,4.000000,0.666667
0.250000,0.560878,2.000000,24.106529,1.802198,14.000000,0.666667
0.250000,1.000000,2.000000,30.000000,1.000000,4.000000,0.666667
0.083333,0.116992,3.250000,28.772863,1.606061,12.000000,0.764706
0.083333,0.217565,3.172414,28.769134,2.174194,31.000000,0.760331
0.083333,0.653798,1.864865,29.180532,1.837209,44.000000,0.650943
0.166667,0.027101,2.745455,28.744041,2.022067,42.000000,0.733010
0.076923,0.267741,3.333333,22.374518,1.974359,13.000000,0.769231
0.076923,0.020591,5.583333,26.273078,1.647368,20.000000,0.848101
0.250000,0.293965,8.000000,25.851411,1.555556,9.000000,0.888889
0.125000,1.000000,2.893617,28.710599,1.854908,38.000000,0.743169
0.125000,0.683300,1.666667,27.742202,1.464286,8.000000,0.625000
0.035714,1.000000,2.403509,29.371535,1.866397,39.000000,0.706186
0.035714,0.008417,1.859649,27.488606,1.761905,28.000000,0.650307
0.250000,0.149940,1.444444,23.518971,1.607143,8.000000,0.590909
0.250000,1.000000,3.000000,30.000000,1.000000,4.000000,0.750000
0.250000,1.000000,3.000000,30.000000,1.000000,4.000000,0.750000
0.250000,0.149940,1.444444,23.518971,1.607143,8.000000,0.590909
0.200000,0.149940,1.444444,23.518971,1.607143,8.000000,0.590909
0.200000,1.000000,7.000000,29.306677,1.300000,5.000000,0.875000
0.200000,0.660514,1.652174,22.733930,1.852941,17.000000,0.622951
0.058824,0.371287,1.629630,29.884076,1.766382,27.000000,0.619718
0.058824,0.686986,1.727273,21.928453,1.852941,17.000000,0.633333
0.200000,0.874992,3.000000,29.813462,1.488889,10.000000,0.750000
0.100000,0.416818,8.000000,27.303312,1.676190,15.000000,0.888889
0.100000,0.160147,1.176471,28.765573,1.666667,10.000000,0.540541
0.111111,0.909465,24.000000,25.756083,1.333333,9.000000,0.960000
0.111111,0.687256,1.285714,25.476211,1.583333,9.000000,0.562500
0.166667,0.678358,1.121212,30.000000,2.024615,26.000000,0.528571
0.050000,1.000000,2.950000,25.461015,1.773684,20.000000,0.746835
0.050000,0.350820,1.818182,23.330854,1.813333,25.000000,0.645161
0.111111,0.060731,1.923077,29.031256,1.488889,10.000000,0.657895
0.111111,0.569262,1.532258,27.941319,1.854701,27.000000,0.605096
0.090909,0.310902,1.518519,28.725805,1.921569,18.000000,0.602941
0.125000,1.000000,2.400000,15.176974,1.571429,8.000000,0.705882
0.125000,0.738382,2.096154,28.576547,1.804233,28.000000,0.677019
0.200000,0.981288,5.846154,28.887874,1.782197,33.000000,0.853933
0.111111,0.201656,1.846154,28.978305,1.333333,9.000000,0.648649
0.111111,0.986535,6.565217,27.584563,1.758065,32.000000,0.867816
0.250000,0.438744,2.428571,29.975854,1.428571,8.000000,0.708333
0.166667,0.321384,1.543478,15.613899,1.719368,23.000000,0.606838
0.090909,0.321384,1.543478,15.613899,1.719368,23.000000,0.606838
0.090909,0.630289,1.611111,26.858638,1.472727,11.000000,0.617021
0.200000,0.066095,2.400000,27.653524,2.114082,34.000000,0.705882
0.111111,0.321384,1.543478,15.613899,1.719368,23.000000,0.606838
0.111111,0.000000,5.750000,27.330742,1.361111,9.000000,0.851852
0.076923,0.321384,1.543478,15.613899,1.719368,23.000000,0.606838
0.076923,0.000000,1.739130,28.991816,1.487179,13.000000,0.634921
0.166667,0.685607,1.882353,22.767627,1.679487,13.000000,0.653061
0.076923,0.396797,2.348837,25.665338,1.899015,29.000000,0.701389
0.083333,0.579248,1.692308,29.789784,1.766382,27.000000,0.628571
0.166667,0.685607,1.882353,22.767627,1.679487,13.000000,0.653061
0.071429,0.478708,1.448276,29.799878,1.626374,14.000000,0.591549
0.071429,0.113598,2.809524,27.762592,1.893281,23.000000,0.737500
0.111111,0.034538,1.666667,27.475617,1.644444,10.000000,0.625000
0.111111,1.000000,3.150000,28.357956,2.098462,26.000000,0.759036
0.040000,0.267446,2.956522,28.864761,1.893333,25.000000,0.747253
0.040000,1.000000,3.150000,28.357956,2.098462,26.000000,0.759036
0.111111,0.124442,1.545455,28.483218,1.583333,9.000000,0.607143
0.047619,0.225972,3.105263,26.910441,1.893281,23.000000,0.756410
0.071429,0.478708,1.448276,29.799878,1.626374,14.000000,0.591549
0.071429,0.259855,2.027397,28.941977,2.047619,43.000000,0.669683
0.250000,0.451095,3.000000,22.525739,1.694444,9.000000,0.750000
0.250000,0.202312,4.000000,26.429429,1.333333,4.000000,0.800000
0.071429,0.311594,2.400000,15.944704,1.604396,14.000000,0.705882
0.071429,0.843941,2.333333,21.809529,2.074597,32.000000,0.700000
0.066667,0.767143,2.400000,27.653524,2.114082,34.000000,0.705882
0.066667,0.119340,1.242424,28.853557,1.685714,15.000000,0.554054
0.066667,0.279294,2.200000,26.779575,1.876190,15.000000,0.687500
0.066667,0.061481,1.777778,28.270827,1.813333,25.000000,0.640000
0.111111,0.738493,2.341463,28.367270,2.114082,34.000000,0.700730
0.111111,0.680645,1.650000,20.964479,1.850000,16.000000,0.622642
0.111111,0.128173,2.393443,28.582514,2.099668,43.000000,0.705314
0.100000,0.283746,2.760000,29.834959,1.910769,26.000000,0.734043
0.166667,0.268768,3.000000,30.000000,1.400000,6.000000,0.750000
0.166667,0.212335,2.100000,27.272758,1.709091,11.000000,0.677419
0.111111,0.302812,1.553191,29.252059,1.986667,25.000000,0.608333
0.111111,0.155955,2.637931,28.127740,1.885714,36.000000,0.725118
0.166667,0.265202,1.552632,23.959799,1.748538,19.000000,0.608247
0.111111,0.641632,1.239130,28.134239,1.730994,19.000000,0.553398
0.125000,0.358182,1.387097,27.398448,1.716667,16.000000,0.581081
0.125000,0.062453,2.333333,28.321962,1.500000,8.000000,0.700000
0.111111,0.641632,1.239130,28.134239,1.730994,19.000000,0.553398
0.111111,0.625044,1.800000,22.720116,1.583333,9.000000,0.642857
0.111111,0.313264,1.909091,21.676367,1.745455,11.000000,0.656250
0.100000,0.606837,2.625000,30.000000,1.644444,10.000000,0.724138
0.100000,0.370056,1.705882,28.772289,1.472727,11.000000,0.630435
0.125000,0.253787,4.250000,23.038275,1.428571,8.000000,0.809524
0.125000,0.420171,4.500000,27.114842,1.500000,9.000000,0.818182
0.090909,0.075758,1.850000,26.327737,1.593407,14.000000,0.649123
0.090909,0.289521,2.555556,28.156650,1.727273,11.000000,0.718750
0.038462,0.415353,2.615385,30.000000,1.720000,26.000000,0.723404
0.071429,0.865195,1.616667,25.644040,1.827094,34.000000,0.617834
0.071429,0.008130,2.000000,29.443479,1.857143,14.000000,0.666667
0.083333,1.000000,1.850000,26.327737,1.593407,14.000000,0.649123
0.083333,0.096925,2.800000,28.310262,1.575758,12.000000,0.736842
0.090909,0.002609,3.714286,30.000000,1.527273,11.000000,0.787879
0.090909,0.089523,1.705882,28.772289,1.472727,11.000000,0.630435
0.166667,0.267991,2.481481,29.292738,1.875000,32.000000,0.712766
0.200000,1.000000,1.750000,27.968039,1.300000,5.000000,0.636364
0.166667,0.267991,2.481481,29.292738,1.875000,32.000000,0.712766
0.090909,0.215089,2.571429,26.620318,1.875000,16.000000,0.720000
0.090909,0.089523,1.705882,28.772289,1.472727,11.000000,0.630435
0.111111,0.587569,2.333333,28.560208,1.416667,9.000000,0.700000
0.111111,0.057175,2.333333,30.000000,1.416667,9.000000,0.700000
0.111111,1.000000,1.850000,26.327737,1.593407,14.000000,0.649123
0.038462,0.415353,2.615385,30.000000,1.720000,26.000000,0.723404
0.071429,1.000000,1.850000,26.327737,1.593407,14.000000,0.649123
0.071429,0.008130,2.000000,26.459320,1.901961,18.000000,0.666667
0.142857,0.037699,2.933333,28.691258,1.676190,15.000000,0.745763
0.100000,1.000000,2.400000,28.773227,1.672727,11.000000,0.705882
0.100000,0.153916,1.875000,13.107089,1.935673,19.000000,0.652174
0.125000,1.000000,1.823529,29.875642,1.876190,15.000000,0.645833
0.100000,0.192053,4.200000,27.649634,1.533333,10.000000,0.807692
0.100000,0.010629,2.875000,27.239171,1.742424,12.000000,0.741935
0.083333,0.328828,1.727273,26.733729,1.454545,12.000000,0.633333
0.142857,0.188375,1.500000,24.118759,1.476190,7.000000,0.600000
0.037037,0.225860,3.358209,28.779488,2.034574,48.000000,0.770548
0.037037,0.481298,2.048193,29.362562,1.766667,36.000000,0.671937
0.045455,1.000000,2.760000,29.834959,1.910769,26.000000,0.734043
0.166667,0.639799,2.202703,28.695628,1.739750,34.000000,0.687764
0.037037,0.225860,3.358209,28.779488,2.034574,48.000000,0.770548
0.037037,0.481298,2.048193,29.362562,1.766667,36.000000,0.671937
0.055556,0.598121,2.098901,29.690411,1.820732,41.000000,0.677305
0.055556,0.625610,1.239130,28.134239,1.730994,19.000000,0.553398
0.055556,1.000000,2.333333,21.809529,2.074597,32.000000,0.700000
0.055556,0.963367,1.187500,29.365303,1.730994,19.000000,0.542857
0.055556,0.598121,2.098901,29.690411,1.820732,41.000000,0.677305
0.055556,0.625610,1.239130,28.134239,1.730994,19.000000,0.553398
0.055556,0.963367,1.187500,29.365303,1.730994,19.000000,0.542857
0.055556,1.000000,2.333333,21.809529,2.074597,32.000000,0.700000
0.111111,0.949775,2.153846,23.301661,1.935632,30.000000,0.682927
0.111111,0.382347,2.500000,29.792736,1.500000,9.000000,0.714286
0.055556,0.326856,1.911111,27.398995,1.809231,26.000000,0.656489
0.055556,0.407505,1.923077,28.134195,1.712418,18.000000,0.657895
0.066667,0.892282,2.687500,26.986941,1.926031,38.000000,0.728814
0.066667,0.313523,2.357143,26.869267,1.723810,15.000000,0.702128
0.166667,0.283166,4.500000,29.586390,1.400000,6.000000,0.818182
0.166667,0.949775,2.153846,23.301661,1.935632,30.000000,0.682927
0.058824,1.000000,1.233333,29.338034,1.897059,17.000000,0.552239
0.071429,0.211127,1.158416,29.382511,2.151515,34.000000,0.536697
0.071429,0.413212,9.187500,27.929821,1.875630,35.000000,0.901840
0.071429,1.000000,1.233333,29.036435,1.897059,17.000000,0.552239
0.090909,0.527327,2.040000,24.933088,1.868421,20.000000,0.671053
0.090909,0.755412,2.750000,23.991821,1.672727,11.000000,0.733333
0.125000,0.841450,2.500000,26.215059,1.464286,8.000000,0.714286
0.125000,0.773140,2.166667,29.633367,2.183529,51.000000,0.684211
0.142857,0.308818,2.775862,29.511685,2.009967,43.000000,0.735160
0.125000,0.941898,2.166667,29.633367,2.183529,51.000000,0.684211
0.125000,0.841450,2.500000,26.215059,1.464286,8.000000,0.714286
0.166667,0.120549,1.566038,29.386319,2.107692,26.000000,0.610294
0.125000,0.062469,6.285714,28.403119,1.888889,18.000000,0.862745
0.066667,0.338551,1.185185,29.205374,1.780952,15.000000,0.542373
0.066667,0.003922,1.966667,25.978901,1.842105,20.000000,0.662921
0.166667,0.428001,2.500000,29.924245,1.333333,6.000000,0.714286
0.166667,1.000000,1.692308,23.851171,1.636364,11.000000,0.628571
0.166667,0.120549,1.566038,29.386319,2.107692,26.000000,0.610294
0.125000,0.062469,6.285714,28.403119,1.888889,18.000000,0.862745
0.166667,0.120549,1.566038,29.386319,2.107692,26.000000,0.610294
0.125000,0.062469,6.285714,28.403119,1.888889,18.000000,0.862745
0.111111,0.246270,3.200000,23.959696,1.611111,9.000000,0.761905
0.111111,0.427038,2.000000,29.980683,1.622222,10.000000,0.666667
0.066667,0.058243,1.956522,28.131667,1.609524,15.000000,0.661765
0.043478,0.206625,1.147059,29.612144,2.151515,34.000000,0.534247
0.166667,0.234450,2.750000,27.942622,1.266667,6.000000,0.733333
0.142857,0.015748,1.714286,30.000000,1.428571,7.000000,0.631579
0.058824,0.069703,2.166667,29.534683,1.713235,17.000000,0.684211
0.200000,1.000000,2.000000,28.623850,1.400000,5.000000,0.666667
0.166667,0.220375,3.666667,23.714593,1.266667,6.000000,0.785714
0.166667,1.000000,4.333333,25.389162,1.743590,13.000000,0.812500
0.090909,1.000000,1.600000,30.000000,1.563636,11.000000,0.615385
0.090909,0.175460,1.244186,26.717579,2.149194,32.000000,0.554404
0.125000,0.175460,1.244186,26.717579,2.149194,32.000000,0.554404
0.125000,0.363001,3.250000,24.671903,1.607143,8.000000,0.764706
0.142857,0.046520,1.206186,28.115991,2.151515,34.000000,0.546729
0.071429,0.175460,1.244186,26.717579,2.149194,32.000000,0.554404
0.071429,1.000000,2.000000,28.439328,1.879121,14.000000,0.666667
0.166667,0.026412,1.540230,28.813994,1.858730,36.000000,0.606335
0.058824,0.039293,1.689655,25.159606,1.750000,17.000000,0.628205
0.058824,0.820215,1.725490,29.542805,1.766382,27.000000,0.633094
0.142857,0.473372,2.166667,27.475094,1.380952,7.000000,0.684211
0.142857,0.111584,2.052632,26.490780,1.700000,16.000000,0.672414
0.062500,0.327114,5.500000,23.669929,2.233333,16.000000,0.846154
0.090909,0.000000,2.272727,28.451927,1.636364,11.000000,0.694444
0.090909,0.035897,2.272727,28.451927,1.636364,11.000000,0.694444
0.166667,0.028340,2.600000,27.942622,1.133333,6.000000,0.722222
0.250000,0.884883,2.076923,28.840299,2.139024,41.000000,0.675000
0.250000,0.876584,1.871795,26.612332,1.615789,20.000000,0.651786
0.200000,0.011765,1.750000,30.000000,1.300000,5.000000,0.636364
0.200000,0.071855,4.444444,27.256537,2.073846,26.000000,0.816327
0.200000,1.000000,2.000000,25.714286,1.238095,7.000000,0.666667
0.200000,1.000000,1.750000,25.954357,1.300000,5.000000,0.636364
0.200000,1.000000,4.050000,28.401150,2.094017,27.000000,0.801980
0.200000,0.000000,1.750000,30.000000,1.300000,5.000000,0.636364
0.111111,0.302320,2.393443,28.448495,2.099668,43.000000,0.705314
0.111111,0.508599,1.553191,29.290758,1.986667,25.000000,0.608333
0.166667,1.000000,8.555556,22.678786,1.818841,24.000000,0.895349
0.142857,0.046297,2.360000,26.253594,1.878947,20.000000,0.702381
0.076923,0.138528,1.333333,28.521999,1.780952,15.000000,0.571429
0.076923,1.000000,6.727273,28.086254,1.911111,36.000000,0.870588
0.111111,0.003891,2.250000,30.000000,1.583333,9.000000,0.692308
0.111111,0.869894,5.833333,25.273897,2.366013,18.000000,0.853659
0.111111,0.003891,2.250000,30.000000,1.583333,9.000000,0.692308
0.111111,0.869894,5.833333,25.273897,2.366013,18.000000,0.853659
0.250000,0.189392,2.000000,28.125000,1.850000,16.000000,0.666667
0.111111,0.003891,2.250000,30.000000,1.583333,9.000000,0.692308
0.111111,0.869894,5.833333,25.273897,2.366013,18.000000,0.853659
0.111111,0.003891,2.250000,30.000000,1.583333,9.000000,0.692308
0.111111,0.869894,5.833333,25.273897,2.366013,18.000000,0.853659
0.250000,0.189392,2.000000,28.125000,1.850000,16.000000,0.666667
0.055556,0.765515,1.183673,29.405428,1.742105,20.000000,0.542056
0.055556,0.027315,1.768116,27.109364,1.831439,33.000000,0.638743
0.055556,0.289829,1.384615,21.991443,1.751634,18.000000,0.580645
0.055556,0.850460,1.390244,29.290610,1.701754,19.000000,0.581633
0.055556,0.765515,1.183673,29.405428,1.742105,20.000000,0.542056
0.055556,0.027315,1.768116,27.109364,1.831439,33.000000,0.638743
0.055556,0.850460,1.390244,29.290610,1.701754,19.000000,0.581633
0.055556,0.289829,1.384615,21.991443,1.751634,18.000000,0.580645
0.142857,0.367105,1.900000,29.182561,1.670330,14.000000,0.655172
0.200000,1.000000,2.454545,25.611439,1.681818,12.000000,0.710526
0.142857,0.583914,2.400000,11.830266,1.604396,14.000000,0.705882
0.058824,0.134787,2.045455,28.730668,1.757353,17.000000,0.671642
0.058824,1.000000,2.191489,25.695358,2.095798,35.000000,0.686667
0.166667,1.000000,2.191489,25.695358,2.095798,35.000000,0.686667
0.058824,0.729541,1.371429,28.238068,1.727941,17.000000,0.578313
0.058824,1.000000,2.191489,25.695358,2.095798,35.000000,0.686667
0.058824,0.035702,2.485714,28.633176,1.928775,27.000000,0.713115
0.050000,0.579257,2.000000,21.463340,1.926407,22.000000,0.666667
0.050000,0.503583,2.142857,28.166583,2.103175,36.000000,0.681818
0.200000,0.614787,2.063830,29.603334,1.849003,27.000000,0.673611
0.142857,0.050163,1.333333,25.714286,1.476190,7.000000,0.571429
0.142857,0.273146,2.461538,29.482845,1.802198,14.000000,0.711111
0.166667,0.189392,2.000000,28.125000,1.850000,16.000000,0.666667
0.076923,0.618285,1.365079,21.520712,1.910053,28.000000,0.577181
0.083333,0.145042,3.000000,27.795388,1.818713,19.000000,0.750000
0.100000,0.067691,2.121212,28.507654,1.851449,24.000000,0.679612
0.166667,0.000000,8.500000,25.554923,1.381818,11.000000,0.894737
0.090909,0.000000,1.225490,28.294044,1.998217,34.000000,0.550661
0.250000,0.310484,1.600000,22.846711,1.533333,6.000000,0.615385
0.285714,0.051484,2.200000,30.000000,1.266667,6.000000,0.687500
0.285714,0.342389,1.833333,17.411210,1.266667,6.000000,0.647059
0.285714,0.051484,2.200000,30.000000,1.266667,6.000000,0.687500
0.285714,0.342389,1.833333,17.411210,1.266667,6.000000,0.647059
0.066667,0.361886,4.500000,29.599085,1.700000,25.000000,0.818182
0.066667,0.309205,3.153846,27.503923,1.895425,18.000000,0.759259
0.200000,1.000000,2.565217,27.278655,1.773684,20.000000,0.719512
0.125000,0.763936,2.612500,27.346428,1.988235,51.000000,0.723183
0.100000,0.110166,1.714286,12.378450,1.511111,10.000000,0.631579
0.100000,0.007937,1.494737,29.459364,1.854354,37.000000,0.599156
0.100000,0.594675,2.709677,29.353765,2.002114,44.000000,0.730435
0.038462,1.000000,1.200000,26.728273,1.894587,27.000000,0.545455
0.038462,0.312076,1.973333,29.150737,2.047619,43.000000,0.663677
0.166667,0.760830,2.566265,28.645326,1.999246,52.000000,0.719595
0.142857,0.340519,1.968750,27.995380,2.064777,39.000000,0.663158
0.142857,1.000000,2.000000,19.666100,1.523810,7.000000,0.666667
0.142857,0.470868,1.666667,20.853760,1.523810,7.000000,0.625000
0.125000,0.764275,2.597561,28.166987,1.999246,52.000000,0.722034
0.200000,0.069444,2.000000,29.845465,1.000000,5.000000,0.666667
0.200000,0.514305,1.225490,28.294044,1.998217,34.000000,0.550661
0.111111,0.443104,3.500000,28.649518,1.533333,10.000000,0.777778
0.050000,0.126996,2.428571,28.497939,1.900000,20.000000,0.708333
0.050000,0.514305,1.225490,28.294044,1.998217,34.000000,0.550661
0.058824,0.574236,2.036364,25.067992,2.106686,38.000000,0.670659
0.058824,0.015873,1.875000,29.872375,1.757353,17.000000,0.652174
0.166667,0.574236,2.036364,25.067992,2.106686,38.000000,0.670659
0.045455,0.574236,2.036364,25.067992,2.106686,38.000000,0.670659
0.045455,0.404588,1.627907,24.971140,1.809524,22.000000,0.619469
0.142857,0.024000,8.500000,28.349648,1.381818,11.000000,0.894737
0.166667,0.027888,1.666667,30.000000,1.333333,6.000000,0.625000
0.083333,0.982383,2.400000,29.939784,1.666667,12.000000,0.705882
0.083333,0.525831,2.050000,29.122372,1.763025,35.000000,0.672131
0.076923,0.236647,2.875000,19.502943,1.807692,13.000000,0.741935
0.076923,0.903362,2.000000,30.000000,1.615385,13.000000,0.666667
0.071429,0.973128,2.111111,30.000000,1.638095,15.000000,0.678571
0.200000,0.124104,1.550000,29.653462,1.472727,11.000000,0.607843
0.125000,0.129226,2.500000,28.526792,1.464286,8.000000,0.714286
0.250000,0.040359,3.000000,25.223878,1.000000,4.000000,0.750000
0.142857,0.474824,13.000000,29.972404,1.380952,7.000000,0.928571
0.125000,0.545666,1.114286,29.754587,2.151515,34.000000,0.527027
0.250000,0.040359,3.000000,25.223878,1.000000,4.000000,0.750000
0.166667,0.110247,4.230769,28.781889,1.923810,21.000000,0.808824
0.166667,0.220339,2.166667,27.465393,1.535714,8.000000,0.684211
0.142857,0.351673,2.166667,29.339507,1.535714,8.000000,0.684211
0.071429,0.161235,2.096774,23.709690,2.021739,24.000000,0.677083
0.071429,0.328734,2.333333,27.082459,1.725275,14.000000,0.700000
0.100000,0.708323,4.050000,28.401150,2.094017,27.000000,0.801980
0.100000,0.255763,1.428571,30.000000,1.644444,10.000000,0.588235
0.166667,0.161235,2.096774,23.709690,2.021739,24.000000,0.677083
0.125000,1.000000,1.888889,23.810008,1.428571,8.000000,0.653846
0.125000,0.418307,12.333333,28.489190,1.593407,14.000000,0.925000
0.100000,0.054933,4.444444,27.256537,2.073846,26.000000,0.816327
0.100000,0.244735,1.428571,29.927740,1.644444,10.000000,0.588235
0.166667,0.747257,1.600000,25.002618,1.466667,6.000000,0.615385
0.166667,0.778658,1.576271,29.559133,1.769841,28.000000,0.611842
0.200000,0.004219,1.750000,29.369568,1.300000,5.000000,0.636364
0.200000,1.000000,2.240741,27.314729,2.093093,37.000000,0.691429
0.250000,0.276107,2.333333,28.530696,1.300000,5.000000,0.700000
0.125000,1.000000,2.400000,25.372800,2.074603,36.000000,0.705882
0.125000,0.384096,1.666667,28.293234,1.107143,8.000000,0.625000
0.076923,1.000000,1.894737,16.920563,1.576923,13.000000,0.654545
0.076923,0.485183,1.272727,23.158003,1.691667,16.000000,0.560000
0.200000,0.563071,1.301887,27.618503,1.996825,36.000000,0.565574
0.200000,0.059406,1.666667,30.000000,1.000000,5.000000,0.625000
0.083333,0.563071,1.301887,27.618503,1.996825,36.000000,0.565574
0.100000,0.173368,1.769231,29.585600,1.851852,28.000000,0.638889
0.050000,0.286545,2.318182,29.709559,1.900000,20.000000,0.698630
0.050000,0.563071,1.301887,27.618503,1.996825,36.000000,0.565574
0.111111,0.077660,3.500000,27.153331,2.055556,9.000000,0.777778
0.111111,0.465319,3.833333,28.164974,1.581818,11.000000,0.793103
0.200000,0.439449,3.833333,26.055942,1.581818,11.000000,0.793103
0.200000,1.000000,2.000000,30.000000,1.638095,15.000000,0.666667
0.111111,0.791711,1.176471,28.048007,1.666667,10.000000,0.540541
0.166667,0.186040,1.384615,21.991443,1.751634,18.000000,0.580645
0.058824,0.040499,1.875000,30.000000,1.757353,17.000000,0.652174
0.058824,0.506140,2.034483,23.347550,2.107962,39.000000,0.670455
0.125000,0.064327,3.333333,24.774997,1.285714,8.000000,0.769231
0.125000,0.506140,2.034483,23.347550,2.107962,39.000000,0.670455
0.043478,0.162118,1.448980,28.396610,1.845850,23.000000,0.591667
0.043478,0.506140,2.034483,23.347550,2.107962,39.000000,0.670455
0.166667,0.054803,2.200000,28.847858,1.266667,6.000000,0.687500
0.043478,0.000000,1.604651,29.709866,1.936759,23.000000,0.616071
0.043478,0.231114,1.736842,20.411505,1.860000,25.000000,0.634615
0.043478,0.000000,1.604651,29.709866,1.936759,23.000000,0.616071
0.043478,0.231114,1.736842,20.411505,1.860000,25.000000,0.634615
0.076923,0.012876,1.666667,30.000000,1.505495,14.000000,0.625000
0.076923,0.703930,2.166667,28.395070,1.782051,13.000000,0.684211
0.076923,0.131354,3.000000,26.602156,1.657143,15.000000,0.750000
0.076923,0.703930,2.166667,28.395070,1.782051,13.000000,0.684211
0.076923,0.124690,2.200000,28.682302,1.858065,31.000000,0.687500
0.076923,0.703930,2.166667,28.395070,1.782051,13.000000,0.684211
0.083333,0.435869,1.545455,15.977965,1.484848,12.000000,0.607143
0.083333,0.051079,3.750000,29.430850,1.893939,33.000000,0.789474
0.111111,0.017241,3.166667,28.570623,1.830409,19.000000,0.760000
0.052632,0.455814,2.142857,27.786175,1.923977,19.000000,0.681818
0.125000,0.215671,2.600000,20.855915,1.535714,8.000000,0.722222
0.125000,0.331191,1.500000,22.029704,1.730769,13.000000,0.600000
0.050000,0.222063,1.907895,26.690315,2.002564,40.000000,0.656109
0.050000,0.065071,2.173913,29.410717,1.857895,20.000000,0.684932
0.125000,0.354718,2.285714,29.369351,1.555556,9.000000,0.695652
0.166667,0.319686,2.793103,26.683889,1.658009,22.000000,0.736364
0.100000,0.352862,2.214286,23.711396,1.717949,13.000000,0.688889
0.100000,0.017241,3.800000,30.000000,1.711111,10.000000,0.791667
0.250000,0.038695,1.039474,29.584913,1.830000,25.000000,0.509677
0.250000,0.038695,1.039474,29.584913,1.830000,25.000000,0.509677
0.055556,0.339137,1.812500,30.000000,1.692810,18.000000,0.644444
0.055556,0.008372,1.441860,28.109211,1.672515,19.000000,0.590476
0.125000,0.557830,1.888889,19.973842,1.755556,10.000000,0.653846
0.055556,0.008372,1.441860,28.109211,1.672515,19.000000,0.590476
0.055556,0.339137,1.812500,30.000000,1.692810,18.000000,0.644444
0.100000,0.088489,1.583333,27.842346,1.892045,33.000000,0.612903
0.100000,0.612583,4.750000,29.296061,1.711111,10.000000,0.826087
0.125000,0.031067,1.250000,27.651708,1.666667,10.000000,0.555556
0.166667,0.495432,2.333333,26.732399,1.533333,6.000000,0.700000
0.166667,0.463707,3.000000,28.366199,1.681818,12.000000,0.750000
0.052632,0.060550,1.955882,29.726545,1.889113,32.000000,0.661692
0.090909,0.280576,1.777778,28.073424,1.418182,11.000000,0.640000
0.090909,0.516344,2.451613,26.463832,1.826087,24.000000,0.710280
0.066667,0.817507,1.307692,19.520182,1.866097,27.000000,0.566667
0.066667,0.197607,2.000000,25.145330,1.882353,18.000000,0.666667
0.066667,0.066598,3.300000,25.791337,1.800000,15.000000,0.767442
0.090909,0.516344,2.451613,26.463832,1.826087,24.000000,0.710280
0.090909,0.280576,1.777778,28.073424,1.418182,11.000000,0.640000
0.076923,0.156917,1.707317,27.182670,1.833992,23.000000,0.630631
0.076923,0.466556,2.142857,30.000000,1.717949,13.000000,0.681818
0.050000,0.101763,2.869565,29.516751,1.728571,21.000000,0.741573
0.050000,1.000000,2.454545,15.684742,2.229249,23.000000,0.710526
0.071429,0.452934,3.272727,28.983265,1.604396,14.000000,0.765957
0.071429,0.046103,2.111111,26.088848,1.989919,32.000000,0.678571
0.200000,1.000000,1.363636,30.000000,1.666667,9.000000,0.576923
0.045455,0.300019,1.583333,27.842346,1.892045,33.000000,0.612903
0.045455,0.453702,2.360000,27.670520,2.069264,22.000000,0.702381
0.062500,0.300019,1.583333,27.842346,1.892045,33.000000,0.612903
0.062500,0.320977,1.730769,22.771131,1.625000,16.000000,0.633803
0.083333,1.000000,4.333333,24.900549,1.681818,12.000000,0.812500
0.111111,0.377116,15.000000,29.857831,1.944444,9.000000,0.937500
0.166667,0.293076,1.730769,29.354171,1.609524,15.000000,0.633803
0.200000,1.000000,5.000000,30.000000,1.000000,5.000000,0.833333
0.166667,1.000000,11.000000,28.035723,1.266667,6.000000,0.916667
0.200000,0.628883,4.000000,26.666274,1.694444,9.000000,0.800000
0.200000,0.721706,2.333333,25.127454,1.300000,5.000000,0.700000
0.047619,0.532358,3.733333,29.965591,1.947619,21.000000,0.788732
0.047619,0.031091,1.976744,29.189176,1.946341,41.000000,0.664062
0.058824,0.311968,2.222222,27.605294,1.897059,17.000000,0.689655
0.058824,0.404431,5.571429,29.683491,1.889706,17.000000,0.847826
0.076923,0.477175,2.909091,23.186162,1.589744,13.000000,0.744186
0.076923,0.564545,2.062500,29.427060,1.876190,15.000000,0.673469
0.055556,0.346460,1.543478,28.483988,1.854354,37.000000,0.606838
0.052632,0.618909,1.629630,29.505872,1.742690,19.000000,0.619718
0.250000,0.235526,2.360000,27.575825,2.069264,22.000000,0.702381
0.076923,0.304646,1.387097,27.398448,1.716667,16.000000,0.581081
0.050000,1.000000,1.589744,27.875830,1.673684,20.000000,0.613861
0.050000,0.105451,1.142857,26.926250,1.786561,23.000000,0.533333
0.083333,0.468434,1.511111,30.000000,1.676190,21.000000,0.601770
0.125000,1.000000,1.550000,28.448641,1.673684,20.000000,0.607843
0.125000,0.531543,1.714286,23.794867,1.571429,8.000000,0.631579
0.050000,1.000000,1.589744,27.875830,1.673684,20.000000,0.613861
0.050000,0.105451,1.142857,26.926250,1.786561,23.000000,0.533333
0.043478,0.152440,2.826087,28.252792,1.893281,23.000000,0.738636
0.043478,0.070974,1.819672,26.729989,1.877016,32.000000,0.645349
0.250000,0.883730,2.066667,29.296419,1.761905,15.000000,0.673913
0.250000,0.883730,2.066667,29.296419,1.761905,15.000000,0.673913
0.125000,0.036532,2.125000,27.292562,1.711111,10.000000,0.680000
0.125000,0.065397,1.074074,27.857149,1.917989,28.000000,0.517857
0.125000,0.036532,2.125000,27.292562,1.711111,10.000000,0.680000
0.125000,0.065397,1.074074,27.857149,1.917989,28.000000,0.517857
0.142857,1.000000,1.454545,29.633417,1.983333,16.000000,0.592593
0.047619,0.369738,2.098901,29.710346,1.820732,41.000000,0.677305
0.043478,0.755542,1.792453,28.827829,1.864532,29.000000,0.641892
0.043478,0.354574,1.725000,23.075627,1.727273,23.000000,0.633028
0.047619,0.654487,2.614035,29.164123,1.871658,34.000000,0.723301
0.058824,0.767643,1.979167,29.682922,1.864532,29.000000,0.664336
0.058824,0.445781,2.857143,23.784820,1.816176,17.000000,0.740741
0.043478,0.755542,1.792453,28.827829,1.864532,29.000000,0.641892
0.043478,0.014850,1.725000,23.075627,1.727273,23.000000,0.633028
0.052632,0.767643,1.979167,29.682922,1.864532,29.000000,0.664336
0.052632,0.425428,2.260870,29.742008,1.736842,19.000000,0.693333
0.066667,0.663133,2.875000,27.199115,1.741667,16.000000,0.741935
0.047619,0.654487,2.614035,29.164123,1.871658,34.000000,0.723301
0.111111,0.098765,4.000000,28.614797,1.644444,10.000000,0.800000
0.071429,0.824043,1.769231,29.433283,1.851852,28.000000,0.638889
0.071429,0.450751,1.600000,26.448251,1.983333,16.000000,0.615385
0.125000,0.767643,1.979167,29.682922,1.864532,29.000000,0.664336
0.125000,0.993840,2.571429,26.250000,1.392857,8.000000,0.720000
0.200000,0.068835,3.200000,26.897949,1.801170,19.000000,0.761905
0.250000,0.300625,1.750000,29.857495,1.333333,7.000000,0.636364
0.250000,1.000000,5.000000,29.750616,1.166667,4.000000,0.833333
0.043478,0.163846,2.866667,26.336575,1.667984,23.000000,0.741379
0.043478,0.573093,1.725000,26.609320,1.936759,23.000000,0.633028
0.111111,0.411018,2.000000,30.000000,1.555556,9.000000,0.666667
0.062500,0.011068,2.826087,29.705031,1.657895,20.000000,0.738636
0.125000,0.954587,2.000000,20.517656,2.133998,43.000000,0.666667
0.125000,0.366047,2.000000,20.517656,2.133998,43.000000,0.666667
0.083333,0.214335,3.071429,29.435008,1.641667,16.000000,0.754386
0.083333,0.214335,3.071429,29.435008,1.641667,16.000000,0.754386
0.047619,0.030987,1.810811,30.000000,1.819048,21.000000,0.644231
0.047619,0.110069,1.622222,22.584643,1.903134,27.000000,0.618644
0.047619,0.030987,1.810811,30.000000,1.819048,21.000000,0.644231
0.047619,0.110069,1.622222,22.584643,1.903134,27.000000,0.618644
0.111111,0.028522,2.312500,30.000000,1.714286,15.000000,0.698113
0.111111,1.000000,1.888889,30.000000,1.527778,9.000000,0.653846
0.071429,0.656661,2.191011,27.282081,1.982609,46.000000,0.686620
0.166667,0.861805,3.000000,18.461542,2.000000,18.000000,0.750000
0.166667,0.401489,1.979592,29.727907,1.849003,27.000000,0.664384
0.125000,0.575362,7.500000,24.333482,1.571429,8.000000,0.882353
0.125000,0.443477,2.112500,28.973753,1.923077,40.000000,0.678715
0.086957,0.409410,1.892857,27.387582,1.761905,28.000000,0.654321
0.076923,0.997008,2.344828,28.961502,1.705628,22.000000,0.701031
0.076923,0.671821,2.241379,26.994128,1.982609,46.000000,0.691489
0.200000,0.394232,2.213115,28.334535,1.859848,33.000000,0.688776
0.200000,1.000000,2.666667,28.348883,1.200000,5.000000,0.727273
0.200000,1.000000,1.184211,27.186065,1.894587,27.000000,0.542169
0.200000,0.778882,1.934783,28.693297,1.861538,26.000000,0.659259
0.076923,0.186791,1.560000,17.358463,1.717391,24.000000,0.609375
0.076923,0.447434,1.739130,29.563397,1.487179,13.000000,0.634921
0.166667,1.000000,1.725000,23.075627,1.727273,23.000000,0.633028
0.166667,0.084824,1.725000,23.075627,1.727273,23.000000,0.633028
0.043478,0.453790,2.352941,26.377248,2.074603,36.000000,0.701754
0.043478,0.309157,2.343750,28.381899,1.904615,26.000000,0.700935
0.125000,0.829038,1.444444,30.000000,1.642857,8.000000,0.590909
0.052632,0.367739,1.515152,28.090305,1.807018,19.000000,0.602410
0.052632,1.000000,1.725000,23.075627,1.727273,23.000000,0.633028
0.083333,0.007637,1.515152,23.370177,1.807018,19.000000,0.602410
0.125000,0.829038,1.444444,30.000000,1.642857,8.000000,0.590909
0.125000,0.436118,1.963636,29.992846,1.840456,27.000000,0.662577
0.083333,0.190580,2.347826,28.477402,2.003623,24.000000,0.701299
0.050000,0.407493,1.678571,28.614187,1.752632,20.000000,0.626667
0.050000,1.000000,1.725000,23.075627,1.727273,23.000000,0.633028
0.043478,0.084824,1.725000,23.075627,1.727273,23.000000,0.633028
0.043478,0.263189,2.272727,28.915875,1.904615,26.000000,0.694444
0.200000,1.000000,2.500000,28.980792,1.600000,10.000000,0.714286
0.071429,0.093059,4.240000,29.985015,2.020390,48.000000,0.809160
0.071429,0.273242,2.545455,27.144282,1.879121,14.000000,0.717949
0.100000,0.680434,1.888889,29.813462,1.622222,10.000000,0.653846
0.071429,0.273242,2.545455,27.144282,1.879121,14.000000,0.717949
0.071429,0.093059,4.240000,29.985015,2.020390,48.000000,0.809160
0.058824,0.402881,2.857143,23.784820,1.816176,17.000000,0.740741
0.083333,1.000000,1.916667,28.303352,1.772727,12.000000,0.657143
0.055556,0.627126,2.000000,23.773126,1.882353,18.000000,0.666667
0.055556,0.004999,1.740741,28.058167,1.710769,26.000000,0.635135
0.200000,0.024000,2.000000,29.189920,1.400000,5.000000,0.666667
0.090909,0.652106,2.628571,27.913223,1.837607,27.000000,0.724409
0.090909,0.370774,1.777778,29.934309,1.418182,11.000000,0.640000
0.043478,0.128609,2.000000,28.468636,1.831933,35.000000,0.666667
0.090909,0.652106,2.628571,27.913223,1.837607,27.000000,0.724409
0.090909,0.370774,1.777778,29.934309,1.418182,11.000000,0.640000
0.043478,0.004329,2.309524,29.700329,1.941532,32.000000,0.697842
0.200000,0.265282,2.545455,27.287104,1.879121,14.000000,0.717949
0.076923,0.066259,1.975309,28.463519,2.021142,44.000000,0.663900
0.200000,0.434541,2.875000,29.110562,1.882353,18.000000,0.741935
0.142857,1.000000,1.333333,26.764384,1.476190,7.000000,0.571429
0.142857,0.737711,2.000000,30.000000,1.794872,13.000000,0.666667
0.166667,0.193065,3.312500,27.342092,1.794737,20.000000,0.768116
0.111111,0.072607,2.387097,27.040450,2.050575,30.000000,0.704762
0.041667,0.035633,2.255814,29.783973,1.941532,32.000000,0.692857
0.083333,0.429918,3.100000,15.631865,1.847619,15.000000,0.756098
0.083333,1.000000,1.952381,29.622935,1.525641,13.000000,0.661290
0.058824,0.703723,2.869565,29.363747,1.728571,21.000000,0.741573
0.058824,0.325952,1.525000,29.199506,1.800000,20.000000,0.603960
0.111111,0.254449,1.775000,29.736013,1.891304,24.000000,0.639640
0.041667,0.037107,2.044776,27.956354,1.833333,36.000000,0.671569
0.142857,0.565179,1.441176,27.953219,1.966667,21.000000,0.590361
0.052632,0.201117,1.515152,20.550211,1.807018,19.000000,0.602410
0.052632,0.528800,2.347826,27.558534,2.003623,24.000000,0.701299
0.166667,0.043957,3.533333,29.675665,2.020390,48.000000,0.779412
0.125000,1.000000,2.375000,30.000000,1.321429,8.000000,0.703704
0.125000,0.269470,2.800000,22.164163,1.571429,8.000000,0.736842
0.166667,0.043957,3.533333,29.675665,2.020390,48.000000,0.779412
0.125000,0.629560,5.666667,24.808773,1.392857,8.000000,0.850000
0.090909,1.000000,2.300000,20.923136,1.581818,11.000000,0.696970
0.090909,0.206166,2.333333,30.000000,1.709091,11.000000,0.700000
0.090909,0.987313,4.857143,27.419139,1.742857,15.000000,0.829268
0.166667,0.311137,3.045455,28.857773,2.130435,24.000000,0.752809
0.166667,1.000000,1.961538,28.934554,1.720588,17.000000,0.662338
0.166667,0.448138,2.250000,30.000000,1.400000,6.000000,0.692308
0.111111,0.148896,0.955056,30.000000,1.824615,26.000000,0.488506
0.111111,0.148896,0.955056,30.000000,1.824615,26.000000,0.488506
0.052632,0.062681,1.884615,29.258734,2.006098,41.000000,0.653333
0.052632,0.660473,1.724138,28.777048,1.812865,19.000000,0.632911
0.125000,0.582225,2.058824,22.517528,2.064039,29.000000,0.673077
0.142857,0.113446,1.846154,27.272727,1.600000,11.000000,0.648649
0.142857,0.126270,3.000000,26.393739,1.571429,7.000000,0.750000
0.166667,0.232395,1.787879,29.493357,1.747368,20.000000,0.641304
0.050000,0.018499,1.000000,28.932389,1.906404,29.000000,0.500000
0.050000,0.797845,1.452381,28.321960,1.800000,20.000000,0.592233
0.050000,0.018499,1.000000,28.932389,1.906404,29.000000,0.500000
0.050000,0.797845,1.452381,28.321960,1.800000,20.000000,0.592233
0.125000,0.426075,1.750000,27.268822,1.571429,8.000000,0.636364
0.076923,0.017267,1.986486,25.789173,2.080842,43.000000,0.665158
0.076923,0.835730,4.400000,28.820604,2.282051,13.000000,0.814815
0.043478,0.462438,1.585714,28.435577,1.941288,33.000000,0.613260
0.043478,0.406911,1.142857,26.926250,1.786561,23.000000,0.533333
0.038462,1.000000,2.000000,20.517656,2.133998,43.000000,0.666667
0.038462,0.332313,1.023529,28.904852,1.917989,28.000000,0.505814
0.038462,0.514353,2.000000,20.517656,2.133998,43.000000,0.666667
0.038462,0.332313,1.023529,28.904852,1.917989,28.000000,0.505814
0.076923,0.901085,4.400000,27.572090,2.282051,13.000000,0.814815
0.076923,0.748941,1.724138,29.701272,1.812865,19.000000,0.632911
0.100000,0.406911,1.142857,26.926250,1.786561,23.000000,0.533333
0.043478,0.462438,1.585714,28.435577,1.941288,33.000000,0.613260
0.043478,0.406911,1.142857,26.926250,1.786561,23.000000,0.533333
0.100000,0.406911,1.142857,26.926250,1.786561,23.000000,0.533333
0.038462,0.332313,1.023529,28.904852,1.917989,28.000000,0.505814
0.038462,1.000000,2.000000,20.517656,2.133998,43.000000,0.666667
0.038462,0.332313,1.023529,28.904852,1.917989,28.000000,0.505814
0.038462,0.514353,2.000000,20.517656,2.133998,43.000000,0.666667
0.076923,0.017267,1.986486,25.789173,2.080842,43.000000,0.665158
0.076923,0.897006,4.400000,28.820604,2.282051,13.000000,0.814815
0.041667,0.205956,1.632653,22.572670,1.908867,29.000000,0.620155
0.142857,0.999704,2.000000,26.475496,1.476190,7.000000,0.666667
0.041667,0.205956,1.632653,22.572670,1.908867,29.000000,0.620155
0.083333,0.301134,3.085714,28.621875,1.698006,27.000000,0.755245
0.090909,0.753434,1.750000,25.757660,1.490909,11.000000,0.636364
0.062500,0.285149,1.355556,28.421053,1.766082,19.000000,0.575472
0.062500,0.027958,2.470588,28.684176,1.716667,16.000000,0.711864
0.050000,1.000000,2.000000,20.517656,2.133998,43.000000,0.666667
0.050000,0.052971,2.178571,26.007529,1.773684,20.000000,0.685393
0.050000,0.763764,2.000000,20.517656,2.133998,43.000000,0.666667
0.050000,0.052971,2.178571,26.007529,1.773684,20.000000,0.685393
0.111111,0.763764,2.000000,20.517656,2.133998,43.000000,0.666667
0.125000,0.000000,1.916667,30.000000,1.762846,23.000000,0.657143
0.125000,0.009009,1.916667,30.000000,1.762846,23.000000,0.657143
0.125000,0.000000,1.916667,30.000000,1.762846,23.000000,0.657143
0.125000,0.000000,1.916667,30.000000,1.762846,23.000000,0.657143
0.111111,1.000000,2.000000,20.517656,2.133998,43.000000,0.666667
0.125000,0.000000,2.413793,29.567630,2.592593,28.000000,0.707071
0.125000,0.000000,2.413793,29.567630,2.592593,28.000000,0.707071
0.045455,0.376502,1.866667,29.405773,1.874459,22.000000,0.651163
0.045455,0.017878,1.583333,27.857059,1.879892,39.000000,0.612903
0.200000,0.464527,1.213235,27.217995,2.048780,42.000000,0.548173
0.071429,0.464527,1.213235,27.217995,2.048780,42.000000,0.548173
0.071429,0.148574,2.157895,29.343196,1.549451,14.000000,0.683333
0.040000,0.000000,2.720000,29.262876,2.093333,25.000000,0.731183
0.040000,0.464527,1.213235,27.217995,2.048780,42.000000,0.548173
0.066667,0.502609,1.875000,28.747871,1.609524,15.000000,0.652174
0.040000,0.931862,1.857143,6.191351,1.780000,25.000000,0.650000
0.040000,0.037265,1.674699,30.000000,1.776471,35.000000,0.626126
0.100000,1.000000,1.583333,19.184193,1.654545,11.000000,0.612903
0.100000,0.226917,1.916667,28.332319,1.488889,10.000000,0.657143
0.100000,0.931862,1.857143,6.191351,1.780000,25.000000,0.650000
0.100000,0.074757,2.727273,27.207313,1.355556,10.000000,0.731707
0.090909,0.231380,2.714286,29.173854,1.748677,28.000000,0.730769
0.090909,0.231380,2.714286,29.173854,1.748677,28.000000,0.730769
0.111111,0.077414,3.470588,27.304076,1.785714,21.000000,0.776316
0.125000,0.162986,1.916667,30.000000,1.762846,23.000000,0.657143
0.125000,0.358132,2.058824,26.359628,1.891667,16.000000,0.673077
0.125000,0.160935,2.428571,30.000000,1.428571,8.000000,0.708333
0.125000,0.194310,1.916667,30.000000,1.762846,23.000000,0.657143
0.125000,0.194310,1.916667,30.000000,1.762846,23.000000,0.657143
0.125000,0.358132,2.058824,26.359628,1.891667,16.000000,0.673077
0.125000,0.160935,2.428571,30.000000,1.428571,8.000000,0.708333
0.125000,0.358132,2.058824,26.359628,1.891667,16.000000,0.673077
0.125000,0.160935,2.428571,30.000000,1.428571,8.000000,0.708333
0.125000,0.160935,2.428571,30.000000,1.428571,8.000000,0.708333
0.125000,0.358132,2.058824,26.359628,1.891667,16.000000,0.673077
0.062500,0.281309,4.076923,30.000000,2.020390,48.000000,0.803030
0.062500,0.358132,2.058824,26.359628,1.891667,16.000000,0.673077
0.125000,0.194310,1.916667,30.000000,1.762846,23.000000,0.657143
0.062500,0.281309,4.076923,30.000000,2.020390,48.000000,0.803030
0.062500,0.358132,2.058824,26.359628,1.891667,16.000000,0.673077
0.090909,0.190543,3.000000,24.441443,1.714286,15.000000,0.750000
0.090909,0.018020,3.142857,25.603613,1.745455,11.000000,0.758621
0.250000,0.138624,7.500000,28.285062,1.694444,9.000000,0.882353
0.250000,1.000000,4.000000,30.000000,1.333333,4.000000,0.800000
0.125000,0.698224,1.269231,29.716135,1.768421,20.000000,0.559322
0.125000,0.637629,2.000000,27.829897,1.428571,8.000000,0.666667
0.083333,0.244590,2.100000,24.023715,1.757576,12.000000,0.677419
0.083333,0.618412,2.400000,27.475476,1.772059,17.000000,0.705882
0.052632,0.518443,2.192308,26.528643,1.812865,19.000000,0.686747
0.052632,0.646712,1.926829,29.142177,1.952381,28.000000,0.658333
0.083333,0.506629,1.842105,27.136587,1.469697,12.000000,0.648148
0.083333,0.433395,1.933333,30.000000,1.833992,23.000000,0.659091
0.043478,0.395755,2.500000,28.355459,2.592593,28.000000,0.714286
0.043478,1.000000,3.064516,29.390083,2.043678,30.000000,0.753968
0.052632,1.000000,3.066667,29.743071,2.029557,29.000000,0.754098
0.052632,0.523419,1.880000,29.565922,1.918129,19.000000,0.652778
0.050000,0.028423,1.857143,27.025793,1.889474,20.000000,0.650000
0.050000,0.438166,2.413793,29.880228,2.592593,28.000000,0.707071
0.043478,0.395755,2.500000,28.355459,2.592593,28.000000,0.714286
0.043478,1.000000,3.064516,29.390083,2.043678,30.000000,0.753968
0.052632,1.000000,3.066667,29.743071,2.029557,29.000000,0.754098
0.052632,0.523419,1.880000,29.565922,1.918129,19.000000,0.652778
0.043478,0.395755,2.500000,28.355459,2.592593,28.000000,0.714286
0.043478,1.000000,3.064516,29.390083,2.043678,30.000000,0.753968
0.166667,0.395755,2.500000,28.355459,2.592593,28.000000,0.714286
0.166667,1.000000,2.666667,8.269971,1.533333,6.000000,0.727273
0.166667,0.426993,2.800000,25.271097,1.875000,17.000000,0.736842
0.052632,0.523419,1.880000,29.565922,1.918129,19.000000,0.652778
0.052632,1.000000,3.066667,29.743071,2.029557,29.000000,0.754098
0.052632,0.676713,3.066667,29.743071,2.029557,29.000000,0.754098
0.052632,0.523419,1.880000,29.565922,1.918129,19.000000,0.652778
0.043478,0.395755,2.500000,28.355459,2.592593,28.000000,0.714286
0.043478,0.377530,3.064516,29.390083,2.043678,30.000000,0.753968
0.050000,0.620484,2.413793,29.880228,2.592593,28.000000,0.707071
0.050000,0.028423,1.857143,27.025793,1.889474,20.000000,0.650000
0.166667,0.059829,2.666667,26.761990,1.619048,7.000000,0.727273
0.125000,0.030706,3.703704,27.868634,2.222787,53.000000,0.787402
0.200000,0.459057,2.625000,26.421248,1.571429,14.000000,0.724138
0.125000,0.157068,3.703704,27.868634,2.222787,53.000000,0.787402
0.166667,0.085873,1.800000,25.341664,1.400000,6.000000,0.642857
0.166667,0.003953,2.900000,29.371559,1.527273,11.000000,0.743590
0.043478,0.371368,1.937500,28.882304,1.861660,23.000000,0.659574
0.043478,0.089131,1.673913,27.726151,1.907692,40.000000,0.626016
0.047619,0.784196,3.172414,28.965517,2.029557,29.000000,0.760331
0.047619,1.000000,3.461538,20.079804,2.071429,21.000000,0.775862
0.071429,0.921732,3.307692,30.000000,2.010582,28.000000,0.767857
0.071429,1.000000,3.307692,30.000000,2.010582,28.000000,0.767857
0.071429,1.000000,3.307692,30.000000,2.010582,28.000000,0.767857
0.142857,0.211943,3.733333,29.479000,2.022857,50.000000,0.788732
0.142857,0.007937,2.000000,24.447485,2.147287,43.000000,0.666667
0.142857,0.211943,3.733333,29.479000,2.022857,50.000000,0.788732
0.083333,0.371202,2.666667,28.390677,1.424242,12.000000,0.727273
0.083333,0.417337,2.030928,28.692179,1.802439,41.000000,0.670068
0.031250,0.200504,2.023529,29.356765,2.043478,47.000000,0.669261
0.031250,0.000000,0.980952,28.472978,1.945565,32.000000,0.495192
0.200000,1.000000,1.333333,29.491340,1.533333,6.000000,0.571429
0.031250,0.000000,0.980952,28.472978,1.945565,32.000000,0.495192
0.031250,0.200504,2.023529,29.356765,2.043478,47.000000,0.669261
0.142857,1.000000,3.307692,27.977520,1.759140,31.000000,0.767857
0.200000,1.000000,1.333333,29.491340,1.533333,6.000000,0.571429
0.100000,0.616756,1.585714,27.980079,1.941288,33.000000,0.613260
0.076923,0.462587,2.230769,26.770959,1.780220,14.000000,0.690476
0.076923,0.106910,1.666667,30.000000,1.505495,14.000000,0.625000
0.071429,0.462587,2.230769,26.770959,1.780220,14.000000,0.690476
0.071429,0.447091,3.571429,25.834350,1.654412,17.000000,0.781250
0.071429,0.462587,2.230769,26.770959,1.780220,14.000000,0.690476
0.071429,0.210535,2.095238,29.592566,1.858065,31.000000,0.676923
0.166667,0.611077,1.705882,30.000000,1.780220,14.000000,0.630435
0.166667,0.230859,2.000000,25.329167,1.466667,6.000000,0.666667
0.250000,1.000000,2.533333,30.000000,1.830409,19.000000,0.716981
0.045455,0.374532,3.857143,25.766820,2.051948,22.000000,0.794118
0.038462,0.371477,1.103774,29.844590,2.151515,34.000000,0.524664
0.090909,0.078290,1.606061,28.001742,1.610294,17.000000,0.616279
0.058824,0.802685,1.542373,15.934775,1.846154,26.000000,0.606667
0.058824,0.826439,3.100000,22.206051,2.086154,26.000000,0.756098
0.035714,0.101065,1.378788,16.213415,1.862434,28.000000,0.579618
0.035714,0.011673,2.063830,30.000000,1.941532,32.000000,0.673611
0.100000,0.498666,1.833333,24.566337,1.577778,10.000000,0.647059
0.100000,1.000000,3.307692,30.000000,2.010582,28.000000,0.767857
0.037037,0.101065,1.378788,16.213415,1.862434,28.000000,0.579618
0.250000,0.955137,2.000000,29.808351,1.333333,4.000000,0.666667
0.076923,0.011673,1.647059,29.329587,1.769231,13.000000,0.622222
0.100000,1.000000,3.307692,30.000000,2.010582,28.000000,0.767857
0.100000,0.498666,1.833333,24.566337,1.577778,10.000000,0.647059
0.090909,0.296386,1.533333,27.403022,1.690909,11.000000,0.605263
0.090909,0.810537,3.172414,28.965517,2.029557,29.000000,0.760331
0.100000,0.134420,1.724138,26.347140,2.163285,46.000000,0.632911
0.125000,0.101065,1.378788,16.213415,1.862434,28.000000,0.579618
0.047619,0.802685,1.542373,15.934775,1.846154,26.000000,0.606667
0.047619,0.681320,2.482759,27.375665,1.722944,22.000000,0.712871
0.111111,0.233834,2.666667,24.346193,1.666667,9.000000,0.727273
0.100000,0.841264,3.307692,30.000000,2.010582,28.000000,0.767857
0.100000,0.498666,1.833333,24.566337,1.577778,10.000000,0.647059
0.142857,0.470070,1.833333,28.962037,1.766382,27.000000,0.647059
0.071429,0.345806,3.672414,30.000000,2.033163,49.000000,0.785978
0.071429,0.192648,3.260870,17.992136,1.956522,23.000000,0.765306
0.083333,0.124938,1.560000,17.358463,1.717391,24.000000,0.609375
0.142857,0.302678,4.090909,29.110824,1.823529,18.000000,0.803571
0.071429,0.345806,3.672414,30.000000,2.033163,49.000000,0.785978
0.166667,0.610494,2.200000,26.985523,1.266667,6.000000,0.687500
0.045455,0.710904,1.552083,29.370387,1.773016,36.000000,0.608163
0.045455,0.006700,1.536585,24.289465,1.818182,22.000000,0.605769
0.111111,0.470360,2.000000,30.000000,1.555556,9.000000,0.666667
0.111111,0.006700,1.536585,24.289465,1.818182,22.000000,0.605769
0.200000,0.029974,2.653333,28.321176,2.161829,53.000000,0.726277
0.200000,0.223567,2.653333,28.321176,2.161829,53.000000,0.726277
0.142857,1.000000,1.571429,26.914455,1.476190,7.000000,0.611111
0.142857,0.006700,1.536585,24.289465,1.818182,22.000000,0.605769
0.100000,0.646550,7.000000,28.980775,1.400000,10.000000,0.875000
0.100000,0.006700,1.536585,24.289465,1.818182,22.000000,0.605769
0.100000,0.254827,1.986486,25.789173,2.080842,43.000000,0.665158
0.100000,0.342981,2.090909,27.656860,1.654545,11.000000,0.676471
0.111111,0.238610,1.840909,26.860218,2.149823,48.000000,0.648000
0.250000,1.000000,2.000000,30.000000,1.769231,13.000000,0.666667
0.076923,0.816289,1.857143,26.858971,1.589744,13.000000,0.650000
0.076923,1.000000,4.900000,29.105602,1.746439,27.000000,0.830508
0.111111,0.275881,2.285714,28.510677,1.666667,9.000000,0.695652
0.111111,1.000000,2.000000,27.217628,1.780220,14.000000,0.666667
0.076923,0.816289,1.857143,26.858971,1.589744,13.000000,0.650000
0.076923,1.000000,4.900000,29.105602,1.746439,27.000000,0.830508
0.250000,1.000000,2.000000,30.000000,1.769231,13.000000,0.666667
0.111111,0.275881,2.285714,28.510677,1.666667,9.000000,0.695652
0.111111,1.000000,2.000000,27.217628,1.780220,14.000000,0.666667
0.066667,0.789820,1.671875,29.228358,1.901075,31.000000,0.625731
0.111111,0.145578,3.000000,30.000000,1.333333,9.000000,0.750000
0.111111,0.898146,2.094340,28.431088,2.119318,33.000000,0.676829
0.200000,0.458051,2.000000,28.244112,1.861660,23.000000,0.666667
0.111111,0.394022,2.094340,28.431088,2.119318,33.000000,0.676829
0.111111,0.145578,3.000000,30.000000,1.333333,9.000000,0.750000
0.111111,0.145578,3.000000,30.000000,1.333333,9.000000,0.750000
0.111111,0.394022,2.094340,28.431088,2.119318,33.000000,0.676829
0.111111,0.898146,2.094340,28.431088,2.119318,33.000000,0.676829
0.111111,0.145578,3.000000,30.000000,1.333333,9.000000,0.750000
0.166667,0.419244,3.723077,29.804561,2.053110,54.000000,0.788274
0.111111,0.012899,1.250000,26.707316,1.488889,10.000000,0.555556
0.142857,1.000000,4.000000,27.485717,1.666667,9.000000,0.800000
0.166667,0.419244,3.723077,29.804561,2.053110,54.000000,0.788274
0.100000,0.003831,2.000000,24.309097,1.789474,19.000000,0.666667
0.062500,0.156338,2.812500,29.657681,1.625000,16.000000,0.737705
0.062500,1.000000,1.857143,27.025793,1.889474,20.000000,0.650000
0.100000,0.115194,1.500000,25.146296,1.644444,10.000000,0.600000
0.100000,0.445180,2.000000,28.923567,1.424242,12.000000,0.666667
0.125000,0.111131,1.500000,26.402910,1.644444,10.000000,0.600000
0.200000,0.450980,2.000000,15.172814,1.466667,10.000000,0.666667
0.062500,0.326452,3.090909,25.766451,1.536765,17.000000,0.755556
0.062500,0.338363,2.473684,29.864399,1.608333,16.000000,0.712121
0.090909,0.079153,1.727273,30.000000,1.654545,11.000000,0.633333
0.111111,0.115225,2.584416,29.742330,2.161829,53.000000,0.721014
0.200000,1.000000,1.959184,29.717504,1.901210,32.000000,0.662069
0.111111,0.336618,2.584416,29.742330,2.161829,53.000000,0.721014
0.052632,0.015726,2.464286,29.626179,1.829710,24.000000,0.711340
0.052632,1.000000,1.622222,22.584643,1.903134,27.000000,0.618644
0.111111,0.217303,2.333333,27.222246,1.790476,21.000000,0.700000
0.125000,0.363537,2.600000,25.680249,1.535714,8.000000,0.722222
0.125000,1.000000,1.632653,22.572670,1.908867,29.000000,0.620155
0.125000,1.000000,1.632653,22.572670,1.908867,29.000000,0.620155
0.125000,0.363537,2.600000,25.680249,1.535714,8.000000,0.722222
0.052632,0.015726,2.464286,29.626179,1.829710,24.000000,0.711340
0.052632,1.000000,1.622222,22.584643,1.903134,27.000000,0.618644
0.200000,1.000000,1.959184,29.717504,1.901210,32.000000,0.662069
0.125000,1.000000,5.000000,30.000000,1.571429,8.000000,0.833333
0.083333,1.000000,2.521739,30.000000,1.632353,17.000000,0.716049
0.142857,0.738078,2.000000,30.000000,1.428571,7.000000,0.666667
0.142857,1.000000,1.500000,16.236966,1.488889,10.000000,0.600000
0.200000,0.336007,2.525000,24.722876,2.390476,36.000000,0.716312
0.058824,0.470364,1.538462,28.666702,1.882353,17.000000,0.606061
0.058824,0.827930,5.125000,21.467489,2.216374,19.000000,0.836735
0.166667,0.683781,4.555556,29.048434,2.216374,19.000000,0.820000
0.166667,0.025000,1.571429,23.200756,1.266667,6.000000,0.611111
0.076923,0.533770,10.333333,28.319275,1.666667,13.000000,0.911765
0.076923,0.580311,2.666667,26.676705,1.809524,15.000000,0.727273
0.200000,0.614726,1.666667,30.000000,1.500000,5.000000,0.625000
0.076923,0.613862,2.666667,26.676705,1.809524,15.000000,0.727273
0.076923,0.533770,10.333333,28.319275,1.666667,13.000000,0.911765
0.166667,0.447026,3.000000,21.843263,1.400000,6.000000,0.750000
0.166667,0.541463,2.200000,13.209131,1.577778,10.000000,0.687500
0.200000,0.907338,2.000000,24.000000,1.400000,5.000000,0.666667
0.200000,0.134469,2.384615,28.888213,1.819048,15.000000,0.704545
0.166667,1.000000,1.764706,28.575033,1.742690,19.000000,0.638298
0.200000,1.000000,1.850000,28.709829,1.593407,14.000000,0.649123
0.200000,0.169010,3.800000,23.895397,1.472222,9.000000,0.791667
0.071429,0.033324,2.288136,29.132334,1.782258,32.000000,0.695876
0.111111,0.000000,1.583333,26.208685,1.500000,9.000000,0.612903
0.071429,0.161163,2.328947,29.496310,1.968687,45.000000,0.699605
0.071429,0.033324,2.288136,29.132334,1.782258,32.000000,0.695876
0.111111,0.073973,1.769231,30.000000,1.361111,9.000000,0.638889
0.142857,0.496839,2.785714,26.374213,1.816667,16.000000,0.735849
0.142857,0.581863,3.000000,27.316866,1.571429,7.000000,0.750000
0.166667,0.003953,9.000000,28.775580,1.400000,6.000000,0.900000
0.111111,0.031129,2.178571,29.073102,1.710526,20.000000,0.685393
0.250000,0.000000,4.333333,30.000000,1.571429,8.000000,0.812500
0.250000,0.000000,4.333333,30.000000,1.571429,8.000000,0.812500
0.250000,0.013699,4.333333,30.000000,1.571429,8.000000,0.812500
0.200000,1.000000,2.666667,30.000000,1.533333,6.000000,0.727273
0.200000,0.622642,1.625000,12.242094,1.535714,8.000000,0.619048
0.047619,0.088034,3.225806,30.000000,1.693333,25.000000,0.763359
0.076923,0.323865,2.700000,26.908761,2.394026,38.000000,0.729730
0.076923,1.000000,1.244186,26.717579,2.149194,32.000000,0.554404
0.076923,0.581332,1.800000,28.363508,1.448718,13.000000,0.642857
0.071429,0.229252,1.235294,25.695596,1.764706,17.000000,0.552632
0.071429,0.113865,3.100000,27.616378,1.659341,14.000000,0.756098
0.034483,0.316745,1.462687,17.099588,1.854680,29.000000,0.593939
0.166667,1.000000,2.500000,26.620524,1.000000,6.000000,0.714286
0.166667,1.000000,1.273381,27.874582,2.033223,43.000000,0.560127
0.066667,0.142225,1.536585,27.663033,1.818182,22.000000,0.605769
0.066667,1.000000,1.273381,27.874582,2.033223,43.000000,0.560127
0.217391,1.000000,1.195652,27.425892,2.048780,42.000000,0.544554
0.200000,1.000000,1.273381,27.874582,2.033223,43.000000,0.560127
0.071429,1.000000,2.230769,29.946429,1.780220,14.000000,0.690476
0.071429,1.000000,1.273381,28.082867,2.033223,43.000000,0.560127
0.047619,0.088034,3.225806,30.000000,1.693333,25.000000,0.763359
0.222222,1.000000,1.400000,27.538693,1.781818,11.000000,0.583333
0.222222,0.535511,1.800000,28.978305,1.555556,9.000000,0.642857
0.250000,1.000000,1.928571,29.919644,1.840456,27.000000,0.658537
0.100000,1.000000,1.734375,29.903390,2.027094,29.000000,0.634286
0.041667,0.532436,2.720000,30.000000,2.093333,25.000000,0.731183
0.041667,1.000000,1.273381,27.874582,2.033223,43.000000,0.560127
0.166667,0.496405,2.000000,25.329167,1.466667,6.000000,0.666667
0.166667,1.000000,1.195652,27.425892,2.048780,42.000000,0.544554
0.250000,1.000000,1.818182,27.287611,1.923810,21.000000,0.645161
0.166667,0.037744,5.500000,29.739171,2.090909,12.000000,0.846154
0.166667,0.211538,2.500000,24.965946,1.333333,6.000000,0.714286
0.125000,0.308208,1.866667,26.374598,1.606061,12.000000,0.651163
0.166667,0.068484,5.500000,29.739171,2.090909,12.000000,0.846154
0.166667,0.211538,2.500000,24.965946,1.333333,6.000000,0.714286
0.200000,0.915355,4.000000,28.236562,1.428571,8.000000,0.800000
0.090909,0.581782,2.375000,27.564210,1.748918,22.000000,0.703704
0.090909,0.217897,1.810811,28.959551,1.800000,21.000000,0.644231
0.142857,0.127676,2.360000,29.477696,1.968687,45.000000,0.702381
0.222222,0.942191,2.000000,27.268167,1.794737,20.000000,0.666667
0.066667,1.000000,1.512195,25.945241,1.814286,21.000000,0.601942
0.066667,0.205530,1.235294,27.464476,1.764706,17.000000,0.552632
0.250000,0.998409,1.857143,6.191351,1.780000,25.000000,0.650000
0.142857,0.000000,11.000000,27.712873,1.476190,7.000000,0.916667
0.125000,0.602171,1.625000,12.242094,1.535714,8.000000,0.619048
0.083333,0.886441,1.769231,19.242782,1.651515,12.000000,0.638889
0.125000,0.669961,1.361702,21.449302,1.830040,23.000000,0.576577
0.125000,0.008946,1.625000,25.379202,1.535714,8.000000,0.619048
0.125000,0.697143,1.784091,27.049387,2.155412,47.000000,0.640816
0.043478,0.766810,1.611111,30.000000,1.833992,23.000000,0.617021
0.043478,0.587773,1.518519,28.368556,1.926984,36.000000,0.602941
0.043478,0.595019,1.812500,30.000000,1.833992,23.000000,0.644444
0.043478,0.436491,1.401961,29.767915,1.871977,38.000000,0.583673
0.125000,0.364740,1.538462,10.974250,1.285714,8.000000,0.606061
0.111111,0.292449,2.750000,27.795279,1.388889,9.000000,0.733333
0.166667,1.000000,3.000000,30.000000,1.733333,6.000000,0.750000
0.166667,0.983030,1.827160,29.483442,2.018583,42.000000,0.646288
0.050000,0.984975,2.602941,29.379809,1.994203,46.000000,0.722449
0.066667,0.914344,1.602941,28.537882,1.923387,32.000000,0.615819
0.066667,0.591785,2.421053,30.000000,1.628571,15.000000,0.707692
0.166667,0.983030,1.827160,29.483442,2.018583,42.000000,0.646288
0.166667,1.000000,3.000000,30.000000,1.733333,6.000000,0.750000
0.045455,0.980117,2.047619,28.810290,2.043478,47.000000,0.671875
0.045455,0.757887,2.172414,27.358885,1.865801,22.000000,0.684783
0.111111,0.200393,2.250000,27.575433,1.794872,13.000000,0.692308
0.076923,0.817528,5.600000,21.294234,2.000000,13.000000,0.848485
0.076923,0.019201,2.142857,30.000000,1.782258,32.000000,0.681818
0.076923,0.019201,2.142857,30.000000,1.782258,32.000000,0.681818
0.076923,0.817528,5.600000,21.294234,2.000000,13.000000,0.848485
0.062500,0.187122,2.318182,28.583370,1.575000,16.000000,0.698630
0.062500,0.031250,2.275862,26.332388,2.040000,50.000000,0.694737
0.076923,0.031250,2.275862,26.332388,2.040000,50.000000,0.694737
0.076923,0.366667,3.000000,27.750457,1.602564,13.000000,0.750000
0.076923,0.031250,2.275862,26.332388,2.040000,50.000000,0.694737
0.076923,0.173284,3.000000,27.750457,1.602564,13.000000,0.750000
0.250000,1.000000,1.548387,24.985980,1.647059,17.000000,0.607595
0.166667,0.285729,1.277778,30.000000,1.863248,27.000000,0.560976
0.166667,0.285729,1.277778,30.000000,1.863248,27.000000,0.560976
0.166667,0.318235,3.500000,29.748372,1.653595,18.000000,0.777778
0.142857,1.000000,3.470588,27.186109,1.785714,21.000000,0.776316
0.166667,1.000000,2.230769,29.946429,1.780220,14.000000,0.690476
0.250000,0.637435,1.548387,24.985980,1.647059,17.000000,0.607595
0.062500,0.591215,2.500000,27.365162,1.833333,16.000000,0.714286
0.062500,0.104131,1.651163,29.579881,1.891304,24.000000,0.622807
0.166667,0.835104,1.833333,27.648749,1.266667,6.000000,0.647059
0.142857,0.461909,1.800000,29.845027,1.637363,14.000000,0.642857
0.142857,0.329179,3.062500,30.000000,1.713235,17.000000,0.753846
0.125000,0.806253,2.833333,25.789702,1.711111,10.000000,0.739130
0.250000,0.649692,2.066667,28.083987,1.436364,11.000000,0.673913
0.200000,1.000000,1.902439,28.646669,1.847826,24.000000,0.655462
0.200000,0.238669,5.000000,30.000000,1.600000,5.000000,0.833333
0.100000,0.565450,2.000000,26.416088,1.778656,23.000000,0.666667
0.043478,0.541313,2.000000,27.100718,1.778656,23.000000,0.666667
0.043478,0.152035,1.964286,28.491959,2.106719,23.000000,0.662651
0.066667,0.909789,1.523810,29.874791,1.847619,15.000000,0.603774
0.100000,0.218800,2.466667,29.496847,1.782609,23.000000,0.711538
0.066667,0.000000,4.714286,27.169168,1.685714,15.000000,0.825000
0.066667,0.441982,1.814815,25.608889,1.883041,19.000000,0.644737
0.066667,0.211347,1.235294,25.695596,1.764706,17.000000,0.552632
0.066667,0.436855,2.562500,20.258441,1.698529,17.000000,0.719298
0.111111,0.919001,8.666667,29.985141,2.051282,13.000000,0.896552
0.111111,0.012048,1.700000,30.000000,1.527778,9.000000,0.629630
0.166667,1.000000,2.200000,30.000000,1.266667,6.000000,0.687500
0.166667,0.602750,2.000000,29.567947,1.883333,16.000000,0.666667
0.066667,0.032728,1.042553,29.652898,1.978495,31.000000,0.510417
0.035714,0.265112,3.280000,27.036500,2.222222,28.000000,0.766355
0.035714,0.136391,1.724138,26.347140,2.163285,46.000000,0.632911
0.125000,0.272255,2.000000,15.741181,1.676471,17.000000,0.666667
0.083333,0.035727,3.250000,25.846066,1.727941,17.000000,0.764706
0.083333,0.287625,3.250000,30.000000,1.757576,12.000000,0.764706
0.200000,0.447450,1.909091,26.771294,1.901961,18.000000,0.656250
0.083333,0.676423,1.857143,30.000000,1.712121,12.000000,0.650000
0.083333,0.265728,2.133333,29.857730,1.852814,22.000000,0.680851
0.142857,0.330682,1.784946,28.903752,2.091582,47.000000,0.640927
0.250000,0.036145,1.666667,30.000000,1.166667,4.000000,0.625000
0.142857,0.319182,3.619048,22.740148,2.169312,28.000000,0.783505
0.111111,0.386190,1.250000,26.707316,1.488889,10.000000,0.555556
0.066667,0.685998,2.136364,27.510809,1.657143,15.000000,0.681159
0.066667,0.744318,1.742857,29.482005,1.736842,19.000000,0.635417
0.050000,0.661432,1.767442,27.963084,1.858696,24.000000,0.638655
0.050000,0.333042,1.805556,28.636758,1.752632,20.000000,0.643564
0.125000,0.138703,2.571429,25.941673,1.392857,8.000000,0.720000
0.125000,0.021514,2.218750,26.749780,1.750988,23.000000,0.689320
0.062500,0.251998,2.058824,28.158945,1.897233,23.000000,0.673077
0.062500,0.016260,1.760000,28.684176,1.708333,16.000000,0.637681
0.200000,0.771344,1.529412,30.000000,1.422222,10.000000,0.604651
0.250000,0.314129,2.333333,29.845027,1.868132,14.000000,0.700000
0.058824,1.000000,1.700000,30.000000,1.720588,17.000000,0.629630
0.058824,0.168289,1.525000,29.199506,1.800000,20.000000,0.603960
0.125000,0.263337,2.058824,28.599172,1.897233,23.000000,0.673077
0.142857,0.360684,1.866667,26.769273,1.997151,27.000000,0.651163
0.043478,0.251998,2.058824,28.158945,1.897233,23.000000,0.673077
0.043478,0.067317,3.000000,29.836744,1.968687,45.000000,0.750000
0.090909,0.441337,2.857143,23.250644,1.424242,12.000000,0.740741
0.090909,0.355290,2.214286,25.960436,1.436364,11.000000,0.688889
0.142857,0.728694,2.000000,22.694890,1.333333,7.000000,0.666667
0.142857,0.035011,2.025641,27.982237,1.790000,25.000000,0.669492
0.111111,0.396558,1.700000,27.660757,1.527778,9.000000,0.629630
0.111111,1.000000,2.735294,30.000000,1.732308,26.000000,0.732283
0.142857,1.000000,2.333333,24.689104,1.681818,12.000000,0.700000
0.142857,0.299492,4.000000,28.686392,1.428571,7.000000,0.800000
0.111111,0.008264,2.000000,18.914805,2.301149,30.000000,0.666667
0.142857,0.953016,2.285714,30.000000,1.238095,7.000000,0.695652
0.200000,0.008264,4.000000,25.302119,2.038462,13.000000,0.800000
0.100000,0.540672,1.000000,28.932389,1.906404,29.000000,0.500000
0.100000,0.540672,1.000000,28.932389,1.906404,29.000000,0.500000
0.052632,0.101237,1.062500,29.563287,1.944538,35.000000,0.515152
0.052632,0.015626,2.217391,22.377315,1.877193,19.000000,0.689189
0.052632,0.015626,2.217391,22.377315,1.877193,19.000000,0.689189
0.052632,0.101237,1.062500,29.563287,1.944538,35.000000,0.515152
0.041667,0.025758,2.088235,28.731061,1.902174,24.000000,0.676190
0.041667,0.321212,1.822222,29.507895,2.117484,47.000000,0.645669
0.111111,0.274385,2.986486,29.565216,2.277031,59.000000,0.749153
0.111111,0.134326,2.986486,29.565216,2.277031,59.000000,0.749153
0.125000,1.000000,2.142857,27.325000,1.666667,9.000000,0.681818
0.200000,1.000000,1.750000,8.698704,1.300000,5.000000,0.636364
0.071429,0.004149,2.000000,23.317158,1.956667,25.000000,0.666667
0.076923,0.530415,2.444444,26.852420,1.846154,13.000000,0.709677
0.076923,0.269473,3.571429,27.769231,1.794872,13.000000,0.781250
0.111111,1.000000,3.000000,28.430032,1.416667,9.000000,0.750000
0.100000,0.533166,0.969388,29.717920,1.926437,30.000000,0.492228
0.100000,0.533166,0.969388,29.717920,1.926437,30.000000,0.492228
0.250000,0.244643,1.918367,27.091427,1.903134,27.000000,0.657343
0.222222,0.985316,2.250000,30.000000,1.583333,9.000000,0.692308
0.222222,0.985316,2.250000,30.000000,1.583333,9.000000,0.692308
0.222222,0.985316,2.250000,30.000000,1.583333,9.000000,0.692308
0.222222,0.985316,2.250000,30.000000,1.583333,9.000000,0.692308
0.142857,0.455223,2.400000,19.751795,1.476190,7.000000,0.705882
0.142857,1.000000,2.166667,28.071019,1.638889,9.000000,0.684211
0.142857,0.642857,2.142857,19.005209,1.285714,7.000000,0.681818
0.142857,0.106960,2.000000,27.062042,1.500000,8.000000,0.666667
0.250000,0.376132,3.300000,26.239793,1.641026,13.000000,0.767442
0.066667,0.432254,1.629630,28.300790,1.933333,36.000000,0.619718
0.125000,0.013335,2.142857,21.194327,1.876190,15.000000,0.681818
0.250000,0.584232,6.000000,30.000000,1.000000,4.000000,0.857143
0.250000,1.000000,6.000000,30.000000,1.000000,4.000000,0.857143
0.200000,0.403395,1.909091,29.540237,1.778947,20.000000,0.656250
0.125000,1.000000,1.571429,12.283615,1.214286,8.000000,0.611111
0.176471,0.371902,1.357143,30.000000,1.723810,15.000000,0.575758
0.176471,0.167903,1.689655,25.159606,1.750000,17.000000,0.628205
0.043478,0.115095,1.733333,28.686863,1.926154,26.000000,0.634146
0.043478,0.211985,1.406780,27.627318,1.786561,23.000000,0.584507
0.052632,0.077434,1.883117,27.096954,2.002564,40.000000,0.653153
0.052632,0.516349,1.260870,28.421053,1.789474,19.000000,0.557692
0.111111,0.592268,1.753846,28.158332,1.774929,27.000000,0.636872
0.111111,0.946960,1.700000,30.000000,1.527778,9.000000,0.629630
0.111111,0.142970,2.490196,28.699861,1.909524,36.000000,0.713483
0.166667,0.932702,2.416667,28.094138,1.876190,21.000000,0.707317
0.142857,0.535608,2.000000,29.432416,1.666667,10.000000,0.666667
0.200000,0.467603,2.928571,27.239533,1.895425,18.000000,0.745455
0.166667,0.994307,2.000000,26.586378,1.472222,9.000000,0.666667
0.200000,0.785937,2.000000,22.459451,1.555556,9.000000,0.666667
0.083333,0.238858,2.066667,24.957536,1.606061,12.000000,0.673913
0.200000,0.148606,2.300000,27.057749,1.619048,15.000000,0.696970
0.125000,0.000000,1.307692,30.000000,1.428571,8.000000,0.566667
0.125000,0.000000,1.307692,30.000000,1.428571,8.000000,0.566667
0.125000,0.000000,1.307692,30.000000,1.428571,8.000000,0.566667
0.090909,0.673850,3.142857,24.642272,1.745455,11.000000,0.758621
0.090909,0.701722,1.904762,29.761457,1.821970,33.000000,0.655738
0.166667,0.386252,3.363636,28.327069,1.691667,16.000000,0.770833
0.200000,1.000000,1.750000,26.798023,1.300000,5.000000,0.636364
0.200000,0.158105,2.280000,25.652124,1.869565,23.000000,0.695122
0.100000,0.016594,2.987013,29.628416,2.264407,60.000000,0.749186
0.100000,1.000000,2.987013,29.628416,2.264407,60.000000,0.749186
0.100000,0.063418,2.448276,28.602930,1.731602,22.000000,0.710000
0.125000,0.026967,1.302326,29.534371,1.991342,22.000000,0.565657
0.250000,1.000000,1.705882,30.000000,1.705128,13.000000,0.630435
0.142857,0.012048,1.666667,28.936614,1.523810,7.000000,0.625000
0.031250,0.016190,2.325000,25.034002,2.268145,32.000000,0.699248
0.031250,0.024196,1.065041,30.000000,1.939940,37.000000,0.515748
0.031250,0.024196,1.065041,30.000000,1.939940,37.000000,0.515748
0.031250,0.016190,2.325000,25.034002,2.268145,32.000000,0.699248
0.125000,0.148258,2.901235,29.871984,1.902166,54.000000,0.743671
0.125000,0.340653,2.400000,30.000000,1.142857,8.000000,0.705882
0.125000,0.962743,1.857143,27.000000,1.444444,10.000000,0.650000
0.166667,0.828030,3.055556,27.615211,1.771242,18.000000,0.753425
0.083333,0.583361,4.545455,27.332619,1.533333,15.000000,0.819672
0.083333,1.000000,6.400000,29.652828,1.515152,12.000000,0.864865
0.090909,0.506079,1.409091,28.772289,1.472727,11.000000,0.584906
0.035714,0.486592,2.729730,28.624063,1.970899,28.000000,0.731884
0.035714,0.004763,2.428571,28.415682,1.800000,30.000000,0.708333
0.062500,0.075869,1.880000,27.188801,1.725146,19.000000,0.652778
0.083333,0.660572,3.166667,29.589847,1.512821,13.000000,0.760000
0.142857,0.257093,1.733333,27.505583,1.606061,12.000000,0.634146
0.142857,1.000000,1.666667,21.441576,1.523810,7.000000,0.625000
0.125000,0.263575,2.875000,29.380562,1.910769,26.000000,0.741935
0.083333,0.160580,1.964286,28.491959,2.106719,23.000000,0.662651
0.142857,0.220779,1.692308,30.000000,1.511111,10.000000,0.628571
0.125000,1.000000,2.230769,30.000000,1.527273,11.000000,0.690476
0.125000,1.000000,2.230769,30.000000,1.527273,11.000000,0.690476
0.166667,1.000000,3.222222,29.050441,1.782051,13.000000,0.763158
0.166667,0.398757,2.000000,27.420963,1.333333,6.000000,0.666667
0.166667,0.294608,2.880000,26.000989,1.896667,25.000000,0.742268
0.166667,0.537147,3.000000,22.451399,1.545455,12.000000,0.750000
0.142857,0.120027,2.090909,29.132798,1.912118,47.000000,0.676471
0.142857,1.000000,2.000000,27.103306,1.428571,7.000000,0.666667
0.052632,0.431157,2.166667,27.384091,2.030588,51.000000,0.684211
0.052632,0.263832,2.200000,29.202648,1.748538,19.000000,0.687500
0.142857,0.050986,2.583333,27.394792,1.976285,23.000000,0.720930
0.076923,0.431157,2.166667,27.384091,2.030588,51.000000,0.684211
0.076923,0.215622,2.769231,30.000000,1.602564,13.000000,0.734694
0.200000,0.293407,2.200000,22.023067,1.600000,11.000000,0.687500
0.076923,0.431157,2.166667,27.384091,2.030588,51.000000,0.684211
0.076923,0.109531,2.769231,30.000000,1.602564,13.000000,0.734694
0.062500,0.530074,2.388889,29.040023,1.700000,16.000000,0.704918
0.125000,0.512789,1.970588,29.846327,1.726316,20.000000,0.663366
0.055556,0.435021,2.176471,27.444560,1.863363,37.000000,0.685185
0.055556,0.347918,1.782609,16.440964,1.915033,18.000000,0.640625
0.125000,0.748959,3.500000,27.478436,1.818182,12.000000,0.777778
0.125000,0.748959,3.500000,27.478436,1.818182,12.000000,0.777778
0.125000,0.748959,3.500000,27.478436,1.818182,12.000000,0.777778
0.062500,0.111859,5.000000,30.000000,1.808333,16.000000,0.833333
0.062500,0.233014,5.000000,30.000000,1.808333,16.000000,0.833333
0.250000,0.054015,2.611111,30.000000,1.823529,17.000000,0.723077
0.250000,0.015385,1.163636,26.275123,1.715789,20.000000,0.537815
0.250000,0.054015,2.611111,30.000000,1.823529,17.000000,0.723077
0.200000,0.104972,2.388889,29.433140,1.890476,21.000000,0.704918
0.050000,0.617291,1.185185,26.012947,1.715789,20.000000,0.542373
0.050000,0.163301,1.984375,29.118697,1.907308,34.000000,0.664921
0.111111,0.338787,1.545455,26.666667,1.583333,9.000000,0.607143
0.111111,0.028742,2.416667,27.543214,1.681319,14.000000,0.707317
0.142857,0.884426,1.625000,26.506719,1.666667,12.000000,0.619048
0.142857,0.884426,1.625000,26.506719,1.666667,12.000000,0.619048
0.100000,0.008000,2.625000,28.996534,1.830065,18.000000,0.724138
0.100000,0.509508,3.714286,29.991220,1.679654,22.000000,0.787879
0.100000,0.674020,1.909091,29.583663,1.555556,10.000000,0.656250
0.200000,0.267379,1.112903,29.364507,1.933144,38.000000,0.526718
0.200000,0.267379,1.112903,29.364507,1.933144,38.000000,0.526718
0.083333,0.009067,1.851064,30.000000,1.830000,25.000000,0.649254
0.125000,0.052069,2.763158,29.122471,1.758621,30.000000,0.734266
0.125000,0.205021,1.714286,23.385716,1.571429,8.000000,0.631579
0.125000,0.333937,2.285714,24.294291,1.428571,8.000000,0.695652
0.142857,0.902800,2.100000,24.650103,1.676190,15.000000,0.677419
0.125000,0.413343,1.666667,26.052707,1.545455,11.000000,0.625000
0.125000,0.437795,1.545455,28.499464,1.583333,9.000000,0.607143
0.200000,0.533046,3.250000,28.290452,1.742647,17.000000,0.764706
0.250000,0.764767,1.333333,29.744882,1.847619,15.000000,0.571429
0.125000,0.098661,2.000000,24.799136,1.857143,14.000000,0.666667
0.250000,1.000000,1.964286,28.491959,2.106719,23.000000,0.662651
0.058824,0.908738,1.472727,29.984291,2.075362,46.000000,0.595588
0.066667,1.000000,2.500000,30.000000,1.590476,15.000000,0.714286
0.066667,1.000000,2.352941,30.000000,1.794118,17.000000,0.701754
0.100000,0.013555,3.549296,29.172161,2.354310,62.000000,0.780186
0.083333,0.112513,8.142857,28.992379,1.692810,18.000000,0.890625
0.090909,0.000000,1.916667,30.000000,1.636364,11.000000,0.657143
0.040000,0.353522,2.739130,28.764314,2.390244,42.000000,0.732558
0.040000,0.007205,1.921053,29.455311,1.903333,25.000000,0.657658
0.100000,0.013555,3.549296,29.172161,2.354310,62.000000,0.780186
0.083333,0.875877,2.280000,27.829306,1.773684,20.000000,0.695122
0.100000,0.080152,2.483871,29.770263,1.735178,23.000000,0.712963
0.142857,0.497867,2.241379,28.063332,1.835498,22.000000,0.691489
0.125000,0.566395,1.792453,25.338616,2.001783,34.000000,0.641892
0.062500,1.000000,1.833333,30.000000,1.708333,16.000000,0.647059
0.062500,0.566395,1.792453,25.338616,2.001783,34.000000,0.641892
0.111111,0.071531,2.885714,29.925194,1.757835,27.000000,0.742647
0.111111,0.071531,2.885714,29.925194,1.757835,27.000000,0.742647
0.142857,0.768415,2.714286,28.275089,1.670330,14.000000,0.730769
0.111111,0.942098,1.700000,24.313041,1.781818,11.000000,0.629630
0.142857,0.296216,2.714286,28.275089,1.670330,14.000000,0.730769
0.142857,1.000000,4.750000,28.316334,1.095238,7.000000,0.826087
0.142857,0.729331,1.307692,19.520182,1.866097,27.000000,0.566667
0.040000,0.729331,1.307692,19.520182,1.866097,27.000000,0.566667
0.040000,1.000000,2.900000,29.000000,1.722222,28.000000,0.743590
0.083333,0.560700,2.687500,29.263396,1.658333,16.000000,0.728814
0.083333,0.820665,1.727273,26.733729,1.454545,12.000000,0.633333
0.068966,1.000000,3.172414,28.965517,2.029557,29.000000,0.760331
0.068966,0.024840,2.600000,29.126265,1.919861,42.000000,0.722222
0.090909,1.000000,2.200000,22.023067,1.600000,11.000000,0.687500
0.090909,0.352488,3.051724,29.738096,1.968687,45.000000,0.753191
0.068966,1.000000,4.444444,27.256537,2.073846,26.000000,0.816327
0.068966,0.673618,1.465517,20.557574,1.866097,27.000000,0.594406
0.066667,0.352488,3.051724,29.750200,1.968687,45.000000,0.753191
0.052632,1.000000,2.200000,25.814741,1.748538,19.000000,0.687500
0.052632,0.352488,3.051724,29.738096,1.968687,45.000000,0.753191
0.040000,0.729331,1.307692,19.520182,1.866097,27.000000,0.566667
0.040000,1.000000,2.900000,29.000000,1.722222,28.000000,0.743590
0.068966,0.645991,1.492063,22.230194,1.896552,29.000000,0.598726
0.068966,1.000000,4.050000,28.401150,2.094017,27.000000,0.801980
0.071429,0.581044,2.650000,23.956416,1.842857,21.000000,0.726027
0.200000,0.834941,2.000000,28.279222,1.638095,15.000000,0.666667
0.047619,0.209220,1.902439,28.646669,1.847826,24.000000,0.655462
0.047619,0.448994,2.333333,27.948881,1.790476,21.000000,0.700000
0.200000,0.567670,1.433962,30.000000,1.858696,24.000000,0.589147
0.166667,0.789531,5.000000,26.959392,1.333333,6.000000,0.833333
0.058824,0.084458,1.858974,30.000000,1.776515,33.000000,0.650224
0.200000,0.309771,1.731707,29.098698,1.891304,24.000000,0.633929
0.058824,0.084458,1.858974,30.000000,1.776515,33.000000,0.650224
0.058824,0.165082,1.820513,29.070479,1.700000,21.000000,0.645455
0.142857,0.362876,3.500000,26.992402,1.333333,7.000000,0.777778
0.166667,0.008065,2.200000,25.421130,1.266667,6.000000,0.687500
0.166667,1.000000,1.483871,25.746562,1.824561,19.000000,0.597403
0.090909,1.000000,2.272727,27.073540,1.636364,11.000000,0.694444
0.083333,1.000000,4.571429,30.000000,1.515152,12.000000,0.820513
0.111111,0.855874,5.750000,28.612318,1.361111,9.000000,0.851852
0.062500,1.000000,1.483871,25.746562,1.824561,19.000000,0.597403
0.200000,1.000000,2.666667,30.000000,1.200000,5.000000,0.727273
0.062500,0.365563,2.238095,25.538504,1.925000,16.000000,0.691176
0.071429,0.426886,1.875000,29.881826,1.752381,21.000000,0.652174
0.100000,0.787868,1.644444,29.075496,1.790514,23.000000,0.621849
0.066667,0.462485,1.870968,27.318076,1.929032,31.000000,0.651685
0.066667,1.000000,2.500000,29.791337,1.666667,15.000000,0.714286
0.200000,0.004049,2.000000,26.387523,1.200000,5.000000,0.666667
0.200000,0.462485,1.870968,27.318076,1.929032,31.000000,0.651685
0.090909,0.095810,2.230769,30.000000,1.632353,17.000000,0.690476
0.090909,1.000000,1.812500,30.000000,1.490909,11.000000,0.644444
0.100000,0.860607,1.800000,23.901978,1.666667,10.000000,0.642857
0.071429,0.033911,8.000000,29.443479,1.736264,14.000000,0.888889
0.071429,0.149791,2.466667,26.447570,1.982456,19.000000,0.711538
0.142857,0.272551,2.500000,25.714286,1.571429,7.000000,0.714286
0.071429,0.609324,3.500000,30.000000,1.653595,18.000000,0.777778
0.090909,1.000000,2.200000,22.023067,1.600000,11.000000,0.687500
0.090909,1.000000,2.200000,25.814741,1.748538,19.000000,0.687500
0.052632,0.064040,2.021739,29.913215,1.793333,25.000000,0.669065
0.052632,0.149791,2.466667,26.447570,1.982456,19.000000,0.711538
0.100000,0.255732,1.529412,29.254812,1.666667,13.000000,0.604651
0.100000,0.516139,2.285714,30.000000,1.644444,10.000000,0.695652
0.200000,1.000000,1.750000,30.000000,1.300000,5.000000,0.636364
0.200000,1.000000,3.222222,29.328963,1.813187,14.000000,0.763158
0.200000,0.788415,2.166667,28.804506,1.380952,7.000000,0.684211
0.100000,0.131856,4.681818,28.666938,1.735385,26.000000,0.824000
0.100000,0.715999,1.692308,24.427048,1.555556,10.000000,0.628571
0.040000,0.071897,2.538462,24.224822,2.010000,25.000000,0.717391
0.040000,0.371468,3.622951,29.500000,2.214935,56.000000,0.783688
0.040000,0.071897,2.538462,24.224822,2.010000,25.000000,0.717391
0.040000,0.371468,3.622951,29.500000,2.214935,56.000000,0.783688
0.166667,1.000000,2.931818,29.495152,1.932432,37.000000,0.745665
0.166667,0.992843,2.000000,30.000000,1.466667,6.000000,0.666667
0.250000,1.000000,3.315789,30.000000,1.926984,36.000000,0.768293
0.200000,0.233996,2.000000,28.907529,1.768421,20.000000,0.666667
0.200000,0.180651,1.750000,30.000000,1.300000,5.000000,0.636364
0.043478,0.198478,1.971429,28.807769,1.913333,25.000000,0.663462
0.043478,0.709486,2.507463,27.199555,1.891463,41.000000,0.714894
0.034483,0.158618,2.553191,29.354294,1.751232,29.000000,0.718563
0.034483,0.358938,1.642857,29.088739,1.912118,47.000000,0.621622
0.034483,0.158618,2.553191,29.354294,1.751232,29.000000,0.718563
0.034483,0.358938,1.642857,29.088739,1.912118,47.000000,0.621622
0.100000,0.220083,2.805556,29.390083,1.809195,30.000000,0.737226
0.030303,0.330578,3.750000,28.529578,1.772727,33.000000,0.789474
0.030303,0.169270,1.614286,28.106436,2.017070,38.000000,0.617486
0.090909,0.158654,2.888889,30.000000,1.600000,11.000000,0.742857
0.090909,0.158654,2.888889,30.000000,1.600000,11.000000,0.742857
0.090909,0.158654,2.888889,30.000000,1.600000,11.000000,0.742857
0.076923,0.204136,2.015873,28.962079,1.907308,34.000000,0.668421
0.166667,1.000000,1.814815,29.803943,1.884211,20.000000,0.644737
0.100000,0.220083,2.805556,29.390083,1.809195,30.000000,0.737226
0.100000,0.220083,2.805556,29.390083,1.809195,30.000000,0.737226
0.100000,0.220083,2.805556,29.390083,1.809195,30.000000,0.737226
0.090909,0.158654,2.888889,30.000000,1.600000,11.000000,0.742857
0.062500,0.005630,1.333333,23.430403,1.841667,16.000000,0.571429
0.062500,0.597855,2.238095,30.000000,1.925000,16.000000,0.691176
0.062500,0.005630,1.333333,23.430403,1.841667,16.000000,0.571429
0.062500,0.558868,2.238095,30.000000,1.925000,16.000000,0.691176
0.071429,0.005630,1.333333,23.430403,1.841667,16.000000,0.571429
0.071429,0.102603,1.233333,27.474501,1.681319,14.000000,0.552239
0.125000,1.000000,2.083333,30.000000,1.636364,11.000000,0.675676
0.125000,0.064527,1.750000,16.041832,1.618182,11.000000,0.636364
0.125000,0.064527,1.750000,16.041832,1.618182,11.000000,0.636364
0.125000,0.199130,2.083333,30.000000,1.636364,11.000000,0.675676
0.250000,0.186034,2.444444,26.332451,1.672727,11.000000,0.709677
0.100000,0.865511,1.825000,29.559662,1.757576,22.000000,0.646018
0.066667,0.232731,1.400000,25.401213,1.780952,15.000000,0.583333
0.066667,0.792232,2.473684,30.000000,1.823529,17.000000,0.712121
0.066667,0.232731,1.400000,25.401213,1.780952,15.000000,0.583333
0.066667,0.667842,2.473684,30.000000,1.823529,17.000000,0.712121
0.045455,0.865511,1.825000,29.559662,1.757576,22.000000,0.646018
0.045455,0.220552,2.054545,30.000000,1.809524,28.000000,0.672619
0.166667,0.174929,3.078947,29.359967,2.436585,41.000000,0.754839
0.166667,1.000000,1.843750,28.078816,1.800000,20.000000,0.648352
0.250000,0.596743,1.883117,30.000000,1.776515,33.000000,0.653153
0.250000,0.596743,1.883117,30.000000,1.776515,33.000000,0.653153
0.111111,0.221309,3.529412,28.883737,1.772727,33.000000,0.779221
0.111111,0.057817,1.875000,20.863464,1.583333,9.000000,0.652174
0.083333,0.069810,2.538462,27.500003,1.500000,12.000000,0.717391
0.083333,1.000000,1.339623,27.202362,1.953333,25.000000,0.572581
0.111111,1.000000,1.339623,27.202362,1.953333,25.000000,0.572581
0.111111,0.004184,2.888889,29.724260,1.277778,9.000000,0.742857
0.050000,0.813633,1.825000,29.742007,1.757576,22.000000,0.646018
0.050000,1.000000,1.339623,27.202362,1.953333,25.000000,0.572581
0.071429,0.900109,1.268293,29.435222,1.995671,22.000000,0.559140
0.050000,0.051292,2.107692,28.547152,1.895798,35.000000,0.678218
0.050000,0.220766,1.163636,27.446657,1.715789,20.000000,0.537815
0.125000,0.503213,2.692308,27.722262,1.733333,15.000000,0.729167
0.125000,0.242252,2.000000,30.000000,1.500000,8.000000,0.666667
0.166667,0.894483,1.300000,28.969724,1.995671,22.000000,0.565217
0.166667,0.037605,1.750000,11.665574,1.533333,6.000000,0.636364
0.100000,0.325076,1.545455,29.529924,1.971429,21.000000,0.607143
0.100000,0.345982,2.000000,30.000000,1.511111,10.000000,0.666667
0.066667,0.609737,2.882353,26.070558,1.900585,19.000000,0.742424
0.066667,0.288369,4.714286,27.953736,1.685714,15.000000,0.825000
0.250000,0.340466,2.923077,29.732370,1.512821,13.000000,0.745098
0.058824,0.273468,2.173913,26.676567,1.931579,20.000000,0.684932
0.090909,1.000000,2.000000,20.517656,2.133998,43.000000,0.666667
0.076923,1.000000,4.125000,26.070685,1.692308,13.000000,0.804878
0.090909,0.693448,2.000000,20.517656,2.133998,43.000000,0.666667
0.100000,0.780418,5.500000,24.299570,1.818182,12.000000,0.846154
0.100000,1.000000,2.103448,29.564231,1.710526,20.000000,0.677778
0.052632,1.000000,2.074074,26.751758,1.707602,19.000000,0.674699
0.052632,0.016613,2.482759,28.995955,2.025641,27.000000,0.712871
0.076923,1.000000,1.227273,20.572993,1.717949,13.000000,0.551020
0.076923,0.000000,1.931034,28.107975,1.895238,21.000000,0.658824
0.222222,0.639249,2.000000,21.332363,1.000000,5.000000,0.666667
0.250000,1.000000,1.857143,6.191351,1.780000,25.000000,0.650000
0.062500,0.583932,1.444444,28.125000,1.808333,16.000000,0.590909
0.062500,0.090139,2.189189,29.819860,1.748663,34.000000,0.686441
0.100000,0.460631,2.363636,29.621267,1.545455,11.000000,0.702703
0.100000,0.057386,4.320000,29.210867,1.680000,26.000000,0.812030
0.100000,0.034881,1.314286,30.000000,1.905920,44.000000,0.567901
0.062500,0.583932,1.444444,28.125000,1.808333,16.000000,0.590909
0.062500,0.206014,1.339286,30.000000,2.000000,26.000000,0.572519
0.100000,0.034881,1.314286,30.000000,1.905920,44.000000,0.567901
0.100000,1.000000,3.142857,26.604080,1.577778,10.000000,0.758621
0.062500,0.090139,2.189189,29.819860,1.748663,34.000000,0.686441
0.062500,0.583932,1.444444,28.125000,1.808333,16.000000,0.590909
0.047619,0.489908,2.200000,29.514655,1.738095,21.000000,0.687500
0.047619,1.000000,3.240000,18.620690,2.150246,29.000000,0.764151
0.034483,0.442705,1.878049,28.704800,1.800000,35.000000,0.652542
0.034483,1.000000,3.240000,18.620690,2.150246,29.000000,0.764151
0.037037,0.246940,2.212766,29.160516,1.814815,27.000000,0.688742
0.037037,1.000000,3.037037,29.375868,2.188506,30.000000,0.752294
0.034483,1.000000,3.240000,18.620690,2.150246,29.000000,0.764151
0.034483,0.442705,1.878049,28.704800,1.800000,35.000000,0.652542
0.037037,0.328106,3.037037,29.375868,2.188506,30.000000,0.752294
0.037037,0.246940,2.212766,29.160516,1.814815,27.000000,0.688742
0.047619,0.489908,2.200000,29.514655,1.738095,21.000000,0.687500
0.047619,1.000000,3.240000,18.620690,2.150246,29.000000,0.764151
0.034483,0.442705,1.878049,28.704800,1.800000,35.000000,0.652542
0.034483,1.000000,3.240000,18.620690,2.150246,29.000000,0.764151
0.034483,1.000000,3.240000,18.620690,2.150246,29.000000,0.764151
0.034483,0.442705,1.878049,28.704800,1.800000,35.000000,0.652542
0.166667,0.421326,6.428571,25.513426,1.861538,26.000000,0.865385
0.200000,0.330110,1.787879,28.635601,1.957661,32.000000,0.641304
0.142857,1.000000,1.555556,29.254482,1.694444,9.000000,0.608696
0.142857,0.614360,3.857143,29.319470,1.250000,9.000000,0.794118
0.076923,0.026746,2.470588,27.813815,1.725490,18.000000,0.711864
0.100000,1.000000,1.615385,27.463498,1.577778,10.000000,0.617647
0.083333,0.374491,1.733333,19.226402,1.606061,12.000000,0.634146
0.142857,1.000000,1.555556,29.254482,1.694444,9.000000,0.608696
0.142857,0.614360,3.857143,29.319470,1.250000,9.000000,0.794118
0.200000,0.438230,2.960784,28.227924,2.419056,47.000000,0.747525
0.047619,0.273803,2.045455,24.772025,1.952381,21.000000,0.671642
0.047619,0.220521,1.467290,23.194873,2.139130,46.000000,0.594697
0.058824,0.054054,1.583333,28.507424,1.720588,17.000000,0.612903
0.058824,0.220521,1.467290,23.194873,2.139130,46.000000,0.594697
0.050000,0.220521,1.467290,23.194873,2.139130,46.000000,0.594697
0.050000,0.008333,1.410256,27.531841,1.884211,20.000000,0.585106
0.050000,0.008333,5.461538,30.000000,1.663158,20.000000,0.845238
0.050000,0.220521,1.467290,23.194873,2.139130,46.000000,0.594697
0.083333,0.890845,1.444444,28.684176,1.808333,16.000000,0.590909
0.125000,0.199742,1.875000,27.639474,1.993651,36.000000,0.652174
0.062500,0.890845,1.444444,28.125000,1.808333,16.000000,0.590909
0.062500,0.419138,2.052632,30.000000,1.713235,17.000000,0.672414
0.076923,0.011404,2.058824,23.616063,1.703297,14.000000,0.673077
0.083333,1.000000,2.428571,30.000000,1.626374,14.000000,0.708333
0.066667,0.288905,7.000000,29.059500,1.742857,15.000000,0.875000
0.066667,0.020728,2.764706,26.968946,2.004329,22.000000,0.734375
0.045455,0.311578,2.641026,28.846154,1.778462,26.000000,0.725352
0.045455,0.020728,2.764706,26.968946,2.004329,22.000000,0.734375
0.166667,0.689063,1.888889,21.745569,1.602564,13.000000,0.653846
0.200000,0.535333,2.487179,29.370325,1.982796,31.000000,0.713235
0.066667,0.442882,2.526316,29.480580,1.542857,15.000000,0.716418
0.083333,0.755009,0.980952,28.472978,1.945565,32.000000,0.495192
0.166667,0.004149,2.200000,30.000000,1.266667,6.000000,0.687500
0.166667,0.631448,2.000000,23.670330,1.676190,15.000000,0.666667
0.083333,0.755009,0.980952,28.472978,1.945565,32.000000,0.495192
0.040000,0.449599,3.086957,20.337038,2.418605,44.000000,0.755319
0.100000,0.584762,1.692308,21.130684,1.511111,10.000000,0.628571
0.100000,1.000000,3.500000,30.000000,1.681818,12.000000,0.777778
0.200000,1.000000,1.777778,29.775894,1.238095,7.000000,0.640000
0.200000,1.000000,1.750000,30.000000,1.300000,5.000000,0.636364
0.142857,1.000000,1.800000,30.000000,1.571429,7.000000,0.642857
0.142857,1.000000,2.400000,30.000000,1.428571,7.000000,0.705882
0.090909,0.317902,2.075472,29.111050,1.942529,30.000000,0.674847
0.166667,0.136814,3.184211,28.965713,1.805704,34.000000,0.761006
0.166667,0.105957,2.750000,27.942622,1.266667,6.000000,0.733333
0.166667,0.117951,2.750000,28.385427,1.266667,6.000000,0.733333
0.142857,0.493624,3.000000,16.476891,1.994152,19.000000,0.750000
0.142857,0.325999,1.777778,23.598196,1.238095,7.000000,0.640000
0.076923,0.860551,3.666667,30.000000,1.641026,13.000000,0.785714
0.076923,0.711850,2.214286,28.058167,1.653846,13.000000,0.688889
0.250000,0.361897,2.285714,29.933498,1.542857,15.000000,0.695652
0.125000,0.080766,2.523810,24.863586,1.938406,24.000000,0.716216
0.125000,0.179338,1.406250,29.666127,1.801471,17.000000,0.584416
0.111111,1.000000,1.500000,29.231906,1.666667,9.000000,0.600000
0.200000,1.000000,2.666667,29.237617,1.200000,5.000000,0.727273
0.200000,1.000000,1.666667,21.441576,1.523810,7.000000,0.625000
0.083333,0.088165,2.177778,30.000000,2.066667,31.000000,0.685315
0.083333,0.088165,2.177778,30.000000,2.066667,31.000000,0.685315
0.090909,0.015740,1.642857,22.127304,1.581818,11.000000,0.621622
0.090909,0.366664,1.818182,30.000000,1.876190,21.000000,0.645161
0.111111,0.514411,2.222222,29.919711,1.444444,9.000000,0.689655
0.142857,0.345172,4.250000,29.514498,1.732804,28.000000,0.809524
0.100000,0.855761,1.818182,27.055562,2.018116,24.000000,0.645161
0.142857,1.000000,1.666667,14.451517,1.555556,10.000000,0.625000
0.142857,0.092923,3.407407,30.000000,2.357110,66.000000,0.773109
0.142857,0.092923,3.407407,30.000000,2.357110,66.000000,0.773109
0.142857,0.106127,2.227273,30.000000,2.066667,31.000000,0.690141
0.142857,0.106127,2.227273,30.000000,2.066667,31.000000,0.690141
0.100000,0.403891,1.533333,21.000033,1.488889,10.000000,0.605263
0.100000,0.371686,2.074074,29.659735,1.764706,18.000000,0.674699
0.111111,0.720980,2.285714,29.919711,1.555556,9.000000,0.695652
0.111111,0.720980,2.285714,29.919711,1.555556,9.000000,0.695652
0.100000,0.371686,2.074074,29.659735,1.764706,18.000000,0.674699
0.100000,0.403891,1.533333,21.000033,1.488889,10.000000,0.605263
0.142857,1.000000,2.000000,26.476696,1.466667,10.000000,0.666667
0.100000,0.108110,1.500000,27.893137,1.743590,13.000000,0.600000
0.100000,1.000000,3.142857,27.810987,1.577778,10.000000,0.758621
0.200000,0.331544,1.810811,24.556180,1.878788,22.000000,0.644231
0.083333,0.824626,1.950000,28.000000,1.723810,15.000000,0.661017
0.083333,0.824626,1.950000,28.000000,1.723810,15.000000,0.661017
0.100000,1.000000,2.727273,27.736779,1.333333,10.000000,0.731707
0.166667,0.134174,2.714286,29.792736,1.472222,9.000000,0.730769
0.125000,0.196142,3.139535,28.086874,1.818318,37.000000,0.758427
0.125000,0.532602,1.750000,25.278017,1.500000,8.000000,0.636364
0.034483,0.201125,1.770833,29.712372,1.982759,29.000000,0.639098
0.034483,0.291489,3.000000,29.224438,2.390338,46.000000,0.750000
0.090909,0.668180,1.629630,28.059374,1.875817,18.000000,0.619718
0.125000,0.122302,2.888889,26.879572,1.563636,11.000000,0.742857
0.125000,0.532602,1.750000,25.278017,1.500000,8.000000,0.636364
0.250000,1.000000,4.000000,30.000000,1.333333,4.000000,0.800000
0.142857,0.180840,1.808511,29.492960,1.982759,29.000000,0.643939
0.083333,0.114420,2.095238,26.846245,1.862745,18.000000,0.676923
0.083333,0.670863,3.428571,28.332534,1.636364,12.000000,0.774194
0.166667,1.000000,2.400000,30.000000,1.200000,6.000000,0.705882
0.071429,0.030093,1.678571,29.659786,1.790850,18.000000,0.626667
0.071429,0.081342,2.838235,28.578362,1.914141,45.000000,0.739464
0.055556,1.000000,3.916667,29.889508,1.745098,18.000000,0.796610
0.055556,0.114420,2.095238,26.846245,1.862745,18.000000,0.676923
0.038462,0.036621,5.250000,28.929094,2.078078,37.000000,0.840000
0.038462,0.837366,2.400000,28.071056,2.267692,26.000000,0.705882
0.250000,0.132081,1.714286,25.714286,1.476190,7.000000,0.631579
0.250000,0.171227,1.714286,25.714286,1.476190,7.000000,0.631579
0.200000,0.414811,1.551020,29.126851,1.858696,24.000000,0.608000
0.058824,0.181797,1.555556,23.731201,2.123034,47.000000,0.608696
0.058824,0.009920,1.659091,28.987359,1.830000,25.000000,0.623932
0.045455,0.110714,2.770115,29.537622,1.912987,56.000000,0.734756
0.045455,0.139340,1.608696,28.852553,1.774892,22.000000,0.616667
0.083333,1.000000,2.571429,30.000000,1.752381,15.000000,0.720000
0.083333,0.841878,1.473684,28.245568,1.621212,12.000000,0.595745
0.125000,1.000000,2.909091,27.560903,1.726316,20.000000,0.744186
0.142857,0.087427,4.000000,27.712873,1.428571,7.000000,0.800000
0.166667,1.000000,2.200000,25.000000,1.266667,6.000000,0.687500
0.200000,1.000000,4.000000,30.000000,1.200000,5.000000,0.800000
0.166667,0.814057,1.082645,30.000000,1.939940,37.000000,0.519841
0.125000,0.294210,3.111111,28.616642,1.575758,12.000000,0.756757
0.047619,0.906425,0.980952,29.520870,1.945565,32.000000,0.495192
0.047619,0.804841,1.743590,26.856553,1.785714,21.000000,0.635514
0.125000,1.000000,2.000000,30.000000,1.555556,9.000000,0.666667
0.125000,1.000000,1.555556,25.276087,1.500000,8.000000,0.608696
0.200000,0.758795,2.130435,28.378563,1.985714,21.000000,0.680556
0.200000,1.000000,2.000000,30.000000,1.000000,5.000000,0.666667
0.166667,0.814057,1.082645,30.000000,1.939940,37.000000,0.519841
0.071429,1.000000,1.200000,28.860301,1.764706,17.000000,0.545455
0.125000,1.000000,3.250000,27.060479,1.607143,8.000000,0.764706
0.150000,0.865964,1.900000,29.310075,1.666667,10.000000,0.655172
0.125000,1.000000,1.555556,25.276087,1.500000,8.000000,0.608696
0.125000,0.004219,1.245902,29.711627,2.034188,27.000000,0.554745
0.047619,0.906425,0.980952,29.520870,1.945565,32.000000,0.495192
0.047619,0.804841,1.743590,26.856553,1.785714,21.000000,0.635514
0.111111,0.444585,2.083333,28.227321,1.725275,14.000000,0.675676
0.083333,0.370660,2.680851,28.952120,2.390244,42.000000,0.728324
0.083333,0.388205,1.583333,29.017861,1.712121,12.000000,0.612903
0.062500,0.358795,1.571429,26.623853,1.633333,16.000000,0.611111
0.062500,1.000000,2.370968,29.956424,1.885714,36.000000,0.703349
0.200000,1.000000,2.312500,29.987715,1.908408,37.000000,0.698113
0.111111,1.000000,2.194030,28.545077,1.885714,36.000000,0.686916
0.125000,0.908664,2.500000,20.268425,1.464286,8.000000,0.714286
0.071429,0.308297,2.058824,23.616063,1.703297,14.000000,0.673077
0.071429,0.221479,2.421053,28.393954,1.730994,19.000000,0.707692
0.142857,0.000000,3.352941,27.005203,1.600000,16.000000,0.770270
0.166667,1.000000,1.666667,30.000000,1.333333,6.000000,0.625000
0.166667,0.015421,2.060000,28.248200,1.823362,27.000000,0.673203
0.083333,0.308297,2.058824,23.616063,1.703297,14.000000,0.673077
0.083333,0.455823,2.153846,26.276326,1.606061,12.000000,0.682927
0.100000,0.892479,1.772727,28.695652,1.758893,23.000000,0.639344
0.166667,1.000000,1.750000,17.601312,1.641026,13.000000,0.636364
0.142857,0.940679,2.400000,30.000000,1.476190,7.000000,0.705882
0.142857,0.387773,2.634146,29.026856,1.825287,30.000000,0.724832
0.111111,1.000000,2.500000,28.221124,1.666667,9.000000,0.714286
0.111111,0.453229,3.000000,28.399011,1.533333,10.000000,0.750000
0.111111,0.004255,1.871560,29.735408,1.777409,43.000000,0.651757
0.111111,0.453229,3.000000,28.399011,1.533333,10.000000,0.750000
0.111111,1.000000,2.500000,28.221124,1.666667,9.000000,0.714286
0.111111,0.453229,3.000000,28.399011,1.533333,10.000000,0.750000
0.111111,1.000000,2.500000,28.221124,1.666667,9.000000,0.714286
0.111111,1.000000,2.500000,28.221124,1.666667,9.000000,0.714286
0.111111,0.453229,3.000000,28.399011,1.533333,10.000000,0.750000
0.083333,0.008475,2.055556,30.000000,1.842803,33.000000,0.672727
0.083333,0.008475,2.055556,30.000000,1.842803,33.000000,0.672727
0.083333,0.752323,1.909091,30.000000,1.685714,15.000000,0.656250
0.083333,0.008475,2.055556,30.000000,1.842803,33.000000,0.672727
0.083333,0.008475,2.055556,30.000000,1.842803,33.000000,0.672727
0.083333,0.042792,1.763158,28.485633,1.680952,21.000000,0.638095
0.083333,0.752323,1.909091,30.000000,1.685714,15.000000,0.656250
0.142857,1.000000,1.250000,15.290289,1.725275,14.000000,0.555556
0.090909,0.547568,2.723077,29.696178,1.888502,42.000000,0.731405
0.090909,0.620468,1.833333,19.146976,1.672727,11.000000,0.647059
0.125000,0.138943,1.764706,18.657067,1.670330,14.000000,0.638298
0.125000,0.079841,1.605263,30.000000,1.768421,20.000000,0.616162
0.125000,0.079841,1.605263,30.000000,1.768421,20.000000,0.616162
0.142857,1.000000,1.250000,15.290289,1.725275,14.000000,0.555556
0.142857,0.122702,2.000000,25.910011,1.939394,22.000000,0.666667
0.200000,1.000000,1.884615,27.633997,1.884211,20.000000,0.653333
0.200000,0.616817,1.787879,28.635601,1.957661,32.000000,0.641304
0.250000,0.788533,1.900000,24.960128,1.666667,10.000000,0.655172
0.125000,1.000000,2.076923,29.759235,1.756410,13.000000,0.675000
0.083333,1.000000,1.631579,28.880268,1.653846,13.000000,0.620000
0.083333,0.404053,2.230769,25.006987,1.621212,12.000000,0.690476
0.083333,1.000000,1.631579,28.880268,1.653846,13.000000,0.620000
0.083333,0.404053,2.230769,25.006987,1.621212,12.000000,0.690476
0.090909,0.114306,2.000000,24.180257,1.636364,11.000000,0.666667
0.090909,0.211513,2.142857,30.000000,1.876190,15.000000,0.681818
0.250000,0.727456,1.494624,30.000000,1.776471,35.000000,0.599138
0.062500,1.000000,1.703704,29.594373,1.616667,16.000000,0.630137
0.062500,0.349504,1.534884,28.695652,1.806324,23.000000,0.605505
0.083333,0.012766,2.214286,29.983903,1.545455,12.000000,0.688889
0.083333,0.012766,2.214286,29.983903,1.545455,12.000000,0.688889
0.058824,0.265244,3.687500,29.230049,2.228521,59.000000,0.786667
0.047619,0.236425,2.200000,30.000000,1.738095,21.000000,0.687500
0.058824,0.698917,2.037037,28.880778,1.738095,21.000000,0.670732
0.058824,0.265244,3.687500,29.230049,2.228521,59.000000,0.786667
0.058824,0.265244,3.687500,29.230049,2.228521,59.000000,0.786667
0.058824,0.265244,3.687500,29.230049,2.228521,59.000000,0.786667
0.058824,0.527672,1.891304,30.000000,1.830000,25.000000,0.654135
0.166667,0.284982,3.452055,30.000000,2.354310,62.000000,0.775385
0.090909,0.066190,1.944444,28.618769,1.703297,14.000000,0.660377
0.166667,0.284982,3.452055,30.000000,2.354310,62.000000,0.775385
0.142857,0.265633,3.666667,28.137966,1.750000,8.000000,0.785714
0.142857,0.005587,4.333333,26.199707,1.380952,7.000000,0.812500
0.166667,1.000000,1.772727,26.496608,1.843137,18.000000,0.639344
0.166667,0.391091,2.250000,29.689104,1.400000,6.000000,0.692308
0.250000,0.993453,7.000000,25.622302,2.264706,17.000000,0.875000
0.090909,0.012688,1.620000,28.784085,1.766798,23.000000,0.618321
0.250000,1.000000,6.400000,27.728450,1.857143,14.000000,0.864865
0.100000,0.927022,3.625000,28.510619,1.813187,14.000000,0.783784
0.100000,0.905893,1.692308,20.500093,1.511111,10.000000,0.628571
0.083333,0.385541,1.562500,23.696059,1.621212,12.000000,0.609756
0.083333,0.008621,1.826087,30.000000,1.685714,15.000000,0.646154
0.083333,0.385541,1.562500,23.696059,1.621212,12.000000,0.609756
0.083333,0.008621,1.826087,30.000000,1.685714,15.000000,0.646154
0.066667,0.400575,1.603175,28.928571,1.846561,28.000000,0.615854
0.066667,1.000000,1.705882,18.000360,1.790476,15.000000,0.630435
0.166667,0.161632,2.000000,28.159294,1.500000,8.000000,0.666667
0.066667,1.000000,1.705882,18.000360,1.790476,15.000000,0.630435
0.166667,1.000000,1.588235,26.820615,1.509091,11.000000,0.613636
0.047619,1.000000,1.555556,23.731201,2.123034,47.000000,0.608696
0.047619,0.411431,2.142857,25.855625,1.952381,21.000000,0.681818
0.142857,0.767365,1.888889,29.233824,1.775401,34.000000,0.653846
0.062500,0.226061,2.857143,28.634411,1.666667,16.000000,0.740741
0.062500,1.000000,1.787879,28.635601,1.957661,32.000000,0.641304
0.050000,1.000000,1.555556,23.731201,2.123034,47.000000,0.608696
0.050000,0.822664,1.410256,28.003672,1.884211,20.000000,0.585106
0.086957,0.662195,5.461538,30.000000,1.663158,20.000000,0.845238
0.086957,1.000000,1.555556,23.731201,2.123034,47.000000,0.608696
0.045455,0.000000,1.035714,22.281770,1.987013,22.000000,0.508772
0.045455,1.000000,1.788136,28.986777,2.077649,53.000000,0.641337
0.142857,0.767365,1.888889,29.233824,1.775401,34.000000,0.653846
0.200000,0.330917,1.600000,28.432499,1.555556,9.000000,0.615385
0.200000,0.741707,1.750000,17.701280,1.300000,5.000000,0.636364
0.100000,0.038268,1.615385,29.031256,1.533333,10.000000,0.617647
0.100000,1.000000,1.692308,26.863235,2.042857,21.000000,0.628571
0.045455,0.133768,1.215686,25.328897,1.805195,22.000000,0.548673
0.045455,0.004367,3.882353,29.810633,1.714286,22.000000,0.795181
0.100000,0.438349,5.538462,29.539007,1.562092,18.000000,0.847059
0.166667,0.463389,3.000000,26.989602,1.000000,6.000000,0.750000
0.166667,1.000000,1.964286,28.491959,2.106719,23.000000,0.662651
0.050000,0.578957,1.625000,29.721601,1.917749,22.000000,0.619048
0.050000,0.077937,2.333333,29.075423,1.742105,20.000000,0.700000
0.050000,0.578957,1.625000,29.721601,1.917749,22.000000,0.619048
0.050000,0.077937,2.333333,29.075423,1.742105,20.000000,0.700000
0.200000,0.740463,2.000000,30.000000,1.000000,5.000000,0.666667
0.200000,0.372408,1.538462,28.235294,1.882353,17.000000,0.606061
0.125000,0.922703,1.462687,17.099588,1.854680,29.000000,0.593939
0.058824,0.004367,1.162791,30.000000,1.698529,17.000000,0.537634
0.040000,1.000000,3.000000,30.000000,1.910000,25.000000,0.750000
0.040000,1.000000,3.000000,30.000000,1.910000,25.000000,0.750000
0.029412,0.576612,1.615385,27.592111,2.035366,41.000000,0.617647
0.029412,0.963813,3.102564,29.624212,1.805704,34.000000,0.756250
0.111111,0.968101,3.184211,29.193610,1.805704,34.000000,0.761006
0.142857,0.028811,2.619048,29.173294,2.104762,21.000000,0.723684
0.142857,0.028811,2.619048,29.173294,2.104762,21.000000,0.723684
0.250000,0.280961,2.500000,28.355459,2.592593,28.000000,0.714286
0.250000,0.319704,1.875000,30.000000,1.464286,8.000000,0.652174
0.111111,0.401979,2.125000,29.461838,1.837790,34.000000,0.680000
0.111111,0.401979,2.125000,29.461838,1.837790,34.000000,0.680000
0.111111,0.401979,2.125000,29.461838,1.837790,34.000000,0.680000
0.111111,0.401979,2.125000,29.461838,1.837790,34.000000,0.680000
0.111111,0.088058,1.950000,21.556275,1.973856,18.000000,0.661017
0.111111,0.034783,5.250000,28.978305,1.416667,9.000000,0.840000
0.062500,0.387330,2.000000,28.684176,1.725000,16.000000,0.666667
0.200000,0.175877,2.500000,30.000000,1.577778,10.000000,0.714286
0.076923,0.024096,1.391304,30.000000,1.666667,13.000000,0.581818
0.083333,0.104395,1.363636,27.010601,1.989130,24.000000,0.576923
0.083333,0.144482,3.181818,29.710067,1.469697,12.000000,0.760870
0.200000,0.175877,2.500000,30.000000,1.577778,10.000000,0.714286
0.200000,0.175877,2.500000,30.000000,1.577778,10.000000,0.714286
0.066667,0.290150,1.550000,20.522867,1.752381,15.000000,0.607843
0.066667,0.084925,2.764706,26.792917,1.891626,29.000000,0.734375
0.058824,0.104395,1.363636,27.010601,1.989130,24.000000,0.576923
0.050000,0.347551,3.846154,28.349144,1.831579,20.000000,0.793651
0.052632,0.750967,1.964286,28.827119,1.678363,19.000000,0.662651
0.052632,1.000000,1.793103,27.568166,1.980237,23.000000,0.641975
0.095238,1.000000,2.045455,23.063729,1.952381,21.000000,0.671642
0.095238,0.399921,2.466019,29.802859,1.914701,58.000000,0.711485
0.166667,0.400292,3.285714,17.896574,1.867647,17.000000,0.766667
0.045455,1.000000,1.677419,29.786876,1.980237,23.000000,0.626506
0.045455,0.752929,1.035714,22.281770,1.987013,22.000000,0.508772
0.200000,0.992659,1.666667,20.425525,1.622222,10.000000,0.625000
0.028571,0.777421,1.620253,28.320865,1.927731,35.000000,0.618357
0.028571,0.603204,3.588235,29.496369,2.532770,44.000000,0.782051
0.032258,0.092196,1.814815,28.962688,1.969892,31.000000,0.644737
0.032258,0.669279,3.285714,28.865351,2.424320,49.000000,0.766667
0.100000,0.992659,1.666667,20.425525,1.622222,10.000000,0.625000
0.100000,1.000000,1.888889,29.455328,1.900000,16.000000,0.653846
0.200000,1.000000,1.888889,29.040075,1.900000,16.000000,0.653846
0.166667,1.000000,3.400000,30.000000,1.527778,9.000000,0.772727
0.166667,0.906012,2.666667,29.271963,2.479513,43.000000,0.727273
0.142857,0.501137,3.529412,28.703403,2.397436,52.000000,0.779221
0.071429,0.100327,2.555556,28.299915,1.560440,14.000000,0.718750
0.076923,1.000000,1.611111,23.680870,1.730769,13.000000,0.617021
0.076923,0.158702,2.125000,24.818594,1.902174,24.000000,0.680000
0.166667,0.000000,1.136364,30.000000,1.698529,17.000000,0.531915
0.058824,0.531101,1.964286,26.069215,1.625000,17.000000,0.662651
0.058824,0.919690,5.300000,13.051935,2.005263,20.000000,0.841270
0.090909,0.269155,1.571429,26.623853,1.633333,16.000000,0.611111
0.090909,0.269155,1.571429,26.623853,1.633333,16.000000,0.611111
0.090909,0.269155,1.571429,26.623853,1.633333,16.000000,0.611111
0.090909,0.269155,1.571429,26.623853,1.633333,16.000000,0.611111
0.052632,0.494848,1.600000,26.205223,1.929825,19.000000,0.615385
0.052632,0.139560,2.296296,29.601902,1.766082,19.000000,0.696629
0.083333,0.313537,2.350000,29.639719,1.764706,17.000000,0.701493
0.083333,1.000000,1.631579,4.882315,1.530303,12.000000,0.620000
0.052632,0.139560,2.296296,29.601902,1.766082,19.000000,0.696629
0.052632,0.494848,1.600000,26.205223,1.929825,19.000000,0.615385
0.083333,0.313537,2.350000,29.639719,1.764706,17.000000,0.701493
0.083333,1.000000,1.631579,4.882315,1.530303,12.000000,0.620000
0.076923,1.000000,1.391304,30.000000,1.666667,13.000000,0.581818
0.090909,1.000000,1.423077,29.282378,1.895425,18.000000,0.587302
0.090909,0.232642,1.634146,29.328214,1.680952,21.000000,0.620370
0.142857,1.000000,1.764706,30.000000,1.615385,13.000000,0.638298
0.142857,0.308813,2.333333,30.000000,2.138889,9.000000,0.700000
0.142857,1.000000,1.764706,30.000000,1.615385,13.000000,0.638298
0.142857,1.000000,2.333333,30.000000,2.138889,9.000000,0.700000
0.100000,0.198891,2.931034,30.000000,1.753623,24.000000,0.745614
0.250000,0.052761,1.818182,24.598826,1.745455,11.000000,0.645161
0.200000,1.000000,2.294118,29.907721,1.867647,17.000000,0.696429
0.142857,0.380672,2.214286,30.000000,1.766082,19.000000,0.688889
0.100000,0.004405,1.500000,28.851988,1.666667,10.000000,0.600000
0.142857,0.380672,2.214286,30.000000,1.766082,19.000000,0.688889
0.125000,0.712830,1.580645,26.806345,1.847953,19.000000,0.612500
0.125000,0.008929,3.200000,27.368352,1.428571,8.000000,0.761905
0.090909,0.346165,2.600000,30.000000,1.563636,11.000000,0.722222
0.142857,0.421359,2.714286,28.616080,1.095238,7.000000,0.730769
0.142857,0.239126,1.625000,29.721601,1.917749,22.000000,0.619048
0.142857,0.375724,3.900000,28.508130,1.679654,22.000000,0.795918
0.142857,0.421359,2.714286,28.616080,1.095238,7.000000,0.730769
0.142857,0.239126,1.625000,29.721601,1.917749,22.000000,0.619048
0.125000,0.389965,2.583333,28.345175,1.705882,18.000000,0.720930
0.071429,1.000000,1.826087,30.000000,1.685714,15.000000,0.646154
0.071429,0.122474,1.346154,21.510540,1.833333,16.000000,0.573770
0.076923,0.105002,1.346154,25.795432,1.833333,16.000000,0.573770
0.071429,1.000000,1.826087,30.000000,1.685714,15.000000,0.646154
0.071429,0.122474,1.346154,21.510540,1.833333,16.000000,0.573770
0.100000,0.500821,3.500000,30.000000,1.533333,10.000000,0.777778
0.200000,0.727575,2.473684,27.691309,2.004329,22.000000,0.712121
0.100000,0.375207,2.000000,24.331683,1.644444,10.000000,0.666667
0.038462,0.403388,2.000000,30.000000,1.748663,34.000000,0.666667
0.038462,0.403388,2.000000,30.000000,1.748663,34.000000,0.666667
0.125000,0.933670,1.625000,24.045941,1.535714,8.000000,0.619048
0.125000,1.000000,2.222222,28.121806,1.644444,10.000000,0.689655
0.052632,0.211636,3.368421,28.433234,1.666667,19.000000,0.771084
0.052632,0.370128,1.415094,27.766507,2.000000,26.000000,0.585938
0.125000,0.046968,1.965517,30.000000,1.890476,21.000000,0.662791
0.125000,0.252656,1.339286,29.892242,2.000000,26.000000,0.572519
0.125000,0.092875,2.000000,29.190133,1.563636,11.000000,0.666667
0.125000,0.285852,1.800000,29.405089,1.895425,18.000000,0.642857
0.125000,0.893993,1.700000,26.250000,1.428571,8.000000,0.629630
0.055556,0.462026,1.450000,29.916553,1.846154,26.000000,0.591837
0.055556,0.903847,1.500000,27.859899,1.929825,19.000000,0.600000
0.111111,0.371365,1.909091,21.676367,1.745455,11.000000,0.656250
0.111111,0.631514,3.600000,28.189221,1.500000,9.000000,0.782609
0.050000,0.062413,1.860759,29.167496,1.914286,36.000000,0.650442
0.090909,0.792910,2.571429,25.809745,2.204598,30.000000,0.720000
0.090909,1.000000,1.625000,30.000000,1.581818,11.000000,0.619048
0.125000,0.296930,1.812500,27.821040,1.621212,12.000000,0.644444
0.050000,0.013100,3.857143,29.650166,1.838095,21.000000,0.794118
0.050000,0.013100,1.659091,28.892603,1.683983,22.000000,0.623932
0.142857,0.401362,2.357143,28.739551,1.576923,13.000000,0.702128
0.142857,0.977450,1.777778,6.096203,1.238095,7.000000,0.640000
0.142857,1.000000,1.666667,23.822600,1.523810,7.000000,0.625000
0.090909,0.008696,1.571429,29.857387,1.600000,11.000000,0.611111
0.083333,0.043682,2.800000,30.000000,1.824176,14.000000,0.736842
0.083333,0.245310,1.666667,29.210052,1.681818,12.000000,0.625000
0.250000,0.554131,1.818182,30.000000,1.815789,20.000000,0.645161
0.050000,0.369330,1.666667,29.754908,1.710526,20.000000,0.625000
0.033333,0.787120,2.500000,30.000000,2.204598,30.000000,0.714286
0.033333,0.175473,2.500000,30.000000,2.204598,30.000000,0.714286
0.100000,1.000000,2.098592,23.640702,2.169697,45.000000,0.677273
0.100000,0.729339,2.098592,23.640702,2.169697,45.000000,0.677273
0.031250,0.071465,2.052174,26.553266,1.888980,50.000000,0.672365
0.031250,0.277109,2.187500,29.697268,1.935484,32.000000,0.686275
0.100000,1.000000,2.205128,24.889534,2.014113,32.000000,0.688000
0.100000,0.513937,3.500000,27.910732,1.533333,10.000000,0.777778
0.033333,0.098602,2.566038,28.915045,2.305648,43.000000,0.719577
0.033333,0.504943,2.433333,25.577614,1.993103,30.000000,0.708738
0.166667,0.243213,3.000000,29.568671,1.400000,6.000000,0.750000
0.076923,0.661672,1.666667,27.267019,1.761905,21.000000,0.625000
0.033333,0.098602,2.566038,28.915045,2.305648,43.000000,0.719577
0.033333,0.504943,2.433333,25.577614,1.993103,30.000000,0.708738
0.111111,0.004329,2.700000,29.759235,1.653846,13.000000,0.729730
0.033333,0.098602,2.566038,28.915045,2.305648,43.000000,0.719577
0.033333,0.504943,2.433333,25.577614,1.993103,30.000000,0.708738
0.033333,0.098602,2.566038,28.915045,2.305648,43.000000,0.719577
0.033333,0.504943,2.433333,25.577614,1.993103,30.000000,0.708738
0.125000,0.014208,1.833333,28.440242,1.641026,13.000000,0.647059
0.125000,0.107374,2.285714,29.188746,1.428571,8.000000,0.695652
0.100000,0.057542,2.315385,28.844243,1.974672,67.000000,0.698376
0.142857,0.057542,2.315385,28.844243,1.974672,67.000000,0.698376
0.142857,0.057542,2.315385,28.844243,1.974672,67.000000,0.698376
0.142857,1.000000,2.285714,30.000000,1.238095,7.000000,0.695652
0.142857,0.624917,15.000000,30.000000,1.166667,9.000000,0.937500
0.050000,0.243811,2.562500,28.114803,2.305263,20.000000,0.719298
0.083333,1.000000,4.571429,30.000000,1.515152,12.000000,0.820513
0.055556,0.074152,2.000000,30.000000,1.782609,24.000000,0.666667
0.125000,0.068759,2.066667,26.776398,1.666667,13.000000,0.673913
0.142857,0.004329,1.777778,25.098952,1.238095,7.000000,0.640000
0.142857,0.656080,2.133333,30.000000,2.268145,32.000000,0.680851
0.062500,1.000000,1.843750,28.078816,1.800000,20.000000,0.648352
0.125000,1.000000,3.250000,27.060479,1.607143,8.000000,0.764706
0.142857,0.004329,1.777778,25.098952,1.238095,7.000000,0.640000
0.142857,0.258404,2.133333,30.000000,2.268145,32.000000,0.680851
0.142857,0.004329,2.279412,29.391533,1.981245,69.000000,0.695067
0.125000,0.224846,2.857143,27.998764,1.285714,8.000000,0.740741
0.031250,0.022220,2.383838,29.823865,1.915152,55.000000,0.704478
0.111111,0.000000,1.500000,29.083612,1.583333,9.000000,0.600000
0.111111,0.096631,1.625000,27.569524,1.277778,9.000000,0.619048
0.125000,0.132743,1.857143,30.000000,1.535714,8.000000,0.650000
0.076923,0.034169,2.121212,29.661983,1.923077,26.000000,0.679612
0.076923,0.740620,2.052632,28.140955,2.030159,36.000000,0.672414
0.076923,0.740620,2.052632,28.140955,2.030159,36.000000,0.672414
0.250000,0.222748,4.047619,30.000000,1.991453,27.000000,0.801887
0.071429,0.732523,2.089286,25.633661,2.030159,36.000000,0.676301
0.071429,1.000000,2.600000,30.000000,1.571429,14.000000,0.722222
0.166667,1.000000,3.172414,28.965517,2.029557,29.000000,0.760331
0.166667,0.830514,7.500000,23.364890,1.000000,6.000000,0.882353
0.071429,0.732523,2.089286,25.633661,2.030159,36.000000,0.676301
0.071429,1.000000,2.600000,30.000000,1.571429,14.000000,0.722222
0.166667,0.279224,2.500000,29.364681,1.333333,6.000000,0.714286
0.166667,0.571756,2.724138,29.566814,1.803077,26.000000,0.731481
0.166667,0.279224,2.500000,29.364681,1.333333,6.000000,0.714286
0.166667,0.571756,2.724138,29.566814,1.803077,26.000000,0.731481
0.055556,0.715159,2.176471,30.000000,1.842803,33.000000,0.685185
0.055556,1.000000,3.073171,29.181625,1.808403,35.000000,0.754491
0.100000,0.678818,2.794872,30.000000,1.804301,31.000000,0.736486
0.100000,0.556358,1.916667,24.430821,1.533333,10.000000,0.657143
0.100000,0.678818,2.794872,30.000000,1.804301,31.000000,0.736486
0.100000,0.556358,1.916667,24.430821,1.533333,10.000000,0.657143
0.100000,0.678818,2.794872,30.000000,1.804301,31.000000,0.736486
0.100000,0.556358,1.916667,24.430821,1.533333,10.000000,0.657143
0.055556,1.000000,3.073171,29.181625,1.808403,35.000000,0.754491
0.055556,0.715159,2.176471,30.000000,1.842803,33.000000,0.685185
0.100000,0.678818,2.794872,30.000000,1.804301,31.000000,0.736486
0.100000,0.556358,1.916667,24.430821,1.533333,10.000000,0.657143
0.071429,1.000000,2.600000,30.000000,1.571429,14.000000,0.722222
0.071429,0.732523,2.089286,25.633661,2.030159,36.000000,0.676301
0.166667,1.000000,2.724138,29.566814,1.803077,26.000000,0.731481
0.166667,0.279224,2.500000,29.364681,1.333333,6.000000,0.714286
0.250000,1.000000,4.047619,30.000000,1.991453,27.000000,0.801887
0.076923,0.740620,2.052632,28.140955,2.030159,36.000000,0.672414
0.166667,0.279224,2.500000,29.364681,1.333333,6.000000,0.714286
0.166667,0.571756,2.724138,29.566814,1.803077,26.000000,0.731481
0.055556,1.000000,3.073171,29.181625,1.808403,35.000000,0.754491
0.055556,0.715159,2.176471,30.000000,1.842803,33.000000,0.685185
0.071429,1.000000,2.600000,30.000000,1.571429,14.000000,0.722222
0.071429,0.732523,2.089286,25.633661,2.030159,36.000000,0.676301
0.076923,0.740620,2.052632,28.140955,2.030159,36.000000,0.672414
0.055556,1.000000,3.073171,29.181625,1.808403,35.000000,0.754491
0.055556,0.715159,2.176471,30.000000,1.842803,33.000000,0.685185
0.250000,1.000000,4.047619,30.000000,1.991453,27.000000,0.801887
0.142857,0.010410,1.678571,29.659786,1.790850,18.000000,0.626667
0.250000,0.901864,5.500000,24.900751,1.750000,8.000000,0.846154
0.200000,0.167331,1.800000,30.000000,1.400000,6.000000,0.642857
0.111111,0.225684,1.307692,29.813462,1.688889,10.000000,0.566667
0.166667,0.801208,5.400000,26.902043,1.444444,10.000000,0.843750
0.066667,0.004219,1.900000,30.000000,1.890476,21.000000,0.655172
0.066667,1.000000,1.166667,22.274028,1.714286,15.000000,0.538462
0.125000,1.000000,3.384615,26.438926,2.410526,20.000000,0.771930
0.125000,0.344557,2.125000,27.659317,1.392857,8.000000,0.680000
0.125000,0.344557,2.125000,27.659317,1.392857,8.000000,0.680000
0.125000,1.000000,3.384615,26.438926,2.410526,20.000000,0.771930
0.083333,0.759559,1.878049,28.808609,1.800000,35.000000,0.652542
0.083333,1.000000,3.384615,26.438926,2.410526,20.000000,0.771930
0.083333,0.759559,1.878049,28.808609,1.800000,35.000000,0.652542
0.083333,1.000000,3.384615,26.438926,2.410526,20.000000,0.771930
0.066667,0.509348,1.430769,22.041968,2.028409,33.000000,0.588608
0.066667,0.008547,2.437500,29.480582,1.628571,15.000000,0.709091
0.250000,0.422384,2.450000,28.900650,1.976190,21.000000,0.710145
0.142857,0.576498,1.400000,25.744237,1.750000,9.000000,0.583333
0.125000,1.000000,3.200000,29.412895,1.555556,9.000000,0.761905
0.111111,0.559142,2.140351,29.539823,1.943548,32.000000,0.681564
0.111111,1.000000,1.333333,23.944540,1.611111,9.000000,0.571429
0.111111,0.034809,1.965517,29.464713,1.890476,21.000000,0.662791
0.076923,0.830893,1.615385,30.000000,1.685714,15.000000,0.617647
0.076923,0.830893,1.615385,30.000000,1.685714,15.000000,0.617647
0.250000,0.652568,2.916667,28.551653,1.736264,14.000000,0.744681
0.055556,1.000000,2.291667,28.447530,1.947619,21.000000,0.696203
0.055556,0.312874,1.393939,22.630055,1.830065,18.000000,0.582278
0.062500,0.270736,3.275862,29.941898,1.846154,27.000000,0.766129
0.200000,1.000000,2.250000,30.000000,1.100000,5.000000,0.692308
0.062500,1.000000,1.739130,30.000000,1.725000,16.000000,0.634921
0.050000,0.367102,3.176471,30.000000,1.838095,21.000000,0.760563
0.125000,0.117785,2.333333,30.000000,1.500000,8.000000,0.700000
0.125000,0.697158,1.021739,28.451101,1.906404,29.000000,0.505376
0.047619,0.774706,2.571429,25.809745,2.204598,30.000000,0.720000
0.047619,0.984124,1.751825,28.773502,1.915535,52.000000,0.636605
0.083333,0.549661,1.072727,30.000000,1.804762,21.000000,0.517544
0.083333,0.046859,3.000000,28.734179,1.750000,16.000000,0.750000
0.083333,0.549661,1.072727,30.000000,1.804762,21.000000,0.517544
0.083333,0.046859,3.000000,28.734179,1.750000,16.000000,0.750000
0.050000,0.974732,1.868217,29.632834,1.920000,51.000000,0.651351
0.111111,0.004219,2.111111,29.537104,1.527778,9.000000,0.678571
0.083333,0.887000,1.073770,30.000000,1.939940,37.000000,0.517787
0.047619,0.774706,2.571429,25.809745,2.204598,30.000000,0.720000
0.047619,0.984124,1.751825,28.773502,1.915535,52.000000,0.636605
0.062500,0.837268,1.260274,30.000000,1.863248,27.000000,0.557576
0.062500,0.054298,3.112676,26.044175,2.277031,59.000000,0.756849
0.062500,0.837268,1.260274,30.000000,1.863248,27.000000,0.557576
0.062500,0.090071,3.112676,26.044175,2.277031,59.000000,0.756849
0.052632,0.199675,1.526882,28.932624,1.854354,37.000000,0.604255
0.052632,0.755653,1.441860,28.109211,1.672515,19.000000,0.590476
0.090909,0.981165,1.912000,30.000000,1.910204,50.000000,0.656593
0.052632,0.755653,1.441860,28.109211,1.672515,19.000000,0.590476
0.052632,0.199675,1.526882,28.932624,1.854354,37.000000,0.604255
0.050000,0.974732,1.868217,29.632834,1.920000,51.000000,0.651351
0.125000,0.117785,2.333333,30.000000,1.500000,8.000000,0.700000
0.125000,0.697158,1.021739,28.451101,1.906404,29.000000,0.505376
0.062500,0.837268,1.260274,30.000000,1.863248,27.000000,0.557576
0.062500,0.054298,3.112676,26.044175,2.277031,59.000000,0.756849
0.062500,0.090071,3.112676,26.044175,2.277031,59.000000,0.756849
0.062500,0.837268,1.260274,30.000000,1.863248,27.000000,0.557576
0.083333,0.887000,1.073770,30.000000,1.939940,37.000000,0.517787
0.111111,0.607108,2.500000,29.231905,1.444444,9.000000,0.714286
0.090909,0.981165,1.912000,30.000000,1.910204,50.000000,0.656593
0.083333,1.000000,2.200000,30.000000,1.787879,12.000000,0.687500
0.083333,1.000000,1.562500,20.711504,1.673203,18.000000,0.609756
0.250000,0.804481,4.000000,30.000000,1.333333,4.000000,0.800000
0.100000,0.361904,4.285714,27.913759,1.670330,14.000000,0.810811
0.100000,1.000000,2.333333,30.000000,1.377778,10.000000,0.700000
0.047619,1.000000,3.850000,29.097852,1.877470,23.000000,0.793814
0.047619,0.610030,2.500000,29.547220,2.104762,21.000000,0.714286
0.076923,1.000000,1.631579,30.000000,1.653846,13.000000,0.620000
0.047619,0.610030,2.500000,29.547220,2.104762,21.000000,0.714286
0.047619,1.000000,3.850000,29.097852,1.877470,23.000000,0.793814
0.076923,1.000000,1.631579,30.000000,1.653846,13.000000,0.620000
0.111111,0.417422,2.333333,30.000000,2.142857,22.000000,0.700000
0.111111,0.032845,2.111111,27.747016,1.527778,9.000000,0.678571
0.100000,1.000000,2.333333,30.000000,1.377778,10.000000,0.700000
0.100000,0.361904,4.285714,27.913759,1.670330,14.000000,0.810811
0.111111,0.032845,2.111111,27.747016,1.527778,9.000000,0.678571
0.111111,0.417422,2.333333,30.000000,2.142857,22.000000,0.700000
0.076923,1.000000,4.285714,19.895929,1.820513,13.000000,0.810811
0.076923,0.111290,1.886364,28.633594,1.912281,39.000000,0.653543
0.111111,0.408650,1.642857,26.666667,1.361111,9.000000,0.621622
0.111111,1.000000,2.227273,29.540237,1.742105,20.000000,0.690141
0.125000,0.038418,3.181818,29.111023,2.265614,76.000000,0.760870
0.166667,1.000000,3.176471,29.928915,1.725490,18.000000,0.760563
0.083333,0.098594,1.814815,29.289337,1.914286,36.000000,0.644737
0.066667,0.000000,3.105263,28.436465,2.120000,25.000000,0.756410
0.125000,0.038418,3.181818,29.111023,2.265614,76.000000,0.760870
0.076923,0.126846,2.023810,24.511815,1.953846,26.000000,0.669291
0.100000,0.262492,1.923077,23.880989,1.488889,10.000000,0.657895
0.100000,0.028289,1.217391,27.349010,1.666667,13.000000,0.549020
0.090909,0.200892,2.909091,29.297863,1.760000,26.000000,0.744186
0.090909,1.000000,1.692308,28.928576,1.600000,11.000000,0.628571
0.062500,0.161340,2.666667,27.895815,1.908333,16.000000,0.727273
0.062500,0.201800,1.678571,29.659786,1.790850,18.000000,0.626667
0.142857,0.254851,1.454545,30.000000,1.818713,19.000000,0.592593
0.142857,0.376512,16.000000,28.543965,1.238095,7.000000,0.941176
0.090909,0.011448,3.452055,30.000000,2.354310,62.000000,0.775385
0.111111,0.016949,1.727273,26.666667,1.472222,9.000000,0.633333
0.117647,0.869536,1.340426,23.400876,1.831169,22.000000,0.572727
0.090909,0.011448,3.452055,30.000000,2.354310,62.000000,0.775385
0.250000,0.201800,1.678571,29.659786,1.790850,18.000000,0.626667
0.083333,0.699627,1.608696,28.653865,1.484848,12.000000,0.616667
0.083333,0.120866,4.821429,29.678527,2.074224,39.000000,0.828221
0.066667,0.219052,1.782609,24.562656,1.685714,15.000000,0.640625
0.066667,0.146100,1.920000,30.000000,1.641667,16.000000,0.657534
0.066667,0.219052,1.782609,24.562656,1.685714,15.000000,0.640625
0.250000,0.219052,1.782609,24.562656,1.685714,15.000000,0.640625
0.038462,0.374712,2.608696,25.950213,2.504615,26.000000,0.722892
0.038462,0.097318,3.100000,28.799957,2.288889,81.000000,0.756098
0.038462,0.246156,2.608696,25.950213,2.504615,26.000000,0.722892
0.038462,0.097318,3.100000,28.799957,2.288889,81.000000,0.756098
0.038462,0.374712,2.608696,25.950213,2.504615,26.000000,0.722892
0.038462,0.097318,3.100000,28.799957,2.288889,81.000000,0.756098
0.038462,0.097318,3.100000,28.799957,2.288889,81.000000,0.756098
0.038462,0.246156,2.608696,25.950213,2.504615,26.000000,0.722892
0.083333,0.001979,3.452055,28.314006,1.904209,53.000000,0.775385
0.083333,0.643021,2.066667,24.232337,2.033333,25.000000,0.673913
0.083333,0.199640,2.000000,22.395512,1.545455,12.000000,0.666667
0.083333,0.000000,2.167832,29.928959,1.981245,69.000000,0.684327
0.083333,0.113191,1.350000,29.820625,1.651515,12.000000,0.574468
0.200000,0.265620,2.933333,28.034394,1.888889,19.000000,0.745763
0.200000,0.274571,2.214286,28.735588,1.858333,16.000000,0.688889
0.076923,1.000000,3.882353,30.000000,1.714286,22.000000,0.795181
0.062500,0.059614,1.771429,29.279008,1.760234,19.000000,0.639175
0.062500,0.197353,1.206897,23.912013,1.866667,16.000000,0.546875
0.100000,0.028985,2.402597,30.000000,1.728571,36.000000,0.706107
0.100000,0.155259,2.000000,24.331683,1.644444,10.000000,0.666667
0.125000,0.080021,2.560000,26.705412,1.782609,23.000000,0.719101
0.100000,0.028985,2.402597,30.000000,1.728571,36.000000,0.706107
0.100000,0.155259,2.000000,24.331683,1.644444,10.000000,0.666667
0.076923,0.134884,1.777778,20.274335,1.589744,13.000000,0.640000
0.076923,0.615010,1.354167,24.361568,1.778656,23.000000,0.575221
0.111111,0.882714,1.727273,27.323747,1.852381,21.000000,0.633333
0.062500,0.059614,1.771429,29.279008,1.760234,19.000000,0.639175
0.062500,0.197353,1.206897,23.912013,1.866667,16.000000,0.546875
0.166667,0.071373,7.142857,28.564866,1.789474,19.000000,0.877193
0.090909,0.127458,3.407407,30.000000,1.649351,22.000000,0.773109
0.250000,0.809915,1.169492,29.982518,2.024615,26.000000,0.539062
0.090909,0.197353,1.206897,23.912013,1.866667,16.000000,0.546875
0.200000,0.128490,2.384615,30.000000,1.793333,25.000000,0.704545
0.090909,0.811170,2.318182,29.023220,1.800000,30.000000,0.698630
0.125000,0.491791,2.400000,30.000000,1.751232,29.000000,0.705882
0.071429,0.745376,2.058824,30.000000,1.923077,26.000000,0.673077
0.071429,0.533848,3.555556,17.770499,1.813187,14.000000,0.780488
0.032258,0.243469,3.869565,23.347832,2.049462,31.000000,0.794643
0.032258,0.089958,2.428571,27.941874,1.992870,34.000000,0.708333
0.062500,1.000000,2.291667,28.447530,1.947619,21.000000,0.696203
0.125000,0.491791,2.400000,30.000000,1.751232,29.000000,0.705882
0.058824,0.793114,1.631579,30.000000,1.760234,19.000000,0.620000
0.058824,0.220665,1.233333,24.152255,1.904412,17.000000,0.552239
0.125000,0.157427,2.285714,29.909675,1.428571,8.000000,0.695652
0.125000,0.214093,3.181818,29.111023,2.265614,76.000000,0.760870
0.125000,0.157427,2.285714,29.909675,1.428571,8.000000,0.695652
0.125000,0.214093,3.181818,29.111023,2.265614,76.000000,0.760870
0.058824,0.793114,1.631579,30.000000,1.760234,19.000000,0.620000
0.058824,0.220665,1.233333,24.152255,1.904412,17.000000,0.552239
0.052632,0.296172,2.041667,28.338487,1.842105,19.000000,0.671233
0.052632,0.306881,2.011364,30.000000,1.752381,36.000000,0.667925
0.052632,0.296172,2.041667,28.338487,1.842105,19.000000,0.671233
0.052632,0.730996,1.225806,29.992956,2.034188,27.000000,0.550725
0.052632,0.296172,2.041667,28.338487,1.842105,19.000000,0.671233
0.052632,1.000000,2.227273,29.540237,1.742105,20.000000,0.690141
0.038462,0.938095,3.446602,26.524957,2.177156,78.000000,0.775109
0.038462,0.000000,2.108108,29.300788,1.852308,26.000000,0.678261
0.027778,0.270111,1.861111,29.517755,1.884127,36.000000,0.650485
0.027778,0.925590,3.404255,29.530987,2.070676,68.000000,0.772947
0.038462,0.030645,1.772727,28.749851,1.975385,26.000000,0.639344
0.038462,0.938095,3.446602,26.524957,2.177156,78.000000,0.775109
0.052632,0.296172,2.041667,28.338487,1.842105,19.000000,0.671233
0.052632,0.306881,2.011364,30.000000,1.752381,36.000000,0.667925
0.142857,0.947294,3.783784,28.164247,2.059016,61.000000,0.790960
0.076923,0.652430,1.620253,28.320865,1.927731,35.000000,0.618357
0.076923,0.983787,2.312500,28.440242,1.602564,13.000000,0.698113
0.125000,0.754955,2.066667,29.856509,1.653846,13.000000,0.673913
0.125000,1.000000,2.000000,29.604106,1.500000,8.000000,0.666667
0.166667,0.444446,1.655172,28.108667,1.705882,17.000000,0.623377
0.076923,0.190147,2.642857,29.618233,1.882353,17.000000,0.725490
0.047619,0.522360,1.756757,25.280958,1.861660,23.000000,0.637255
0.047619,0.181063,1.750000,30.000000,1.761905,21.000000,0.636364
0.071429,0.522360,1.756757,25.280958,1.861660,23.000000,0.637255
0.071429,1.000000,2.142857,30.000000,1.670330,14.000000,0.681818
0.090909,0.522360,1.756757,25.280958,1.861660,23.000000,0.637255
0.090909,0.053695,1.400000,28.986157,1.752632,20.000000,0.583333
0.125000,0.444446,1.655172,28.108667,1.705882,17.000000,0.623377
0.062500,0.246163,2.132353,26.597029,2.077389,66.000000,0.680751
0.166667,0.246163,2.132353,26.597029,2.077389,66.000000,0.680751
0.166667,0.063357,3.000000,29.119343,1.400000,6.000000,0.750000
0.062500,0.246163,2.132353,26.597029,2.077389,66.000000,0.680751
0.142857,0.561116,2.000000,30.000000,1.428571,8.000000,0.666667
0.125000,0.768789,2.450000,23.827507,1.961039,22.000000,0.710145
0.125000,0.471013,4.000000,29.188746,1.428571,8.000000,0.800000
0.083333,0.153054,2.176471,29.685779,1.770563,22.000000,0.685185
0.083333,1.000000,3.666667,30.000000,1.877470,23.000000,0.785714
0.200000,0.374507,2.333333,24.000000,1.300000,5.000000,0.700000
0.200000,0.012146,4.000000,30.000000,1.200000,5.000000,0.800000
0.200000,0.374507,2.333333,24.000000,1.300000,5.000000,0.700000
0.200000,0.012146,4.000000,30.000000,1.200000,5.000000,0.800000
0.142857,0.826842,1.636364,28.839633,1.564103,13.000000,0.620690
0.076923,0.826842,1.636364,28.839633,1.564103,13.000000,0.620690
0.076923,0.137159,4.875000,29.214289,1.828571,15.000000,0.829787
0.076923,0.058690,1.305085,27.137666,1.826211,27.000000,0.566176
0.040000,0.020080,3.043478,29.701198,1.800570,27.000000,0.752688
0.040000,1.000000,1.186441,21.263708,1.806667,25.000000,0.542636
0.111111,1.000000,1.186441,21.263708,1.806667,25.000000,0.542636
0.142857,1.000000,1.186441,21.263708,1.806667,25.000000,0.542636
0.142857,1.000000,1.186441,21.263708,1.806667,25.000000,0.542636
0.142857,0.258878,2.800000,30.000000,1.333333,7.000000,0.736842
0.142857,1.000000,2.062500,29.920030,1.725000,16.000000,0.673469
0.125000,0.476478,2.166667,29.336159,1.825397,28.000000,0.684211
0.050000,0.613858,1.365854,26.336212,1.752632,20.000000,0.577320
0.050000,0.433312,2.368421,29.399123,1.947368,20.000000,0.703125
0.125000,0.613858,1.365854,26.336212,1.752632,20.000000,0.577320
0.125000,1.000000,20.000000,30.000000,1.285714,8.000000,0.952381
0.125000,0.381967,1.375000,26.545353,1.787879,12.000000,0.578947
0.142857,1.000000,2.000000,29.599757,1.476190,7.000000,0.666667
0.142857,0.123986,2.500000,28.179215,1.666667,12.000000,0.714286
0.125000,0.404761,1.555556,19.124893,1.500000,8.000000,0.608696
0.125000,1.000000,3.666667,30.000000,1.877470,23.000000,0.785714
0.125000,0.404761,1.555556,19.124893,1.500000,8.000000,0.608696
0.100000,0.279334,2.600000,30.000000,1.527273,11.000000,0.722222
0.100000,0.279334,2.600000,30.000000,1.527273,11.000000,0.722222
0.062500,0.103726,1.912088,29.593972,1.908974,40.000000,0.656604
0.062500,0.004016,1.629630,30.000000,1.742690,19.000000,0.619718
0.200000,1.000000,1.400000,16.556669,1.928105,18.000000,0.583333
0.200000,1.000000,2.333333,30.000000,1.300000,5.000000,0.700000
0.047619,0.566509,1.658537,27.880308,1.884058,24.000000,0.623853
0.047619,0.000000,1.707317,30.000000,1.761905,21.000000,0.630631
0.071429,0.566509,1.658537,27.880308,1.884058,24.000000,0.623853
0.200000,1.000000,2.333333,30.000000,1.300000,5.000000,0.700000
0.200000,1.000000,1.400000,16.556669,1.928105,18.000000,0.583333
0.090909,0.346522,1.365854,27.826704,1.752632,20.000000,0.577320
0.090909,0.566509,1.658537,27.880308,1.884058,24.000000,0.623853
0.125000,1.000000,2.571429,27.809602,2.204598,30.000000,0.720000
0.125000,1.000000,2.571429,27.809602,2.204598,30.000000,0.720000
0.200000,0.951504,1.588235,29.205866,1.742857,21.000000,0.613636
0.142857,0.278837,2.279412,29.391533,1.981245,69.000000,0.695067
0.050000,0.258370,1.666667,22.656492,1.748918,22.000000,0.625000
0.100000,0.155710,1.771084,29.647947,1.914286,36.000000,0.639130
0.100000,0.278837,2.279412,29.391533,1.981245,69.000000,0.695067
0.076923,0.130890,2.133333,28.151965,1.780220,14.000000,0.680851
0.111111,0.620521,1.761905,28.646515,1.758170,18.000000,0.637931
0.045455,0.666433,1.892857,29.884487,1.956439,33.000000,0.654321
0.142857,1.000000,1.875000,26.250000,1.464286,8.000000,0.652174
0.111111,0.741612,3.966667,30.000000,1.672365,27.000000,0.798658
0.142857,0.941250,3.685714,28.129699,1.749425,30.000000,0.786585
0.142857,0.813505,3.463415,26.818538,1.873440,34.000000,0.775956
0.142857,1.000000,16.000000,28.886957,1.238095,7.000000,0.941176
0.117647,0.622722,1.244444,15.305377,1.847619,21.000000,0.554455
0.090909,1.000000,4.333333,29.857387,1.527273,11.000000,0.812500
0.090909,0.472605,2.076923,28.642101,2.121457,39.000000,0.675000
0.055556,0.978637,1.676471,27.755208,1.852381,21.000000,0.626374
0.055556,0.988874,1.040816,30.000000,1.745098,18.000000,0.510000
0.111111,0.764537,1.400000,24.686576,1.444444,9.000000,0.583333
0.111111,0.478833,4.407407,28.720372,1.732804,28.000000,0.815068
0.250000,0.809323,3.142857,27.099730,1.658333,16.000000,0.758621
0.166667,1.000000,5.000000,28.844437,1.333333,6.000000,0.833333
0.166667,0.472605,2.076923,28.642101,2.121457,39.000000,0.675000
0.200000,0.360125,2.093750,25.883547,1.865801,22.000000,0.676768
0.076923,0.144101,1.500000,27.692308,1.692308,13.000000,0.600000
0.076923,0.138667,2.650000,30.000000,1.890476,21.000000,0.726027
0.076923,0.144101,1.500000,27.692308,1.692308,13.000000,0.600000
0.125000,0.816384,1.583333,29.026087,1.321429,8.000000,0.612903
0.125000,0.111615,3.223140,29.370334,2.289443,84.000000,0.763209
0.125000,0.111615,3.223140,29.370334,2.289443,84.000000,0.763209
0.125000,0.758078,1.400000,26.954876,1.571429,8.000000,0.583333
0.142857,0.003922,2.500000,27.984642,1.523810,7.000000,0.714286
0.142857,0.848255,5.263158,29.148397,2.514170,39.000000,0.840336
0.090909,0.305402,1.065574,24.122334,1.989130,24.000000,0.515873
0.090909,0.361061,2.200000,30.000000,1.600000,11.000000,0.687500
0.083333,0.015481,2.116279,29.562041,1.903659,41.000000,0.679104
0.142857,0.003922,2.500000,27.984642,1.523810,7.000000,0.714286
0.142857,0.631168,5.263158,29.148397,2.514170,39.000000,0.840336
0.200000,0.670103,2.333333,24.000000,1.300000,5.000000,0.700000
0.142857,0.314328,3.035714,29.974311,1.923280,28.000000,0.752212
0.142857,0.314328,3.035714,29.974311,1.923280,28.000000,0.752212
0.090909,0.312033,3.360000,30.000000,2.354310,62.000000,0.770642
0.090909,0.312033,3.360000,30.000000,2.354310,62.000000,0.770642
0.125000,0.220435,2.115385,23.202965,2.055336,23.000000,0.679012
0.125000,0.369359,1.783784,29.922276,1.898551,24.000000,0.640777
0.100000,1.000000,2.000000,30.000000,1.787879,12.000000,0.666667
0.076923,0.407551,2.000000,28.751596,1.816667,16.000000,0.666667
0.083333,0.082955,2.682927,29.486425,1.862680,43.000000,0.728477
0.083333,1.000000,1.818182,25.267392,1.757576,12.000000,0.645161
0.083333,0.082955,2.682927,29.486425,1.862680,43.000000,0.728477
0.083333,1.000000,1.818182,25.267392,1.757576,12.000000,0.645161
0.200000,0.667503,1.666667,26.899058,1.757576,12.000000,0.625000
0.100000,1.000000,1.615385,25.695349,1.577778,10.000000,0.617647
0.125000,0.017768,2.633333,26.428819,2.151220,41.000000,0.724771
0.125000,0.192070,2.500000,30.000000,1.500000,8.000000,0.714286
0.142857,0.160134,1.912088,29.444122,1.908974,40.000000,0.656604
0.142857,1.000000,3.250000,21.634959,1.929825,19.000000,0.764706
0.142857,1.000000,1.333333,27.233365,1.611111,9.000000,0.571429
0.166667,0.233579,7.444444,29.803074,1.830040,23.000000,0.881579
0.166667,0.059572,2.251701,29.142566,1.983959,72.000000,0.692469
0.071429,1.000000,2.142857,30.000000,1.670330,14.000000,0.681818
0.250000,1.000000,2.333333,30.000000,1.300000,5.000000,0.700000
0.250000,1.000000,2.333333,30.000000,1.300000,5.000000,0.700000
0.090909,0.112538,2.200000,29.438778,1.847619,21.000000,0.687500
0.062500,0.335619,1.945946,30.000000,1.782609,24.000000,0.660550
0.111111,0.346472,1.566667,17.368421,1.725146,19.000000,0.610390
0.058824,1.000000,1.157895,28.235294,1.757353,17.000000,0.536585
0.166667,0.285477,2.213333,29.409832,1.995814,73.000000,0.688797
0.058824,1.000000,1.157895,28.235294,1.757353,17.000000,0.536585
0.058824,0.270825,2.169935,29.519446,1.995814,73.000000,0.684536
0.272727,0.244124,1.736842,29.142781,1.866667,15.000000,0.634615
0.062500,0.007812,4.666667,28.422261,1.883333,16.000000,0.823529
0.062500,1.000000,1.157895,28.235294,1.757353,17.000000,0.536585
0.100000,1.000000,1.166667,22.274028,1.714286,15.000000,0.538462
0.200000,0.670225,2.886792,29.542826,1.823077,40.000000,0.742718
0.125000,0.007812,4.000000,27.652258,1.428571,8.000000,0.800000
0.125000,1.000000,1.157895,28.235294,1.757353,17.000000,0.536585
0.058824,1.000000,1.157895,28.235294,1.757353,17.000000,0.536585
0.058824,0.007812,1.953488,28.864994,2.075862,30.000000,0.661417
0.125000,1.000000,1.157895,28.235294,1.757353,17.000000,0.536585
0.125000,0.007812,6.000000,30.000000,1.357143,8.000000,0.857143
0.250000,0.017342,3.272727,30.000000,2.055385,26.000000,0.765957
0.076923,0.729523,1.629630,29.617202,1.733333,16.000000,0.619718
0.076923,0.729523,1.629630,29.617202,1.733333,16.000000,0.619718
0.090909,0.494893,1.969231,28.995269,2.021337,38.000000,0.663212
0.100000,0.842632,2.750000,29.489927,1.577778,10.000000,0.733333
0.090909,1.000000,1.714286,26.907634,1.900000,25.000000,0.631579
0.200000,0.488471,1.375000,26.545353,1.787879,12.000000,0.578947
0.166667,0.142569,1.750000,28.451033,1.690909,11.000000,0.636364
0.166667,0.236135,2.200000,29.183026,1.266667,6.000000,0.687500
0.058824,1.000000,2.636364,30.000000,1.683824,17.000000,0.725000
0.250000,0.321106,4.000000,30.000000,1.428571,8.000000,0.800000
0.142857,1.000000,3.250000,30.000000,1.380952,7.000000,0.764706
0.142857,0.675165,1.555556,28.568920,1.738095,21.000000,0.608696
0.142857,0.048867,1.950000,28.539077,1.713235,17.000000,0.661017
0.066667,1.000000,2.454545,8.663831,2.150198,23.000000,0.710526
0.066667,0.473636,3.500000,28.842612,1.780952,15.000000,0.777778
0.071429,0.415913,2.615385,27.128566,1.758242,14.000000,0.723404
0.071429,0.193866,2.484848,28.308266,1.917379,27.000000,0.713043
0.125000,0.177227,2.947368,30.000000,2.379447,23.000000,0.746667
0.125000,0.011765,2.833333,30.000000,1.392857,8.000000,0.739130
0.045455,0.055714,2.571429,27.683040,1.935961,29.000000,0.720000
0.045455,0.472727,5.000000,25.365824,2.341991,22.000000,0.833333
0.125000,0.013174,2.947368,30.000000,2.379447,23.000000,0.746667
0.125000,0.011765,2.833333,30.000000,1.392857,8.000000,0.739130
0.043478,0.003984,2.531250,29.279790,1.929231,26.000000,0.716814
0.043478,0.075094,1.314815,28.695652,1.747036,23.000000,0.568000
0.043478,0.075094,1.314815,28.695652,1.747036,23.000000,0.568000
0.043478,0.003984,2.531250,29.279790,1.929231,26.000000,0.716814
0.043478,0.003984,2.531250,29.279790,1.929231,26.000000,0.716814
0.043478,0.075094,1.314815,28.695652,1.747036,23.000000,0.568000
0.043478,0.003984,2.531250,29.279790,1.929231,26.000000,0.716814
0.043478,0.075094,1.314815,28.695652,1.747036,23.000000,0.568000
0.043478,0.075094,1.314815,28.695652,1.747036,23.000000,0.568000
0.043478,0.003984,2.046667,29.614710,2.092340,70.000000,0.671772
0.166667,1.000000,3.000000,25.329167,1.400000,6.000000,0.750000
0.166667,0.515579,1.756410,28.698899,1.970513,40.000000,0.637209
0.166667,0.432739,2.952381,29.438778,1.723810,21.000000,0.746988
0.043478,0.075094,1.314815,28.695652,1.747036,23.000000,0.568000
0.043478,0.003984,2.046667,29.614710,2.092340,70.000000,0.671772
0.142857,0.139335,2.090909,28.113275,2.076822,68.000000,0.676471
0.142857,1.000000,3.333333,29.131746,1.619048,7.000000,0.769231
0.100000,0.075094,1.314815,28.695652,1.747036,23.000000,0.568000
0.100000,0.075094,1.314815,28.695652,1.747036,23.000000,0.568000
0.166667,0.000000,1.600000,26.869756,1.533333,6.000000,0.615385
0.166667,0.001358,3.166667,26.258696,1.920949,23.000000,0.760000
0.200000,0.232823,1.771429,29.677643,1.760234,19.000000,0.639175
0.200000,0.232823,1.771429,29.677643,1.760234,19.000000,0.639175
0.083333,0.221909,1.789474,29.361702,2.026827,47.000000,0.641509
0.083333,0.003953,3.285714,30.000000,1.818182,12.000000,0.766667
0.052632,0.130055,3.272727,28.099841,1.742857,21.000000,0.765957
0.052632,0.261010,1.846154,19.791227,1.830409,19.000000,0.648649
0.076923,0.367787,1.444444,24.296213,1.987013,22.000000,0.590909
0.076923,0.193818,2.583333,30.000000,1.756410,13.000000,0.720930
0.052632,0.261010,1.846154,19.791227,1.830409,19.000000,0.648649
0.052632,0.130055,3.272727,28.099841,1.742857,21.000000,0.765957
0.083333,0.221909,1.789474,29.361702,2.026827,47.000000,0.641509
0.083333,0.003953,3.285714,30.000000,1.818182,12.000000,0.766667
0.083333,0.221909,1.789474,29.361702,2.026827,47.000000,0.641509
0.083333,0.003953,3.285714,30.000000,1.818182,12.000000,0.766667
0.083333,0.003953,3.285714,30.000000,1.818182,12.000000,0.766667
0.083333,0.221909,1.789474,29.361702,2.026827,47.000000,0.641509
0.250000,0.179225,2.666667,23.548663,1.987013,22.000000,0.727273
0.100000,0.053777,1.833333,26.514568,2.000000,20.000000,0.647059
0.111111,0.109230,3.317647,30.000000,2.215385,65.000000,0.768392
0.111111,0.109230,3.317647,30.000000,2.215385,65.000000,0.768392
0.166667,0.423488,1.800000,29.369351,1.500000,9.000000,0.642857
0.111111,0.968655,1.658537,27.867050,1.896104,22.000000,0.623853
0.200000,1.000000,1.842105,30.000000,1.666667,21.000000,0.648148
0.050000,1.000000,1.939394,30.000000,1.766667,21.000000,0.659794
0.050000,1.000000,3.375000,29.359754,2.079051,23.000000,0.771429
0.050000,0.462138,2.133333,29.978356,1.766667,21.000000,0.680851
0.066667,1.000000,1.636364,29.834556,1.771429,15.000000,0.620690
0.062500,1.000000,1.794872,30.000000,1.666667,21.000000,0.642202
0.100000,0.190493,1.515625,22.092534,1.992424,33.000000,0.602484
0.062500,0.302594,2.315789,29.107417,1.658333,16.000000,0.698413
0.083333,0.733461,4.166667,29.362617,2.063415,41.000000,0.806452
0.062500,0.302106,2.625000,26.924862,1.891304,24.000000,0.724138
0.076923,0.789110,1.916667,29.693635,1.616667,16.000000,0.657143
0.076923,0.142745,1.206897,23.912013,1.866667,16.000000,0.546875
0.062500,0.785066,1.958333,28.610917,1.691176,17.000000,0.661972
0.030303,1.000000,2.525000,23.156021,2.160985,33.000000,0.716312
0.030303,0.038713,2.841270,28.408508,1.937179,40.000000,0.739669
0.041667,0.410435,3.111111,30.000000,1.695652,24.000000,0.756757
0.041667,1.000000,2.525000,23.156021,2.160985,33.000000,0.716312
0.066667,0.443417,1.520000,25.528394,1.780952,15.000000,0.603175
0.066667,0.026792,3.223140,29.960108,2.289443,84.000000,0.763209
0.066667,0.026792,3.223140,29.960108,2.289443,84.000000,0.763209
0.066667,0.443417,1.520000,25.528394,1.780952,15.000000,0.603175
0.071429,0.663748,2.000000,24.498669,1.956667,25.000000,0.666667
0.052632,0.027972,2.707865,29.875576,1.912987,56.000000,0.730303
0.166667,1.000000,2.000000,21.040581,1.476190,7.000000,0.666667
0.166667,1.000000,1.647059,30.000000,1.490909,11.000000,0.622222
0.111111,0.001162,1.583333,29.652228,1.472222,9.000000,0.612903
0.125000,0.916120,1.020000,30.000000,1.745098,18.000000,0.504950
0.041667,0.191364,2.468750,29.064730,1.858696,24.000000,0.711712
0.041667,0.336446,2.705882,20.598810,2.205645,32.000000,0.730159
0.066667,0.682773,2.142857,30.000000,1.782258,32.000000,0.681818
0.066667,0.682773,2.142857,30.000000,1.782258,32.000000,0.681818
0.058824,1.000000,2.636364,30.000000,1.683824,17.000000,0.725000
0.058824,0.424930,3.562500,29.963870,1.721053,20.000000,0.780822
0.058824,0.084596,2.123596,29.072462,1.937984,43.000000,0.679856
0.100000,0.202797,1.818182,27.053330,1.555556,10.000000,0.645161
0.142857,0.026161,2.412214,29.513818,1.935909,68.000000,0.706935
0.111111,1.000000,1.785714,27.641951,1.818182,22.000000,0.641026
0.200000,0.383251,3.304348,28.834373,2.111111,28.000000,0.767677
0.125000,0.308108,3.090909,29.536716,1.735931,22.000000,0.755556
0.125000,0.004016,1.818182,30.000000,1.691667,16.000000,0.645161
0.125000,0.171436,1.636364,26.250000,1.357143,8.000000,0.620690
0.125000,1.000000,4.153846,30.000000,1.830065,18.000000,0.805970
0.125000,0.202612,1.888889,26.250000,1.428571,8.000000,0.653846
0.071429,0.263404,1.666667,30.000000,1.761905,21.000000,0.625000
0.071429,0.676252,1.714286,26.907634,1.900000,25.000000,0.631579
0.071429,0.676252,1.714286,26.907634,1.900000,25.000000,0.631579
0.166667,1.000000,1.351852,29.247401,1.902174,24.000000,0.574803
0.166667,0.329335,1.800000,30.000000,1.400000,6.000000,0.642857
0.125000,1.000000,4.153846,30.000000,1.830065,18.000000,0.805970
0.125000,1.000000,1.888889,26.250000,1.428571,8.000000,0.653846
0.166667,0.550410,1.550000,22.853425,1.653846,13.000000,0.607843
0.090909,1.000000,1.666667,29.261435,1.745455,11.000000,0.625000
0.090909,0.476937,1.965517,29.237624,1.890476,21.000000,0.662791
0.052632,1.000000,2.033333,30.000000,1.684211,19.000000,0.670330
0.052632,0.016836,1.732143,22.999784,2.172673,37.000000,0.633987
0.040000,0.359532,1.710526,29.888321,1.980000,25.000000,0.631068
0.040000,0.016836,1.732143,22.999784,2.172673,37.000000,0.633987
0.066667,0.016836,1.732143,22.999784,2.172673,37.000000,0.633987
0.090909,1.000000,2.666667,30.000000,1.654545,11.000000,0.727273
0.071429,0.346015,1.108108,27.642092,1.888889,18.000000,0.525641
0.090909,1.000000,2.666667,30.000000,1.654545,11.000000,0.727273
0.142857,0.494927,1.650485,28.837413,1.883721,43.000000,0.622711
0.071429,0.292150,1.794521,28.694198,1.856855,32.000000,0.642157
0.071429,0.035123,1.727273,29.158167,1.681319,14.000000,0.633333
0.200000,0.601632,2.490385,29.539062,1.916423,59.000000,0.713499
0.090909,0.756362,1.650000,28.672237,2.072464,24.000000,0.622642
0.071429,0.766066,2.430769,29.430656,1.935909,68.000000,0.708520
0.071429,0.835056,1.923077,25.455183,1.813187,14.000000,0.657895
0.250000,0.332417,1.425926,28.442419,1.891463,41.000000,0.587786
0.250000,1.000000,2.384615,20.343285,1.769231,14.000000,0.704545
0.058824,0.863345,3.055556,30.000000,1.654412,17.000000,0.753425
0.058824,0.732390,2.512605,29.924587,1.929327,65.000000,0.715311
0.058824,0.863345,3.055556,30.000000,1.654412,17.000000,0.753425
0.058824,0.732390,2.512605,29.924587,1.929327,65.000000,0.715311
0.066667,0.683582,2.041237,29.038442,1.922449,50.000000,0.671186
0.066667,0.738282,2.136364,27.510809,1.657143,15.000000,0.681159
0.083333,0.690842,2.251701,29.142566,1.983959,72.000000,0.692469
0.083333,0.934334,2.666667,28.801339,1.756410,13.000000,0.727273
0.200000,0.616901,2.279412,29.443044,1.981245,69.000000,0.695067
0.090909,0.370153,1.650000,28.672237,2.072464,24.000000,0.622642
0.200000,0.779331,2.521739,29.599720,1.920123,63.000000,0.716049
0.250000,0.776530,2.698925,29.507510,1.909774,57.000000,0.729651
0.100000,0.158652,1.400000,24.805626,1.577778,10.000000,0.583333
0.100000,0.641314,2.633333,26.814892,2.151220,41.000000,0.724771
0.111111,0.619575,2.279412,29.417614,1.981245,69.000000,0.695067
0.071429,0.433514,2.475000,29.712510,1.944086,31.000000,0.712230
0.066667,1.000000,5.000000,28.125000,1.741667,16.000000,0.833333
0.111111,0.080084,3.966102,24.427893,2.222896,55.000000,0.798635
0.111111,0.007937,2.714286,30.000000,1.500000,9.000000,0.730769
0.090909,0.228782,2.357143,27.173834,1.725275,14.000000,0.702128
0.090909,0.000000,1.900000,24.764493,1.654545,11.000000,0.655172
0.166667,1.000000,2.833333,30.000000,1.392857,8.000000,0.739130
0.100000,0.003953,5.000000,27.876692,1.690909,11.000000,0.833333
0.100000,0.817908,1.666667,22.832920,1.622222,10.000000,0.625000
0.100000,0.030261,1.946667,29.477125,2.027875,42.000000,0.660633
0.100000,0.817908,1.666667,22.832920,1.622222,10.000000,0.625000
0.166667,0.003953,2.500000,26.132232,1.523810,7.000000,0.714286
0.066667,1.000000,5.000000,28.125000,1.741667,16.000000,0.833333
0.166667,0.003953,4.250000,29.954657,1.735931,22.000000,0.809524
0.090909,1.000000,4.000000,28.168609,1.472727,11.000000,0.800000
0.090909,1.000000,3.181818,29.608442,1.469697,12.000000,0.760870
0.040000,0.440735,1.566038,27.721982,1.836667,25.000000,0.610294
0.222222,0.330326,1.564516,21.207512,1.992424,33.000000,0.610063
0.030303,0.067094,1.892857,30.000000,1.956439,33.000000,0.654321
0.100000,0.392292,1.833333,26.514568,2.000000,20.000000,0.647059
0.100000,0.177814,1.666667,30.000000,1.555556,10.000000,0.625000
0.021739,0.055004,2.732143,21.761066,2.131401,46.000000,0.732057
0.041667,0.147340,1.327586,28.750000,1.746377,24.000000,0.570370
0.083333,0.003953,3.571429,29.036879,1.712121,12.000000,0.781250
0.041667,0.147340,1.327586,28.750000,1.746377,24.000000,0.570370
0.083333,0.003953,3.571429,29.036879,1.712121,12.000000,0.781250
0.090909,0.312946,1.760000,28.915243,2.000000,20.000000,0.637681
0.083333,0.773924,2.846154,30.000000,2.102941,17.000000,0.740000
0.041667,0.507851,1.883333,29.770844,1.946524,34.000000,0.653179
0.125000,1.000000,2.666667,30.000000,1.428571,8.000000,0.727273
0.142857,0.838350,4.666667,22.706802,1.380952,7.000000,0.823529
0.142857,0.729831,1.916667,30.000000,1.616667,16.000000,0.657143
0.071429,1.000000,1.739130,30.000000,1.725000,16.000000,0.634921
0.071429,0.352621,1.647059,27.332392,1.857143,14.000000,0.622222
0.022727,0.135398,2.819444,27.870880,2.104822,54.000000,0.738182
0.022727,0.012269,2.061728,28.957178,1.928118,44.000000,0.673387
0.090909,0.073086,1.590909,29.303338,1.363636,11.000000,0.614035
0.066667,0.721338,4.350000,28.228998,1.931034,29.000000,0.813084
0.066667,1.000000,1.947368,30.000000,1.647619,15.000000,0.660714
0.055556,1.000000,3.857143,30.000000,1.830065,18.000000,0.794118
0.055556,0.016186,2.949275,30.000000,2.236134,85.000000,0.746789
0.062500,1.000000,4.153846,30.000000,1.830065,18.000000,0.805970
0.062500,0.139892,4.000000,28.125000,2.000000,16.000000,0.800000
0.055556,0.016186,2.949275,30.000000,2.236134,85.000000,0.746789
0.055556,1.000000,3.857143,30.000000,1.830065,18.000000,0.794118
0.062500,0.129326,4.000000,28.125000,2.000000,16.000000,0.800000
0.062500,1.000000,4.153846,30.000000,1.830065,18.000000,0.805970
0.166667,0.114168,2.000000,29.332135,1.490909,11.000000,0.666667
0.052632,1.000000,1.333333,20.603525,1.941520,19.000000,0.571429
0.166667,1.000000,1.333333,20.603525,1.941520,19.000000,0.571429
0.100000,0.865915,1.636364,27.466939,1.771429,15.000000,0.620690
0.200000,1.000000,2.285714,26.589722,1.644444,10.000000,0.695652
0.142857,0.376735,1.732143,22.999784,2.172673,37.000000,0.633987
0.062500,0.588473,2.833333,27.929378,1.900000,16.000000,0.739130
0.062500,0.213746,2.075000,29.249005,1.857550,27.000000,0.674797
0.125000,0.865915,1.636364,27.466939,1.771429,15.000000,0.620690
0.125000,1.000000,2.142857,26.731561,1.464286,8.000000,0.681818
0.076923,0.469228,1.714286,28.278509,2.087302,28.000000,0.631579
0.076923,0.513365,1.291667,29.239160,1.653846,13.000000,0.563636
0.066667,1.000000,1.900000,30.000000,1.504762,15.000000,0.655172
0.066667,0.251329,1.205882,23.812783,1.888889,18.000000,0.546667
0.083333,0.052789,1.243243,27.457390,1.871345,19.000000,0.554217
0.200000,0.600000,1.500000,26.871999,1.794872,13.000000,0.600000
0.066667,0.251329,1.205882,23.812783,1.888889,18.000000,0.546667
0.066667,1.000000,1.900000,30.000000,1.504762,15.000000,0.655172
0.111111,1.000000,1.294118,28.539897,1.690909,11.000000,0.564103
0.111111,1.000000,3.315789,22.176647,1.957143,21.000000,0.768293
0.052632,1.000000,1.566667,17.368421,1.725146,19.000000,0.610390
0.100000,1.000000,2.142857,30.000000,1.666667,10.000000,0.681818
0.100000,1.000000,1.566667,17.368421,1.725146,19.000000,0.610390
0.111111,0.003984,4.200000,27.831119,1.444444,9.000000,0.807692
0.076923,0.662588,2.190476,28.408563,1.847953,19.000000,0.686567
0.200000,0.044403,3.148148,29.288964,2.144828,30.000000,0.758929
0.031250,0.000042,1.883117,28.872746,1.899160,35.000000,0.653153
0.031250,0.275554,2.282609,29.072756,1.935484,32.000000,0.695364
0.125000,0.044636,1.896104,29.660302,2.027875,42.000000,0.654709
0.047619,0.075912,4.500000,27.502989,2.199275,24.000000,0.818182
0.066667,0.731059,2.291667,28.515732,1.847619,21.000000,0.696203
0.066667,0.501860,2.312500,28.050769,1.714286,15.000000,0.698113
0.142857,0.217822,1.888889,28.316334,1.190476,7.000000,0.653846
0.142857,1.000000,3.529412,30.000000,1.748538,19.000000,0.779221
0.142857,1.000000,3.529412,30.000000,1.748538,19.000000,0.779221
0.083333,0.241059,1.871795,29.719976,2.027875,42.000000,0.651786
0.125000,1.000000,1.633333,29.859972,1.625000,16.000000,0.620253
0.083333,0.324918,2.085714,28.511638,1.903333,25.000000,0.675926
0.086957,0.315225,3.279070,30.000000,2.215385,65.000000,0.766304
0.166667,0.275440,2.384615,29.052920,1.921739,46.000000,0.704545
0.086957,0.315225,3.279070,30.000000,2.215385,65.000000,0.766304
0.062500,0.012146,2.833333,26.779772,2.131401,46.000000,0.739130
0.200000,0.239903,4.720930,28.424147,2.229210,54.000000,0.825203
0.142857,0.164384,1.625000,21.092337,1.380952,7.000000,0.619048
0.142857,0.012048,2.028169,28.853001,1.816288,33.000000,0.669767
0.142857,1.000000,1.571429,29.645477,1.476190,7.000000,0.611111
0.125000,0.014640,2.718750,29.851212,1.931217,28.000000,0.731092
0.111111,0.348028,1.132353,30.000000,2.063492,28.000000,0.531034
0.200000,0.358088,2.000000,13.748067,1.400000,5.000000,0.666667
0.166667,0.189906,1.200000,27.142868,1.871429,21.000000,0.545455
0.142857,1.000000,1.325581,27.983608,1.861905,21.000000,0.570000
0.142857,1.000000,3.200000,30.000000,1.238095,7.000000,0.761905
0.066667,0.790308,3.470588,30.000000,1.692308,26.000000,0.776316
0.083333,0.196361,3.625000,24.476105,1.590909,12.000000,0.783784
0.250000,1.000000,1.325581,27.983608,1.861905,21.000000,0.570000
0.071429,1.000000,1.325581,27.983608,1.861905,21.000000,0.570000
0.071429,0.389867,2.461538,29.565873,1.714286,14.000000,0.711111
0.100000,0.823584,1.933333,28.418435,1.908974,40.000000,0.659091
0.111111,0.774855,2.000000,29.219243,1.903659,41.000000,0.666667
0.066667,0.449879,6.555556,27.949286,1.712418,18.000000,0.867647
0.250000,0.214197,1.840000,27.483920,1.786765,17.000000,0.647887
0.066667,0.449879,6.555556,27.949286,1.712418,18.000000,0.867647
0.083333,0.795323,2.368421,29.317276,1.865657,45.000000,0.703125
0.083333,0.274208,3.875000,30.000000,1.530303,12.000000,0.794872
0.045455,0.146546,1.437500,22.829448,1.744589,22.000000,0.589744
0.166667,0.507393,1.777778,29.382787,1.810526,20.000000,0.640000
0.111111,0.106005,2.828767,29.802240,2.235568,86.000000,0.738819
0.035714,0.055121,1.684211,28.434788,1.878307,28.000000,0.627451
0.166667,0.421019,2.648649,26.835332,2.215909,33.000000,0.725926
0.111111,1.000000,2.285714,30.000000,1.669118,17.000000,0.695652
0.111111,0.098181,1.323529,30.000000,1.810458,18.000000,0.569620
0.111111,0.205819,1.888889,30.000000,1.527778,9.000000,0.653846
0.250000,0.175206,1.629630,29.538676,1.725000,16.000000,0.619718
0.111111,0.106005,2.828767,29.802240,2.235568,86.000000,0.738819
0.111111,0.020080,1.363636,23.427301,1.653846,13.000000,0.576923
0.035714,1.000000,1.647059,28.926169,1.830688,28.000000,0.622222
0.035714,0.666904,1.228571,29.422642,2.068966,30.000000,0.551282
0.045455,0.678972,1.211268,29.711848,2.068966,30.000000,0.547771
0.045455,0.462114,1.935484,28.218398,1.861472,22.000000,0.659341
0.037037,0.560927,2.968750,30.000000,1.846154,27.000000,0.748031
0.037037,0.732432,1.187500,29.346945,2.034188,27.000000,0.542857
0.066667,0.732432,1.187500,29.346945,2.034188,27.000000,0.542857
0.066667,0.666859,3.000000,28.888213,1.723810,15.000000,0.750000
0.125000,0.643203,1.302326,27.804848,1.991342,22.000000,0.565657
0.125000,0.661161,1.272727,29.810633,1.991342,22.000000,0.560000
0.125000,1.000000,4.666667,30.000000,1.535714,8.000000,0.823529
0.055556,0.732432,1.187500,29.346945,2.034188,27.000000,0.542857
0.055556,0.150859,1.756757,26.822708,1.861660,23.000000,0.637255
0.055556,0.069681,1.875000,26.535296,1.895425,18.000000,0.652174
0.055556,1.000000,2.490196,29.195042,1.751724,30.000000,0.713483
0.250000,0.583382,1.440000,30.000000,1.931159,24.000000,0.590164
0.055556,0.069681,1.875000,26.535296,1.895425,18.000000,0.652174
0.055556,1.000000,2.490196,29.195042,1.751724,30.000000,0.713483
0.090909,0.058915,3.123077,30.000000,2.233792,84.000000,0.757463
0.111111,0.067699,3.442623,30.000000,2.209644,54.000000,0.774908
0.111111,0.218000,3.442623,30.000000,2.209644,54.000000,0.774908
0.090909,0.058915,3.123077,30.000000,2.233792,84.000000,0.757463
0.125000,0.463700,2.125000,30.000000,1.392857,8.000000,0.680000
0.200000,0.038544,2.935065,28.303739,2.318477,95.000000,0.745875
0.200000,0.038544,2.935065,28.303739,2.318477,95.000000,0.745875
0.100000,1.000000,1.392157,29.872650,1.796537,22.000000,0.581967
0.125000,0.850650,1.818182,29.389096,1.816667,16.000000,0.645161
0.062500,1.000000,1.689655,27.566959,1.625000,16.000000,0.628205
0.062500,0.381496,1.756757,29.342214,1.980000,25.000000,0.637255
0.125000,0.135948,2.354839,24.666521,2.431217,28.000000,0.701923
0.125000,0.017446,2.935065,28.303739,2.318477,95.000000,0.745875
0.125000,0.017446,2.935065,28.303739,2.318477,95.000000,0.745875
0.200000,0.365355,3.705882,28.244479,1.981884,24.000000,0.787500
0.200000,1.000000,1.571429,29.522848,1.266667,6.000000,0.611111
0.090909,0.621519,1.564516,21.207512,1.992424,33.000000,0.610063
0.090909,0.568806,4.230769,28.681818,1.987013,22.000000,0.808824
0.142857,0.000000,4.250000,30.000000,1.190476,7.000000,0.809524
0.142857,0.000000,1.857143,27.984642,1.380952,7.000000,0.650000
0.142857,1.000000,3.000000,26.527006,1.571429,7.000000,0.750000
0.100000,0.004115,2.041667,26.334327,2.056277,22.000000,0.671233
0.100000,0.535642,3.125000,26.986727,1.444444,10.000000,0.757576
0.166667,1.000000,1.775510,29.034832,1.970899,28.000000,0.639706
0.166667,0.051248,1.947368,30.000000,1.685714,15.000000,0.660714
0.125000,0.787032,1.750000,27.555112,1.670330,14.000000,0.636364
0.071429,0.142734,3.076923,28.856437,1.648352,14.000000,0.754717
0.125000,0.109040,1.777778,22.500000,1.428571,8.000000,0.640000
0.125000,0.271844,3.294118,29.618233,1.669118,17.000000,0.767123
0.055556,0.000000,2.458333,30.000000,1.614379,18.000000,0.710843
0.055556,0.080831,1.253731,22.048354,1.980296,29.000000,0.556291
0.076923,0.158215,1.870000,29.098603,2.047347,50.000000,0.651568
0.076923,0.005014,3.250000,30.000000,1.807692,13.000000,0.764706
0.100000,0.697765,1.352941,30.000000,1.533333,10.000000,0.575000
0.100000,0.248377,1.869565,28.981566,2.016651,47.000000,0.651515
0.076923,0.005014,3.250000,30.000000,1.807692,13.000000,0.764706
0.076923,0.158215,1.870000,29.098603,2.047347,50.000000,0.651568
0.076923,0.005014,3.250000,30.000000,1.807692,13.000000,0.764706
0.076923,0.158215,1.870000,29.098603,2.047347,50.000000,0.651568
0.076923,0.158215,1.870000,29.098603,2.047347,50.000000,0.651568
0.076923,0.005014,3.250000,30.000000,1.807692,13.000000,0.764706
0.125000,1.000000,1.551724,30.000000,1.571429,15.000000,0.608108
0.250000,1.000000,2.000000,30.000000,1.490909,11.000000,0.666667
0.071429,0.183380,3.971429,26.918109,2.435354,45.000000,0.798851
0.071429,1.000000,3.000000,18.497876,2.208791,14.000000,0.750000
0.071429,0.183380,3.971429,26.918109,2.435354,45.000000,0.798851
0.071429,1.000000,3.000000,18.497876,2.208791,14.000000,0.750000
0.033333,1.000000,2.732143,21.761066,2.131401,46.000000,0.732057
0.033333,0.184635,2.925926,28.888434,2.039080,30.000000,0.745283
0.083333,1.000000,2.732143,21.761066,2.131401,46.000000,0.732057
0.083333,0.631594,1.600000,30.000000,1.424242,12.000000,0.615385
0.037037,1.000000,2.732143,21.761066,2.131401,46.000000,0.732057
0.037037,0.582554,1.500000,29.603334,1.925926,27.000000,0.600000
0.071429,1.000000,1.923077,25.455183,1.813187,14.000000,0.657895
0.071429,0.453541,1.962963,30.000000,1.914286,21.000000,0.662500
0.166667,0.321066,9.000000,26.869677,1.400000,6.000000,0.900000
0.142857,0.805792,1.926829,28.031977,2.051724,29.000000,0.658333
0.071429,0.611029,1.962963,30.000000,1.914286,21.000000,0.662500
0.071429,1.000000,1.923077,25.455183,1.813187,14.000000,0.657895
0.071429,1.000000,1.923077,25.455183,1.813187,14.000000,0.657895
0.100000,0.735383,1.482143,29.922514,1.917989,28.000000,0.597122
0.071429,1.000000,1.923077,25.455183,1.813187,14.000000,0.657895
0.071429,0.112833,1.962963,30.000000,1.914286,21.000000,0.662500
0.166667,1.000000,9.000000,30.000000,1.400000,6.000000,0.900000
0.166667,0.442811,2.600000,23.234168,1.428571,7.000000,0.722222
0.083333,0.224108,2.354839,24.666521,2.431217,28.000000,0.701923
0.083333,0.500593,1.928571,30.000000,1.679842,23.000000,0.658537
0.083333,0.467472,2.156250,30.000000,1.636842,20.000000,0.683168
0.222222,0.224108,2.354839,24.666521,2.431217,28.000000,0.701923
0.222222,0.306761,1.500000,28.821787,1.476190,7.000000,0.600000
0.037037,0.161468,2.354839,24.666521,2.431217,28.000000,0.701923
0.037037,0.265537,1.724138,29.097748,1.857752,38.000000,0.632911
0.111111,0.012336,2.393939,28.965517,2.423645,29.000000,0.705357
0.037037,0.224108,2.354839,24.666521,2.431217,28.000000,0.701923
0.037037,0.265537,1.724138,29.097748,1.857752,38.000000,0.632911
0.111111,0.232526,2.393939,28.965517,2.423645,29.000000,0.705357
0.100000,1.000000,2.571429,28.689360,1.600000,10.000000,0.720000
0.100000,1.000000,4.250000,30.000000,1.714286,14.000000,0.809524
0.200000,0.770492,2.250000,13.717237,1.100000,5.000000,0.692308
0.200000,1.000000,1.800000,10.062394,1.357143,8.000000,0.642857
0.250000,0.373002,2.451613,29.744801,1.869565,24.000000,0.710280
0.250000,0.373002,2.451613,29.744801,1.869565,24.000000,0.710280
0.142857,0.556908,1.333333,30.000000,1.690909,11.000000,0.571429
0.076923,0.000000,1.600000,24.528458,1.743590,13.000000,0.615385
0.142857,0.236597,3.462687,29.972776,1.933395,47.000000,0.775920
0.076923,0.223913,2.761905,29.486157,1.996377,24.000000,0.734177
0.083333,0.620553,2.500000,23.456985,1.636364,12.000000,0.714286
0.083333,1.000000,1.545455,28.800000,2.083333,25.000000,0.607143
0.125000,0.127045,1.833333,30.000000,1.607143,8.000000,0.647059
0.111111,0.999995,1.584906,30.000000,1.830688,28.000000,0.613139
0.111111,0.686416,2.761905,28.084394,1.913420,22.000000,0.734177
0.083333,0.620553,2.500000,23.456985,1.636364,12.000000,0.714286
0.083333,0.523410,1.545455,28.800000,2.083333,25.000000,0.607143
0.058824,1.000000,2.470588,30.000000,1.742647,17.000000,0.711864
0.058824,0.413900,2.517241,27.632088,2.005291,28.000000,0.715686
0.076923,0.413900,2.517241,27.632088,2.005291,28.000000,0.715686
0.076923,0.181963,1.809524,29.784484,1.538462,13.000000,0.644068
0.200000,0.344334,2.000000,20.387523,1.400000,5.000000,0.666667
0.111111,0.093421,1.906250,30.000000,2.028986,24.000000,0.655914
0.250000,1.000000,2.291667,28.447530,1.947619,21.000000,0.696203
0.250000,0.775441,6.000000,30.000000,1.000000,4.000000,0.857143
0.125000,1.000000,1.720000,29.040229,1.741667,16.000000,0.632353
0.250000,0.901158,3.736842,29.942192,2.016667,25.000000,0.788889
0.250000,1.000000,2.291667,28.447530,1.947619,21.000000,0.696203
0.250000,0.775441,6.000000,30.000000,1.000000,4.000000,0.857143
0.111111,0.017390,1.473684,29.810329,1.938424,29.000000,0.595745
0.066667,1.000000,3.272727,27.389314,1.742857,15.000000,0.765957
0.066667,1.000000,1.720000,28.045355,1.741667,16.000000,0.632353
0.047619,0.386589,2.212766,29.407041,1.814815,27.000000,0.688742
0.142857,0.000000,1.409091,30.000000,1.766667,21.000000,0.584906
0.200000,0.536614,1.545455,28.800000,2.083333,25.000000,0.607143
0.200000,0.648457,2.039216,30.000000,1.809524,28.000000,0.670968
0.200000,1.000000,2.307692,29.739215,1.355556,10.000000,0.697674
0.200000,0.383837,1.650000,28.386860,2.072464,24.000000,0.622642
0.125000,1.000000,1.636364,26.475854,1.357143,8.000000,0.620690
0.125000,0.023638,3.219512,29.662651,2.241552,83.000000,0.763006
0.125000,1.000000,1.636364,26.475854,1.357143,8.000000,0.620690
0.125000,0.023638,3.219512,29.662651,2.241552,83.000000,0.763006
0.083333,0.820682,1.300000,26.361604,1.681818,12.000000,0.565217
0.083333,0.373715,3.682540,28.886642,1.933395,47.000000,0.786441
0.071429,1.000000,2.156250,26.198106,2.132245,50.000000,0.683168
0.071429,0.045838,1.944444,28.992321,1.703297,14.000000,0.660377
0.023256,0.019200,3.916667,29.166981,2.304540,43.000000,0.796610
0.023256,1.000000,2.156250,26.198106,2.132245,50.000000,0.683168
0.166667,1.000000,2.156250,26.198106,2.132245,50.000000,0.683168
0.035714,0.780717,2.656250,30.000000,1.923280,28.000000,0.726496
0.023256,1.000000,2.156250,26.198106,2.132245,50.000000,0.683168
0.023256,0.019200,3.916667,29.166981,2.304540,43.000000,0.796610
0.166667,1.000000,2.400000,30.000000,1.200000,6.000000,0.705882
0.100000,0.004115,1.777778,24.000000,1.733333,10.000000,0.640000
0.100000,1.000000,2.123077,28.428854,2.132245,50.000000,0.679803
0.032258,1.000000,1.933333,28.978244,1.858537,41.000000,0.659091
0.032258,0.030669,2.818182,27.724074,2.406452,31.000000,0.738095
0.032258,0.078182,2.735294,27.998714,2.406452,31.000000,0.732283
0.032258,1.000000,2.156250,26.198106,2.132245,50.000000,0.683168
0.066667,1.000000,3.888889,30.000000,1.723810,15.000000,0.795455
0.066667,1.000000,2.156250,26.198106,2.132245,50.000000,0.683168
0.032258,0.792630,2.735294,27.998714,2.406452,31.000000,0.732283
0.032258,1.000000,2.156250,26.198106,2.132245,50.000000,0.683168
0.020000,0.142670,3.116438,29.391770,2.342784,97.000000,0.757072
0.020000,1.000000,2.156250,26.198106,2.132245,50.000000,0.683168
0.035714,0.462595,1.647059,28.926169,1.830688,28.000000,0.622222
0.035714,0.127547,2.942857,29.797291,1.835979,28.000000,0.746377
0.142857,1.000000,1.607143,24.854781,1.848739,35.000000,0.616438
0.020000,1.000000,2.156250,26.198106,2.132245,50.000000,0.683168
0.020000,0.142670,3.116438,29.391770,2.342784,97.000000,0.757072
0.020000,0.142670,3.116438,29.391770,2.342784,97.000000,0.757072
0.020000,1.000000,2.156250,26.198106,2.132245,50.000000,0.683168
0.100000,0.004115,1.777778,24.000000,1.733333,10.000000,0.640000
0.100000,1.000000,2.123077,28.428854,2.132245,50.000000,0.679803
0.076923,1.000000,5.263158,29.630305,2.514170,39.000000,0.840336
0.035714,0.780717,2.656250,30.000000,1.923280,28.000000,0.726496
0.032258,0.929897,2.818182,27.724074,2.406452,31.000000,0.738095
0.032258,1.000000,1.933333,28.978244,1.858537,41.000000,0.659091
0.032258,1.000000,1.933333,28.978244,1.858537,41.000000,0.659091
0.032258,0.117648,2.818182,27.724074,2.406452,31.000000,0.738095
0.020000,1.000000,2.156250,26.198106,2.132245,50.000000,0.683168
0.020000,0.142670,3.116438,29.391770,2.342784,97.000000,0.757072
0.066667,1.000000,2.156250,26.198106,2.132245,50.000000,0.683168
0.066667,1.000000,3.888889,30.000000,1.723810,15.000000,0.795455
0.076923,1.000000,5.263158,29.630305,2.514170,39.000000,0.840336
0.032258,1.000000,2.156250,26.198106,2.132245,50.000000,0.683168
0.032258,0.003256,2.735294,27.998714,2.406452,31.000000,0.732283
0.250000,0.557681,9.000000,29.689104,1.400000,6.000000,0.900000
0.142857,0.381132,6.000000,30.000000,1.428571,7.000000,0.857143
0.066667,0.752918,1.564516,21.207512,1.992424,33.000000,0.610063
0.066667,0.793811,3.416667,30.000000,1.714286,15.000000,0.773585
0.125000,0.886427,1.533333,27.195130,1.361111,9.000000,0.605263
0.125000,0.665813,1.521127,26.146870,1.998413,36.000000,0.603352
0.066667,0.752918,1.564516,21.207512,1.992424,33.000000,0.610063
0.066667,0.793811,3.416667,30.000000,1.714286,15.000000,0.773585
0.076923,0.120963,1.980769,28.737072,2.114286,35.000000,0.664516
0.111111,0.534195,2.972028,29.756242,2.233895,87.000000,0.748239
0.250000,0.284388,3.288136,29.642937,2.249021,82.000000,0.766798
0.055556,0.802984,2.666667,30.000000,1.725490,18.000000,0.727273
0.055556,0.347518,3.311927,29.754135,2.235789,76.000000,0.768085
0.250000,0.515001,3.378049,29.538462,2.241346,65.000000,0.771588
0.037037,1.000000,2.900000,24.321745,2.253394,52.000000,0.743590
0.037037,0.241147,1.583333,29.358640,1.871795,27.000000,0.612903
0.034483,0.164019,1.423729,30.000000,1.938424,29.000000,0.587413
0.034483,1.000000,2.900000,24.321745,2.253394,52.000000,0.743590
0.062500,0.644968,2.809524,29.894885,2.235568,86.000000,0.737500
0.062500,0.134756,1.730769,25.772048,1.750000,16.000000,0.633803
0.062500,0.644968,2.809524,29.894885,2.235568,86.000000,0.737500
0.062500,0.134756,1.730769,25.772048,1.750000,16.000000,0.633803
0.055556,0.767350,2.886525,30.000000,2.236134,85.000000,0.742701
0.250000,0.515001,3.378049,29.538462,2.241346,65.000000,0.771588
0.055556,0.473335,3.382022,30.000000,2.170163,66.000000,0.771795
0.250000,0.284388,3.288136,29.642937,2.249021,82.000000,0.766798
0.055556,0.802984,2.666667,30.000000,1.725490,18.000000,0.727273
0.055556,0.347518,3.311927,29.754135,2.235789,76.000000,0.768085
0.055556,0.347518,3.311927,29.754135,2.235789,76.000000,0.768085
0.055556,0.802984,2.666667,30.000000,1.725490,18.000000,0.727273
0.055556,0.767350,2.886525,30.000000,2.236134,85.000000,0.742701
0.055556,0.802984,2.666667,30.000000,1.725490,18.000000,0.727273
0.055556,0.347518,3.311927,29.754135,2.235789,76.000000,0.768085
0.111111,0.534195,2.972028,29.756242,2.233895,87.000000,0.748239
0.055556,0.473335,3.382022,30.000000,2.170163,66.000000,0.771795
0.043478,0.124708,1.450980,26.975259,1.747036,23.000000,0.592000
0.034483,0.344214,1.590164,29.136383,1.921182,29.000000,0.613924
0.034483,0.004484,1.583333,25.919059,2.039409,29.000000,0.612903
0.058824,0.004082,2.500000,30.000000,1.816176,17.000000,0.714286
0.027778,0.694355,2.613636,24.263956,2.150794,36.000000,0.723270
0.166667,0.291512,4.909091,26.856561,1.591667,16.000000,0.830769
0.166667,0.291512,4.909091,26.856561,1.591667,16.000000,0.830769
0.045455,0.032632,2.093750,26.317610,1.865801,22.000000,0.676768
0.055556,1.000000,2.459459,29.665950,1.871921,29.000000,0.710938
0.055556,0.113510,2.562500,25.987452,1.928105,18.000000,0.719298
0.142857,0.035714,2.400000,28.773469,1.476190,7.000000,0.705882
0.090909,0.508194,1.631579,30.000000,1.490909,11.000000,0.620000
0.090909,0.696831,2.133333,29.923266,1.615385,13.000000,0.680851
0.083333,0.734166,2.400000,28.902883,1.626374,14.000000,0.705882
0.083333,0.537832,1.545455,28.800000,2.083333,25.000000,0.607143
0.090909,0.652702,2.133333,30.000000,1.615385,13.000000,0.680851
0.090909,1.000000,1.650000,28.386860,2.072464,24.000000,0.622642
0.250000,0.529229,2.500000,25.714286,1.571429,7.000000,0.714286
0.125000,1.000000,4.666667,30.000000,1.535714,8.000000,0.823529
0.125000,0.696865,1.750000,22.298129,1.416667,9.000000,0.636364
0.052632,0.777342,2.382353,29.692415,1.747619,21.000000,0.704348
0.052632,1.000000,1.600000,26.822095,1.672515,19.000000,0.615385
0.076923,1.000000,1.600000,26.822095,1.672515,19.000000,0.615385
0.076923,0.630280,1.363636,29.935790,1.653846,13.000000,0.576923
0.090909,0.148969,3.968750,28.089044,1.930159,36.000000,0.798742
0.028571,0.016667,2.625000,30.000000,2.240336,35.000000,0.724138
0.028571,0.148969,3.968750,28.089044,1.930159,36.000000,0.798742
0.100000,0.332160,2.222222,25.675582,1.822222,10.000000,0.689655
0.034483,0.002715,1.492308,30.000000,1.921182,29.000000,0.598765
0.028571,0.016667,2.625000,30.000000,2.240336,35.000000,0.724138
0.028571,0.148969,3.968750,28.089044,1.930159,36.000000,0.798742
0.052632,1.000000,1.600000,26.822095,1.672515,19.000000,0.615385
0.052632,0.467886,2.636364,30.000000,1.931217,28.000000,0.725000
0.100000,0.012552,1.545455,30.000000,1.244444,10.000000,0.607143
0.033333,0.012552,2.846154,29.298227,1.866667,30.000000,0.740000
0.200000,1.000000,1.833333,15.000000,1.266667,6.000000,0.647059
0.200000,1.000000,1.833333,15.000000,1.266667,6.000000,0.647059
0.111111,0.710093,1.200000,30.000000,1.555556,9.000000,0.545455
0.200000,0.655763,1.437500,28.440242,1.555556,10.000000,0.589744
0.200000,0.978547,2.818182,27.724074,2.406452,31.000000,0.738095
0.200000,0.655763,1.437500,28.440242,1.555556,10.000000,0.589744
0.200000,0.720523,2.818182,27.724074,2.406452,31.000000,0.738095
0.200000,0.655763,1.437500,28.348967,1.555556,10.000000,0.589744
0.111111,0.978547,2.818182,27.724074,2.406452,31.000000,0.738095
0.111111,0.720523,2.818182,27.724074,2.406452,31.000000,0.738095
0.125000,1.000000,2.000000,30.000000,1.500000,8.000000,0.666667
0.125000,1.000000,3.666667,29.652828,1.833333,12.000000,0.785714
0.166667,0.244747,1.858824,29.771160,2.041414,45.000000,0.650206
0.200000,1.000000,1.875000,30.000000,1.464286,8.000000,0.652174
0.043478,0.125184,1.423077,27.478752,1.747036,23.000000,0.587302
0.043478,0.065927,1.975000,27.100706,2.041414,45.000000,0.663866
0.142857,0.342114,5.600000,25.327040,1.897436,13.000000,0.848485
0.142857,0.535404,2.108108,29.442217,1.852308,26.000000,0.678261
0.027027,0.438358,2.408163,29.584875,2.168168,37.000000,0.706587
0.027027,0.065927,1.975000,27.100706,2.041414,45.000000,0.663866
0.050000,0.395406,1.435897,25.327755,1.831579,20.000000,0.589474
0.050000,1.000000,2.090909,28.049218,1.701299,22.000000,0.676471
0.166667,1.000000,2.115385,23.202965,2.055336,23.000000,0.679012
0.071429,0.493081,3.076923,28.658433,1.648352,14.000000,0.754717
0.071429,1.000000,2.297297,27.726031,1.716667,25.000000,0.696721
0.041667,1.000000,2.896552,30.000000,1.695652,24.000000,0.743363
0.041667,0.797785,2.613636,24.263956,2.150794,36.000000,0.723270
0.076923,0.877380,1.714286,21.196604,1.743590,13.000000,0.631579
0.076923,0.877380,1.714286,21.196604,1.743590,13.000000,0.631579
0.166667,0.797603,2.600000,30.000000,1.133333,6.000000,0.722222
0.166667,0.877380,1.714286,21.196604,1.743590,13.000000,0.631579
0.076923,1.000000,3.000000,29.462448,1.423077,13.000000,0.750000
0.076923,1.000000,1.538462,23.364948,1.607843,18.000000,0.606061
0.166667,0.828273,1.545455,23.668202,1.615385,13.000000,0.607143
0.076923,0.349757,1.684211,30.000000,1.641026,13.000000,0.627451
0.076923,1.000000,3.081081,27.301057,1.892045,33.000000,0.754967
0.090909,0.111111,1.538462,10.361386,1.636364,11.000000,0.606061
0.125000,0.005593,3.315789,29.706176,1.944444,36.000000,0.768293
0.142857,0.437698,2.205128,30.000000,1.940171,27.000000,0.688000
0.090909,0.203929,2.470588,29.381453,1.560440,14.000000,0.711864
0.111111,1.000000,1.900000,30.000000,1.527778,9.000000,0.655172
0.062500,1.000000,3.000000,30.000000,1.856667,25.000000,0.750000
0.111111,1.000000,2.500000,28.363817,1.444444,9.000000,0.714286
0.083333,0.566049,2.818182,27.724074,2.406452,31.000000,0.738095
0.083333,1.000000,3.153846,30.000000,1.378788,12.000000,0.759259
0.083333,0.652394,2.818182,27.724074,2.406452,31.000000,0.738095
0.083333,1.000000,3.153846,30.000000,1.378788,12.000000,0.759259
0.111111,1.000000,2.000000,29.991951,1.865942,24.000000,0.666667
0.052632,0.008547,2.179104,27.741826,2.125189,52.000000,0.685446
0.052632,0.481395,1.307692,30.000000,1.859649,19.000000,0.566667
0.052632,0.481395,1.307692,30.000000,1.859649,19.000000,0.566667
0.052632,0.008547,2.179104,27.741826,2.125189,52.000000,0.685446
0.041667,0.114782,1.829268,29.318964,1.905797,24.000000,0.646552
0.041667,1.000000,1.863636,26.027678,1.865942,24.000000,0.650794
0.052632,0.480393,2.564103,29.603388,2.452652,33.000000,0.719424
0.083333,1.000000,3.153846,30.000000,1.378788,12.000000,0.759259
0.052632,0.634418,2.564103,29.603388,2.452652,33.000000,0.719424
0.052632,0.008547,2.179104,27.741826,2.125189,52.000000,0.685446
0.052632,0.432252,1.307692,30.000000,1.859649,19.000000,0.566667
0.052632,0.432252,1.307692,30.000000,1.859649,19.000000,0.566667
0.052632,0.008547,2.179104,27.741826,2.125189,52.000000,0.685446
0.052632,0.481395,1.307692,30.000000,1.859649,19.000000,0.566667
0.052632,0.008547,2.179104,27.741826,2.125189,52.000000,0.685446
0.052632,0.667606,2.564103,29.603388,2.452652,33.000000,0.719424
0.052632,0.008547,2.179104,27.741826,2.125189,52.000000,0.685446
0.052632,0.481395,1.307692,30.000000,1.859649,19.000000,0.566667
0.142857,0.981253,2.333333,27.316866,1.333333,7.000000,0.700000
0.142857,0.197327,2.785714,29.090829,1.937611,34.000000,0.735849
0.041667,0.306540,1.835616,29.293079,2.034615,40.000000,0.647343
0.142857,0.979398,1.714286,30.000000,1.476190,7.000000,0.631579
0.045455,1.000000,2.698795,29.493295,1.872093,44.000000,0.729642
0.045455,1.000000,2.698795,29.493295,1.872093,44.000000,0.729642
0.083333,1.000000,2.636364,30.000000,1.590909,12.000000,0.725000
0.062500,0.117791,3.513514,29.302860,1.714286,28.000000,0.778443
0.066667,0.265541,1.909091,30.000000,1.685714,15.000000,0.656250
0.066667,0.265541,1.909091,30.000000,1.685714,15.000000,0.656250
0.125000,0.617738,1.761905,30.000000,1.685714,15.000000,0.637931
0.250000,0.008785,1.750000,29.317552,1.791667,16.000000,0.636364
0.083333,1.000000,2.000000,30.000000,1.636364,12.000000,0.666667
0.083333,0.864887,1.794872,28.750000,1.956522,24.000000,0.642202
0.083333,1.000000,2.000000,30.000000,1.636364,12.000000,0.666667
0.083333,0.864887,1.794872,28.750000,1.956522,24.000000,0.642202
0.083333,1.000000,2.000000,30.000000,1.636364,12.000000,0.666667
0.083333,1.000000,1.794872,28.750000,1.956522,24.000000,0.642202
0.083333,1.000000,2.000000,30.000000,1.636364,12.000000,0.666667
0.125000,0.037975,2.750000,27.323222,1.685714,15.000000,0.733333
0.166667,0.712039,1.421053,29.658249,1.820513,13.000000,0.586957
0.200000,1.000000,3.411765,30.000000,1.945076,33.000000,0.773333
0.041667,0.310412,1.327586,28.750000,1.746377,24.000000,0.570370
0.041667,1.000000,3.322581,28.515265,1.889163,29.000000,0.768657
0.200000,1.000000,3.411765,30.000000,1.945076,33.000000,0.773333
0.041667,0.310412,1.327586,28.750000,1.746377,24.000000,0.570370
0.041667,1.000000,3.322581,28.515265,1.889163,29.000000,0.768657
0.041667,0.310412,1.327586,28.750000,1.746377,24.000000,0.570370
0.041667,1.000000,3.322581,28.515265,1.889163,29.000000,0.768657
0.041667,0.310412,1.327586,28.750000,1.746377,24.000000,0.570370
0.041667,1.000000,3.322581,28.515265,1.889163,29.000000,0.768657
0.045455,1.000000,2.920000,29.212590,1.792208,22.000000,0.744898
0.045455,1.000000,1.339623,30.000000,1.796537,22.000000,0.572581
0.045455,1.000000,2.920000,29.212590,1.792208,22.000000,0.744898
0.045455,1.000000,1.339623,30.000000,1.796537,22.000000,0.572581
0.090909,0.914229,1.586207,29.232018,1.757895,20.000000,0.613333
0.055556,0.027483,1.662162,28.621101,2.067949,40.000000,0.624365
0.055556,0.176237,1.662162,28.621101,2.067949,40.000000,0.624365
0.090909,1.000000,1.916667,22.330661,1.690909,11.000000,0.657143
0.071429,0.273696,2.411765,30.000000,1.888889,27.000000,0.706897
0.062500,0.387236,2.000000,29.829550,2.053763,31.000000,0.666667
0.062500,1.000000,1.869565,29.657287,1.691667,16.000000,0.651515
0.090909,0.027042,1.775000,24.640057,2.051282,27.000000,0.639640
0.090909,1.000000,2.000000,29.073432,1.472727,11.000000,0.666667
0.076923,0.204565,1.555556,27.127191,1.705128,13.000000,0.608696
0.076923,0.019115,1.965517,29.650166,1.890476,21.000000,0.662791
0.076923,0.392085,1.529412,22.199386,1.666667,13.000000,0.604651
0.076923,0.668717,2.072727,29.178178,2.106607,37.000000,0.674556
0.166667,0.653458,2.473684,28.573581,2.457661,32.000000,0.712121
0.166667,0.936537,2.473684,28.573581,2.457661,32.000000,0.712121
0.166667,0.544495,2.473684,28.573581,2.457661,32.000000,0.712121
0.058824,0.446823,1.513514,28.421053,1.771930,19.000000,0.602151
0.058824,0.008772,1.833333,26.893052,1.595588,17.000000,0.647059
0.058824,0.008772,1.833333,26.893052,1.595588,17.000000,0.647059
0.058824,0.446823,1.513514,28.421053,1.771930,19.000000,0.602151
0.052632,0.446823,1.513514,28.421053,1.771930,19.000000,0.602151
0.052632,0.008772,1.986301,30.000000,2.034510,51.000000,0.665138
0.052632,0.446823,1.513514,28.421053,1.771930,19.000000,0.602151
0.052632,0.008772,1.986301,30.000000,2.034510,51.000000,0.665138
0.052632,0.446823,1.513514,28.421053,1.771930,19.000000,0.602151
0.052632,0.008403,1.986301,30.000000,2.034510,51.000000,0.665138
0.066667,0.004691,2.179104,27.741826,2.125189,52.000000,0.685446
0.058824,0.460341,1.513514,28.421053,1.771930,19.000000,0.602151
0.058824,0.008772,1.833333,26.893052,1.595588,17.000000,0.647059
0.052632,0.446823,1.513514,28.421053,1.771930,19.000000,0.602151
0.052632,0.008403,1.986301,30.000000,2.034510,51.000000,0.665138
0.052632,0.460341,1.513514,28.421053,1.771930,19.000000,0.602151
0.052632,0.008772,1.986301,30.000000,2.034510,51.000000,0.665138
0.066667,0.101597,2.179104,27.741826,2.125189,52.000000,0.685446
0.052632,0.460341,1.513514,28.421053,1.771930,19.000000,0.602151
0.052632,0.008772,1.986301,30.000000,2.034510,51.000000,0.665138
0.052632,0.446823,1.513514,28.421053,1.771930,19.000000,0.602151
0.052632,0.008772,1.986301,30.000000,2.034510,51.000000,0.665138
0.052632,0.460341,1.513514,28.421053,1.771930,19.000000,0.602151
0.052632,0.008403,1.986301,30.000000,2.034510,51.000000,0.665138
0.066667,0.004691,2.179104,27.741826,2.125189,52.000000,0.685446
0.066667,0.101597,2.179104,27.741826,2.125189,52.000000,0.685446
0.052632,0.008772,1.986301,30.000000,2.034510,51.000000,0.665138
0.052632,0.446823,1.513514,28.421053,1.771930,19.000000,0.602151
0.142857,0.857998,2.391304,27.926624,1.862680,43.000000,0.705128
0.142857,0.857998,2.391304,27.926624,1.862680,43.000000,0.705128
0.076923,0.100054,2.750000,28.968865,1.897436,13.000000,0.733333
0.076923,1.000000,1.850000,16.601537,1.761905,15.000000,0.649123
0.200000,1.000000,1.526316,29.751992,1.620915,18.000000,0.604167
0.090909,1.000000,1.500000,29.539844,1.820513,13.000000,0.600000
0.052632,0.657750,2.421053,24.802664,2.292398,19.000000,0.707692
0.052632,0.072840,4.807692,29.277929,1.915873,36.000000,0.827815
0.055556,0.140516,2.840000,27.962075,1.781538,26.000000,0.739583
0.058824,0.087738,1.960000,29.835194,1.639706,17.000000,0.662162
0.250000,0.388718,7.800000,28.190006,1.861538,26.000000,0.886364
0.125000,0.037433,2.166667,29.081685,1.535714,8.000000,0.684211
0.125000,0.072041,1.553846,28.625066,1.872984,32.000000,0.608434
0.034483,0.553657,1.491803,28.761207,1.825123,29.000000,0.598684
0.034483,0.494862,2.846154,29.324105,1.866667,30.000000,0.740000
0.090909,0.658803,2.081081,30.000000,1.822989,30.000000,0.675439
0.166667,1.000000,1.527273,30.000000,1.830688,28.000000,0.604317
0.166667,0.418006,3.125000,29.594583,1.461538,14.000000,0.757576
0.100000,0.670234,1.545455,23.668202,1.615385,13.000000,0.607143
0.100000,0.296754,1.680000,29.638405,1.743333,25.000000,0.626866
0.100000,0.670234,1.545455,23.668202,1.615385,13.000000,0.607143
0.100000,0.296754,1.680000,29.638405,1.743333,25.000000,0.626866
0.100000,0.670234,1.545455,23.668202,1.615385,13.000000,0.607143
0.250000,1.000000,1.909091,30.000000,1.826316,20.000000,0.656250
0.250000,1.000000,6.000000,30.000000,1.000000,4.000000,0.857143
0.250000,1.000000,6.000000,30.000000,1.000000,4.000000,0.857143
0.250000,1.000000,1.909091,30.000000,1.826316,20.000000,0.656250
0.023256,0.286122,3.810811,30.000000,2.304540,43.000000,0.792135
0.023256,0.020840,3.439024,30.000000,2.304540,43.000000,0.774725
0.023256,0.146027,2.179104,27.741826,2.125189,52.000000,0.685446
0.023256,0.020840,3.439024,30.000000,2.304540,43.000000,0.774725
0.023256,0.056522,2.179104,27.741826,2.125189,52.000000,0.685446
0.023256,0.146027,2.179104,27.741826,2.125189,52.000000,0.685446
0.023256,0.020840,3.439024,30.000000,2.304540,43.000000,0.774725
0.125000,0.612707,2.741935,30.000000,1.923280,28.000000,0.732759
0.125000,0.612707,2.741935,30.000000,1.923280,28.000000,0.732759
0.023256,0.020840,3.439024,30.000000,2.304540,43.000000,0.774725
0.023256,0.056522,2.179104,27.741826,2.125189,52.000000,0.685446
0.023256,0.286122,3.810811,30.000000,2.304540,43.000000,0.792135
0.062500,0.150607,2.214286,25.733616,1.841667,16.000000,0.688889
0.062500,0.189112,3.764706,29.456775,2.261538,40.000000,0.790123
0.062500,0.150607,2.214286,25.733616,1.841667,16.000000,0.688889
0.062500,0.189112,3.764706,29.456775,2.261538,40.000000,0.790123
0.045455,0.410488,2.578947,28.830451,2.215909,33.000000,0.720588
0.045455,0.733853,2.900000,27.866854,1.913420,22.000000,0.743590
0.045455,0.733853,2.900000,27.866854,1.913420,22.000000,0.743590
0.045455,0.789431,2.578947,28.830451,2.215909,33.000000,0.720588
0.200000,0.048271,3.470588,28.830323,1.900000,21.000000,0.776316
0.125000,0.004444,3.000000,27.915399,1.500000,8.000000,0.750000
0.200000,0.678863,4.500000,28.062512,1.100000,5.000000,0.818182
0.200000,0.527346,2.333333,19.281871,1.808333,16.000000,0.700000
0.166667,0.112043,5.666667,29.593361,1.735294,17.000000,0.850000
0.045455,0.022882,4.562500,30.000000,1.792208,22.000000,0.820225
0.045455,0.638460,2.034483,30.000000,2.033333,25.000000,0.670455
0.045455,0.638460,2.034483,30.000000,2.033333,25.000000,0.670455
0.045455,0.022882,4.562500,30.000000,1.792208,22.000000,0.820225
0.100000,0.472913,3.850000,28.769347,1.705628,22.000000,0.793814
0.100000,1.000000,1.636364,20.719930,1.600000,10.000000,0.620690
0.100000,0.390475,1.375000,30.000000,1.758170,18.000000,0.578947
0.100000,1.000000,1.636364,20.719930,1.600000,10.000000,0.620690
0.166667,1.000000,2.200000,30.000000,1.266667,6.000000,0.687500
0.166667,1.000000,2.200000,30.000000,1.266667,6.000000,0.687500
0.166667,0.037304,1.521739,28.684176,1.800000,16.000000,0.603448
0.200000,0.174608,1.700000,30.000000,1.392857,8.000000,0.629630
0.200000,1.000000,2.777778,28.260142,1.654545,11.000000,0.735294
0.083333,1.000000,2.000000,29.501505,1.636364,12.000000,0.666667
0.100000,0.354085,4.625000,29.232618,1.804348,24.000000,0.822222
0.125000,0.681819,1.714286,28.125000,1.858333,16.000000,0.631579
0.166667,1.000000,2.250000,25.222895,1.555556,9.000000,0.692308
0.200000,0.520611,1.666667,30.000000,1.730769,13.000000,0.625000
0.055556,0.000234,1.328571,23.825972,1.960920,30.000000,0.570552
0.055556,1.000000,2.360000,30.000000,1.614379,18.000000,0.702381
0.032258,0.022853,1.356164,28.957427,1.965591,31.000000,0.575581
0.032258,0.620406,1.779070,28.500230,2.018583,42.000000,0.640167
0.047619,0.417586,1.302632,29.763016,1.965591,31.000000,0.565714
0.047619,0.419715,1.774194,28.036142,1.871429,21.000000,0.639535
0.032258,0.022853,1.356164,28.957427,1.965591,31.000000,0.575581
0.142857,0.644615,1.875000,29.162087,1.722222,9.000000,0.652174
0.090909,0.582054,1.875000,28.963431,1.989474,20.000000,0.652174
0.045455,0.091534,1.437500,22.079271,1.744589,22.000000,0.589744
0.045455,0.028697,2.900000,27.970522,1.996377,24.000000,0.743590
0.100000,0.105855,2.526316,25.856459,1.666667,16.000000,0.716418
0.028571,0.081353,3.980000,28.189910,2.054106,46.000000,0.799197
0.028571,1.000000,2.625000,30.000000,2.240336,35.000000,0.724138
0.028571,0.081353,3.980000,28.189910,2.054106,46.000000,0.799197
0.028571,1.000000,2.625000,30.000000,2.240336,35.000000,0.724138
0.028571,0.081353,3.980000,28.189910,2.054106,46.000000,0.799197
0.028571,1.000000,2.625000,30.000000,2.240336,35.000000,0.724138
0.028571,0.081353,3.980000,28.189910,2.054106,46.000000,0.799197
0.028571,1.000000,2.625000,30.000000,2.240336,35.000000,0.724138
0.076923,0.020836,1.973333,29.870591,1.825210,35.000000,0.663677
0.166667,1.000000,2.000000,30.000000,1.200000,6.000000,0.666667
0.055556,0.769083,1.647059,30.000000,1.686275,18.000000,0.622222
0.055556,0.000000,2.194444,30.000000,1.981481,28.000000,0.686957
0.055556,0.861480,1.647059,25.659438,1.686275,18.000000,0.622222
0.055556,1.000000,2.363636,29.930912,1.945869,27.000000,0.702703
0.250000,1.000000,1.714286,30.000000,1.476190,7.000000,0.631579
0.250000,1.000000,1.714286,30.000000,1.476190,7.000000,0.631579
0.062500,0.001104,4.652174,28.460411,1.920455,33.000000,0.823077
0.062500,0.046818,3.980000,28.189910,2.054106,46.000000,0.799197
0.058824,1.000000,1.583333,23.045908,1.897059,17.000000,0.612903
0.058824,0.014520,1.666667,30.000000,1.696970,22.000000,0.625000
0.062500,0.046818,3.980000,28.189910,2.054106,46.000000,0.799197
0.071429,0.018018,2.222222,30.000000,1.648352,14.000000,0.689655
0.071429,0.456595,2.866667,30.000000,2.286765,17.000000,0.741379
0.250000,1.000000,2.156250,28.215103,1.770751,23.000000,0.683168
0.250000,0.187903,6.000000,24.930786,1.000000,4.000000,0.857143
0.071429,0.456595,2.866667,30.000000,2.286765,17.000000,0.741379
0.071429,0.018018,2.222222,30.000000,1.648352,14.000000,0.689655
0.071429,0.018018,2.222222,30.000000,1.648352,14.000000,0.689655
0.071429,0.324348,2.866667,30.000000,2.286765,17.000000,0.741379
0.090909,0.555304,1.785714,19.601364,1.545455,11.000000,0.641026
0.090909,0.830152,1.500000,16.365683,1.727273,11.000000,0.600000
0.090909,0.910923,4.266667,17.288471,2.082251,22.000000,0.810127
0.090909,0.034549,2.724138,28.721799,1.858696,24.000000,0.731481
0.058824,0.422395,2.866667,28.235294,2.286765,17.000000,0.741379
0.062500,0.422395,2.866667,28.235294,2.286765,17.000000,0.741379
0.062500,1.000000,1.653846,30.000000,1.691667,16.000000,0.623188
0.111111,1.000000,1.959184,25.867762,2.002299,30.000000,0.662069
0.071429,0.018018,2.222222,30.000000,1.648352,14.000000,0.689655
0.071429,0.324348,2.866667,30.000000,2.286765,17.000000,0.741379
0.090909,0.830152,1.500000,16.365683,1.727273,11.000000,0.600000
0.142857,1.000000,1.959184,25.867762,2.002299,30.000000,0.662069
0.142857,0.089672,1.521739,28.684176,1.800000,16.000000,0.603448
0.250000,1.000000,1.986301,30.000000,2.034510,51.000000,0.665138
0.250000,0.401136,1.986301,30.000000,2.034510,51.000000,0.665138
0.250000,0.670876,1.986301,30.000000,2.034510,51.000000,0.665138
0.100000,0.094077,1.704545,24.188895,1.642857,21.000000,0.630252
0.100000,0.619874,2.428571,21.708573,1.711111,10.000000,0.708333
0.111111,1.000000,1.422222,29.205866,1.866667,21.000000,0.587156
0.100000,0.619874,2.428571,21.708573,1.711111,10.000000,0.708333
0.100000,0.094077,1.704545,24.188895,1.642857,21.000000,0.630252
0.125000,0.800574,1.900000,26.008872,1.714286,15.000000,0.655172
0.125000,1.000000,3.750000,30.000000,1.464286,8.000000,0.789474
0.076923,0.075130,3.000000,29.510232,1.742857,15.000000,0.750000
0.076923,1.000000,1.666667,30.000000,1.551282,13.000000,0.625000
0.090909,1.000000,2.533333,29.501391,1.800000,16.000000,0.716981
0.066667,0.075130,3.000000,29.510232,1.742857,15.000000,0.750000
0.066667,0.888145,2.187500,26.297459,2.034188,27.000000,0.686275
0.100000,0.040404,2.171429,29.901381,1.761905,22.000000,0.684685
0.071429,0.300727,2.037037,29.986202,1.395604,14.000000,0.670732
0.071429,0.815965,1.469697,27.931034,1.839901,29.000000,0.595092
0.100000,1.000000,1.355263,29.298272,1.870968,31.000000,0.575419
0.100000,0.052544,1.823529,26.892125,1.743590,13.000000,0.645833
0.100000,0.087392,1.814815,30.000000,1.935484,32.000000,0.644737
0.142857,1.000000,1.375000,30.000000,1.523810,7.000000,0.578947
0.100000,0.122693,1.896552,19.644831,1.809524,22.000000,0.654762
0.200000,1.000000,4.500000,16.000000,2.190476,15.000000,0.818182
0.200000,1.000000,9.000000,30.000000,1.100000,5.000000,0.900000
0.027778,1.000000,2.255319,30.000000,2.277778,36.000000,0.692810
0.027778,0.774521,4.228070,29.422327,2.202260,60.000000,0.808725
0.027778,0.774521,4.228070,29.422327,2.202260,60.000000,0.808725
0.027778,1.000000,2.255319,30.000000,2.277778,36.000000,0.692810
0.058824,0.611070,4.580645,29.453764,2.069231,40.000000,0.820809
0.058824,0.775185,3.142857,29.631276,1.757353,17.000000,0.758621
0.200000,0.115112,2.500000,28.071429,1.527473,14.000000,0.714286
0.200000,0.133213,2.500000,28.071429,1.527473,14.000000,0.714286
0.076923,1.000000,1.631579,19.286331,1.659341,14.000000,0.620000
0.076923,0.507981,1.684211,28.555236,1.589744,13.000000,0.627451
0.200000,0.133213,2.500000,28.071429,1.527473,14.000000,0.714286
0.047619,0.218044,1.967213,27.819725,2.491694,43.000000,0.662983
0.047619,0.218044,1.967213,27.819725,2.491694,43.000000,0.662983
0.100000,0.122788,2.593750,28.181423,1.860000,25.000000,0.721739
0.040000,0.661578,2.648649,26.835332,2.215909,33.000000,0.725926
0.040000,0.118312,2.371429,29.613733,1.860000,25.000000,0.703390
0.031250,0.149189,1.872727,29.178922,2.020161,32.000000,0.651899
0.031250,1.000000,1.967213,26.740900,2.491694,43.000000,0.662983
0.031250,0.149189,1.872727,29.178922,2.020161,32.000000,0.651899
0.031250,1.000000,1.967213,26.740900,2.491694,43.000000,0.662983
0.111111,0.014976,1.533333,24.238977,1.361111,9.000000,0.605263
0.111111,0.000000,2.782609,30.000000,1.770563,22.000000,0.735632
0.076923,0.466055,2.024390,28.225646,1.910769,26.000000,0.669355
0.142857,1.000000,1.521739,26.836826,1.891304,24.000000,0.603448
0.142857,0.848891,4.666667,29.120389,2.218855,55.000000,0.823529
0.142857,0.094869,3.500000,23.579595,1.758242,14.000000,0.777778
0.062500,1.000000,1.521739,26.836826,1.891304,24.000000,0.603448
0.062500,0.041961,2.600000,29.484532,1.783333,16.000000,0.722222
0.250000,1.000000,1.340909,27.902345,1.891775,22.000000,0.572816
0.071429,1.000000,1.647059,30.000000,1.686275,18.000000,0.622222
0.052632,1.000000,3.454545,27.690386,1.614035,19.000000,0.775510
0.052632,0.598424,1.732143,22.999784,2.172673,37.000000,0.633987
0.142857,1.000000,2.538462,30.000000,1.685714,15.000000,0.717391
0.142857,1.000000,2.715789,27.551021,1.942177,49.000000,0.730878
0.111111,1.000000,1.555556,30.000000,1.611111,9.000000,0.608696
0.068966,1.000000,1.421053,21.699942,1.883333,25.000000,0.586957
0.068966,1.000000,2.674157,30.000000,1.863636,45.000000,0.727829
0.090909,1.000000,1.869565,29.657287,1.691667,16.000000,0.651515
0.090909,1.000000,2.777778,27.880937,1.654545,11.000000,0.735294
0.066667,0.322030,2.263158,29.969698,1.590476,15.000000,0.693548
0.066667,1.000000,2.341772,30.000000,1.728571,36.000000,0.700758
0.090909,1.000000,2.267857,30.000000,1.751724,30.000000,0.693989
0.068966,1.000000,2.674157,30.000000,1.863636,45.000000,0.727829
0.068966,1.000000,1.421053,21.699942,1.883333,25.000000,0.586957
0.142857,1.000000,2.538462,30.000000,1.685714,15.000000,0.717391
0.142857,1.000000,2.715789,27.551021,1.942177,49.000000,0.730878
0.090909,0.847090,2.421053,24.802664,2.292398,19.000000,0.707692
0.100000,1.000000,2.687500,27.873470,1.942177,49.000000,0.728814
0.100000,0.197397,1.692308,30.000000,1.511111,10.000000,0.628571
0.100000,1.000000,2.715789,27.551021,1.942177,49.000000,0.730878
0.090909,1.000000,2.662338,27.985510,1.771930,39.000000,0.726950
0.200000,1.000000,2.650602,30.000000,1.862680,43.000000,0.726073
0.100000,0.197397,1.692308,30.000000,1.511111,10.000000,0.628571
0.100000,1.000000,2.715789,27.551021,1.942177,49.000000,0.730878
0.090909,0.870597,2.421053,24.802664,2.292398,19.000000,0.707692
0.090909,0.870597,2.421053,24.802664,2.292398,19.000000,0.707692
0.100000,1.000000,2.580000,30.000000,1.942177,49.000000,0.720670
0.090909,1.000000,2.662338,27.985510,1.771930,39.000000,0.726950
0.090909,0.847090,2.421053,24.802664,2.292398,19.000000,0.707692
0.125000,1.000000,6.333333,30.000000,1.321429,8.000000,0.863636
0.125000,1.000000,2.537037,29.411765,1.958431,51.000000,0.717277
0.125000,1.000000,6.333333,30.000000,1.321429,8.000000,0.863636
0.125000,1.000000,2.537037,29.411765,1.958431,51.000000,0.717277
0.090909,1.000000,2.267857,30.000000,1.751724,30.000000,0.693989
0.066667,1.000000,2.341772,30.000000,1.728571,36.000000,0.700758
0.066667,0.322030,2.263158,29.969698,1.590476,15.000000,0.693548
0.200000,1.000000,2.650602,30.000000,1.862680,43.000000,0.726073
0.100000,1.000000,2.687500,27.873470,1.942177,49.000000,0.728814
0.100000,1.000000,2.580000,30.000000,1.942177,49.000000,0.720670
0.250000,0.366882,3.888889,27.692308,1.602564,13.000000,0.795455
0.100000,0.393039,1.578947,10.153747,1.333333,10.000000,0.612245
0.076923,0.004608,3.533333,28.496800,1.895238,21.000000,0.779412
0.045455,1.000000,1.615385,18.069154,1.783550,22.000000,0.617647
0.045455,0.019421,1.253731,30.000000,1.908832,27.000000,0.556291
0.125000,1.000000,2.888889,27.712132,1.820513,13.000000,0.742857
0.125000,0.603868,1.714286,22.532373,1.642857,8.000000,0.631579
0.076923,0.200335,2.000000,28.998976,1.865047,39.000000,0.666667
0.076923,1.000000,2.000000,22.248950,1.717949,13.000000,0.666667
0.125000,0.536380,3.500000,27.268822,1.250000,8.000000,0.777778
0.125000,1.000000,1.615385,18.069154,1.783550,22.000000,0.617647
0.076923,1.000000,1.615385,18.069154,1.783550,22.000000,0.617647
0.166667,1.000000,1.500000,29.123856,2.048276,30.000000,0.600000
0.125000,1.000000,2.888889,27.712132,1.820513,13.000000,0.742857
0.125000,0.603868,1.714286,22.532373,1.642857,8.000000,0.631579
0.045455,0.040211,2.257143,28.601629,2.265495,47.000000,0.692982
0.045455,1.000000,1.615385,18.069154,1.783550,22.000000,0.617647
0.058824,1.000000,1.615385,18.069154,1.783550,22.000000,0.617647
0.058824,0.321380,1.708333,26.492767,1.698529,17.000000,0.630769
0.142857,0.392706,4.000000,27.967512,1.047619,7.000000,0.800000
0.035714,0.321872,2.135135,29.241817,1.830108,31.000000,0.681034
0.125000,1.000000,1.866667,30.000000,1.490909,11.000000,0.651163
0.125000,0.669764,1.736842,24.600444,1.530303,12.000000,0.634615
0.062500,1.000000,2.071429,29.012264,2.029885,30.000000,0.674419
0.062500,0.779055,2.083333,27.421643,1.616667,16.000000,0.675676
0.076923,0.556283,3.117647,27.844076,2.168831,22.000000,0.757143
0.076923,1.000000,2.133333,29.622935,1.628205,13.000000,0.680851
0.076923,1.000000,2.285714,28.319275,1.628205,13.000000,0.695652
0.076923,0.556283,3.117647,27.844076,2.168831,22.000000,0.757143
0.076923,1.000000,2.133333,29.622935,1.628205,13.000000,0.680851
0.166667,0.029875,3.794872,29.633493,1.741935,31.000000,0.791444
0.111111,0.685562,3.767123,26.125427,2.039548,60.000000,0.790230
0.111111,1.000000,19.000000,29.324691,1.527778,9.000000,0.950000
0.066667,1.000000,1.400000,16.556669,1.928105,18.000000,0.583333
0.083333,0.520576,2.470588,28.160607,2.214103,40.000000,0.711864
0.083333,0.833326,1.909091,19.936167,1.757576,12.000000,0.656250
0.200000,1.000000,3.500000,30.000000,1.300000,5.000000,0.777778
0.166667,0.058420,2.782609,26.867952,1.770563,22.000000,0.735632
0.166667,1.000000,10.000000,26.048008,1.400000,6.000000,0.909091
0.200000,0.284203,4.500000,29.387790,1.696970,12.000000,0.818182
0.200000,0.009174,2.666667,30.000000,1.200000,5.000000,0.727273
0.200000,0.166529,1.357143,25.863752,1.861472,22.000000,0.575758
0.045455,0.166529,1.357143,25.863752,1.861472,22.000000,0.575758
0.045455,0.037328,3.363636,29.437331,1.741935,31.000000,0.770833
0.250000,1.000000,4.000000,29.096297,1.333333,4.000000,0.800000
0.250000,0.295165,3.000000,26.104440,2.133333,15.000000,0.750000
0.250000,1.000000,4.400000,29.471606,1.533333,10.000000,0.814815
0.250000,1.000000,4.000000,23.198757,1.333333,4.000000,0.800000
0.083333,0.328326,2.076923,30.000000,1.712121,12.000000,0.675000
0.083333,0.004525,9.166667,28.125000,1.541667,16.000000,0.901639
0.125000,1.000000,3.826923,29.223192,2.054106,46.000000,0.792829
0.166667,0.608829,2.000000,25.361659,1.466667,6.000000,0.666667
0.111111,0.484187,1.884615,30.000000,1.740741,27.000000,0.653333
0.111111,0.484187,1.884615,30.000000,1.740741,27.000000,0.653333
0.200000,0.590714,1.500000,27.442917,1.781818,11.000000,0.600000
0.090909,1.000000,2.421053,24.802664,2.292398,19.000000,0.707692
0.090909,1.000000,3.631579,30.000000,2.054579,47.000000,0.784091
0.142857,1.000000,2.050000,29.625114,1.792208,22.000000,0.672131
0.111111,0.482224,1.500000,29.607145,1.839080,30.000000,0.600000
0.125000,1.000000,3.826923,29.223192,2.054106,46.000000,0.792829
0.090909,1.000000,2.421053,24.802664,2.292398,19.000000,0.707692
0.090909,1.000000,3.631579,30.000000,2.054579,47.000000,0.784091
0.066667,0.018018,1.431373,30.000000,1.800725,24.000000,0.588710
0.111111,1.000000,2.222222,30.000000,1.666667,10.000000,0.689655
0.100000,1.000000,1.470588,30.000000,1.618182,11.000000,0.595238
0.100000,0.551943,1.470588,30.000000,1.618182,11.000000,0.595238
0.142857,0.279756,2.085714,28.624626,1.903333,25.000000,0.675926
0.071429,0.714799,2.022222,29.433629,1.846154,26.000000,0.669118
0.142857,0.279756,2.085714,28.624626,1.903333,25.000000,0.675926
0.071429,0.714799,2.022222,29.433629,1.846154,26.000000,0.669118
0.066667,1.000000,2.338983,28.649873,2.585884,49.000000,0.700508
0.066667,0.000000,2.125000,30.000000,1.752381,15.000000,0.680000
0.040000,0.888165,2.338983,28.649873,2.585884,49.000000,0.700508
0.040000,0.000000,4.941176,30.000000,1.786667,25.000000,0.831683
0.045455,0.885237,2.338983,28.948933,2.585884,49.000000,0.700508
0.045455,1.000000,2.338983,28.948933,2.585884,49.000000,0.700508
0.090909,1.000000,2.512821,30.000000,2.215909,33.000000,0.715328
0.040000,1.000000,2.338983,28.649873,2.585884,49.000000,0.700508
0.040000,0.000000,4.941176,30.000000,1.786667,25.000000,0.831683
0.045455,1.000000,2.338983,28.948933,2.585884,49.000000,0.700508
0.052632,0.186285,1.946429,28.016554,1.965726,32.000000,0.660606
0.041667,0.098073,4.210526,28.845156,1.771739,24.000000,0.808081
0.041667,1.000000,2.255319,30.000000,2.277778,36.000000,0.692810
0.045455,1.000000,2.338983,28.948933,2.585884,49.000000,0.700508
0.029412,1.000000,2.338983,28.649873,2.585884,49.000000,0.700508
0.029412,0.000000,2.142857,28.414795,1.967914,34.000000,0.681818
0.090909,1.000000,2.512821,30.000000,2.215909,33.000000,0.715328
0.029412,0.000000,2.142857,28.414795,1.967914,34.000000,0.681818
0.029412,1.000000,2.338983,28.649873,2.585884,49.000000,0.700508
0.052632,0.563370,1.945455,30.000000,2.030303,33.000000,0.660494
0.125000,0.627851,2.514286,29.337021,1.846154,26.000000,0.715447
0.041667,0.098073,4.210526,28.845156,1.771739,24.000000,0.808081
0.041667,1.000000,2.255319,30.000000,2.277778,36.000000,0.692810
0.030303,0.334039,1.813559,30.000000,2.030303,33.000000,0.644578
0.030303,1.000000,2.338983,28.649873,2.585884,49.000000,0.700508
0.030303,1.000000,2.338983,28.649873,2.585884,49.000000,0.700508
0.030303,0.334039,1.813559,30.000000,2.030303,33.000000,0.644578
0.029412,0.000000,2.142857,28.414795,1.967914,34.000000,0.681818
0.029412,1.000000,2.338983,28.649873,2.585884,49.000000,0.700508
0.030303,1.000000,2.338983,28.649873,2.585884,49.000000,0.700508
0.030303,0.334039,1.813559,30.000000,2.030303,33.000000,0.644578
0.066667,0.134660,2.172414,29.171429,1.946218,35.000000,0.684783
0.066667,0.888165,2.338983,28.649873,2.585884,49.000000,0.700508
0.066667,0.000000,2.125000,30.000000,1.752381,15.000000,0.680000
0.166667,0.000000,1.333333,25.487604,1.533333,6.000000,0.571429
0.166667,0.936422,1.934426,30.000000,1.805419,29.000000,0.659218
0.166667,1.000000,1.800000,25.000000,1.400000,6.000000,0.642857
0.250000,1.000000,1.900000,30.000000,1.500000,9.000000,0.655172
0.052632,0.034971,3.631579,30.000000,1.649123,19.000000,0.784091
0.052632,0.632095,2.727273,29.839885,1.924242,33.000000,0.731707
0.200000,0.824038,2.736842,29.955878,1.874384,29.000000,0.732394
0.052632,0.034971,3.631579,30.000000,1.649123,19.000000,0.784091
0.052632,0.632095,2.727273,29.839885,1.924242,33.000000,0.731707
0.200000,0.192624,2.600000,28.634411,1.783333,16.000000,0.722222
0.166667,0.849176,2.536585,29.648543,1.874384,29.000000,0.717241
0.166667,0.830090,1.571429,23.987036,1.266667,6.000000,0.611111
0.250000,1.000000,3.000000,30.000000,1.538462,13.000000,0.750000
0.166667,1.000000,4.000000,27.331686,1.466667,6.000000,0.800000
0.045455,0.359821,1.217391,30.000000,1.908832,27.000000,0.549020
0.111111,0.013333,4.500000,26.692383,1.250000,9.000000,0.818182
0.045455,0.036755,2.323944,29.219112,2.252660,48.000000,0.699153
0.055556,0.284562,1.958333,28.779796,1.692810,18.000000,0.661972
0.200000,0.087161,2.000000,30.000000,1.555556,9.000000,0.666667
0.142857,0.409168,2.400000,21.719621,1.476190,7.000000,0.705882
0.142857,0.924393,2.382353,24.032218,1.747619,21.000000,0.704348
0.047619,1.000000,2.739130,15.014778,1.700000,21.000000,0.732558
0.047619,1.000000,3.195122,28.907805,1.971550,38.000000,0.761628
0.111111,0.788955,3.400000,14.611398,2.384058,24.000000,0.772727
0.090909,0.518528,1.507246,29.635820,1.889113,32.000000,0.601156
0.052632,1.000000,2.952381,29.536716,1.878788,22.000000,0.746988
0.047619,1.000000,1.232558,23.221185,1.885714,21.000000,0.552083
0.047619,0.030568,2.730769,28.526907,1.829710,24.000000,0.731959
0.090909,1.000000,2.171429,30.000000,1.761905,22.000000,0.684685
0.250000,1.000000,2.933333,28.347023,1.990553,39.000000,0.745763
0.071429,0.928766,2.791667,29.899939,2.256614,28.000000,0.736264
0.071429,1.000000,1.526316,27.857143,1.747253,14.000000,0.604167
0.125000,0.239469,1.529412,22.199386,1.666667,13.000000,0.604651
0.125000,1.000000,5.333333,27.368352,1.428571,8.000000,0.842105
0.142857,0.654639,1.761905,30.000000,1.685714,15.000000,0.637931
0.071429,0.569527,1.500000,30.000000,1.703297,14.000000,0.600000
0.142857,0.240086,3.000000,22.582128,1.428571,7.000000,0.750000
0.142857,0.569527,1.500000,30.000000,1.703297,14.000000,0.600000
0.055556,0.142221,1.928571,29.788227,1.647059,18.000000,0.658537
0.052632,0.403637,2.545455,29.560606,1.866667,30.000000,0.717949
0.200000,1.000000,3.111111,30.000000,1.705128,13.000000,0.756757
0.090909,0.040612,1.813559,30.000000,2.030303,33.000000,0.644578
0.090909,0.065324,1.900000,19.950192,1.727273,11.000000,0.655172
0.142857,0.522424,2.227273,29.086272,1.883041,19.000000,0.690141
0.142857,0.530084,1.590909,30.000000,1.615385,14.000000,0.614035
0.071429,0.555143,1.521739,30.000000,1.615385,14.000000,0.603448
0.071429,0.268468,2.387097,29.961633,1.883077,26.000000,0.704762
0.111111,0.263462,2.361111,29.166643,2.242347,49.000000,0.702479
0.111111,0.830369,1.636364,20.000245,1.500000,9.000000,0.620690
0.111111,0.401307,3.166667,27.289894,2.222222,18.000000,0.760000
0.200000,0.377780,1.750000,24.000000,1.300000,5.000000,0.636364
0.200000,0.481905,2.142857,27.840314,1.708333,16.000000,0.681818
0.200000,0.454169,1.204545,27.805174,1.960474,23.000000,0.546392
0.200000,0.026235,2.000000,29.626925,1.000000,5.000000,0.666667
0.200000,0.021833,1.543478,23.394240,1.923333,25.000000,0.606838
0.100000,0.930670,1.604167,29.356173,2.024631,29.000000,0.616000
0.200000,0.185775,4.166667,28.891938,1.818713,19.000000,0.806452
0.066667,1.000000,2.600000,25.409331,1.733333,15.000000,0.722222
0.066667,0.217205,3.363636,27.632398,1.968661,27.000000,0.770833
0.100000,1.000000,3.000000,27.272727,1.854545,11.000000,0.750000
0.100000,0.072357,1.865385,28.998559,1.918280,31.000000,0.651007
0.142857,0.022805,2.600000,30.000000,1.380952,7.000000,0.722222
0.142857,1.000000,3.000000,27.272727,1.854545,11.000000,0.750000
0.142857,1.000000,3.857143,29.591513,1.696970,12.000000,0.794118
0.100000,0.283901,5.500000,30.000000,2.141026,13.000000,0.846154
0.076923,0.180825,2.375000,29.945905,2.039409,29.000000,0.703704
0.076923,0.283901,5.500000,30.000000,2.141026,13.000000,0.846154
0.100000,0.009151,1.461538,29.583393,1.688889,10.000000,0.593750
0.100000,1.000000,9.000000,29.335228,1.666667,10.000000,0.900000
0.100000,0.009151,1.461538,29.583393,1.688889,10.000000,0.593750
0.100000,1.000000,9.000000,29.335228,1.666667,10.000000,0.900000
0.090909,1.000000,3.800000,30.000000,1.781818,11.000000,0.791667
0.090909,0.315515,2.392857,29.845701,2.051282,27.000000,0.705263
0.100000,0.283901,5.500000,30.000000,2.141026,13.000000,0.846154
0.250000,0.424444,1.962963,27.217004,1.909091,22.000000,0.662500
0.200000,1.000000,1.303030,19.631241,1.735294,17.000000,0.565789
0.058824,1.000000,1.303030,19.631241,1.735294,17.000000,0.565789
0.058824,0.255152,1.204082,30.000000,1.942029,24.000000,0.546296
0.200000,1.000000,1.303030,19.631241,1.735294,17.000000,0.565789
0.111111,0.379712,19.000000,28.215346,1.472222,9.000000,0.950000
0.111111,0.257162,1.666667,26.687958,1.727273,12.000000,0.625000
0.250000,0.598477,3.000000,18.169181,2.173684,20.000000,0.750000
0.111111,0.095354,2.593750,29.298227,2.020690,30.000000,0.721739
0.111111,0.411280,1.777778,26.666667,1.611111,9.000000,0.640000
0.076923,0.178615,2.062500,26.312180,1.679487,13.000000,0.673469
0.076923,1.000000,1.619048,30.000000,1.564103,13.000000,0.618182
0.250000,0.324254,2.469697,26.880358,2.031650,55.000000,0.711790
0.125000,1.000000,1.625000,27.578155,1.535714,8.000000,0.619048
0.250000,0.324254,2.469697,26.880358,2.031650,55.000000,0.711790
0.076923,0.178615,2.062500,26.312180,1.679487,13.000000,0.673469
0.076923,0.178615,2.062500,26.312180,1.679487,13.000000,0.673469
0.076923,1.000000,1.619048,30.000000,1.564103,13.000000,0.618182
0.076923,0.178615,2.062500,26.312180,1.679487,13.000000,0.673469
0.076923,1.000000,1.619048,30.000000,1.564103,13.000000,0.618182
0.166667,1.000000,1.800000,25.000000,1.400000,6.000000,0.642857
0.250000,0.324254,2.469697,26.880358,2.031650,55.000000,0.711790
0.076923,1.000000,1.765957,26.019320,2.103175,28.000000,0.638462
0.076923,0.169799,2.062500,27.481144,1.679487,13.000000,0.673469
0.263158,1.000000,1.307692,30.000000,1.859649,19.000000,0.566667
0.125000,1.000000,1.833333,30.000000,1.750000,8.000000,0.647059
0.125000,0.022452,2.194444,30.000000,1.981481,28.000000,0.686957
0.083333,0.517734,3.153846,30.000000,1.378788,12.000000,0.759259
0.263158,1.000000,1.307692,30.000000,1.859649,19.000000,0.566667
0.263158,1.000000,1.307692,30.000000,1.859649,19.000000,0.566667
0.125000,1.000000,1.833333,30.000000,1.750000,8.000000,0.647059
0.125000,0.232793,1.813953,29.542805,1.945869,27.000000,0.644628
0.045455,0.009988,1.603774,23.789940,1.904762,28.000000,0.615942
0.200000,1.000000,1.210526,30.000000,1.555556,10.000000,0.547619
0.083333,0.044068,5.250000,29.723486,1.786667,25.000000,0.840000
0.090909,0.769543,2.125000,30.000000,1.615385,13.000000,0.680000
0.090909,0.287883,2.545455,30.000000,1.563636,11.000000,0.717949
0.062500,0.432330,1.958333,11.940140,1.608333,16.000000,0.661972
0.076923,0.360437,1.590909,28.196782,1.761905,15.000000,0.614035
0.142857,1.000000,1.526316,27.857143,1.747253,14.000000,0.604167
0.142857,1.000000,3.400000,28.363840,1.611111,9.000000,0.772727
0.250000,0.109007,2.555556,29.934309,1.581818,11.000000,0.718750
0.066667,0.198675,1.961538,29.532564,1.751323,28.000000,0.662338
0.066667,1.000000,1.760000,27.100834,1.628571,15.000000,0.637681
0.066667,1.000000,1.760000,27.100834,1.628571,15.000000,0.637681
0.066667,0.198675,1.961538,29.532564,1.751323,28.000000,0.662338
0.083333,1.000000,1.760000,27.100834,1.628571,15.000000,0.637681
0.083333,1.000000,2.750000,28.720030,1.666667,12.000000,0.733333
0.090909,0.760940,2.115385,21.015003,2.012987,22.000000,0.679012
0.142857,0.760940,2.115385,21.015003,2.012987,22.000000,0.679012
0.111111,0.291031,3.280000,29.306464,1.903134,27.000000,0.766355
0.066667,1.000000,1.700000,30.000000,1.625000,17.000000,0.629630
0.111111,0.291031,3.280000,29.306464,1.903134,27.000000,0.766355
0.125000,0.016393,4.000000,26.731561,1.428571,8.000000,0.800000
0.045455,0.277839,1.962963,27.217004,1.909091,22.000000,0.662500
0.045455,0.905033,3.320000,30.000000,1.723333,25.000000,0.768519
0.142857,1.000000,2.555556,27.692308,1.782051,13.000000,0.718750
0.166667,0.074208,1.833333,29.245117,1.266667,6.000000,0.647059
0.083333,1.000000,2.720000,29.006845,1.735931,22.000000,0.731183
0.058824,0.004049,3.297872,30.000000,1.743952,32.000000,0.767327
0.062500,1.000000,15.333333,30.000000,1.666667,16.000000,0.938776
0.166667,0.004049,3.500000,30.000000,1.066667,6.000000,0.777778
0.200000,0.000000,1.736842,28.235294,1.573529,17.000000,0.634615
0.200000,0.000000,1.736842,28.235294,1.573529,17.000000,0.634615
0.125000,0.373062,1.800000,27.959210,1.357143,8.000000,0.642857
0.125000,0.999999,1.625000,21.644710,1.769231,14.000000,0.619048
0.125000,1.000000,2.450000,29.361398,2.414286,21.000000,0.710145
0.125000,0.389834,7.500000,30.000000,1.535714,8.000000,0.882353
0.125000,0.382236,7.500000,30.000000,1.535714,8.000000,0.882353
0.125000,1.000000,2.000000,28.236562,1.428571,8.000000,0.666667
0.125000,1.000000,2.000000,28.236562,1.428571,8.000000,0.666667
0.125000,0.382236,7.500000,30.000000,1.535714,8.000000,0.882353
0.125000,0.389834,7.500000,30.000000,1.535714,8.000000,0.882353
0.125000,1.000000,2.450000,29.361398,2.414286,21.000000,0.710145
0.043478,0.458277,2.361111,29.166643,2.242347,49.000000,0.702479
0.076923,1.000000,1.265625,29.048400,1.884058,24.000000,0.558621
0.076923,1.000000,1.282051,30.000000,1.742690,19.000000,0.561798
0.043478,0.663921,2.617647,25.020722,2.179803,29.000000,0.723577
0.043478,1.000000,1.757576,30.000000,1.814229,23.000000,0.637363
0.043478,1.000000,1.757576,30.000000,1.814229,23.000000,0.637363
0.043478,1.000000,2.617647,25.020722,2.179803,29.000000,0.723577
0.076923,1.000000,1.282051,30.000000,1.742690,19.000000,0.561798
0.142857,0.633300,1.555556,25.714286,1.333333,7.000000,0.608696
0.200000,0.633300,1.555556,25.714286,1.333333,7.000000,0.608696
0.142857,0.633300,1.555556,25.714286,1.333333,7.000000,0.608696
0.142857,0.633300,1.555556,25.714286,1.333333,7.000000,0.608696
0.250000,0.016260,1.909091,30.000000,1.444444,9.000000,0.656250
0.083333,0.497536,2.291667,29.707230,1.854354,37.000000,0.696203
0.083333,1.000000,2.555556,22.689135,1.818182,12.000000,0.718750
0.200000,0.012146,1.583333,30.000000,1.644444,10.000000,0.612903
0.200000,0.173756,2.636364,28.885323,2.025806,31.000000,0.725000
0.076923,0.113579,1.438202,29.196325,2.137320,43.000000,0.589862
0.200000,0.012146,1.583333,30.000000,1.644444,10.000000,0.612903
0.142857,0.247718,2.166667,25.278721,1.830409,19.000000,0.684211
0.062500,1.000000,2.120000,28.126184,1.591667,16.000000,0.679487
0.071429,1.000000,1.750000,30.000000,1.703297,14.000000,0.636364
0.100000,0.844073,1.777778,29.237617,1.733333,10.000000,0.640000
0.071429,1.000000,1.842105,29.702424,1.703297,14.000000,0.648148
0.055556,0.314955,3.833333,28.333333,1.751634,18.000000,0.793103
0.055556,0.314955,3.833333,28.333333,1.751634,18.000000,0.793103
0.071429,1.000000,1.750000,30.000000,1.703297,14.000000,0.636364
0.100000,0.844073,1.777778,29.237617,1.733333,10.000000,0.640000
0.055556,0.314955,3.833333,28.333333,1.751634,18.000000,0.793103
0.062500,1.000000,2.120000,28.126184,1.591667,16.000000,0.679487
0.055556,0.314955,3.833333,28.333333,1.751634,18.000000,0.793103
0.055556,0.314955,3.833333,28.333333,1.751634,18.000000,0.793103
0.055556,0.314955,3.833333,28.333333,1.751634,18.000000,0.793103
0.062500,1.000000,2.120000,28.126184,1.591667,16.000000,0.679487
0.100000,0.847644,1.777778,26.096013,1.733333,10.000000,0.640000
0.111111,0.660730,1.437500,22.079271,1.744589,22.000000,0.589744
0.058824,0.887189,1.387097,26.553085,1.735294,17.000000,0.581081
0.058824,0.642584,2.104651,29.681044,1.903600,42.000000,0.677903
0.200000,0.887189,1.387097,26.553085,1.735294,17.000000,0.581081
0.058824,0.003984,1.549020,28.894394,1.928571,28.000000,0.607692
0.058824,0.887189,1.387097,26.553085,1.735294,17.000000,0.581081
0.166667,0.265494,2.297872,28.151871,2.068182,33.000000,0.696774
0.166667,1.000000,2.000000,30.000000,1.333333,6.000000,0.666667
0.047619,0.235887,2.142857,28.401695,1.714286,21.000000,0.681818
0.047619,0.635272,2.297872,28.151871,2.068182,33.000000,0.696774
0.047619,1.000000,1.603774,23.789940,1.904762,28.000000,0.615942
0.047619,1.000000,1.489362,30.000000,1.790476,21.000000,0.598291
0.066667,1.000000,1.603774,23.789940,1.904762,28.000000,0.615942
0.066667,0.101495,1.800000,29.933498,1.657143,15.000000,0.642857
0.111111,0.145012,4.500000,28.626460,1.250000,9.000000,0.818182
0.166667,0.635272,2.297872,28.151871,2.068182,33.000000,0.696774
0.166667,1.000000,2.000000,30.000000,1.333333,6.000000,0.666667
0.043478,0.074356,1.263889,29.248101,1.896825,28.000000,0.558282
0.034483,0.017023,1.236842,29.790421,1.913793,29.000000,0.552941
0.034483,0.635272,2.297872,28.151871,2.068182,33.000000,0.696774
0.166667,0.444164,2.068966,30.000000,1.649123,19.000000,0.674157
0.100000,0.257343,5.666667,29.719830,1.244444,10.000000,0.850000
0.100000,0.635272,2.297872,28.151871,2.068182,33.000000,0.696774
0.052632,0.261963,2.076923,28.513931,1.684211,19.000000,0.675000
0.055556,1.000000,2.387097,29.961633,1.883077,26.000000,0.704762
0.055556,0.523859,4.000000,29.181908,1.823529,18.000000,0.800000
0.090909,1.000000,2.933333,28.034394,1.888889,19.000000,0.745763
0.090909,0.567551,3.000000,27.272727,1.745455,11.000000,0.750000
0.090909,0.567551,3.000000,27.272727,1.745455,11.000000,0.750000
0.090909,1.000000,2.933333,28.034394,1.888889,19.000000,0.745763
0.090909,1.000000,2.933333,28.034394,1.888889,19.000000,0.745763
0.090909,0.567551,3.000000,27.272727,1.745455,11.000000,0.750000
0.090909,1.000000,2.933333,28.034394,1.888889,19.000000,0.745763
0.090909,0.567551,3.000000,27.272727,1.745455,11.000000,0.750000
0.166667,1.000000,3.333333,29.401343,1.857708,23.000000,0.769231
0.250000,1.000000,2.303030,29.431124,1.886040,27.000000,0.697248
0.100000,0.858288,1.800000,24.009576,1.666667,10.000000,0.642857
0.100000,0.565891,2.000000,28.351471,1.757353,17.000000,0.666667
0.200000,0.980174,2.250000,30.000000,1.666667,10.000000,0.692308
0.200000,0.575035,1.733333,29.917435,1.883041,19.000000,0.634146
0.200000,0.063409,3.000000,27.896348,1.696970,12.000000,0.750000
0.250000,1.000000,2.230769,30.000000,1.782051,13.000000,0.690476
0.250000,0.747156,2.230769,30.000000,1.782051,13.000000,0.690476
0.250000,1.000000,2.230769,30.000000,1.782051,13.000000,0.690476
0.076923,0.732974,2.230769,23.768044,1.782051,13.000000,0.690476
0.076923,0.231337,2.339286,28.214568,1.971429,36.000000,0.700535
0.076923,0.231337,2.339286,28.214568,1.971429,36.000000,0.700535
0.076923,0.925098,2.230769,23.768044,1.782051,13.000000,0.690476
0.076923,0.925098,2.230769,23.768044,1.782051,13.000000,0.690476
0.076923,0.231337,2.339286,28.214568,1.971429,36.000000,0.700535
0.125000,1.000000,3.857143,30.000000,1.733990,29.000000,0.794118
0.125000,0.830515,3.666667,27.841801,1.848485,12.000000,0.785714
0.200000,0.032272,1.500000,30.000000,1.722222,9.000000,0.600000
0.200000,1.000000,1.666667,26.798224,1.500000,5.000000,0.625000
0.071429,0.069341,1.782609,28.131667,1.609524,15.000000,0.640625
0.071429,0.780301,3.400000,24.433186,1.967033,14.000000,0.772727
0.071429,0.780301,3.400000,24.433186,1.967033,14.000000,0.772727
0.071429,0.413207,1.890909,28.326740,1.943350,29.000000,0.654088
0.071429,0.069341,1.782609,28.131667,1.609524,15.000000,0.640625
0.071429,0.894318,3.400000,24.433186,1.967033,14.000000,0.772727
0.200000,0.488601,5.000000,27.642868,1.000000,5.000000,0.833333
0.200000,0.817693,1.640000,16.108571,1.758333,16.000000,0.621212
0.200000,0.062345,1.653846,29.717442,1.907692,26.000000,0.623188
0.090909,0.470306,4.380952,29.571600,1.736667,25.000000,0.814159
0.090909,0.595206,1.666667,21.934450,1.636364,11.000000,0.625000
0.090909,0.263233,1.519231,29.559133,1.928571,28.000000,0.603053
0.090909,0.595206,1.666667,21.934450,1.636364,11.000000,0.625000
0.250000,0.262524,2.557692,29.299966,1.860504,35.000000,0.718919
0.055556,0.954358,2.156250,28.866696,1.673684,20.000000,0.683168
0.100000,1.000000,3.076923,28.062440,2.280702,19.000000,0.754717
0.166667,1.000000,2.285714,28.610266,1.515152,12.000000,0.695652
0.250000,1.000000,2.500000,30.000000,1.464286,8.000000,0.714286
0.250000,1.000000,2.500000,30.000000,1.464286,8.000000,0.714286
0.100000,1.000000,3.166667,27.289894,2.222222,18.000000,0.760000
0.100000,0.980501,2.250000,30.000000,1.666667,10.000000,0.692308
0.142857,1.000000,1.640000,30.000000,1.714286,15.000000,0.621212
0.200000,1.000000,1.750000,30.000000,1.300000,5.000000,0.636364
0.200000,0.516436,4.133333,30.000000,1.731602,22.000000,0.805195
0.142857,1.000000,2.068966,27.764958,1.920949,23.000000,0.674157
0.125000,0.305485,3.750000,30.000000,1.464286,8.000000,0.789474
0.125000,0.305485,3.750000,30.000000,1.464286,8.000000,0.789474
0.125000,0.305485,3.750000,30.000000,1.464286,8.000000,0.789474
0.125000,0.305485,3.750000,30.000000,1.464286,8.000000,0.789474
0.200000,1.000000,1.750000,30.000000,1.683333,16.000000,0.636364
0.200000,0.199400,2.145833,29.965602,2.054187,29.000000,0.682119
0.142857,1.000000,2.090909,27.500000,1.742424,12.000000,0.676471
0.090909,0.907800,3.000000,30.000000,1.709091,11.000000,0.750000
0.045455,0.217634,1.962963,27.217004,1.909091,22.000000,0.662500
0.125000,0.883590,2.333333,22.624888,1.500000,8.000000,0.700000
0.043478,1.000000,2.034483,30.000000,1.893281,23.000000,0.670455
0.142857,0.419839,3.277778,29.073511,1.705882,18.000000,0.766234
0.166667,1.000000,1.973333,29.900954,1.825210,35.000000,0.663677
0.043478,1.000000,2.168675,30.000000,1.880488,41.000000,0.684411
0.071429,1.000000,2.062500,23.872163,1.747253,14.000000,0.673469
0.071429,1.000000,2.057471,29.129348,1.857692,40.000000,0.672932
0.250000,1.000000,2.433333,29.155131,1.873188,24.000000,0.708738
0.200000,1.000000,2.081395,28.650630,1.857692,40.000000,0.675472
0.166667,1.000000,2.144928,29.352398,1.825210,35.000000,0.682028
0.166667,1.000000,2.355263,29.673340,1.857692,40.000000,0.701961
0.037037,1.000000,1.925000,29.166667,1.825397,36.000000,0.658120
0.037037,0.047226,1.292308,28.888889,1.908832,27.000000,0.563758
0.027027,0.130941,2.033708,30.000000,1.903600,42.000000,0.670370
0.027027,0.094207,1.921875,29.470740,1.947447,37.000000,0.657754
0.083333,1.000000,1.580645,29.333448,1.683824,17.000000,0.612500
0.166667,1.000000,2.200000,24.586390,1.266667,6.000000,0.687500
0.083333,0.121499,2.300000,29.846048,1.962462,37.000000,0.696970
0.040000,0.063794,2.525641,28.596025,2.256566,55.000000,0.716364
0.111111,1.000000,3.214286,28.998518,1.423077,13.000000,0.762712
0.200000,1.000000,2.133333,30.000000,1.515152,12.000000,0.680851
0.071429,0.956365,1.814815,30.000000,1.591667,16.000000,0.644737
0.111111,0.165224,1.962963,27.217004,1.909091,22.000000,0.662500
0.200000,1.000000,2.133333,30.000000,1.515152,12.000000,0.680851
0.071429,1.000000,1.814815,30.000000,1.591667,16.000000,0.644737
0.142857,0.451447,4.625000,26.890509,1.804348,24.000000,0.822222
0.200000,1.000000,2.133333,30.000000,1.515152,12.000000,0.680851
0.066667,0.756720,1.370370,27.878028,1.741667,16.000000,0.578125
